bus,timepoint,generator_dispatch_MVAR,load_shedding_MVAR,load_MVAR,net_line_leaving_flow_MVAR
lima,timepoint_1,-36.2809234833063,-9.974940964300128e-9,0.0,-36.28092349329843
santiago,timepoint_1,50.227752474633064,-9.974940954696962e-9,0.0,50.22775246504937
