bus,timepoint,active_load_shedding_MW,reactive_load_shedding_MVAR
lima,t_1,-9.974940966325801e-9,-9.974940964270631e-9
santiago,t_1,-9.974940966424761e-9,-9.974940965892335e-9
