time,pi_cc_d,pi_cc_q,theta_pll,gamma_pll,i_vsc_a,i_vsc_b,i_vsc_c,v_sh_a,v_sh_b,v_sh_c,i_bus_a,i_bus_b,i_bus_c,int_vdc,v_dc,i_load
0.0,0.2489566221772049,0.05087378744520468,-0.042340516845684684,0.0,0.34367531018880804,-0.48798366785066266,0.14430835766185482,1.4591625311561314,-0.8813368539757489,-0.5778256771803819,-1.13301044692981,0.27574761708316825,0.8572628298466413,-0.7903926051307938,1.0,-0.38284937243942774
0.004008016032064128,0.24895661948575554,0.05087378898334662,1.4686452348908883,-0.000015542962293653214,0.38494394213159044,0.08572985086426994,-0.4706737929950576,0.26213929362739935,1.1212716248128745,-1.3834109184402703,0.2674125644839518,-1.130547656198148,0.8631350917149985,-0.7903926057720985,0.9999999900062019,-0.38284937243942774
0.008016032064128256,0.248956618188866,0.05087379634211355,2.9796318699524718,-9.588382485302377e-6,-0.29765573985736404,0.4982323281195228,-0.20057658826139638,-1.4278241546864583,1.0153831425126207,0.41244101217383583,1.164979362925316,-0.4109030998564405,-0.7540762630681159,-0.7903926059246092,1.0000000016853652,-0.38284937243942774
0.012024048096192383,0.24895661739666977,0.05087380125079248,4.490618459893828,-5.272630892742866e-6,-0.4205282720404091,-0.026167004770042357,0.4466952768111801,-0.4328334313933384,-0.9998840702026993,1.4327175015960376,-0.1281411584138209,1.0814246997064478,-0.9532835412918994,-0.7903926056893555,1.0000000095679857,-0.38284937243942774
0.01603206412825651,0.24895661693176097,0.05087380434994292,6.001605014881364,-2.198032708598153e-6,0.24738230430732916,-0.5013606658578459,0.25397836155124226,1.3760797350066747,-1.1349178355288476,-0.24116189947782463,-1.180298421412925,0.5401856526886228,0.6401127687250181,-0.7903926051943765,1.0000000146611387,-0.38284937243942774
0.02004008016032064,0.24895661664903956,0.05087380609179736,7.512591542649,-6.268743279809497e-8,0.45010251726673306,-0.033769833582721634,-0.4163326836833357,0.5973416122662606,0.8642064156977954,-1.461548027964047,-0.012961626645760598,-1.0168463484275285,1.029807975073939,-0.7903926045360106,1.0000000178562982,-0.38284937243942774
0.024048096192384766,0.24895661658265428,0.05087380687554724,9.023578049555569,1.3738500900919292e-6,-0.19357327352974854,0.4973235597815095,-0.30375028625112316,-1.3046683412692177,1.2382322708731524,0.06643607039606081,1.1787487575691828,-0.6617479622433242,-0.517000795325218,-0.7903926037846298,1.0000000194467282,-0.38284937243942774
0.028056112224448895,0.24895661664208324,0.05087380697311916,10.53456454043602,2.293074048658783e-6,-0.47324392489538847,0.09322412371316903,0.3800198011828289,-0.7533126888034468,-0.7161776692329404,1.469490358036387,0.15387916142770194,0.937735386969144,-1.0916145483962376,-0.7903926029911117,1.0000000200006938,-0.38284937243942774
0.03206412825651302,0.24895661680903167,0.050873806605103274,12.045551019107739,2.8348788992552487e-6,0.13699769439146417,-0.48617879577452877,0.34918110138364533,1.2146110364527902,-1.3238502667710041,0.10923923031821525,-1.1603527702537197,0.7738527608975192,0.38650000935677875,-0.7903926021915009,1.000000019710848,-0.38284937243942774
0.03607214428857715,0.2489566169639462,0.05087380589476878,13.556537488487628,3.104479045338724e-6,0.4896218145670433,-0.15134605594288753,-0.3382757586236508,0.8985175513928335,0.5579134261907012,-1.4564309775835307,-0.29259751186833155,-0.8452224999869572,1.1378200118557849,-0.7903926014113426,1.0000000190739073,-0.38284937243942774
0.04008016032064128,0.24895661717549333,0.05087380499649552,15.067523950862599,3.182110179649193e-6,-0.0784641572635956,0.46808560249045966,-0.3896214452263722,-1.1071945570674817,1.3905478488872773,-0.28335329181980573,1.1253731263461682,-0.8748977518476562,-0.2504753744979899,-0.7903926006672348,1.000000018074339,-0.38284937243942774
0.044088176352705406,0.2489566174584049,0.05087380399163046,16.578510408109068,3.1306615607740363e-6,-0.4990020761030315,0.20730498955476162,0.2916970865487281,-1.0308809613890642,-0.391675578794568,1.4225565401836309,0.427134101371032,0.7406298290994393,-1.167763930470026,-0.7903925999702004,1.0000000166982446,-0.38284937243942774
0.04809619238476953,0.24895661770632227,0.05087380292331658,18.089496861447444,2.991474283708549e-6,0.01880924178272045,-0.44330264162367433,0.42449339984135487,0.9839543564864612,-1.4373720866985924,0.4534177302121212,-1.0743099246108132,0.9634389094821543,0.11087101512909632,-0.7903925993262197,1.0000000153327981,-0.38284937243942774
0.052104208416833664,0.24895661794408827,0.05087380183617821,19.600483311924194,2.797659434947318e-6,0.5012507233937658,-0.2603011374634124,-0.24094958592995966,1.1485111871469385,0.21983996192613453,-1.368351149073075,-0.5555662070876285,-0.625452214133531,1.1810184212215562,-0.7903925987381557,1.0000000139736434,-0.38284937243942774
0.05611222444889779,0.24895661819430362,0.05087380078348875,21.111469760436215,2.5756784374703483e-6,0.04111452509478717,0.4121840400802564,-0.4532985651746666,-0.8466516322169271,1.4636536368160107,-0.6170020045990813,1.0078928665787628,-1.0382107691666933,0.030317902588304836,-0.7903925982062023,1.0000000125778632,-0.38284937243942774
0.06012024048096192,0.24895661842531167,0.050873799770586495,22.62245620751719,2.3408665426413656e-6,-0.4963355451539032,0.3095771139980172,0.1867584311562467,-1.2497270929828772,-0.04486242964281709,1.294589522625699,0.6760582416925486,0.5013357296613847,-1.1773939713535797,-0.7903925977294658,1.0000000112158938,-0.38284937243942774
0.06412825651302605,0.2489566186707223,0.050873798817612184,24.133442653702108,2.1073122111310924e-6,-0.10045067650262608,-0.3751746181938598,0.4756252946968336,0.6972487436329047,-1.4690169787545442,0.77176823512164,-0.9270712182236461,1.0981447604419061,-0.17107354221791277,-0.7903925973060132,1.0000000098944135,-0.38284937243942774
0.06813627254509018,0.2489566188581006,0.05087379791535095,25.64442909911849,1.8777631970892974e-6,0.48432685548586113,-0.3544286629481417,-0.12989819253739912,1.333082089285914,-0.13075627165356624,-1.2023258176323468,-0.7868881947410616,-0.37005423239836865,1.156942427139757,-0.7903925969330273,1.0000000087448666,-0.38284937243942774
0.0721442885771543,0.2489566190802775,0.0508737970896764,27.155415544211007,1.6623727222412696e-6,0.15835121646301123,0.33280311105996724,-0.4911543275226796,-0.5378807459737993,1.4533850596915119,-0.915504313717718,0.8329998321386145,-1.1423840053481182,0.30938417320980455,-0.7903925966073988,1.0000000075741204,-0.38284937243942774
0.07615230460921843,0.24895661926842708,0.050873796314067354,28.666401989074963,1.4621430944906326e-6,-0.4653961812502148,0.39421476806036754,0.07118141319013574,-1.3973849099661078,0.3045062209819979,1.0928786889841122,0.8864720239297927,0.23348398238210277,-1.1199560063116094,-0.7903925963256763,1.0000000065134975,-0.38284937243942774
0.08016032064128256,0.24895661944744643,0.050873795609747294,30.17738843387373,1.2794887305322607e-6,-0.21398861119668475,-0.28567539790168883,0.4996640090986538,0.37082557737041916,-1.416981915831397,1.0461563384609818,-0.727023542085453,1.1702967577599275,-0.4432732156742011,-0.7903925960841462,1.0000000055497535,-0.38284937243942774
0.08416833667334668,0.2489566196265847,0.05087379497551063,31.68837487869687,1.114846514965015e-6,0.4398142340845486,-0.4283668615716584,-0.011447372512630082,1.4417166447933945,-0.4739042544433097,-0.9678123903500861,-0.9733866572791987,-0.0935768194547755,1.0669634767342453,-0.7903925958795964,1.0000000046163837,-0.38284937243942774
0.08817635270541081,0.24895661975986597,0.05087379437483019,33.199361323529146,9.661560370424466e-7,0.26656772012688745,0.2344648139489895,-0.5010325340754732,-0.19847058973771925,1.3603273968731684,-1.1618568071354531,0.6106566830901927,-1.181483730352603,0.5708270472628169,-0.7903925957091704,1.0000000038697503,-0.38284937243942774
0.09218436873747494,0.2489566199288498,0.05087379385042001,34.710347768519966,8.354156916319012e-7,-0.4079464049743108,0.456396740845579,-0.04845033587089537,-1.4654434736809019,0.6365292957985732,0.828914177882321,1.0463896667700627,-0.04766773092001342,-0.9987219358496654,-0.7903925955697199,1.0000000030499603,-0.38284937243942774
0.09619238476953906,0.24895662002308336,0.050873793348113275,36.22133421356829,7.185393477378621e-7,-0.31533708224562124,-0.1799033145730904,0.49524039681907234,0.023279095962687436,-1.284231307483928,1.2609522115212402,-0.4855624232470798,1.175785148894061,-0.6902227256466283,-0.7903925954584702,1.0000000024479307,-0.38284937243942774
0.1002004008016032,0.24895663948110358,0.050873792924979476,37.732320658791146,6.169860481041862e-7,0.37026314927791515,-0.4779110516989153,0.10764790242136682,1.4682281545540172,-0.7900580230711598,-0.6781701314828362,-1.1044374903934369,0.1882308569676327,0.9162066334261458,-0.7903925791620885,1.0000280491662403,-0.3993487980528517
0.10420841683366733,0.2490077927155285,0.050878907345900656,39.24337434897172,0.001644100734179496,0.3583497705821749,0.13566168229034278,-0.4940114528721816,0.15038737487874043,1.192790315675182,-1.343177690553934,0.3545917170914777,-1.1435078719500418,0.7889161548589171,-0.7902911206356804,1.00574249922734,-0.48133220934679893
0.10821643286573146,0.24908128197209525,0.050894297492885925,40.75470815441627,0.009804559459756917,-0.3605456310153431,0.5081471947042115,-0.14760156368861688,-1.4529898366514757,0.9294967977484182,0.5234930389030528,1.1159035358369989,-0.3070678799199865,-0.8088356559166441,-0.7899307222519184,1.0121066932654645,-0.4828218063509558
0.11222444889779558,0.24914358796081126,0.05091393496285055,42.26626023548057,0.02235817030701011,-0.39977051145275005,-0.10714748398557375,0.506917995439566,-0.31790978653396335,-1.0853672254664328,1.4032770120004001,-0.22572571478531223,1.0777071437440442,-0.8519814289574696,-0.7893317896459969,1.0176464302367048,-0.4828488715818964
0.11623246492985971,0.2491953241545281,0.05093416023749827,43.77793602165357,0.036641554637805634,0.3453241748568722,-0.5376566293458891,0.19233245448562308,1.4157943008326694,-1.0548657919368518,-0.3609285088962939,-1.1105681439175508,0.41450714769968294,0.6960609962156257,-0.7885262768512797,1.0224301110782532,-0.48284936333904227
0.12024048096192384,0.249238227134496,0.05095278775632903,45.289667265701716,0.050871151983355616,0.443254762337485,0.0667957286924242,-0.5100504910432428,0.4822934436665853,0.9625862941194442,-1.4448797377897886,0.10010173854797376,-1.007149360524952,0.9070476219650911,-0.7875427319308329,1.0265437518389249,-0.48284937227398234
0.12424849699398796,0.24927365724665979,0.050968526141577,46.80140678539202,0.06393326242395168,-0.3178681172126898,0.5614515599835801,-0.24358344278099647,-1.3593001385342665,1.1668224296434073,0.19247770889032353,1.0977275856257385,-0.5156927254106709,-0.582034860224959,-0.7864064506383535,1.0300635775318596,-0.482849372436423
0.1282565130260521,0.2493027938447501,0.050980819538899484,48.31312320415098,0.07519547525038772,-0.485736936846256,-0.016886723388267737,0.5026236602295414,-0.6410682299488571,-0.8260376300439088,1.467105859994285,0.022829414287658903,0.9309573832438165,-0.9537867975366161,-0.7851398569223904,1.0330568707041872,-0.48284937243937315
0.13226452905811623,0.2493265547469026,0.05098950692292443,49.82479651172333,0.08435529470006109,0.2794356747393817,-0.5777643314518978,0.2983286567077163,1.2839921577248803,-1.2634481068576289,-0.02054405086724556,-1.0763350397571472,0.610280233172941,0.4660548065801349,-0.7837628379186444,1.0355830641831552,-0.4828493724394267
0.13627254509018036,0.24928974848196256,0.05099050110569897,51.33637618799407,0.0903779641386004,0.5183657699700636,-0.05022584334765713,-0.46813992662644954,0.7914655501870742,0.6738194289541103,-1.465284979140828,-0.14974204805825586,-0.8539801633514897,1.0037222114065236,-0.7823781928418896,1.0304492180982279,-0.2935350942719089
0.1402805611222445,0.24915476316421106,0.050966473370633314,52.847417550944776,0.0829346099306127,-0.18154397806851372,0.5402895961572682,-0.3587456180904803,-1.1819280016265867,1.3425079934940152,-0.16057999186779692,1.0869658192093052,-0.7434062558862855,-0.34355956332469034,-0.7813905533109445,1.0189627392189118,-0.2830438600779153
0.1442885771543086,0.24903323552455758,0.050927661177167495,54.357890355751955,0.06271708403827232,-0.5151850381129616,0.1501174006113325,0.36506763749516313,-0.9409705499714215,-0.5037552213995695,1.444725771370735,0.3135550052975641,0.7913197134441944,-1.1048747187489052,-0.7808412321839495,1.008670654698678,-0.28285290552119774
0.14829659318637273,0.24893099964664434,0.0508834716456513,55.8679968058856,0.03574854189874118,0.07057488755668492,-0.4751027160992498,0.40452782854074304,1.0638485769758863,-1.4066466328154805,0.3427980558418019,-1.0940995077154514,0.8900145336021857,0.20408497410856272,-0.7806783427325877,0.999662377849661,-0.282849436634427
0.15230460921843686,0.24884528211372314,0.05083967409444239,57.377894164241226,0.006403688650963944,0.4975772989542694,-0.23068893625394135,-0.26688836270288946,1.07478661347283,0.3276293458370259,-1.4024159593098557,-0.4775100405658943,-0.7011000762253404,1.1786101167886618,-0.7808526406369851,0.9918260299394491,-0.2828493736057695
0.156312625250501,0.24877359954942324,0.050799799679976956,58.887695154286526,-0.022417080280182064,0.025072747243295973,0.4073108891318141,-0.4323836363775645,-0.9302299406364312,1.4480867886058548,-0.5178568479694303,1.0686463410945704,-1.0170208613570146,-0.05162547974000395,-0.7813194077671407,0.9850499621460467,-0.2828493724606196
0.16032064128256512,0.24871388221095891,0.05076582404384901,60.3974786534443,-0.048893149640299165,-0.4699013802155897,0.29342914242735785,0.17647223778655075,-1.1906241983774235,-0.14798815497513867,1.3386123533525773,0.6350209760515496,0.5872502629232531,-1.2222712389728936,-0.7820382988264856,0.9792278534715909,-0.28284937243981256
0.16432865731462926,0.24866434687680217,0.05073858824331981,61.907297796239625,-0.0719885938995305,-0.1066516150608425,-0.33919662817707197,0.44584824326109646,0.7833621512784161,-1.4668348172488144,0.683472665975449,-1.0140217881744187,1.1218779095977716,-0.10785612142123555,-0.7829731087877423,0.974259452145466,-0.28284937243943475
0.16833667334669336,0.2486410190880252,0.05071898758320588,63.417188554849396,-0.09117127042902912,0.4400661646789034,-0.34025007058174217,-0.09981609406066526,1.2892945226952532,-0.032061508830348195,-1.2572330138649026,-0.7788238082268513,-0.4553427861466389,1.2341665944083522,-0.7840720810160846,0.9731814750315491,-0.4445256786356934
0.1723446893787575,0.24874823526673978,0.050724288192168634,64.92749122202801,-0.0986046451192434,0.1501354432289028,0.3144794831051144,-0.46461492630559853,-0.6335025176625579,1.468112023456032,-0.8346095057949812,0.916857412489261,-1.1652675039508806,0.2484100914924578,-0.7849574086590548,0.9828173027650925,-0.482152708457943
0.17635270541082163,0.2488596198796111,0.0507510044383336,66.43844704052296,-0.08982041878527476,-0.46125820642450593,0.3710318116641611,0.09022639479517246,-1.3630240482608251,0.19926253504917515,1.163761513211918,0.8459518842379566,0.3179324646264903,-1.1638843488299655,-0.7854605223995466,0.9918764898336602,-0.48283671648019894
0.18036072144288576,0.24895278390127892,0.050787903858795544,67.94986126924317,-0.07100841819891171,-0.17756892586963444,-0.318733693449098,0.49630261934369324,0.4780209864737988,-1.4447928929652365,0.9667719064912659,-0.7950459720587848,1.1543115231269532,-0.3592655510352911,-0.7856241542448766,0.9997750562954701,-0.4828491423333759
0.1843687374749499,0.24903048472228528,0.050828258849017365,69.46156149667479,-0.047215698448315004,0.4773524731046683,-0.4084024132912261,-0.06895005978922492,1.417211835030227,-0.36457736910458527,-1.0526344659255014,-0.9000609354544102,-0.18663767004989207,1.0866986055290127,-0.7854923516374345,1.006640423373792,-0.4828493682584558
0.18837675350701402,0.24909545180424775,0.050867726822985265,70.97342310191682,-0.021873298438514252,0.21683073713189144,0.30857230544973124,-0.525403042558131,-0.31483382320999603,1.4023671017179435,-1.087533278507595,0.6756069105807184,-1.1384540650287305,0.46284715447187896,-0.7851040152109264,1.0125951533084072,-0.4828493723634605
0.19238476953907813,0.24914986836381073,0.05090366024816752,72.48535808434487,0.002783922432954869,-0.482900734578493,0.4489691474759853,0.03393158712518896,-1.4531763781640423,0.5264843270467147,0.9266920511173283,0.9471311578158927,0.06005261709791128,-1.007183774891123,-0.7844934512116974,1.0177462201155614,-0.4828493724380475
0.19639278557114226,0.24919545136512036,0.050934604863769266,73.99730578817498,0.025383036579447633,-0.26390768497501493,-0.285057079859808,0.5489647648562948,0.1462285996408909,-1.3409645681788542,1.1947359685379482,-0.5566875647938784,1.1164986839672528,-0.5598111191517656,-0.7836909552767349,1.0221871213409515,-0.4828493724394026
0.2004008016032064,0.24923316442670593,0.05095992785568284,75.5092256896123,0.04515962464250774,0.4770539902697045,-0.4890627132229163,0.012008722973576864,1.4698040550302893,-0.6823832530058143,-0.7874208020247284,-0.9864688261163036,0.06277442221571079,0.9236944039226938,-0.7827236547505272,1.0257458108790871,-0.4180499143434551
0.20440881763527052,0.2491547591733826,0.05096802607675238,77.020935196382,0.05794556217281879,0.32045342929462994,0.22110047503564478,-0.5415539043115452,0.02981412000108763,1.2549154321268456,-1.284729552129585,0.4369455534322106,-1.1095203603575163,0.6725748069444981,-0.7818424776127496,1.0170414358884015,-0.2853067957864728
0.20841683366733466,0.24903431804254655,0.05095044008899727,78.53200758181426,0.05434397841586685,-0.3924237349351492,0.4991473733022199,-0.10672363835070886,-1.46151802451077,0.8365831739562395,0.6249348505544648,1.0813112443122324,-0.21723868443394043,-0.8640725598644342,-0.7813626688800375,1.0070922807604095,-0.28289402323494317
0.2124248496993988,0.2489316672752191,0.05091985715595296,80.04257551570588,0.03912698174377028,-0.37430497567288573,-0.11183691707141595,0.486141892755305,-0.21371444104497597,-1.1500071838127477,1.3637216248571078,-0.3054458873043604,1.129090892124083,-0.8236450048065307,-0.7812576668952129,0.998346105829837,-0.2828501838364175
0.21643286573146292,0.2488461338184818,0.05088419684386234,81.55282430177824,0.01780069845357927,0.29941650053224367,-0.4911652178362946,0.19174871731443632,1.4354311649424805,-0.9809530991344021,-0.45447806580810735,-1.1663800499364243,0.3808681251561239,0.7855119247889912,-0.7814800234005047,0.9907391388568378,-0.2828493871824124
0.22044088176352702,0.24877505089603608,0.050848491072419164,83.062891250722,-0.00579487998444991,0.4101560517533157,0.015839774219560267,-0.42599582596421176,0.39262583231267045,1.028276824764278,-1.4209026570769359,0.15872172151915928,-1.116999283647435,0.9582775621369274,-0.7819862397046615,0.9841638338845642,-0.2828493727072961
0.22444889779559116,0.24871616983521144,0.050815839455798414,84.57287446791099,-0.029116381117058797,-0.2123627218855468,0.47193834212846264,-0.259575620234274,-1.387265569656662,1.108820675817555,0.2784448938391282,1.2227969229904105,-0.5408486460269442,-0.6819482769548747,-0.7827370549670227,0.9785169151708974,-0.282849372444295
0.2284569138276553,0.24866762534474668,0.05078797654030414,86.08284234826547,-0.05056803107131355,-0.431206611217003,0.06728816719685414,0.3639184440266212,-0.5640538162476129,-0.8916825470000367,1.4557363632472238,-0.0025214497007644346,1.0754583299551643,-1.0729368802462385,-0.7836972296286342,0.9737011305356519,-0.2828493724395162
0.23246492985971942,0.24862786119884298,0.050765691301541814,87.59284099069828,-0.06923529714231338,0.1317889571473465,-0.4444308279261013,0.31264187078728367,1.3182597781805423,-1.2188109549722557,-0.09944882320904751,-1.2510426875083356,0.6926199999439894,0.5584226875756672,-0.784835290503709,0.9696258640226416,-0.28284937243942937
0.23647294589178355,0.2486584697817414,0.050754097165876456,89.10294971065957,-0.08345712486129231,0.4461763304257048,-0.12668337621316889,-0.3194929542058406,0.7255721578273026,0.746671259684337,-1.4722434175127892,-0.1511068254693614,-1.000575541768144,1.1516823672443377,-0.7860230109218967,0.974110913598344,-0.47410221921582146
0.24048096192384769,0.24878130196870363,0.050769386839571565,90.61362915576314,-0.08266901953460411,-0.11039467561126155,0.45497526770872093,-0.34458059209408487,-1.2382956485271108,1.3094734404666968,-0.07117779193953133,1.2077734559400612,-0.7869672413648542,-0.4208062145720238,-0.7868538672410246,0.9842876405171814,-0.48269056051183756
0.2444889779559118,0.2488899401519171,0.050800425213445397,92.12488127892496,-0.06837446055459012,-0.4779142810350223,0.14691977673723877,0.3309945043013664,-0.8659694537620483,-0.598276131934118,1.464245585697551,0.2687432693267703,0.8799692048274271,-1.1487124741521708,-0.7872988164210041,0.9933026030656125,-0.48284648298163657
0.24849699398797592,0.24898057313799854,0.05083824918471528,93.63650699639231,-0.04659087578133179,0.09794180875061856,-0.47684377318400845,0.37890196443725327,1.1391321924197952,-1.3769838328966462,0.23785164047673957,-1.1345765371792027,0.8480164757385331,0.2865600614450403,-0.7874063709439988,1.001147345647927,-0.48284931999133773
0.25250501002004005,0.24905630573769405,0.05087721533813518,95.14835406708347,-0.021644043033712257,0.5096378818039785,-0.18055349596094525,-0.3290843858388447,0.9960227216894532,0.4403971518867835,-1.4364198735764742,-0.37785519962615194,-0.7615914736785315,1.1394466733093338,-0.7872206203458257,1.0079605616255345,-0.48284937148540363
0.2565130260521042,0.24911974020303787,0.050913830162567515,96.66031439932792,0.0036006132840952785,-0.07010550005702249,0.489030452844544,-0.41892495278317105,-1.0241998426239243,1.4272212288151265,-0.40302138619120853,1.0598941539018518,-0.902267056801804,-0.1576270970957016,-0.7867803763673763,1.0138656234223216,-0.4828493724220941
0.2605210420841683,0.24917292955903655,0.05094603528158729,98.17231253843657,0.027325430480350604,-0.5374533841605317,0.22424501652979523,0.3132083676344756,-1.1140774502183755,-0.27537582949607975,1.3894532797144021,0.48038338926400587,0.6443298687753579,-1.1247132580354937,-0.7861198435677104,1.0189696290835624,-0.48284937243911275
0.26452905811623245,0.24921749755160433,0.050972802663053735,99.68429745071916,0.048465437920723026,0.02988661829119106,-0.49047919492727604,0.46059257663830405,0.8947402333813586,-1.4588181569641394,0.5640779235822175,-0.9817612456799464,0.9492181382809313,0.03254310740232995,-0.7852692123128843,1.0233660940999303,-0.48284937243942194
0.2685370741482966,0.24923140881266503,0.05099266147001604,101.19623162752542,0.06637278200804672,0.553187381203686,-0.2760364579191259,-0.27715092327945545,1.2161167676097504,0.10455485345508281,-1.320671621064792,-0.580450545587617,-0.5268392162413442,1.1072897618338817,-0.7842827770996408,1.023292812229627,-0.31315993286728677
0.2725450901803607,0.24911826488842023,0.050987367419835575,102.70774418075261,0.07242263876900472,0.04988191609898867,0.4366966271103431,-0.48657854320544325,-0.7440593125859689,1.4664431840184418,-0.7223838714333544,0.9200425690254254,-1.0285020060444376,0.10845943702536628,-0.7835493124910048,1.0132094561610754,-0.2834001765276345
0.27655310621242485,0.24900498322441497,0.05096158884605553,104.21862827950014,0.0629768127547774,-0.5081789000929957,0.3395335351814867,0.16864536491134346,-1.3082715300153873,0.07977426849721275,1.2284972615172176,0.7339225502428361,0.40592956002741815,-1.139852110266846,-0.7832117751760427,1.0038357127640745,-0.2828593804609183
0.280561122244489,0.24890998418422444,0.05092628152799728,105.72907811973869,0.04413975618400189,-0.14288676602670103,-0.3456755956797278,0.4885623617029855,0.5801674484230303,-1.4570627531325713,0.8768953047074701,-0.8575742835299572,1.1285152106829612,-0.27094092715077844,-0.7832260009172146,0.9956439224824973,-0.2828495543048658
0.28456913827655306,0.2488308971111954,0.05088813950014309,107.23926157518859,0.020790318575904417,0.45391041140530297,-0.3851967082921539,-0.0687137031123755,1.3812717235746244,-0.26176977580928534,-1.1195019477652897,-0.877941265381393,-0.26757968233723695,1.1455209477191446,-0.7835464891820407,0.9885354098709547,-0.2828493757410514
0.2885771543086172,0.2487651855244634,0.05085138469941475,108.74930059508881,-0.0037484658844277275,0.2184612584358751,0.2591120805362697,-0.4775733389716942,-0.40871419512421653,1.4250975782880881,-1.0163833831638667,0.7679439649816955,-1.201036176991408,0.43309221201016335,-0.7841319436268659,0.9824050010998122,-0.28284937249947295
0.2925851703406813,0.2487107921551262,0.05081858840925961,110.25928184623177,-0.027307658995086644,-0.39613716229001283,0.41491085125084415,-0.018773688960420587,-1.4323469013729735,0.43820875310873697,0.9941381482642019,1.0041651447986268,0.1166207373055107,-1.1207858821036571,-0.7849451771895124,0.9771530527060042,-0.28284937244051866
0.29659318637274545,0.24866598441616333,0.05079108471113454,111.76926499345969,-0.04856587336160126,-0.2787897097409835,-0.17806425081140975,0.456853960552487,0.23230221426094105,-1.3715100972508518,1.1392078829903218,-0.655894946419652,1.2457606581551153,-0.5898657117353269,-0.7859528790581571,0.9726859972990427,-0.2828493724394476
0.3006012024048096,0.24863073134956792,0.0507694005204545,113.27928961199362,-0.06680459727830113,0.3376462694729807,-0.4319227029327961,0.0942764334514937,1.4615694328015798,-0.6068723746008154,-0.8546970582053917,-1.1100438452111527,0.04150558051307607,1.0685382646962478,-0.787124143024808,0.969484458932822,-0.37372589544778656
0.3046092184368737,0.24871794878896172,0.0507661876180759,114.78956167561348,-0.07731108280690836,0.31842829230724856,0.13397464953645266,-0.452402941829114,-0.058571371784513715,1.3037199645855242,-1.2451485928007333,0.5244750147833653,-1.2384461614347733,0.7139711466653196,-0.7881817292176401,0.978644415460634,-0.48086719652348703
0.30861723446893785,0.24883811819780766,0.050787401052218156,116.30048098056339,-0.07141753821694646,-0.3460216382878076,0.4610766719198479,-0.11505503362038719,-1.4723849295887907,0.757651558020264,0.7147333715660066,1.1288236236315585,-0.1700371583300948,-0.9587864652896516,-0.7888364239964717,0.9884806740952677,-0.48281332379352465
0.312625250501002,0.2489396700623431,0.05082059314895527,117.81189501433535,-0.054358787493088936,-0.3493636716883531,-0.12863190084124526,0.47799557254306313,-0.10846996848827117,-1.2173066051553871,1.325776573644436,-0.3879885323538797,1.1716137083358191,-0.7836251759690309,-0.7891218658659384,0.9970764492801496,-0.48284871737032364
0.3166332665330661,0.24902430990842692,0.05085829260363432,119.32361963711713,-0.03156941936351049,0.3508469157363793,-0.4942031666767447,0.14335625095461957,1.4593589436826342,-0.8961656909931359,-0.563193252688768,-1.1277496968561451,0.28499194892954255,0.8427577479411016,-0.789085780068886,1.0045487571979392,-0.4828493605370425
0.32064128256513025,0.24909503904413563,0.05089576002777001,120.83552055985214,-0.0067812465865476285,0.38821738779414366,0.10719876212037803,-0.4954161499009555,0.27576517642654014,1.1140714399697806,-1.389836616396312,0.2572230501548729,-1.1031693991648965,0.8459463490237911,-0.7887704365833279,1.0110324455530373,-0.4828493722233326
0.3246492985971944,0.24915423873085663,0.050930042292143964,122.34750280472066,0.01756246288333543,-0.34158828483501036,0.5252002539604966,-0.1836119691131518,-1.4271358203236995,1.0242397393229117,0.4028960810007879,1.1214554638072411,-0.39324033468482594,-0.7282151291100808,-0.7882130502813993,1.0166449574658578,-0.48284937243549764
0.3286573146292585,0.249203806301654,0.050959539592223387,123.85950118527236,0.0399583484843795,-0.43066123070923457,-0.07217127121155893,0.5028325019330189,-0.4408012827720872,-0.9953077030105607,1.4361089857826816,-0.13039938010843966,1.0316161188653885,-0.9012167387450356,-0.7874464361019867,1.0214887879861467,-0.48284937243935633
0.33266533066132264,0.2492452334622066,0.050983495718481424,125.37147192800923,0.059554463000015705,0.31924899744046026,-0.5511504426215307,0.23190144519883216,1.3756252711277646,-1.1395778566490633,-0.2360474144776093,-1.1085757146673663,0.4952627896925114,0.6133129249891638,-0.7864995729205405,1.0256532767706743,-0.48284937243942644
0.3366733466933867,0.24921022004210686,0.05099599162600215,126.88332620621078,0.07445720797908287,0.4683783821280966,0.011856866491311235,-0.4802352485979079,0.601795877762334,0.8576931484554894,-1.4594890262167612,0.00016875151830722523,-0.9645217789345657,0.9643530274326126,-0.7855132427399352,1.0206873092712943,-0.29015692731555304
0.34068136272545085,0.24908884534409206,0.05098114135739641,128.39459739821825,0.07399911128860705,-0.22890359350670478,0.5275541805474273,-0.29865058709216574,-1.2969330093892573,1.2414204754406877,0.05551253394974209,1.1363714954329063,-0.6359640923080752,-0.500407403158429,-0.7848887416667194,1.0106156640986121,-0.28298216437927765
0.344689378757515,0.24898172514437955,0.050950471709483594,129.9053030261875,0.060172224065315257,-0.48127420084165107,0.08870037450543143,0.39257382630366705,-0.7649424902043402,-0.7014980648837222,1.4664405550884954,0.15875122413614268,0.9187946660250491,-1.0775458901960986,-0.7846467142045197,1.001661151983991,-0.28285178524355087
0.3486973947895791,0.24889223006005784,0.05091306062217536,131.41563959215327,0.0389190418289217,0.12498360549280502,-0.4797857470659726,0.3548021415417594,1.2016874560460018,-1.329881165315262,0.1281937092704164,-1.1607602868748277,0.7882408405214559,0.3725194463175494,-0.7847402237389303,0.9938555111359494,-0.28284941628502613
0.35270541082164325,0.24881768176549798,0.05087461289970453,132.92575766430858,0.014519950581754166,0.4791931762632788,-0.17245103429530576,-0.3067421420011711,0.9150681147083565,0.5360075164551491,-1.4510756311635689,-0.3213400373553963,-0.8448673967892153,1.1662074341114819,-0.7851253170216,0.987093542846305,-0.28284937323613163
0.3567134268537074,0.24875574825038727,0.05083869138773241,134.43576552652016,-0.01015655167333234,-0.03301679743630203,0.42676015684477214,-0.3937433594400703,-1.0885873271453512,1.3968867905142976,-0.30829946336894626,1.153900587495808,-0.925150378467676,-0.2287502090597394,-0.7857622457667961,0.9812722013327737,-0.28284937245390424
0.3607214428857715,0.24870447398625037,0.05080736491090353,135.94573942639872,-0.033275771824731806,-0.46579249563610675,0.2404079505242542,0.22538454508138184,-1.0498735986780423,-0.3635821033332606,1.4134557020107632,0.48161202156136035,0.7460480322988232,-1.2276600538901834,-0.7866152791946259,0.9762942088513934,-0.28284937243969077
0.36472945891783565,0.24866224917435265,0.050781641507339347,137.45573129062862,-0.053755047118033805,-0.04766394085012519,-0.3708476101622523,0.4185115509836501,0.9596705307261406,-1.4420281612801633,0.48235763055261194,-1.1183323182414735,1.04366146708023,0.07467085113263916,-0.7876524598967218,0.9720686624749472,-0.2828493724394326
0.3687374749498998,0.24865609536897387,0.0507633619228093,138.96578302114762,-0.07084368261813911,0.45011382935525146,-0.2919600698912258,-0.1581537594902029,1.1695916001042082,0.18822729745117278,-1.3578188975553385,-0.6303849075338924,-0.626350768083357,1.2567356755909118,-0.7888101008610986,0.9729303519307619,-0.4576731308119039
0.3727454909819639,0.24877324302979495,0.0507705761900293,140.47628442721285,-0.07548960603160794,0.08477653438869373,0.3585273274717796,-0.44330386187975934,-0.8255989517039878,1.469033926041192,-0.6434349743383138,1.032592384547589,-1.0999561814616245,0.06736379689538183,-0.7896902176983054,0.9831782471896138,-0.4823915087457785
0.37675350701402804,0.24888650088827538,0.05079709643346442,141.98740615776177,-0.0649704979008569,-0.47660185946661043,0.31972042574441517,0.1568814337037418,-1.2641821192888871,-0.02173801282904944,1.2859201321187077,0.7119154279391933,0.48897443174373734,-1.2008898597016582,-0.7901726273426921,0.9925378803385061,-0.4828410522274947
0.3807615230460922,0.24898104561551038,0.05083248364451414,143.49894951730818,-0.04546259139341677,-0.10718364900201023,-0.36954446774897176,0.4767281167324524,0.681532941831616,-1.470828847256597,0.7892959054258718,-0.9194197816471228,1.1074988216005166,-0.1880790399720246,-0.7903045823730174,1.0006874259615897,-0.4828492212460507
0.38476953907815625,0.24905987371253757,0.05087042489474377,145.01074916116585,-0.021745780466624683,0.4985341754977412,-0.3564650013686857,-0.14206917414988696,1.3415538013215638,-0.14637970032626424,-1.1951741009958412,-0.7823591792964517,-0.35677058003342876,1.13912975930915,-0.7901318240168065,1.0077659441362432,-0.48284936969229353
0.3887775551102204,0.24912574492595618,0.05090690967450646,146.52268670599997,0.0029705760455250208,0.14329248742415068,0.36673956507598304,-0.5100320525200328,-0.5271896568988855,1.4535027529481312,-0.9263130960492475,0.8080606484456032,-1.109829518225669,0.3017688697603102,-0.7896946505065161,1.0139016549080113,-0.4828493723895047
0.3927855711422845,0.2491808643775804,0.05093953534437044,148.03467903416401,0.02662002570126931,-0.5114297635637692,0.39880174267768137,0.11262802086829528,-1.4019962055948934,0.31405860191590307,1.0879376036792057,0.8458219458530598,0.2286768788980907,-1.0744988247697171,-0.7890285633487989,1.0192060626400952,-0.4828493724385206
0.39679358717434865,0.2492269490892653,0.050967032822263864,149.54666957974328,0.04796310385597244,-0.1891286522394389,-0.3506629762263202,0.5397916284504007,0.36463231440584704,-1.4167562909179545,1.0521239765121602,-0.6964537897412018,1.1058197729840202,-0.4093659832592528,-0.7881648878490285,1.0237764370454694,-0.4828493724394113
0.4008016032064128,0.24926250550423262,0.05098887845054579,151.05862130893533,0.06634232690003822,0.5126513178837196,-0.44249800437008613,-0.0701533135301601,1.44342439667146,-0.4785004619562167,-0.9649239347152971,-0.9021221731428141,-0.10333676400782874,1.0054589371340885,-0.7871338727507844,1.0267821842727693,-0.3735166708332553
0.4048096192384769,0.24917141448756988,0.050991127893731475,152.57030623665025,0.07650964784157448,0.2520829829733714,0.28864644072836726,-0.540729423720425,-0.19039537914785432,1.3545087576182464,-1.164113378470977,0.5875800271194649,-1.1219199461686609,0.5343399190316145,-0.7862320129717298,1.0174936894051572,-0.2844974694595259
0.40881763527054105,0.2490528236595665,0.050969064148193306,154.08134224776765,0.07027592299491547,-0.43644535761680886,0.4675283804948328,-0.03108302289387925,-1.463379850153721,0.6464248519008775,0.8169549982528312,1.0171315178738576,-0.047518458465943325,-0.9696130594244858,-0.7857294792095402,1.0077772595617,-0.2828793179896735
0.4128256513026052,0.24895225973232968,0.050935109876267655,155.5918893201364,0.053046401734499773,-0.31880734202335353,-0.18188786187275693,0.5006952038802568,0.006550513311511463,-1.2737386499412247,1.2671881366299287,-0.47179296853015684,1.164520948256233,-0.6927279797412812,-0.7855925781508525,0.9992479038823125,-0.28284991660777603
0.4168336673346693,0.2488683343280635,0.05089683615975777,157.10212891134492,0.030176091450688558,0.3523418568958083,-0.47507335409878615,0.12273149718809649,1.4648620391482976,-0.8060052905528963,-0.6588567485945109,-1.121005452938636,0.20851203980098074,0.9124934131240934,-0.7857749401654557,0.9918282656924167,-0.28284938232801393
0.42084168336673344,0.24879844147114427,0.05085906730626943,158.61219474990736,0.005375469201184243,0.3672827542416072,0.08607955286539001,-0.4533623071206937,0.1757371308560366,1.173931271431952,-1.3496684022884202,0.3370320668204948,-1.1758247710702656,0.8387927042372562,-0.7862342074345325,0.9854131121478471,-0.28284937261893983
0.4248496993987976,0.2487404050742395,0.05082473121738417,160.12218182624875,-0.018918390742356978,-0.27149287811659895,0.4696865774798988,-0.19819369937537548,-1.4436081074003289,0.9517258577197004,0.4918822496806516,1.1986441559215093,-0.37044368855436116,-0.8282004673792572,-0.7869321655940252,0.9799013252450579,-0.28284937244269287
0.4288577154308617,0.24869239595810097,0.050795470779437045,161.63215674858202,-0.04117437671884611,-0.4004518697209493,-0.00122068305282836,0.4016725527646324,-0.35390481182716865,-1.0568905842868064,1.4107953961155686,-0.18885178756869586,1.1574500880244578,-0.9685983004668336,-0.7878345226666238,0.9751982767210428,-0.2828493724394871
0.43286573146292584,0.24865292534135253,0.050771989809827965,163.1421639730758,-0.06053288186297341,0.19484210249663647,-0.4543556954576859,0.25951359295197296,1.400488639569836,-1.0818914999138924,-0.31859713965585235,-1.24968212013017,0.5283886364831291,0.7212934836377076,-0.7889106583931417,0.9712156270526805,-0.2828493724394288
0.4368737474949899,0.24869899909478407,0.05076124006515011,164.65231030307922,-0.0746717284046819,0.4247973765951651,-0.056346773939169564,-0.36845060267284047,0.5240744334127777,0.929706880203464,-1.453781313615437,0.0385695419111033,-1.1005443368096473,1.0619747948814986,-0.7899967352318624,0.9771977606832564,-0.4771143501846877
0.44088176352705405,0.24882114998253366,0.05077729514042755,166.16305965863688,-0.07306197032346434,-0.18181666929559895,0.4723500131390452,-0.2905333438599845,-1.3444281523568815,1.192831716137997,0.15159643621843588,1.2228443604851715,-0.6339230513726165,-0.5889213091288471,-0.790704914658343,0.9872919841037916,-0.48274513633158345
0.4448897795591182,0.24892706700258013,0.05080808721178605,167.67435918097883,-0.058560363553036475,-0.4572908641451689,0.07281969228233912,0.38447117184844654,-0.6763772093942292,-0.7943882770621008,1.4707654864562958,0.08804263416598977,0.9913918701269006,-1.079434504306667,-0.7910320545446904,0.9961784751287274,-0.4828474780351914
0.4488977955911823,0.24901526285400433,0.050845078967545254,169.18601332447017,-0.03703962264474293,0.17392344115645536,-0.4980435249032617,0.32412008373294054,1.266773033484544,-1.2827673829488397,0.015994349464179127,-1.1679505548293894,0.712386244225916,0.4555643105896399,-0.7910267354675511,1.0039056332733824,-0.4828493380143426
0.45290581162324645,0.2490888556822217,0.05088292416453403,170.69787520559154,-0.012653414879172474,0.4919887786543523,-0.10396726150324086,-0.38802151716348154,0.8211787285332126,0.6471834886800489,-1.468362217213306,-0.20686114327708463,-0.8835263018482558,1.0903874451127933,-0.7907326096765479,1.0106117170681712,-0.4828493718139546
0.4569138276553106,0.24915037426374384,0.05091826392939547,172.20984079180553,0.011857470103992263,-0.15052711059621782,0.5159294938040913,-0.365402383219779,-1.1718516231257219,1.3568024002384464,-0.18495077711270128,1.1104437337279325,-0.7838071022833344,-0.3266366314565405,-0.7901881062748044,1.0164183679089671,-0.4828493724280627
0.4609218436873747,0.24920182473387012,0.05094916449457073,173.7218377038265,0.0347648167544224,-0.5248276039987864,0.14652951588838964,0.3782980881011866,-0.9563810973979214,-0.4902027647244132,1.446583862123021,0.3195958758063639,0.7756257056898364,-1.0952215815068707,-0.7894271033841731,1.021431503336507,-0.4828493724392212
0.46492985971943884,0.24924480078781083,0.05097468439281184,175.23381720275077,0.0550661505181875,0.11416330862368329,-0.5244155555587552,0.41025224692511736,1.0605980849866088,-1.4133151315865475,0.3527170465999176,-1.0485024464319213,0.8479881696810132,0.2005142767407563,-0.7884795111405598,1.025743615527229,-0.48284937243942394
0.468937875751503,0.24924644325793577,0.05099248237006346,176.74573479630385,0.0719410633711135,0.5463478159576254,-0.20100846985102738,-0.34533934611674627,1.0780548966759687,0.3236303221737029,-1.4016852188500042,-0.43200112229640064,-0.6675470451233434,1.0995481674100043,-0.7874162225641312,1.024388434967197,-0.30357727839116044
0.4729458917835671,0.2491285914257921,0.05098408407787364,178.25718081172573,0.075876543225643,-0.02972270652560027,0.47695611799258664,-0.4472334114723286,-0.9256311071253386,1.447927705765333,-0.52229659863788,1.0094100141174847,-0.9477377306497119,-0.06167228347599306,-0.7866426218460737,1.0142157790537767,-0.28322669037374193
0.47695390781563124,0.24901616211290215,0.05095656118512561,179.76801245036006,0.06485749941289108,-0.5164354366992858,0.2772558134019902,0.23917962329226772,-1.1936911678685593,-0.14138525776609426,1.3350764256355916,0.5921960057796013,0.5643573070655543,-1.1565533128513397,-0.7862630847224837,1.0049246966700423,-0.28285622471212685
0.48096192384769537,0.24892190918288704,0.05092035378729041,181.2784277176674,0.045021735713920104,-0.06945391276926394,-0.39568175765953445,0.4651356704223985,0.7762669326968604,-1.4662913396326436,0.6900244069358704,-0.9700097258504908,1.065658727002766,-0.09564900115875079,-0.7862321716128643,0.9968051586594852,-0.28284949694255956
0.4849699398797595,0.2488432950695135,0.05088185625784636,182.7885897540588,0.0210807949815301,0.4757147961940907,-0.33555346895915455,-0.14016132724030278,1.2911079780536618,-0.0415843952586175,-1.249523582795341,-0.7457756752432201,-0.44042551355685594,1.1862011887952342,-0.7865048835412247,0.9897561209642501,-0.2828493747016007
0.4889779559118236,0.24877786346807906,0.050845121710186,184.29861681543693,-0.0037686556662543443,0.15227914612351218,0.31613808982469543,-0.46841723595328494,-0.6161641448748683,1.4616881575196232,-0.8455240126447459,0.9014747839423402,-1.1587895836509832,0.2573147997035513,-0.7870404138061027,0.9836736060808325,-0.28284937248052944
0.4929859719438877,0.2487235799707104,0.05081255661709295,185.80859259015008,-0.027455135200230702,-0.4290449764646578,0.37742748906062557,0.05161748739908919,-1.3677588671857297,0.22240346409201014,1.1453554030936741,0.8855034091663713,0.29994193160043936,-1.185445340771687,-0.7878020199706732,0.9784589989216702,-0.28284937244017455
0.49699398797595185,0.2486787518209043,0.0507854084690279,187.31857468364618,-0.048723651685540416,-0.2205372000878065,-0.2397910638177356,0.4603282638998434,0.44782653954373736,-1.434713068710563,0.9868865291664894,-0.8080299982911516,1.2260223453727237,-0.4179923470867845,-0.7887567891647913,0.9740199191960032,-0.28284937243944136
0.501002004008016,0.2486471436565154,0.05076422424909347,188.82860067407572,-0.06691473278509644,0.38097506556557825,-0.4061115180627104,0.02513645249218227,1.4241244787580907,-0.39882235554573453,-1.0253021232123865,-1.007583212773801,-0.14849019966947144,1.1560734124384209,-0.7898705563500983,0.9716219158778318,-0.4085642988296828
0.5050100200400801,0.24874501946091085,0.05076380554583979,190.33892458514197,-0.0761674452205679,0.2623634288661916,0.20319499619802905,-0.46555842507046596,-0.28006189619848376,1.3922470723197902,-1.1121851761212942,0.6873385803685185,-1.2371983230464114,0.5498597426715828,-0.790825249363286,0.9812790224137485,-0.48149869699893943
0.5090180360721442,0.24886292404747273,0.05078654171934763,191.84989712710097,-0.0691208534665872,-0.3955379508691061,0.4364185204506884,-0.040880569588463506,-1.4592276811856024,0.5583704737309638,0.900857207454917,1.04385331516023,0.014589719126311351,-1.0584430342940159,-0.7913773907656083,0.9909597338008681,-0.48282482806811255
0.5130260521042084,0.24896202480819152,0.050820409481355924,193.3613448261542,-0.05148363766128168,-0.2917744751148591,-0.20226475004685457,0.49403922515249316,0.11433247621535897,-1.3283011091222072,1.2139686329067212,-0.5531460687679902,1.1896200374001706,-0.6364739686421168,-0.7915665283949676,0.9994057119957445,-0.48284892642108296
0.5170340681362725,0.24904456508944564,0.05085826253567822,194.87308850522976,-0.028517504520559466,0.40522848695863506,-0.4714741740925259,0.06624568712615743,1.471641638424944,-0.7097253019187282,-0.761916336506016,-1.063378552639155,0.10908318213604204,0.9542953704946189,-0.7914398230237761,1.0067438538151214,-0.4828493643344208
0.5210420841683366,0.24911349058299465,0.05089555820073237,196.3849981617076,-0.003814287894097374,0.3310052485353995,0.18538735874999956,-0.5163926072938223,0.05454190971054339,1.2463958853139925,-1.3009377950245526,0.4237424337549165,-1.1393651319974465,0.7156226982341107,-0.7910389581492991,1.013106916674679,-0.4828493722921648
0.5250501002004008,0.2491711229970544,0.05092950838468313,197.8969822259745,0.020288617503451137,-0.40188953711472253,0.5065770176891049,-0.10468748058235304,-1.4649028312199834,0.853160594362513,0.611742236857493,1.0769581738277347,-0.22653118808495773,-0.8504269857507663,-0.7904006439363948,1.0186105377431882,-0.48284937243675197
0.5290581162324649,0.24921930590344507,0.05095857693342973,199.40897766666924,0.042353890658684896,-0.37570574484938446,-0.15461140410428031,0.5303171489467139,-0.22406532616498887,-1.1473321386746038,1.3713974648397655,-0.2972220196938915,1.0849297646408518,-0.7877077449545826,-0.7895572620490535,1.0233554740028048,-0.4828493724393791
0.533066132264529,0.249259494324612,0.05098208394454028,200.92094257034128,0.061582367115395394,0.3859569357845336,-0.5384952666148582,0.15253833082253238,1.4385598132125148,-0.9862503646698882,-0.4523094485429553,-1.0834746170679952,0.33849459623043404,0.7449800208315664,-0.788537415965191,1.027429819948817,-0.4828493724394268
0.5370741482965932,0.2492070596346689,0.05099204394085926,202.43275611359664,0.0753035101580064,0.42016716370099516,0.09243396414092965,-0.512601127846536,0.39384078653474563,1.0266750939438456,-1.4205158804785714,0.1673505711047975,-1.0387057459264388,0.8713551748176308,-0.7875224075745558,1.0208886689034848,-0.287555410740018
0.5410821643286573,0.24908548393277163,0.05097501597665119,203.94395520692763,0.07305356810771049,-0.2959833316396715,0.5263442000548311,-0.2303608684189467,-1.385131832168438,1.1100058536179784,0.27512597855070775,1.1372688397945352,-0.48802174220637773,-0.6492470975920046,-0.786888988287332,1.0108849901144694,-0.2829348810834868
0.5450901803607214,0.24897998148229625,0.050943413990732184,205.45461134985928,0.05814397253777177,-0.4490644172346055,0.013139886799163947,0.435924530431082,-0.5681228671807926,-0.8871996446364243,1.4553225118171582,-0.01592863535267794,1.0169593920523752,-1.0010307567041163,-0.7866340245651253,1.0020355093556474,-0.28285092629354114
0.5490981963927856,0.24889184042066476,0.050905828310332385,206.964917370503,0.03636076769679185,0.19459348895973896,-0.49322350790881353,0.298630018944597,1.3146132925984533,-1.2215988891370197,-0.09301440346134154,-1.1850802184116824,0.6472505152305259,0.5378297031767769,-0.786710636356976,0.9943221628674141,-0.28284940067189285
0.5531062124248497,0.24881833898134922,0.050867648061935423,208.47501843299162,0.011803221877390708,0.46167984874002577,-0.10304090586652286,-0.35863894287690046,0.7321624756652128,0.7353585445823503,-1.4675210202476532,-0.14349488965819968,-0.9652188928872463,1.1087137825421114,-0.7870753934279962,0.9876396302383723,-0.282849372952519
0.5571142284569138,0.24875723054902016,0.05083228645434177,209.98501897176044,-0.012786941377255456,-0.10297888290842513,0.45243697341700884,-0.3494580905110234,-1.2242971283704653,1.3132633549183486,-0.08896622654786597,1.2021821354634779,-0.7953767049251207,-0.40680543054080165,-0.7876890408790588,0.9818859544279004,-0.2828493724487512
0.561122244488978,0.24870660579042797,0.05080166171666685,211.49499208226345,-0.035673084697635346,-0.46143839273469817,0.17807862588985862,0.2833597668421626,-0.8836069246891649,-0.5733931463166902,1.4570000710057234,0.30508669066205973,0.8864569016106495,-1.191543592275185,-0.7885163010257179,0.9769648311581687,-0.2828493724395971
0.565130260521042,0.24866489030559297,0.050776703181349386,213.00498754152719,-0.055837541531828475,0.020904789565868512,-0.4065682276644807,0.38566343809699427,1.1158947562898354,-1.3841454778566054,0.26825072156659585,-1.1903069313303185,0.9287024531931208,0.2616044781354321,-0.7895256280038722,0.9727864376074417,-0.2828493724394308
0.5691382765531061,0.24867064315091358,0.05076017458509697,214.51505611796176,-0.07231657591617732,0.4580045041944255,-0.2345722345276484,-0.223432269668463,1.02192390818588,0.40623610290082995,-1.4281600110872086,-0.4580552674369538,-0.7825564467888968,1.2406117142250517,-0.7906344983198269,0.9749191084434105,-0.4656657198107947
0.5731462925851702,0.24879053685206187,0.050770051851191184,216.02562232341236,-0.07528085254143041,0.011462106468324275,0.40328973238725135,-0.41475183885486916,-1.0001874954428704,1.4363377815507647,-0.43615028610813866,1.119967342925934,-1.0003811293818945,-0.11958621354294188,-0.791433243484729,0.9851672093683618,-0.4825366083461959
0.5771543086172344,0.24890168155682438,0.05079792512997861,217.53679298949032,-0.06362172492014997,-0.4872053272119656,0.25993727334671596,0.22726805386589755,-1.1358047827557076,-0.2436063197135574,1.3794111024691134,0.5546823413437442,0.6490367136994185,-1.203719055042123,-0.7918387542967551,0.994387335857387,-0.48284369110548975
0.5811623246492985,0.24899436186584137,0.05083394706029142,219.04836732801004,-0.04350858398441866,-0.030389407120722522,-0.41868750919131403,0.4490769163122997,0.8705485495712458,-1.4633606535288124,0.592812103956968,-1.01984447759763,1.02858942955609,-0.008744951957984984,-0.7918991647031312,1.0024104078710936,-0.48284926919956206
0.5851703406813626,0.24907162729018692,0.050872044523846964,220.56018496390345,-0.019552288078680077,0.5132871896839483,-0.29611976226139597,-0.21716742742221495,1.2348740202080135,0.0761701228530545,-1.3110441430611053,-0.6413602354650744,-0.5195015954536458,1.1608618309190626,-0.791659654764047,1.0093759551781178,-0.482849370563599
0.5891783567134268,0.24913618629160758,0.050908385717295564,222.07213121119054,0.005160412823803092,0.06396160947383596,0.42159982301053445,-0.48556143248398675,-0.7283350527351439,1.4716156294913871,-0.7432805767562248,0.920340544872716,-1.050866688126671,0.13052614325431802,-0.7911600175894388,1.0154103778294474,-0.48284937240534365
0.5931863727454909,0.24919016490744517,0.050940695243652065,223.58412598698106,0.02865828014500512,-0.5321825304459716,0.3397622050417464,0.1924203254047119,-1.318599772623851,0.09373327511036045,1.2248664975135861,0.7210487662146281,0.39304729429272417,-1.1140960605069554,-0.7904353186011479,1.0206236445062966,-0.4828493724388086
0.597194388777555,0.24923528964460362,0.05096779147721392,225.0961145387598,0.0497589894974956,-0.10849934143078734,-0.41196667405638354,0.5204660154874653,0.5753388982969425,-1.4603877292181278,0.8850488309211326,-0.8193931882705897,1.0663115803182315,-0.246918392047526,-0.7895165067580434,1.025111565513534,-0.48284937243941645
0.6012024048096192,0.2492645233574116,0.050989047567921525,226.60806199738735,0.06786534673917408,0.5389518574785672,-0.38671939307479947,-0.1522324644027524,1.383753732659711,-0.2634011425210809,-1.1203525901380273,-0.7947695191120981,-0.26798897526019627,1.0627584943741917,-0.7884391832520236,1.0270798397043703,-0.34287362229452706
0.6052104208416833,0.24916239362542056,0.050988266780332726,228.1196853261108,0.07641383397549179,0.17825461843583967,0.3519155446157385,-0.5301701630504349,-0.40671948871878394,1.423567835873208,-1.016848347153758,0.7255610734361164,-1.1067957762002567,0.38123470276597016,-0.7875412292482883,1.0173194971943122,-0.283940385344332
0.6092184368737474,0.2490452728739769,0.05096463570158186,229.63066219889544,0.06878696092756244,-0.47286392739565813,0.4267851334692566,0.046078793928117354,-1.4320011447861876,0.4412465508877337,0.9907545938985693,0.9274967912068088,0.1251290092777885,-1.0526258004825226,-0.7870436728519637,1.007707041511292,-0.282869195879121
0.6132264529058116,0.24894638639721614,0.050930053786440145,231.14117088111732,0.050789726834533144,-0.2565235338419949,-0.24919813920411082,0.5057216730449706,0.2269885162446497,-1.3687054312976208,1.1417169150524749,-0.6281978417884322,1.172229278091349,-0.5440314363030465,-0.7869074961602847,0.9992799295987248,-0.2828497327120104
0.6172344689378757,0.24886385666231378,0.05089174032238601,232.65138782101985,0.027598392661611994,0.39877733389892456,-0.4493700031226352,0.05059266922344764,1.4610110419776337,-0.6125163260881097,-0.8484947158897582,-1.0486498902237174,0.03002706198562355,1.0186228282374283,-0.7870867241943148,0.9919506496412668,-0.2828493789854966
0.6212424849699398,0.2487951065634498,0.050854287118281445,234.1614420148951,0.002768339774344135,0.31653991492352507,0.15511524183359227,-0.47165515675746605,-0.045349892219981425,1.2930556828378257,-1.2477057906178177,0.5083748258432543,-1.2072753828874636,0.6989005570438757,-0.7875394723433708,0.9856142000569753,-0.28284937255838216
0.625250501002004,0.2487380044416067,0.05082048641145934,235.6714254274163,-0.021362898319673626,-0.3253248847264347,0.45757432389555674,-0.13224943916951884,-1.4671379705725964,0.7728542916399077,0.6942836789327184,1.1463570961149916,-0.19065286496883266,-0.9557042311465861,-0.7882279682091504,0.9801706507143932,-0.2828493724415892
0.6292585170340681,0.24869077157965228,0.05079185309283084,237.18140186821583,-0.04334886905174741,-0.36097130005127964,-0.0700530528990445,0.431024352952349,-0.13558074072231113,-1.1981314062884039,1.3337121470114648,-0.3714051829477923,1.2128242566617322,-0.8414190737126818,-0.7891183280985841,0.9755260596752101,-0.282849372439467
0.6332665330661322,0.2486519304186814,0.05076902556158496,238.6914140800167,-0.062380920393610303,0.2538858215927776,-0.45443743681064747,0.20055161521848058,1.4508609767180118,-0.9202809499300426,-0.5305800267885732,-1.2194627185165658,0.3515612806364142,0.8679014378810259,-0.7901803033756647,0.9715930446630582,-0.2828493724394285
0.6372745490981964,0.2487132516272578,0.05076090939738121,240.20160025197717,-0.07537838286521842,0.3928234800967269,0.015930595359724728,-0.40875407545634124,0.3104824186686649,1.0914338411796272,-1.401916259848504,0.2265780194107319,-1.1746200471651107,0.9480420277544878,-0.791211125632593,0.978939955150288,-0.4789795763354038
0.6412825651302605,0.24883463206779743,0.05077898372808359,241.71241256801463,-0.0722072592702727,-0.2491064994096545,0.4780875208661369,-0.22898102145483862,-1.4196931692953507,1.048820158866614,0.3708730104287193,1.2097719114984211,-0.46710645058724753,-0.7426654609093506,-0.7918514378105915,0.9889191207241197,-0.48277903173930076
0.6452905811623246,0.24893856616345933,0.05081075297607839,243.22375480252865,-0.056774958939158925,-0.42533899066869774,-0.0034085118196954256,0.42874750249054266,-0.47134531486878795,-0.9722739257140424,1.4436192405831483,-0.09373652346986383,1.0796175310309102,-0.9858810075587389,-0.7921161058692997,0.9976710749930571,-0.48284809406197526
0.6492985971943888,0.24902511167466898,0.050848079844934745,244.73543486171712,-0.03481078673439624,0.24586533239126268,-0.5070415824368616,0.26117625004951445,1.3653328044825976,-1.159147493399057,-0.2061853110833616,-1.1745480700589335,0.5611933174875573,0.6133547525742664,-0.7920534154592184,1.005278258453109,-0.4828493492088459
0.6533066132264529,0.24909733184411625,0.05088585240700494,246.2473109753641,-0.010300577021526668,0.4622564342037657,-0.02464755907552954,-0.4376088751252631,0.6276047481922278,0.8390953938021878,-1.466700141994395,-0.03202226835576165,-0.9848251171233017,1.0168473854820632,-0.7917064519920024,1.0118777028279518,-0.48284937201732175
0.657314629258517,0.24915770212090999,0.0509208729917533,247.75928240121243,0.014123532108798017,-0.22740618395642587,0.5302717561179625,-0.3028655721586738,-1.2926402227616316,1.255371901795559,0.037268320966096696,1.1356420977462012,-0.6482079993511172,-0.48743409839226126,-0.7911131512465677,1.0175891446103484,-0.48284937243175846
0.6613226452905812,0.2492081836135367,0.05095132112216328,249.27127946639226,0.03681755345402871,-0.499389145207566,0.06516722050491228,0.43422192470553633,-0.7768804753452748,-0.693728461597086,1.4706089369425948,0.15238388772275513,0.8887994364967005,-1.0411833242169628,-0.7903069636177457,1.0225169929372624,-0.4828493724392884
0.6653306613226453,0.24925032008006293,0.05097631987620576,250.78325535109127,0.056836573991314,0.19570304283382453,-0.5456281379712046,0.3499250951393664,1.2021903994203458,-1.3356034082443544,0.13341300882420482,-1.0913965691737637,0.7282209307250156,0.36317563845067036,-0.789317427526141,1.0267524315728962,-0.4828493724394252
0.6693386773547093,0.24923878017259213,0.05099243362121387,252.29515352907265,0.07306874505121265,0.5268205385130228,-0.12213269400418114,-0.4046878445090493,0.9157952546802091,0.5350853526463817,-1.4508806073196294,-0.2743651079832792,-0.7935544879711558,1.06791959596231,-0.7882373209807533,1.0240428805182042,-0.29689021145341143
0.6733466933867734,0.24911842261076525,0.05098156724714467,253.80653330116075,0.0753218761802989,-0.10773329568977193,0.5058332272979286,-0.39809993160279306,-1.0860215593927387,1.396473114769409,-0.31045155537656355,1.0766395184065005,-0.8459743075185737,-0.23066521088261996,-0.787479278734622,1.0138543308566204,-0.28310435405555234
0.6773547094188376,0.24900772747776553,0.05095285365919126,255.31731566915033,0.06318777599532638,-0.512747920390607,0.20932939270450665,0.3034185278577925,-1.0520413551540013,-0.35921160048835443,1.411252955659735,0.43728954027423556,0.7104905661921272,-1.1477801063639115,-0.7871121487648962,1.0046665037672249,-0.2828540090145778
0.6813627254509017,0.2489150319810504,0.05091620857603496,256.82769973034806,0.04277194149643438,0.004747062295536564,-0.43601139590321303,0.4312643337216914,0.9546119668612969,-1.442177853066348,0.4875658862042074,-1.0610991007065027,0.9792664822035713,0.08183261861810422,-0.7870896542492265,0.9966414575217745,-0.2828494566949971
0.6853707414829658,0.24883770824655738,0.05087774984032089,258.3378437782091,0.018619773228696148,0.4862764537699903,-0.2787019985132537,-0.20757445514604594,1.171598873271386,0.17942819336284987,-1.3510270666341753,-0.5971109085101534,-0.6035545989022573,1.200665507522796,-0.787367212813861,0.9896762508850534,-0.2828493739703477
0.68937875751503,0.24877335499851805,0.05084135020485242,259.84786227528895,-0.006197210511777822,0.08329088526964563,0.36521398720011006,-0.4485048723644477,-0.8094781620964465,1.4650026861490524,-0.6555245240525254,1.01504084037597,-1.0909276487119621,0.0758868084412157,-0.787904433152361,0.9836675294219633,-0.28284937246724323
0.6933867735470941,0.2487199699290965,0.05080928194869265,261.3578360286622,-0.029699164245913127,-0.45163243465671266,0.33157581753204846,0.12005661722592674,-1.2720787525172137,0.001658237893129886,1.2704205146245744,0.7472935458160918,0.4765339704063877,-1.2238275161228223,-0.788664960854874,0.9785174019362691,-0.2828493724399332
0.6973947895791582,0.2486758939517167,0.05078270307682401,262.8678204969691,-0.05069653726329677,-0.15775866207775724,-0.2952903059276017,0.45304896810084894,0.6530360952393018,-1.4652210430120365,0.8121849477725134,-0.9421483995356063,1.17912142152079,-0.23697302188890737,-0.7896162413549622,0.9741342410020047,-0.2828493724394369
0.7014028056112224,0.24865175841091774,0.050762400781495715,264.3778520246708,-0.06856679260212278,0.4152949972818628,-0.3704629072599431,-0.044832089930084904,1.354230560088645,-0.1814196475078162,-1.1728109125807602,-0.8821405491936357,-0.3349670406946556,1.2171075899800814,-0.7907167599881749,0.972842255564163,-0.43363302732830705
0.7054108216432865,0.2487588701371701,0.050765041886238385,265.88824001883086,-0.07613130105563035,0.1994997830900475,0.2674642712563495,-0.46696405426186954,-0.4950545074252361,1.4488035289290897,-0.9537490215043802,0.8335631491837538,-1.207885203667194,0.3743220545707561,-0.7916107886986593,0.982823950527049,-0.48195437637302824
0.7094188376753506,0.24887489750186736,0.05078934082410261,267.3992698634382,-0.06772950100835018,-0.4351991840625292,0.40070738615612017,0.034491797989178744,-1.4126522304947395,0.3463841243407765,1.0662681061542834,0.9357863849333912,0.1977333255760991,-1.1335197104283306,-0.7921038465397505,0.9923613208589626,-0.4828331086562609
0.7134268537074148,0.24897206530172888,0.05082387970127416,268.9107542066544,-0.049356903050361806,-0.22678376876833567,-0.27098066330409254,0.49776443215247407,0.33441860649176,-1.4088388403579717,1.074420233866705,-0.7048264364062669,1.1806294320445214,-0.4758029955600799,-0.7922395562497707,1.0006728434335332,-0.4828490768930037
0.7174348697394789,0.2490530224223317,0.05086184670122569,270.42251922544267,-0.02608850464179996,0.4496473403240393,-0.4370193326897324,-0.01262800755930683,1.4502396216291582,-0.5071215006067202,-0.9431181210224433,-0.9753653253651327,-0.06830057647451998,1.0436659019142724,-0.7920644950347004,1.007892059091984,-0.4828493670693858
0.721442885771543,0.2491206309077992,0.050898901431712586,271.93443930488286,-0.0013707386813825123,0.26556746637364875,0.2590970365764897,-0.524664502879532,-0.1678329884921312,1.3501263418561342,-1.1822933533639606,0.5798124037915905,-1.1496681900654613,0.5698557863444192,-0.7916197659279877,1.0141496259181668,-0.482849372341858
0.7254509018036072,0.24917716563938963,0.050932410221415404,273.4464262477409,0.022566443212196564,-0.45238153769496503,0.47552195556827603,-0.023140417806016722,-1.4691541556561079,0.6626523325466531,0.8065018231095247,1.008445733617574,-0.05557698443966402,-0.952868749110686,-0.7909415760942666,1.0195594355595978,-0.48284937243765497
0.7294589178356713,0.2492244232175937,0.05096093793153221,274.9584194970408,0.04436162015639346,-0.3115583809824568,-0.23330538223378328,0.5448637632807201,-0.002310116580548721,-1.2730557366060353,1.2753658531867695,-0.45654390175765625,1.1135900043547795,-0.6570461025325345,-0.7900618701304664,1.024220726548933,-0.4828493724393955
0.7334669338677354,0.24926381900154737,0.050983871722228645,276.4703788826493,0.06326680336253752,0.4432047020256874,-0.5126783572044394,0.0694736552394992,1.468566691884376,-0.8104425131643758,-0.658124178719443,-1.0341307882925326,0.1748354141813756,0.8592953741735988,-0.7890088807148771,1.028195131507502,-0.46051288858857364
0.7374749498997996,0.2491964217869427,0.05099123355078421,277.9821506924447,0.0758180817624081,0.3629910523918541,0.17050687238672368,-0.5334979247213649,0.17702580496285625,1.1723568200935894,-1.349382625055796,0.331258174801606,-1.0897407281803169,0.7584825534348691,-0.7880036907065822,1.0203381632735729,-0.28607820390445393
0.7414829659318637,0.24907549318289463,0.050972314165886844,279.4932888530983,0.07207322817225556,-0.35624767670399116,0.5136414179542497,-0.1573937411963646,-1.4418646925086038,0.9533644722164087,0.48850022029225904,1.1124275863543094,-0.32852562597062807,-0.7839019603281769,-0.787391071980863,1.0104118143407408,-0.2829080534267892
0.7454909819639278,0.2489716486822844,0.05093981816722774,281.0039034142067,0.056271606150563404,-0.407146305147712,-0.06232154310364055,0.46946784830437827,-0.35839191194273035,-1.0527372422333983,1.4111291541762294,-0.19073711235476865,1.0924061199269226,-0.901669007519447,-0.7871531143782823,1.0016587059320894,-0.2828504386581053
0.749498997995992,0.24888489059570845,0.05090194965582174,282.5141834637453,0.034051664372040685,0.2595524820860223,-0.4956809730177384,0.23612849098234273,1.3976665617046824,-1.0855696188891513,-0.31209694281549827,-1.1827046354345263,0.4913372350399547,0.6913674004451886,-0.7872430529340365,0.9940322890429889,-0.2828493918146355
0.7535070140280561,0.248812582296329,0.050863910107157545,284.0242700971835,0.00937286680464826,0.43396984318380954,-0.031690398575498394,-0.4022794445598146,0.5326156578271143,0.9179641399772505,-1.4505797978043422,0.03789678363926671,-1.063997290234608,1.02610050664382,-0.7876178405694731,0.9874273888135364,-0.28284937279145733
0.7575150300601202,0.24875245932327283,0.05082891641449515,285.53426420856005,-0.01513712378571588,-0.17027728372244658,0.4678451150159068,-0.2975678312472657,-1.3321364111041365,1.1997725262612853,0.13236388484294317,1.223420768854684,-0.6474962687598739,-0.575924500048704,-0.788238589406841,0.9817424107678063,-0.2828493724458242
0.7615230460921844,0.24870266221456058,0.0507987862726085,287.0442364907376,-0.03781799713974808,-0.4467150800198978,0.112059141244313,0.33465593882037453,-0.6972581884124743,-0.770122366824105,1.4673805552367518,0.12151410663414804,1.0070221048029628,-1.1285362113929127,-0.789070365016151,0.9768817355355014,-0.282849372439544
0.7655310621242485,0.24866164576427188,0.050774373459153886,288.55423484670183,-0.057708453745998596,0.08864864359747097,-0.4329164991761058,0.34426785562074175,1.24671079146567,-1.2947978483902693,0.0480870569245615,-1.2355293775170832,0.7927610713126702,0.44276830624668473,-0.7900819388999244,0.9727562030731975,-0.28284937243942987
0.7695390781563125,0.248681901508203,0.050759780841591766,290.0643259167295,-0.07345966054854469,0.45487876137161,-0.1709767062221279,-0.28390205510863564,0.8507269654782721,0.6151069798233532,-1.4658339453014289,-0.27560936024162835,-0.9201564375708886,1.1957657978527836,-0.7911645809581993,0.9763203657238438,-0.47152324218396124
0.7735470941883766,0.24880343492468532,0.05077215536293341,291.57496121593766,-0.07467326999701973,-0.0626888354479703,0.43844290518764434,-0.375754069700695,-1.1518098561105021,1.3706858425586628,-0.2188759864481843,1.1810720934636845,-0.8782474332300348,-0.3028246601946879,-0.7919069534573895,0.9865191606681607,-0.48264365724739283
0.7775551102204408,0.24891247885328388,0.05080120750430686,293.0861812096644,-0.06190287157705171,-0.4859577695157737,0.193414228737833,0.29254354081653733,-0.981401018221008,-0.4598806147693327,1.4412816329904945,0.38545709667688527,0.7934271602570692,-1.1788842568960205,-0.792261231275618,0.995593985299748,-0.48284563234358535
0.7815631262525049,0.24900333003988231,0.05083764913459518,294.59778582289294,-0.04123662367923978,0.04756008157572558,-0.4579376686778077,0.41037758713922595,1.0396201137985401,-1.4224050057832986,0.38278489198483984,-1.0964473153440453,0.9264634868644405,0.16998382851586344,-0.7922759376182592,1.0034871587198693,-0.48284930447479124
0.785571142284569,0.2490790939537002,0.05087568929544914,296.10962000837975,-0.017105535222562536,0.5157190686212688,-0.22834931672493902,-0.287369751861022,1.0999622878138349,0.29694528970355116,-1.3969075775174573,-0.48629088814763766,-0.6696653472465364,1.155956235429329,-0.7919956159780099,1.010338074245283,-0.48284937120452853
0.7895791583166332,0.2491424106729558,0.050911683919539645,297.6215731735028,0.007536870966811856,-0.017205614035535582,0.46654027921024793,-0.449334665141177,-0.9127938024986493,1.4560755006220176,-0.5432816981233305,1.0111668257796773,-0.9681590719970458,-0.04300775374913488,-0.791459490710341,1.0162710619337338,-0.4828493724169892
0.7935871743486973,0.24919535917600857,0.050943487738222396,299.13356821614605,0.03081339664965952,-0.5402156915304028,0.2723958330283568,0.26781985853357937,-1.2050671295299673,-0.12869956866582963,1.333766698195975,0.5803063693603816,0.5478484403808184,-1.1281548097095797,-0.7907021341276452,1.0213943352653163,-0.48284937243902004
0.7975951903807614,0.2492395939850527,0.05097000751804024,300.6455528085151,0.05161368463736117,-0.02508084626093479,-0.4635904078034389,0.48867125409427764,0.772853807564374,-1.4706396690276575,0.6977858614631118,-0.9232560960655665,1.0027011102830106,-0.07944501418781541,-0.7897540650431968,1.0258023232395475,-0.48284937243942033
0.8016032064128256,0.24926043737502282,0.050990246022627694,302.1574920359181,0.069345116363767,0.552642505134634,-0.32238796047119356,-0.23025454463767744,1.2928939403407846,-0.04280831474322744,-1.2500856255952328,-0.6702381640995894,-0.42627209511140085,1.0965102592356402,-0.7886597480383593,1.026634250752261,-0.32370458817587683
0.8056112224448897,0.24915070459042285,0.0509865859901095,303.66905151611,0.07622945166567771,0.1009988056309982,0.4071022810606461,-0.5081010866676132,-0.613795703233426,1.4603352133050236,-0.8465395100712505,0.8476921313633097,-1.0666237658842257,0.21893163454485542,-0.7877888576096477,1.0166146478716513,-0.2835919887802838
0.8096192384769538,0.24903514236867663,0.05096146377656956,305.179973153263,0.06731031656203827,-0.4987406204560263,0.37695437560340556,0.12178624487570137,-1.368093864238229,0.2260416506160978,1.1420522136218543,0.816594403580806,0.2955432205270712,-1.1121376240852912,-0.7873175632563334,1.007103481783155,-0.2828628672091847
0.813627254509018,0.24893788424294033,0.05092624080138267,306.6904456937898,0.04859752848936038,-0.18895293527818452,-0.3106749374281727,0.499627872727796,0.4422643109091754,-1.4325568486798352,0.9902925377706892,-0.7708589030486119,1.153487039424646,-0.3826281363551012,-0.7872035788827363,0.9987745577847463,-0.28284961763630156
0.8176352705410821,0.24885671570323653,0.05088782712802749,308.2006407712035,0.025097548324113688,0.43614709467671187,-0.4138674891643383,-0.022279605492734444,1.423952142730666,-0.4051155584952722,-1.018836584235558,-0.9524453692740384,-0.14956056074050397,1.1020059300343188,-0.7874012589653965,0.9915337224879658,-0.2828493768951259
0.8216432865731462,0.24878911635238546,0.0508506168974348,309.71068349826834,0.0002348884716119146,0.25902836139095614,0.2203623157406336,-0.4793906771129237,-0.26539159167778553,1.3827507828982695,-1.1173591912204648,0.6685650326250823,-1.2115231792227728,0.5429581466163333,-0.7878690996142362,0.9852765014438812,-0.282849372520387
0.8256513026052104,0.24873298056876444,0.05081725648828226,311.2206627192401,-0.023753315671652432,-0.3716339380287258,0.4353168706004603,-0.06368293255399435,-1.4572946040538683,0.5764228397430304,0.8808717643108783,1.0681195892648487,-0.006283952285022848,-1.0618356369621222,-0.7885696894063694,0.9799034588749016,-0.28284937244089875
0.8296593186372745,0.24868656787530263,0.050789162261169606,312.73063996109926,-0.04549151564994844,-0.31359888900793975,-0.13698491359389758,0.4505838026177207,0.08580055377500834,-1.3120957222175453,1.2262951684423944,-0.5457954304067321,1.2408974510839037,-0.6951020206605115,-0.7894694821556637,0.9753212575878094,-0.2828493724394545
0.8336673346693386,0.24864865581806764,0.05076690588696803,314.2406562756316,-0.06422116332601391,0.3071183985780776,-0.44437964776853134,0.13726124920686472,1.468249436865342,-0.7377671459659673,-0.7304822908993636,-1.16169039278475,0.16663485881690923,0.9950555339844862,-0.7905383433418619,0.9716211517092113,-0.33824044159908145
0.8376753507014028,0.2487249833235647,0.05076148868364413,315.75088678810386,-0.07597239623320304,0.3509892842605825,0.08812527958720252,-0.4391145638310664,0.08978295731251257,1.2281543461648732,-1.3179373034765995,0.40851252363105595,-1.2215338246370233,0.8130213010214881,-0.7915306528245439,0.9801339047461692,-0.4802226339752065
0.8416833667334669,0.2488452925090605,0.05078139751532819,317.2617587131622,-0.07133056293619836,-0.3104715944076344,0.4720436017670235,-0.16157200734371252,-1.462443637050806,0.880848788423189,0.5815948486282488,1.1692624478420226,-0.2905398207334319,-0.8787226270926788,-0.7921252244469446,0.9899971048379141,-0.4828016044578621
0.845691382765531,0.24894739342298405,0.05081400073781461,318.77314036110556,-0.05504784688054074,-0.38286526594026304,-0.07977108481498492,0.4626363507701013,-0.2556065005423741,-1.1278647376838158,1.383471238225471,-0.2725147934222053,1.1428807706885795,-0.8703659772518937,-0.792349219183246,0.9986251441981898,-0.482848504303714
0.8496993987975952,0.24903240816152714,0.05085157621999095,320.2848441409594,-0.03268660732666816,0.3120363737656197,-0.5037622002504263,0.19172582649844844,1.4326458597213196,-1.009061822983223,-0.4235840367379383,-1.1544520588926803,0.3979476837498611,0.7565043751565405,-0.7922505283818817,1.0061229574461577,-0.48284935666378404
0.8537074148296593,0.24910337732510715,0.050889207424407966,321.7967326655347,-0.008085496560439893,0.4212838677448026,0.055446331439343834,-0.4767301991718186,0.4197384458527137,1.0117715246254626,-1.4315099704781706,0.14281525234528303,-1.0633517693855468,0.9205365170525839,-0.7918716866092456,1.0126257768692537,-0.48284937215277285
0.8577154308617234,0.24916270901198043,0.05092386533276023,323.3087087023031,0.016235827366705795,-0.2989608671390228,0.5318913483649993,-0.23293048121421675,-1.3838566275840012,1.1252833541538687,0.2585732734301657,1.1349879124926863,-0.4984354637900831,-0.6365524486908791,-0.7912501494234471,1.0182518044094653,-0.4828493724342196
0.8617234468937875,0.24921231956906834,0.05095383103816815,324.82070504490315,0.038710413384330976,-0.46195944236935466,-0.017878216229558763,0.479837658609757,-0.5796816273273175,-0.8813492789232444,1.461030906250713,-0.017673528369389374,0.981419533833755,-0.9637460054534938,-0.7904189493742858,1.023103964307973,-0.4828493724393331
0.8657314629258517,0.24925374066807574,0.0509783153370766,326.33267667790693,0.05844722339944283,0.2726234340476459,-0.5537798777896987,0.281156443752595,1.316239549933325,-1.2273421029163936,-0.08889744701686356,-1.1093812810371868,0.5923204078012443,0.517060873246521,-0.789407260561491,1.0272721651471362,-0.482849372439426
0.8697394789579158,0.249227471694219,0.0509923706157161,327.8445486168273,0.07388612372090081,0.49549134596666883,-0.04139979532435039,-0.45409155063052004,0.7329356797962343,0.7341630338376379,-1.4670987136334823,-0.1104959532550656,-0.9022516974704649,1.0127476507380269,-0.7883361594442837,1.0231342246811406,-0.2921882530528893
0.8737474949899798,0.24910588646180187,0.05097909151679298,329.3558597458412,0.07443071057039886,-0.1825236746309651,0.523184879096155,-0.3406612044541021,-1.2218041245301445,1.313448487578229,-0.09164436304792348,1.120239754577653,-0.7251646797324044,-0.39507507483408366,-0.7876147173214806,1.0129849327710372,-0.283019153492243
0.877755511022044,0.24899711481431447,0.050949247846554115,330.8665931613074,0.06122124244388154,-0.49770046622184233,0.13742314684499968,0.360277319387728,-0.8865626512242087,-0.5688227705614676,1.455385421785756,0.27224046545289826,0.8412055791437462,-1.1134460445858572,-0.7872800035650926,1.003917252848048,-0.2828524570235326
0.8817635270541081,0.24890613299448544,0.05091222388903898,332.3769466314637,0.04026842127216172,0.07815181855460515,-0.46623755231097236,0.38808573376738,1.1111909078726356,-1.385276798111567,0.27408589023887703,-1.1287035449453495,0.8708195360748657,0.25788400888172686,-0.7872852874990441,0.9960027409119385,-0.2828494284377236
0.8857715430861722,0.2488302451222854,0.0508738535493785,333.88707345110265,0.015947392859584117,0.48586625755016927,-0.21611260653361145,-0.26975365100539195,1.0254943237132628,0.3963052160497107,-1.421799539763116,-0.43482055325133867,-0.7535071395506203,1.188327692812884,-0.7875864167209112,0.9891370443141728,-0.28284937345807337
0.8897795591182364,0.2487671128548769,0.05083783687021674,335.3970844319102,-0.008792056763365553,0.012992937967157451,0.4057129729294437,-0.4187059108861411,-0.9843404815354139,1.4350152058635763,-0.450674724328135,1.1060688014293547,-0.9985468830159403,-0.10752191840298592,-0.788143426085227,0.9832175674109401,-0.28284937245793607
0.8937875751503005,0.24871475947415958,0.05080631881265281,336.90705735434443,-0.03206523308854909,-0.4639055028930057,0.27861589190228425,0.18528961100088015,-1.1474713343996126,-0.21906343692985608,1.3665347713294544,0.5921498720422638,0.6426588527577731,-1.2348087247905517,-0.7889203634162383,0.9781470028003574,-0.2828493724397637
0.8977955911823646,0.2486715510113599,0.05078033812341593,338.41704528845844,-0.05275388599199612,-0.09186598822313058,-0.3437488553420973,0.43561484358072255,0.8433408298818369,-1.462391799112467,0.6190509692278809,-1.055261303203548,1.1057087403612356,-0.050447437149551654,-0.7898850501370839,0.9738342641344648,-0.28284937243943387
0.9018036072144288,0.2486572898833256,0.050761234654786345,339.9270865555102,-0.07019216690147127,0.4399387268323761,-0.32588757508626387,-0.11405115173790459,1.2531681150700886,0.04050020925346495,-1.2936683243235934,-0.7364354846707821,-0.513620313009891,1.2500557976895108,-0.7909843512515424,0.9737773535971868,-0.44985227668593336
0.9058116232464929,0.24877092360915648,0.05076675490824885,341.43754128397387,-0.07601142637207244,0.13152025983717172,0.3251632987782682,-0.45668355860791315,-0.6986363600431463,1.47217146230394,-0.7735351022611974,0.9600860993302041,-1.151338499524729,0.19125240020287357,-0.7918340487709392,0.9839311724558197,-0.4822499925757405
0.909819639278557,0.24888512705491775,0.05079251283232723,342.94862620586,-0.0663151623443206,-0.46414962128867765,0.3549918411312261,0.10915778016400396,-1.333745082661964,0.1265565910241584,1.2071884916378859,0.807074776046832,0.37542233300746364,-1.1824971090473773,-0.7922852737087754,0.9933412060317279,-0.48283849138348284
0.9138276553106212,0.24898055023146243,0.050827657677129094,344.4601457415099,-0.04724346312681253,-0.15610393322029142,-0.333200239855365,0.489304173081014,0.5467760823469784,-1.4571263458135584,0.9103502634663884,-0.8397969507268654,1.144933949570202,-0.3051369988373575,-0.7923841097540524,1.0015354931657587,-0.48284917451553044
0.9178356713426853,0.24906006938230513,0.05086570713967589,345.9719313734804,-0.02368858798879263,0.48320993613698515,-0.39186715068193945,-0.09134278545006574,1.395689994972262,-0.29299401585064533,-1.1026959791221327,-0.8656437361920732,-0.24334448893089494,1.1089882251285932,-0.7921765888628122,1.0086513427838537,-0.4828493688432228
0.9218436873747494,0.2491264945857531,0.05090251134874661,347.4838617697069,0.0010440752485564846,0.19360072993253938,0.32667542066437627,-0.5202761505917647,-0.3863029039230916,1.422967134201733,-1.036664230278644,0.7221028207063945,-1.1338789044229447,0.41177608372169017,-0.7917032928620612,1.0148177088807553,-0.4828493723740889
0.9258517034068136,0.24918204572988162,0.050935577972474805,348.9958518420631,0.024824297465778765,-0.49209067908080245,0.43300345836707477,0.059087220718657296,-1.439840517703915,0.45706092368565376,0.9827795940182944,0.9173483159458307,0.11598798322345699,-1.033336299164391,-0.7909999752494459,1.020146864619969,-0.4828493724382405
0.9298597194388777,0.24922847586621896,0.05096356835504805,350.5078433765046,0.04636263395832485,-0.23988656881548245,-0.30653047325136723,0.5464170420719545,0.21943654808236512,-1.3696684929240788,1.1502319448417861,-0.6049666373942876,1.1169262270405282,-0.5119595896412477,-0.79009818535853,1.0247367125342022,-0.4828493724394061
0.9338677354709418,0.24926618408981474,0.05098593828727811,352.01979799357025,0.06496325127595627,0.4893949231895979,-0.47443630539310366,-0.014958617793900689,1.4648027423791923,-0.6160760599694801,-0.8487266824097134,-0.9616110662162771,0.007792528780076885,0.9538185374395991,-0.7890266590081535,1.0282146597169504,-0.39962755397198174
0.937875751503006,0.24918312010650456,0.05099025905372199,353.5315180152,0.07610469978594094,0.2983581192874546,0.24367833763201935,-0.5420364569158843,-0.043650503931080165,1.2913475267188605,-1.2476970227878066,0.4882852445489332,-1.1170024210140257,0.6287171764680588,-0.7880540074188866,1.0193232687305438,-0.284971704099696
0.9418837675350701,0.24906345015437373,0.05096941676651824,355.0425919027222,0.07080785136862544,-0.4077570846117713,0.48955840220575586,-0.08180131759207859,-1.4658615565620792,0.7751738227795355,0.6906877337823868,1.0629807963889637,-0.1613607426401158,-0.9016200537462336,-0.7874800026925791,1.0095098313560367,-0.2828879437928481
0.9458917835671342,0.2489615518002693,0.05093606199974685,356.55316391590816,0.05411858274921095,-0.3565739450649408,-0.13551572330730355,0.4920896683746589,-0.140610880362307,-1.194305078000904,1.334915958363287,-0.3617187059451773,1.1438415447270458,-0.7821228387798407,-0.7872756937981394,1.0008798149508922,-0.28285007327034156
0.9498997995991983,0.24887645001955452,0.0508979899849427,358.06341837334276,0.031498059773213044,0.3180029210565994,-0.487001708776509,0.16899878772192434,1.4489281453561846,-0.9249203303590221,-0.5240078149972052,-1.1540596886345302,0.3242170143150649,0.8298426743211543,-0.787394571999794,0.9933652449370711,-0.282849385174832
0.9539078156312625,0.2488055415182732,0.05086015670026847,359.5734915145353,0.006743885645983148,0.39678580998934765,0.039676282102270574,-0.4364620920896521,0.32103862491844815,1.0796495686851744,-1.4006881936036306,0.21873946832132007,-1.139245742866349,0.9205062745469907,-0.7877940433394252,0.9868609578501314,-0.2828493726708163
0.9579158316633266,0.24874660177810193,0.05082561526695198,361.08348082506524,-0.01762823393496276,-0.23314799777352582,0.47260055586644656,-0.23945255809103821,-1.409663500837274,1.0590502974049414,0.3506132034323627,1.2173796424893462,-0.4849604220516136,-0.7324192204358808,-0.7884356544630607,0.981266114404482,-0.28284937244363223
0.9619238476953907,0.24869780845248432,0.05079606184130757,362.5934542265083,-0.0400440179849923,-0.4220586310943353,0.04405365627769417,0.37800497481887557,-0.4951119968994526,-0.9492834746364509,1.444395471535922,-0.06498632841924556,1.1051976059284279,-1.0402112775071297,-0.7892848792023349,0.9764857388886429,-0.28284937243950414
0.9659318637274549,0.24865764524840972,0.05077226811037534,364.1034575977966,-0.05960232171546434,0.15389679347040222,-0.4493162366809173,0.29541944321212155,1.3491360459801114,-1.1760262322985027,-0.17310981368162093,-1.2531008621661432,0.6389225098644254,0.614178352303251,-0.7903108688094169,0.9724313997860927,-0.28284937243942915
0.969939879759519,0.2486926471145927,0.050759880296769685,365.61357842471807,-0.07444903382161051,0.4404668393195489,-0.10304157534425795,-0.33742526397367606,0.6599315728953185,0.8099053600738239,-1.4698369329689578,-0.08764464087327473,-1.0362338642251843,1.1238785051001743,-0.7913747798345087,0.977386832446621,-0.4752235494047598
0.9739478957915831,0.24881477362533252,0.05077450835205543,367.12428058978844,-0.073980586004638,-0.13532036530672076,0.4626647378126496,-0.32734437250411136,-1.2770490063767554,1.2737594060000403,0.003289600376695956,1.2152352276013525,-0.7370258210285496,-0.4782094065709417,-0.7920749442122333,0.9875216252084489,-0.4827108377684367
0.9779559118236472,0.24892197153570977,0.05080466607488813,368.63554757194254,-0.06016246626739217,-0.47267383197873,0.12204392614388845,0.3506299058386519,-0.804635418221021,-0.6655361442190516,1.4701715624401173,0.20841301892085254,0.9191524805180644,-1.1275654994349877,-0.7923915037987671,0.9964755556346042,-0.4828468542586754
0.9819639278557113,0.24901123384135945,0.05084150247566477,370.14718156681835,-0.038966165130337176,0.12442692422413541,-0.4860040681425021,0.36157714392158813,1.184850523291247,-1.3489438028720662,0.1640932795806382,-1.1479094656161573,0.8038917929946866,0.3440176726245959,-0.7923730767657099,1.0042612170356728,-0.48284932667929786
0.9859719438877754,0.2490856933921955,0.05087948998487708,371.65903236903955,-0.014658365104972357,0.5056200882836989,-0.1549495450733635,-0.3506705432077754,0.9399577324873571,0.5108521879703816,-1.450809920457738,-0.32090295751441256,-0.8040328463902657,1.1249358039072548,-0.7920636695687635,1.0110173660657418,-0.4828493716079774
0.9899799599198396,0.24914792928967683,0.0509151573703164,373.1709931778478,0.00993107436644946,-0.09805493963863798,0.5002834868234876,-0.4022285471823979,-1.076332820585118,1.4072682467740647,-0.33093542618892247,1.0787575394142028,-0.8638816424222141,-0.21487589698956538,-0.7915020295603061,1.0168666808809443,-0.4828493724243199
0.9939879759519037,0.24919997710672948,0.05094648285542164,374.6829896623548,0.03301262598372846,-0.5353360962454962,0.19843296819767287,0.3369031280499529,-1.0640492777281225,-0.34812077219543375,1.4121700499236896,0.4269548228197323,0.689683690298488,-1.1166385131160932,-0.7907223140097464,1.0219159341094293,-0.4828493724391532
0.9979959919839678,0.2492434651172848,0.050972469546426674,376.19497158510956,0.05353910029102833,0.0590106904403612,-0.5042095610730978,0.44519887063481034,0.9526691869467515,-1.4473084026357939,0.49463921568893654,-1.0058781285043685,0.916603563880038,0.0892745646264951,-0.7897546794952254,1.0262583580301923,-0.4828493724394227
1.002004008016032,0.2492533911879886,0.05099138983877913,377.7068999281748,0.07082176589491719,0.5532077894594221,-0.25119791197792407,-0.30200987747976765,1.1728660469809324,0.17834632783241544,-1.351212374814173,-0.5311669093877629,-0.5750461742342564,1.1062130836246475,-0.7886577295467182,1.0257953514755158,-0.3100398206401947
1.006012024048096,0.24913807805285862,0.05098487700478981,379.2183920244004,0.07596032995921007,0.0223528041175811,0.4526383383267408,-0.47499114244018703,-0.8068765077905625,1.4639550777914068,-0.6570785700004586,0.9514256490811168,-1.0026818325113933,0.05125618343282844,-0.78782594759853,1.0156445335844928,-0.2833440394581499
1.0100200400801602,0.24902435907053563,0.050958320995640356,380.7292593509235,0.06577925855184479,-0.513307913581224,0.3192709925804487,0.19403692100304976,-1.273175347535457,0.005771227348178205,1.2674041201874071,0.6871913555166992,0.4598910290651126,-1.1470823845789326,-0.7873910976927474,1.006255764488683,-0.28285836252659624
1.0140280561122244,0.24892888710487862,0.05092251903554988,382.23969724048163,0.04639154872003651,-0.11781417506406654,-0.3646793797203454,0.48249355478794714,0.6474435040241814,-1.463869431191985,0.8164259271677414,-0.8966887249125666,1.1089494457302986,-0.21226072081410274,-0.7873087284172581,0.9980428099446484,-0.2828495357865587
1.0180360721442885,0.248849224500799,0.05088406563371846,383.7498722780516,0.022627660170914977,0.4635132869667738,-0.36947226556703017,-0.09404102139705671,1.3545563911036957,-0.18856174740298798,-1.1659946437008342,-0.8347154070792494,-0.32620562112096335,1.1609210282032465,-0.7875335983938335,0.9909068777493906,-0.28284937540739263
1.0220440881763526,0.2487828920438615,0.050847150197733545,385.2599053895114,-0.0022265095369466232,0.19619027842376652,0.2802078115746389,-0.476398089995598,-0.47935510864854636,1.4410013495530314,-0.9616462409044734,0.8140761608404884,-1.1886156913587522,0.3745395305210593,-0.7880246387933064,0.9847439621971322,-0.28284937249335157
1.0260521042084167,0.24872783033651769,0.05081427460580436,386.7698823114792,-0.026033534730366154,-0.4093406159401489,0.40350761355472886,0.005833002388107564,-1.4143261243606688,0.36692615888121627,1.0473999654794828,0.9657602030345048,0.17853284888064874,-1.1442930519124928,-0.7887448505965153,0.9794552527409793,-0.28284937244040753
1.0300601202404809,0.2486823297907778,0.050786754246436805,388.2798621991457,-0.04749060279458366,-0.25951350625323144,-0.20044526733855156,0.45995877359475423,0.30519189306990613,-1.3962044838447243,1.091012590774888,-0.7081540273502833,1.2410922897102674,-0.5329382623572323,-0.7896610737890184,0.9749480949127002,-0.2828493724394455
1.034068136272545,0.24864728324796426,0.05076511956810306,389.7898841172175,-0.06589613317157368,0.3541082668027769,-0.4246709371236193,0.0705626703234811,1.452707383154592,-0.5386565631245002,-0.9140508200301174,-1.0774569439665056,-0.02236079176654343,1.0998177357357284,-0.7907417045345824,0.971926999093835,-0.3862168742293201
1.0380761523046091,0.24873754589222857,0.050762693867015186,391.3001686208674,-0.07618978773146036,0.30029884790312406,0.15854920660266925,-0.4588480545033788,-0.13299690250217017,1.3367663316993543,-1.2037694291971084,0.5802977792099799,-1.240179602738224,0.6598818235296227,-0.7916960414829798,0.9812248498747486,-0.481093504435289
1.0420841683366733,0.24885643282601186,0.05078435655014215,392.8111018498456,-0.07007334686934287,-0.3645995590720533,0.45446337520475444,-0.08986381613028568,-1.4717443824575007,0.692765642491975,0.7789787399663894,1.1021345062820898,-0.10808589909465557,-0.9940486071848038,-0.7922491485698114,0.990968508269953,-0.48281746506401957
1.0460921843687374,0.2489566663932854,0.05081775174258526,394.32252375900515,-0.052956357545281,-0.33092908595094694,-0.15460572965484368,0.4855348156088797,-0.0340384773355461,-1.2576392872093276,1.2916777645451478,-0.4443358432149418,1.1797148091115133,-0.7353789658939122,-0.7924366713997185,0.9994761371355575,-0.48284879292402205
1.0501002004008015,0.24904016286890604,0.05085551205034703,395.8342517013918,-0.030222352914422938,0.37103499421816877,-0.4884042077501761,0.11736921353430198,1.4672128456842761,-0.8359426709492795,-0.6312701747353,-1.107996275195427,0.22617878079471868,0.8818174944028606,-0.7923060485877834,1.0068676658859417,-0.48284936190432776
1.0541082164328657,0.24910986342976651,0.05089295282518815,397.34615300159504,-0.005554172382299784,0.37012300553937655,0.13454831072501736,-0.5046713162620379,0.20229836018951514,1.1613090835689923,-1.3636074437585108,0.31381017497395,-1.1172864248390062,0.8034762498674158,-0.7918992743587107,1.0132768443281124,-0.48284937224799757
1.0581162324649298,0.24916814482537633,0.050927193269343765,398.85813381678287,0.01863816958630801,-0.3637067207152186,0.5209375378214903,-0.15723081710401418,-1.4434501740956418,0.9694977907073381,0.473952383388334,1.1083773597343418,-0.3377102448845051,-0.7706671148476093,-0.7912533335684145,1.018820174837939,-0.4828493724359496
1.062124248496994,0.2492168726342981,0.05095662489344782,400.37012949946916,0.040867135455252036,-0.41353452775722915,-0.10077266029553149,0.5143071880549492,-0.3692588499577113,-1.0488258716122079,1.418084721570196,-0.18686596421814677,1.0513537664384356,-0.8644878022181758,-0.7904008486352667,1.0235991920932048,-0.48284937243936454
1.066132264529058,0.2492575200438724,0.05098052554926779,401.88209694965735,0.06029829913098491,0.3434274368665593,-0.5490295341032513,0.20560209723736628,1.4002176774244062,-1.0910605393172692,-0.3091571381077079,-1.101990373658454,0.44325054462148494,0.6587398290381812,-0.7893706352734516,1.0277026862819414,-0.48284937243942655
1.0701402805611222,0.24921614758817534,0.050992266195650934,403.39393678330856,0.07477999315021425,0.4535715191268716,0.03964639803707149,-0.4932179171646819,0.5335968158569729,0.9165270514506949,-1.4501238673082328,0.05637919105762811,-0.9911025669873524,0.9347233759320718,-0.78831687236965,1.0221568242977295,-0.28911700249166983
1.0741482965931863,0.24909428575136622,0.05097674625056738,404.90518170973615,0.07366768016995406,-0.25287947598834337,0.5291131959428315,-0.27623371995285495,-1.3297632960968402,1.2004957269252357,0.12926756917145665,1.1386254581984079,-0.5873423467631034,-0.5512831114340121,-0.7876338654729809,1.0120757262606663,-0.2829631624507654
1.0781563126252505,0.24898738237651658,0.0509458255838627,406.4158688807331,0.0594348717861224,-0.4719654443667614,0.06296158889106941,0.40900385547539436,-0.700915767623262,-0.765526738601572,1.4664425062244395,0.10033891591571446,0.9533971800182862,-1.0537360959328737,-0.7873332136182208,1.0031256472573513,-0.28285144219015995
1.0821643286573146,0.24889801278742152,0.05090843291343665,407.92619364395284,0.03797234364960192,0.14949155984829218,-0.4862147404405529,0.3367231805933225,1.2425965831769612,-1.2969694357564394,0.05437285257950752,-1.1710106089054808,0.7422853673355442,0.4287252415707482,-0.7873680282565899,0.9953189607851992,-0.28284941004631353
1.0861723446893787,0.24882349404207801,0.05087015900706134,409.43630459660943,0.013494907191233205,0.47490733494382936,-0.1491030782039642,-0.32580425673905017,0.8560910375814641,0.6041859315656669,-1.4602769691471278,-0.2621801220542415,-0.8868328493586695,1.1490129714137804,-0.7876945748849413,0.98855075844898,-0.28284937312270175
1.0901803607214429,0.2487615072337427,0.0508345067330847,410.9463086371568,-0.011174272315666896,-0.05731555316917641,0.4371882405468932,-0.37987268737690394,-1.136837495297683,1.3724093361434269,-0.23557184084571975,1.1722479901324163,-0.8832689108908879,-0.28897907924074084,-0.7882732982415601,0.9827187383423932,-0.28284937245184244
1.094188376753507,0.24871012712756066,0.05080349209235873,412.45628087246575,-0.03423570867854958,-0.465963836714963,0.219732964749973,0.24623087196603757,-0.9968203242198059,-0.4348216483760573,1.4316419725958425,0.42323042328090543,0.7946032989309617,-1.2178337222110491,-0.7890686327198824,0.9777262741181683,-0.2828493724396533
1.0981963927855711,0.2486677560960233,0.0507780950587794,413.96627248044985,-0.05462933879296015,-0.024142128169380384,-0.3845089905181048,0.40865111868898396,1.0144715409643825,-1.426306906852474,0.4118353658880368,-1.1446388606763607,1.0070517078608925,0.1375871528172406,-0.7900487598620932,0.9734830949890444,-0.28284937243943187
1.1022044088176353,0.24866504529061093,0.050760440894883456,415.4763277795891,-0.07154674290155282,0.4544577725704471,-0.2733123430632962,-0.181145429506653,1.1231159026896071,0.26174561990918027,-1.384861522599469,-0.5737236302345712,-0.6801147355703911,1.2538383658059684,-0.791144350399818,0.9747225363305996,-0.46062354135550765
1.1062124248496994,0.2487829809227341,0.050768611157671596,416.98684884373785,-0.07565794263384813,0.059960554063118614,0.37519046369624365,-0.435151017757477,-0.8862061646186673,1.4618312037581944,-0.5756250391399711,1.0640445379349353,-1.0686550875208443,0.004610549587784174,-0.791952515636155,0.9849462529747458,-0.48244518100296024
1.1102204408817635,0.24889531519844138,0.050795668553850835,418.4979854479077,-0.06477032618687807,-0.4819777928734695,0.3004464586165861,0.18153133425807413,-1.2243955928436556,-0.09613239431268197,1.3205279871565019,0.6604489930342821,0.5437929272226232,-1.204241920255799,-0.7923655591690758,0.9942319429140892,-0.4828420275456431
1.1142284569138277,0.2489890322425738,0.05083135087767456,420.009537867713,-0.045066949816511374,-0.08134872664264932,-0.38767647164993485,0.4690251982937914,0.74660360478267,-1.4720872217163063,0.7254836169334034,-0.9550362734169652,1.083171422137659,-0.12813514871943596,-0.7924309976105808,1.002313623129006,-0.48284923896928184
1.1182364729458918,0.24906715522357686,0.05086943249965925,421.52134243577194,-0.021271404993842193,0.5053727120100101,-0.3371722780472428,-0.1682004339610286,1.3092409951735064,-0.07219185203164918,-1.23704914314177,-0.7364975416304248,-0.41221687588138967,1.148714417513522,-0.7921943192424225,1.0093302727177005,-0.4828493700143175
1.122244488977956,0.24913242439230843,0.0509059596051685,423.0332820010049,0.0034472989665841206,0.11677317626600486,0.3867542365901929,-0.5035274128545718,-0.5959252833605303,1.4632860040772386,-0.867360720716694,0.8474365592330758,-1.0922110669190095,0.24477450768754277,-0.79169560105555,1.0154091705431183,-0.48284937239536213
1.12625250501002,0.24918700954232822,0.05093857268509009,424.54527446317957,0.02705413779247151,-0.5203185819198448,0.3801241583973871,0.14019442352380035,-1.3776355497961832,0.24104574378832652,1.1365898060077075,0.8055385780359646,0.2844153590784743,-1.0899539371130322,-0.7909701576439347,1.0206610699047765,-0.482849372438627
1.130260521042084,0.24923262534021673,0.05096602581704285,426.0572638314426,0.04832762046991168,-0.16236575519923635,-0.37277123726295913,0.5351369924634786,0.4361534811966027,-1.4349910798085765,0.9988375986122277,-0.7391846924893359,1.0947310641875458,-0.35554637169713693,-0.7900491556306788,1.0251825824294678,-0.48284937243941317
1.134268537074148,0.24926609112844375,0.050987788909167504,427.56921389122755,0.06663256753036045,0.5233755396896194,-0.42501031404637685,-0.09836522563951401,1.427062505901295,-0.40760586206540594,-1.0194566438353037,-0.8677540879319735,-0.15889734499670244,1.0266514329311733,-0.788964340471034,1.0278169244409998,-0.36077987527052513
1.1382765531062122,0.24917051117133998,0.05098902220884787,429.0808767587316,0.07624400083152992,0.22775694365238724,0.3111013765132932,-0.5388583201679327,-0.26332040093566306,1.381050473322882,-1.1177300723873889,0.6350306323769581,-1.1191378062629518,0.4841071738846151,-0.7880280706129202,1.018308016039337,-0.2842656762802846
1.1422845691382764,0.2490523057108489,0.05096644750609278,430.5918907139327,0.06951261274654603,-0.4502505381353819,0.4551425561910816,-0.004892018056876224,-1.4565854746766913,0.5793534360354418,0.8772320386413144,0.9891945947762286,0.010250540299913152,-0.9994451350762241,-0.7874925701822943,1.0086095589951682,-0.2828751217098949
1.1462925851703405,0.2489522322693544,0.050932331820268045,432.10242339478566,0.05201484312065799,-0.29859120883078916,-0.2054228747858225,0.5040140836164311,0.0803893572917197,-1.308773529184187,1.2283841718924609,-0.5252006180136511,1.1695304032600975,-0.644329785247066,-0.7873219528889613,1.0000971892436195,-0.28284984035264105
1.1503006012024046,0.24886868858547637,0.05089410468565585,433.61265433094695,0.029038013742507314,0.3693147266217105,-0.4678272893471853,0.09851256272347206,1.4672898923668058,-0.743253411607234,-0.7240364807598026,-1.0991025745274037,0.14912300125456057,0.9499795732718219,-0.7874700200546864,0.992689531134679,-0.2828493809412879
1.1543086172344688,0.2487990823753782,0.05085650080617871,435.1227153913669,0.004232876622827277,0.3511350738762779,0.10990751104401063,-0.4610425849213338,0.10214715710898381,1.2168183564690846,-1.3189655135780718,0.39518202972139393,-1.1888565230778074,0.7936744933553651,-0.7878946080296274,0.9862816283253715,-0.2828493725939039
1.158316633266533,0.24874125048277104,0.05082241007642416,436.6327006257641,-0.019995482469909974,-0.2907248153867142,0.4670362985117927,-0.1763114831260654,-1.4551517086088983,0.8942421436188246,0.5609095649901054,1.1836610220943964,-0.31096307606350637,-0.8726979460319059,-0.7885576751237297,0.9807731824238681,-0.2828493724422344
1.162324649298597,0.24869339612320232,0.050793418314891314,438.14267544376213,-0.042150982592900475,-0.38823075960554654,-0.024719396640944503,0.41295015624572023,-0.28169425755300753,-1.1068703667896205,1.3885646243426408,-0.25044884583542726,1.1784853624532938,-0.9280365166187934,-0.7894250819965531,0.9760698839783882,-0.2828493724394788
1.1663326653306612,0.24865401734140538,0.05077021335959949,439.65268377432034,-0.06138994912365461,0.21559590427409997,-0.45579343103790526,0.2401975267628859,1.4209081544482243,-1.0305153175582986,-0.3903928368897477,-1.2422437456591513,0.4702544367844278,0.7719893088738958,-0.7904663400068774,0.9720839422035711,-0.2828493724394287
1.1703406813627253,0.2487041714419785,0.05076024601060286,441.16284024671575,-0.07520102111934149,0.41532487451288785,-0.032156403167043435,-0.3831684715596929,0.4539308536720532,0.9862076381555102,-1.4401384917998545,0.10173104730580718,-1.1280065169257514,1.0262754693653413,-0.7915074677918468,0.978423843586335,-0.4777009664098374
1.1743486973947894,0.24882610845759337,0.05077695831952613,442.6736069180713,-0.07312992279534979,-0.20502945614627188,0.475715043114186,-0.27068558720519764,-1.3730457845398274,1.1476696373155824,0.225376147223742,1.2213445780847398,-0.5794442665233748,-0.6419003117956559,-0.7921673275778376,0.9884716816607523,-0.48275580500825555
1.1783567134268536,0.24893142622304715,0.05080810299763207,444.1849184105099,-0.058338152865740865,-0.4479391272362004,0.04735913779366087,0.40057998921903865,-0.6094864214306757,-0.8559558837786618,1.465442305209178,0.027263011261634357,1.0233217520573135,-1.050584763542172,-0.7924482464126649,0.9973059947368732,-0.48284767214197294
1.1823647294589177,0.24901912212104937,0.050845269961989376,445.69657980794216,-0.03666675832870557,0.1986941160182502,-0.5025964614742829,0.3039023452437559,1.302987046185777,-1.2446519819875437,-0.058335064198374864,-1.172883419524835,0.6633156498814972,0.5095677694312015,-0.79239870419882,1.0049856752683815,-0.48284934154548526
1.1863727454909818,0.24909229023477722,0.050883164603764706,447.20844581007736,-0.012218646272124253,0.48348200416062814,-0.07755388559820182,-0.4059281187645805,0.7584836168236447,0.7130729767571272,-1.4715565935809178,-0.14867951637165672,-0.9195609751100747,1.068240491279711,-0.7920621706885642,1.0116484736363636,-0.4828493718780936
1.190380761523046,0.24915345612175796,0.05091848302395557,448.72041321899076,0.012293775226051053,-0.176903685252817,0.5223510001238901,-0.3454473150637698,-1.2152729783374534,1.3263129834764595,-0.11104000513909504,1.1214525923774068,-0.7401138445225655,-0.3813387480474532,-0.7914769204465127,1.0174154302522826,-0.482849372429229
1.19438877755511,0.24920460529181318,0.05094931867026059,450.2324104040597,0.035165769062058046,-0.517869339853772,0.11955271199391729,0.39831662767611437,-0.898737259106352,-0.5595811464897654,1.4583184055960212,0.2642230372866765,0.8153729429059811,-1.0795959803762871,-0.7906766991407733,1.0223919119547824,-0.4828493724392424
1.1983967935871742,0.24924731970924105,0.050974743156174666,451.74438908601076,0.05540921313506295,0.14200089080423892,-0.5331815670413852,0.3911806760625782,1.1107149031837682,-1.3909250568915996,0.2802101537077489,-1.0652902180907124,0.8097367183379275,0.2555534995779286,-0.7896913039876633,1.0266699380647042,-0.48284937243942433
1.2024048096192383,0.2492448226520233,0.05099210494667953,453.2563015279837,0.07212525394033571,0.5413841288068905,-0.174895627685276,-0.3664885012877953,1.0264470633944012,0.39525211003897737,-1.4216991734335798,-0.3801128230356448,-0.7112195539804902,1.0913323768504453,-0.7885981818600405,1.0248703092519065,-0.3011138557697857
1.2064128256513025,0.2491260082116288,0.05098295715629046,454.7677266023492,0.07554515485947463,-0.056253616487198635,0.4881618079356546,-0.4319081916070832,-0.9816804145346827,1.434382737900655,-0.4527023233664023,1.0341395779760543,-0.9157428893407181,-0.11839668879358331,-0.7878062001418386,1.014676533053982,-0.2831817838221253
1.2104208416833666,0.2490141056599867,0.050955096655262044,456.27854266419433,0.0641885239061527,-0.5167265541171505,0.25503977141846007,0.2616867825476646,-1.1492803391766153,-0.2146602511949945,1.3639405903712678,0.5416258071200396,0.6145247165707506,-1.156150523841299,-0.7874077443514942,1.005407741696153,-0.2828554038469345
1.2144288577154307,0.24892033420045492,0.0509187785926792,457.7889479952514,0.044181190901054275,-0.04448682651288177,-0.4105385686335584,0.4550253950032547,0.8379368546051911,-1.4619372297435402,0.6240003751382573,-1.0026591379219598,1.0390858444999764,-0.03642670672102409,-0.7873570848921434,0.9973068108163132,-0.28284948214976674
1.2184368737474949,0.24884210619432856,0.05088032532255647,459.2991043948767,0.020186989387572237,0.48070854601343044,-0.3172574712596091,-0.16345107489041075,1.2543764932778416,0.03229556058321628,-1.2866720538610665,-0.697649063013525,-0.4960351989516534,1.1936842618285572,-0.7876093847836293,0.9902723780992144,-0.2828493744328218
1.222444889779559,0.2487769837191915,0.05084372247853049,460.80912875919637,-0.004640919316597453,0.12931812498065443,0.33372578704962436,-0.46304391216055657,-0.6824404473592018,1.466507901826478,-0.7840674544673392,0.9415259576744103,-1.138657020495536,0.1971310626909085,-0.7881239930575865,0.9842007765042593,-0.28284937247564784
1.2264529058116231,0.24872293887557054,0.05081133926329222,462.31910391751063,-0.02825850991473164,-0.4379814079054112,0.36297711814872063,0.07500428963219649,-1.3391845419969757,0.14907321883786695,1.1901113231589133,0.8412052726175374,0.3597521077054421,-1.2009573804469913,-0.7888643067641863,0.9789938440323295,-0.28284937244008534
1.2304609218436873,0.2486783162033278,0.05078438251225245,463.8290865729048,-0.049436784301870186,-0.199882892375376,-0.2593228332753318,0.45920572553250855,0.5176543768903854,-1.4485668807539835,0.9309125038637073,-0.8547750812293993,1.2130888439164096,-0.35831376280530797,-0.7897975377879765,0.9745594405697094,-0.2828493724394397
1.2344689378757514,0.24864905072068397,0.050763467263060906,465.3391139471995,-0.0675268367961501,0.3937849413878898,-0.395293570892864,0.0015086293925238858,1.4043965177865163,-0.32711441243948913,-1.0772821053469657,-0.9678841014132668,-0.21131664472112605,1.1792007460225529,-0.790887301863517,0.9725307129174281,-0.41903714093176214
1.2384769539078155,0.24875060569001634,0.05076417331546283,466.8494602587594,-0.07618554287295431,0.24189895424374017,0.22567649564163098,-0.4675754499941346,-0.35276793598941864,1.4147442630883582,-1.061976327099873,0.737973882366089,-1.230102462814606,0.49212858034128726,-0.7918008034233138,0.982316619360683,-0.48168838078650805
1.2424849699398797,0.24886779591301617,0.05078748831164873,468.36045347750394,-0.0686470334040271,-0.4102748007970606,0.4257558994954817,-0.015481098800489517,-1.4473808275396334,0.48882072514124053,0.958560102398376,1.0098951633796915,0.076132148045672,-1.0860273115275207,-0.7923126666925989,0.9919313259555382,-0.48282826294714964
1.2464929859719438,0.24896612719009822,0.05082158827685715,469.8719141892373,-0.050746813271597135,-0.2707280520077276,-0.2261793407588748,0.49690739266876066,0.18831285605646123,-1.3586606610078236,1.17034780495097,-0.605310393991471,1.1892614153953704,-0.5839510215012641,-0.7924641296186452,1.0003152365439372,-0.48284898901801165
1.250501002004008,0.24904804760821578,0.05085947770994965,471.3836651876521,-0.0276777848102995,0.42154453316026896,-0.4613373105952541,0.03979277734157351,1.468235213070657,-0.6437072412867073,-0.8245279717842634,-1.036215739899483,0.049777266140326466,0.9864384736661372,-0.792302102958017,1.007597872257285,-0.48284936547197677
1.254509018036072,0.24911645756838222,0.050896682454782134,472.8955781972907,-0.0029755360511271845,0.30995150546049144,0.21087484622176988,-0.520826351770705,-0.019765804918989605,1.2843030338037427,-1.2645372288848002,0.47708161872556026,-1.1453845279509112,0.6683029091369569,-0.7918680249752433,1.0139111049861491,-0.4828493723128422
1.2585170340681362,0.2491736635142938,0.05093047077829295,474.40756285578397,0.021061093794300437,-0.4201974249456576,0.49768659752742184,-0.07748917266604405,-1.4700656481800995,0.7915619109941245,0.6785037371859549,1.0563913373190565,-0.16966570396262587,-0.8867256334406902,-0.7911983950713326,1.0193697562731994,-0.4828493724371275
1.2625250501002003,0.249221486224988,0.050959342829453705,475.91955706717545,0.0430231988597307,-0.3552338456118324,-0.18164349130918722,0.5368773368417556,-0.15040221371715373,-1.1923473372681943,1.3427495509858416,-0.3513593015843687,1.0969980143126397,-0.745638712808081,-0.7903254131389648,1.0240739420493503,-0.48284937243938597
1.2665330661322645,0.24926137177818658,0.05098264119246877,477.43151957970616,0.06213077371748129,0.4064553177305211,-0.5314544358275192,0.12499911802254347,1.452280990983888,-0.929921287133364,-0.5223597038493781,-1.0693650078722632,0.2843429489174446,0.7850220588790955,-0.7892775255189626,1.0281111434026995,-0.48284937243942694
1.2705410821643286,0.24920446101686222,0.05099181583809699,478.9433205084856,0.0754945763453582,0.40205499292945407,0.11925320051569377,-0.5213081935189499,0.32223544134772186,1.0780662317966616,-1.4003016731460478,0.22262672570209185,-1.0579976159868367,0.8353708902080516,-0.7882472352335355,1.021159797300314,-0.28706029512518066
1.2745490981963927,0.24908297394251985,0.050974191534659444,480.45450052514184,0.07277358962320497,-0.31736390239971485,0.5236390417985405,-0.20627513947230128,-1.4076346299608242,1.0603665824093504,0.34726804755111057,1.1313723479822162,-0.435630021406179,-0.6957423266492841,-0.7876028944826657,1.0111636757871258,-0.2829259013593764
1.2785571142284569,0.24897790235533454,0.05094228741891432,481.96514328224316,0.057573347101670086,-0.4361928096221401,-0.01245445780953642,0.44864726736158994,-0.499345204262833,-0.9448716105903305,1.444216814852982,-0.07451728613417233,1.0444328945476011,-0.9699156084834503,-0.7873364639613587,1.0023286321789844,-0.2828507629394688
1.282565130260521,0.24889009463843995,0.050904575248788525,483.47544048871714,0.03563560215880487,0.2172509410086787,-0.49555625251916885,0.2783053114440915,1.3457733980078135,-1.1791816738021612,-0.16659172420572083,-1.1868918130595358,0.5964553031380935,0.5904365098549376,-0.7874010809075684,0.9946270532345707,-0.28284939770725936
1.2865731462925851,0.24881689500191412,0.050866420544960815,484.9855362058501,0.01102058447490864,0.4536481835125233,-0.07912663108682795,-0.37452155248932545,0.667218626641674,0.7983536236397857,-1.4655722502815374,-0.08306245404340347,-1.000444720923909,1.083507174903786,-0.7877534195128829,0.987953945029992,-0.28284937289854556
1.2905811623246493,0.24875602208084488,0.05083114702521071,486.49553376024534,-0.013565534827298399,-0.12611592373397262,0.45899660202540277,-0.33288067835202834,-1.263501871108309,1.2786039366788806,-0.015102065570597262,1.2119927361058251,-0.7476366224229805,-0.4643561137435341,-0.7883543205512513,0.9822073248680219,-0.2828493724477695
1.2945891783567134,0.24870558598059994,0.05080065097425726,488.0055055759799,-0.036407977525373426,-0.4577902100255316,0.15621034874801315,0.3015798612194994,-0.8234724089585023,-0.6406990120431436,1.4641714210015269,0.24430353204175048,0.9288403160340669,-1.1731438481337533,-0.7891685931572767,0.9772912170680617,-0.2828493724395793
1.2985971943887775,0.248664036524832,0.05077584167507586,489.51550083280125,-0.05650703707501927,0.04391547522269607,-0.41667198157443475,0.3727565062969799,1.1625465593283362,-1.3577889561005845,0.19524239677217892,-1.2082015134303004,0.8853231559882622,0.3228783573873421,-0.7901647686155602,0.9731160063483507,-0.28284937243943054
1.3026052104208417,0.2486748445745251,0.05075992641657231,491.0255755540358,-0.07277129646470692,0.45841496826908923,-0.21379737748104627,-0.2446175908408613,0.9672789504375725,0.4771889485479602,-1.4444678989850037,-0.39789466467292745,-0.8305277734601583,1.2284224380807822,-0.7912514246473802,0.9757512609072279,-0.4680725131407614
1.3066132264529058,0.2487954214359714,0.05077070253748626,492.5361655877751,-0.07512594269666178,-0.013600032793282521,0.4164933632426918,-0.4028933304989693,-1.0535046709743348,1.4180262658887732,-0.3645215949145816,1.1430181261768462,-0.9616388370560393,-0.181379289170345,-0.7920168524635527,0.985973073389277,-0.48258076441571607
1.31062124248497,0.2489057440838324,0.05079898576230311,494.04735313852916,-0.0630814241183325,-0.4883367923143115,0.23828298737146075,0.2500538048950029,-1.0870030435477975,-0.3166321442510044,1.403635187798891,0.4991396668259937,0.6989823983072108,-1.1981220651810767,-0.7923913902231268,0.9951279831770785,-0.48284449288893067
1.314629258517034,0.2489976992772626,0.05083514295291958,495.5589374166595,-0.04278451695367386,-0.004173143009145189,-0.4332473950555907,0.43742053801788244,0.9293670168168016,-1.4533790690044304,0.524012052186673,-1.0478892492769587,0.9966703841485909,0.05121886508148349,-0.7924233143349728,1.0030924498895861,-0.48284928375845604
1.3186372745490982,0.24907438065459006,0.05087320301348965,497.0707600309232,-0.018779717272645814,0.5156916207503519,-0.27418200076793736,-0.2415096200267155,1.1928767962796643,0.1502620345065439,-1.343138830786421,-0.5908005310036346,-0.5710864523070724,1.1618869832665846,-0.7921575311226514,1.0100059026764294,-0.4828493708279296
1.3226452905811623,0.24913845611128413,0.05090941519824566,498.5827079060792,0.005897458119701845,0.036807063907680015,0.4380328531922025,-0.474839917141986,-0.791934222633305,1.4701681956927541,-0.6782339730594585,0.952939473689669,-1.0255490569014984,0.07260958316973254,-0.7916335909634757,1.0159939692887736,-0.48284937241014575
1.3266533066132264,0.24919203791656655,0.050941536646941094,500.0947019248313,0.02930661645319923,-0.536498286610767,0.31810678278476706,0.21839150378361127,-1.2839852665617497,0.01952829991404112,1.2644569666446874,0.6755138212538979,0.44588843988910276,-1.1214022611852958,-0.79088634942241,1.0211656058341836,-0.4828493724388956
1.3306613226452906,0.24923681325952238,0.050968429840810674,501.60668832755454,0.05029410660852132,-0.0807477796569807,-0.4305756778200619,0.5113234574365415,0.642913770384255,-1.4675459604686556,0.8246321900842727,-0.8561369724005459,1.0474629661549613,-0.19132599379482362,-0.7899465741250886,1.025616257465459,-0.482849372439418
1.3346693386773545,0.2492633293606153,0.050989352605112816,503.1186324529514,0.06826963825642218,0.5451388963966536,-0.3661382669923463,-0.17900062944290518,1.3568249373217758,-0.19020313640378417,-1.166621800918352,-0.7548548537279758,-0.3216373529012953,1.0764922065908777,-0.7888524789910917,1.0271937868473073,-0.33531502143682346
1.3386773547094186,0.24915824962228023,0.0509875599773072,504.63023319305825,0.07624049044211698,0.15269582872443907,0.371487086913917,-0.5241829156761735,-0.47703833949997054,1.4394729092498268,-0.9624345697495642,0.7681107217057296,-1.0959705906934845,0.3278598689496041,-0.787953855238894,1.0173178611190088,-0.28380300540529885
1.3426853707414828,0.24904166195681723,0.050963408599720136,506.1411898747794,0.06815138822751902,-0.48284537169003894,0.4111402819508403,0.0717050897032513,-1.4142369078486001,0.3703535123161774,1.0438833955326206,0.8925959667290012,0.18241870389206652,-1.0750146706572103,-0.7874558468240553,1.0077322140186693,-0.28286670707938405
1.3466933867735469,0.24894330800326891,0.05092858799231383,507.6516851417305,0.0498969016523544,-0.23444664606318283,-0.270587109380318,0.5050337554089205,0.2995952001716579,-1.3935363496506428,1.0939411494790392,-0.6774042916000882,1.168748756831476,-0.49134446526590747,-0.7873181275274594,0.9993312768303461,-0.2828496874364575
1.350701402805611,0.2488612301351435,0.05089023882259201,509.1618937250271,0.02659279503508499,0.4124376682661127,-0.43861551396050574,0.026177845661859267,1.4523165877579007,-0.544675004865133,-0.9076415828927312,-1.0189745665227927,-0.029969633389469785,1.0489441998799143,-0.7874948295710775,0.9920248691284251,-0.2828493781628465
1.3547094188376752,0.24879286047776625,0.05085287257591226,510.6719432615448,0.0017484600515802022,0.2980149055713445,0.17750972305914525,-0.4755246286614447,-0.11908886421906117,1.3263483929131918,-1.2072595286940973,0.5631771940116005,-1.2115902910207699,0.6484130969783222,-0.7879441948033519,0.9857082907876504,-0.2828493725434246
1.3587174348697393,0.2487360744038658,0.05081922897887613,512.1819246085704,-0.022334249975088524,-0.3417910906471613,0.45130163005863866,-0.10951053944129169,-1.467568566393678,0.7090930036925661,0.7584755627010167,1.1229433066864891,-0.12943683663258276,-0.9935064700835887,-0.7886285686903006,0.9802817923298358,-0.2828493724413174
1.3627254509018034,0.248689108338024,0.05079078849134792,513.6919007644829,-0.04423409761957418,-0.34598326928652795,-0.09277722166838334,0.4387604909273115,-0.06185505380661564,-1.2393035257412297,1.3011585795480087,-0.43064096924921197,1.22514351338325,-0.7945025441618355,-0.7895141759129,0.9756516654008192,-0.2828493724394621
1.3667334669338675,0.24865048884605445,0.05076816551223025,515.201913901226,-0.06315954501668126,0.27242591298554825,-0.45223902109078723,0.17981310807868395,1.4603493921187731,-0.8615478124648358,-0.5988015796539368,-1.203092381603751,0.29054990337948366,0.9125424781977637,-0.7905708654905,0.9717379142694157,-0.29492701505499036
1.3707414829659317,0.2487167288037913,0.050760923098801446,516.7121134113147,-0.07576006793636073,0.3799204600386812,0.04016391010444485,-0.42008437014228683,0.23744255016878185,1.139948888977076,-1.377391439145668,0.2881098654080061,-1.1932620655565154,0.905152200146657,-0.7915823678955761,0.9795077102282165,-0.47943651272108523
1.3747494989979958,0.24883780462222746,0.05077962349456725,518.2229449084205,-0.07209750194417362,-0.2703717898035589,0.47741679601959197,-0.2070450062173778,-1.4376219445646146,0.9953016337269291,0.4423203108367412,1.1992097158737791,-0.40909438433587136,-0.7901153315386398,-0.7922006805664897,0.9894452235539228,-0.482787301666432
1.37875751503006,0.24894114849174817,0.05081169066428378,519.7342998996279,-0.05637337741414871,-0.41230884909374255,-0.029001051816853002,0.44130990090934064,-0.40037210497238057,-1.0268119442275507,1.427184049200042,-0.15387828240734458,1.103505215617227,-0.9496269332113686,-0.7924451787336423,0.9981522943194185,-0.4828482443560425
1.382765531062124,0.2490272034749996,0.05084912249644346,521.2459875902449,-0.03426678766974511,0.2687179832490661,-0.5073570328672203,0.23863904961542518,1.3913374712138462,-1.111892830558991,-0.27944464065511043,-1.170734697658103,0.5078894812700538,0.6628452163863635,-0.792364016273703,1.0057196056875646,-0.4828493519399322
1.3867735470941882,0.24909902551846583,0.050886870972189135,522.757867721643,-0.009713472543834869,0.44981353320676687,0.0021149665424401165,-0.451928499750885,0.5596628699441186,0.8990035951816414,-1.458666465125714,0.026474390019596616,-1.0135770416215646,0.9871026516002781,-0.79200008843399,1.0122835780507655,-0.48284937206699385
1.3907815631262523,0.24915906693199255,0.050921789837050986,524.2698405937152,0.014688578312181703,-0.2520026509636683,0.5322762387671279,-0.2802735878001832,-1.3264657033142815,1.215068012654317,0.11139769065667382,1.1382402226964672,-0.5996394803049059,-0.5386007424135413,-0.7913911659138904,1.0179633224093396,-0.4828493724326593
1.3947895791583165,0.24920927446133342,0.05095210031230697,525.7818374544053,0.03732351933168721,-0.48822520910615086,0.037525732494651576,0.4506994765960615,-0.7128928216874324,-0.7582656434694914,1.4711584651570335,0.09579631998725605,0.9220281852100597,-1.0178245052130748,-0.7905705565222154,1.0228629136883947,-0.4828493724393047
1.3987975951903806,0.24925119542855698,0.05097694928110909,527.2938119592502,0.05726126428967387,0.2220112619204463,-0.5498614518302135,0.3278501898954172,1.243433540511174,-1.3028114469862566,0.0593779064764124,-1.1001357579799642,0.6845083988141173,0.41562735915141913,-0.7895676740127419,1.0270728999695011,-0.4828493724394255
1.4028056112224447,0.24923445644771072,0.05099238272624295,528.8057015773434,0.07324394500160783,0.5175990326836312,-0.09537017350502332,-0.4222288591924339,0.8569292141114399,0.603028674712026,-1.4599578888235958,-0.22028582745772832,-0.8318415705658607,1.0521273980096384,-0.7884849189618734,1.0238465375427395,-0.2949608559556401
1.4068136272545089,0.24911353877501888,0.050980647906342005,530.3170566641522,0.07489378540233364,-0.13305245433304724,0.5128625750278122,-0.3798101207088174,-1.1341875658431873,1.3722465258052086,-0.2380589599622059,1.0939196080876916,-0.8077719864260011,-0.28614762167549634,-0.7877349729467416,1.0136664482370537,-0.28306946144042416
1.410821643286573,0.24900356971640947,0.050951549869894974,531.827821392819,0.06238238420645143,-0.5089407952646895,0.18574186943050727,0.32319892581969395,-0.9993506558243272,-0.430227004273904,1.4295776600980172,0.3832627123486648,0.7559382021964755,-1.1392009145591022,-0.7873745273134245,1.0045204492349775,-0.28285337188061016
1.4148296593186371,0.24891152034129596,0.05091477701422356,533.3381944535747,0.041782817657547,0.029357757869687334,-0.44720531941866337,0.4178475615353097,1.009406494916751,-1.4268080763515427,0.41740158143483597,-1.0863561837470992,0.9455018138681517,0.14085436986461228,-0.7873571096404941,0.9965334824054297,-0.2828494451083566
1.4188376753507013,0.2488347415824054,0.05087636775396336,534.8483324306524,0.017581384764610433,0.48733784937264024,-0.2584119193411913,-0.22892593004513306,1.125702923467915,0.25242097391045293,-1.3781238973783247,-0.5443825323391902,-0.655174992513538,1.1995575248391304,-0.7876383024901812,0.9896021976355713,-0.28284937375980523
1.4228456913827654,0.2487708456223732,0.05084011842732177,536.358348324839,-0.007197940626537284,0.05993544097596919,0.37969187710766183,-0.4396273180964971,-0.8700185004785441,1.4586886799748835,-0.5886701794964146,1.0480083979598924,-1.0627901232421562,0.014781725269477096,-0.7881778772976902,0.9836234628677294,-0.2828493724634187
1.4268537074148295,0.2487178654458069,0.05080826823497366,537.8683219047302,-0.030608188830239146,-0.4568617542189186,0.31465277485520793,0.14220897935189178,-1.2336280320243798,-0.07216694337716587,1.3057949754025027,0.6973066465212604,0.5332593714990657,-1.230566018032541,-0.7889396316890018,0.9784996939408355,-0.2828493724398637
1.4308617234468937,0.2486740923424838,0.05078189975162421,539.3783077278998,-0.05148645196740312,-0.1360683122703734,-0.3122716943676859,0.4483400066203646,0.7183467539308855,-1.468001622214107,0.749654868276471,-0.9823188150598527,1.1575314271105839,-0.1752126120596832,-0.7898911518723578,0.9741394220714832,-0.28284937243943564
1.4348697394789578,0.24865301196551046,0.050761974866887605,540.8883423532349,-0.06920669733023262,0.42463226135759324,-0.3565502696856672,-0.06808199168241919,1.323912780628559,-0.10769745689147109,-1.216215323737507,-0.8356697729752829,-0.395597343281833,1.231267116246639,-0.7909875858249382,0.9732453131424941,-0.4397835814542376
1.438877755511022,0.24876260936324518,0.050765623583496275,542.3987525961976,-0.07617973358628023,0.17732268005336227,0.28748921306222447,-0.4648118931257348,-0.5644178478352936,1.460316459400903,-0.8958986115656415,0.8780686507901737,-1.1920051325536816,0.31393648175349653,-0.7918627499444518,0.9832978269633834,-0.4820662485881523
1.442885771543086,0.24887808181522733,0.050790449078800946,543.9098013616529,-0.0673246557850205,-0.44606667053262705,0.3865243446545254,0.05954232586869154,-1.3898667915659066,0.2737317824944217,1.1161350090713964,0.8950362130307778,0.25776695010945316,-1.152803163149387,-0.7923376790288452,0.9927917991378987,-0.4828351392327244
1.4468937875751502,0.2489746742915218,0.05082519813868596,545.4212979132833,-0.048701266894446406,-0.20376767920321123,-0.29253312735498177,0.49630080654904873,0.40630642701945563,-1.428584478774301,1.0222780517549146,-0.7518180237921149,1.1716578181661153,-0.41983979438316354,-0.7924569603221793,1.0010630120106248,-0.48284911383869183
1.4509018036072143,0.24905516930478705,0.050863208100751234,546.9330701778528,-0.02532377923092277,0.4620925405572305,-0.42310276561655147,-0.03898977494968274,1.435689156926685,-0.4367864622264373,-0.9989026947002069,-0.9410760069290185,-0.1271022591907189,1.0681782661105246,-0.7922669929635997,1.0082464574475476,-0.4828493677407222
1.4549098196392785,0.24912240198432128,0.05090019090436896,548.4449940455535,-0.000589383505761237,0.2422109919942882,0.2824043379443806,-0.5246153299471839,-0.24134180010017842,1.3779359062040473,-1.136594106103892,0.6289288497170877,-1.1472788220943264,0.518349972368741,-0.791808707844651,1.0144722946249682,-0.4828493723540493
1.4589178356713426,0.24917862620455888,0.05093356022893332,549.9569823285792,0.023304785475954604,-0.4668855629006154,0.4625775371792672,0.004308025713039093,-1.4630943506574805,0.5955691361992081,0.8675252144581515,0.9804775672642776,0.0017374338102560671,-0.9822150010827178,-0.791118162502868,1.019853847537556,-0.48284937243787646
1.4629258517034067,0.24922562444648858,0.050961914121538505,551.4689752627263,0.04502180225266533,-0.2884129101005421,-0.2584337051327872,0.5468466152255638,0.07186111001727079,-1.3086192332528799,1.2367581232355822,-0.5073925548311747,1.1175068851669585,-0.6101143303433613,-0.7902271714515257,1.0244899103436385,-0.4828493724393995
1.4669338677354709,0.24926470601932987,0.05098467063627,552.980933278906,0.06383137202492359,0.45997558149918677,-0.5012956756169111,0.041320094110172345,1.4711187801276104,-0.7475120988317395,-0.7236066812957288,-1.0124225209188487,0.1193279956335039,0.8930945252776541,-0.7891639481138538,1.0283434909161127,-0.4360400440782325
1.470941883767535,0.2491915410338821,0.0509909882208088,554.492687967114,0.07591554437745933,0.34220877894203827,0.19545080870853832,-0.5376595876579467,0.10366943651371086,1.215122561057842,-1.3187919975712004,0.38451881359443607,-1.1015989199780218,0.7170801063759311,-0.788166334091368,1.0200641341569365,-0.28563238443490974
1.4749498997995991,0.24907105538150828,0.050971381048385736,556.0038033725499,0.07162169134017805,-0.37435369913611577,0.5067996125287074,-0.13244591339988618,-1.453541631370515,0.8961862688720774,0.5573553624982744,1.0987313302083705,-0.2735397275212528,-0.8251916026945258,-0.7875640120456463,1.0101761539497018,-0.2828999517296027
1.4789579158316633,0.24896791416880185,0.050938579713575335,557.5144029385752,0.055507766817945864,-0.391184141778281,-0.08698855145374304,0.4781726932249909,-0.2864637374224601,-1.1027505522716963,1.389214289693971,-0.24832348145435168,1.1123446085923239,-0.8640211271452543,-0.7873346289041184,1.0014658397031317,-0.2828502915624578
1.4829659318637274,0.2488817661440185,0.05090063718636383,559.0246740257621,0.03314854569266186,0.2797649307895052,-0.49397959478349474,0.21421466398759959,1.4183530386623873,-1.0345921207627418,-0.38376091789960604,-1.176121078436186,0.43675160001548935,0.7393694784141609,-0.7874315098010474,0.9938780682304362,-0.28284938913968444
1.4869739478957915,0.24880995818978516,0.050862671675932634,560.5347559737961,0.008445169513188472,0.4225715758180259,-0.007861520626562556,-0.41471005519928483,0.463197917157131,0.9743695786405522,-1.437567495799605,0.09841399796480518,-1.091823585342154,0.9934095873720767,-0.7878117759333285,0.9873076114938552,-0.28284937274291305
1.4909819639278556,0.2487502724385474,0.05082783375959946,562.0447484579679,-0.01601456507521942,-0.1917550518232977,0.4705853702364157,-0.27883031841881983,-1.361445190765168,1.155749166425563,0.20569602433944306,1.2244840355851363,-0.5948122189384898,-0.6296718166521521,-0.7884367001171753,0.9816532223000439,-0.2828493724449419
1.4949899799599198,0.24870084067358664,0.05079790508591711,563.5547212143923,-0.03860016352268421,-0.4395573941515141,0.08955503830324052,0.35000235584228706,-0.6314156230411485,-0.8319995007575676,1.4634151237983786,0.059487450123862196,1.0423694689404466,-1.1018569190701057,-0.7892714977310749,0.9768195452670446,-0.28284937243952796
1.498997995991984,0.24866012662371337,0.050773697286245666,565.0647213563688,-0.05837340186145576,0.11072931878691275,-0.43949227282118597,0.32876295402837374,1.2841594789798907,-1.2583840120197267,-0.025775466960172688,-1.2445328969786695,0.7433463768022504,0.5011865201705177,-0.7902850790672024,0.9727176528062023,-0.2828493724394296
1.503006012024048,0.24868515509255273,0.0507598141672937,566.574821781676,-0.07383370137590971,0.4512913094117756,-0.14876884627930664,-0.30252246313711656,0.7891171238895309,0.6818200471460361,-1.4709371710347006,-0.21338878767495623,-0.961398857309379,1.1747876449791252,-0.791359472853829,0.9767350842865975,-0.4728953281773836
1.5070140280561122,0.24880699248224544,0.05077294950046721,568.0854793244363,-0.07448335863956398,-0.08712113821304565,0.4477331257955894,-0.36061198758749824,-1.1966468325819237,1.3417751939138092,-0.14512836133206908,1.195555356124433,-0.8332119343737278,-0.3623434217553879,-0.7920853001081927,0.9869160583842814,-0.48266857787081535
1.5110220440881763,0.248915461816149,0.05080239083746913,569.5967151425153,-0.06135595002052762,-0.4828210276318157,0.17009661805122628,0.31272440957580655,-0.9247731025791996,-0.5298443051855383,1.4546174077649927,0.32715069444295325,0.8375661359409514,-1.164716830388447,-0.7924244793505324,0.9959510935531112,-0.4828460850658138
1.5150300601202404,0.2490058171844409,0.05083897303928594,571.1083297831564,-0.04050426283040316,0.0733647912752964,-0.46853658346575294,0.3951717921864191,1.0908480002363974,-1.4014620563608773,0.31061405612455395,-1.1164825848320028,0.887785010691284,0.22869757413652006,-0.7924255999968107,1.0038087078341351,-0.48284931270882236
1.5190380761523046,0.24908116834027172,0.050877005417473774,572.6201697539019,-0.016306068405429145,0.5137149570968269,-0.2044300933881538,-0.30928486371286246,1.0492480280793575,0.36925065686715075,-1.4184986849463932,-0.43215152108543353,-0.716365805559221,1.1485173266403697,-0.7921330341833558,1.010628143699028,-0.4828493713541398
1.5230460921843687,0.24914414445644514,0.05091289865736837,574.1321257242627,0.008326354007082443,-0.04427281295241059,0.4790540871372204,-0.4347812741888704,-0.9698218303721446,1.4434619574595964,-0.4736401270875303,1.0363718759721494,-0.935709894705845,-0.10066198127027615,-0.7915858536201904,1.0165332025438916,-0.48284937241970743
1.5270541082164328,0.24919681182156309,0.0509445501488638,575.6441215004229,0.031544720078129855,-0.5400134265735733,0.2483911884979405,0.291622238071771,-1.1609728879404384,-0.20242177558880306,1.3633946635289973,0.5304409820331328,0.596728428160425,-1.127169410197183,-0.7908184979540103,1.021631626883556,-0.4828493724390694
1.531062124248497,0.249240808875431,0.0509708926203975,577.156105435518,0.052259422180632266,0.0029721182727097707,-0.4783981431725075,0.4754260248969137,0.8349697555623693,-1.4665852820510301,0.6316155264889332,-0.9532591247265093,0.9764242123215741,-0.02316508759828438,-0.7898613703821482,1.0260174636571808,-0.4828493724394212
1.535070140280561,0.2492584001076758,0.050990743182495815,578.6680418473827,0.06986077680767927,0.554291722819096,-0.2993294407045688,-0.2549622821174029,1.2560374716222278,0.031092605588289364,-1.287130077210325,-0.6253568695373182,-0.47707759942098976,1.1024344689554768,-0.7887629162215167,1.0264425615477495,-0.31874116010128656
1.539078156312625,0.24914662724281558,0.050986149316964526,580.1795799820605,0.07618729714086747,0.07482649113056405,0.42342801024013504,-0.4982545013726257,-0.6799398719389248,1.465236974734236,-0.7852971027954166,0.8844210911558239,-1.0478718815566224,0.16345079039901816,-0.7879018364132724,1.0163685279617747,-0.2835013243286055
1.5430861723446891,0.24903165529765756,0.05096054897951474,581.6904840382505,0.06685536027688972,-0.5048839076402926,0.358525214494795,0.14635869314319483,-1.3398016980627596,0.1529303935233482,1.1868713045393118,0.775361800832248,0.35118032704058566,-1.1265421278750563,-0.7874396556848299,1.0068952067175552,-0.28286121958132804
1.5470941883767533,0.2489349741085884,0.05092512656456531,583.2009453320278,0.04791949601256481,-0.16553762090451193,-0.32959358406473216,0.4951312049669876,0.5120196512043147,-1.4466621145883587,0.934642463384035,-0.8148059460208629,1.1414454499846056,-0.32663950396600927,-0.7873332872491635,0.998602188435943,-0.2828495876977273
1.5511022044088174,0.24885429368192813,0.05088668932692868,584.71113387763,0.024329603315840546,0.44643475545879313,-0.4000055828519786,-0.04642917260906787,1.404349352376957,-0.33370451060203815,-1.0706448417749497,-0.9154511625439317,-0.2089664167195847,1.1244175792614748,-0.7875372166579282,0.9913936533935195,-0.2828493763505915
1.5551102204408815,0.24878710148013572,0.05084956400446563,586.2211734141401,-0.000535168645058159,0.2385882830872173,0.2410060440563634,-0.47959432714540373,-0.33763655886124827,1.4057414113589635,-1.0681048524977417,0.7188574806360495,-1.2068654466723094,0.4880079660344725,-0.7880100820855479,0.9851652755281405,-0.28284937251048914
1.5591182364729457,0.24873131264402681,0.05081635102320007,587.7311518086492,-0.024469231985607128,-0.3852260052305276,0.4257410425248608,-0.04051503729601137,-1.4466192827483164,0.5078078894376729,0.9388113933105686,1.036552896606172,0.055482331239138635,-1.0920352278469694,-0.7887146062117169,0.9798178384322441,-0.28284937244071895
1.5631262525050098,0.2486851929530436,0.05078843358537567,589.2411298137429,-0.046120764793759206,-0.2962452864851308,-0.1586227143620817,0.45486800084615087,0.15940532510264005,-1.343560506707913,1.1841551816055016,-0.601431896177432,1.2440481621630286,-0.6426162659869081,-0.789617367841392,0.9752582454784781,-0.2828493724394512
1.567134268537074,0.24864793887544126,0.05076636059396699,590.7511479051807,-0.06474800833576637,0.3235542995217843,-0.43888981913954217,0.11533551961606829,1.466708035465353,-0.6730250223698648,-0.7936830130953628,-1.1364681024738188,0.10387971308561914,1.0325883893864993,-0.7906879981637568,0.9717435348428325,-0.3566315903727181
1.571142284569138,0.24872924252202452,0.05076192287059311,592.2613956578934,-0.07603385349226559,0.3350131985260094,0.11194589166650004,-0.44695909019384517,0.015492877625138068,1.2676336391127878,-1.2831265167379398,0.46710180336366697,-1.230875928620044,0.7637741252549063,-0.7916654743937201,0.980561098850835,-0.4805556492492353
1.5751503006012022,0.24884909686908496,0.050782427158118926,593.7722882705302,-0.0708954751715665,-0.3294471107367875,0.46747485374670994,-0.13802774301114026,-1.4692881348331523,0.8201772534703131,0.6491108813629027,1.1497188714079654,-0.23014120909985677,-0.9195776623089761,-0.7922437115940109,0.9903823623574828,-0.48280768304661237
1.5791583166332663,0.2489505607293751,0.05081529137159716,595.283683458305,-0.054333410932634454,-0.36654374848930443,-0.1050212018590548,0.4715649503468828,-0.1821405795908046,-1.1741572082294975,1.3562977878201161,-0.33076469347989634,1.1581015185490267,-0.827336825070998,-0.792453139904983,0.9989676022707203,-0.4828486147730121
1.5831663326653305,0.2490350489825839,0.05085292574525432,596.7953953668539,-0.0318478209994195,0.3326263638717686,-0.500001706341376,0.16737534246796548,1.4478642256034193,-0.953724633181352,-0.49413959242192584,-1.1418030923963898,0.3414165904457473,0.800386501948823,-0.7923414968290446,1.0064276085726418,-0.4828493586711686
1.5871743486973946,0.24910558519713588,0.05089048726663798,598.3072880972344,-0.007227257909452304,0.40530984183148705,0.082057394558019,-0.4873672363913141,0.348072318465125,1.0643739368641838,-1.4124462553292767,0.20044521680409838,-1.084095523338094,0.8836503065321691,-0.7919511279070612,1.012897019279522,-0.48284937218925833
1.5911823647294587,0.24916455631868084,0.0509249994768152,599.8192656431977,0.017047697531321796,-0.3214248008112355,0.5296587109265567,-0.2082339101169381,-1.4073200774445938,1.0760409908046735,0.3312790866398296,1.1289381212682141,-0.4458678308624204,-0.6830702904073146,-0.791319323824174,1.0184934744200502,-0.48284937243488224
1.5951903807615229,0.2492138627382563,0.050954780074980534,601.3312616403281,0.03943632733067585,-0.446994545051259,-0.045658036290982196,0.49265258134083123,-0.5107703310523025,-0.9396191575020812,1.4503894885543043,-0.07437298176626014,1.0073120566776048,-0.9329390749131853,-0.7904789739088084,1.023319391751305,-0.4828493724393451
1.599198396793587,0.2492550235762804,0.05097906606051043,602.8432317624345,0.05906779306948141,0.29702929886072005,-0.55365687341031,0.2566275745478702,1.3476740623431098,-1.1848734450310818,-0.16280061731200457,-1.1096926610344704,0.5438956275297534,0.565797033503215,-0.7894591271301169,1.0274642941946772,-0.4828493724394262
1.6032064128256511,0.24922359353101411,0.0509923507471012,604.355093277662,0.0741938635296814,0.4826506921764041,-0.014328911980250297,-0.46832178019694254,0.6680998579629505,0.7970142802642806,-1.4651141382280857,-0.05502730300890987,-0.9341806347496646,0.9892079377577372,-0.7883916966473266,1.0228393853012818,-0.2909839740260851
1.6072144288577153,0.24910182143046794,0.05097827637097729,605.8663812846163,0.07416009554341584,-0.20653634483150674,0.5264242007492876,-0.3198878559180505,-1.2609923518300206,1.2789819824937707,-0.017989630663953565,1.1291936740586654,-0.6809600207744029,-0.4482336532843931,-0.7876819192467697,1.0127100723934632,-0.28299719325317374
1.6112224448897794,0.24899370767747422,0.050948059129404866,607.3770984788669,0.060591935418955814,-0.49027439975427495,0.11280988901083508,0.3774645107431815,-0.8267097182586984,-0.6360460880791139,1.4627558063377748,0.21550559931407756,0.8807952420864743,-1.09630084140074,-0.7873574171154476,1.0036822088076913,-0.28285205861933566
1.6152304609218435,0.24890328367809703,0.05091089946777707,608.8874418062246,0.03945880091013133,0.10223983596405191,-0.47406416378756366,0.3718243278230431,1.157970996311457,-1.3592694484428618,0.20129845213137895,-1.145693529359483,0.830083185434138,0.3156103439246787,-0.7873713796662124,0.9958040821803554,-0.28284942124656465
1.6192384769539077,0.24882787515740235,0.05087256476590101,610.3975630634584,0.015083366691567728,0.48338814809026837,-0.19419676985256185,-0.28919137823796687,0.971438446246706,0.4668348061277384,-1.438273252374317,-0.3782349981434795,-0.7999532694751639,1.1781882676182998,-0.7876798000109099,0.9889712550802515,-0.2828493733263453
1.6232464929859718,0.24876513792857177,0.050836674405936345,611.9075715167903,-0.009633258828527305,-0.010523476293833649,0.4172498250882033,-0.4067263487946078,-1.0378412797021614,1.4177156023981834,-0.37987432269610216,1.1309744675386872,-0.9625429542293734,-0.1684315133094645,-0.7882428559375652,0.9830810970474589,-0.2828493724555435
1.627254509018036,0.2487131195554701,0.05080532270134794,613.4175440702103,-0.03283475499055817,-0.4657400006424259,0.2595869221626337,0.2061530784632029,-1.1000274852829475,-0.29178326575223135,1.3918107510288824,0.5371939123341071,0.6950708242229747,-1.23226473655301,-0.7890247295005876,0.9780365248988734,-0.2828493724397206
1.6312625250501,0.24867020219345337,0.05077955464416572,614.9275332704073,-0.05341970483344634,-0.06941430226544265,-0.35824673822376835,0.42766104048922265,0.9027172807388675,-1.4540264252048238,0.551309144465639,-1.087797635756295,1.075521623481339,0.01227601227399451,-0.7899933670591888,0.9737470273592879,-0.2828493724394331
1.6352705410821642,0.24865961490393118,0.050760917553229465,616.4375786704313,-0.070693884632932,0.44592076423146504,-0.3092012814008702,-0.13671948282854846,1.2128933213270847,0.11458526746999914,-1.3274785887963285,-0.683888342928301,-0.570674468525385,1.2545628114550782,-0.7910908080938123,0.9741127866824874,-0.4538926483551944
1.6392785571142283,0.2487748742258052,0.05076733163197453,617.9480554285508,-0.07594078642497515,0.10798294340138867,0.3427539485570795,-0.4507368919569359,-0.7631568682182338,1.472473132313694,-0.7093162640956411,0.9973695883838269,-1.1265963498210072,0.12922676143881395,-0.791925572593239,0.9842987018892213,-0.4823234319202682
1.6432865731462925,0.24888846108187065,0.05079353693860059,619.4591578243743,-0.06583700200455805,-0.47136672777850097,0.33773377696353957,0.13363295081712773,-1.3005763726866169,0.05239657116425078,1.2481798015226553,0.7600381995311812,0.4327733962300814,-1.1928115957598282,-0.79236289927914,0.993667301843189,-0.4828398227989773
1.6472945891783566,0.2489833308253519,0.050828876014590095,620.9706884990975,-0.04654698031427887,-0.13155007420058312,-0.35228731553466147,0.4838373897369403,0.615009310414415,-1.465846033903984,0.850836723489865,-0.880536799223522,1.1271777764584245,-0.24664097723334422,-0.7924494378027355,1.001823836177652,-0.482849198766879
1.6513026052104207,0.24906238913710194,0.05086694607816331,622.4824806376918,-0.022904499697827083,0.4918980539632636,-0.37463559161651927,-0.11726246234507645,1.3703327098560065,-0.21988709475120877,-1.1504456151046876,-0.824610236214749,-0.3005131383350162,1.1251233745514302,-0.7922310413315188,1.00890638692381,-0.4828493692838623
1.6553106212424848,0.2491284342065289,0.050903665813940985,623.9944142516449,0.0018294079326646655,0.16844175062402156,0.34761365720707377,-0.5160554078294656,-0.45740239689870094,1.4400813253117806,-0.9826789284131147,0.765910304671586,-1.122822345843039,0.3569120411731286,-0.791748124738846,1.0150433356329982,-0.48284937238208986
1.659318637274549,0.24918366781966436,0.05093658738558755,625.506405262393,0.025556705470914896,-0.5028188882501029,0.41647132769065676,0.08634756056094336,-1.4227020445520666,0.38597261922010523,1.0367294253318493,0.8822539695191802,0.17267089297476806,-1.054924862492342,-0.7910362962993673,1.0203464543633642,-0.48284937243838594
1.6633266533066131,0.2492298309406702,0.050964403321430665,627.0183961962625,0.04701068144915928,-0.21460570925339745,-0.3294739148969065,0.5440796241522027,0.2924826963851592,-1.3950057363514483,1.1025230399663493,-0.6514378776838865,1.1123402980425978,-0.460902420356853,-0.7901269788136943,1.024913211806338,-0.4828493724394088
1.6673346693386772,0.24926641933068377,0.05098658478422103,628.5303493291193,0.06551417438422066,0.5020807310148387,-0.4591074125356325,-0.042973318478098356,1.455942617285813,-0.5478953048099316,-0.9080473124759372,-0.9325709377427759,-0.04800028323898772,0.9805712209831245,-0.7890495932628081,1.028134753223797,-0.3844540688395773
1.6713426853707414,0.2491787431804036,0.05098986796098353,630.0420506619203,0.0761540296045266,0.2754206544046147,0.2668336977984079,-0.5422543522017834,-0.11722584160101926,1.3246199381898425,-1.2073940965887169,0.5385188994961757,-1.120538739257606,0.5820198397626664,-0.788088235808423,1.0189964771837465,-0.28469642748241614
1.6753507014028055,0.24905955280987813,0.05096841851165341,631.5531038676354,0.0703620459872961,-0.4229642151834286,0.4792019252363461,-0.05623771005195467,-1.4664680450363987,0.7116442831913823,0.75482376184492,1.04103790247248,-0.10446771562670618,-0.9365701868446084,-0.787526590107472,1.009222246991528,-0.28288293469310966
1.6793587174348696,0.24895827679845037,0.050934798368506215,633.0636623214336,0.05339403404111395,-0.33801382852102413,-0.15926582810930504,0.49727965663055024,-0.06705906382035565,-1.235614953180377,1.3026740170004685,-0.41723328035580975,1.1553256260343703,-0.7380923456774182,-0.7873329831183439,1.0006328204081634,-0.28284998219576296
1.6833667334669338,0.24887373378308988,0.050896669673750124,634.5739086048573,0.030649090727088525,0.33594632292260423,-0.48175264376116134,0.1458063208394389,1.4587418366469411,-0.8665098677215706,-0.5922319689253067,-1.1386239449282594,0.2665467276169772,0.8720772173120116,-0.7874610117331708,0.993155033246779,-0.2828493835236056
1.687374749498998,0.24880327774233507,0.05085891670218003,636.0839776178256,0.0058782896806421295,0.3824640748605344,0.0632843857055919,-0.44574846056479756,0.2486453876447654,1.1282635125315483,-1.3769089001761565,0.27824426880380027,-1.1587088717234282,0.880464602920855,-0.7878682323787123,0.9866838645217602,-0.2828493726408322
1.691382765531062,0.24874472637906397,0.050824531108869773,637.5939655547645,-0.018443522531362017,-0.25298878645172734,0.4718881396776883,-0.21889935322481366,-1.4284534815847068,1.0066170377650279,0.421836443819568,1.209197436292082,-0.4280470777047661,-0.7811503585860553,-0.7885163368787433,0.9811186215502721,-0.2828493724430873
1.6953907815631262,0.24869626119259597,0.05079517136805683,639.1039394810249,-0.04076878512428779,-0.41176821602091856,0.02114180738520272,0.39062640863678905,-0.4249901173848753,-1.0043978211931779,1.4293879385779755,-0.12713244986044903,1.1324906427125048,-1.005358192850897,-0.7893709348567199,0.9763645788949029,-0.28284937243949426
1.6993987975951903,0.24865636612558625,0.05077157958827932,640.6139446313205,-0.060215464151351095,0.17493608013590745,-0.45259670538234975,0.2776606252478805,1.376558175642452,-1.1303409071854387,-0.24621726845678749,-1.2526434765110213,0.5841673516072052,0.6684761249048466,-0.7904013036370511,0.9723335563273948,-0.282849372439429
1.7034068136272544,0.2486964873770884,0.050759992993977154,642.1240769404667,-0.07472472905306747,0.4332687483976928,-0.07964044256141692,-0.3536283058348793,0.5927229598830189,0.8709447230301253,-1.463667682913157,-0.024449137256568165,-1.0696244597904243,1.0940735970483355,-0.791457232408644,0.9777598972196532,-0.4761773798250427
1.7074148296593186,0.2488186283144448,0.05077534483671062,643.6348013038075,-0.07370306423256578,-0.15899690717498915,0.46830606078590964,-0.30930915361006306,-1.3124349706160565,1.2348532120676596,0.07758175854741423,1.2203887919698106,-0.6861267320713755,-0.5342620598968968,-0.7921428106572366,0.9878669848842965,-0.48272811571656266
1.7114228456913827,0.24892518990169668,0.05080585159253525,645.1460836998838,-0.059546106360145366,-0.4656876222442809,0.09741433167238306,0.36827329057216324,-0.7414119851208887,-0.7309296997977119,1.4723416849184103,0.14827029881531611,0.9563837951952157,-1.104654094009825,-0.7924463626277349,0.9967799348161236,-0.4828471692345905
1.7154308617234468,0.24901391869838901,0.05084280591850168,646.657727241294,-0.038182458968412915,0.14958236842405134,-0.49285597272974846,0.34327360430588144,1.2273895981516363,-1.3175016735540157,0.09011207540245772,-1.1591963129225962,0.758861006081259,0.400335306841842,-0.7924164807770613,1.0045292007900393,-0.482849332402697
1.719438877755511,0.24908793976347585,0.0508807656210941,648.1695833793567,-0.01382314898613281,0.4995703134946599,-0.12949446291262523,-0.37007585058158904,0.8816542397842531,0.5797960067819853,-1.4614502465661574,-0.2640497579665002,-0.8447646200549475,1.1088143780218565,-0.7920969892564321,1.0112532571552355,-0.48284937171197806
1.723446893787575,0.2491498126920188,0.05091631607515651,649.6815465615299,0.010742628243109717,-0.12467117000653678,0.5089870229676279,-0.3843158529607007,-1.1255511333359856,1.3837781341228723,-0.2582270007869742,1.0957965557449638,-0.8246386997467483,-0.2711578559977306,-0.7915264744876024,1.017074218899753,-0.4828493724262104
1.7274549098196392,0.24920155535813668,0.050947475533543785,651.1935433801733,0.033754422436248384,-0.5309101156206122,0.1725880821810633,0.3583220334400453,-1.0114661704750518,-0.41973834341415706,1.4312045138892138,0.3735592892424161,0.7335162958891942,-1.1070755851309693,-0.7907389537264523,1.0220983832187238,-0.4828493724391876
1.7314629258517034,0.24924478249208065,0.05097327505803916,652.705524299163,0.054186097982245295,0.08690968122658153,-0.5152142842220822,0.4283046029961158,1.0079444706241618,-1.4321152271729705,0.4241707565489724,-1.0283092310250928,0.8831474851815625,0.14516174584407476,-0.7897644613220265,1.026418580207849,-0.48284937243942333
1.7354709418837675,0.24925069603585742,0.050991692871308204,654.2174478699812,0.07129060766306532,0.5506454257972663,-0.22623591225599904,-0.32440951354585307,1.1268445234891806,0.2513662899695293,-1.378210813460864,-0.4819905250866048,-0.621987852826621,1.1039783779113501,-0.7886673648597058,1.025511831621552,-0.3066359094606997
1.7394789579158316,0.24913401013631647,0.050984274483018927,655.7289174811449,0.07584937574500669,-0.003950738058130232,0.4656454851232668,-0.46169474706486346,-0.8673787389629055,1.4577591282219626,-0.5903803892593571,0.981428023233998,-0.9761579431300444,-0.005270080104546521,-0.7878481148842956,1.0153382271116116,-0.2832821164474427
1.7434869739478958,0.2490209075613937,0.050957265614007416,657.239767303575,0.06526389879310554,-0.5156906956048624,0.2985169092885126,0.21717378631631448,-1.2349707521460944,-0.06794026830870463,1.3029110204546062,0.6402937371187017,0.5126976793779456,-1.1529914164962785,-0.7874247472738151,1.0059891565600352,-0.2828572370898921
1.7474949899799597,0.24892600634006176,0.05092128291323833,658.7501940988511,0.04566247474562626,-0.09352831729992146,-0.3809352361775204,0.4744635534771604,0.7127957409783584,-1.4669304561583576,0.7541347151799777,-0.9343429717789723,1.0883973814013548,-0.15405440962274713,-0.7873523042163691,0.9978134752483485,-0.2828495153370202
1.7515030060120238,0.2488468268203906,0.05088282200324086,660.2603627166833,0.021816171578820903,0.4704064113770783,-0.3528802959483151,-0.11752611542949223,1.3244821246274339,-0.11517135583704029,-1.2093107687904805,-0.7910190445744872,-0.38376930613644644,1.1747883507102341,-0.7875856794287924,0.99071121523773,-0.28284937503582114
1.755511022044088,0.248780901884425,0.05084600618264212,661.7703927680608,-0.003032865290520158,0.17427002603565545,0.2988228884297727,-0.47309291446604596,-0.5484950811665823,1.4531865455201087,-0.9046914643535692,0.8587162181599594,-1.1749158916667906,0.3161996735062659,-0.788083944791585,0.9845785443694703,-0.2828493724866043
1.759519038076152,0.24872618600815757,0.05081329107557363,663.2803689786643,-0.026779549642694016,-0.41993761211823855,0.3909264180330721,0.0290111940846528,-1.3927893619273806,0.2949937957468728,1.0977955661804712,0.9265706504191021,0.23954972712585781,-1.1661203775454758,-0.7888102346264961,0.9793168550429675,-0.28284937244028496
1.7635270541082162,0.24868097804523714,0.050785958911409614,664.7903497433277,-0.048144375268945376,-0.24018515371419794,-0.2206575311123262,0.46084268482575685,0.37702814065415163,-1.417262596024197,1.040234455370005,-0.7589485866428831,1.2348653513922707,-0.47591676475012795,-0.7897315136604385,0.9748337202827545,-0.28284937243944336
1.7675350701402803,0.24864748376426,0.05076454156225169,666.3003734069067,-0.06644604505017002,0.36821610059688065,-0.41594589348686684,0.047729792889704956,1.4402121665270156,-0.4693011856804995,-0.9709109808462904,-1.0436283662481285,-0.08557613966165378,1.129204505909452,-0.7908150475300529,0.972105572624722,-0.3983589959823679
1.7715430861723445,0.24874173244336503,0.05076313355553429,667.8106772254342,-0.07622429242952433,0.2816325987287578,0.181355185027745,-0.46298778375644073,-0.20683837712163294,1.3662597483535566,-1.1594213712319006,0.6346143930881506,-1.2400263159039442,0.6054119228153356,-0.7917559356293886,0.9815909884167143,-0.4813130467691969
1.7755511022044086,0.24886009475723064,0.05078534487371315,669.3216301590173,-0.06963732137387563,-0.38080908240304784,0.4461002076488857,-0.06529112524722885,-1.4673490562439109,0.6263249369951345,0.8410241192488062,1.0740959498031817,-0.04667251996951377,-1.0274234298345066,-0.7922951629470408,0.9912935405385351,-0.48282145445642105
1.7795591182364727,0.24895971760003277,0.05081898094571329,670.833064900542,-0.052257892883857855,-0.31172462381131993,-0.17890369515075422,0.49062831896072956,0.04023737301138208,-1.294651545160219,1.254414172148858,-0.4993914250347358,1.185973072840376,-0.6865816478069162,-0.7924704757965508,0.9997611601756458,-0.4828488651312619
1.7835671342685369,0.24904270878754586,0.05085679588192187,672.3448005204941,-0.02940873460640104,0.3888692215750138,-0.48065662835953377,0.09178740678323251,1.4712980436824539,-0.7737803402157832,-0.6975177034665649,-1.0868229749651355,0.16769908711640036,0.9191238878473968,-0.7923291489973012,1.0071174830869354,-0.48284936322149496
1.787575150300601,0.2491119943115412,0.050894166685997826,673.8567057846094,-0.004724443949182398,0.3510048555473926,0.16038023618961875,-0.5113850917379619,0.12854299482633766,1.2054080087992085,-1.3339510036255346,0.36928120256592734,-1.1295726687745644,0.7602914662076862,-0.7919129977646525,1.0134955869125897,-0.4828493722719404
1.7915831663326651,0.24916992890293868,0.050928265368020066,675.3686879887599,0.01942140937145382,-0.38351745983098506,0.5145314730323756,-0.13101401320235323,-1.4560305897939765,0.9124561802088987,0.5435744095849637,1.0938253742940445,-0.28232413847864213,-0.8115012358162497,-0.7912588510582081,1.0190114722989565,-0.4828493724363847
1.7955911823647293,0.2492183658185505,0.05095751909735762,676.8806833135784,0.04156690604380085,-0.3951374457243658,-0.12804396960355993,0.5231814153269346,-0.29700068927769807,-1.099500489713166,1.3965011789906878,-0.24240724000168115,1.0693328549621104,-0.8269256149616363,-0.7903991955203574,1.0237662043564362,-0.4828493724393724
1.7995991983967934,0.24925876327526325,0.050981226025340456,678.392649272775,0.06089571061202194,0.36538279742593094,-0.5445925890647512,0.17920979163821746,1.4212053521629124,-1.0399502026336895,-0.3812551495292077,-1.0939089474326356,0.3912077018180338,0.7027012456132327,-0.7893627281894333,1.027848176171886,-0.4828493724394267
1.8036072144288575,0.24921223175457535,0.050992144879889484,679.904476895811,0.0750240526259671,0.4374086150592648,0.06641063813368817,-0.5038192531944982,0.4642541123781181,0.9728849551953993,-1.437139067573782,0.11204800378169964,-1.015946204023408,0.9038982002411241,-0.7883159203378033,1.0218301532640783,-0.288335428272273
1.8076152304609217,0.24909042382461719,0.050975902476746965,681.4156999961724,0.07337045744596006,-0.2750970741808431,0.5285565267831268,-0.25345945260406044,-1.3591689494041075,1.1566680805669327,0.2025008688367107,1.1390817098917108,-0.5381683980721583,-0.6009133118199589,-0.787645611659004,1.0117765644417689,-0.2829489145130845
1.8116232464929858,0.24898415107127395,0.050944649015748564,682.9263721330792,0.05880967890033357,-0.46111782429700876,0.037854856026797376,0.4232629682692361,-0.6352771358798578,-0.8274467045580607,1.4627238404378429,0.042190519484210445,0.9862152553367869,-1.028405774821952,-0.7873561554483097,1.0028656999036532,-0.2828511832534765
1.81563126252505,0.24889531747151167,0.05090714945324627,684.4366876332876,0.03718736850059692,0.17254136792969013,-0.4905155474873732,0.31797417955636387,1.2802474308517577,-1.2608562434696227,-0.019391187382217595,-1.1792785345949697,0.6954476820757552,0.4838308525179396,-0.7874006581293452,0.9950948779092164,-0.2828494053411919
1.819639278557114,0.2488212500067679,0.05086891525149142,685.9467934875981,0.012664190862705376,0.4689415666256175,-0.12603628234256037,-0.3429052842840225,0.7950935585298256,0.6706569452062046,-1.4657505037359702,-0.2029984936827569,-0.9270370855067416,1.1300355791884902,-0.787735526005749,0.9883590397645056,-0.28284937303724056
1.8236472945891782,0.24875964507582565,0.05083339145988975,687.4567953930377,-0.011976086618538512,-0.08048740119358698,0.44555500578438995,-0.36506760459176213,-1.1820858424315674,1.344518827063303,-0.1624329846318288,1.1884995261557851,-0.8401842643853008,-0.3483152617713421,-0.7883213406860106,0.9825560612001532,-0.28284937245029035
1.8276553106212423,0.24870858837465235,0.050802552210201454,688.9667675443362,-0.03496274236153416,-0.46436943727836694,0.1990080818264439,0.26536135545105055,-0.9413742262708538,-0.5047823469614293,1.4461565732322508,0.3645057584029314,0.8414795332593897,-1.2059852916631957,-0.7891226656379068,0.9775895221437485,-0.2828493724396251
1.8316633266533064,0.2486664919817894,0.050777349650551834,690.4767604365702,-0.055256290010221004,-0.0014187852480419087,-0.3962225390426395,0.39764132429019977,1.0665693472092224,-1.4070101609631283,0.34044081375414936,-1.1687826275363402,0.968917631776383,0.19986499575912936,-0.7901078028128078,0.9733693783868711,-0.28284937243943137
1.8356713426853706,0.24866805265816325,0.050760241439205364,691.9868216278862,-0.07197014650421749,0.4569845407450833,-0.25420054318947066,-0.20278399755612114,1.0738880856994284,0.33445519391849443,-1.4083432796184296,-0.5163845826300277,-0.7322359041937151,1.2486204868232087,-0.7912008126001588,0.9750611850139126,-0.4633917876643293
1.8396793587174347,0.2487870376245253,0.0507692815014433,693.4973653161658,-0.07550285803930104,0.03558281699059869,0.3899792452168233,-0.42556206220743886,-0.9444241085028837,1.450914947097872,-0.5064908385949952,1.0932511196644545,-1.0355818283924916,-0.057669291271674306,-0.7919947023505352,0.9852912224203804,-0.4824957254181636
1.8436873747494988,0.24889872936997878,0.05079675898492181,695.0085189557649,-0.06422621591913641,-0.485384670703382,0.2805073645746433,0.20487730612871707,-1.1815700953631103,-0.17012587768274445,1.3516959730457885,0.6081355009986429,0.5971712407386564,-1.205306741737016,-0.7923947760582918,0.9945345521421469,-0.48284294599138194
1.847695390781563,0.24899187552112698,0.05083260554707154,696.5200820977841,-0.04432074357688125,-0.05580833458211476,-0.40391240903744796,0.4597207436197402,0.809635661359863,-1.4695907669393882,0.6599551055796513,-0.9885941474055462,1.0570030108222073,-0.06840886341641061,-0.792448865847644,1.0025781181978448,-0.48284925565848225
1.851703406813627,0.24906952826052167,0.050870689243304595,698.0318928258063,-0.02045058759524914,0.5101485020693748,-0.3170324654361515,-0.19311603663314886,1.2736585679406962,0.0020270572421751953,-1.2756856251827189,-0.6896155218373271,-0.46647087077013893,1.1560863926076612,-0.792202273073273,1.009561212739639,-0.4828493703175446
1.8557114228456912,0.24913440951637317,0.050907116810500586,699.5438352942364,0.004258384576612322,0.09037873051008127,0.4048873182268703,-0.4952660487367489,-0.663002396859636,1.4693192987900878,-0.8063169019305022,0.8849376507290403,-1.072704173370857,0.1877665226420802,-0.7916949042660951,1.0156105129607496,-0.4828493724008733
1.8597194388777554,0.24918866934927075,0.05093957274044976,701.0558284199568,0.02780331282104053,-0.5270716672933221,0.36040072408502316,0.16667094320841414,-1.3498148310405196,0.167568267953975,1.1822465630863908,0.7640791555525532,0.33919915208876694,-1.1032783076411565,-0.790961925734824,1.020836268509451,-0.4828493724387272
1.8637274549098195,0.24923401128562853,0.050966842332828256,702.5678169501741,0.04898519376799136,-0.13552471375748576,-0.39304701081399007,0.5285717245717226,0.5064178436148971,-1.4495342648895253,0.9431164212746104,-0.7802272352679628,1.0817172248297413,-0.3014899895615802,-0.7900343747963255,1.0253346489532849,-0.482849372439415
1.8677354709418836,0.24926542922567022,0.05098835508455494,704.0797653353305,0.06718754870810704,0.5319997705060081,-0.40636178694186553,-0.12563798356413686,1.407165464653622,-0.3358817806969194,-1.0712836839566977,-0.832126208060957,-0.21374789040890058,1.0458740984701387,-0.7889457563061794,1.0276338777216378,-0.3510019606446223
1.8717434869739478,0.2491663486872515,0.050988563963126406,705.5914078798917,0.07625996122258799,0.2031554570289273,0.33207013443313654,-0.5352255914604773,-0.33546043916826523,1.4040682241138494,-1.0686077849453512,0.6810675870667328,-1.1142220759613983,0.43315448889675523,-0.7880217860800538,1.01797902486542,-0.28408800083631297
1.875751503006012,0.2490486889661545,0.05096545012335041,707.1024023959678,0.06906609882935719,-0.4622452472725845,0.4414994399116333,0.02074580736247567,-1.4461345637432061,0.5109278356005046,0.9352067281425851,0.9594539771184118,0.06777564785400826,-1.027229624970797,-0.7874987309656756,1.0083188798726015,-0.28287191489059144
1.879759519038076,0.24894919992919448,0.05093109008878152,708.6129223964534,0.05131044186619519,-0.277830515033297,-0.22773670308554358,0.5055672181192203,0.15390493724476004,-1.3404405763984069,1.1865356391534356,-0.5773705058935859,1.1722347201750682,-0.5948642142806532,-0.7873389866926667,0.9998447201581733,-0.28284978185127113
1.8837675350701402,0.24886615958020825,0.05089281945618785,710.123145775474,0.028221859259293512,0.38464389854872877,-0.4591773234714114,0.07453342492314005,1.4660040665573928,-0.678725159169339,-0.7872789073879802,-1.0751210390694173,0.08967117003268225,0.9854498690370832,-0.7874964660096283,0.992471741923853,-0.282849379878294
1.8877755511022043,0.24879697689549807,0.0508552943242293,711.633202963937,0.0034030419268175484,0.33420493171552224,0.13280415583031527,-0.46700908754542636,0.028414517983653922,1.2565362264077728,-1.284950744391424,0.4523148432990287,-1.199466173924496,0.7471513306258865,-0.7879291455511491,0.9860950865136073,-0.28284937257458315
1.8917835671342684,0.24873950288636804,0.05082135374575989,713.1431869228417,-0.020776114037764814,-0.30852587660068187,0.4629077691801188,-0.15438189257909618,-1.4629945475002686,0.8345869296093599,0.6284076178907952,1.1663716487786147,-0.25109117301852624,-0.9152804757596315,-0.7885991175478931,0.9806146463977228,-0.28284937244188335
1.8957915831663326,0.24869195314251397,0.05079254777321978,714.6531622391102,-0.04284504701019098,-0.37504159130218045,-0.04755774580719217,0.42259933710997677,-0.20888338440874452,-1.1539706058874495,1.36285399029627,-0.31130537125177593,1.1970668409643437,-0.8857614697119499,-0.7894723684547291,0.975936319579955,-0.2828493724394724
1.8997995991983967,0.2486528341213119,0.05076953987408059,716.1631722502518,-0.061977655236127416,0.23514576909596246,-0.45572622193410395,0.22058045283914973,1.4377050867938967,-0.976617745859683,-0.4610873409343209,-1.2323091661158718,0.4113832879636984,0.820925878152563,-0.7905185266075816,0.9719725524815743,-0.2828493724394286
1.9038076152304608,0.2487082218040283,0.0507604452299038,717.6733421215138,-0.07540798470621858,0.4046447176157266,-0.008143099229630989,-0.3965016183571474,0.3826968955785314,1.040169295787098,-1.422866191364403,0.16441863729439982,-1.1528205431993785,0.9884019059313587,-0.7915504716566126,0.9787818776976376,-0.47834219298067193
1.907815631262525,0.2488299313875281,0.05077782326056988,719.1841302746757,-0.07280737154440803,-0.2273693930094861,0.4775540386745663,-0.2501846456394819,-1.398148216559572,1.099636400294582,0.2985118162650122,1.2170999127591662,-0.5238957840327014,-0.6932041287008744,-0.7921965409899933,0.9887958100204025,-0.48276750360303655
1.911823647294589,0.2489346140180986,0.05080927955502558,720.6954562800229,-0.05770243063942381,-0.4372385198869969,0.02201071278358704,0.41522780712804996,-0.5411048442585084,-0.9152852730176526,1.4563901172761322,-0.03332648527994353,1.0528222215034446,-1.0194957361989039,-0.792465307176643,0.9975890615253253,-0.4828478847355015
1.9158316633266532,0.24902177779655463,0.05084654313735989,722.2071265735215,-0.03588098901354365,0.22258613925649617,-0.5055116441475359,0.2829255049142789,1.3358624587570544,-1.2034275818800275,-0.13243487687688774,-1.175195445856623,0.6129895386998606,0.5622059071798333,-0.7924051618599829,1.0052324685657084,-0.48284934540839164
1.9198396793587174,0.24909450764974106,0.05088439568206435,723.7189974067965,-0.011393542469229178,0.4735095892181792,-0.05116414277274757,-0.42234544642315347,0.6939216674111449,0.7770781415118804,-1.470999808922958,-0.09042241447263613,-0.9534094305074874,1.0438318450023476,-0.7920593903896037,1.0118633215380353,-0.48284937194830374
1.9238476953907815,0.24915530917253323,0.05091958890163321,725.2309668046831,0.01308706030824162,-0.2024394789457188,0.5270274685135486,-0.32458798954664503,-1.2555565201116952,1.292482334181882,-0.036925814070272234,1.1299602521309118,-0.6949951187141229,-0.4349651333955126,-0.7914661054546341,1.017602098406787,-0.48284937243050463
1.9278557114228456,0.2492061553011551,0.050950255533635296,726.7429640321907,0.035884117116152345,-0.5093140046333214,0.09247060110584486,0.4168434035478707,-0.8388695658333174,-0.6274599433654225,1.4663295091988966,0.20852419674152306,0.8531704473547597,-1.0616946440761545,-0.7906589118470608,1.0225536722102864,-0.48284937243926557
1.9318637274549098,0.24924861181427918,0.05097549224448288,728.2549414738921,0.05602936667468188,0.16909007130227321,-0.5401269777622659,0.3710369064796174,1.1579247133260455,-1.3649878694742565,0.20706315614847082,-1.0796825123211184,0.7698971892840073,0.3097853230564447,-0.7896674837516026,1.0268096645126108,-0.4828493724394248
1.9358717434869739,0.2492416186433682,0.050992260498332435,729.7668472756228,0.07252418762075337,0.5347702374498805,-0.14864043542056865,-0.3861298020079431,0.9723303838110843,0.4657701366555435,-1.4381005204638104,-0.32764509232859923,-0.7532916450451822,1.0809367373910432,-0.7885767475057279,1.0245506089070158,-0.29883654214972744
1.939879759519038,0.2491219783177872,0.05098225789414665,731.2782496813859,0.07536715803712617,-0.08215117723902572,0.4976347675547376,-0.4154835902964754,-1.035162783545956,1.417214550973858,-0.3820517674279522,1.056670590771981,-0.8819555715808477,-0.17471501917186302,-0.7877980731368939,1.014355882677832,-0.2831400613818181
1.9438877755511021,0.24901069200626752,0.05095397544204327,732.7890488874058,0.06362793930225114,-0.5153927002053705,0.23242329279960547,0.2829694074237663,-1.102057757612194,-0.28730430341503493,1.3893620610271662,0.490089159692115,0.6632981193590504,-1.1533872790332598,-0.7874116673396677,1.005126941532663,-0.28285465205698174
1.9478957915831663,0.24891748684429046,0.05091750360836754,734.2994435877067,0.04342222533865309,-0.01983689185107239,-0.42383727249232755,0.4436741643610455,0.8974112467140378,-1.4538898614529192,0.5564786147389537,-1.0331299452747111,1.0104211092335098,0.022708836058773524,-0.7873715074217675,0.9970630831475523,-0.28284946842465625
1.9519038076152302,0.2488397322453876,0.0508790579090169,735.809593912827,0.019356645698647125,0.4841109338658975,-0.2983118878546042,-0.18579904599429847,1.2145175257539658,0.10600275362747216,-1.3205202793813076,-0.6481869395170763,-0.5504522382699308,1.1986391778038816,-0.7876328925532973,0.9900621810350605,-0.28284937418345407
1.9559118236472943,0.24877501024761936,0.05084256522986368,737.319615458577,-0.005458603773834631,0.10638541124935635,0.349951407773064,-0.45633681900626955,-0.7469100440882528,1.4676109651702895,-0.7207009210820845,0.9794742651065973,-1.1161639583240115,0.13668969323362531,-0.7881553102029863,0.9840207423281908,-0.2828493724711176
1.9599198396793585,0.24872129951556074,0.05081034492112953,738.8295900626083,-0.029011061194529515,-0.44540567569473993,0.3476864574494093,0.09771921826044253,-1.3072937754340754,0.07545723591975345,1.2318365395142168,0.7952410806738162,0.4186451362423438,-1.2138862169006648,-0.7889022884538638,0.978840785275054,-0.2828493724400034
1.9639278557114226,0.24867696824366783,0.05078358395972594,740.3395737103331,-0.050093737530683864,-0.17900014837650124,-0.27770284948776125,0.4567029978782223,0.5860928763028111,-1.4587386191640959,0.8726457428613156,-0.899558560163777,1.1975738500484956,-0.2980152898708194,-0.7898411619888057,0.9744304484822579,-0.2828493724394382
1.9679358717434867,0.24865019056982757,0.05076295870017566,741.8496031729877,-0.06807113388265199,0.4051161989777902,-0.3833897084902521,-0.02172649047390486,1.381092694506543,-0.25461003566410406,-1.126482658842403,-0.9261734131396095,-0.2734927822764714,1.1996661954298093,-0.7909331355967257,0.9727695303646012,-0.42701453379526316
1.9719438877755509,0.248754759371439,0.05076467207225297,743.3599706847675,-0.07617163092521939,0.22097733151583843,0.24696220248729422,-0.46793953398857663,-0.42446534538478065,1.4335991626879452,-1.0091338173035789,0.7867801009514156,-1.220466630737852,0.43368652980045397,-0.7918332360173315,0.9826630653385752,-0.4818336735400276
1.975951903807615,0.24887137428093284,0.05078850488844749,744.8709828507679,-0.06818516121105364,-0.4233558679966536,0.41380144499114985,0.009554423019634418,-1.4318344174070714,0.4181192820400238,1.0137151353671205,0.9739844822163475,0.13716942258608522,-1.1111539047884147,-0.7923320370818008,0.9922360749781804,-0.48283090527834
1.9799599198396791,0.24896909990911661,0.05082282086773767,746.3824557864436,-0.050039336218657804,-0.24907738386614936,-0.2489702523607712,0.498047636238854,0.26171149233842117,-1.3855147049770618,1.1238032126378803,-0.655916608407836,1.18638618473839,-0.5304695763193055,-0.7924720874046901,1.0005808049690796,-0.48284903700221327
1.9839679358717432,0.2490505264987641,0.05086074837582947,747.8942139934244,-0.026867116297179004,0.436227089695294,-0.4497916185832847,0.01356452889837164,1.4610911193827003,-0.5761337023514048,-0.8849574170313381,-1.006987306634334,-0.00933051812094196,1.016317824765615,-0.7923001227197235,1.0078289474553916,-0.4828493663439343
1.9879759519038074,0.24911852896810266,0.05089787474661475,749.4061306665258,-0.0021556054794785243,0.2881331648409606,0.23534725579961774,-0.5234804206307302,-0.09393123524916928,1.31889759004624,-1.224966354797074,0.5291393933143643,-1.1489311779888491,0.6197917846843458,-0.7918574050956944,1.0141117854574826,-0.48284937232866953
1.9919839679358715,0.24917539495357804,0.05093151791058735,750.9181165051169,0.021830519973039902,-0.4369152287129753,0.487266157598565,-0.050350928876260324,-1.4714782503642572,0.728021046337953,0.7434572040261946,1.0336582519614506,-0.11270996114477165,-0.9209482908072405,-0.7911802805555797,1.0195436144649046,-0.4828493724374154
1.9959919839679356,0.24922293184027877,0.050960211110716684,752.4301102213283,0.04370721964753373,-0.3338304025926662,-0.20779179635549766,0.5416221989569664,-0.07644154873638337,-1.234274681740032,1.3107162304762916,-0.40448731178462466,1.1066501408005947,-0.7021628290071242,-0.7903008152716102,1.0242240914002418,-0.4828493724393912
2.0,0.24926257690045095,0.050983319574926994,753.9420711164863,0.06271089180124352,0.42543898520188494,-0.5227753464401146,0.09733636124617717,1.4622838198777188,-0.8712810818119984,-0.5910027380669869,-1.0530191576121442,0.2298273677379682,0.8231917898819506,-0.7892473387595954,1.0282402969001516,-0.48284937243942705
