time,pi_cc_d,pi_cc_q,theta_pll,gamma_pll,i_vsc_a,i_vsc_b,i_vsc_c,v_sh_a,v_sh_b,v_sh_c,i_bus_a,i_bus_b,i_bus_c
0.0,0.2489566221772049,0.05087378744520468,-0.042340516845684684,0.0,0.34367531018880804,-0.48798366785066266,0.14430835766185482,1.4591625311561314,-0.8813368539757489,-0.5778256771803819,-1.13301044692981,0.27574761708316825,0.8572628298466413
0.004008016032064128,0.24895662023107248,0.050873789369692425,1.4686454101060984,-0.000011619046991469296,0.38494397890841286,0.08572990993622236,-0.47067388884396677,0.26213926520139386,1.1212715402694466,-1.38341080547084,0.2674126069289304,-1.1305475695821752,0.863134962653914
0.008016032064128256,0.24895661918318696,0.05087379483817747,2.97963199795989,-7.159192114022563e-6,-0.29765573403397494,0.49823235839178986,-0.2005766243571852,-1.4278241590117047,1.015383135635165,0.41244102337653893,1.1649793020853796,-0.41090301594619777,-0.7540762861385529
0.012024048096192383,0.24895661850314976,0.05087379845772258,4.490618551569046,-3.93739507009817e-6,-0.42052830907200184,-0.026166982636267468,0.4466952917088667,-0.4328334257578808,-0.9998840666434161,1.432717492401297,-0.12814119835556384,1.0814247193222317,-0.9532835209660695
0.01603206412825651,0.24895661809775782,0.05087380071492864,6.00160507877808,-1.6494229245488676e-6,0.2473822626996501,-0.5013606424469084,0.253978379747832,1.3760795972890034,-1.1349177293575576,-0.24116186793144395,-1.1802983536210432,0.5401856074213742,0.64011274620024
0.02004008016032064,0.24895661791147525,0.0508738019885447,7.51259158568542,-6.143492926466773e-8,0.4501025255755287,-0.033769923098262024,-0.4163326024767381,0.5973416400744205,0.8642064584073313,-1.461548098481766,-0.012961591252366879,-1.016846399416211,1.0298079906691282
0.024048096192384766,0.24895661782047315,0.05087380251772662,9.023578076876062,1.0021205901016779e-6,-0.19357321866214167,0.49732354060751216,-0.3037503219448499,-1.3046683357309001,1.2382322719489172,0.06643606378198241,1.1787488028004718,-0.6617479818405142,-0.5170008209594376
0.028056112224448895,0.24895661785667988,0.050873802552273896,10.534564556204915,1.6826948872935028e-6,-0.4732439269376552,0.09322417306835182,0.38001975386979914,-0.7533126976489681,-0.716177663532705,1.4694903611816739,0.15387916846510657,0.9377354310902156,-1.0916145995548274
0.03206412825651302,0.2489566179900728,0.05087380224755203,12.045551026469568,2.0832388390239276e-6,0.1369976248635549,-0.4861787330898339,0.34918110822675014,1.2146109653312942,-1.3238502004880144,0.10923923515671126,-1.1603527627265917,0.7738527605943094,0.38650000213278674
0.03607214428857715,0.24895661812885697,0.05087380169878661,13.55653748992524,2.284001285453967e-6,0.48962177424549114,-0.1513461076786915,-0.3382756665663178,0.8985175398145753,0.5579134108205941,-1.4564309506351676,-0.2925975135718437,-0.8452225099988696,1.1378200235711946
0.04008016032064128,0.24895661828181725,0.05087380098786465,15.067523948232326,2.3435051228223994e-6,-0.07846414021892503,0.46808561145868044,-0.3896214712393167,-1.1071946009862919,1.3905479154137446,-0.2833533144274186,1.1253732218323724,-0.8748978375912074,-0.250475384240744
0.044088176352705406,0.24895661846212835,0.05087380020981809,16.57851040262468,2.304388759789599e-6,-0.49900209318661126,0.2073050141054873,0.2916970790816164,-1.0308809638368743,-0.39167556283289057,1.4225565266697708,0.42713416035897434,0.7406298676600496,-1.1677640280185586
0.04809619238476953,0.24895661868494612,0.05087379939543058,18.08949685427049,2.2037941295651905e-6,0.018809186777768952,-0.4433025983036217,0.42449341152628534,0.9839543698286252,-1.4373721177759724,0.45341774794734635,-1.0743099871802135,0.9634389737834946,0.11087101339715358
0.052104208416833664,0.24895661888967024,0.05087379857783436,19.600483303875183,2.0644108060428257e-6,0.501250701949136,-0.26030116312533813,-0.24094953882338552,1.1485112002110527,0.21983995574918438,-1.3683511559602395,-0.5555662416909017,-0.6254522348239241,1.1810184765152398
0.05611222444889779,0.24895661908906977,0.05087379777760226,21.111469751999273,1.9032042860626854e-6,0.04111456278874347,0.4121840012168857,-0.45329856400523627,-0.846651631319605,1.463653646408126,-0.6170020150885195,1.0078929048678953,-1.0382108185185794,0.03031791365107535
0.06012024048096192,0.24895661925638018,0.050873797008400494,22.622456199103326,1.733151515190359e-6,-0.4963355350020874,0.30957712695249684,0.18675840804996688,-1.2497270825598261,-0.04486242185774006,1.2945895044175688,0.6760582876990849,0.5013357391305708,-1.1773940268292822
0.06412825651302605,0.2489566194558864,0.05087379628486658,24.133442645456572,1.561504616090585e-6,-0.1004507224640819,-0.375174476060442,0.4756251985248925,0.6972486335105165,-1.4690167674954622,0.7717681339849423,-0.9270711084117741,1.098144633440468,-0.1710735250283167
0.06813627254509018,0.24895661965039706,0.050873795605725046,25.64442909141905,1.3970149661196595e-6,0.48432682562219376,-0.3544286921926534,-0.12989813342920206,1.333082212889914,-0.13075628151153454,-1.2023259313783834,-0.786888247502376,-0.3700542716853974,1.156942519188117
0.0721442885771543,0.24895661978559513,0.05087379496123374,27.1554155369854,1.2388375007181223e-6,0.1583512331519838,0.3328031338236383,-0.491154366975282,-0.5378807787581011,1.4533851581351784,-0.9155043793770764,0.8329999138579199,-1.1423841350690813,0.3093842212115018
0.07615230460921843,0.24895661994122037,0.050873794375792085,28.666401982440767,1.0930927816980809e-6,-0.4653961537193777,0.39421476981538894,0.07118138390431585,-1.3973849048115101,0.3045062250375511,1.0928786797739622,0.8864720462701787,0.23348397990017145,-1.119956026170026
0.08016032064128256,0.24895662008240002,0.050873793837940204,30.177388427836302,9.598258074938336e-7,-0.21398862634023735,-0.28567536793091797,0.49966399427146085,0.3708255712414784,-1.4169819090765339,1.0461563378350571,-0.7270235506090799,1.1702967812061769,-0.4432732305967849
0.08416833667334668,0.24895662023115933,0.05087379335621854,31.68837487326488,8.40075967623071e-7,0.4398141840561199,-0.4283668409113521,-0.011447343144379393,1.441716584237337,-0.47390424014440446,-0.9678123440929067,-0.9733866336514186,-0.09357681091799164,1.0669634445696572
0.08817635270541081,0.24895662032056295,0.05087379288981113,33.199361318679436,7.314449653223164e-7,0.2665677221331,0.23446481845941447,-0.5010325405922423,-0.1984705862147625,1.360327399870722,-1.1618568136559586,0.6106566958321731,-1.1814837732184746,0.5708270773865736
0.09218436873747494,0.24895662042138125,0.05087379247797376,34.7103477641059,6.33385126637042e-7,-0.4079463723582454,0.4563967189802404,-0.04845034662175511,-1.4654433480243363,0.6365292500215044,0.8289140980028307,1.0463896384740348,-0.04766774748471028,-0.9987218909890799
0.09619238476953906,0.24895662053581796,0.05087379209901587,36.221334209669095,5.478684970648358e-7,-0.31533709538600724,-0.17990324456171608,0.4952403399479417,0.023279093992594785,-1.2842313099168463,1.2609522159242617,-0.48556242456141374,1.1757851383506057,-0.6902227137889838
0.1002004008016032,0.24907504567859137,0.05087384500225724,37.73231911796103,-0.00003792932420383102,0.45365466012092004,-0.5194583902877581,0.06580373016704258,1.4934961625069714,-0.8029608173162904,-0.6905353451906743,-1.0992227120289446,0.18553692972162344,0.9136857823075187
0.10420841683366733,0.24951885480488703,0.050973007279128346,39.24525983894836,0.04684743382826691,0.34451833718800046,0.25440379022529497,-0.5989221273781338,0.12783082987270164,1.204917334162405,-1.3327481639823484,0.3630470209378405,-1.034365077452972,0.6713180565718064
0.10821643286573146,0.24949151289631447,0.05102093496368834,40.75817528448267,0.08814992704537389,-0.472449328161145,0.5596097605939133,-0.08716043237858992,-1.4540666910606095,0.9133007294512535,0.5407659616086463,1.0031260498909793,-0.2385179910896946,-0.764608058752227
0.11222444889779558,0.24946518852306435,0.05104458956899274,42.27056035235405,0.11292436161935303,-0.4011733529824926,-0.1887057935895438,0.5898791466213462,-0.3015677479812708,-1.0950999527727396,1.3966677007540773,-0.24347809320421523,1.004431989218232,-0.7609538959649
0.11623246492985971,0.2494431080248242,0.051051861734690784,43.78254181765391,0.12575833531234348,0.4248843395438696,-0.5826752500882001,0.15779091059111244,1.4180522022333797,-1.0441746508836274,-0.3738775513497138,-1.0318516044222905,0.3580249483346435,0.6738266561347017
0.12024048096192384,0.24942423259316646,0.051048119117308714,45.29422030322796,0.1301787469886789,0.4523012705620517,0.11909411452089763,-0.5713953850385257,0.4710533724953881,0.9703341859364264,-1.4413875584317315,0.12049982928067482,-0.9616477063480189,0.8411478771117151
0.12424849699398796,0.24940774692009562,0.05103729050681851,46.80567314244562,0.12882334303342116,-0.3709392885418235,0.5972276865355619,-0.22628839795160505,-1.3617813386898714,1.1601798961625969,0.20160144252720283,1.0461720966848307,-0.47267364654433547,-0.5734984500983445
0.1282565130260521,0.24939304868815432,0.05102223082059413,48.31695953513294,0.12364791275312453,-0.49689034720070424,-0.04760912084800337,0.5444994680888284,-0.6338454139751739,-0.8316701093478023,1.4655155233230202,0.004315347180089635,0.9052628769619072,-0.9095782241019985
0.13226452905811623,0.2493796956630625,0.0510049823368917,49.828124592054664,0.1160873269542847,0.3115151484352105,-0.6030796214624591,0.29156447306548267,1.2860332982472324,-1.259620992319982,-0.02641230592701932,-1.0457065773238958,0.5807515757632532,0.4649550015987501
0.13627254509018036,0.24825181971829116,0.050835542636025764,51.33675395193088,0.04746917641318005,0.4311305645078279,-0.20012915314032595,-0.23100141130577756,0.8257136447012761,0.6349967887313486,-1.4607104334808565,-0.2715151820568057,-0.9712769435853591,1.2427921256686174
0.1402805611222445,0.2482676594935237,0.05070506548964737,52.843565389355604,-0.05616258393915069,0.01615024826226115,0.36307291399841435,-0.37922316222633046,-1.16252238026181,1.360377920283677,-0.19785554002170136,1.2686525553795196,-0.9416530882487784,-0.32699946709682326
0.1442885771543086,0.24831246006937557,0.05063100993384429,54.351442746952074,-0.12457509678205557,-0.4253678690739094,0.24880963081437069,0.1765582382870003,-0.9675545207093981,-0.474455775582013,1.4420102962916648,0.43154541603329505,0.8623772144150328,-1.2939226304209628
0.14829659318637273,0.24834855382838128,0.05059378677995965,55.8601698403824,-0.16629746385738117,-0.06689379953764138,-0.3311816276271926,0.39807542719111333,1.0464732640835783,-1.4169170520375134,0.3704437879540947,-1.2165618642401137,1.0467108844946873,0.16985097977152525
0.15230460921843686,0.2483778263046717,0.050582123554633866,57.369540639036224,-0.1887650375104951,0.4154889633134367,-0.28718759545531786,-0.12830136783315715,1.0926033547398197,0.30481286516808576,-1.397416219907953,-0.5788434965560348,-0.7357617848722319,1.3146052814532814
0.156312625250501,0.24840203939242286,0.05058772467791293,58.87939592405152,-0.19759300179364006,0.11618763726436486,0.2958390591211081,-0.41202669636192585,-0.9156170766186885,1.4531815775458456,-0.5375645009271388,1.1467466891956315,-1.1355263871259902,-0.011220302046059283
0.16032064128256512,0.2484225328179438,0.05060448177906269,60.389613090751624,-0.1969919673929328,-0.40060480719340236,0.32171911334933667,0.07888569386678973,-1.2019983794284321,-0.13097308003264657,1.3329714594610924,0.716883136157106,0.5990500334408786,-1.3159331695754952
0.16432865731462926,0.24844030829756353,0.05062794864839754,61.90009809950112,-0.19009298623422002,-0.16370417600086973,-0.2569651692586281,0.42066934539088635,0.7718019829807711,-1.468726906453816,0.6969249233834507,-1.0605482023648263,1.2074530140889193,-0.14690481145258905
0.16833667334669336,0.24945904210612777,0.05074815898873415,63.411803007096495,-0.15380100317777917,0.5907466821184253,-0.317196503548059,-0.27355017853069497,1.293496428803749,-0.003317354948655038,-1.290179073161849,-0.6412744416758154,-0.4484783365265993,1.0897527779878209
0.1723446893787575,0.24957807050415728,0.050923655473591053,64.92706169594287,-0.03753363991853702,0.03332112786773364,0.50239822828996,-0.5357193562449933,-0.6615922626679569,1.4677005121933957,-0.8061082495205653,0.826132965656396,-0.973476211331815,0.1473432455881147
0.17635270541082163,0.24953414668987464,0.05102726132070014,66.44142255968774,0.04611468706722201,-0.5972609819920649,0.3582027942607154,0.23905818764496264,-1.3496737530263432,0.1708581286377266,1.1788156243898822,0.6942169614699026,0.3333336189793557,-1.0275505805388612
0.18036072144288576,0.24949816427545135,0.05108802650623448,67.95488942122003,0.10056837734560728,-0.10437967164878909,-0.461056728048565,0.5654363996129798,0.5003314189465042,-1.4470803704760526,0.9467489515294955,-0.7429145500920117,1.0117906284581775,-0.2688760784504272
0.1843687374749499,0.249469341502439,0.05111853880732049,69.46767544997286,0.133671652266717,0.5857558213429254,-0.41385303450972305,-0.17190278691413893,1.4095259128981874,-0.34372383956748,-1.065802073331097,-0.782072481902555,-0.21304305644873672,0.9951155382709668
0.18837675350701402,0.2494458111283508,0.05112798206927707,70.9799464624691,0.15139616820740348,0.17456276668850462,0.41211727882682436,-0.5866800455918407,-0.33194170452178323,1.4060696824486438,-1.0741279779268247,0.6496940418793533,-1.0367914037929442,0.3870973618372003
0.19238476953907813,0.2494261709658329,0.05112318187959916,72.49183036942716,0.1582443709881058,-0.5653974858587179,0.46356490478580176,0.10183258099782166,-1.4492440736826446,0.511763381388558,0.9374806922926976,0.8592558190098109,0.08960084744322643,-0.9488566665263992
0.19639278557114226,0.24940938528357542,0.051109168918675056,74.00342555172921,0.15758840531376508,-0.24239933711062386,-0.3568796555082698,0.599278992550377,0.15874220940071465,-1.3449501913063626,1.1862079819055806,-0.547273277846484,1.0473769926643406,-0.5001037148863527
0.2004008016032064,0.24894006626933596,0.05108757652561961,75.51484814532152,0.15294947084991187,0.2898644565873199,-0.40105038504507773,0.1111859283915338,1.3433541038762262,-0.6149045681973707,-0.7284495356799374,-0.9746723696045158,0.05955501412577939,0.9151173554134863
0.20440881763527052,0.24825891411111553,0.05086538862901319,77.02191237310288,0.04451414684949098,0.3596177363036661,0.0244686570011076,-0.3840863933638848,0.06551020315594794,1.2383431842246206,-1.303853387382263,0.4411417698715117,-1.2936535106627074,0.8525117407345324
0.20841683366733466,0.24830289496348318,0.05075317231484381,78.52923901591824,-0.04657709856574905,-0.21143737835012236,0.4281352046756702,-0.21669782637485183,-1.4619172004437537,0.8638965240988964,0.5980206763429518,1.265819780847747,-0.31683665775970254,-0.9489831231334209
0.2124248496993988,0.24834395313794463,0.05068726252033929,80.03752679669954,-0.106165818680423,-0.38316374898716304,0.0285802084474282,0.3545835404942838,-0.240708433748691,-1.135308489236631,1.3760169229854906,-0.28744052939124787,1.2572268402703954,-0.9697863109247651
0.21643286573146292,0.2483770351119723,0.05065332957436866,81.54655152212517,-0.14258262477451178,0.16461334826094706,-0.42252798582800455,0.2579146375233492,1.4327830046835057,-0.999585210843364,-0.43319779384039403,-1.300863575857647,0.4693208885701168,0.8315426872439851
0.22044088176352702,0.2484040943753299,0.05064167848413374,83.05613463655051,-0.16227528193649188,0.4013125165242082,-0.07886552755704286,-0.3224469890087683,0.41209689357882334,1.015529824112709,-1.4276267176915636,0.13027304431715392,-1.2006098524773876,1.0703368081187308
0.22444889779559116,0.24842666872836003,0.05064511002022669,84.56613807708534,-0.17011548885687938,-0.11629364945695977,0.41190185179802175,-0.29560820226318507,-1.3833126857636002,1.1209379502990455,0.26237473546596063,1.3165877035923936,-0.6140202847805134,-0.7025674187402717
0.2284569138276553,0.2484459322281803,0.050658320385880175,86.07645552922017,-0.16975679714441938,-0.4143113823238936,0.12779161554920804,0.28651976684368424,-0.5774970328639346,-0.8813756974605789,1.4588727303245717,0.02806935673925476,1.1267397607772862,-1.1548091174479362
0.23246492985971942,0.24846275861613468,0.05067744548887464,87.58700544501279,-0.1639164886390041,0.06673138218752152,-0.3960242365408986,0.3292928544193504,1.314159364746808,-1.2262538927616773,-0.08790547198487897,-1.3131544148622893,0.7492820064183489,0.5638724085095321
0.23647294589178355,0.24959800213560965,0.05085943936349234,89.1004139919166,-0.08920191500387178,0.5094630064628664,0.01453456603325208,-0.5239975724396154,0.6957889867510079,0.7772840537438295,-1.4730730404694703,-0.057120677695093186,-0.8857469800671673,0.9428676578184095
0.24048096192384769,0.24957748750607545,0.05099720356139102,90.61541774181211,0.014665055883719233,-0.2875640180326333,0.6006051649082528,-0.31304114685441253,-1.2531171587108103,1.2917835076328463,-0.03866634892237425,1.0423550829725479,-0.6210277553505866,-0.4213273276020403
0.2444889779559118,0.24953571937998786,0.051078941006297895,92.1294016994566,0.08438907611977747,-0.544288044964463,0.050470163951208694,0.4938178810325938,-0.8415661822621019,-0.6227841683954553,1.464350350657502,0.17677406143395819,0.8063929713124479,-0.983167032727367
0.24849699398797592,0.24950227810086434,0.051123523382452615,93.64257592266277,0.12824702972375057,0.22319214804275261,-0.5957403682948814,0.37254822026993845,1.1526119349751713,-1.3661622360226535,0.21355030104745418,-1.020614993262289,0.7161848993001856,0.3044300939800549
0.25250501002004005,0.2494752119620914,0.05114199785998938,95.15513590501824,0.1533457002960927,0.5717417409229522,-0.12176438087328843,-0.44997736003262245,0.979293329898648,0.459596448838143,-1.4388897787368253,-0.2979249503866083,-0.7209762035843049,1.01890115398808
0.2565130260521042,0.24945284365886125,0.05114257720951787,96.66723287418314,0.1650633207391795,-0.15501673322951026,0.5818227271400608,-0.42680599388997764,-1.0356401904037056,1.4211308793268875,-0.3854906889240839,0.9849213351368572,-0.8017533574750901,-0.1831679776360486
0.2605210420841683,0.24943392334086878,0.05113133138688821,98.1789832837798,0.16743985742496123,-0.5907782460499826,0.19154048341363988,0.3992377627646259,-1.1030948577556903,-0.2897745070156168,1.3928693647700654,0.41515261522132985,0.6254222386312586,-1.040574853723301
0.26452905811623245,0.2494175323198303,0.05111270748268282,99.69047650762747,0.16348725215883853,0.08433416904823873,-0.5592324928676095,0.47489832394238873,0.903826070556249,-1.4558088678138472,0.55198279725767,-0.9354064642674077,0.8762461236642616,0.05916034072606749
0.2685370741482966,0.24836565212958062,0.05099093169908446,101.20056945382868,0.1254804514473159,0.40439823817002185,-0.32078695291036485,-0.08361128497094096,1.2106316021924786,0.07934758867718396,-1.289979190830228,-0.7269621158827709,-0.5474692619079153,1.2744313778558294
0.2725450901803607,0.24828572633145063,0.0508241825202732,102.70730189387527,0.012414118996119715,0.18265399094248552,0.24510583353265056,-0.427759824396468,-0.7166784666523158,1.4697817383453908,-0.7531032716877087,1.0277271881754528,-1.226924757069129,0.1991975689732505
0.27655310621242485,0.24833134547453348,0.05072989527665996,104.21499643335652,-0.06688015314482847,-0.3752852141077077,0.3652882567114072,0.009996957471012126,-1.3239573344106368,0.10899029070293859,1.2149670437072033,0.8848114514595472,0.4028747522525577,-1.287686203637542
0.280561122244489,0.24836876804609948,0.050675874840843876,105.72356799414766,-0.11779814946825526,-0.22660405908516404,-0.19967096429042003,0.4262750234470368,0.5580856251772339,-1.4565194466046378,0.8984338214276262,-0.9206518351194657,1.2765070468167057,-0.35585521162605943
0.28456913827655306,0.24839897065070085,0.050650112979688314,107.23280688086889,-0.14802346484078452,0.3465147630089984,-0.38742215286208337,0.04090738991987938,1.3904748021265327,-0.2832704987112367,-1.1072043034157717,-0.9964017644974676,-0.24835023456399452,1.244751999129551
0.2885771543086172,0.24842376500634572,0.05064389790005748,108.74255043917998,-0.16338998361422363,0.2671379922596946,0.15277289576432945,-0.4199108878973514,-0.39165223349510375,1.42242070151319,-1.0307684680165203,0.8004270874465513,-1.3065599768609826,0.5061328895390202
0.2925851703406813,0.2484445524855746,0.05065076374693617,110.25267306375088,-0.16829584996901228,-0.31376336208240807,0.40462421466414433,-0.09086085246238276,-1.4371676497299035,0.4533752409618118,0.9837924087682105,1.0927961247507247,0.09101746060740568,-1.1838135852388554
0.29659318637274545,0.24846238616121297,0.05066596054098161,111.76307814327903,-0.1660315798556132,-0.30402319229197083,-0.10424773910555138,0.4082709315118476,0.2197488023553426,-1.3680839099174844,1.1483351075627137,-0.6690597353439212,1.3174641278263597,-0.6484043923687923
0.3006012024048096,0.24910536090800486,0.05069624761474134,113.27358975127187,-0.1615739997501425,0.51427909383966,-0.4925095510110117,-0.021769542715126135,1.6080325901482353,-0.6731503682868721,-0.9348822218578986,-1.0611964862042473,0.015525891331409802,1.0456705949812921
0.3046092184368737,0.24961318974615251,0.05091915610112381,114.7888042129928,-0.04536200835844391,0.2660449215779266,0.3322389176727535,-0.5982838391552704,-0.09364254778741438,1.3176290298464697,-1.2239864820607658,0.506302640291701,-1.050223732775315,0.5439210925662121
0.30861723446893785,0.24956991238766152,0.051032340256168776,116.30341800854464,0.04503850244760386,-0.5224081185294628,0.5187209327521476,0.003687185855200446,-1.46976598985394,0.7295926961948386,0.7401732936579181,0.946746948530987,-0.08327326462953556,-0.8634736838195398
0.312625250501002,0.2495309432638614,0.05109867326089423,117.81707577414183,0.10412454042641106,-0.3282959776685412,-0.2725601683331239,0.6008561460798324,-0.08167316849358289,-1.230111783783474,1.3117849522767147,-0.3933804831430502,1.0380078993347037,-0.6446274161134705
0.3166332665330661,0.24949966588186642,0.051132362642490506,119.33000176810529,0.14020949327024346,0.48411549863925885,-0.5521758773165512,0.0680603787525415,1.4600968065246542,-0.8765659261894075,-0.583530880334949,-0.9929066749651432,0.20640741652265218,0.7864992585168542
0.32064128256513025,0.24947411443590553,0.051143290026969226,120.84237399545401,0.15971174362814494,0.38662308734606043,0.20687297523383658,-0.5934960625083214,0.2561171324788156,1.1254373651466896,-1.3815544976255216,0.2752430189171747,-1.0131169077742326,0.7378738889283938
0.3246492985971944,0.24945277240131444,0.05113880273749598,122.35432985367869,0.1674736982178708,-0.43830870743297135,0.5774848072932331,-0.13917609979272091,-1.4295501960205164,1.0110882307586966,0.418461965261723,1.0254581004331762,-0.326913015980379,-0.6985450843846459
0.3286573146292585,0.24943452279052256,0.05112431760215187,123.86597502512335,0.16712318802036258,-0.4394093756197867,-0.13785300687944907,0.5772623825651024,-0.42697919315677696,-1.004637761344951,1.4316169545015984,-0.15308294905925246,0.9740874356179269,-0.8210044864929107
0.33266533066132264,0.24941853636674424,0.051103775431056875,125.37739048956098,0.16135575099792857,0.3858996636103235,-0.5943161728829928,0.20841650933575231,1.3785452613995122,-1.1311953301216473,-0.2473499312776956,-1.0436800372736619,0.4430166478838161,0.600663389452503
0.3366733466933867,0.2482812643229518,0.05091466480066046,126.88572905423442,0.08158406188227667,0.42341250738532626,-0.1428868531455228,-0.28052565416544345,0.6327872703929032,0.8297401291110448,-1.462527399502461,-0.07807319570438646,-1.0934368863959512,1.1715100821606912
0.34068136272545085,0.24830897136559751,0.050782984427007426,128.39275478008486,-0.02019913882907831,-0.04868992453492688,0.3931276940629098,-0.3444377694599924,-1.2847014741520648,1.2610640002925597,0.023637473859926983,1.3074497876538336,-0.7924073817169501,-0.5150424058697852
0.344689378757515,0.24835163104727326,0.05070515325182161,129.90079721014195,-0.08812657589501403,-0.42662428013561143,0.1934151268433595,0.2332091533611113,-0.7899682542431009,-0.6784576117790357,1.4684258660229832,0.23938185607714899,1.002249962103497,-1.2416318181153132
0.3486973947895791,0.248385907429646,0.05066267534393605,131.40963413687905,-0.13072082959073558,-0.0025707663237001938,-0.3678267651575418,0.3703975315440047,1.1898711841459777,-1.3419962260492957,0.15212504190337017,-1.278688273367208,0.9142379396557747,0.3644503337740609
0.35270541082164325,0.24841367491998487,0.05064496293834007,132.9190739627304,-0.15494526624685848,0.42453323377257024,-0.23648946259158948,-0.18804377112129153,0.9321978515324612,0.5177473096488555,-1.4499451611812844,-0.3940489444589879,-0.8917644121043196,1.2858133566231569
0.3567134268537074,0.24843660483492933,0.05064420529863251,134.42896871219332,-0.16606391443031884,0.05318408947660429,0.3384702397253075,-0.3916543291449401,-1.0781972960135788,1.403753127744085,-0.32555583173060776,1.2312138419434606,-1.0218150515662479,-0.20939879032055186
0.3607214428857715,0.24845595987240715,0.050654618068705255,135.93920422801762,-0.16803600831005958,-0.4171974375076952,0.27628412220348825,0.14091331535827312,-1.0610576345786873,-0.3498028316625763,1.4108604662412412,0.5421976872487769,0.7688029514772149,-1.311000638671992
0.36472945891783565,0.2484726885260877,0.05067197117172589,137.4496928223414,-0.16381493922925885,-0.10282170420139901,-0.3049539044266111,0.4077756086796101,0.9512287547281376,-1.4454759544525457,0.4942471997245828,-1.1660364383900497,1.1141275751968647,0.05190886324464894
0.3687374749498998,0.2495508765161538,0.050801413191128485,138.96175167060784,-0.12147223318242643,0.5840002357916161,-0.224808173864961,-0.3591920616886317,1.1683080260838794,0.2165590722141565,-1.384867098211386,-0.4812178609436579,-0.5957608104761158,1.0769786715028564
0.3727454909819639,0.24960261863586178,0.050966508315753424,140.47703077553052,-0.007958304087090286,-0.05752174669565535,0.5464305209117062,-0.4889087741104075,-0.8515770421896633,1.4633213080995986,-0.6117442659067232,0.9138490821469764,-0.9030155307116818,-0.010833551326215607
0.37675350701402804,0.24955829929186196,0.05106034670663386,141.99126635799237,0.06989528622120249,-0.6009375618954674,0.2813885778754708,0.319548984122428,-1.2466652961658935,-0.050862121776449276,1.297527417941552,0.5678666680310792,0.47914836276738276,-1.047015030695717
0.3807615230460922,0.24952220611380385,0.0511134048638123,143.5046320806211,0.11968005487628948,-0.013876162509136383,-0.5141573566737698,0.5280335192798802,0.7026691546061401,-1.4693483195095378,0.7666791649033777,-0.8456390198644961,0.9588645016182856,-0.11322548165682031
0.38476953907815625,0.24949305390015758,0.05113778805088729,145.01733666665845,0.1490272548349723,0.6002060376015377,-0.34326763655184866,-0.2569384009570666,1.330666203785455,-0.12466273391142116,-1.2060034698738864,-0.6680062191164451,-0.3650681730082167,1.033074392216901
0.3887775551102204,0.24946902486624944,0.05114236030503031,146.52954206461195,0.16372967109428638,0.08570400476010841,0.4736906136541242,-0.5593946183263545,-0.543704153443392,1.4545095573744304,-0.9108054039308788,0.7659672250459075,-1.0019931157641464,0.23602589080605746
0.3927855711422845,0.24944876376802888,0.05113369874346509,148.0413731146064,0.16814684640651403,-0.590475726717047,0.4002912173696355,0.190184509400352,-1.3956877017873432,0.29848778786741537,1.0971999139206474,0.7590766394273027,0.24573986679318968,-1.0048165061647258
0.39679358717434865,0.24943127314108562,0.05111663589778704,149.55292571937136,0.16553572968985936,-0.1564979811099224,-0.4260490893022715,0.5825470704640289,0.376907857639203,-1.4188793294027118,1.0419714717635842,-0.6754826183001895,1.0312091237357226,-0.3557265053837578
0.4008016032064128,0.24866711782345297,0.051067514416394164,151.0643747018791,0.16081896532321685,0.3782006458473071,-0.430479844160415,0.052279198362468325,1.3367223259768508,-0.4515876697538119,-0.8851346562230228,-1.0068376383977782,-0.057105550346535666,1.0639431887936674
0.4048096192384769,0.2482834604610187,0.0508569694642683,152.57091838453672,0.039857917611952697,0.32036369028894196,0.08796994596067932,-0.40833363619554347,-0.15626661899988392,1.3436595366282749,-1.187392917627764,0.6226137193433977,-1.3151503657612384,0.6925366464661921
0.40881763527054105,0.24832809295709374,0.05074890017303918,154.0783377478592,-0.0485864061431896,-0.26506345527924824,0.42362590898038766,-0.15856245365073957,-1.468354487880582,0.6750299054038953,0.7933245824759922,1.1964535888411523,-0.1208324064696866,-1.0756211823202302
0.4128256513026052,0.24836738619760101,0.050685530099975847,155.58669727907318,-0.10628090150820482,-0.3503886449556256,-0.035922336750922004,0.3863109817538883,-0.01971261301949051,-1.2628691114809167,1.2825817245004885,-0.47763001294375906,1.3021368497680657,-0.8245068367771037
0.4168336673346693,0.2483989197418278,0.05065322500938703,157.09577513629424,-0.14142603727211164,0.22191498709496132,-0.4257955665698156,0.20388057951976205,1.4656735657224702,-0.8260233087762864,-0.6396502569462256,-1.2545200787390232,0.2786787440592768,0.9758413347248784
0.42084168336673344,0.24842462678943758,0.050642550596557714,158.60539715261996,-0.1603060053370587,0.3755346421784861,-0.015004109387144818,-0.3605305327162573,0.19507028062402998,1.1638422061929212,-1.358912486818528,0.32611513518416796,-1.2685688931885768,0.9424537580731228
0.4248496993987976,0.24844600659929864,0.05064649793371513,160.11542867441355,-0.16766781843672185,-0.17651320445573165,0.42280281806805003,-0.24628961347815986,-1.4421652789384523,0.9651397324067362,0.47702554653140383,1.2938398302096443,-0.4315359125484822,-0.8623039175272063
0.4288577154308617,0.24846420044354947,0.05065990384902365,161.62576604255352,-0.1670701236234458,-0.39578836441134346,0.065373226288416,0.3304151382508649,-0.36752837951986045,-1.0483114640325066,1.415839843552589,-0.17052723999435765,1.2166546166563608,-1.04612737653436
0.43286573146292584,0.24848005469449427,0.05067900835553393,163.13632974382168,-0.16115908168985277,0.12906538261343298,-0.41436254452351073,0.28529716203753475,1.3981193317613223,-1.0904304300631984,-0.3076889016982336,-1.3142558930004327,0.5775892587822413,0.7366666343454447
0.4368737474949899,0.24961926397711665,0.05087554737406157,164.65019910291085,-0.07590697822316761,0.4548387145298269,0.10855354562187462,-0.5633922600164241,0.49114009840036765,0.9566809256263141,-1.4478210240234117,0.1042543955679496,-0.9612740468303884,0.8570196513955697
0.44088176352705405,0.24958719771810817,0.0510062553226704,166.16510881282417,0.024433154451244107,-0.36381651886204525,0.5960992473214737,-0.2322827283258822,-1.3544515007273545,1.1714772413589543,0.18297425936876652,1.0477059186867932,-0.48661324103444537,-0.5610926775194356
0.4448897795591182,0.24954562556407658,0.05108345416200479,167.67899784345462,0.09097275767199067,-0.49961864823987784,-0.04035304922412244,0.5399716975909976,-0.6505822397037132,-0.8161083176851104,1.46669055738888,0.019156130479049516,0.8979926347249558,-0.9171487650771052
0.4488977955911823,0.24951224063647712,0.05112480850336169,169.19209949160577,0.1324804654519351,0.30486669343427486,-0.6020272939170684,0.2971606006038776,1.2768038924042633,-1.2690109976688044,-0.0077928947355019595,-1.0447341741468565,0.5927940448682373,0.45194012939950345
0.45290581162324645,0.24948507847200604,0.05114104697806192,170.70460431510395,0.15586637760401545,0.5367695930814804,-0.031571750721598665,-0.5051978422447139,0.803156015945339,0.6645405848736089,-1.4676966008188441,-0.1432653449076779,-0.8272113397493743,0.9704766847722256
0.4569138276553106,0.2494624982214083,0.05114012071617104,172.2166595740569,0.16635377458832026,-0.24094552079985834,0.5988859283450585,-0.35794040743539096,-1.180880416331746,1.3484657890737866,-0.16758537274186253,1.0274450376801185,-0.6910528706397068,-0.33639216693069685
0.4609218436873747,0.24944328800279195,0.05112791112829613,173.728378651023,0.16786371037535353,-0.5660529256410252,0.10332260632241531,0.46273031942300735,-0.9443112672742691,-0.5034060065486173,1.4477172738229411,0.26559213058971426,0.7448254466718917,-1.010417577157315
0.46492985971943884,0.24942655383671447,0.051108717603942665,175.23984851591794,0.16331638656481579,0.1732665514230249,-0.5868580306080563,0.41359147926331846,1.0680461321769281,-1.4086753406295323,0.340629208453752,-0.9957580363974835,0.7797945066425075,0.215963529833694
0.468937875751503,0.248329224434551,0.050966346788924574,176.74954561640413,0.11579571635469461,0.4312472629534373,-0.2918695906556474,-0.1393776722193968,1.0915905256765666,0.28813053337162975,-1.3797210590396474,-0.5762073407648802,-0.7142732878507982,1.2904806286928518
0.4729458917835671,0.24829995821553427,0.050810596254029235,178.25625498515757,0.0032517446791769204,0.12217461446671157,0.29508255838262115,-0.4172571727888643,-0.9017184433879006,1.4562523844618538,-0.5545339410754422,1.1399673749977826,-1.1410890335069637,0.0011216585715101701
0.47695390781563124,0.24834453239690896,0.050721095329048144,179.7640475681803,-0.07284194897120302,-0.4017827403481496,0.32754630153522735,0.07423643887260181,-1.2127328533289607,-0.11288768883087533,1.325620542160014,0.7278897019502044,0.5869766216357111,-1.3148663235259281
0.48096192384769537,0.24838068474090133,0.0506704084331035,181.272693707039,-0.12142152558472045,-0.16958661581952303,-0.25408784789070854,0.42367446376703444,0.7563753128854207,-1.4695027372193568,0.7131274243342429,-1.0519603254787,1.2128909225345201,-0.160930596999298
0.4849699398797595,0.2484098356794362,0.05064700260191639,182.7819890888379,-0.1499606378539681,0.3797364595726662,-0.35639215275855846,-0.023344306760545372,1.3030299649929826,-0.062987285900336,-1.2400426790925443,-0.8553150695947704,-0.4402294731006018,1.2955445427492032
0.4889779559118236,0.24843375863707162,0.050642409022880544,184.29177513260186,-0.16413426822732644,0.21429549254353986,0.2107225918960709,-0.42501808438770183,-0.6003809758402614,1.4617555678100818,-0.8613745919692306,0.9487941225375238,-1.2660797927946243,0.3172856703086796
0.4929859719438877,0.2484538126812925,0.05065035387304407,185.801929461509,-0.1682168819351043,-0.3532232087409318,0.38060847787891683,-0.027385269088973513,-1.3746968473464463,0.23781794938902848,1.1368788979573994,0.9695471816649561,0.28780137878129963,-1.2573485603970624
0.49699398797595185,0.24847102207337018,0.050666234241545934,187.31235797566725,-0.16540413290487438,-0.25599842705659637,-0.16495757418276563,0.4209560012858221,0.43593282059632765,-1.4331930491060634,0.9972602285094757,-0.8322507146203317,1.300626738012528,-0.4683760233455202
0.501002004008016,0.24931719514736642,0.05073620915403307,188.82303335093735,-0.15691507925797546,0.4936298625179774,-0.3884910108257643,-0.10513885163918854,1.47148133690178,-0.3828042327444276,-1.0886771041578867,-0.8699721554207871,-0.1971532225402325,1.0671253780063261
0.5050100200400801,0.24961621680828758,0.05093174170374244,190.33854039916292,-0.03460434051777489,0.18165982085335872,0.40449687730403616,-0.5861566981249511,-0.31353691435896786,1.4007485760770524,-1.0872116617173508,0.6389829299192623,-1.0410257382658474,0.40204280837783574
0.5090180360721442,0.24957154487952604,0.051039397500345585,191.85304878466636,0.05226593769753169,-0.5613028097612834,0.4671416659537321,0.09416114383815197,-1.4520974865493241,0.5292104266124,0.9228870599373951,0.8680647050245831,0.07505537508671375,-0.9431200800810193
0.5130260521042084,0.24953312391360805,0.05110199336365251,193.36662371360828,0.10869685357749703,-0.24865035335987606,-0.35023859631363985,0.5988889497021554,0.14017296344517327,-1.3371478443681912,1.1969748809231795,-0.5351405942733855,1.0479417441909686,-0.5128011498888747
0.5170340681362725,0.24950221226761912,0.05113306418022707,194.87948683006348,0.1428536178162906,0.5325317007351335,-0.5097452204158179,-0.022786480292810274,1.4688717372634699,-0.6889429792308974,-0.7799287580327927,-0.9311030023714945,0.049365059643403375,0.8817379427557664
0.5210420841683366,0.24947686513809092,0.05114221175111147,196.39181161906544,0.1609780040222197,0.31266505876078143,0.2897100651936353,-0.6023751239283205,0.035320018258005625,1.2548922826989284,-1.2902123009570061,0.42429151918337576,-1.04172912075358,0.6174376015963334
0.5250501002004008,0.24945561383030931,0.05113656349307095,197.9037319334417,0.1677757985959637,-0.4956109536356435,0.5449182384501841,-0.049307284789274236,-1.4647082123226363,0.8389291968002204,0.6257790155226186,0.9814215870999201,-0.17332338152590787,-0.8080982055491831
0.5290581162324649,0.2494373742151728,0.05112137028817006,199.4153506929937,0.16676980806228625,-0.3722564633650707,-0.22464489261769363,0.5969013560248461,-0.21037853207548374,-1.1546702972758198,1.3650488293513305,-0.307354686348873,1.0209994741523716,-0.7136447877803103
0.533066132264529,0.24942135423183345,0.05110044901171275,200.92674666100254,0.16057345452665914,0.45125841687876017,-0.572119059056004,0.12086064225721097,1.4396272757527029,-0.9769837536237695,-0.4626435221286389,-1.0180627854280542,0.2950320742750563,0.7230307112320871
0.5370741482965932,0.2482812709091009,0.05089650610358294,202.43461512559313,0.06990523817399338,0.4081667524976147,-0.08338511814729624,-0.32478163428094453,0.4287061606684685,1.0010812746002706,-1.4297874352723272,0.11859099266232977,-1.1910463170857324,1.0724553244975052
0.5410821643286573,0.2483175338400527,0.05077223731233679,203.94173976222606,-0.028398986677203468,-0.11217783561508131,0.4141895853078832,-0.30201174962492044,-1.3775936184617037,1.132990868608441,0.24460274985327057,1.316696927867708,-0.6251358166793102,-0.6915611111205792
0.5450901803607214,0.248359124100837,0.05069859480068127,205.44987214925644,-0.0934095272986858,-0.4182103098700943,0.13383260517422385,0.2843777047600229,-0.5943980436840174,-0.8669903862745515,1.4613884299584237,0.04175924816891595,1.1194952994142948,-1.1612545475186349
0.5490981963927856,0.24839244670373747,0.05065906239639408,206.95877738182446,-0.1338789237616959,0.06162585070334452,-0.39600558973802036,0.3343797390964539,1.3062002944894642,-1.2365601550866456,-0.0696401394028429,-1.3119323797061078,0.7611170960867116,0.5508152836811451
0.5531062124248497,0.24841948111834114,0.05064341187535175,208.46826890744094,-0.15657531726825272,0.4238716726132514,-0.18052671202452372,-0.2433449605303656,0.7505998230863498,0.7188931963307477,-1.4694930194171818,-0.200383921788674,-1.0275840560545486,1.2279679779017145
0.5571142284569138,0.24844183055084848,0.05064404998455744,209.9782024977388,-0.1666168405549791,-0.010892560842960225,0.37326689523168366,-0.3623743343326393,-1.2162440278253148,1.3223986724562082,-0.10615464463060745,1.2878158398624202,-0.8850344132976229,-0.40278142650901294
0.561122244488978,0.24846072214728898,0.05065536853656852,211.48846696286154,-0.16784929378605334,-0.42420418969114665,0.22461515560524303,0.19958903414037876,-0.895990151703674,-0.5606639634224458,1.4566541151263737,0.3553145023623223,0.9210986897132487,-1.2764131920215316
0.565130260521042,0.24847707648583492,0.05067327130415963,212.99897692679744,-0.16313901081598708,-0.039693476479381457,-0.345866389032746,0.3855598655637392,1.1090098339093324,-1.3893475981960013,0.2803377642867704,-1.2450899075050041,0.9956285582442371,0.24946134931220626
0.5691382765531061,0.24958782847041436,0.05082638660108425,214.51150585296782,-0.10952251806711681,0.5614822107929993,-0.13033310852918079,-0.4311491021859784,0.998950613736264,0.44619906001870535,-1.4451496737449294,-0.3215006754239219,-0.7212486153808629,1.0427492908631741
0.5731462925851702,0.24960054476926696,0.050977583022256495,216.02672515980026,0.0013666235439276915,-0.14698014700666678,0.5779083875157025,-0.4309282404577187,-1.0222118058219163,1.4258113556328422,-0.40359954981202784,0.980854778731406,-0.8121980758173163,-0.16865670285933348
0.5771543086172344,0.24955671610524524,0.0510666728636304,217.5408626400685,0.07600256368797031,-0.5908381831488595,0.19819158948256682,0.3926465937169763,-1.1152798749977615,-0.27140155368117713,1.3866814286789397,0.4286989741307256,0.6140542100279892,-1.0427531841078201
0.5811623246492985,0.2495212954005864,0.0511164170199198,219.0541536455652,0.12343164200492346,0.07687767794939734,-0.5554742569023197,0.47859657900181607,0.8890220670210912,-1.4582099696137722,0.5691879025927178,-0.9291922424304886,0.8842646096168538,0.04492763286236829
0.5851703406813626,0.24949261155831387,0.051138488024265946,220.56680161852506,0.15107756813352127,0.6009396933954874,-0.2648908296437193,-0.33604886370471093,1.2215620211758664,0.09722024690994681,-1.3187822680857821,-0.5388640219259391,-0.5087754747050603,1.047639496678807
0.5891783567134268,0.24946890214075296,0.051141498791217904,222.07896442047596,0.1645736394089746,-0.005056436018298582,0.5244105274032422,-0.5193540913394762,-0.7430977520123336,1.4698858485948856,-0.7267880965825136,0.864859132850933,-0.944524091592138,0.07966495878662767
0.5931863727454909,0.2494488530321999,0.05113182990812608,223.59076366420135,0.168155592978431,-0.6020607947337613,0.32791604117188833,0.2741447536071082,-1.3104120036822762,0.07843741510043378,1.231974588582604,0.6417430608019719,0.39626071106970845,-1.0380037718279602
0.597194388777555,0.24943149410456195,0.05111416106277215,225.10229273040272,0.1649851174623681,-0.06706999132235547,-0.48545852143598817,0.5525285128057105,0.586498918474838,-1.4605588655477877,0.8740599470729008,-0.7883496841159475,0.9916893267416934,-0.20333964257811538
0.6012024048096192,0.24852398127393502,0.05102187386648103,226.613292871675,0.14913910058074423,0.4186348312147175,-0.4126537864371407,-0.0059810447261901085,1.378070671886623,-0.3059879788935135,-1.0720826929923877,-0.9432754473270275,-0.23435391038028708,1.1776293577520072
0.6052104208416833,0.24828871491951107,0.05084313512719493,228.11983621254168,0.029386090402803523,0.27377927690954335,0.1497409646770439,-0.4235202415417039,-0.3742543020860017,1.4178595244501127,-1.043605222363291,0.7900790917815801,-1.3067493860929529,0.5166702943556307
0.6092184368737474,0.24833399707673032,0.050740456673291634,229.627359761816,-0.05558547736607356,-0.31253768877979476,0.4094138401253197,-0.09687615130527132,-1.4413320767102318,0.47079258902470517,0.9705394876849234,1.0999332239934305,0.07786632857546162,-1.1777995525270373
0.6132264529058116,0.24837234510256573,0.05068071592952529,231.13580016475504,-0.11069331055765601,-0.3096404394333867,-0.09951897287564315,0.4091594123495019,0.20172049292323668,-1.3616978293046889,1.1599773363815917,-0.6569386856768925,1.3174916747275591,-0.6605529890102674
0.6172344689378757,0.24840314101111782,0.05065097101590988,232.64493946169787,-0.14395964915665355,0.27408049368594767,-0.4193235237104495,0.14524303006353903,1.4652214983245992,-0.6336748552992121,-0.8315466430252659,-1.179713015628833,0.08175450953635002,1.0979585061310073
0.6212424849699398,0.24842828326299976,0.050642056584924613,234.1546078302812,-0.16149805958076544,0.34119508095896584,0.04913979493100662,-0.39033487591886384,-0.02639101668165955,1.2856772312199751,-1.2592862145319799,0.5145111322463475,-1.3077106015699174,0.7931994692891959
0.625250501002004,0.24844923103173602,0.05064717233410933,235.664674089108,-0.16792192936671865,-0.23264483514800072,0.42402924248074864,-0.19138440736353934,-1.4682098141504394,0.7873872340459209,0.680822580104532,1.2417117623034664,-0.2392870142381468,-1.0024247480960897
0.6292585170340681,0.24846709292080554,0.05066131367828239,237.17503727023566,-0.1666875386075626,-0.36823425248173564,0.00151120179273884,0.36672305067442645,-0.1491996475889013,-1.1913985635444353,1.3405982111401942,-0.36521350763885085,1.278914352416862,-0.9137008448013977
0.6332665330661322,0.2484826776343893,0.05068083325710492,238.68561996049473,-0.16036246909184823,0.18840984367000693,-0.42321742467620155,0.23480758103166216,1.4502558774747913,-0.9297935448061929,-0.5204623326689508,-1.2854800381043572,0.39280186460835576,0.892678173524171
0.6372745490981964,0.24962255150110413,0.05089235470325474,240.19996510226645,-0.06412582147181439,0.39101611307929396,0.1971723163903964,-0.5881884295073897,0.2747951028696423,1.1151330470783833,-1.389928149990745,0.26113974126956974,-1.0137215114509457,0.7525817701799479
0.6412825651302605,0.2495836311561041,0.051015724866786384,241.71476423013445,0.03246167579409604,-0.431747292394842,0.5779664207326712,-0.14621912839144555,-1.4249286787545759,1.0245252912980798,0.4004033874558913,1.0292173788208157,-0.34117924521293735,-0.6880381336621435
0.6452905811623246,0.24954286844924076,0.051088750919585195,243.22856421372575,0.09612237177905507,-0.44353202254287094,-0.13026934422526132,0.573801366717656,-0.4447746635868523,-0.9908160518644478,1.4355907154513239,-0.1388442242696718,0.9691143376891881,-0.8302701134703255
0.6492985971943888,0.2495101467109908,0.05112717962149742,244.741598261278,0.13553474750183786,0.37957221968857263,-0.5945332039878598,0.2149609842502697,1.3718210006454132,-1.1428718427968152,-0.2289491578490812,-1.045025543661129,0.4559203790898693,0.5891051645229377
0.6533066132264529,0.24948346174763447,0.05114139035315369,246.25405200974396,0.15741738298168448,0.489510443515634,0.05935410200864946,-0.5488645455717982,0.6086774533751798,0.8542961447413571,-1.4629735981164709,0.014622446735457206,-0.9145600226133938,0.8999375758258572
0.657314629258517,0.24946122279717722,0.05113910936215565,247.76606894466767,0.16684749247460207,-0.3213729892571597,0.602252313342853,-0.28087932413459654,-1.2991415153164778,1.2450003752301717,0.05414114008617027,1.0465353161221183,-0.5646226214765593,-0.4819126946943061
0.6613226452905812,0.2494422541812777,0.0511260401904003,249.2777595011542,0.16763363885401306,-0.5283814514558828,0.012731784851127803,0.5156496665588088,-0.7639629918065776,-0.7055334406019778,1.4694964324085393,0.11000820318479321,0.8472240896365758,-0.9572322928670598
0.6653306613226453,0.2494256887220844,0.05110634561560945,250.78920834703064,0.16260958126078517,0.25824913295329555,-0.6010724242037564,0.3428232911758059,1.2078692242739697,-1.3293699844286866,0.1215007601540477,-1.0333991210039744,0.6655859275132123,0.3678131934176285
0.6693386773547093,0.248304576327241,0.050942041119699015,252.29837311891967,0.10231949867775351,0.43495236967652623,-0.23958390069179003,-0.19536846904358574,0.944178304663443,0.4954447266075278,-1.4396230312640674,-0.3980669552255263,-0.874841817613969,1.2729087727683128
0.6733466933867734,0.2483052785694715,0.05079930741928025,253.805213239668,-0.005848439058943318,0.05892275101271929,0.3384109504275648,-0.39733370149722236,-1.0661691594128608,1.4094518721450424,-0.3432827127324958,1.2262836062510203,-1.0293137967065935,-0.19696980959965915
0.6773547094188376,0.2483490988193158,0.05071433256246869,255.3131016519041,-0.07879978278005313,-0.41912107433806667,0.2823628219689112,0.1367582523433703,-1.0739083906385845,-0.3321830603966416,1.406091451023983,0.5544462326726298,0.7577212094024387,-1.3121674420941227
0.6813627254509017,0.24838442545195016,0.05066683855049518,256.8218209555047,-0.12507478005666675,-0.10870941992940111,-0.3027125279162065,0.41142194777083824,0.9374287762351895,-1.4489900279769998,0.5115612517611623,-1.1593360045657177,1.1217063234408486,0.03762968103818959
0.6853707414829658,0.2484129513795702,0.050645659350072134,258.3311717924401,-0.15194944478413966,0.4043119293785003,-0.3172445294695755,-0.08706739998952434,1.1858885203205098,0.15873352938293378,-1.3446220497036732,-0.6947980059576346,-0.622073885729787,1.3168718916072302
0.68937875751503,0.24843640474462017,0.05064257733501434,259.84099958796736,-0.16494259439861675,0.15656576336435168,0.26388274091525926,-0.4204485043577037,-0.7954318203084636,1.4677822350468093,-0.6723504147386175,1.0755654931661762,-1.1968135761951009,0.12124808295289252
0.6933867735470941,0.24845610676828941,0.05065150594931178,261.35118511758196,-0.16820772261072142,-0.3846506484448704,0.34792247468808724,0.03672817368542225,-1.2809042826615946,0.016838658176508703,1.264065624485904,0.8242654418482069,0.47801400572936376,-1.3022794476503474
0.6973947895791582,0.24847305244395917,0.05066798543936782,262.8616367372393,-0.1648475748562173,-0.20213290864881778,-0.22193040810944803,0.42406331668976466,0.6421901598880176,-1.4656544334065305,0.8234642735183265,-0.9764926812546468,1.2542124010653777,-0.2777197198796804
0.7014028056112224,0.24943167217740525,0.05077250803037988,264.3729453395888,-0.14068658553345148,0.5579428935048857,-0.35055921792236483,-0.20738367567133828,1.3493934527874345,-0.1374039628942354,-1.211989489898492,-0.7351209219548922,-0.35024792052181714,1.085368842408898
0.7054108216432865,0.24961278992361127,0.05094498060635716,265.88826186677227,-0.024333081487407343,0.0933409380675274,0.4669046846290214,-0.5602456227606348,-0.5262928135397954,1.4520509046429875,-0.9257580911031521,0.7568956531426781,-1.0080658640449909,0.25117021083829066
0.7094188376753506,0.24956772698032217,0.0510472854073752,267.4026665929703,0.05909658572583995,-0.5873893449658133,0.40488994149284013,0.1824994034116873,-1.4013374615740333,0.31677508962829704,1.084562371946056,0.7696196462858526,0.23164465410518417,-1.001264300451688
0.7134268537074148,0.24953012683040057,0.05110622613573323,268.9161615905567,0.1129791603781774,-0.16334906045866773,-0.41996772407297156,0.5833167844749848,0.35881674675304637,-1.4138006761965625,1.0549839294435261,-0.6647062811153555,1.034052117406913,-0.36934583634817686
0.7174348697394789,0.249499824787368,0.05113473762548223,270.4289640673618,0.14528849855681042,0.5688472341057875,-0.45572473115678797,-0.11312250300309759,1.4442677336766037,-0.485670327112467,-0.9585974065645813,-0.8481457044325157,-0.10877235236810817,0.9569180567467289
0.721442885771543,0.24947492571302948,0.05114213224298522,271.9412431702213,0.16209652058802726,0.23159746052738459,0.3659654523341383,-0.5975629129129404,-0.18627265624233147,1.3558284598949446,-1.1695558036525904,0.5636740420808033,-1.046658802794186,0.4829847606618256
0.7254509018036072,0.24945399945912342,0.05113532841211611,273.45312930020754,0.16797646137737895,-0.5416482548910985,0.4999655357127639,0.04168271921210648,-1.4665842458876668,0.647713740000486,0.8188705059573129,0.9150830034842307,-0.015813513236694554,-0.8992694903613385
0.7294589178356713,0.24943599488872176,0.051119417080833444,274.96472270297966,0.16634965342070845,-0.2966433300274519,-0.3063281691990253,0.602971499106384,0.010995077247153873,-1.2784624018047495,1.26746732456886,-0.4546232751404988,1.044698690312128,-0.5900754153774348
0.7334669338677354,0.2492603535480668,0.051098084740676265,276.47610051306066,0.15976311836867557,0.386793329366723,-0.4764011798567142,0.08960785031171585,1.441969372555321,-0.7871990026362844,-0.6547703699191061,-0.9732257743558194,0.14239904276620602,0.8308267314110747
0.7374749498997996,0.24828112966710983,0.050880456134532244,277.9834958126687,0.058228273508873656,0.381796895506238,-0.01870121184797155,-0.36309568382797525,0.2130655160966296,1.1516360070894105,-1.3647015231865343,0.3143027269975049,-1.2623868751684044,0.9480841479993565
0.7414829659318637,0.24832235977329076,0.0507629283862455,279.49073569086084,-0.03622994500641732,-0.17306571896901352,0.42582156704936625,-0.25275584824547603,-1.439084449263425,0.9790999279291697,0.45998452133396917,1.295979118934713,-0.4436390965106637,-0.8523400225890654
0.7454909819639278,0.2483630540976219,0.0506932635418195,280.9989551799571,-0.09842644375605779,-0.4002571755808371,0.07123683035212622,0.3290203450718384,-0.3852834945317388,-1.0357391425645313,1.4210226370960912,-0.15680997280139652,1.2112404384687963,-1.0544304658239463
0.749498997995992,0.2483956554341912,0.05065652968008119,282.5079266106364,-0.13684635711364,0.12435688821123067,-0.41509657370727504,0.2907396853465189,1.3926946645513505,-1.1028860722945995,-0.2898085922570133,-1.3152487302772087,0.5906292435107521,0.7246194866172939
0.7535070140280561,0.24842214226542092,0.05064281374976647,284.01746822280995,-0.15807116777661157,0.41350768543073724,-0.12047161487997415,-0.293036070693201,0.5518616217471897,0.9036129686992214,-1.4554745904464554,-0.0021436189355922564,-1.1399569289137839,1.1421005477070358
0.7575150300601202,0.24844408354742067,0.05064474505834251,285.5274394235667,-0.16707755232881047,-0.07468142150393488,0.3994974942216669,-0.3248160728535766,-1.3265027733167472,1.2108364689250635,0.11566630439155656,1.315024240841961,-0.7280526800622149,-0.5869715609156253
0.7615230460921844,0.2484626722217292,0.05065688590167857,287.03773190390535,-0.16760131031112313,-0.4214958037003789,0.1678297729937949,0.25366603057755027,-0.710455483102755,-0.758710837529134,1.4691663206319856,0.16032055003836548,1.0523662698970873,-1.2126868200644698
0.7655310621242485,0.24847880219111163,0.05067526961867076,288.5482625329804,-0.16242435415628403,0.024317212125685515,-0.37884368079768804,0.35452646854897846,1.2414475031665186,-1.3014746560040162,0.06002715283742441,-1.2957144024952558,0.8543982394534748,0.44131616291894343
0.7695390781563125,0.24960687064796855,0.050847124783185066,290.06133642070677,-0.09578675254553339,0.536640048339833,-0.04588874709972065,-0.4907513013959061,0.8214881423486347,0.650918193302385,-1.4724063356429522,-0.1642792362012806,-0.824896722735793,0.9891759587900525
0.7735470941883766,0.2495960498936217,0.0509886415228241,291.57640703451193,0.01029926344039918,-0.2330571445066781,0.5960741487196537,-0.36301700434850664,-1.1695373292879172,1.3557741823528524,-0.18623685306553386,1.0254938190522984,-0.7028859029518648,-0.3226079162347867
0.7775551102204408,0.24955297105961402,0.05107314321743028,293.09044954836304,0.08182925701994527,-0.5672787302674186,0.11046902300440846,0.456809707135777,-0.9584966507148222,-0.4857499936700611,1.4442466443849145,0.27977812419606773,0.7349445134743754,-1.0147226377979848
0.7815631262525049,0.24951831201246008,0.05111966886081526,294.603667968868,0.12698015021731035,0.16587605544257636,-0.5840914153038974,0.41821535974110435,1.0550892885649805,-1.4137998096955904,0.3587105211305419,-0.991536638443796,0.7894854078976183,0.20205123042601839
0.785571142284569,0.24949018824766792,0.05113949193790374,296.1162610532585,0.152985108383531,0.5879348559803187,-0.18045674478707854,-0.4074781113082715,1.0845830477755305,0.31688552354521143,-1.4014685713208874,-0.3974248341051137,-0.6408703657681167,1.0382951997584726
0.7895791583166332,0.2494668895472947,0.05114098236835703,297.6283825946734,0.16532015003656894,-0.09570162340473184,0.5631435289304696,-0.467441905605502,-0.9255343928764732,1.4517190580116603,-0.5261846651212968,0.9440137372084937,-0.8654991290549863,-0.07851460825067605
0.7935871743486973,0.24944713997154921,0.05113032865496014,299.14015105609775,0.16810047987571283,-0.5998855285372113,0.24804675771330903,0.35183877079189513,-1.1952301733472424,-0.1434037718056569,1.338633945152647,0.5097624829867671,0.5377400095636868,-1.0475024925809668
0.7975951903807614,0.24943000112106212,0.05111206756406838,300.6516573713832,0.16439543930676542,0.02388970473475384,-0.5337731319006142,0.5098834271364058,0.7827051048624406,-1.468904122955688,0.6861990180931907,-0.8832272707050449,0.9295370072614562,-0.0463097365858231
0.8016032064128256,0.2484253835591059,0.05099828593162943,302.1620242028716,0.13295769884006706,0.39540643369068496,-0.34576678601001565,-0.049639647714708655,1.2925620901966215,-0.07714665174640946,-1.2154154384511888,-0.8164232233764117,-0.4299815707364054,1.2464047940846121
0.8056112224448897,0.2482929992010825,0.050830307140720066,303.6687633026506,0.01926603153749359,0.22079146209824208,0.2085362450211513,-0.429327707149957,-0.5839314997800295,1.460032808266193,-0.8761013084835048,0.9396662204680549,-1.2685524133388184,0.328886192830636
0.8096192384769538,0.24833833905980696,0.05073277566145952,305.1763897484789,-0.06229787183329317,-0.3528608889592685,0.3858889268921954,-0.0330280379701179,-1.381465544938031,0.2558338023209982,1.1256317426172475,0.9783790099270366,0.2747963304736111,-1.2531753404369241
0.813627254509018,0.2483758139050716,0.05067653601624793,306.68490917399504,-0.11489016804317623,-0.26183557573598015,-0.16082184133022878,0.4226574170337751,0.4185501123114226,-1.429418454096671,1.0108683417814759,-0.8212687828502523,1.3028085453334417,-0.4815397625181896
0.8176352705410821,0.24840596383439864,0.05064924428738798,308.1941084011333,-0.14633399648915488,0.31997197628152413,-0.4032721032921757,0.08330012697805128,1.4312994855927768,-0.4268522521797297,-1.0044472334130228,-1.0779997254065201,-0.11703423536497026,1.1950339607387408
0.8216432865731462,0.2484306228818251,0.05064200888879683,309.7038219854108,-0.1625729552424967,0.29906448520947837,0.11215245170324295,-0.4112169369448338,-0.24724819964623512,1.3781404018892693,-1.1308922022415402,0.6911677654007853,-1.31702093030719,0.6258531648755453
0.8256513026052104,0.24845121350808275,0.05064822934244741,311.21392210727635,-0.1680907396112387,-0.28346254076720545,0.41556792261105524,-0.13210538187333778,-1.4607131434926,0.5916468926478301,0.8690662508451112,1.1612548523376711,-0.04158327209077539,-1.1196715802766932
0.8296593186372745,0.24846881028729403,0.05066305475746332,312.7243104256555,-0.1662437659330233,-0.3322647174881757,-0.06239284296955416,0.3946575604286328,0.0725379276572905,-1.3072678171950853,1.2347298895379302,-0.5515601663726974,1.311990227973593,-0.7604300616301889
0.8336673346693386,0.24887033587471977,0.05068391047326655,314.2348878934476,-0.16011400758161326,0.4755823262853717,-0.5308285308191114,0.05524620450542135,1.5729323206273034,-0.7989250632838196,-0.7740072573437414,-1.1940176602127959,0.1821478047413831,1.0118698554433423
0.8376753507014028,0.24962161583588321,0.05090781112944234,315.7497223734113,-0.05266183668861626,0.31882745828914016,0.27994395521593196,-0.5987714135329536,0.0542898373474221,1.2458494151165393,-1.3001392524665558,0.4112312152645985,-1.0432485754486929,0.632017360163024
0.8416833667334669,0.24957926918231677,0.05102493891570818,317.2644080398691,0.04014156387300527,-0.4898315966604354,0.5466112779730118,-0.05677968133376787,-1.4629278000347297,0.8542069154057493,0.6087208846290442,0.9872684806144633,-0.18797850653975626,-0.7992899740958402
0.845691382765531,0.24953938231949654,0.05109394756586017,318.7781219196771,0.1010263170442331,-0.37731925114148196,-0.2172203377568793,0.5945395888787413,-0.22883692733449656,-1.1429446305395445,1.3717815578737902,-0.29367356071069073,1.018140703136742,-0.7244671424460187
0.8496993987975952,0.24950733228914074,0.05112953876475397,320.2910905032893,0.1384174557314182,0.44565208021590846,-0.5735161273956483,0.12786404716098662,1.4356488316015352,-0.9907523819446717,-0.44489644965703296,-1.021542059227887,0.30868341482319606,0.7128586443860094
0.8537074148296593,0.24948115064640117,0.05114179404709931,321.8034948231632,0.15885220561798177,0.43111533634427096,0.14893574006647212,-0.5800510764283496,0.40036433577730923,1.0246266883475141,-1.4249910241250563,0.1721703927475522,-0.9810987235445063,0.8089283307794569
0.8577154308617234,0.24945928108816107,0.05113820854113026,323.3154747027519,0.16726617320205533,-0.3944935835183594,0.5919212504338957,-0.19742766693196948,-1.3878648599887078,1.1132320789157244,0.27463278107338507,1.0418161496083778,-0.4253511190456711,-0.616465030579208
0.8617234468937875,0.24944058214890902,0.05112431124308356,324.82713769961947,0.1673584455889652,-0.4786916956362307,-0.0781491276392603,0.5568408232397106,-0.5662492167946825,-0.8916167375342678,1.4578659543296713,-0.048075444740802165,0.930346007908741,-0.8822705632068064
0.8657314629258517,0.24942421546609134,0.05110413670749942,326.3385662528976,0.16187915387908092,0.33735612479997046,-0.6016141165230514,0.26425799168637565,1.3202278027970122,-1.2198418059784246,-0.10038599681861782,-1.0475290045370174,0.536235662647307,0.5112933418532384
0.8697394789579158,0.24829085810936907,0.050924442911327465,327.8472143528233,0.08933879997431472,0.428644464326862,-0.18045656444439317,-0.24818789991479276,0.7627303450212216,0.702541118327541,-1.4652714633491641,-0.2075218316105783,-1.014718738952854,1.222240570527926
0.8737474949899798,0.24831006504705797,0.050788709737251206,329.35418174580127,-0.014586427701081775,-0.005654722480144772,0.37408088929710737,-0.3684261668532374,-1.2063489875029723,1.3306132522119511,-0.12426426470890786,1.2846925396403497,-0.8940878953476773,-0.3906046443288584
0.877755511022044,0.24835307912618668,0.05070811088407463,330.86216350917744,-0.08448884808230311,-0.426870483951044,0.2307822892123916,0.19608819470476724,-0.9106245004667792,-0.5439109311085262,1.4545354315752401,0.3683618606177771,0.9112315993238165,-1.2795934599759318
0.8817635270541081,0.24838765449715003,0.05066370531385246,332.3709541842589,-0.12852762086888556,-0.0454210177822922,-0.3443776106940663,0.38979862844362,1.0971419147083221,-1.3954970389072046,0.2983551241988628,-1.240328911584824,1.0049743547753218,0.23535455677668632
0.8857715430861722,0.24841560024829631,0.050644665891567305,333.8803590258601,-0.15379145795260873,0.4196343023351927,-0.2708961358351571,-0.14873816653131183,1.0417501674675487,0.37683841366519266,-1.4185885811328918,-0.5184399375550809,-0.7897691285488998,1.3082090660725096
0.8897795591182364,0.24843862200739258,0.050643028158425925,335.3902274560973,-0.1656447255060259,0.09531617597370565,0.31096748624468756,-0.40628366224803913,-0.9723691805903882,1.440387152698682,-0.4680179721080965,1.1778452142763063,-1.1002739755813469,-0.07757123872496156
0.8937875751503005,0.2484580054588127,0.05065288911075725,336.90044332390283,-0.1681230499379361,-0.40726502153798333,0.3073195871584734,0.09994543435084885,-1.1579405602172388,-0.20452314119012924,1.3624637014073875,0.6601857740110698,0.6573514783174393,-1.3175372523566178
0.8977955911823646,0.24847471707958158,0.0506699284962463,338.410917385531,-0.16423853279634723,-0.14369558937462576,-0.2737846531950349,0.41748024254248234,0.8338191073845069,-1.4647308938296144,0.6309117864450707,-1.0984897748875884,1.1792048993960735,-0.08071512453527593
0.9018036072144288,0.24951629697437924,0.05078806350231629,339.9227353164913,-0.12765606617370798,0.5942464620465773,-0.290282888603018,-0.3039635735192834,1.2591043590216822,0.06631428895930908,-1.3254186480101453,-0.589404338352414,-0.4985797420609968,1.087984080389908
0.9058116232464929,0.2496084138410359,0.050957740844554705,341.43797555565453,-0.01435810884254139,0.002963172279401436,0.5184545882044516,-0.5214177605375477,-0.726814619683549,1.4699179823865345,-0.7431033627045565,0.8574895575162859,-0.9522499946697913,0.09476043710136921
0.909819639278557,0.249563605283917,0.051054893184628435,342.95227771154805,0.06568574174612679,-0.6000881793181096,0.3333980619965104,0.26669011727023806,-1.31866200853416,0.09711702244054654,1.221544986093422,0.6536418709220184,0.3829482704047419,-1.0365901413778849
0.9138276553106212,0.24952683575882698,0.051110276620951633,344.46569425002,0.11707789856705025,-0.07430909456292296,-0.4800973736499096,0.5544064681634912,0.569299497831705,-1.4582200343947176,0.8889205365628894,-0.7791168759689657,0.9965705267668666,-0.2174536508471448
0.9178356713426853,0.24949715642293233,0.05113629378218301,345.9784372859642,0.14758571625791717,0.5921652839581563,-0.3912938177516899,-0.20087146625310862,1.386739247665341,-0.2713142303634237,-1.1154250173019629,-0.7458322787776891,-0.264441884066273,1.0102741627971004
0.9218436873747494,0.24947271224689138,0.05114198706307677,347.4906716235718,0.1631123405315918,0.14524377860575433,0.433855266054237,-0.5790990447040884,-0.4036326823014448,1.425863004527982,-1.0222303222253724,0.6902120506179911,-1.0277123851354382,0.33750033447255356
0.9258517034068136,0.2494521202402878,0.051134067032251686,349.0025242879183,0.168101265825284,-0.5753072466416722,0.44359478200771035,0.13171246461205532,-1.435026528940019,0.44172030307934407,0.9933062258588135,0.8278628263487007,0.14207483092103995,-0.9699376572901103
0.9298597194388777,0.24943436199753335,0.05111746827512466,350.51409289122967,0.1658740926972887,-0.2142613856688332,-0.381004341122406,0.595265726771665,0.232132049014875,-1.3731161290307592,1.1409840800158413,-0.5915395442216764,1.0445708243628973,-0.4530312801608217
0.9338677354709418,0.24884323082648127,0.05108927598772159,352.0255344312481,0.1609418824802922,0.3035856309548881,-0.40207783267908026,0.098492201705566,1.317033688787777,-0.5458558650463649,-0.7711778237416188,-0.989097901616616,0.02432293598965556,0.9647749656081418
0.937875751503006,0.24828323572095862,0.05086586788835417,353.53239250133885,0.04705273068268749,0.34735290628587906,0.04587788821082219,-0.3932307945150013,-0.00856965597408138,1.2768514360362948,-1.2682817800623,0.5029747519420736,-1.3041213168584567,0.8011465648984115
0.9418837675350701,0.24832684289499796,0.05075411376821794,355.03974161698034,-0.043746826442327705,-0.22997614847980452,0.42775434360929254,-0.19777819514661438,-1.4677845632182756,0.8029108280200137,0.6648737351982809,1.245768798221558,-0.2520339719933822,-0.993734826245322
0.9458917835671342,0.24836662424124914,0.050688269403971316,356.54804577400466,-0.10321703057224955,-0.3731987891990549,0.00701995518206841,0.36617883400085094,-0.1673996630432637,-1.1808924105376966,1.3482920735810453,-0.35180939631092706,1.2754271031704887,-0.9236177068756323
0.9498997995991983,0.24839852751708286,0.05065423680620449,358.05708156444757,-0.13965266477401028,0.18427514440531395,-0.4247582734742945,0.24048312905384028,1.4474577614912825,-0.9440872669327531,-0.5033704945587139,-1.2886440146932165,0.4067149823304489,0.8819290323474159
0.9539078156312625,0.24842449558633514,0.05064238045027738,359.56667180596787,-0.15945578658405277,0.3937429305690304,-0.057660253877786616,-0.33608267670582986,0.3405544958112883,1.0677463293551392,-1.4083008251664304,0.19613274852554663,-1.2263874334557927,1.0302546849157348
0.9579158316633266,0.24844605304761352,0.05064554985961871,361.0766795009274,-0.16746408099287177,-0.13679687243069263,0.41665874766495914,-0.2798618752481402,-1.4065471811802641,1.0716962240204415,0.3348509571594163,1.3123114237479976,-0.5545169872555011,-0.7577944365066138
0.9619238476953907,0.24846435952863521,0.050658472985869465,362.58699914469673,-0.16730638596036154,-0.4092075003883473,0.10720627894027152,0.3020012214358052,-0.5087420152427776,-0.939478122856019,1.4482201380986772,-0.038307377554635424,1.15968098420504,-1.1213736066627968
0.9659318637274549,0.24848028299472938,0.05067730901737545,364.09754979227694,-0.1616825354130407,0.08780476282999822,-0.40322712756837237,0.3154223647264974,1.345616352720227,-1.1839665017729442,-0.16164985094721507,-1.316855248576761,0.6937387228598844,0.6231165257051763
0.969939879759519,0.24961680125023955,0.050863758539733926,365.6111082070853,-0.08365748348862138,0.4926895054411462,0.04599788811411327,-0.538687393568074,0.6295876302197652,0.8386215245427369,-1.4682091547622542,-0.0030934732435543306,-0.9132973466764206,0.9163908199071591
0.9739478957915831,0.2495913994429288,0.05099921686880199,367.12607882076304,0.01888436626628199,-0.3138254717654567,0.6006453675177009,-0.2868198957667926,-1.29020406281257,1.2548297076610684,0.035374355151731346,1.0467630573210611,-0.577603436865414,-0.4691596204705875
0.9779559118236472,0.24954916750220893,0.051079291020345946,368.64002852090914,0.08739280408985105,-0.5307531322007384,0.020204051680736544,0.510549080506378,-0.7798270853326508,-0.6890309587219158,1.4688580440549786,0.12448062228629335,0.8390708385789077,-0.9635514608791833
0.9819639278557113,0.24951523651909654,0.051122690204279356,370.1531762968805,0.13033660804947986,0.25111675255614385,-0.5993976508259558,0.3482808982565289,1.19706331089853,-1.3371155077387737,0.14005219684019204,-1.0312476612147972,0.6767026076626429,0.35454505353891497
0.9859719438877754,0.2494876628076824,0.051140343959404894,371.6657159381192,0.15475326869947503,0.5615235346774402,-0.09188737754044926,-0.4696361571496389,0.9228509228854775,0.5293097009457782,-1.4521606238310962,-0.24693306763784623,-0.7583297874604635,1.0052628550854237
0.9899799599198396,0.24946476854320407,0.05114037214292161,373.1777973362878,0.16596713984544967,-0.18418681557919359,0.5890504715567936,-0.4048636559897755,-1.086839722656921,1.4004173594831384,-0.3135776368261832,1.0016263988355012,-0.7667377308714607,-0.23488866797616226
0.9939879759519037,0.2494453161196363,0.05112877674199899,374.68953588106433,0.1679759333542226,-0.5840397947062302,0.16250734732139996,0.42153244737085754,-1.0527731320270806,-0.3619652534188449,1.4147383854459699,0.3661657654683221,0.6669424668686117,-1.0331082323507677
0.9979959919839678,0.24942839529365587,0.05110995277774796,376.20102010656166,0.16375868953360148,0.11432439695172553,-0.5699366478754718,0.4556122509105106,0.9610435172107001,-1.4437273785698268,0.48268386135911834,-0.9579550628974223,0.8461906231479602,0.11176443973627675
1.002004008016032,0.24835759726329093,0.05098249405634251,377.7109920302895,0.12281469188771767,0.41438056851549765,-0.3124822289048512,-0.10189833962331545,1.1713881458384092,0.15148116497364827,-1.3228693108120733,-0.6798477777281032,-0.6035515073202343,1.283399285035715
1.006012024048096,0.2482975798091509,0.050818163675625916,379.21770166379673,0.009522652092383729,0.1628706772540432,0.2624812037473772,-0.4253518810100468,-0.7804084380544324,1.4690322858803482,-0.6886238478266329,1.0678743809995757,-1.2013202398092595,0.13344585880072884
1.0100200400801602,0.24834249917232418,0.050725529337716554,380.7254286800572,-0.06872511884592199,-0.38512758647647755,0.35359400402750507,0.03153358244067844,-1.2901260326525046,0.03505273476855794,1.2550732978839487,0.8345545147382979,0.4654800765259113,-1.300034591272496
1.0140280561122244,0.24837917601964277,0.05067268159678123,382.23402491575814,-0.11888162800760257,-0.20811186656281006,-0.2183906190570178,0.426502485610203,0.6258349829038734,-1.4645890077894754,0.8387540248843858,-0.9669123183844327,1.258458693542024,-0.2915463751652916
1.0180360721442885,0.24840869907868005,0.050647757433732885,383.7432824286002,-0.1485616456761166,0.3585184538228104,-0.37803639349649737,0.019517939666144242,1.364782229552287,-0.2103158288669039,-1.1544664006852075,-0.9517266110956213,-0.31317116584352855,1.2648977769315684
1.0220440881763526,0.2484328916735987,0.05064213440768802,385.2530399445187,-0.1635456774846635,0.2501468050006464,0.17254933284988527,-0.42269613785854976,-0.4624671740594287,1.4392124721566375,-0.976745298097794,0.8520897291113584,-1.296327792420452,0.4442380633018998
1.0260521042084167,0.2484531378020067,0.05064941032402134,386.7631729396395,-0.16819066619092352,-0.32776562465720394,0.3976276066877797,-0.06986198203705432,-1.4199441647064583,0.38243575322745493,1.037508411478968,1.0543329037649976,0.1570798624287829,-1.2114127662008416
1.0300601202404809,0.24847048151297127,0.050664884606065795,388.27358564138973,-0.16575562105795114,-0.28873829762940056,-0.12481953029314662,0.4135578279157591,0.2926167910433038,-1.3933538325955106,1.1007370415519688,-0.7253477953123945,1.3151684656948115,-0.5898206703889208
1.034068136272545,0.24919911638335243,0.050705730776757885,389.784089247949,-0.16152214552668406,0.5022169370458864,-0.4532907925048917,-0.04892614454583728,1.5775515531252515,-0.5823532856660246,-0.9951982674576084,-0.9904276688461617,-0.06369902788479655,1.054126696724554
1.0380761523046091,0.24961891942975856,0.05092233145457099,391.2994647601224,-0.04168657207659773,0.23849929420696214,0.35731626312024917,-0.5958155573445769,-0.16737019857270924,1.348678930734017,-1.1813087321616333,0.5519937587464281,-1.0498182622395282,0.4978245034763761
1.0420841683366733,0.24957488093267916,0.05103371062001582,392.8140430889496,0.04752072503230943,-0.5367604663245853,0.5027988456994767,0.03396162060885598,-1.4675950338691055,0.6644262917011491,0.8031687421678851,0.922823969690493,-0.030518036908368414,-0.8923059327981014
1.0460921843687374,0.24953587074785466,0.05109882731067182,394.32767281709465,0.1057046138348559,-0.3024988130635209,-0.2992476155280774,0.6017464285772501,-0.007677527641116427,-1.2690623924539683,1.2767399200944247,-0.44180643844461925,1.0439727296960413,-0.6021662912666409
1.0501002004008015,0.24950449996081472,0.051131678438738455,395.84057753593385,0.1411339707728528,0.5015580603878254,-0.5394048558246809,0.037846795422218166,1.4667671266430844,-0.8160507039748321,-0.6507164226684898,-0.9747579405678702,0.1543966994233958,0.8203612411301276
1.0541082164328657,0.24947881232151278,0.051142047989296564,397.35293368012725,0.16016638904706862,0.3628789622150908,0.23511457269383096,-0.5979935349262955,0.18291841717764573,1.1716173954702318,-1.3545358126457048,0.3258046938509449,-1.0252666976259908,0.6994620037627637
1.0581162324649298,0.24945730551055095,0.05113720928346644,398.864877467722,0.1675985482619968,-0.4586032480328942,0.5680763031660866,-0.10947305513763464,-1.4449665978272657,0.9560895749730451,0.4888770228571946,1.0133361827075638,-0.2763650330386845,-0.7369711496813529
1.062124248496994,0.24943887460656772,0.051122524402295415,400.37651365122116,0.16702285896482297,-0.41807626940348724,-0.16723833382965567,0.5853146032228378,-0.3556213362393839,-1.057391201117568,1.4130125373569997,-0.2050802463201329,0.9922594532964233,-0.787179206986468
1.066132264529058,0.24942269650751236,0.05110189070444089,401.8879224875208,0.1611077205277909,0.40875729281143625,-0.5884191503860401,0.17966185756464104,1.4024892928161896,-1.0825005054580443,-0.31998878735831604,-1.0377598186990822,0.39464095793646586,0.6431188607529835
1.0701402805611222,0.2482838703807459,0.05090787278128508,403.3961049021261,0.07770590946554855,0.4195695007829884,-0.1237182421488892,-0.2958512586435237,0.566053940040578,0.889283799627536,-1.4553377396680862,-0.012746756575403917,-1.1286977171579222,1.1414444737240312
1.0741482965931863,0.24831473362959558,0.05077863165390392,404.9031610365091,-0.02297686736584957,-0.07006692863565524,0.40118470171037457,-0.33111777308366575,-1.3190278581404793,1.2214262019454503,0.09760165619504724,1.3138494078707161,-0.738465041668245,-0.5753843662114001
1.0781563126252505,0.24835689194157284,0.050702251879387004,406.41123381326423,-0.08991911121792724,-0.42490316185482113,0.1739688800861252,0.2509342817602526,-0.726561603365785,-0.7432357459247007,1.4697973492906324,0.17389013077692245,1.0439991602728234,-1.2178892910580739
1.0821643286573146,0.24839068288120253,0.05066080108065725,407.9200937748348,-0.13179570876049604,0.018919130664465295,-0.37820962653322543,0.3592904958606968,1.2317978168688013,-1.310135030996251,0.07833721412678701,-1.2930516228492825,0.8653464404071551,0.4277051824341354
1.0861723446893787,0.24841806768189817,0.05064381950201066,409.42955103918223,-0.1555037796728616,0.42540547571443676,-0.21835985904579447,-0.20704561667611843,0.8738245349215406,0.5863383178850217,-1.4601628528066162,-0.3302782891500885,-0.9394539216277046,1.269732210770237
1.0901803607214429,0.24844067348685567,0.05064356584800868,410.9394588856485,-0.1662583483247147,0.03186586002399511,0.3509940587119662,-0.38285991874356384,-1.1271069937185723,1.3801066333652787,-0.2529996396469244,1.2532730225394155,-0.9786654864836561,-0.2746075360630772
1.094188376753507,0.24845975064785514,0.05065431541557203,412.44970415914577,-0.16798033932355733,-0.42061964903411875,0.2596962984671217,0.160923350558197,-1.008543134004915,-0.4212175594708173,1.429760693476139,0.4810737147243233,0.8216927582992589,-1.3027664730317414
1.0981963927855711,0.24847623788684733,0.0506718834170541,413.9601999524769,-0.16359374497653853,-0.08194993792074826,-0.3194395923540502,0.40138953026705904,1.0064186531748955,-1.430376310320479,0.42395765714556133,-1.1954422152011406,1.0773306149191717,0.11811160027416273
1.1022044088176353,0.24956763767056847,0.05080905943859454,415.47239666142735,-0.11795234206785364,0.5758993252921201,-0.19130502692972817,-0.384594298369397,1.1140468773064718,0.2946986247070076,-1.408745502013591,-0.42711793578622076,-0.640654463016461,1.0677723987956713
1.1062124248496994,0.24960381958746494,0.05096983534190563,416.987676994954,-0.004789374925997484,-0.08759320904026846,0.5583708075711665,-0.4707775985364422,-0.9108118067048959,1.454491750543791,-0.5436799438389756,0.938582720247538,-0.8749295007428672,-0.06365321951166325
1.1102204408817635,0.24955956102035246,0.05106208695725484,418.5018793215508,0.0719727863410982,-0.5991011667863286,0.25428720311677455,0.34481396366349565,-1.2059065622557514,-0.12475743219550983,1.3306639944512473,0.5227621328724511,0.5254973530140421,-1.048259485892696
1.1142284569138277,0.24952357713893764,0.05111403520889636,420.01521971013995,0.12095823106121584,0.01645726502886602,-0.5292989046641793,0.5128416396290326,0.7667701619949969,-1.4693239392921715,0.7025537772970369,-0.8757233806178222,0.9363407681105143,-0.06061738749888257
1.1182364729458918,0.2494944944444645,0.05113765270983455,421.52790509831607,0.14972797886093867,0.6019896416955294,-0.31792063366118783,-0.28406900803830226,1.2975295347667526,-0.05076458464306505,-1.2467649501226588,-0.6265068486590429,-0.4140545761516567,1.0405614248046215
1.122244488977956,0.2494704897454403,0.051141713724921545,423.04009604262586,0.16402061931811496,0.05555279424636009,0.49187774149212815,-0.5474305357436464,-0.6117663265343221,1.4633217182227736,-0.8515553916884137,0.8009811892521701,-0.9853117844059828,0.18433059514862116
1.12625250501002,0.24945022055260532,0.051132727539427325,424.55191629341647,0.16815383025654007,-0.5958680797513705,0.377099440736696,0.21876863895281176,-1.3706887285352707,0.2256416067425625,1.1450471217489904,0.721760383680956,0.2967024404478787,-1.0184628240765432
1.130260521042084,0.24943269850182115,0.051115474891881084,426.06346090079904,0.16535232272353878,-0.12697407194076946,-0.4470240761373594,0.573998148034614,0.4479611946673545,-1.4364033252212853,0.9884421305519675,-0.7149424434371985,1.0206081451511197,-0.3056657017537665
1.134268537074148,0.2486106533496824,0.051051586466908126,427.574825397944,0.15854284835213772,0.4068379638758725,-0.4362920074822671,0.029454043565695365,1.3609053911016675,-0.4112234728348224,-0.9496819182685058,-0.9980893706309389,-0.10946334481418529,1.107552715406223
1.1382765531062122,0.24828636477248495,0.05085198854925056,429.08130276853416,0.03632995567605594,0.3056360603420494,0.1087695138138994,-0.4144055741852438,-0.22956132844976074,1.3718838969573703,-1.1423225685057554,0.680179931497848,-1.3156673354235764,0.6354874038894508
1.1422845691382764,0.24833123787786204,0.05074575653718197,430.58875676757464,-0.050955185155827226,-0.28162214606763,0.41994837498204757,-0.13832622894819885,-1.4630506337980858,0.6084356423418842,0.8546149914559966,1.1672058719387437,-0.05467943445619783,-1.1125264375160684
1.1462925851703405,0.2483701582649321,0.05068362135060533,432.0971433768425,-0.10778128205167947,-0.3376584306811391,-0.057285690264989586,0.39494412091499453,0.0542999451258913,-1.299175839246145,1.2448758941199551,-0.5388300834970092,1.3106071954053518,-0.7717771119400969
1.1503006012024046,0.24840138914926616,0.05065219345202946,433.6062418602901,-0.14229391755476273,0.2399357483864286,-0.42472872665316824,0.18479297823701465,1.4692943537137095,-0.7638136482396202,-0.705480705473965,-1.2327122266093238,0.21352540835098568,1.0191868182281263
1.1543086172344688,0.24842685505047302,0.05064212702605366,435.1158794178818,-0.16072235197460827,0.3650173381417794,0.006410206014066975,-0.3714275441853329,0.12149957962198432,1.2075875468170494,-1.3290871264390591,0.38996558595731273,-1.2849109424757696,0.8949453564898854
1.158316633266533,0.24844804146831706,0.05064648296777394,436.625922593333,-0.16776796161354066,-0.1957400623509804,0.42430161579771797,-0.22856155347461157,-1.4545873280189618,0.9081700860218967,0.5464172419965482,1.2797183266037775,-0.36833741309776874,-0.9113809135331999
1.162324649298597,0.2484660755320525,0.05066015063109053,438.13626862127325,-0.1669552751432493,-0.38759216487435166,0.044185116860329686,0.343407047988353,-0.29544953678367925,-1.0988668555014085,1.3943163922851438,-0.23608349516668545,1.2405959599712593,-1.0045124648301476
1.1663326653306612,0.24848178365311627,0.050679402037223556,439.6468386916947,-0.1609041089653409,0.14924858643707226,-0.4183901580016053,0.26914157154087665,1.4191410513748894,-1.039500641225197,-0.37964041014928224,-1.3079853219914144,0.5172586040594278,0.7907267179074646
1.1703406813627253,0.24962158668529386,0.05088113497779999,441.1608669368097,-0.07197276613569938,0.43436162782466625,0.1389724487102395,-0.5733340765422642,0.4197505723378606,1.0124397395929836,-1.4321903119315382,0.15722991768052788,-0.9813970361265586,0.8241671184408799
1.1743486973947894,0.24958676157890908,0.05100931358537097,442.67574190359574,0.02716312593436977,-0.3874545379120413,0.5915467920648383,-0.20409225415921048,-1.3814457321154263,1.1252928728145621,0.2561528593009991,1.044168501033817,-0.43919642896715494,-0.6049720720732349
1.1783567134268536,0.24954539579017485,0.05108508592318598,444.1896006183376,0.09272297319091831,-0.4821336319597751,-0.07053486330572832,0.5526684952590781,-0.5833960725135712,-0.876613029818269,1.4600091023318114,-0.03363898779560234,0.9240602092650018,-0.8904212214743644
1.1823647294589177,0.24951219419410745,0.05112545119880505,445.70267930067104,0.13351876564848741,0.3306579424725681,-0.6010839650619118,0.2704260225846347,1.3118396927488192,-1.2300561575471594,-0.08178353520164194,-1.0475018900376496,0.5485358445248425,0.49896604550769685
1.1863727454909818,0.24948515943475158,0.0511410087585417,447.21516676345175,0.15639370374301356,0.5223502200920108,-0.0012268267412250955,-0.5211233933556587,0.7401568289458235,0.7297038741330484,-1.4698607030789546,-0.09083106990995327,-0.8585370908731218,0.949368160778294
1.190380761523046,0.24946266215869803,0.05113962986447672,448.7272089950827,0.16652170208362138,-0.26848648744975007,0.6015693539540545,-0.33308286647997487,-1.2234494116838466,1.3173007452763998,-0.09385133358568087,1.0364561357444977,-0.6505395158319378,-0.3859166199130506
1.19438877755511,0.2494435018891871,0.05112713418407169,450.2389183735819,0.1677855156917874,-0.5549186061807693,0.07327664598279346,0.4816419602003927,-0.8864008000733634,-0.5722972578044804,1.4586980578777815,0.21424179265393345,0.7809737402601897,-0.9952155329121692
1.1983967935871742,0.24942679700730283,0.05110777860458538,451.75038109039286,0.1630760700611605,0.2021540847681682,-0.5931401653980112,0.3909860806319958,1.1175428134304006,-1.3857496963348135,0.26820688290452005,-1.0108936785178855,0.7435962401688159,0.26729743835107295
1.2024048096192383,0.248319863781969,0.050957521708262,453.2599118664744,0.1115630877519243,0.4350982374903142,-0.2769065332343938,-0.15819170425425536,1.0470124325057504,0.35624437530194475,-1.4032568078058951,-0.519304037743129,-0.7690775057176895,1.288381543464434
1.2064128256513025,0.24830221161389804,0.05080665730749891,454.76665270653126,0.0001792232043577415,0.10133056729727202,0.31030957280277116,-0.4116401400912108,-0.9590117561988246,1.4442936156903676,-0.48528185949020236,1.1717296136264546,-1.10659925525982,-0.0651303583580772
1.2104208416833666,0.24834651725221976,0.05071867478625687,456.27447733292723,-0.0748610147983101,-0.40860738972413596,0.31326652680178796,0.09534086292998678,-1.1693957785560596,-0.18652306549860234,1.3559188440544039,0.6717312922393812,0.6455789562818813,-1.3173102485135004
1.2144288577154307,0.2483823613917899,0.05066907387230368,457.7831480111151,-0.12266568908403344,-0.14964423804478594,-0.2710110766429451,0.4206553146944311,0.8188506658427217,-1.4663665576539118,0.6475158918114112,-1.0905420551551306,1.1854723411394266,-0.09493028597714936
1.2184368737474949,0.24841127987379677,0.05064642312557302,459.29246195713563,-0.15064556574359972,0.3889319856080177,-0.3442009935428738,-0.04473099205796481,1.267153397112644,0.01101291883562372,-1.2781663159481518,-0.8038020051663138,-0.5021653624183873,1.3059673675915846
1.222444889779559,0.24843502339474297,0.05064234460177345,460.8022619811147,-0.16442208690715404,0.19552282677718674,0.22905283907801227,-0.4245756658483163,-0.6671435133800098,1.4674796102867673,-0.8003360969068387,0.993603610356941,-1.246130500177971,0.2525268898275267
1.2264529058116231,0.2484549385444833,0.05065062721741576,462.31242676209143,-0.1682291994918887,-0.3646447940160331,0.3706433748898488,-0.005998580867475123,-1.3468145476053057,0.16450972028142768,1.1823048273239893,0.9234222711589222,0.3521497789787585,-1.2755720501316192
1.2304609218436873,0.24847203974326618,0.05066671598384372,463.82286302070116,-0.16523148430772944,-0.23862696853875975,-0.18444663341562226,0.42307360196016414,0.5060272684828699,-1.447689334609132,0.9416620661263324,-0.8826092311275374,1.2884113512293436,-0.40580212009591893
1.2344689378757514,0.24936040508118576,0.050751109118256844,465.33372450751324,-0.1521242911934253,0.5086083440207743,-0.37090509475800265,-0.1377032492474231,1.421130947079302,-0.2910656648661002,-1.1300652822151156,-0.8217679329976985,-0.25192748698940265,1.0736954199937772
1.2384769539078155,0.24961544683318504,0.050936159110278136,466.8491948343609,-0.031136941434905183,0.15254588382983764,0.42649940111830587,-0.5790452849791268,-0.38552160548370684,1.4215355740404974,-1.0360139685599088,0.6800747428032832,-1.0326724267344107,0.35259768393757585
1.2424849699398797,0.2495705595343201,0.05104200889037644,468.36366838345407,0.05457544862679864,-0.5714563303199099,0.44751199744723813,0.12394433287130781,-1.4388132355373515,0.45950578090434335,0.9793074546329198,0.8373447380696972,0.12762191365543982,-0.96496665172634
1.2464929859719438,0.2495324023040631,0.05110337545835769,469.8772163328917,0.11014587241118119,-0.22075442712040652,-0.37444792302551894,0.5952023501444249,0.2136550958510684,-1.3661736548258323,1.152518558974751,-0.579833095247881,1.045953775602167,-0.4661206803557122
1.250501002004008,0.24950168029134692,0.05113358404654928,471.3900589486261,0.14367797110654007,0.5460223202626947,-0.4929679268861666,-0.05305439337786591,1.4643647658163266,-0.622702695006847,-0.8416620708095808,-0.9057153852197674,-0.0034033566195698084,0.9091187418378878
1.254509018036072,0.24947647006615403,0.05114214172121755,472.9023683051741,0.16135752337408507,0.2863441410154254,0.3159439777614142,-0.6022881187784599,-0.038703776527336364,1.2918306345855144,-1.2531268580582018,0.47198693302435024,-1.046018052223691,0.5740311191977427
1.2585170340681362,0.24945531515025285,0.051136105528861296,474.4142770712896,0.1678450922358687,-0.5122597051769447,0.5312618370619333,-0.019002131886670742,-1.4690465420099952,0.7771011839142785,0.6919453580956356,0.9617202472261677,-0.12107959874747137,-0.8406406484802977
1.2625250501002003,0.2494371413817485,0.05112067119742301,475.92588726224085,0.1666291764343651,-0.3479097083129957,-0.25253021829468064,0.6004399266299677,-0.1368713186309946,-1.1989987883626878,1.3358701069941163,-0.35739096916234736,1.031513735430719,-0.6741227662466026
1.2665330661322645,0.24942116691578725,0.05109961714108051,477.4372769385157,0.16029695549928566,0.470830704273258,-0.5617949308854916,0.0909642266335988,1.452752678331956,-0.9204524568608875,-0.5323002214708188,-1.0043297265707574,0.24404494608087401,0.7602847805110772
1.2705410821643286,0.24828106590139626,0.05089093742912552,478.94498698656867,0.06597771395826886,0.4004589042355653,-0.062130468128839905,-0.3383284360922846,0.35790484710400017,1.0537207623552405,-1.4116256094589628,0.1842497361531737,-1.2179378757487256,1.0336881396093012
1.2745490981963927,0.24831934829626376,0.05076904215265456,480.4521495587626,-0.031051615644595396,-0.13283214521742417,0.41913229784435996,-0.28630015260462954,-1.4016636783711403,1.0843989919678279,0.31726468640345795,1.3131116229632036,-0.5660202340707781,-0.7470913888702596
1.2785571142284569,0.24836062562533898,0.05069674361612075,481.96031126114315,-0.09511343265105604,-0.4132714668098136,0.11323395925045923,0.30003750758025205,-0.5259674370933867,-0.9256416145071582,1.4516090516006754,-0.02454824399980387,1.153029440189466,-1.1284811961689578
1.282565130260521,0.24839369853406404,0.050658156693184485,483.46923874806635,-0.1348921716975704,0.08276900110249419,-0.4034022183483814,0.32063321726598465,1.3384594324716181,-1.1950008142476538,-0.14345861822374867,-1.3163813266029298,0.7060316895768793,0.6103496370460605
1.2865731462925851,0.24842053955119728,0.050643161858829215,484.9787471285196,-0.15709195961402558,0.4214857461972598,-0.1608971973271979,-0.2605885488513799,0.6860397643666676,0.7825096434604976,-1.4685494078273518,-0.13458856693488028,-1.0677859378145267,1.2023745047684344
1.2905811623246493,0.24844274296202254,0.050644239506120854,486.4886933792824,-0.16678378526118298,-0.03225863222844153,0.38299346693771247,-0.35073483468958494,-1.2562227679639524,1.2884543284314727,-0.03223156046689281,1.3001958948409957,-0.8347823212709857,-0.4654135735514835
1.2945891783567134,0.24846152262131924,0.05065583831538351,487.99896728218954,-0.16777637228937392,-0.42438029848888437,0.20619294705029917,0.2181873514313061,-0.8362169882650146,-0.6283346374653279,1.4645516257316014,0.2909993946482943,0.9673499827226956,-1.258349377371415
1.2985971943887775,0.2484777933380679,0.05067390632988055,489.50948420639594,-0.1629078982874327,-0.018383292259540832,-0.3577793858967654,0.37616267815469573,1.1561336953268921,-1.363497595038921,0.20736389971202035,-1.2651939593300379,0.9509268763444685,0.3142670829837316
1.3026052104208417,0.24959563081595948,0.050834174579705564,491.02219784441115,-0.10486043029840093,0.5545853681897694,-0.10223474940514261,-0.45235061879332505,0.9404285159108123,0.5173726810757004,-1.4578011969908415,-0.2693669684527656,-0.7576248247006212,1.0269917931622128
1.3066132264529058,0.24959917028752687,0.050981319032993286,492.5373664838057,0.004393399826604475,-0.176145779753607,0.5854633508924069,-0.40931757113430073,-1.0740885931103834,1.406022633478326,-0.33193404036792795,0.9982799823558297,-0.7776982591798148,-0.2205817231715182
1.31062124248497,0.24955557649767943,0.05106886051163174,494.05147190954153,0.07797991935959808,-0.5844671060887039,0.16935980039118984,0.4151073057019567,-1.065674376772592,-0.3437812623937549,1.409455639166345,0.3799810234958903,0.6560488177487026,-1.036029841240146
1.314629258517034,0.2495204068961871,0.051117516568791384,495.56473835719135,0.12463766866545381,0.10683596493994882,-0.5664534902986055,0.4596175253631736,0.9468257543329985,-1.44706402101052,0.5002382666776031,-0.9524072364756063,0.8548106941895582,0.09759654229038937
1.3186372745490982,0.24949190620215622,0.05113882685426627,497.07736777505556,0.1517282473588751,0.5981144413709937,-0.23732527219176375,-0.36078916917556625,1.1788530273857762,0.1709371427796046,-1.3497901701650208,-0.49292540166923754,-0.5542513024192771,1.0471767040923412
1.3226452905811623,0.24946832979878164,0.05114132293949715,498.58951662671655,0.16483122196928793,-0.03538410863976714,0.5386938975845526,-0.503309788941308,-0.8060045820475263,1.467545704701352,-0.6615411226537956,0.8935321159863052,-0.9204924072140462,0.02696029123116868
1.3266533066132264,0.2494483766954962,0.051131320785361895,500.1013054612417,0.1681416092099258,-0.6028598070755706,0.3020361777562143,0.30082362932291434,-1.2752182027506827,0.004439354943862814,1.2707788478069642,0.5992296293620105,0.4445885615886195,-1.0438181909471869
1.3306613226452906,0.24943108737642247,0.051113451800333366,501.61282683183646,0.16478986913397717,-0.03681940076071919,-0.5028476755041672,0.5396670762680361,0.6536126080262333,-1.4670611831718383,0.8134485751456003,-0.822086297744059,0.9734204704300082,-0.1513341726826397
1.3346693386773545,0.24848829462811972,0.05101107391289672,503.1235981975106,0.14328716035353226,0.40966575092871266,-0.38936948454048864,-0.020296266385071725,1.3614781439888592,-0.2362301169437372,-1.1252480270451402,-0.9034776478424463,-0.3011650946117501,1.2046427424573027
1.3386773547094186,0.24829015438870947,0.0508387636358713,504.6302230263142,0.025968059774425074,0.2567482514725061,0.16977847294573895,-0.4265267244164721,-0.44530830617544404,1.4355272004046422,-0.9902188942305409,0.8421056401489515,-1.297301225164184,0.4551955850142325
1.3426853707414828,0.24833553239567527,0.05073783619853577,506.1377810715103,-0.057858571239596625,-0.32682173038597967,0.4025851964259638,-0.07576346604003434,-1.424974228942674,0.400093130070592,1.0248810988721653,1.062071722694077,0.14392884597407068,-1.206000568668401
1.3466933867735469,0.24837358370968957,0.05067928316789931,507.64624803505797,-0.11211930319087908,-0.29442410437163036,-0.12026150788022066,0.4146856122519049,0.2747479692724727,-1.3877574852046073,1.113009515932109,-0.7135502131461116,1.315884996535691,-0.6023347833892446
1.350701402805611,0.24840415962747564,0.05065036471020157,509.1554074882565,-0.14477129128539654,0.29010553038843745,-0.414998582802928,0.12489305241504224,1.4575468924713295,-0.5660903527590392,-0.8914565397124248,-1.1486520318143771,0.015470743462585368,1.1331812883519499
1.3547094188376752,0.24842913539413,0.05064201821329171,510.6650910659787,-0.16187135024625268,0.3279568821962638,0.07033016700910241,-0.39828704920545527,-0.1003226951971462,1.3198210044924548,-1.219498309295306,0.5748879593632699,-1.3141053065143593,0.7392173471511767
1.3587174348697393,0.24844995829714503,0.050647508369547456,512.1751687254201,-0.16798905796928748,-0.25021536926564764,0.4222545437019789,-0.17203917442868427,-1.469378361892778,0.7238930693688204,0.7454852925224967,1.217916399817953,-0.17376186377524516,-1.0441545360803026
1.3627254509018034,0.24846772265575118,0.05066188116670839,513.685540364965,-0.16654753420627158,-0.3571230688485796,-0.01985372340531215,0.3769767921819301,-0.07541285674860748,-1.2331334417389663,1.3085462984889098,-0.4284564819574166,1.2931862687462825,-0.8647297868599331
1.3667334669338675,0.24856312103637032,0.050681532860889306,515.1961291675838,-0.16009087364975982,0.2699094426141592,-0.4573451856854964,0.18743574300346932,1.4675799883314309,-0.875222360866464,-0.5923576274648037,-1.2687103981356647,0.3286676899266751,0.9400427081410732
1.3707414829659317,0.24962256700386573,0.05089763601443213,516.7106312305901,-0.060257333458722286,0.3679627060936043,0.2252638343110264,-0.5932265404686587,0.20163868618141909,1.1617633795467648,-1.3634020657277297,0.3120133800154438,-1.0260767198301162,0.7140633397505639
1.3747494989979958,0.2495822438993447,0.051018836563968085,518.2253918379488,0.03504809055906883,-0.452270245611813,0.568946402366977,-0.11667615681620147,-1.4412597693772116,0.9701645731812096,0.47109519619585155,1.0178026547982202,-0.2908023541370618,-0.7270003007220547
1.37875751503006,0.24954178070016628,0.051090525819538636,519.7391630222921,0.09777864696382149,-0.42251089509099093,-0.1596716896694279,0.5821825847023206,-0.37368025702576113,-1.0442044727131552,1.417884729738842,-0.190984270998975,0.9879686763385197,-0.7969844053976474
1.382765531062124,0.24950928591275764,0.05112799498920123,521.2521750659041,0.13651089691440235,0.40261855377820754,-0.5890048581959433,0.18638630436228903,1.3966689164045551,-1.0949121241617525,-0.30175679224282903,-1.039826383671211,0.4078282458498881,0.6319981377657189
1.3867735470941882,0.2494827668864113,0.05114154820850701,522.7646122361841,0.15790699626944565,0.4712212402557111,0.08945027882785853,-0.5606715191362575,0.540559964706551,0.9134415928896211,-1.4540015575964853,0.0673593001240281,-0.9391403704964413,0.8717810703194813
1.3907815631262523,0.24946064888430214,0.05113882815351982,524.2766167422556,0.16699545083027695,-0.3466251216514281,0.6003132070661142,-0.2536880854767396,-1.3321259839894342,1.20410418301285,0.12802180097227853,1.0476135395547217,-0.5194699961847183,-0.5281435434132138
1.3947895791583165,0.24944176719221012,0.05112547870882698,525.7882980512339,0.16754802820805983,-0.5130979332973588,-0.017617643216067166,0.5307155764716911,-0.6997844477078622,-0.7695654615921258,1.4693499092995224,0.05740882733629607,0.8771777722373336,-0.934586599614656
1.3987975951903806,0.2494252660101328,0.051105622296372145,527.2997400846322,0.1623704694001475,0.2853431394740436,-0.6027628000032643,0.31741966049015297,1.2485220566090804,-1.2961231134332367,0.04760105682431115,-1.0407461958846451,0.6240066345390787,0.4167395613062337
1.4028056112224447,0.248299075929684,0.0509357048964709,528.8087265122543,0.09782846235479682,0.4331101577397823,-0.21962444838723275,-0.21348570938610945,0.886433531601868,0.5656650313214642,-1.452098562914236,-0.3352694068631946,-0.9242889391101099,1.2595583459369497
1.4068136272545089,0.2483069046952527,0.050795745996870235,530.3156149632822,-0.00877573292604952,0.037469880449184555,0.3512061422012814,-0.38867602268262397,-1.115767523727679,1.3866668302854768,-0.2708993065579568,1.2489376139125612,-0.9867070989616248,-0.262230514982828
1.410821643286573,0.24835047489588397,0.05071223182695732,531.8235343970105,-0.08071165236392612,-0.42276978154010647,0.2658282328001466,0.15694154870954335,-1.0220242368683343,-0.40384562825889225,1.4258698651270008,0.4936135517874847,0.810992326910696,-1.304605878728354
1.4148296593186371,0.2483855571268097,0.05066577487972693,533.3322775207312,-0.1262391265587354,-0.08782592222526525,-0.31741614306608523,0.4052420652624077,0.9932533575917275,-1.4348158017801274,0.44156244418911883,-1.189388464324909,1.085526518350123,0.10386194594564756
1.4188376753507013,0.24841388860367766,0.050645312319362513,534.8416463583341,-0.15257562288741977,0.41046544927531103,-0.3025575516629801,-0.10790789763985226,1.1407201681030354,0.23209016365864787,-1.372810331761236,-0.6375828265546006,-0.6797549455429563,1.3173377720701949
1.4228456913827654,0.2484371965975504,0.05064271473020084,536.351487703077,-0.16518758082550683,0.13648815842133977,0.2802959197251633,-0.4167840781726706,-0.8566515534968159,1.4623829881411243,-0.6057314346445233,1.1125239490526821,-1.1675784169117815,0.05505446783315811
1.4268537074148295,0.24845679098765858,0.05065195688062222,537.8616833521553,-0.1681892699146562,-0.39318953547521546,0.33523477216912356,0.05795476328111266,-1.2430601245521613,-0.057156875929317855,1.3002170004807794,0.7714866324261398,0.5392216410807356,-1.3107082735324145
1.4308617234468937,0.24847365727041137,0.05066862551178951,539.3721424606053,-0.16465323943695773,-0.18311270151593426,-0.23982851945406541,0.42294122094554837,0.7079297103112706,-1.469101317479447,0.7611716071681114,-1.0197928043514866,1.232324555474453,-0.2125317511473498
1.4348697394789578,0.24946358922096906,0.05077879785030099,540.8836569458919,-0.13543506096141722,0.57868717555627,-0.3372015131396628,-0.24148566244079292,1.322175772908208,-0.07012653014657677,-1.2520492427617744,-0.6898021803457833,-0.3988210331091799,1.0886232134313247
1.438877755511022,0.24961138541227876,0.05094934057086858,542.3989146770938,-0.02094099795291628,0.06334157896324735,0.48534931759183,-0.5486908965779885,-0.5947008113048318,1.4617005214611747,-0.8669997101564153,0.7924561177302736,-0.9919327256843421,0.1994766079312871
1.442885771543086,0.24956635127741816,0.05104987723580411,543.9132845445183,0.06133779147408346,-0.593129898858155,0.3820082369291396,0.2111216619074843,-1.3772421056115276,0.24411302812628605,1.133129077484937,0.732783734737526,0.2828379978225707,-1.0156217325815675
1.4468937875751502,0.24952902420580722,0.05110761036398028,545.4267528642574,0.1143734993819113,-0.13397868603943053,-0.4411434544714321,0.5751221404913595,0.43012377302862875,-1.4322268255410662,1.0021030525124182,-0.7046575335950758,1.0241378934202747,-0.3194803598447604
1.4509018036072143,0.24949893527234476,0.051135271341765584,546.9395351272033,0.1460701675915148,0.578089753387758,-0.43532840583271076,-0.14276134757357714,1.4286781082617022,-0.41520500905331514,-1.0134730992082925,-0.816077129213013,-0.16111277585068967,0.9771899050451079
1.4549098196392785,0.24947418919693035,0.05114208686768628,548.4517990065015,0.16244239614225983,0.2032992639319513,0.3896035050143964,-0.5929027689635571,-0.25944155107842887,1.3826802811916716,-1.1232387301133695,0.6074246482247865,-1.0429767084118122,0.43555206016949055
1.4589178356713426,0.2494533751488266,0.0511349031160012,549.9636737591144,0.1680193920485943,-0.5542824424906709,0.4823779856748973,0.07190445679025825,-1.4597380842664651,0.5804554784228653,0.8792826058468128,0.888233506171649,0.03695205332347784,-0.9251855595202892
1.4629258517034067,0.24943545326453015,0.0511187579326798,551.4752587255138,0.1661883298434109,-0.26983851015222016,-0.33208664683405187,0.6019251569623782,0.0849842209830513,-1.3133539489581283,1.2283697279750148,-0.5015681779312843,1.0473066642939948,-0.5457384863865226
1.4669338677354709,0.2491065948603122,0.05109694588110284,552.9866406392354,0.15972733102262382,0.3170893569479797,-0.4251401500542164,0.10805079308395768,1.392155945710273,-0.6991679667140163,-0.6929879789960284,-0.9681273275855653,0.09797990306157592,0.8701474245012609
1.470941883767535,0.24828165247041123,0.05087548774761972,554.4938722611921,0.054445238215760944,0.3711085985664065,0.0030251653951532246,-0.37413376398239734,0.1394654909729716,1.1965388556091312,-1.3360043465822393,0.3782324263864288,-1.2796731410049182,0.9014407145984774
1.4749498997995991,0.2483238649011841,0.05075993642670878,556.001149305268,-0.038770805476731666,-0.19254065790370098,0.4275470369444172,-0.23500637906013352,-1.4523456236261711,0.9226609844297796,0.5296846391962335,1.2824785675159707,-0.38068137388360224,-0.9017971936515964
1.4789579158316633,0.2483642490250656,0.05069155506968014,557.50939714966,-0.10005202233997187,-0.3922137785839524,0.049928554106784984,0.3422852244583771,-0.31338028744109825,-1.0868960662004719,1.4002763536415337,-0.22242239086044435,1.235760195146575,-1.0133378043050125
1.4829659318637274,0.2483966143949346,0.05065573029510363,559.0183901198557,-0.1378056967103293,0.14471637147920058,-0.4193747517798242,0.27465838028221645,1.4145149467509373,-1.0525489412300792,-0.36196600552097824,-1.3096657893515962,0.530607301763905,0.7790584875695995
1.4869739478957915,0.2484229261381119,0.05064264090859609,560.5279480148849,-0.15855257302060838,0.40793767436423434,-0.09976137699270635,-0.30817629738823876,0.48257630470648716,0.9607833694938792,-1.4433596742002697,0.06416516224713081,-1.1717385615491818,1.1075733992850798
1.4909819639278556,0.2484447375724739,0.050644990413997504,562.0379314415123,-0.16722289095164056,-0.09565087768242397,0.40624660969294885,-0.31059573202567337,-1.3566137473063122,1.1673472854804512,0.18926646182624696,1.3174345886986523,-0.6718498301365428,-0.6455847585779465
1.4949899799599198,0.24846323049495667,0.05065739651383366,563.5482330273949,-0.16751668799040978,-0.418448546255324,0.14797139205803098,0.2704771541807396,-0.6447786836429139,-0.821081137862532,1.4658598215052403,0.09429333110749677,1.0909142555625067,-1.1852075866863734
1.498997995991984,0.2484792901334527,0.05067593466740953,565.0587703719552,-0.16218842438259412,0.045618949343516985,-0.3879581995545107,0.3423392501954979,1.2794148875952804,-1.2654503705750457,-0.013964517020133405,-1.3060568194454572,0.8028224690054726,0.5032343504242396
1.503006012024048,0.24961097878133343,0.050852783473553,566.5720136034901,-0.09154680976775763,0.5242803140171046,-0.016227295334232512,-0.5080530186994509,0.7597515867954169,0.714711422655894,-1.4744630094480995,-0.11090837995823671,-0.8561570436861917,0.9670654236319184
1.5070140280561122,0.2495944957315529,0.05099223932232892,568.0870450718286,0.01320738761462432,-0.26066599164645693,0.5991218902782699,-0.3384558986443554,-1.212870270660672,1.325455315604378,-0.11258504494379787,1.035216444708888,-0.6627676557220941,-0.37244878899920864
1.5110220440881763,0.249551691120716,0.0510752388681881,569.6010562093371,0.08371540215335914,-0.556520299320448,0.0805576383820339,0.47596266092605244,-0.9011810504256559,-0.5549782095376625,1.4561592599631692,0.22855419396078053,0.7716443159754625,-1.000198509948353
1.5150300601202404,0.24951728126918818,0.05112070772902064,571.1142506933969,0.1281184269001764,0.19480132242218795,-0.5906775122281135,0.3958761897942448,1.1052255531051414,-1.3917081456117981,0.2864825925067928,-1.007317529050148,0.7537525118622241,0.25356501717591734
1.5190380761523046,0.24948934211841298,0.05113979558544301,572.6268256855642,0.1535855187192912,0.5805782331022292,-0.15128701962085572,-0.42929121349244137,1.033218073312884,0.3887285802453731,-1.4219466535581693,-0.34809198309609424,-0.6817716537549594,1.029863636839965
1.5230460921843687,0.2494661791426066,0.05114078978636077,574.1389336359591,0.165540818883459,-0.12553764316715038,0.5732238876674811,-0.44768624451045186,-0.9818107987124178,1.4382109595120165,-0.45640016079883544,0.9656622103300705,-0.8346482994236588,-0.13101391091723474
1.5270541082164328,0.2494465285852647,0.05112981590966098,575.650691969291,0.16805981189529262,-0.5960936735419241,0.2200595220078587,0.3760341515142479,-1.1505895659797727,-0.21686351726753422,1.3674530832463512,0.4630197973001308,0.5823081740982636,-1.0453279714260078
1.531062124248497,0.249429461978676,0.05111136268348089,577.1621908013444,0.164181131390024,0.05419873254785987,-0.5472119551434453,0.4930132225647655,0.8443194713725481,-1.4641767486081474,0.6198572772356183,-0.91044686786445,0.904004055030444,0.006442812803059472
1.535070140280561,0.24839910586986427,0.05099386883495606,578.672408047496,0.1291152613396752,0.3972319143206153,-0.3311262185484305,-0.06610569580456024,1.251364574006805,0.0029009749021458725,-1.25426554891121,-0.7720881639998493,-0.48994780418821215,1.2620359681579665
1.539078156312625,0.24829447782951197,0.05082621078401855,580.1791548582471,0.015993427802824152,0.20196180819049525,0.22714347716245442,-0.4291052853818322,-0.651130393572442,1.4667688503523637,-0.815638456779617,0.984943709060883,-1.2493195374597454,0.26437582836940293
1.5430861723446891,0.24833972494577242,0.0507303257105257,581.6868147774617,-0.06446387126104156,-0.364552845214142,0.37606732258743913,-0.011514477401170651,-1.3544302171325018,0.18264028359264994,1.1717899335396258,0.9327614277565004,0.3392706142957324,-1.2720320420798295
1.5470941883767533,0.24837693733492308,0.05067522558528749,583.1953597970615,-0.11624221321305515,-0.2445218956609096,-0.18047561215837454,0.42499750779284307,0.4889333947899897,-1.44477926320922,0.9558458684192057,-0.8720524003466328,1.291255663501715,-0.41920326318144896
1.5511022044088174,0.24840687595874233,0.05064872739845972,584.704578481749,-0.14709536844768742,0.3336632461614025,-0.3958417247740001,0.06217847858752959,1.4126554627874897,-0.35550372817687675,-1.0571517346105261,-1.0384808526687985,-0.18293232564014844,1.221413178283638
1.5551102204408815,0.24843137832074214,0.050642033411498644,586.2143067247675,-0.162913856815208,0.28345400203759813,0.13263095433134392,-0.4160849563916468,-0.3198534776730201,1.402036470695155,-1.0821829930222229,0.7467348153067142,-1.313419539286519,0.5666847239559922
1.5591182364729457,0.24845185294805025,0.05064860921200933,587.7244178213066,-0.16813870357926974,-0.29898797351654327,0.4106087644659699,-0.11162079097222785,-1.4507551398314678,0.5231628938862359,0.9275922459450376,1.1284201510038474,0.02476027762119004,-1.1531804286475282
1.5631262525050098,0.24846936424808402,0.050663654023042744,589.2348142852572,-0.16609386973398035,-0.31854077229749633,-0.0834258437627833,0.40196661603943074,0.146329351586172,-1.339352244016967,1.1930228924308477,-0.6110796584834941,1.3163627999329297,-0.705283141471131
1.567134268537074,0.24900283338517273,0.05068751128055101,590.7453604948888,-0.16076403267001046,0.5116920518138436,-0.5226130521010359,0.01092100026310578,1.6075328506257947,-0.7464673791345741,-0.8610654714926756,-1.1318127861549536,0.09918051991009316,1.0326322662236371
1.571142284569138,0.24962085089345426,0.050912744688521486,592.2603839344945,-0.04895399159308473,0.2928308467381406,0.30647468760217483,-0.599305534357653,-0.01970324474800872,1.2833332082123081,-1.263629963464497,0.4593539700373922,-1.0480254704218226,0.5886715003676125
1.5751503006012022,0.24957778630630978,0.05102790990322897,593.7750332147641,0.0426318503421535,-0.5067718903142244,0.5333490732511603,-0.026577182952958273,-1.4682075444403098,0.7929040951850245,0.6753034492554357,0.9682238590173192,-0.13578990670535934,-0.8324339523278526
1.5791583166332663,0.2495381856333104,0.05109560693243287,595.2887187776297,0.10260715789208029,-0.3532533083034469,-0.2452171736206587,0.5984704819087262,-0.15544712178305853,-1.1880157358582475,1.3434628576411736,-0.34395941776131095,1.0293634657797457,-0.685404048033769
1.5831663326653305,0.24950636971052506,0.05113027268759779,596.8016657862382,0.13933558574145127,0.46547774435553263,-0.5635570997006519,0.09807935533066714,1.4496849586468354,-0.9348262334937294,-0.5148587251529491,-1.0084823750847738,0.2578621310122347,0.7506202440577463
1.5871743486973946,0.24948035434488336,0.0511418910603601,598.3140538653015,0.1592973780502581,0.40938233823228126,0.17813720638299674,-0.5875195446284999,0.32865009732361655,1.0763780874373616,-1.405028184759834,0.22399110637790903,-0.9983566709810207,0.7743655645892661
1.5911823647294587,0.24945860707368098,0.05113788222626398,599.8260215769409,0.1673801574558628,-0.4169354020569231,0.5854432824274567,-0.16850788038669737,-1.4104705257151746,1.0634883247846219,0.34698220092729054,1.0349303896098963,-0.3765993049275634,-0.6583310846976469
1.5951903807615229,0.24943999877348805,0.051123719069506225,601.3376755343031,0.16724707652307452,-0.45962822932244574,-0.10814643579253813,0.5677746651031919,-0.49723457051796305,-0.9493145450468796,1.4465491155646704,-0.10070828364197498,0.9534106863398307,-0.8527024027096152
1.599198396793587,0.24942369817133325,0.05110339118339517,602.8490974385319,0.16162065225063577,0.36209218461722326,-0.5987239159414505,0.23663173131313192,1.3510831316910237,-1.176993101546845,-0.1740900301439014,-1.0469198789373257,0.4902376771960504,0.556682201730164
1.6032064128256511,0.24828795996905967,0.05091905677018469,604.3575886784888,0.08540725004382303,0.42631488674348283,-0.16165954803787058,-0.2646553387151073,0.6983539944993395,0.7675182947901193,-1.465872289291042,-0.14300342167405916,-1.055473709281799,1.1984771309477018
1.6072144288577153,0.24831162975373566,0.05078529537255294,605.8645860271988,-0.017424058837727182,-0.027215111491848794,0.38409750975953755,-0.35688239827611307,-1.2471099667915848,1.2974861666993969,-0.05037619990794759,1.2977106822805922,-0.8443119539484508,-0.45339872834032
1.6112224448897794,0.2483543514663387,0.05070612125984826,607.3725984263325,-0.08632878145135066,-0.42730598598765307,0.212364373620001,0.21494161236022152,-0.8513822131651013,-0.6119646552351237,1.463346868400194,0.30425959575614725,0.957952669020675,-1.2622122647845868
1.6152304609218435,0.24838865865874601,0.05066270988158997,608.8814123550861,-0.12964015776437404,-0.024007057667744067,-0.3565651935429248,0.3805722512032396,1.1449359542539406,-1.370453945901226,0.22551799164731445,-1.2610861963649076,0.9608073355868201,0.3002788607706637
1.6192384769539077,0.24841641451851468,0.05064436505411444,610.3908348240229,-0.15437953650925257,0.42262320362410594,-0.2540003989737302,-0.16862280465746055,0.9882040846241301,0.447855527764691,-1.4360596123883516,-0.45681615654965363,-0.8418214002191111,1.2986375567612698
1.6232464929859718,0.24843929555845043,0.05064319483889541,611.9007165100704,-0.1658621132214562,0.07432610977664392,0.32514497852719376,-0.3994710883109385,-1.0265682649002563,1.4238474181366985,-0.397279153236585,1.2060419342645616,-1.062376544734007,-0.1436653895375492
1.627254509018036,0.24845857520713202,0.050653356534095084,613.4109422710213,-0.16808490624956682,-0.41276185268559057,0.29216063425253896,0.12060121842573614,-1.1108851319178559,-0.277513949122086,1.3883990810393634,0.6019474386579547,0.7139735838460268,-1.315921022510264
1.6312625250501,0.24847520870827194,0.05067057473482983,614.9214236500593,-0.1640303563247481,-0.12339808606164032,-0.2897530841500422,0.41315117019337194,0.8936454630850323,-1.4569260723895632,0.5632806093037367,-1.1336878917585729,1.14810938807143,-0.014421496332013839
1.6352705410821642,0.24953678652214237,0.050793663522865816,616.4333610999779,-0.12458588071686907,0.5910197272709673,-0.258655517713967,-0.3323642095729965,1.2172126155884033,0.13985141615926136,-1.3570640317463465,-0.5356736266847634,-0.5480823517864547,1.0837559784515316
1.6392785571142283,0.24960691341515504,0.05096182027410792,617.9486218220435,-0.011151914259348418,-0.027307140973720584,0.5331054432839052,-0.5057983023288434,-0.7901976085635976,1.468478463541856,-0.67828085497837,0.886789742617942,-0.9287932165099948,0.04200347387318523
1.6432865731462925,0.24956225373589608,0.05105732177779834,619.4628907251059,0.06779692306595331,-0.6012843532557373,0.3077808461652517,0.2935035070727855,-1.284287679152627,0.02315594312253258,1.2611317360299716,0.6115266216549048,0.4315933867459624,-1.0431200084188352
1.6472945891783566,0.24952576643960375,0.051111569070612727,620.9762818559025,0.1183847399054387,-0.04414376765596366,-0.4977450430558501,0.5418888106946056,0.6367778917973332,-1.4656076227628458,0.8288297309654515,-0.8133947812047936,0.9789341954906255,-0.16553941430297675
1.6513026052104207,0.24949628376675523,0.051136782312075434,622.4890056827908,0.1483120575859905,0.5969287525597397,-0.367736594391827,-0.22919215818398386,1.3603961549218082,-0.19823531707574849,-1.162160837845792,-0.7077983081892083,-0.3151513258479588,1.0229496340209543
1.6553106212424848,0.24947198526993322,0.05114192753750931,624.0012255375086,0.1634257479563513,0.11561515067932684,0.4543404214838365,-0.5699555721788657,-0.47425866012803836,1.4419807839813992,-0.9677221238534057,0.7290004118158931,-1.0161180573588378,0.2871176455273863
1.659318637274549,0.24945150085919912,0.05113364946090719,625.5130673813856,0.16812804508392606,-0.583619438113561,0.42246712559809074,0.16115231248636114,-1.4171202874258804,0.3705649976112921,1.046555289808113,0.7944578942574609,0.19415222636247978,-0.9886101206486756
1.6633266533066131,0.24943381987190663,0.05111682905369197,627.024627969092,0.1657081442691957,-0.18560753526523835,-0.4040331615049201,0.589640696781506,0.3048995330480504,-1.3977366050806108,1.0928370720319645,-0.634303749110547,1.0391849299771967,-0.40488118085624103
1.6673346693386772,0.24874560648384494,0.051080157860468184,628.5360960399479,0.16145414067332162,0.33850666252411976,-0.4155536775358301,0.0770470150217833,1.3173988857079533,-0.4933201318731917,-0.8240787538343267,-1.0017998578504872,-0.013449916454859025,1.015249774315435
1.6713426853707414,0.24828419229767315,0.05086119731927284,630.0427740814089,0.04345016677818979,0.33426304133357554,0.06702289542462282,-0.40128593674892304,-0.08254015014399685,1.3119550774518702,-1.2294149273078465,0.5635012819659944,-1.3113044439213506,0.7478031619646714
1.6753507014028055,0.2483283224280312,0.050751299679191286,631.550158270638,-0.046172514949706485,-0.2478399118984402,0.42623271301001714,-0.17839280110317038,-1.4699360491666458,0.7399113004265185,0.7300247487400064,1.222657711676645,-0.1866680345704493,-1.0359896770976051
1.6793587174348696,0.2483678157901073,0.050686700389920326,633.0584900639521,-0.10475555774379453,-0.3622615134519766,-0.014474913536488911,0.3767364269964193,-0.09367842365065926,-1.2234653539530917,1.3171437776038013,-0.41525447678178606,1.2904391585744974,-0.8751846817848487
1.6833667334669338,0.24839949435540065,0.050653543483533965,634.567546882437,-0.14054548517497323,0.20336576535413062,-0.4258334455557722,0.22246768020982088,1.458455282746571,-0.8862025516227556,-0.5722527311235863,-1.2732189600303736,0.343137250206072,0.9300817098316031
1.687374749498998,0.24842529493692717,0.050642289184382454,636.0771529922712,-0.15988692375948244,0.3851397836782432,-0.0363760604173225,-0.34876372325404736,0.26815863207649115,1.1172436942254944,-1.3854023263020094,0.2614620233672568,-1.2490856833425412,0.9876236599822704
1.691382765531062,0.2484467288228095,0.050645858179541925,637.5871725883449,-0.16757172194177902,-0.1568609929451201,0.42027870729270794,-0.2634177143408525,-1.4262067606358169,1.0197396772350895,0.4064670834005371,1.3047545169280632,-0.49365943205558044,-0.8110950848658078
1.6953907815631262,0.24846494475740954,0.05065903253958776,639.0975010839119,-0.1671937525300298,-0.4030224047487691,0.0864023716646605,0.31662003308869613,-0.43870282554893575,-0.9951877065776484,1.4338905321263757,-0.10455520317978852,1.1897007687160848,-1.085145565531269
1.6993987975951903,0.2484807935166293,0.05067800752123132,640.6080582531091,-0.16142593281076206,0.10857975301332168,-0.40932683208317877,0.3007470790751622,1.3736387169388453,-1.138667991363939,-0.23497072557472345,-1.3172393718167084,0.6364777403194833,0.6807616315017069
1.7034068136272544,0.24961885926855476,0.05086948155263916,642.1217722947886,-0.07977791239069291,0.47437004436780617,0.07746307735794526,-0.5518331217207968,0.5612280856302188,0.8985845531987449,-1.4598126388267434,0.05075657593907408,-0.9385294813638115,0.8877729054264557
1.7074148296593186,0.24958986294441,0.051002655339496404,643.6367133850256,0.02168382486371038,-0.3392496162123344,0.5991437121970934,-0.2598940959975428,-1.324022816846789,1.2147050209027876,0.10931779594387137,1.0485735716253957,-0.5327857279332527,-0.5157878437045771
1.7114228456913827,0.24954790395378712,0.051081268431875555,645.1506323843275,0.08919678455460789,-0.5158335015788285,-0.010092191257010358,0.5259256928227206,-0.7161035589600578,-0.7535238802892893,1.4696274392484796,0.07190780505838647,0.8696319313640235,-0.9415397364349736
1.7154308617234468,0.2495142208463093,0.05112364383983074,646.6637569362853,0.13141738320155058,0.27835292850717364,-0.6014782163548339,0.32312528783598843,1.2384850900106754,-1.304697467917163,0.06621237790672463,-1.03930046119244,0.6355511936760156,0.4037492675045559
1.719438877755511,0.24948682812736028,0.051140589609600426,648.1762790144568,0.15531419030797686,0.5498434928090283,-0.06179994328977276,-0.48804354953050844,0.864086228115976,0.5976747563565907,-1.4617609844726405,-0.1953481286555921,-0.7937699733275076,0.9891181019719456
1.723446893787575,0.24946406701126136,0.05114014190485233,649.6883472263827,0.16616166258602363,-0.21284570287611776,0.5947279209992391,-0.3818822181288357,-1.1352844837713982,1.3761675815146044,-0.2408830977406594,1.0158171019038271,-0.7298184111923339,-0.2859986907242224
1.7274549098196392,0.2494447123798893,0.05112824143195422,651.2000759485418,0.167918829683041,-0.5757785925700706,0.13307614337437726,0.4427024491891788,-0.9997966389342346,-0.4332301547532829,1.4330267936878216,0.3162812880825089,0.7067743410894879,-1.0230556291787674
1.7314629258517034,0.24942786352827143,0.05110923645703397,652.7115529290714,0.16353513046496743,0.14398829337712563,-0.5791398513128475,0.43515155792928917,1.0158215048057995,-1.427994955627755,0.4121734508219702,-0.9780915809211859,0.8140234049041163,0.16406817601058304
1.7354709418837675,0.24834245313363382,0.05097483123911924,654.2213979107207,0.11955873932045626,0.424018610490351,-0.3034251944603997,-0.12059341603020383,1.1322982202932992,0.22052747692518643,-1.3528256972148842,-0.6297242975683228,-0.659028832006126,1.2887531295681791
1.7394789579158316,0.24829911699982893,0.050814281905048025,655.728097077703,0.0063810069525627195,0.142704276077958,0.2791279909937269,-0.4218322670779745,-0.8421337971331562,1.4645049330939715,-0.6223711359609502,1.1053167750525517,-1.1726841626567583,0.06736738759827127
1.7434869739478958,0.24834384035961415,0.050723212097642294,657.2358567587121,-0.07079199790253032,-0.39396226327264616,0.3410027014570212,0.05295956180991211,-1.2530267590494946,-0.038967880903353735,1.291994639952666,0.7822173594392218,0.5268981309535387,-1.3091154903987416
1.7474949899799597,0.24838024228013278,0.05067145476467588,658.7444778829645,-0.12016073714525193,-0.18908277342929505,-0.23654225869675422,0.42562503211989194,0.6919762015410627,-1.4688931916397336,0.7769169900987352,-1.0107086764733542,1.237232216928516,-0.22652354046142292
1.7515030060120238,0.24840956269245118,0.05064729380626488,660.2537542706143,-0.14927083454969023,0.36959676276488407,-0.3676758111565254,-0.0019209516141742294,1.3355858522722768,-0.13682277657964642,-1.1987630756925722,-0.9046602734635285,-0.37717537121444955,1.2818356446722572
1.755511022044088,0.2484336046390996,0.05064218991819012,661.7635260079277,-0.16384973928078836,0.23251052417663837,0.19188296914585645,-0.4243934933280087,-0.5320944840120645,1.452311609363051,-0.9202171253512936,0.9015780085778182,-1.2828203142594978,0.38124230567626516
1.759519038076152,0.24845373962942863,0.05064980488011353,663.2736696410054,-0.16821328457530058,-0.3409283082936914,0.38960841612922176,-0.04868010784093099,-1.3990811488020543,0.3105167260386771,1.0885644227628493,1.0132174405342362,0.22272134964339463,-1.235938790184434
1.7635270541082162,0.24847100181356246,0.05066548679677101,664.7840902300459,-0.16558891814219762,-0.2727093355669542,-0.1450767059368976,0.417786041500128,0.3647349935361883,-1.415055261578711,1.05032026804238,-0.7797826732188466,1.3095492665421888,-0.5297665933272167
1.7675350701402803,0.2492657547293045,0.05072020911415294,666.2946445166147,-0.16010353695172005,0.49176975950403246,-0.4161599184287526,-0.07560984107875933,1.5271770310277042,-0.48225257887533285,-1.0449244521522874,-0.9256574756831332,-0.13499215327381892,1.0606496289534886
1.7715430861723445,0.24961780912658552,0.050927008162517245,667.810121753843,-0.03812909233100088,0.2103348756174635,0.3814418591103466,-0.5917767347320563,-0.24073283578087457,1.3764271491951903,-1.1356943134072832,0.5962637999372322,-1.0467717229322022,0.4505079229923601
1.7755511022044086,0.24957342408508212,0.05103652712067557,669.3246650177674,0.0499058603358924,-0.5497287079012917,0.4855873469219085,0.06414136097670443,-1.461697510987461,0.5975756814680663,0.8641218295193098,0.8965793168091365,0.022297943893500954,-0.9188772607051375
1.7795591182364727,0.24953471144547762,0.051100387516007484,670.8382671778862,0.10720810107342764,-0.2759228305000351,-0.3251388222878757,0.6010616527853809,0.06633326210517826,-1.3047419647292933,1.2384087026241157,-0.4890923330153824,1.047272768580687,-0.5581804355677935
1.7835671342685369,0.2495035605977155,0.05113234301523771,672.3511509535073,0.14199708646285183,0.5176767799204571,-0.5252259475356634,0.007549167612892774,1.4696700086798393,-0.7534471951785412,-0.7162228135015783,-0.9541236468231545,0.10200216975189039,0.8521214770687563
1.787575150300601,0.24947803317126804,0.051142099853945244,673.8634913229844,0.16057285694824544,0.33819549724216863,0.26272698618540336,-0.6009224834297963,0.10925862382251997,1.2147813677564558,-1.3240399915789496,0.3755240670112008,-1.0347946169686024,0.6592705499551091
1.7915831663326651,0.24945664478620544,0.05113685614782017,675.3754233011674,0.16768603259294446,-0.47768879504151296,0.5571853395165774,-0.07949654447728063,-1.4566668313190605,0.8986397363057299,0.5580270950132434,0.9986265154078792,-0.22512017820801275,-0.7735063372019301
1.7955911823647293,0.2494382993069465,0.05112191653346283,676.8870507182979,0.16689399793803858,-0.39565857596309073,-0.19617483383092763,0.5918334097620054,-0.28335745182687666,-1.1074186628909035,1.3907761147111943,-0.2565433998801949,1.0078908296783393,-0.7513474298158658
1.7995991983967934,0.24942218444614514,0.05110113356886951,678.3984530478197,0.16083669882094098,0.43054368517133806,-0.5809962634024988,0.1504525782106255,1.4228604215450529,-1.0310494857548589,-0.39181093579020687,-1.029211476232617,0.3452690082820382,0.683942467930254
1.8036072144288575,0.24828250718401162,0.05090211296214817,679.9064795127202,0.07382165003104228,0.41457656836047707,-0.10397994376831386,-0.31059662460066734,0.4981186689133118,0.9462595695489988,-1.4443782384630743,0.052845394790743405,-1.1612459461299292,1.1084005513323034
1.8076152304609217,0.24831628418373472,0.05077537982802095,681.4135682164232,-0.02571142052830043,-0.09123601383439044,0.4082006070417922,-0.31696459318927517,-1.3500255865278132,1.1787062938207609,0.1713192927073345,1.3169410241189077,-0.6826641863160167,-0.6342768377845631
1.8116232464929858,0.24835813547715185,0.05070037943970051,682.9216709640524,-0.09168168114159657,-0.4220856371837927,0.15409066031203278,0.26799497688909685,-0.6613092707184914,-0.8061287035653862,1.467437974283862,0.10796364231067584,1.0831107119735248,-1.191074354266815
1.81563126252505,0.24839168564465985,0.05065989382188146,684.4305536699646,-0.13285042566388078,0.040331132873224096,-0.3876004974244205,0.34726936456781193,1.2705938842475295,-1.274949344779656,0.004355460532308397,-1.3041347681967013,0.8142607026727193,0.48987406554046187
1.819639278557114,0.24841888699526835,0.05064358338611379,685.9400281478213,-0.15604942011620404,0.425175940885726,-0.19968871807102984,-0.225487222798543,0.8132348770691357,0.6534351319828335,-1.4666700090519522,-0.2656698167733201,-0.9847578484363286,1.250427665225562
1.8236472945891782,0.2484413569434787,0.050643779983858085,687.4499489309337,-0.16644496830306948,0.01049159976264441,0.3625937888880564,-0.37308538863544516,-1.1731483936156817,1.3529530166661827,-0.1798046230504297,1.272147814068939,-0.9330295659509521,-0.339118248102608
1.8276553106212423,0.24846033261758407,0.05065481710190841,688.9602038538845,-0.16792019103433126,-0.42294832984484343,0.24245580919258017,0.1804925206439124,-0.9534657168648129,-0.49155669088077014,1.4450224077561584,0.41872637228200577,0.8724931573490458,-1.2912195296440923
1.8316633266533064,0.24847674624179134,0.05067255471118328,690.4707067696723,-0.1633703377865796,-0.060889973996069546,-0.33308103364653274,0.39397100763067405,1.0590443115545831,-1.4116369192879858,0.3525926077334974,-1.221806649066975,1.0377922921913063,0.18401435686361362
1.8356713426853706,0.2495788212692535,0.05081779362995218,691.983060966132,-0.11394992144716537,0.5683996530195214,-0.15983450023264598,-0.4085651527942219,1.0571389785661376,0.3716834213392568,-1.4288223999033418,-0.37395823367660996,-0.682402100225999,1.0563603338892995
1.8396793587174347,0.24960227949959035,0.05097372205253833,693.4983199603871,-0.0016957859723201367,-0.11743755836596963,0.568869827060462,-0.45143226870780734,-0.9677390065450111,1.4419821248474145,-0.47424311830228605,0.9609375874044349,-0.844633671526176,-0.11630391589150717
1.8436873747494988,0.24955821732289749,0.051064380257094644,695.0124897710448,0.07399961265852951,-0.5957332720967784,0.22652721487176963,0.36920605721198896,-1.1620647361008836,-0.19832684885003388,1.360391584950998,0.4763359780391767,0.5704942769963163,-1.0468302550484925
1.847695390781563,0.24952250731985356,0.051115226523510235,696.5258053873061,0.12220384006416178,0.04673106311192324,-0.5430749469793412,0.49634388385433653,0.8289316186692575,-1.4656019521275245,0.6366703334581126,-0.9035945674557541,0.911452108884423,-0.007857541441438465
1.851703406813627,0.24949362016719745,0.05113806809448753,698.0384720093949,0.1504094601697379,0.602226509847102,-0.2917701860672491,-0.3104563237913761,1.2611250951836002,0.023255678618971543,-1.2843807738021156,-0.5834232191142545,-0.46199415604997646,1.0454173751518205
1.8557114228456912,0.2494697591066272,0.05114160151403842,699.5506488350925,0.1643020750315185,0.025274299701633973,0.508791785662426,-0.5340660853757108,-0.6782802857047872,1.4684425397757415,-0.790162254070992,0.8339691032826071,-0.9661371067061888,0.13216800341205354
1.8597194388777554,0.2494495965074254,0.051132272637033696,701.0624585460117,0.16815834707134888,-0.5997256578786925,0.35295025621742393,0.24677540165531067,-1.342232285834363,0.15223143436242031,1.1900008514745697,0.6826155237525376,0.3469152544721555,-1.0295307782355287
1.8637274549098195,0.24943215304429778,0.05111481160485275,702.5739953542254,0.1651713557730959,-0.09713865590387563,-0.4668383841966419,0.5639770400913182,0.5178779671151125,-1.4502984725685282,0.9324205054534958,-0.7525925373164113,1.0074208708708419,-0.25482833356368023
1.8677354709418836,0.24856365873865255,0.05103575171538171,704.0852031159603,0.15447208094162201,0.4196759532741671,-0.42985105988815797,0.010175106605273189,1.3773674106130465,-0.3642635595351204,-1.013103851077771,-0.9761324869437061,-0.16938273072026344,1.1455152176552765
1.8717434869739478,0.2482875636403328,0.05084749988150192,705.5916867418373,0.03282455544760689,0.29008908004806233,0.12938979223515942,-0.41947887228739084,-0.302274408786895,1.3966230289746573,-1.0943486201856982,0.7360601665267228,-1.3128839085429311,0.5768237420095071
1.875751503006012,0.2483326868497712,0.050743070127778754,707.0991757655958,-0.053294614146978746,-0.297457477634083,0.41520543130117604,-0.11774795367310713,-1.4540316015050754,0.5402977138876612,0.9137338876172653,1.1350048331586677,0.011607471935957403,-1.1466123051005368
1.879759519038076,0.24837132775877596,0.05068215320368809,708.607589509875,-0.10925361410002345,-0.32404908450735087,-0.07848376148749399,0.40253284598881733,0.1281680913952095,-1.3320861030422042,1.2039180116472936,-0.5986296698045057,1.3156809559769334,-0.7170512861782489
1.8837675350701402,0.2484023366333966,0.05065157364110004,710.1167085941478,-0.1431369511216899,0.25731069568668075,-0.4225403918828409,0.165229696189819,1.469078898369242,-0.6996147413125767,-0.7694641570573845,-1.2077081771741789,0.14782063110996368,1.0598875460585981
1.8877755511022043,0.24842763588751082,0.050642089117746175,711.6263616988684,-0.16111604067094032,0.3535419079787371,0.027796866536601073,-0.3813387745207568,0.04761731411771905,1.2481751333662456,-1.2957924474840692,0.4528011662545301,-1.2979187285556468,0.845117562295852
1.8917835671342684,0.24844869881938406,0.05064682908794636,713.1364165249511,-0.16784763426052385,-0.21444398202166934,0.42468107373779274,-0.21023709172023536,-1.463207480024897,0.8488315284309443,0.6143759515942504,1.262277063035055,-0.3041870854500942,-0.9580899775902006
1.8957915831663326,0.24846664184560338,0.05066073599319853,714.6467712099227,-0.1668219242284399,-0.37837691632476156,0.022885148263939073,0.35549176805587696,-0.2226035777087926,-1.1465464108901846,1.369149988599029,-0.30102226540080235,1.261316193672377,-0.9602939282763803
1.8997995991983967,0.24848228439876494,0.05068011802031934,716.1573475881522,-0.16063386873301444,0.16902676206361997,-0.4213217711950503,0.2522950091268864,1.43650785106655,-0.9858882724376393,-0.4506195786284773,-1.2983702446923595,0.4556000135263835,0.8427702311615198
1.9038076152304608,0.24962231132713067,0.050886747520051574,717.6715319044645,-0.06809939219027157,0.4131121313001872,0.1684618102031831,-0.5815739415072975,0.34760014321225974,1.0652693468966405,-1.4128694901087175,0.20954016152478205,-0.998876186151179,0.7893360246217836
1.907815631262525,0.2495852825955004,0.05101251200450304,719.1863702906502,0.029797772443777425,-0.41012460791441396,0.5855016694365553,-0.17537706152660032,-1.4049796750648866,1.0762817045778763,0.3286979704869003,1.038015758687562,-0.39068422761622584,-0.6473315310756382
1.911823647294589,0.249544227193941,0.05108694083959017,720.7002000604163,0.09441938734024453,-0.4634101524210861,-0.10052292821358585,0.5639330806304104,-0.5147334408226532,-0.934886933129434,1.449620373952065,-0.08635500527746007,0.9477800085274884,-0.8614250032542895
1.9158316633266532,0.24951126258344042,0.05112634266640992,722.2132566737065,0.13452967316339076,0.3555422113479315,-0.5985453409052764,0.2430031295537503,1.3435309179489119,-1.187968531716431,-0.15556238623206176,-1.0475815948812965,0.5028534048631015,0.5447281900137545
1.9198396793587174,0.2494843975999734,0.05114123156242511,723.7257274761953,0.1569128310238038,0.5065586277445222,0.02908745747135924,-0.5356460852198957,0.6752719622564902,0.7930020651347528,-1.4682740273911465,-0.03814391132244069,-0.8876689702600219,0.9258128815781903
1.9238476953907815,0.24946202488243485,0.051139404004602394,725.2377572045566,0.16669461311566447,-0.2952812563999484,0.6026497537832636,-0.3073684973872095,-1.2628901966704542,1.2827714496994216,-0.01988125302882443,1.0428064070191292,-0.6083385351002293,-0.4344678719229343
1.9278557114228456,0.24944295658549992,0.051126622529421385,726.7494572752122,0.16772106900090306,-0.542319517499293,0.043068348165471865,0.4992511693304164,-0.8262252134622703,-0.6397219100099345,1.4659471234722232,0.16232071212817803,0.8151271912769941,-0.9774479034085242
1.9318637274549098,0.24942631752326355,0.051107096991815225,728.2609131281871,0.16285490579319928,0.2304738991421136,-0.5978370622389136,0.3673631630935762,1.164172375644125,-1.3592729517212907,0.19510057607737988,-1.0234313264949948,0.7054699346232515,0.3179613918684122
1.9358717434869739,0.2483115483283463,0.05094935620139333,729.7702640665533,0.10702384718795016,0.43613474553721465,-0.2592481246075612,-0.17688662092582985,0.9980247511262998,0.42525571453134114,-1.4232804656554736,-0.4597176428602535,-0.8228075358297944,1.2825251786878629
1.939879759519038,0.24830379524080146,0.05080297903367534,731.2770509315432,-0.0028412441866731333,0.08023089318710198,0.3247594708526339,-0.40499036404128647,-1.01387630874786,1.4286831433706482,-0.4148068346229216,1.2005257120324788,-1.0693078253215023,-0.13121788671250492
1.9438877755511021,0.24834786970238615,0.05071650614519694,732.7849075826366,-0.07683333957399492,-0.4143831901377979,0.2981927643561848,0.11619042578002595,-1.1230769250996218,-0.2596841762334659,1.3827611013329943,0.613863967613755,0.7025416917975013,-1.3164056594127729
1.9478957915831663,0.24838344351678135,0.050667961116287914,734.2936027091106,-0.12386971969751985,-0.12933792834316435,-0.2872350056781472,0.41657293402058565,0.8792626460160069,-1.4595426742801105,0.5802800282642862,-1.1263742905584109,1.1550638238363444,-0.028689533279852242
1.9519038076152302,0.24841216317226614,0.05064604802031915,735.8029351756994,-0.15129526016522782,0.3971341288848094,-0.33114550685620037,-0.06598862203093864,1.2280900325761601,0.08498115327441874,-1.313071185850831,-0.750259086858871,-0.5628352211913779,1.313094308048386
1.9559118236472943,0.24843575901389472,0.050642468586989856,737.3127491395344,-0.16467902946226973,0.17626706546000576,0.24678843411939647,-0.42305549958156313,-0.7322224143090981,1.4695082185685888,-0.7372858042594045,1.0359045029372298,-1.2230331485484185,0.1871286456094764
1.9599198396793585,0.24845556527408466,0.05065107442342141,738.8229243335304,-0.16821455125775844,-0.3751316740540457,0.3597433145502078,0.015388359493991477,-1.315540542542719,0.09079108235513772,1.224749460182685,0.8749618670253112,0.4156098321385351,-1.2905716991661538
1.9639278557114226,0.24847258661843397,0.050667358359108974,740.3333682997672,-0.16503535427067823,-0.2206605990750758,-0.20345301149271636,0.4241136105637679,0.5748422223360333,-1.45853526293083,0.8836930405954071,-0.9307366802399236,1.2729363969080778,-0.3421997166721813
1.9679358717434867,0.2493976943528534,0.05076350134555018,741.844451304685,-0.14644360820621297,0.5325510696929676,-0.36016516016404965,-0.17238590951625524,1.380760243547125,-0.20971250052085255,-1.1710477430208848,-0.77815519848037,-0.30193393271365043,1.0800891311918313
1.9719438877755509,0.2496141892954242,0.050940622702974295,743.3598476377806,-0.027705516456992825,0.12309097573375609,0.4472910182204051,-0.5703819939550615,-0.45650286122358735,1.4386418321541017,-0.9821389709268759,0.7194028176254226,-1.0216586460537425,0.30225582842151044
1.975951903807615,0.24956917125347272,0.05104468168960568,744.8742866215225,0.056858993215197176,-0.5801578030694384,0.426742597806971,0.1534152052568643,-1.4218768990741706,0.3886329442683872,1.0332439548055559,0.8045012185742133,0.1798621558496226,-0.9843633744292914
1.9799599198396791,0.24953128969309576,0.05110482515857709,746.387807936641,0.11157955222741021,-0.1922962414119123,-0.3977139506597186,0.5900101920661152,0.28659883257126595,-1.3917504422906999,1.1051516097193685,-0.6230598715660772,1.041324520602759,-0.4182646490421424
1.9839679358717432,0.24950077699617243,0.05113417806743186,747.9006303496955,0.14449549766770306,0.5581443968358316,-0.474949670049448,-0.08319472679124854,1.4561603366281248,-0.5548889830800532,-0.9012713535477678,-0.8780453261557224,-0.056158486337174685,0.9342038124876987
1.9879759519038074,0.24947572167677945,0.051142148785795885,749.4129244799965,0.1617357644526258,0.25929983678678936,0.3413893312665398,-0.6006891680578641,-0.11263113834477345,1.325508697017868,-1.2128775586730383,0.5184879700706309,-1.0476684345531884,0.529180464477897
1.9919839679358715,0.2494546806357486,0.05113572518474984,750.9248218520531,0.16791689162876688,-0.5276254342440319,0.5162698677986692,0.01135556644095273,-1.4696774919470394,0.7133110360174302,0.7563664559310019,0.9395951950598652,-0.06853459132794343,-0.8710606037368667
1.9959919839679356,0.24943659050917513,0.05112004950388565,752.4364235892925,0.16649354113334816,-0.32268627362871327,-0.2797859770247598,0.6024722506556748,-0.06301778417920223,-1.2403025894302169,1.3033203736108643,-0.4065223834936582,1.039426272538618,-0.6329038890387813
2.0,0.24942067818948105,0.05109886213758894,753.9478070854394,0.16002765328389199,0.48922535496884123,-0.5500591718976471,0.06083381693394038,1.4622006414142943,-0.8615921232946917,-0.6006085181194503,-0.9880588090408324,0.19244640327046403,0.7956124057753289
