time,angle_pc,w_pc,p_pc,q_pc,gamma,i_vsc_a,i_vsc_b,i_vsc_c,v_sh_a,v_sh_b,v_sh_c,i_bus_a,i_bus_b,i_bus_c
0.0,-0.25151620243973105,1.0,-0.779053510193842,0.4140397522193017,0.9780912761534529,-0.6894201499318016,1.2954447509649918,-0.6060246010331907,1.463278055998642,-0.9890758971423669,-0.4742021588562745,-1.1330104469298101,0.2757476170831681,0.8572628298466415
0.004008016032064128,1.2594702450972501,0.9999999990622965,-0.7790574896345411,0.4140465854325496,0.9780912580624194,-1.1370903325903805,0.02936430531373481,1.1077260272323723,0.38419938112471164,1.0575047710218797,-1.4417041521512084,0.2674242019762956,-1.1305713421213848,0.8631471401455725
0.008016032064128256,2.770456693993111,1.0000000028712157,-0.7790607135353228,0.4140410192245477,0.9780912444345825,0.5535220133592392,-1.291965115156841,0.7384431017633072,-1.4173753068192545,1.115517471855803,0.301857834972807,1.1649959982943943,-0.41091069049493645,-0.754085307792845
0.012024048096192383,4.281443148055121,1.0000000066721846,-0.7790588530866216,0.4140400218667788,0.9780911971553079,1.2032645455821227,-0.1837855134553213,-1.0194790320882667,-0.5536487764490752,-0.924140773461915,1.4777895499337252,-0.12814328352595206,1.0814325041825046,-0.9532892206678484
0.01603206412825651,5.792429600177236,1.0000000004755443,-0.7790557288931113,0.41404313559235384,0.9780912132495674,-0.4096695287842596,1.269998354270615,-0.8603288254278754,1.351180766271223,-1.225987490634036,-0.1251932756341788,-1.1803117922373554,0.5401880462390872,0.6401237459767865
0.02004008016032064,7.303416044102254,0.9999999965698281,-0.7790604452074571,0.4140436453329112,0.9780911935161423,-1.252227039195618,0.3356212466847164,0.9166057925673895,0.7151789541582783,0.7775796073745207,-1.4927585615405212,-0.012960335213675067,-1.0168580494804527,1.02981838468641
0.024048096192384766,8.814402488163976,1.0000000005232508,-0.779051247666852,0.4140336928563866,0.9780912396868725,0.25992896383824166,-1.229793518131482,0.9698645543248445,-1.2656472512572874,1.3189212688832193,-0.053274017640273175,1.178734042154122,-0.6617461135923988,-0.5169879285611021
0.028056112224448895,10.325388934520248,1.0000000006826542,-0.7790477007099409,0.4140365530073806,0.978091229680603,1.2832504690480862,-0.4826726785116644,-0.800577790658789,-0.8664638895541292,-0.6198789737818197,1.4863428633504647,0.15388062632490979,0.9377248521861288,-1.0916054783826157
0.03206412825651302,11.83637538047714,0.9999999981788613,-0.7790481212699174,0.4140397383490166,0.9780912258702112,-0.10648832519691859,1.1720858607351679,-1.0655975349407054,1.1620662805111126,-1.3930203856959482,0.2309541053260798,-1.160348151959149,0.7738495492263509,0.38649860296616073
0.03607214428857715,13.347361823747226,0.9999999966138461,-0.7790623188404066,0.41404538967968574,0.9780911295366528,-1.2960678017665814,0.6227816066337699,0.6732861958947398,1.0054182160205218,0.45335775379674637,-1.4587759698197096,-0.2925919286365257,-0.8452295324106954,1.1378214611244626
0.04008016032064128,14.858348265638652,0.9999999963351153,-0.7790557968795389,0.4140444074902309,0.9780911433289788,-0.04838683967401455,-1.0977299987868885,1.1461168392807644,-1.0418868574689135,1.4472453737315654,-0.40535851632486464,1.125382491348857,-0.8748980849599388,-0.2504844062875735
0.044088176352705406,16.369334707010236,0.9999999976066392,-0.7790585215610875,0.41404026629958207,0.978091159378865,1.2902392295619223,-0.7540146133740028,-0.5362246156888001,-1.1299624646365485,-0.2803431099203968,1.41030557461841,0.4271412476997747,0.7406315237705362,-1.1677727710735357
0.04809619238476953,17.8803211530322,1.0000000007448018,-0.7790495841149867,0.4140336978360412,0.9780912057958844,0.2026679324978803,1.0074759107228888,-1.2101438426443945,0.9067961056090371,-1.4807371321597154,0.5739410263824001,-1.074299549208882,0.9634399493664583,0.11085960037727766
0.052104208416833664,19.391307599326613,0.9999999979723107,-0.7790487017682834,0.4140408640280003,0.9780911662544899,-1.26597938125751,0.8744738092919839,0.3915055724456926,1.2383552044830195,0.10331567051168011,-1.341670874928094,-0.5555617857867909,-0.62545209192873,1.181013878321379
0.05611222444889779,20.902294042058,0.9999999962318197,-0.7790465392317815,0.4140388537409787,0.9780911921829005,-0.3540313290130864,-0.9029396393806333,1.2569709689775888,-0.7587439218692631,1.4930898152129184,-0.7343458932183892,1.0078937900660023,-1.0382105192278372,0.0303167294296664
0.06012024048096192,22.413280484774358,0.9999999977107535,-0.7790467911173998,0.4140345005414735,0.9780911807836407,1.2236217337717756,-0.9824091102719787,-0.24121262317106906,-1.3290607345530139,0.07518435770622972,1.2538763767976842,0.6760636492143577,0.5013293853045379,-1.177393034426912
0.06412825651302605,23.924266927989027,0.9999999992883135,-0.7790587680431204,0.4140394144503493,0.9780910851352722,0.5002577336644984,0.7856014602776327,-1.285859193518436,0.5998644094416472,-1.4841190550504806,0.8842546455173732,-0.9270646490015444,1.0981375578909962,-0.17107290880831413
0.06813627254509018,25.435253370249594,0.9999999981167302,-0.7790569617677647,0.4140440448170596,0.9780910672488428,-1.1639254135748616,1.0763516091063732,0.08757380266514439,1.4007818733962747,-0.25260407913005123,-1.1481777938639413,-0.7868829881071054,-0.3700576249144928,1.1569406125178698
0.0721442885771543,26.94623981430301,0.9999999995764748,-0.779048073959496,0.4140393750454247,0.9780911406538524,-0.6394512897493759,-0.6568306450831964,1.2962819349791856,-0.4324046998573779,1.4539040225803506,-1.0214993222930726,0.8330013127023438,-1.142386712648766,0.30938539809207893
0.07615230460921843,28.457226261269803,0.9999999976874696,-0.7790475150039324,0.4140386012904548,0.9780911621447888,1.087366524937155,-1.1548429663121886,0.06747644210685078,-1.4524769692488813,0.42642100606022965,1.026055962569146,0.8864764959457019,0.23348350071742285,-1.1199599972416407
0.08016032064128256,29.968212705471345,0.999999998081806,-0.7790473970726738,0.41403411029529924,0.9780911417234315,0.7694282523090916,0.518764684024028,-1.2881929371540242,0.2587552586784102,-1.4029291490799851,1.144173890475273,-0.7270193187676008,1.1702989896300562,-0.4432796678324613
0.08416833667334668,31.47919914887342,0.9999999985505653,-0.7790473631242616,0.4140349843486395,0.9780911176731346,-0.9954037709838666,1.2168579854218091,-0.2214542147057696,1.4834060794746278,-0.594136894086913,-0.8892691840438065,-0.9733906036518181,-0.09357047339562413,1.0669610775699434
0.08817635270541081,32.9901855922892,0.9999999978576185,-0.7790586873230916,0.41403994475551514,0.9780910631044617,-0.888415729755875,-0.3733540531161872,1.2617697833756623,-0.08142705609525994,1.33190894161891,-1.2504818842902055,0.6106484091534591,-1.1814754769154672,0.5708270674980918
0.09218436873747494,34.50117203489023,0.9999999983269863,-0.7790595971727234,0.41404296597985873,0.9780910302054191,0.8892814393174844,-1.2615334805253662,0.3722520432523307,-1.493145424152794,0.7533661771101559,0.739779247611032,1.0463777814504414,-0.047665014512592724,-0.9987127672164822
0.09619238476953906,36.012158479321464,0.9999999984086535,-0.7790517812832892,0.4140396644975716,0.9780910908249638,0.994750366539452,0.22249307400251572,-1.2172434397219265,-0.09708555720203671,-1.2418451722836965,1.3389307291513748,-0.48556524284965313,1.1757915881097711,-0.6902263477171309
0.1002004008016032,37.52314471703573,1.0000057711700177,-0.7790448958619368,0.4140352099950102,0.978091123473119,-0.7702455511521089,1.2880796222211486,-0.5178340717118777,1.481535449564153,-0.9018282199822341,-0.5797072301593801,-1.1044468089886086,0.18823632105855304,0.916210486805203
0.10420841683366733,39.03441420827984,1.0003533074413666,-0.7790398717553166,0.41384068423534875,0.9780905851073407,-1.0876538415606518,-0.06796432859111917,1.1556181689907326,0.2739390969872415,1.1342510073494059,-1.4081901042784,0.35322640721552145,-1.1529118551563546,0.7996854462543037
0.10821643286573146,40.54614204528505,1.0006152195898168,-0.7781672525994686,0.4123583071952856,0.978088850326794,0.6383772950463384,-1.2976076024053012,0.6592303071964094,-1.4491152932974978,1.0367172299690541,0.41239806298672976,1.1440058294859652,-0.326142289460691,-0.8178635425509524
0.11222444889779558,42.058210828530406,1.000806610471212,-0.7754168965772784,0.4103793023561478,0.9780859765006087,1.1669246455674498,-0.09353985509819132,-1.0733847914643175,-0.44530665943504993,-1.0117503404072328,1.4570569991298536,-0.21471725711616757,1.1066021092968874,-0.8918848534900996
0.11623246492985971,43.57052276241337,1.0009390733193615,-0.7715513727666133,0.4090530466033505,0.9780821977075167,-0.4904638826446546,1.2827051580106887,-0.7922412772500944,1.396782464873273,-1.155985804597764,-0.24079666118266535,-1.158900323540615,0.45221611409660134,0.7066842081341331
0.12024048096192384,45.08299842689806,1.0010255327583986,-0.7677360581322635,0.4080301622698707,0.9780772497272653,-1.22410034787135,0.25350265632403945,0.9705976914012593,0.6095007925958937,0.8759941967597884,-1.4854949892832325,0.07940223284766801,-1.0445556243068832,0.965153392383346
0.12424849699398796,46.59557758570554,1.0010776563155606,-0.7638904747485251,0.4065601053037165,0.9780712119889803,0.33573523519281023,-1.2467198108114848,0.9109845760405888,-1.3253851710643616,1.2588792229134442,0.06650594819596634,1.1573067399762271,-0.5684596894782061,-0.5888470497186336
0.1282565130260521,48.108214377421554,1.0011027168929905,-0.7595253104488638,0.4048734587018893,0.9780640010848922,1.2621773967311543,-0.4095700161425261,-0.8526073764786779,-0.7648879984661376,-0.7285264932174136,1.4934144916964138,0.054872391354064576,0.9681765678334725,-1.023048958804722
0.13226452905811623,49.62087168829728,1.0011056340396427,-0.754841754310089,0.403498418290349,0.9780558836119538,-0.1751820909860686,1.1900102828710701,-1.0148281897683724,1.2358967641972474,-1.3443115030075443,0.10841473769205218,-1.1382529536271662,0.6730381365031844,0.4652148174572313
0.13627254509018036,51.13320098222726,1.000548730100122,-0.7503476974207407,0.40247050972483056,0.9780472031336224,-1.2779253880992882,0.5564701520359807,0.7214552365764518,0.909874355485246,0.5708576046798374,-1.4807319613186307,-0.18394202275548524,-0.8813339040415035,1.0652759268239722
0.1402805611222445,52.644551049679364,0.999957966730911,-0.7470976666747612,0.4034720269913677,0.978040234240484,0.018243686973991313,-1.114979797023818,1.0967361095357469,-1.128200041381781,1.411699239495218,-0.2834991982849938,1.109827613779764,-0.7684131015496054,-0.3414145118417466
0.1442885771543086,54.15511680221752,0.9995064724545755,-0.7473781706518231,0.4060792780163724,0.9780344883343789,1.27378707150601,-0.6839123711871893,-0.5898746988546106,-1.0446816183742282,-0.4019701876724884,1.44665180524552,0.3113561097266052,0.7941752243774308,-1.1055313370516964
0.14829659318637273,55.66509175753648,0.9991724620912149,-0.7506000837656124,0.4079433232569285,0.9780296715382358,0.1259651676295448,1.0369892279106194,-1.1629543905763173,1.0021024321862562,-1.4599732996784898,0.4578708677036463,-1.080766817351885,0.8689497685266342,0.21181704442992214
0.15230460921843686,57.17463649546349,0.9989329461903936,-0.7543728072000804,0.40896236337840425,0.9780264357921535,-1.2631097867995518,0.8034968000039437,0.4596129866419458,1.1660932825841788,0.22485343193166113,-1.3909467180383095,-0.44752097102429,-0.6941455323487307,1.1416664982448523
0.156312625250501,58.68387597931752,0.9987650777767746,-0.7581942019677044,0.4105783384197221,0.9780250269597768,-0.2699521302975324,-0.9487788466699509,1.2187309758696252,-0.8599203123387336,1.4872167979844677,-0.6272964874970263,1.0357810580864273,-0.9632810026739016,-0.07250005940384875
0.16032064128256512,60.192905632991774,0.9986532928609605,-0.763044543399874,0.41291562626567535,0.9780251806392827,1.236652304810816,-0.9122352524203138,-0.324417058451901,-1.2710736547624828,-0.04303678210291757,1.3141104333642977,0.5809597913078345,0.5831730121979724,-1.1641328070170793
0.16432865731462926,61.701802556551826,0.9985879220919389,-0.7689227063459803,0.4149684397699109,0.9780266837686976,0.4082512804751577,0.8519094518693423,-1.260160738710863,0.7041476259027434,-1.492305682773358,0.78815805524794,-0.9773831058220579,1.0495592400341553,-0.07217613482373073
0.16833667334669336,63.21073361191542,0.998879885519694,-0.7748232672881123,0.4165060028189496,0.978029695176882,-1.1984197561774739,1.0126005424720192,0.18581920501183938,1.357262494794977,-0.13989671202255607,-1.217365784324967,-0.7126484673581559,-0.45851623033832106,1.171164696831593
0.1723446893787575,64.7205141983164,0.999498614634132,-0.7800488837985642,0.41685691977294387,0.9780320574009965,-0.5478948879614176,-0.7425370769318073,1.290431956550004,-0.5386621152453464,1.4752957668162157,-0.936633651451103,0.8979470212532847,-1.1197427019123043,0.22179568037557945
0.17635270541082163,66.23112229985473,0.9999797344222866,-0.7824727382868645,0.4150707065054774,0.9780338108063843,1.1416148908792931,-1.1078897340828333,-0.03372516262428411,-1.4224489087934153,0.31802298097398507,1.1044259292281788,0.8298305491830398,0.3192432724928121,-1.1490738227033899
0.18036072144288576,67.7423675909851,1.0003451556101082,-0.7815415967921047,0.41326027326423415,0.9780349278422776,0.6900279762176312,0.6085767376940756,-1.2986047133175087,0.36842815628193404,-1.437370584679717,1.0689424293552339,-0.794223981979725,1.1569304554260058,-0.36270647858257193
0.1843687374749499,69.25409003996198,1.0006149744654158,-0.7793606854293154,0.41252043288324786,0.9780349053521136,-1.0555661858030587,1.1822047984216015,-0.12663860688878392,1.4663419307462915,-0.4888754892815904,-0.977466441813212,-0.9200348329777494,-0.18038550611996695,1.1004203352851718
0.18837675350701402,70.76616190040106,1.0008111092536933,-0.7771606819423384,0.4116412243187729,0.9780336331855471,-0.8187715223841912,-0.46212347932342646,1.2808950044936454,-0.19511609511789063,1.3796584983964177,-1.1845424048123525,0.6820174541952042,-1.171676014860024,0.4896585582946933
0.19238476953907813,72.27848562897884,1.0009504928678457,-0.7742049308948528,0.409885434949711,0.9780311690944614,0.9522376468821627,-1.237978002991881,0.2857403550400169,-1.4894259121219524,0.6514422096674435,0.8379837005843296,0.993413370369497,0.04157024374380236,-1.0349836142822406
0.19639278557114226,73.79098365918139,1.0010431823139518,-0.7700562266174826,0.40805554060880844,0.9780276113430412,0.9366576207477046,0.3051250623921708,-1.2417826859362329,0.020104977143783148,-1.3032866920941073,1.2831817129445053,-0.5598002893204919,1.1652691005941673,-0.6054688121880887
0.2004008016032064,75.30358982176924,1.0010478942928296,-0.765497753143498,0.40676636960123386,0.9780229434298849,-0.8304807137743596,1.271547532202881,-0.4410668232547729,1.4919604956423933,-0.8043756807408105,-0.6875848160806514,-1.0472043016735075,0.09266656699412415,0.9545377339621834
0.20440881763527052,76.81563893977659,1.0003867083692006,-0.7612261441708678,0.4060430309718974,0.9780182203132816,-1.0350075402383418,-0.14536719049339042,1.1803747267190308,0.1552680736864101,1.2087044322615863,-1.3639725044837288,0.43508515765822836,-1.1435199462818637,0.7084347869767975
0.20841683366733466,78.32680624699952,0.9998749688732308,-0.7588216812532449,0.40761800874495135,0.9780147340365909,0.700879920944674,-1.2816239193065804,0.5807439981467133,-1.473408664728522,0.9475904459056752,0.525818219863134,1.0915864893235832,-0.22216985522192645,-0.8694166374114493
0.2124248496993988,79.8372958916547,0.9994863397854497,-0.7598948977766439,0.41001811076897704,0.9780124335203492,1.1126045221643337,-0.003611030907305815,-1.1089934886480215,-0.3316783653710875,-1.095128912961766,1.4268072789932564,-0.3098540507633033,1.120789734084807,-0.8109356868202297
0.21643286573146292,81.34727902428573,0.9992010781183457,-0.7630380896109487,0.4113345335542341,0.9780112222182226,-0.574519289386208,1.2819636230907898,-0.7074443330802273,1.4332235397814124,-1.0796151725787022,-0.3536083673867522,-1.136752500773612,0.3588852161357996,0.7778672837401581
0.22044088176352702,82.85689537835198,0.9989971227358896,-0.766320279623763,0.4122616859324063,0.9780112514473772,-1.1812331755028245,0.15026026277507845,1.0309729173076563,0.5054286377165109,0.9640866120414008,-1.4695152497591855,0.1721893747661321,-1.0854374866684557,0.9132481112924163
0.22444889779559116,84.36625211229239,0.998854758151435,-0.7699014921852145,0.41402792245660014,0.9780128656130058,0.44141351733077805,-1.268145252998243,0.8267317395127005,-1.3715669325605238,1.1968065044744156,0.17476042843376044,1.1680611257151516,-0.495711779648378,-0.6723493448523326
0.2284569138276553,85.87543215162496,0.9987617047873499,-0.7746091160863888,0.4162105579018565,0.9780159323830171,1.234481363354637,-0.2932822360461971,-0.941199118096556,-0.672737797687655,-0.8179555245256931,1.490693322531483,-0.030015542058580133,1.036439827459305,-1.0064242842674926
0.23246492985971942,87.38450350203343,0.9987094602446378,-0.7800208164245604,0.41790661735969026,0.9780202816615706,-0.305363816266425,1.2410820456077616,-0.9357182235914117,1.2891789552127173,-1.296684052417013,0.007505095155487362,-1.1865001051018484,0.6314223882947154,0.5550777172532028
0.23647294589178355,88.89388221937241,0.9992640116918685,-0.7852702025144791,0.41912632415508877,0.9780255046800072,-1.2761936161908194,0.43532403891365673,0.8408695804533658,0.8301805191220044,0.6594769242871049,-1.4896574454347902,-0.11907841144161752,-0.9693425393394066,1.0884209501542499
0.24048096192384769,90.40419682880082,0.9998232376685492,-0.7891842072258849,0.4183270435374242,0.9780294745106909,0.15879965826339987,-1.19877244779323,1.0399727900347324,-1.1885416995388864,1.3766906561755397,-0.18814895807259807,1.1810070234429473,-0.7590514492743736,-0.4219555732385756
0.2444889779559118,91.91525608954503,1.0002533725399592,-0.7896890300163711,0.4161166300165103,0.9780325716546575,1.3021427328148223,-0.5830604024435305,-0.7190823302414205,-0.972870861853723,-0.49436022837639654,1.467231088730081,0.2667570111925268,0.8753974127160467,-1.142154424399971
0.24849699398797592,93.42688041410443,1.000574461003451,-0.7875143513531363,0.41467204506586397,0.9780348653141862,0.002731300302302536,1.1276068458994133,-1.1303381527031926,1.0729019257362935,-1.4357576308161573,0.3628557042083327,-1.1434434592703342,0.8610579748469233,0.28238548445324846
0.25250501002004005,94.93892092323276,1.0008080512403659,-0.7848454875605115,0.41393150068215534,0.9780359623924302,-1.2993654240992463,0.7216338970001047,0.577731521435688,1.099949236801954,0.32448029763085234,-1.424429534080127,-0.3990368951402925,-0.7691730446495577,1.1682099399053987
0.2565130260521042,96.45126189428204,1.0009751932343802,-0.7820508559670211,0.41254657703576714,0.9780355618459557,-0.1637582178829448,-1.0358181984993218,1.1995764132693618,-0.9433618722418988,1.4740712102044646,-0.5307093373343886,1.0889176424869256,-0.944924546949638,-0.14399309410092875
0.2605210420841683,97.96381452340461,1.00108993011112,-0.7781969974715053,0.41051112868225137,0.978033755904465,1.2759877642663644,-0.8500676276411336,-0.425920142541499,-1.2108500333139787,-0.15140732152136266,1.3622573573020604,0.5225452188177799,0.6518119381149774,-1.174357156519841
0.26452905811623245,99.47650655995028,1.0011610965936009,-0.7733675619932252,0.4087977739344235,0.9780308094443846,0.3246770454738626,0.9245918806105397,-1.249268923476629,0.801566496158854,-1.4919700554411668,0.6904035630275933,-1.0165744597175865,1.0096004091984492,0.006974044767707854
0.2685370741482966,100.98915072192335,1.0008441261805254,-0.7685105289389763,0.4075519121068947,0.9780266800615532,-1.2290228243162011,0.962576100179922,0.26644672905687966,1.304777089565356,-0.023237850468205146,-1.2815392377091541,-0.6325018559603752,-0.5293775870979048,1.1618794366506313
0.2725450901803607,102.50093955151345,1.0002431779009529,-0.7643350230280815,0.4075786251666839,0.9780235610580847,-0.4746599160173338,-0.8000469905908023,1.2747069114516763,-0.647938300747827,1.489199696361422,-0.8412613961261033,0.9359239626747035,-1.0605867101885629,0.1246627416023931
0.27655310621242485,104.01192723634605,0.9997792418182948,-0.7630015386286844,0.40966881503951014,0.9780213103157849,1.1654457395048758,-1.052067063513259,-0.11337867429783818,-1.381726050305815,0.20037467755499583,1.1813513705925174,0.7373095074567085,0.4073875611218615,-1.1446970721866434
0.280561122244489,105.5223033319003,0.9994304880120624,-0.764928871168537,0.41166109237362586,0.9780198991112896,0.6074442735095595,0.6775876754916111,-1.285031950808354,0.48216530659805545,-1.4649970340863712,0.9828317254536281,-0.8533649267139498,1.1129041481182531,-0.2595392235701086
0.28456913827655306,107.03222683386,0.9991764600719247,-0.7679636360401386,0.4125984126532362,0.9780197816147334,-1.0979051627235963,1.1314061060376763,-0.03350094607545867,1.4398085113305306,-0.3772262118070877,-1.0625823014122355,-0.8463074274494825,-0.2748509677131815,1.1211583954608373
0.2885771543086172,108.541824011842,0.9989951077597258,-0.7709658617748717,0.4137193634276925,0.9780211976952999,-0.7351325207569449,-0.5491645763069748,1.2842970930568485,-0.3074130819595976,1.4190793034208655,-1.1116662205420296,0.7556906817062815,-1.155031648181583,0.3993409696173267
0.2925851703406813,110.05119101792361,0.998869694319186,-0.7747165768290835,0.41569427817896404,0.9780238803327415,1.0167788348341715,-1.1963300526057503,0.17955120931803312,-1.477062946034763,0.5499186261953413,0.9271443211686322,0.9467888778302269,0.13560353802050548,-1.0823924150937518
0.29659318637274545,111.56040428154365,0.9987902386043098,-0.7796008100757176,0.4176955751236632,0.978027822855187,0.8517067906652602,0.4168144114005523,-1.268521205725216,0.12721296000984633,-1.351845809466617,1.2246328521617738,-0.6472142949028161,1.1849414057343834,-0.5377271111891142
0.3006012024048096,113.06953402333788,0.9988370161665016,-0.7847979268195627,0.4191516110858839,0.9780331120521436,-0.9260461433298854,1.248951605284105,-0.3229054606405707,1.4924668474827956,-0.7150225241098864,-0.7774443212508786,-1.0391975701004725,0.011052633805196221,1.0281449343658837
0.3046092184368737,114.57928512263884,0.9995001182409256,-0.7896339212685534,0.4199596867683047,0.9780385008691482,-0.9626579374544033,-0.27670647749009386,1.2393644183689292,0.05464094566047756,1.2647306192493752,-1.3193715643618373,0.5233510035332696,-1.19623800292585,0.6728869967224
0.30861723446893785,116.0899219816136,1.0000149920811496,-0.7924382750440191,0.4184378285652318,0.9780428007494174,0.8181142231145719,-1.2897598426916432,0.4716456226354455,-1.4859824785652833,0.8678430399592657,0.6181394378972223,1.111007869414737,-0.1617654030594876,-0.9492424698297498
0.312625250501002,117.60124166070605,1.0004072576142617,-0.791722358608557,0.4161900833865268,0.978046040986311,1.0667450005215637,0.119247722730847,-1.1859927299018302,-0.23237214790008515,-1.1610430397405405,1.393415185490639,-0.38516946298572463,1.1743247086712763,-0.7891552496019909
0.3166332665330661,119.1130737122182,1.0006966802507498,-0.7890313650340275,0.4150426634195136,0.9780482281049728,-0.6850480813714865,1.3040398083264497,-0.618991737364823,1.4585684086041426,-1.0057326973401182,-0.45283571146454293,-1.1503322302683878,0.30057011002991724,0.8497621201239136
0.32064128256513025,120.62527932068492,1.0009054349947448,-0.786222920773103,0.4142055479774683,0.9780491091738854,-1.149266322561382,0.04258886167013981,1.106677454731278,0.40459904597710383,1.0424385413475572,-1.4470375857749926,0.24856182754631728,-1.131491381285449,0.8829295549558833
0.3246492985971944,122.13775210727981,1.0010529292972916,-0.7830355214849168,0.41249783355043396,0.9780484670955967,0.5405419053349809,-1.296046744187671,0.755504837225193,-1.4111333333196707,1.128461960633992,0.2826713766536709,1.170373377007209,-0.4302401529894198,-0.7401332212703592
0.3286573146292585,123.65040934282752,1.0011510809285709,-0.7786624445206035,0.4104153761238718,0.9780464743970749,1.21435625657444,-0.20590979666265163,-1.0084464557862365,-0.5701314868668272,-0.9102037884968096,1.4803352783489487,-0.10990956591935755,1.0699057419314333,-0.9599961748043112
0.33266533066132264,125.163182912293,1.001208361038405,-0.7735994107676558,0.4088489282881467,0.9780432582940146,-0.38444248179351653,1.2646127394819175,-0.8801702502959755,1.3445500974377547,-1.2350921443494383,-0.10945795105774273,-1.1693420159997714,0.5479104281668046,0.621431588274207
0.3366733466933867,126.67561206246906,1.0006270629596787,-0.7686984193197173,0.40777208259520054,0.9780393764782542,-1.2560209451765112,0.3635072722154283,0.8925136844161091,0.7276507357211661,0.7655435618264833,-1.4931942968110654,-0.024089171621221706,-0.9957277355738431,1.0198169027668953
0.34068136272545085,128.18711578576722,1.000080802029559,-0.7652288943529038,0.40877632757756355,0.9780368202936323,0.22855780738112524,-1.2121476073761945,0.9835898084192907,-1.2585382249777188,1.3253775814869986,-0.06683935748465988,1.1582391981422908,-0.6564852939015443,-0.5017539063290232
0.344689378757515,129.69789322840813,0.9996620956872665,-0.765185339656406,0.4110577160876275,0.9780351999249314,1.2767796910653353,-0.5039404064971134,-0.7728392799565797,-0.8777461081987248,-0.6073292909173744,1.4850753970928505,0.15674601565355936,0.9206579570464445,-1.0774039740435333
0.3486973947895791,131.2081218236867,0.9993510158105703,-0.7676904337899411,0.4125066781430036,0.9780343091240415,-0.08226433396086158,1.153722377374197,-1.071458043341432,1.1528489418252867,-1.3982471637608678,0.24539821986083268,-1.1459669743341703,0.7698155596337011,0.3761514149463049
0.35270541082164325,132.71794820517007,0.9991259291267033,-0.7705920792850669,0.41331525884830894,0.978034738760068,-1.2889761632833867,0.6375025109407297,0.651473649844595,1.0170286684541938,0.438212236317386,-1.4552409073844994,-0.2981454332059717,-0.8327376665231535,1.1308830988825889
0.3567134268537074,134.22748600999688,0.998966086919011,-0.7736537987015566,0.4148024628443042,0.9780366797192602,-0.06550515597729517,-1.0831380202276868,1.148643169431732,-1.0292603979647184,1.4513221398389748,-0.4220617435277022,1.1181730183906153,-0.8778629730453106,-0.24031004481439439
0.3607214428857715,135.73682253470645,0.9988578228367825,-0.7777726604471012,0.4168829595984892,0.9780400382062602,1.2846715545634273,-0.7616625472520564,-0.523009014022988,-1.142303751370019,-0.2614030552483788,1.4037068059783318,0.43833325371099247,0.7332164578669746,-1.1715497118005331
0.36472945891783565,137.2460288712108,0.9987923791637024,-0.7827982592230271,0.41862339398971904,0.9780445071324997,0.20996466782826628,1.0018253834735087,-1.2117900546428655,0.8897534024524121,-1.4830720607088534,0.5933186587277193,-1.0767619610668127,0.9791430987885956,0.09761886206991366
0.3687374749498998,138.7553191587749,0.999149156417334,-0.7878140013960463,0.41992227465216625,0.97805020590272,-1.2675578091378477,0.8787528332302414,0.3888049777516088,1.250855610334209,0.08027871528687824,-1.3311343230654233,-0.5784373193584942,-0.6189670987132442,1.197404418984682
0.3727454909819639,140.26548959901822,0.9997457618085385,-0.7920833669025732,0.41982121859698834,0.9780547412024511,-0.35780203477971173,-0.9066798190258403,1.264481859698756,-0.7379469160250568,1.4929006671657539,-0.7549537502738695,1.0134818584536478,-1.065837732961759,0.0523558751556375
0.37675350701402804,141.7764555402047,1.000206438251366,-0.7933775657667421,0.4177182708956584,0.9780585038228242,1.2319907763502154,-0.9931068697015558,-0.23888390168168777,-1.3396890164328643,0.09910941371621151,1.2405796021868332,0.706850799440119,0.48699270813149337,-1.1938435073275873
0.3807615230460922,143.28802867774817,1.000552641079194,-0.7914635749397678,0.4158138663824381,0.9780614920998134,0.5115333786534075,0.7850084281197127,-1.2965418040123182,0.5783306311822876,-1.481261003815504,0.9029303716393785,-0.9234658510994045,1.120767059540657,-0.19730120780202376
0.38476953907815625,144.8000512078139,1.000805017075741,-0.7885541853963932,0.41493180421824905,0.9780630619951719,-1.166205966058562,1.0889266369030408,0.07727933190248411,1.408293878641362,-0.2745114376078608,-1.1337824416363531,-0.8107721650659676,-0.35206292696567265,1.1628350958266425
0.3887775551102204,146.31239825223784,1.0009855807789225,-0.7856699885853852,0.413790026003201,0.9780630847306044,-0.6547891245433031,-0.6483126711258769,1.3031017987707496,-0.41249871523359666,1.449073784648568,-1.0365750701048586,0.8225509404656085,-1.153846517802687,0.331295578578774
0.3927855711422845,147.82497468788446,1.0011106810813293,-0.7819732240128444,0.41181069037793694,0.9780617689195912,1.081727333750643,-1.167842288709869,0.08611495441024047,-1.4568949051248465,0.44468119146141505,1.0122137123939907,0.8995387021052731,0.21439574566871505,-1.113934445352678
0.39679358717434865,149.33770457497198,1.0011900563984453,-0.7771448328648142,0.40986627991098523,0.97805918610635,0.7896897100715,0.49823262036072374,-1.2879223329912999,0.24184141689499594,-1.3971013735623925,1.1552599565581447,-0.7094215983538287,1.1657823747295628,-0.4563607728379816
0.4008016032064128,150.8505098892378,1.0011049167153232,-0.7720406802825968,0.40846760974413554,0.9780553755127241,-0.976686417501735,1.225434816746348,-0.24874840326228542,1.4852790148246826,-0.60813218767261,-0.8771468270332344,-0.9698159709749596,-0.07887758971629968,1.0486935666259967
0.4048096192384769,152.3626517553006,1.000451771000657,-0.7673242225518719,0.40776750094736325,0.9780516352314984,-0.9068022564967637,-0.34237131314720415,1.2491735676375098,-0.06754814534562914,1.325708202400163,-1.258160053794274,0.5921312393230632,-1.1625274373736345,0.5703962049665173
0.40881763527054105,153.8739214391684,0.9999450784537329,-0.7647556224479374,0.4094025885836654,0.9780488788993867,0.8611588707096653,-1.258957834926831,0.39779896728907893,-1.493128182644072,0.765062688873726,0.7280654970347132,1.0317074946566012,-0.053087717671658985,-0.9786197745586743
0.4128256513026052,155.38451976475505,0.9995598408728336,-0.7656902095995204,0.411645146114923,0.9780471910879521,1.0035506189451215,0.19510497596302967,-1.1986555856082453,-0.11098492107132069,-1.2341063667318366,1.3450912880910324,-0.47410032278625425,1.1589049621386067,-0.6848046382319769
0.4168336673346693,156.89461546841628,0.9992762624200511,-0.768480341384913,0.4127584328787263,0.978046609562652,-0.7466593450063869,1.2819948031057358,-0.5353354464745586,1.479610187232606,-0.913681658288056,-0.5659285291907938,-1.0953039376245253,0.1929623613014415,0.902341573159164
0.42084168336673344,158.40434552603807,0.9990721717513927,-0.7713529068168162,0.41362873776679987,0.9780471980933456,-1.0916616743566483,-0.04810895534846105,1.1397706304408297,0.2901684130395562,1.1233158128901057,-1.4134842277801614,0.34291695901395186,-1.143306454914651,0.8003894928133873
0.4248496993987976,159.9138147701453,0.9989285117999018,-0.7746589602594925,0.4153867581930867,0.9780492516596796,0.6235147047657088,-1.2902518787724733,0.6667371707959823,-1.4441839436070683,1.0500846927387668,0.3940992497152847,1.1462973824699172,-0.3347096487910568,-0.8115877344765712
0.4288577154308617,161.4231049322695,0.9988336512741358,-0.7791398845911365,0.4174755423343596,0.9780526493597671,1.1650775959711344,-0.09720182792586674,-1.0678757692917182,-0.4661132002716644,-0.9952558574681634,1.4613690580499408,-0.2055062087720566,1.1142026895401487,-0.9086964790675495
0.43286573146292584,162.93228333576522,0.9987791184134021,-0.7842486134763526,0.4190423575916745,0.978057327004187,-0.4953828373033653,1.2849580605479174,-0.789575223122047,1.3871368955940109,-1.1715037491809714,-0.21563314531611305,-1.185459934851507,0.4775295700577452,0.707930367180426
0.4368737474949899,164.44185692159883,0.999393943489682,-0.7891681497075579,0.4201003092209977,0.9780625497616808,-1.2281118109864504,0.24386687007121385,0.9842449448853249,0.6352854016584151,0.8524070840547427,-1.487692483993545,0.058863326836894776,-1.06662837149802,1.0077650430961342
0.44088176352705405,165.95235302729097,0.9999340630825274,-0.7925383893486956,0.41898820278422905,0.9780665359002233,0.35457939738870503,-1.2647521704645968,0.910172777124606,-1.310429571920461,1.2747785430404925,0.03565102833760077,1.2010281356776003,-0.6152228483938389,-0.5858052899170996
0.4448897795591182,167.4635669696371,1.000347654657535,-0.7924408184237224,0.4166999700989575,0.9780695031136847,1.27698571554869,-0.39937417199581016,-0.8776115430330095,-0.7922768091080601,-0.6998313495742836,1.492108157168444,0.0904500290476064,0.9897543558490791,-1.0802043879034628
0.4488977955911823,168.97532269663134,1.0006545360697214,-0.7898966978490395,0.415323957038784,0.9780716560864098,-0.1957042224389554,1.2154387925483308,-1.0197345731818832,1.2164340984777031,-1.3580851029285053,0.1416510024215486,-1.1836598399349876,0.7304115058660393,0.4532483318426306
0.45290581162324645,170.487475103739,1.0008764994339228,-0.7870389203408887,0.4145230795541107,0.9780725189628033,-1.2984382694307817,0.5493034508041188,0.7491348161997645,0.9361157081874101,0.5394164493183697,-1.4755321590646908,-0.22799693133651602,-0.897934074391643,1.1259310015605684
0.4569138276553106,171.99991208212,1.0010340928285641,-0.7839840100144759,0.4129860806051847,0.9780717498607213,0.03395719257885385,-1.1444984482033669,1.1105412569310065,-1.106390533820695,1.421699861762244,-0.3153093292190957,1.1482009821900485,-0.8296329491917035,-0.31856803496626646
0.4609218436873747,173.5125473360681,1.001140577721511,-0.7798215762103212,0.41089567249789677,0.9780696410386993,1.2995313897273824,-0.6919986860358829,-0.6075327019625755,-1.0659925032727815,-0.37269641103908263,1.4386889127647176,0.35950001711426843,0.7925180388989008,-1.1520180598489145
0.46492985971943884,175.02531035070155,1.0012045938083685,-0.7747873192096049,0.4092038149277078,0.9780663358601625,0.1309471777580748,1.0523459034576907,-1.183293084949867,0.9817172444632827,-1.4654782543384632,0.48376100718541093,-1.0936143440798256,0.911147755902056,0.18246658756973338
0.468937875751503,176.53795691730767,1.0008124172476662,-0.7698050865873661,0.4079486820890796,0.9780618866129508,-1.2764797552402825,0.8211482168111947,0.4553315320313328,1.1809326443566723,0.20125843191227172,-1.3821910773541042,-0.47970890821349976,-0.6797366562704069,1.159445565246935
0.4729458917835671,178.0497074779189,1.0002236869211774,-0.7656485560989692,0.408189678102415,0.9780587146981502,-0.28771211315397943,-0.9443026797226681,1.232014788283323,-0.8425713658519092,1.4890345706925967,-0.6464632040369407,1.0297870397641982,-0.9799834317953295,-0.04980360773776071
0.47695390781563124,179.56067334411395,0.999769554810204,-0.7645505844507912,0.41033910916777155,0.97805627561007,1.2349056553236668,-0.9283977162245615,-0.30650794148196014,-1.2810210054906108,-0.024019077819325052,1.3050400857174076,0.5958322065153818,0.5667804812660213,-1.1626126883383396
0.48096192384769537,181.07104113843198,0.9994288765208172,-0.7665782316057216,0.4121781335684231,0.9780546193244328,0.4288847194770683,0.8360650482429607,-1.2649497685420987,0.6888075666801627,-1.4917434673406516,0.8029359017080862,-0.9642083066755209,1.051049726284864,-0.08684141917010213
0.4849699398797595,182.58096702759636,0.9991808798746844,-0.7695112138542197,0.4130431663314109,0.9780542534100201,-1.187962116591821,1.0259214251812385,0.16204069350132255,1.3640575337804832,-0.1560781435367095,-1.2079793906914278,-0.7173427028321623,-0.4426184813513939,1.159961184356577
0.4889779559118236,184.09057422612204,0.9990037054367366,-0.772438576944274,0.41423296593319414,0.9780554630545314,-0.5665638117987184,-0.7199553618078789,1.2865191757170407,-0.5232551778138101,1.4726703184506948,-0.9494151413433598,0.8831875770721174,-1.1131078333349713,0.22992025606359606
0.4929859719438877,185.59995666229372,0.9988813935345471,-0.7762134464557119,0.4162329230850793,0.9780579092871117,1.126160393446733,-1.1099562971258021,-0.016204094969528793,-1.4275965647261717,0.3353017334916592,1.0922948324407817,0.8322072075799111,0.31018108844516695,-1.1423882956581521
0.49699398797595185,187.1091895179112,0.9988043544471704,-0.7810903709078387,0.41815861621121714,0.978061592380213,0.6949301759738199,0.5978657308074342,-1.2927959035049843,0.3490927631191811,-1.431616347284234,1.0825235845349244,-0.7902330961349848,1.1640765821155568,-0.373843486308241
0.501002004008016,188.6183611602159,0.9989293412724216,-0.7861900882965869,0.4195591102319291,0.9780666046472766,-1.0534583470926853,1.1826221373682275,-0.12916378653013794,1.4701047697359106,-0.5101222940963068,-0.959982475745363,-0.9409429177051867,-0.1681712410008928,1.1091141585667845
0.5050100200400801,190.1282376688618,0.9995745281847329,-0.7908852917736261,0.42018373199967507,0.9780712790460337,-0.8199272348765515,-0.4661798415440824,1.2861070752047692,-0.17017435979206239,1.3696136778920585,-1.199439317564731,0.6799331477038119,-1.1971437516136187,0.5172106039062139
0.5090180360721442,191.63897565676209,1.000074848329333,-0.793292093515706,0.41846710868235143,0.9780751141728782,0.9627601242909772,-1.2456423485486596,0.28288222309433364,-1.490826703686815,0.6753734277180591,0.8154532764987876,1.031011052216192,0.018455687499318446,-1.0494667385231067
0.5130260521042084,193.15037613006837,1.0004546714681344,-0.7922046152404172,0.4162554611739812,0.9780778992378089,0.9412630039497154,0.3140264201647107,-1.2552894245454256,-0.007943231640995946,-1.2890463552428766,1.2969895869438148,-0.5513982411353284,1.196586228190924,-0.6451879871139359
0.5170340681362725,194.66227179134296,1.0007338649985564,-0.7893919075806275,0.4151854753998344,0.9780795000463658,-0.8448271432688567,1.2836495146240752,-0.43882237014083575,1.4900339236991598,-0.8283035322635803,-0.6617303912302238,-1.0900054438639648,0.12352555589082698,0.9664798865142252
0.5210420841683366,196.17452732785895,1.0009346814542364,-0.7865317009069267,0.4142831475519443,0.9780798564501341,-1.0437780226562585,-0.15418599468342617,1.19796401925267,0.1837177853571356,1.1914558871775498,-1.3751736730376367,0.4207411220245746,-1.17404541950772,0.7533042983595204
0.5250501002004008,197.68703937679996,1.0010758455014188,-0.7831858500997004,0.4124798502978744,0.9780787254175021,0.7126819504625538,-1.3000834520258828,0.5874015033303223,-1.4685560723958193,0.968433963895348,0.5001221075710791,1.1302437033008268,-0.2594600773577842,-0.8707836263173245
0.5290581162324649,199.199727084468,1.0011686405446552,-0.7786559891841959,0.4104008640355053,0.9780761988865745,1.1307827654401468,-0.010524846370807917,-1.1202579219579372,-0.3559003138675045,-1.0780233606423943,1.4339236727518936,-0.28506788069483585,1.1315560865664138,-0.8464882076269399
0.533066132264529,200.71252372660692,1.0012215140576304,-0.7735419340132504,0.4088755924341409,0.9780723992028709,-0.5663291503141668,1.2931442150528656,-0.7268150706840923,1.4270614433068038,-1.0946509352030573,-0.33241050844022635,-1.1495613745569693,0.3859422500688918,0.7636191249476223
0.5370741482965932,202.22487362167203,1.0005745714153265,-0.7686514079421771,0.40789663313898,0.9780681969881724,-1.1953940255766742,0.17251707698579777,1.0228769439399632,0.52313267595998,0.9497576769916798,-1.4728903524674233,0.1515356475996576,-1.0752732259972573,0.9237375792341537
0.5410821643286573,203.73630826452592,1.0000414166349776,-0.7654366295622921,0.4091260761190858,0.978065239907371,0.41721051293224576,-1.2638555440044068,0.8466450287463326,-1.3651332299228809,1.2067836840035617,0.15834954658357142,1.1590702545324494,-0.5048695103756271,-0.6542007457701808
0.5450901803607214,205.24703473223875,0.9996337095370024,-0.765708593767903,0.4114034964866272,0.9780632524188076,1.2388723926073768,-0.31948435708180223,-0.9193880377321857,-0.6860750313718926,-0.8055936510350579,1.4916686821214542,-0.018545228494556754,1.018125458894701,-0.9995802298072476
0.5490981963927856,206.7572275398581,0.9993316640663215,-0.7683002699759904,0.4127207655889725,0.97806210148765,-0.27525896512896725,1.226987710316057,-0.9517287481797677,1.282433874186923,-1.3035740392618111,0.021140164002142525,-1.167965973913335,0.629514845721548,0.5384511282991209
0.5531062124248497,208.2670301076903,0.9991134104033232,-0.7711654910950665,0.41353030964315535,0.9780622341727978,-1.273199939182905,0.4611944015659265,0.8120055347221404,0.8411139106096218,0.6478334868865602,-1.4889473978842547,-0.1244798426821902,-0.9479461469605925,1.0724259888751768
0.5571142284569138,209.7765530441397,0.9989587184676326,-0.7742749064620281,0.4151094174185893,0.9780638473779172,0.1298807138608904,-1.1768008806596333,1.0469201589466828,-1.1801747902216313,1.3821228185664813,-0.2019480281541094,1.1617658533250128,-0.7506220568768938,-0.41114379822589786
0.561122244488978,211.28588169901698,0.9988546502389668,-0.7785115048297975,0.41720500641941516,0.9780667515854482,1.291234000333371,-0.595395858312713,-0.6958381485345796,-0.9847966966471786,-0.47942520760719654,1.4642219057462396,0.2683696730466613,0.8653143498839502,-1.133684023359062
0.565130260521042,212.79508591068472,0.9987925916405319,-0.7835536335312497,0.41887841592082165,0.9780709682881563,0.014501814837746874,1.1147766377856836,-1.1292784510738099,1.0598724441390937,-1.4404991162480902,0.3806266744182373,-1.1419517896000249,0.8669419638308432,0.2750098244831256
0.5691382765531061,214.30444237464056,0.9992201360756511,-0.7885244049684315,0.42012935809535557,0.9780762931074988,-1.2963394145941072,0.7246977565940972,0.571641662415336,1.114118861778178,0.3035359225451755,-1.4176547826621373,-0.4146876946064366,-0.7664961106739304,1.181183804104927
0.5731462925851702,215.81470814238352,0.9998015308918011,-0.7925816683144538,0.41975759288987513,0.9780802732545841,-0.1649410508148326,-1.0378894085957702,1.2028304657893607,-0.9247949350078222,1.477400418184285,-0.5526054816551366,1.0992561504098421,-0.9707549677383744,-0.12850118518173465
0.5771543086172344,217.3257485530276,1.0002495750142475,-0.7934932106599035,0.4175717494688016,0.9780834905559784,1.283710583661569,-0.8542057975408353,-0.4295047793859871,-1.2252465581375789,-0.12623821928348258,1.3514847784764685,0.5528566100512909,0.6464003699124621,-1.1992569802995365
0.5811623246492985,218.83737853677056,1.0005851020279766,-0.7913582858856746,0.4157937542272869,0.9780859672581876,0.32490776179214675,0.9331182956334614,-1.2580260521397537,0.7789859036966293,-1.4926141145712626,0.7136282104542788,-1.0273822984432566,1.0446584131811338,-0.017276114377833274
0.5851703406813626,220.34944347115427,1.0008290687838233,-0.7884284897775948,0.4149430169213396,0.9780870448865682,-1.2407782013432296,0.9684936319475944,0.27228457250898475,1.317553343663984,-0.05039573647954018,-1.267157608182832,-0.6696553514359331,-0.5196139200098826,1.1892692722528242
0.5891783567134268,221.8618218218691,1.001003237994087,-0.78549882533851,0.413695470291676,0.9780865218903746,-0.4779236291851494,-0.8108926286957477,1.2888162546080124,-0.6239082529640123,1.4868123049833697,-0.8629040531676101,0.9420071729997829,-1.0976507916235545,0.15564362475195037
0.5931863727454909,223.37442090824837,1.0011231593865773,-0.7816677364383215,0.41167166136121,0.9780846517830647,1.1781161480945064,-1.0680902804472308,-0.11002586876431886,-1.3909210285855806,0.22489893870143124,1.1660220902893357,0.7733775819356767,0.38690659373581526,-1.160284170236872
0.597194388777555,224.88716626274484,1.0011981975545161,-0.7767383190361093,0.40977522996065435,0.978081692216555,0.6256877363933956,0.6725890533772272,-1.298276787709588,0.46106034480596736,-1.4606323523485507,0.9995720087967814,-0.8421395617053764,1.1299375021721947,-0.2877979385323111
0.6012024048096192,226.39995621538176,1.0010341579459667,-0.7716480535585271,0.408408438827953,0.9780773635582799,-1.0932156126812953,1.148067605300765,-0.05485198892812393,1.4449810643139287,-0.3957603260394777,-1.0492207372077953,-0.8602295761874155,-0.2535805364068093,1.1138101129163787
0.6052104208416833,227.91200381559526,1.0003970558136492,-0.7670165614648851,0.4078940249893665,0.9780734330332664,-0.7579498908085326,-0.5255689267019084,1.283518821211803,-0.2913531974002548,1.4141155195402781,-1.1227623217870133,0.7362166198630995,-1.1471887368694698,0.41097211747327883
0.6092184368737474,229.4232008602957,0.9999032669871538,-0.7647777599357211,0.40968861805628853,0.978070370795025,0.9953421634383542,-1.2039660019131764,0.2086238407620195,-1.4793580434750648,0.563373812341404,0.9159842312299069,0.9396743065786103,0.12249801816682293,-1.0621723250487496
0.6132264529058116,230.93374450773163,0.9995289649542625,-0.7660065465335893,0.4118627922799851,0.9780683708449504,0.8707272883625442,0.3847012545802013,-1.2554285417996227,0.11433476330640235,-1.3465689903404512,1.2322342267126352,-0.6291453358518869,1.164584119265831,-0.5354387836639758
0.6172344689378757,232.44380051275735,0.999254206903728,-0.7688478769793164,0.4128924203376734,0.9780675162443516,-0.8964661545033532,1.2491493652333412,-0.3526832082590085,1.493014010758813,-0.7256476479213427,-0.7673663615504636,-1.0217372045579232,0.01736295060664217,1.004374250097245
0.6212424849699398,233.9535025143293,0.9990567677426232,-0.7717067048453768,0.41381414062003397,0.9780679627924737,-0.9758489806464439,-0.24183821601905026,1.2176871996793457,0.06659007237500969,1.2584993457499503,-1.3250894182732227,0.5080765238526261,-1.1706303254420802,0.6625537981813662
0.625250501002004,235.4629525342759,0.998918290951298,-0.7751098260735217,0.4156413017559321,0.978069791254077,0.78697674933542,-1.2793748118967039,0.49239806345591475,-1.48474564368203,0.8785485132374098,0.606197129578878,1.0925706485251754,-0.16101092519030985,-0.9315597250964684
0.6292585170340681,236.97223060751546,0.9988277392630005,-0.7796943885423978,0.4177058804700685,0.9780729218299953,1.0673818840904783,0.09853472895722093,-1.1659166171291107,-0.24752115741211578,-1.151312995353686,1.3988341502560835,-0.37896507003812185,1.1633843769066017,-0.7844193090215699
0.6332665330661322,238.48140279270325,0.9987776686601253,-0.7848056639690344,0.41922369900343115,0.9780773888099017,-0.6706031748124326,1.2962223952138483,-0.625619227811806,1.4543896191379384,-1.0190514306435638,-0.43533818944044994,-1.1527768861431922,0.30805664052893345,0.8447202463491369
0.6372745490981964,239.99107574083772,0.9994553418510128,-0.7896719620756031,0.42016174850939436,0.9780820981787073,-1.1500939805378159,0.04857605641153359,1.101517917594553,0.42477068100751025,1.0270956341753024,-1.4518663155337463,0.2381809698744107,-1.1372714757164384,0.8990905079590499
0.6412825651302605,241.5016538981119,0.9999817079069167,-0.7927398330482034,0.4188215883200835,0.9780857085722049,0.5394968763201058,-1.2989236533142472,0.7594267727929078,-1.403146069851003,1.1432756036430496,0.2598704663390395,1.1898885960214598,-0.45320064797813997,-0.7366879480746846
0.6452905811623246,243.01293081330186,1.0003836723006554,-0.792293627472442,0.41653957324277396,0.9780882749337549,1.2209147259245026,-0.20790106218198506,-1.013013661834774,-0.5927175125734931,-0.8903794100029675,1.4830969243118202,-0.0904515300551458,1.0798750513205395,-0.9894235229547237
0.6492985971943888,244.52473343072808,1.0006809656123714,-0.789641938092013,0.4152803425933211,0.9780899591994519,-0.3874402030618149,1.2729214634513475,-0.8854812565543847,1.3329148703820288,-1.2491194808269759,-0.08379538953588794,-1.1938767623974422,0.5794771691280035,0.6143995906526203
0.6533066132264529,246.036919964685,1.000895595996,-0.7867942591658991,0.414460933257657,0.9780903451585105,-1.2661980555957149,0.36530102178419754,0.9008970347111038,0.7502075060568449,0.7429526661246662,-1.4931601731735162,-0.04934087976649418,-1.00510264386914,1.0544435219092938
0.657314629258517,247.54938137746439,1.0010475460737875,-0.7836547776853163,0.41282781301456084,0.9780891540349962,0.22907520941308113,-1.2247019620586626,0.9956267554742921,-1.2447899822101982,1.3366495959309166,-0.09185961557003319,1.1789615002736407,-0.6922489645144071,-0.4867125356592056
0.6613226452905812,249.062033329969,1.0011493600497428,-0.7793672231508497,0.41073103571881237,0.9780866319288836,1.291781944480466,-0.5187024497735578,-0.7730794948156179,-0.8962705777328739,-0.5862578536972874,1.4825284299241026,0.1860498228682212,0.9144554207882922,-1.100505242223183
0.6653306613226453,250.5748066100478,1.0012095581990819,-0.7742999946766327,0.40909999884464177,0.9780828664288778,-0.06438858120077595,1.1540285266293744,-1.0896399464759792,1.1400167009963333,-1.4054011862975646,0.26538448579434615,-1.1438839509954877,0.7891589051633492,0.35472504736135146
0.6693386773547093,252.08738939918194,1.0007471748751107,-0.7693444720265447,0.40788916907621164,0.9780781137728946,-1.293205086796559,0.6612489851015159,0.6319561001910872,1.0297374557838932,0.42181474878770564,-1.4515522035641109,-0.31391162767402686,-0.8142873859752321,1.1281990156739727
0.6733466933867734,253.59905285333102,1.0001730885946192,-0.7654007039681182,0.40839647512756905,0.9780747127136046,-0.09512817072831567,-1.0653991450629796,1.1605273156148357,-1.01863572142716,1.4550793416669987,-0.43644362040376433,1.099026515691556,-0.8747091195212616,-0.2243173941917315
0.6773547094188376,255.1099516996634,0.9997311193857851,-0.7646653302627736,0.41061315497843753,0.9780721314582471,1.2748932655516392,-0.783525979289192,-0.49136728730903007,-1.1510041562936206,-0.24845090641085144,1.3994550621862003,0.4387750232779165,0.7135230058975309,-1.1522980282135924
0.6813627254509017,256.62026941338416,0.999400671104286,-0.7668857594403455,0.4123211016498334,0.9780702794223006,0.24108495154186202,0.9741306178241886,-1.2152155682875394,0.8803247009549003,-1.4847317305602286,0.6044070299979722,-1.0524907784780644,0.9633155555074369,0.08917522323576527
0.6853707414829658,258.13015900427234,0.9991606622257916,-0.7698189058502768,0.4131536040346017,0.9780697654400746,-1.2497481682396803,0.8967888051895968,0.35295936467021394,1.2572185183048792,0.06909527808816038,-1.3263137960603861,-0.5702632918568068,-0.6008275476060974,1.1710908398714333
0.68937875751503,259.6397404092484,0.9989895239935408,-0.7727857026917376,0.41444447995066264,0.9780707977176255,-0.38533997163088923,-0.873269765672698,1.258609732692967,-0.7276770518978988,1.4929871296840418,-0.7653100775008612,0.9903080856490961,-1.0442359850184904,0.05392790337496476
0.6933867735470941,261.1491052085869,0.9988720837587207,-0.7766790565880934,0.4164817008764201,0.9780731549539757,1.2088395575952169,-0.9979019534823993,-0.21093760686506735,-1.345678767911207,0.11267952428249116,1.2329992446742106,0.6970832548858403,0.47840662895707736,-1.175489881701349
0.6973947895791582,262.65832716537443,0.9987990924784643,-0.7816247360197021,0.4183468658587144,0.978076693334242,0.5223683826467542,0.7644471545189169,-1.2868155366077103,0.5634435270603195,-1.4790749328909105,0.91563140722363,-0.9152926539627472,1.1154556588713842,-0.2001630040950982
0.7014028056112224,264.167523979675,0.9990016550139587,-0.786696655619773,0.419713020702925,0.9780815818020593,-1.1559629949269523,1.088918423248326,0.06704458244210865,1.414350436451973,-0.2933222608947163,-1.121028175153466,-0.8199166942758936,-0.34433178105933254,1.164248476434382
0.7054108216432865,265.67749712223247,0.9996308042066845,-0.7912757545325663,0.42012897810719735,0.9780858679428012,-0.6584370303533262,-0.6441530633273858,1.3025901013465937,-0.3914256897602045,1.4433902896423025,-1.0519646008901669,0.8210581892209007,-1.1697248537581297,0.3486666660891522
0.7094188376753506,267.1883100581051,1.0001181464010562,-0.7933384378242041,0.41825857410441614,0.9780893609972788,1.0845734311739932,-1.172656777944132,0.08808335086621788,-1.4616338702915597,0.4672215269249407,0.9944123419042767,0.9264152677800941,0.19879240457142827,-1.1252076695934567
0.7134268537074148,268.69976739282856,1.0004869553309585,-0.7919604240030879,0.41612394354982285,0.978091841234258,0.7943565008776026,0.5009063059734221,-1.2952628052416357,0.2169434161634986,-1.3877606304363594,1.1708172124880851,-0.7050197174569102,1.1906621082821018,-0.4856423890850763
0.7174348697394789,270.21170484652265,1.0007572860916938,-0.7890981002367379,0.4151312199480963,0.9780930853728417,-0.9844951755707583,1.2335738198625503,-0.24907864747196584,1.4874834786659632,-0.6317522637195018,-0.8557312167211211,-1.0038781176610283,-0.056792056492655674,1.060670178468141
0.721442885771543,271.7239904729697,1.0009514056085076,-0.7862566489503006,0.4141735888873635,0.9780928909216646,-0.9145145936390299,-0.3470038049028615,1.2615183963025907,-0.04159471072593317,1.313474484134303,-1.2718797747417427,0.583353814123687,-1.189130065270517,0.6057762536472071
0.7254509018036072,273.23652368532197,1.0010873066475472,-0.7828034330678599,0.4123011019726619,0.97809141225989,0.8682084173133726,-1.2743712752055083,0.40616285277898734,-1.4925986889634923,0.7861896792906504,0.7064090097396589,1.063615186859772,-0.08237793739749935,-0.9812372443163999
0.7294589178356713,274.7492252934257,1.0011757097444967,-0.7781668684233206,0.4102501367852057,0.9780885580411298,1.0215463731513463,0.18473877111411008,-1.2062851469593234,-0.1333616260797069,-1.2214502057586492,1.3548118327920515,-0.45375177065701844,1.1668270804724048,-0.713075305388259
0.7334669338677354,276.2620282664948,1.001184268371623,-0.7730501045501708,0.4087716176041318,0.9780843903031194,-0.7349635049745439,1.2921099726945744,-0.557146465368486,1.4771329185364785,-0.9291536982637444,-0.5479792186842409,-1.1029325133948744,0.2148217179745477,0.8881107963623671
0.7374749498997996,277.7742773819056,1.0005150640954197,-0.7682214277906143,0.40792673659770984,0.9780801011967278,-1.107560050999794,-0.022070819882892792,1.1296308718760377,0.30656193504286905,1.1124891063085853,-1.4190510425387632,0.3238438951566599,-1.1298682320045434,0.8060243390187753
0.7414829659318637,279.28563265037155,0.999995439536794,-0.7653159816681935,0.4093685446542883,0.97807696400805,0.5960431919495527,-1.2865112248742276,0.6904680313615746,-1.440738007666317,1.0606566504398738,0.3800813569158181,1.1329511151310552,-0.3412541880182731,-0.7916969231740418
0.7454909819639278,280.7962985251282,0.9995991770230976,-0.765921141526017,0.4116279804759246,0.9780748028357595,1.172564456565234,-0.12783253536331712,-1.0447319224768175,-0.4786732156510487,-0.9856641331752066,1.464337348240226,-0.1937698092562195,1.0921980328737118,-0.8984282188506593
0.749498997995992,282.3064465368704,0.9993065230577474,-0.7686064312701405,0.41283139139459846,0.9780736342554462,-0.461846897107539,1.2720872051642413,-0.8102403095497727,1.3829486440224663,-1.1792116757627948,-0.20373696863044824,-1.1630185913086566,0.47436691589531976,0.6886516783149287
0.7535070140280561,283.8162167886451,0.9990954306805185,-0.7714618143985941,0.4136640290326544,0.9780736833701379,-1.2282543478564518,0.2743935325027664,0.9538608222157083,0.6459872774700597,0.8428436233334199,-1.488830899789038,0.05242682941117918,-1.0415187058914006,0.9890918775731172
0.7575150300601202,285.325716876734,0.9989462562945037,-0.7746530451403527,0.4153340901876357,0.9780752209419384,0.322228531833716,-1.2434255827733722,0.9211970578260211,-1.3043394199837965,1.281474236922655,0.022865183349669388,1.1786649502219646,-0.605795999767363,-0.5728689487847328
0.7615230460921844,286.8350302500754,0.9988467545226335,-0.7789882407832733,0.41741983871369753,0.9780781698905265,1.2679118125065292,-0.41554662091904715,-0.8523651856596943,-0.8047988179540364,-0.6866190209018299,1.4914178383581265,0.0918746718270273,0.9777625289579752,-1.0696372000245777
0.7655310621242485,288.34422545395097,0.9987884059103008,-0.7840584542313881,0.41903442726763734,0.9780823436715752,-0.18110845597407677,1.2018638356059745,-1.0207553769363127,1.2059295306677478,-1.365118000843418,0.15918846871356596,-1.1810211928896581,0.7345869957141566,0.44643419815330837
0.7695390781563125,289.85365184898694,0.9992851217561577,-0.7889989423276661,0.4202318962702492,0.9780874633402833,-1.295256836686915,0.5540713434367088,0.7411854936215327,0.9519468263783883,0.5199805541474231,-1.4719273815220921,-0.24113277746222173,-0.8966608538246468,1.1377936329960618
0.7735470941883766,291.36400443515146,0.99985198667156,-0.7928300336730283,0.41959226779669945,0.9780911708653575,0.03149823492048992,-1.1451212911308388,1.1136230505358262,-1.0906319084242138,1.4282247134558699,-0.3375928058107367,1.159890113319654,-0.8533108830185039,-0.30657922953642447
0.7775551102204408,292.8751116925283,1.0002879187423317,-0.7933772981073363,0.41734685622809287,0.9780940702486717,1.3059362619512291,-0.6958956625661685,-0.6100406050599194,-1.082824495577429,-0.34877299618068064,1.4315974926752606,0.386136023841409,0.7909933681754517,-1.1771293904539226
0.7815631262525049,294.3867916622785,1.0006132787705782,-0.7910631562999176,0.4157054628538728,0.9780962249319028,0.13108997765115865,1.0596761549272617,-1.190766133878032,0.9619269723298425,-1.4699082913445398,0.5079813213910417,-1.1076580739761408,0.9445303355044499,0.1631277370002614
0.785571142284569,295.8988929125456,1.0008493346241114,-0.7881360485009612,0.41487867042416154,0.9780970248044615,-1.2868914953979753,0.8260961297940915,0.460795366410538,1.1967212348076006,0.17493728613059556,-1.371658518484752,-0.5131736481695264,-0.6751853135289565,1.1883589617937167
0.7895791583166332,297.4112971734849,1.001017515277011,-0.7851612918499176,0.41352533705719197,0.9780961914484421,-0.29040411671733807,-0.9547304139710512,1.2451345340174853,-0.8211325327677238,1.4906346988329595,-0.6695021648738503,1.039779997539912,-1.01627734421639,-0.023502652946692182
0.7935871743486973,298.92391405425576,1.0011325769275619,-0.7812057902914258,0.4114676869059402,0.9780939932961761,1.24749395876086,-0.9441209327919493,-0.303373025842252,-1.2931916427896275,-0.00006210506017167994,1.2932537492229743,0.629555825723108,0.5504069713243861,-1.1799627976119265
0.7975951903807614,300.4366704788011,1.001203579820491,-0.7762335193133499,0.4096446831263218,0.9780905941115209,0.44756593537205547,0.8316337604564962,-1.279199692980421,0.6698104814615131,-1.4908286842986893,0.8210182042579854,-0.9553798407134863,1.0681104532169303,-0.11273061546393862
0.8016032064128256,301.94942987045437,1.000963022703864,-0.7711686732078661,0.408310551734228,0.9780859610979382,-1.1849129312924267,1.0446693838552106,0.14024354826771174,1.3716744593979622,-0.17430528987272953,-1.1973691706212861,-0.7309209775310395,-0.4223319407684166,1.1532529161268723
0.8056112224448897,303.4613824343937,1.0003417357746478,-0.766652867390636,0.4080146475867154,0.978082058405052,-0.5919379837126204,-0.6967682713190119,1.2887062556117417,-0.508561099449996,1.4702848953016003,-0.9617237969357806,0.8633652483032181,-1.1054641494669728,0.2420988975723228
0.8096192384769538,304.9725058664686,0.9998607898284825,-0.764763175275061,0.4099439931321622,0.9780789649486152,1.1067824107320159,-1.1215326807597192,0.014750272539973158,-1.4318657142739726,0.3488141128560158,1.0830515996618797,0.8260139369180461,0.2953771849515737,-1.1213911227952635
0.813627254509018,306.48299380447264,0.9994973832691759,-0.7662724485140923,0.41202789937743006,0.9780768432627761,0.7179727003779566,0.5655583190003102,-1.2835310204949786,0.33707644116220725,-1.428359242727257,1.0912828019748912,-0.7699163097045927,1.1435928597305003,-0.3736765470303768
0.8176352705410821,307.9930089747786,0.9992313559993629,-0.7691519717932217,0.41299044324166206,0.9780759199222514,-1.0258770281638179,1.1877581316680486,-0.1618811011924655,1.4723994625728352,-0.5210465839712175,-0.9513528784982814,-0.9247184655104395,-0.15880583893446737,1.083524307538507
0.8216432865731462,309.5026816594038,0.9990405075237434,-0.7720129337923043,0.413982407468036,0.9780764271667491,-0.8377020265477066,-0.4301318531835903,1.2678338818802903,-0.15854262955203424,1.365044357829376,-1.2065017282217,0.6618000388880232,-1.1712029966523956,0.5094029601282866
0.8256513026052104,311.01211116274385,0.9989072269862945,-0.7755251133358769,0.4158706962238487,0.9780782427981037,0.9325226510266451,-1.239245291161537,0.3067226408428934,-1.4915030910929166,0.6869859067640542,0.8045171842507043,1.0137903013637464,0.016599670727762583,-1.0303899688439895
0.8296593186372745,312.52137589342095,0.9988210113275333,-0.7802095545929584,0.41790051185645144,0.9780813183765081,0.9451968240248207,0.2921411589508639,-1.2373379817462014,-0.023267356219266178,-1.2811684769336158,1.3044358349720857,-0.5440044594087647,1.1860566619798545,-0.6420521982923011
0.8336673346693386,314.03054678044145,0.9988533912528267,-0.7853192137513175,0.41937486545545366,0.9780857682441501,-0.8306104089403712,1.2778464049214278,-0.4472359922108086,1.4885244242536468,-0.843369004831301,-0.6451554179090558,-1.0937237288709607,0.13132308111333327,0.9624006508290424
0.8376753507014028,315.5403208537741,0.9995142204187886,-0.7900997671312028,0.4201539402910854,0.9780903308193007,-1.0457684722663072,-0.1478533073902939,1.1936217839120213,0.20456987826868928,1.1784596024813503,-1.3830294792673237,0.4122027402795661,-1.1820952456582072,0.769892506546881
0.8416833667334669,317.0509775341308,1.000027173082411,-0.7928491266737118,0.41861115594540643,0.9780937453104149,0.7121165226858948,-1.3035310827044462,0.5914145640442388,-1.463964533091964,0.985750247708101,0.4782142862125267,1.1516759294573258,-0.28086071641184657,-0.8708152112665574
0.845691382765531,318.56231432997816,1.0004177736926982,-0.7920738929762778,0.4163605732338538,0.9780961267946583,1.1371362707862165,-0.011824383567203611,-1.1253118809404175,-0.3796522243122284,-1.060689920056315,1.4403421459511976,-0.2692134434156707,1.145349146138059,-0.8761357019785393
0.8496993987975952,320.0741611673899,1.000705776566446,-0.7893418497722074,0.4152069874504673,0.9780975207578149,-0.5702324550533542,1.3014295384192047,-0.7311970736397149,1.4190625353024393,-1.111712775977312,-0.3073497604328723,-1.1768479050570726,0.4154164672681261,0.7614314333440695
0.8537074148296593,321.5863795985873,1.000913345168949,-0.786506287553695,0.4143562601111951,0.9780975748791548,-1.2052261060431912,0.17310711402439377,1.0321189954351317,0.5471989204090165,0.9295883356420593,-1.4767872588081088,0.13030436967392905,-1.0892588627397286,0.9589544911288738
0.8577154308617234,323.0988635584186,1.001059832079033,-0.7832757200604893,0.4126350822580529,0.9780961667421159,0.41887086519033495,-1.2770838966553255,0.8582130306329329,-1.3548576298803718,1.221154503618702,0.13370312472898782,1.1828011033564427,-0.5392094396183448,-0.6435916630275176
0.8617234468937875,324.6115305519414,1.0011571106180994,-0.7788716135339302,0.4105457911705218,0.9780933821862192,1.2547867592838036,-0.33379085790024804,-0.9209959019470022,-0.7061274501767978,-0.7864823103218226,1.492609759555839,0.008549565251936952,1.0153873929766493,-1.0239369566181247
0.8657314629258517,326.1243126488092,1.0012136354310208,-0.7737833821349943,0.4089718378788904,0.9780893655938766,-0.25809997119757966,1.2294705932871945,-0.9713706245348297,1.2723596049517631,-1.3133126394706096,0.04095303319913224,-1.1679809942762673,0.64929761311432,0.5186833824404717
0.8697394789579158,327.6368203935573,1.000683045691013,-0.7688625790222983,0.40782205095194984,0.9780844965902308,-1.2805485632009943,0.4864821351509963,0.7940664275342036,0.8551131129098954,0.6327577528787651,-1.487870865995428,-0.14110401036221565,-0.9301405707932957,1.071244583326967
0.8737474949899798,329.14839819155685,1.0001233308559372,-0.7651644289099387,0.40859536581642963,0.9780809759525997,0.09954525513574655,-1.1620959326248066,1.0625506727809044,-1.1714022141592955,1.3878500548717954,-0.21644784171986048,1.1430276498439056,-0.7493841705148341,-0.3936434775985831
0.877755511022044,330.65923116305873,0.999693369804291,-0.7647902223882954,0.4108596553024359,0.9780784144514317,1.2856984930738904,-0.6207496108559494,-0.6649488865280222,-0.9946866572542602,-0.4672080326042854,1.4618946908485668,0.27160177855645573,0.843984040118629,-1.1155858159669179
0.8817635270541081,332.1694997044169,0.9993729746001665,-0.7671765323276808,0.4124334135424562,0.9780765848376325,0.047782352768079434,1.0898600257665316,-1.1376423864211023,1.0517337962511777,-1.4438143753093646,0.3920805796848344,-1.1167789418669707,0.8535116978884995,0.2632672446002746
0.8857715430861722,333.6793536171993,0.9991407639562645,-0.7701050547755219,0.4132464445203421,0.9780760721435863,-1.2828813912161308,0.7470927478315568,0.5357886379239641,1.1216789272325849,0.2926799320769385,-1.4143588564362117,-0.41005506915474493,-0.745420177978192,1.1554752484253221
0.8897795591182364,335.1889096066884,0.998975542107967,-0.7731209941990717,0.41464053856751915,0.9780771055063879,-0.19525809119798127,-1.0065437906626407,1.201801892032202,-0.9154793878625456,1.4792133920623252,-0.5637339992943696,1.0748922654401378,-0.9514416358077136,-0.12345063245971816
0.8937875751503005,336.69825701971644,0.9988629139159726,-0.777137375788484,0.41670737736576036,0.9780795176872469,1.263769303824318,-0.862913892860123,-0.4008553969038611,-1.2330456019548899,-0.11251316562622649,1.3455587694685645,0.5458935128442804,0.63588777179921,-1.1817812869206201
0.8977955911823646,338.2074682437539,0.9987939080908463,-0.7821395976886004,0.41850887838568507,0.9780830919714241,0.3377817727232368,0.9134939090672942,-1.2512756721689484,0.764929157400069,-1.4927763380456636,0.7278471791797896,-1.0196075390692654,1.0413275193164848,-0.02171997923345967
0.9018036072144288,339.71670138517686,0.9990719136345154,-0.7871921250856126,0.4198476886977344,0.9780879393597163,-1.2321127654200792,0.9702970892006175,0.26181568098654695,1.3264013845946652,-0.06982107678254061,-1.256580309798981,-0.6800921753486374,-0.512850578839873,1.1929427561629393
0.9058116232464929,341.2267684000092,0.9996854397840702,-0.791634187090668,0.42002774267442317,0.978092015365488,-0.48188275075246617,-0.8075394707860684,1.2894222218013538,-0.6037997515926739,1.4843898352239953,-0.880590085300249,0.943610678576545,-1.1157618228550383,0.1721511473281226
0.909819639278557,342.7376540012973,1.0001600446840613,-0.7933441976475188,0.4180300104783729,0.9780952601839461,1.181847588749642,-1.0730516670420733,-0.10879592037530701,-1.399213554806172,0.24842882448480616,1.1507847316747075,0.8007985124230593,0.37456381243417664,-1.1753623206404298
0.9138276553106212,344.24916623785043,1.000518051842196,-0.7916998088742132,0.4159957336698094,0.9780975711997995,0.6294759430361021,0.6764546680399175,-1.305930609201903,0.4369215533799194,-1.4549277733000472,1.0180062216949706,-0.8425046353607702,1.157634241567934,-0.31512960121412903
0.9178356713426853,345.7611438780165,1.0007797657141813,-0.7888074981688337,0.4150672333404212,0.9780985963959463,-1.101859789865287,1.155594580326969,-0.0537347849555507,1.4510982676075659,-0.4208168114876983,-1.030281455207657,-0.8949403295803813,-0.23569484319349032,1.130635176667108
0.9218436873747494,347.2734583359628,1.0009673892039737,-0.7859523962742103,0.41402750483435435,0.9780981509168302,-0.7644903647045436,-0.5317529512203067,1.2962433227366423,-0.2659453071905944,1.4054277677747722,-1.1394824605258218,0.7324557025051202,-1.1769863072770006,0.44453060585790116
0.9258517034068136,348.78601168621503,1.0010981435524338,-0.7823885386123266,0.4120970978026145,0.9780964346566465,1.003853091477138,-1.219648400802718,0.21579531355952158,-1.4824603211882932,0.5859415898454134,0.896518730355637,0.9726983782431926,0.09638314113526297,-1.0690815174903192
0.9298597194388777,350.2987263194358,1.0011822485248771,-0.7776541414873833,0.4100872058519517,0.9780933817223663,0.8891587886876507,0.37562983359105906,-1.2647886201484326,0.092231806830611,-1.3369065044260602,1.2446746963356463,-0.6118231941256079,1.1753075466351242,-0.5634843506260321
0.9338677354709418,351.8115244081155,1.0011095020140623,-0.7725415587327439,0.4086495965037198,0.9780890169288476,-0.8866876995354138,1.2616400188322863,-0.3749523166945101,1.4933785215327986,-0.7423846905477524,-0.7509938312665783,-1.0310792756519593,0.038991031675618515,0.9920882432841989
0.937875751503006,353.32367366140534,1.0004569185597503,-0.7677919126285067,0.40796660176147326,0.9780848013083514,-0.9945437817903502,-0.21593300666609816,1.2104767918528965,0.0829976038932646,1.2497670711657414,-1.3327646745094013,0.48861223747727917,-1.1585382342704085,0.6699259966171971
0.9418837675350701,354.8349514148959,0.9999505857995954,-0.7652126120737045,0.4095969480275018,0.978081621560505,0.761051409805833,-1.2796532118823072,0.5186018024879695,-1.4834040992644109,0.8903034138622847,0.5931006848214175,1.0808993897807504,-0.16983497278720516,-0.9110644157413048
0.9458917835671342,356.3455582606572,0.9995655888832881,-0.7661340064885009,0.4118141032475892,0.9780794214791495,1.0793430875109808,0.06667527301742454,-1.1460183568511626,-0.260348437267352,-1.1432053312065888,1.4035537673562368,-0.36463428694180944,1.1413507442015476,-0.7767164549117905
0.9498997995991983,357.8556627407336,0.9992821082650755,-0.7688942684603634,0.4129176414621136,0.9780783248999012,-0.6378035853335321,1.2879909734373518,-0.6501873857774092,1.4518895989168992,-1.0279339658351132,-0.4239556348683163,-1.1315382788597512,0.3083111410118278,0.8232271386074009
0.9539078156312625,359.3654016174647,0.9990779824014349,-0.7717397647022335,0.41378933295467707,0.9780784504116162,-1.1551226610342251,0.08135698698539218,1.0737656737303265,0.43613064579909966,1.0186103781219182,-1.4547410250833235,0.2282625414397867,-1.1114055170417174,0.883142977049616
0.9579158316633266,360.87487956732434,0.9989342145481842,-0.7750238175599056,0.4155418322349131,0.9780800346312998,0.5071096755092501,-1.2814337014370918,0.7743240238052994,-1.3987393612020036,1.1515981402480844,0.24714122124813442,1.1687049440977015,-0.44702965452765997,-0.7216752863398956
0.9619238476953907,362.38417823826495,0.9988392047166293,-0.7794862283793123,0.4176213839792253,0.9780829415562247,1.2156439500806424,-0.22606808765809416,-0.9895758620196096,-0.6065259026405142,-0.8782351662370463,1.4847610701793572,-0.08690268205183628,1.0681347973156434,-0.9812321143934671
0.9659318637274549,363.8933656599706,0.9987890522227966,-0.7845756630637296,0.4191822268143684,0.9780871585989589,-0.37278343617078946,1.2616492386955085,-0.8888658006439941,1.3246216605912657,-1.2587473462363357,-0.06587431390107627,-1.1933248386917643,0.5854049153868751,0.6079199229014236
0.969939879759519,365.4028714384316,0.9993484445731653,-0.7894811840380394,0.4203115854646352,0.9780921099612153,-1.2647500339050346,0.37065609992053516,0.8940939231744787,0.7681210595838449,0.7246449750896043,-1.4927660354542929,-0.06195236218843474,-1.0065655554113895,1.0685179185977869
0.9739478957915831,366.9133085916359,0.999901091154064,-0.7930575974102761,0.41941073672379325,0.9780957318346204,0.22736163752910016,-1.2264757810740043,0.9991141339000595,-1.231692992711464,1.3465770394504377,-0.11488404648348795,1.1941934859033156,-0.7164631641387735,-0.4777303227949691
0.9779559118236472,368.42448080800636,1.0003251078409463,-0.7932461712271786,0.4171260864463927,0.9780984240818156,1.2986087082984255,-0.5217658279433308,-0.776842887097289,-0.9157567905092042,-0.563382383480174,1.4791391752289236,0.2106981837162748,0.9175255830989856,-1.1282237683053293
0.9819639278557113,369.93620917809375,1.0006405209828513,-0.7907802373809646,0.41562163744468006,0.9781003221571776,-0.06576221277903677,1.1623041934965779,-1.096541985036148,1.1229754435566797,-1.4137238581806049,0.29074841700745807,-1.1626191846780851,0.8229247883444261,0.3396943930249319
0.9859719438877754,371.4483455057995,1.000868890804323,-0.7878624322320403,0.41480677072374955,0.9781009517740473,-1.3039266808448142,0.6649808964032335,0.6389457824955515,1.0486161544085773,0.3963087816849018,-1.4449249341542552,-0.3450925095740177,-0.8152419018496246,1.1603344101844362
0.9899799599198396,372.96077472887174,1.0010312321344126,-0.7848308225079003,0.4133484513015932,0.9780999113208866,-0.09629191763531227,-1.0770385300608036,1.1733304514884837,-0.9996617724090588,1.4604931868334075,-0.4608314134714627,1.1137482983470504,-0.9117942690016028,-0.20195403055108646
0.9939879759519037,374.4734086270501,1.0011415222531903,-0.7807500146865203,0.4112647386591821,0.9780975121629134,1.2887051833029068,-0.7988191815740702,-0.4898859971837154,-1.1659821645445458,-0.22503216851094646,1.391014334820236,0.47152419672841456,0.7011618446487466,-1.172686040446795
0.9979959919839678,375.9861754741433,1.001208580956146,-0.7757091603700655,0.40949754761443213,0.9780940329460946,0.2594346592613253,0.9715753582022331,-1.231010011587246,0.8632429641455628,-1.4869422300735213,0.623699267385798,-1.0466194148025583,0.9819343576525119,0.06468505588781409
1.002004008016032,377.49889286519954,1.00089363624179,-0.7706704202606555,0.4081968173680943,0.9780892109664158,-1.2494841744404546,0.9175364205593481,0.3319477577789781,1.267018452159196,0.0511160502071733,-1.3181345031685303,-0.5850576072633037,-0.5812220999826798,1.1662797054567742
1.006012024048096,379.0107527170465,1.0002877803619248,-0.766297092448233,0.4081445863136558,0.9780854287817536,-0.4125736689238684,-0.8518803243928017,1.2644539945948197,-0.7141559572744829,1.4928894886759392,-0.7787335327106155,0.970709152254839,-1.0384872122291473,0.0677780594723415
1.0100200400801602,380.5218044286921,0.9998194647125394,-0.7647669301328658,0.410184320517721,0.9780824291744084,1.192760589023005,-1.0134827927405732,-0.17927779696673707,-1.351729126703366,0.1263153095226937,1.2254138166441264,0.6934858851244983,0.4615449091547293,-1.1550307938967501
1.0140280561122244,382.032238260479,0.9994667601342965,-0.7665307490747861,0.412158142156958,0.9780802785240269,0.5488164493406684,0.7333443630643353,-1.2821608136767584,0.5521131577758982,-1.4775864942130443,0.9254733366489363,-0.8932221666116364,1.09655487829048,-0.20333271040014028
1.0180360721442885,383.54221387267444,0.9992092358844297,-0.7694327168922519,0.4130671238284972,0.9780793785563765,-1.1316997930349508,1.099116439184358,0.03258335287141051,1.4182351160059201,-0.3045820377254682,-1.1136530768296355,-0.806609985198738,-0.3314561198851305,1.138066105755935
1.0220440881763526,385.05185820004846,0.9990248006789935,-0.772307778108729,0.4141435755990498,0.9780800186714087,-0.6803710463077781,-0.6085024513532894,1.2888734992969406,-0.3800610794203316,1.4405033923732327,-1.0604423118820554,0.8005785225663451,-1.1451257774722945,0.3445472546503897
1.0260521042084167,386.5612679443669,0.9988966181222956,-0.7759337681724541,0.41608538846313786,0.9780819231756841,1.0566075814873914,-1.1706655746872596,0.11405799428839852,-1.4643103188106261,0.47979427478045594,0.9845160435116499,0.9118780316186398,0.19400574352151928,-1.1058837739380185
1.0300601202404809,388.07051996378857,0.9988146577084855,-0.7807089577029078,0.41806907398351556,0.9780850431611572,0.801303850617537,0.47899875602643477,-1.2803026026129594,0.20150383943889932,-1.3818585399902235,1.1803546984282947,-0.6968533381499298,1.1818042579705623,-0.48495092145996144
1.034068136272545,389.5797018217133,0.9989272061945028,-0.7858100470091727,0.41950492414506013,0.9780895486591696,-0.9715305667836402,1.2301323003239335,-0.2586017332752793,1.48878671984886,-0.648499158597649,-0.840287563050248,-1.0097676804857383,-0.04857022332754357,1.0583379020501928
1.0380761523046091,391.0895744946076,0.9995716308354006,-0.790525304764179,0.42011518495888117,0.9780937461093334,-0.9175166854242882,-0.34114354138249714,1.2586602282647055,-0.02030745265918965,1.302994507770482,-1.282687057478025,0.5769430896190164,-1.200043920911639,0.6231008311704932
1.0420841683366733,392.6003076773043,1.0000714128267973,-0.7929388336224202,0.41839585356654974,0.9780970323448099,0.8687503305002852,-1.2785927854197476,0.40984245442455053,-1.4914221885262087,0.8057378939488611,0.6856842929984859,1.0872303957760225,-0.10213355911355282,-0.9850968375174327
1.0460921843687374,394.11170263989084,1.0004508385365771,-0.7918537883734644,0.4162005226048258,0.9780993313982568,1.027586084155761,0.1845932653814242,-1.2121793537049883,-0.1579119719314574,-1.2068290697075932,1.364741038385235,-0.4417476882468614,1.1846499593511386,-0.7429022736575441
1.0501002004008015,395.6235923010968,1.0007297812043272,-0.78906090314517,0.41513829310466666,0.9781005144880434,-0.7401487257067361,1.3004657850634818,-0.5603170662577763,1.472834383856138,-0.9489340051825627,-0.5239003805300693,-1.132933136200954,0.2419630572253378,0.8909700777998442
1.0541082164328657,397.13584156920666,1.000930487979174,-0.786231318289854,0.41423994381520146,0.9781003231487646,-1.1169346733825187,-0.02306277808906887,1.1399974486669944,0.33168440463383886,1.095011449198775,-1.4266958518519168,0.3068318327465812,-1.148452850556785,0.8416210157785957
1.0581162324649298,398.64834725206185,1.0010716261303,-0.7829024554497278,0.412439830871547,0.9780987569208281,0.59924696953197,-1.3006001745827553,0.7013532054084148,-1.4339967799924862,1.0777667489955285,0.35623003156571,1.1595947519822303,-0.3739917607607306,-0.7856029949172452
1.062124248496994,400.16102860129774,1.0011644501635903,-0.778385360723774,0.4103696514398495,0.9780958031924675,1.1894275224380189,-0.14132419923445907,-1.0481033210392412,-0.49984550467316013,-0.968755929912044,1.468601434139192,-0.1689515012729545,1.0929774564817658,-0.9240259577557973
1.066132264529058,401.673818474257,1.0012181072057207,-0.7732862314692645,0.4088486578672198,0.9780916120241571,-0.44597437989763844,1.2771027529636814,-0.8311283735966741,1.375643018804402,-1.1912206356151096,-0.18442238623176938,-1.1653150192973758,0.49473026289567235,0.6705847522181183
1.0701402805611222,403.1862414971701,1.0006205037125682,-0.7684043692399551,0.4077781383709634,0.9780867685649905,-1.2388475765068865,0.3007243944496357,0.9381231760160944,0.6609799384271577,0.8292442289038773,-1.4902241698203447,0.03479703233641179,-1.0246262096283172,0.9898291757411108
1.0741482965931863,404.6977357842257,1.0000748593447493,-0.7649525402352422,0.40879355653142674,0.9780833781287205,0.29181046029408464,-1.2321987052473435,0.940388237105909,-1.297494215346871,1.28903298277635,0.008461231708334127,1.1609627430049432,-0.6070078838462187,-0.5539548593791184
1.0781563126252505,406.2085046789625,0.999656716789802,-0.7649352155863459,0.4110850225193107,0.9780808737309701,1.2671260761007765,-0.4438349886306561,-0.8232910953210042,-0.8157491423940655,-0.6753376958383894,1.4910868391024343,0.09818917038988734,0.9552916718236315,-1.053480841244945
1.0821643286573146,407.7187255494041,0.9993461576360493,-0.7674620100818234,0.4125273144214052,0.9780791647552031,-0.14657977026106273,1.1806671484120042,-1.0340873786498332,1.1992403021868436,-1.3700903716384882,0.17085007345953568,-1.1557526092980497,0.724267651620138,0.4314849587602936
1.0861723446893787,409.2285449454229,0.9991215271943048,-0.7703812976952156,0.41333478485830527,0.9780787227127222,-1.2866831142461017,0.5803333838291378,0.7063497362610875,0.9606664655608326,0.5096043814494278,-1.470270844407178,-0.24043445406951297,-0.8731922450414543,1.113626698088806
1.0901803607214429,410.738076402776,0.9989620801679927,-0.7734580427850907,0.41483114573057983,0.9780798214285695,-0.0007096594029893377,-1.1167768392375106,1.1174865041120354,-1.0824836353019136,1.4318433081382236,-0.3493596734727892,1.1351492736938806,-0.8369722491043563,-0.2981770258606271
1.094188376753507,412.2474071508402,0.998854180279776,-0.777599620173003,0.41691858475535093,0.9780823350312208,1.2897811510108916,-0.7081522188356495,-0.5816289309587446,-1.0924184485585064,-0.33515008166065474,1.4275685295561908,0.3821609213939236,0.7791071787166521,-1.1612680984166162
1.0981963927855711,413.7566082385236,0.9987890702325196,-0.7826480847786637,0.4186575839597428,0.978085990268497,0.1454232950981077,1.0416835727493607,-1.1871068663492705,0.9490494669509941,-1.4725940805001505,0.5235446119675708,-1.1009234906796443,0.9435126453246565,0.1574108496945989
1.1022044088176353,415.2658889486049,0.9991404251539547,-0.7876836626184572,0.41996987156352694,0.9780907853162208,-1.2801274588991458,0.8294403808007251,0.4506870786961422,1.2082265696775445,0.15528089961529884,-1.3635074702272147,-0.524649265512534,-0.6698584536775901,1.1945077234843056
1.1062124248496994,416.77604750511847,0.9997387031582184,-0.7919704017593664,0.4198963311149508,0.9780946840988054,-0.29423474519868675,-0.9525828520096793,1.2468175968577706,-0.8023893123815355,1.4915064317527567,-0.689117119567324,1.044698452358994,-1.0363503495734405,-0.00834809879196552
1.1102204408817635,418.2870038650475,1.0002007815761629,-0.7933174418757957,0.41779585235734856,0.978097714990046,1.2522601144538932,-0.9489792867864664,-0.30328082728619,-1.3048123572264014,0.023954355209009348,1.2808580040216333,0.6569376374619642,0.5417250419992687,-1.1986626740108994
1.1142284569138277,419.7985693879078,1.0005481850536349,-0.7914306318954147,0.41587875291042226,0.9780999344289604,0.4502901393965092,0.836615720667832,-1.2869058567084082,0.6469193779736041,-1.4888280465653598,0.841908670548252,-0.96062744336566,1.0981362659193612,-0.13750882018326555
1.1182364729458918,421.3105859318557,1.0008015114627289,-0.7885216776123196,0.4149989078682168,0.9781008369919896,-1.1941201809907016,1.0513529735157714,0.1427672147835626,1.3815225154353032,-0.2002540694034034,-1.1812684462218077,-0.7655884993273686,-0.4090764318274095,1.1746649330127854
1.122244488977956,422.82292825551616,1.0009828100847662,-0.7856381689346442,0.4138617150454394,0.9781002648839899,-0.5971997182091782,-0.7043526647833906,1.3015523891857605,-0.484240445241476,1.4653894797802722,-0.9811490352642569,0.8647488508659669,-1.138066037800013,0.27331718734693433
1.12625250501002,424.33550097581485,1.0011085158447879,-0.7819598477319014,0.4118840030386082,0.9780983104202495,1.116722648443677,-1.1373323822947685,0.020609730690946237,-1.4385645710550605,0.37234876780601467,1.0662158005412348,0.859735383360581,0.2727438029164203,-1.1324791826068317
1.130260521042084,425.8482279935613,1.0011884048887678,-0.7771367586292194,0.40992527966218434,0.978095138920911,0.7367213378425117,0.5579177113220593,-1.2946390524374776,0.31573139589297883,-1.421923392532634,1.10619199509314,-0.7557592193249011,1.1569921655850988,-0.40123294582101277
1.134268537074148,427.3610090856449,1.0010366065501926,-0.7720379801255145,0.4085259826249038,0.9780906052671648,-1.0182636699524836,1.2026175232666558,-0.18435385595660472,1.4756227064155867,-0.5387142677951853,-0.936908438273218,-0.9358108512444445,-0.1375217065490004,1.073332557088998
1.1382765531062122,428.8730609592967,1.000400219349202,-0.767387236414535,0.4080327987318246,0.9780865450639415,-0.8590398859663915,-0.40478479055426725,1.2638246756263776,-0.14244826384148335,1.3586257649913833,-1.2161775003355197,0.6421552313352725,-1.160793738643961,0.5186385067220347
1.1422845691382764,430.3842631918218,0.9999069428022539,-0.765149661111216,0.40982790583000267,0.978083362170867,0.908682457361818,-1.2436728511787556,0.33499039800982544,-1.492359266040187,0.6997294632067617,0.792629802819173,1.0042425849373502,0.0054675561231591445,-1.0097101408422129
1.1462925851703405,431.89481270005615,0.9995330210668627,-0.766368288551865,0.4119783769225227,0.9780812008468553,0.9614857667131683,0.25968671321066467,-1.2211724747875876,-0.03611643403768128,-1.2747776074851576,1.3108940420455295,-0.5272983692607233,1.164604139334005,-0.6373057684548201
1.1503006012024046,433.4048750211876,0.9992584862392188,-0.769185903641489,0.41299773115712374,0.9780801882119711,-0.799303809332826,1.2745557727562105,-0.4752519582550857,1.4878728001304578,-0.8533196726014856,-0.6345531277659001,-1.0743620081419858,0.1351529075192841,0.9392091012284068
1.1543086172344688,434.9145835647201,0.9990611313275679,-0.7720267276221556,0.413924945674625,0.9780804544438761,-1.0556440782043037,-0.11359212663587326,1.1692362083357035,0.21637544116765645,1.1712663976817603,-1.3876418399208352,0.3990613426350166,-1.156131602778658,0.7570702622391312
1.158316633266533,436.4240401889381,0.9989226591472861,-0.7754139288519024,0.41575082995818385,0.9780821338356572,0.6804886369844855,-1.2902116327488131,0.6097229981052447,-1.4614076260879283,0.9955986040656762,0.4658090208970962,1.1322212171558408,-0.2779619892673064,-0.8542592270079538
1.162324649298597,437.9333248347903,0.9988320630841806,-0.7799831683743927,0.41780518720026294,0.9780851137539769,1.135412750259601,-0.03135947763631547,-1.1040532726238368,-0.3944242267264799,-1.0497935183391465,1.4442177439212978,-0.26388846625983675,1.1342476470123886,-0.8703591788318487
1.1663326653306612,439.44250317980385,0.9987734082461434,-0.7850799621493425,0.4193173859654226,0.9780894076526174,-0.5559449311803355,1.292459563731425,-0.7365146346169978,1.4130754258789027,-1.1236530098433613,-0.2894224155208535,-1.178440565966262,0.4227188890896795,0.7557216807269562
1.1703406813627253,440.95210020242877,0.9994102040504907,-0.789939553088829,0.42035602863211763,0.9780942298304482,-1.2052218380358393,0.17866878839059386,1.0265530487897794,0.5667358631275421,0.9127654411582535,-1.4795013033035547,0.11876348819447757,-1.0935882561387198,0.9748247676230148
1.1743486973947894,442.46261980047603,0.9999489199920867,-0.7932378512853544,0.4192092788574092,0.9780978229767081,0.4180241050539043,-1.2798092530912881,0.8617851483639933,-1.3446122448498554,1.2341563647522884,0.11045588125863154,1.201266648226252,-0.5632700628499312,-0.6379965856069694
1.1783567134268536,443.9738551935072,1.000361209774274,-0.7930733092017156,0.41690620971751535,0.9781003898747398,1.2616454711805287,-0.3358153159374807,-0.925830150395067,-0.7277562746195388,-0.7650991444254385,1.4928554203516866,0.030538368142582983,1.0230336421342847,-1.0535720146556846
1.1823647294589177,445.48563048115716,1.0006668960657432,-0.7904798724676494,0.4155309016451399,0.9781020830704202,-0.26098578998256844,1.238315934261501,-0.977330140556635,1.2583205293451853,-1.3251892218573773,0.06686869241050186,-1.190934277907239,0.6825804480237039,0.5083538259718339
1.1863727454909818,446.99780074515684,1.0008877971656955,-0.7875755332497383,0.4147150352815117,0.9781025575059149,-1.2912056604403634,0.48879067749870186,0.8024149840963103,0.8765105732569101,0.6086108380759553,-1.4851214124918752,-0.1692521378274781,-0.9365219576873833,1.1057740923908497
1.190380761523046,448.5102540622572,1.001044435517595,-0.7844740553581101,0.41315523038484825,0.9781013745694901,0.09986638255195718,-1.1747133321024545,1.0748469463834232,-1.1553100322499263,1.3969258604629713,-0.2416158314997997,1.1621606689898223,-0.7865566160306412,-0.37560405443630673
1.19438877755511,450.02290426678525,1.0011500365360573,-0.7802685157215987,0.4110548095333844,0.9780988258968414,1.3005259421536373,-0.6354561149969211,-0.6650698352723334,-1.012090530074094,-0.4448407681338603,1.4569312967412005,0.3028925723689598,0.835684658503346,-1.1385772297220424
1.1983967935871742,451.5356809511906,1.0012132423804538,-0.7752011331454917,0.4093574670121067,0.978095075859551,0.06544737755281496,1.0895861809226328,-1.1550335706433825,1.03702765006578,-1.4491978018450102,0.41217015125834755,-1.1138828440742334,0.8734608018108094,0.240422044026299
1.2024048096192383,453.04834526155156,1.0008259785019775,-0.7701882612592039,0.40809381534562056,0.9780901625181703,-1.285765485921468,0.7696383622977071,0.5161271150633175,1.1335180487151084,0.27536664128600896,-1.4088846883748756,-0.4260009044744969,-0.7266995228030262,1.1527004282447495
1.2064128256513025,454.5601147093219,1.0002351894206645,-0.7659889792720047,0.40830254688179574,0.9780864924300973,-0.22383708260048557,-0.9877029959145667,1.2115400772065008,-0.9035178969101314,1.4815384769823494,-0.5780205780319531,1.0558766513012692,-0.9478430021901649,-0.1080336489135271
1.2104208416833666,456.0710965972766,0.9997792976881102,-0.7648241988575524,0.4104304498369241,0.9780836521571757,1.2516618695588324,-0.8823806715164616,-0.3692811964081546,-1.240878023668882,-0.09905845139738648,1.3399364760959196,0.5451145593656986,0.6172661929959721,-1.1623807535747885
1.2144288577154307,457.58147792869033,0.9994370944448839,-0.7668150047096642,0.41228033023002786,0.9780814994707454,0.36707678872257654,0.8845444048496719,-1.251621188120585,0.7546024974991336,-1.4932447771365625,0.7386422801429118,-0.9963121046076903,1.0245694174391675,-0.02825731351758265
1.2184368737474949,459.09141525426867,0.9991878441613374,-0.7697268425752757,0.413147095953793,0.9780806926803784,-1.2118219974728892,0.9853728450736448,0.2264491590026323,1.3318535592424237,-0.08119564713107745,-1.2506579108651434,-0.6700968884018015,-0.4966987630793238,1.1667956530295096
1.222444889779559,460.60103218461865,0.9990096529443414,-0.7726290315782911,0.41431946617589027,0.978081464902693,-0.5074151687061315,-0.7731664008292767,1.280581575661882,-0.5929591753840628,1.483252855361811,-0.8902936799415279,0.9212886541645524,-1.0929988115462037,0.1717101583913794
1.2264529058116231,462.11042293695346,0.9988864733888807,-0.7763736534876323,0.4163082186658386,0.9780834826039541,1.156726147057457,-1.075359351706916,-0.08136678795967936,-1.4038680276847721,0.26170050263325206,1.1421675249125705,0.7891324156765379,0.3672084858079367,-1.15634090085313
1.2304609218436873,463.6196628855703,0.9988086841121591,-0.781229170274277,0.4182363237174452,0.9780867124361645,0.6390048025924424,0.6551034104368595,-1.2941082062541462,0.421703357217593,-1.4511746468346702,1.0294712881455619,-0.8340653893113441,1.1507172239045238,-0.3166518368396459
1.2344689378757514,465.1288676635529,0.9989991787481359,-0.7863164930641082,0.4196372041232198,0.9780912800820187,-1.0904597361824098,1.1543634686578703,-0.06390373591575606,1.4552373688800049,-0.43888956085034775,-1.0163478094150542,-0.9027893939924427,-0.2275661961170844,1.1303555876161453
1.2384769539078155,466.63883649176563,0.9996276138827798,-0.7909065525541203,0.4200319730797702,0.9780954032478011,-0.7682199635238849,-0.5266055410076227,1.2948254998443358,-0.24471721001574792,1.3977970115098044,-1.1530798022349023,0.7286212524367128,-1.1906975110187863,0.46207625737532043
1.2424849699398797,468.14964420773936,1.000114453564564,-0.7929705586843816,0.4181619022443249,0.9780985893787905,1.005496909093114,-1.2244394931705767,0.2189425795877329,-1.4848324302474976,0.6073249633385387,0.8775074668905671,0.9980388070210553,0.0788725261776494,-1.0769113337748168
1.2464929859719438,469.661095666292,1.00048289564435,-0.7915990391817109,0.41604463164460204,0.9781008288365394,0.8946776978171211,0.3766700316638814,-1.2713477333905085,0.0674380645745557,-1.3254160362636282,1.2579779729569833,-0.6040966427174062,1.196894267578103,-0.5927976239775583
1.250501002004008,471.1730268029284,1.000753007819386,-0.7887614518431213,0.41505950579022816,0.9781018547474455,-0.8930259952046743,1.2698331052973149,-0.3768071126993364,1.49296498865284,-0.7644859076978177,-0.7284790806975242,-1.0631791154707069,0.06311176578537137,1.0000673550114247
1.254509018036072,472.68530588894765,1.000947043722396,-0.7859312202332159,0.4140971029422697,0.9781014601180461,-1.0032313022641204,-0.2185409863105376,1.2217722831197673,0.10859651686347305,1.2354124588539812,-1.3440089727953568,0.47619111459976315,-1.1813732338946388,0.705182121940215
1.2585170340681362,474.19783249802754,1.0010829407477164,-0.7824972386062499,0.41222783744798625,0.978099742318382,0.7658311635408634,-1.2944777181170022,0.5286465567252259,-1.4803716918976733,0.9097545597783848,0.5706171340212804,1.1099351225336707,-0.20042058949616914,-0.9095145353904064
1.2625250501002003,475.7105275390627,1.001171390113187,-0.7778737630845558,0.410188884955313,0.9780966591101048,1.0970661751342212,0.05416263088127232,-1.1512288038542071,-0.2821444915718783,-1.1288953332162668,1.411039824045714,-0.34237373390649617,1.1455014601516365,-0.8031277292338179
1.2665330661322645,477.2233264398664,1.0012259411595679,-0.7727734861928213,0.4087157617192637,0.978092325385385,-0.6234903573994737,1.295611844305261,-0.6721214872438102,1.4474963656926578,-1.0419179422292377,-0.40557842458339954,-1.1360238046438367,0.32904929558428764,0.8069745070389152
1.2705410821643286,478.73565308448826,1.0005595101893898,-0.7679398381972167,0.40774891386892154,0.9780875886481528,-1.1689340397492907,0.10835078167889206,1.060583253625019,0.4517862841258469,1.0067865438427086,-1.458572829370719,0.20975984185673613,-1.0956407557841028,0.8858809089596331
1.2745490981963927,480.2470659682855,1.0000276586206736,-0.7647955935768121,0.4090087787882185,0.978084058178421,0.47747969795612866,-1.2742932914075193,0.7968135872422573,-1.3940211988726452,1.1608496881215793,0.23317151081535814,1.1523752493656068,-0.4507677174397302,-0.7016075343491215
1.2785571142284569,481.7577725610534,0.9996211472125845,-0.7651264925926545,0.41130446029766454,0.9780816113533014,1.2196861400824472,-0.2566931539705338,-0.9629929923883246,-0.6182292427108211,-0.8680957930629949,1.4863250362355416,-0.07755437709382404,1.04487200490466,-0.96731762868613
1.282565130260521,483.26794723332324,0.9993202025624597,-0.7677696431677306,0.4126234054540564,0.9780800603016666,-0.33776361397337284,1.2446709713486366,-0.9069073617335528,1.319460754302917,-1.2651853306163412,-0.054275423403788076,-1.1684413933856361,0.5784369891826115,0.590004402076092
1.2865731462925851,484.7777332449449,0.9991029382625902,-0.7706760387313347,0.4134399591567817,0.9780797293095467,-1.2611740218685517,0.40022589587718865,0.8609481223233372,0.7777945265778752,0.7149329721898459,-1.492727498320449,-0.06519733514004314,-0.9811940114085206,1.0463913454915472
1.2905811623246493,486.2872410356946,0.9989491325251131,-0.7738250998305246,0.41503368231812854,0.9780809320049084,0.19401490516597691,-1.2016085895948412,1.0075936818947069,-1.2248577231232762,1.3518910622262454,-0.12703333924451762,1.1696182684252219,-0.7033275585706913,-0.46629071203794226
1.2945891783567134,487.7965558301538,0.9988458796112314,-0.7780911335755939,0.4171313584651959,0.9780835482676801,1.2863755919112219,-0.5370647174952978,-0.749310875440692,-0.9269303165567467,-0.5501688765781518,1.4770991929750519,0.2095328305560249,0.9047621932809259,-1.1142950268454899
1.2985971943887775,489.3057473662426,0.9987845734779498,-0.7831736006073629,0.4188095516000238,0.9780873237683659,-0.05045071861020728,1.1462291454029783,-1.095778430069088,1.1115835251781852,-1.4189057142852652,0.30732219016908596,-1.1572934696091361,0.8241118613862182,0.33318160405255837
1.3026052104208417,490.8150865759503,0.9992072332408765,-0.7881587296007426,0.4200709701786275,0.9780923281239731,-1.298838469411982,0.6695892666849866,0.6292492022719387,1.0625736202774774,0.3768688194232102,-1.4394424382888527,-0.3571546112841537,-0.8118016851362468,1.1689562935280038
1.3066132264529058,492.32533440001424,0.9997906179218536,-0.7922612788311006,0.4197326580157851,0.97809606445458,-0.09987490060469878,-1.075874878948612,1.1757497800331151,-0.9827192839425339,1.4646857830054978,-0.48196649818530213,1.1221029475231223,-0.9334002637718782,-0.188702687029842
1.31062124248497,493.8363596438916,1.0002403718412554,-0.7932396727038783,0.41755208322969095,0.9780989128668311,1.2941218623901003,-0.8033150269900451,-0.4908068327853902,-1.1806922706747467,-0.20106685052534634,1.3817591202533606,0.4982051055796259,0.696503190300074,-1.1947083016839533
1.314629258517034,495.347976868811,1.0005773750700435,-0.7911402816498472,0.41576476354329034,0.9781010401321761,0.2609483949982777,0.9776655702525119,-1.2386139640907843,0.8421900615876118,-1.4888130221221214,0.6466229591224231,-1.0567915187476473,1.0136672118784165,0.043124301672521625
1.3186372745490982,496.8600310690015,1.000822542228706,-0.7882277881571755,0.4149203858858328,0.9781018424666854,-1.259178484891843,0.923280643690501,0.3358978414083951,1.2804752688094934,0.024876275453597607,-1.3053515465825578,-0.6188887649565642,-0.5730108145940072,1.1918995766045144
1.3226452905811623,498.37240031777736,1.0009976846450128,-0.7853322516774579,0.4136922968194837,0.9781009497194957,-0.4163550315635999,-0.861033996360349,1.2773890254150344,-0.6914845926887034,1.4918911511743886,-0.8004065596462238,0.9771689313044313,-1.0731650630467635,0.09599612895583048
1.3266533066132264,499.88499165483415,1.0011184348130628,-0.7815320459780273,0.41167470034541215,0.9780987952819432,1.2043278451483583,-1.0292549871693997,-0.1750728644714306,-1.361798728494244,0.15023950699957858,1.2115592203145003,0.7272277522439113,0.44268144147741706,-1.1699091954381597
1.3306613226452906,501.3977304288057,1.0011941918734435,-0.7766323704514178,0.4097759573955866,0.9780955029876068,0.5676048979541879,0.7276008378058523,-1.2952057427240904,0.5320312767591334,-1.4744553737689876,0.9424240969687769,-0.8822349456352965,1.1122111107922936,-0.2299761659233456
1.3346693386773545,502.91048274887623,1.0009655347393474,-0.7715503596514184,0.4084109825334477,0.9780908662762532,-1.126755645940107,1.1163251686346838,0.010430472065760088,1.4241445451250465,-0.322732022162945,-1.1014125232260137,-0.8192171711045978,-0.31069929438570454,1.1299164654995473
1.3386773547094186,504.4224396616234,1.0003449390451344,-0.7670210267981333,0.40813447784186985,0.9780869664749792,-0.7040429658328557,-0.5844367366735038,1.2884796991131684,-0.36464243021545373,1.4364671192559684,-1.0718246881902518,0.7809325056335624,-1.136467734733138,0.3555352293403591
1.3426853707414828,505.9335683312299,0.9998644941218027,-0.7651327138613391,0.4100668906369439,0.9780838734370609,1.0355749483960925,-1.1793246963192914,0.14374974466237772,-1.4672587589899664,0.4931969050780264,0.9740618556296812,0.9046028357960514,0.1806898600242503,-1.085292697210643
1.3466933867735469,507.4440621633318,0.9995014545228563,-0.7666275053284902,0.41212867762540883,0.9780817571035034,0.8215994348076091,0.4468412822977368,-1.2684407168413776,0.1889276486599934,-1.3772591232043652,1.188331477097827,-0.678019999598746,1.1612902946849408,-0.4832702955425122
1.350701402805611,508.95408366241605,0.9992356366052331,-0.7694828917823839,0.41307823416075534,0.9780808394858115,-0.9426350994729051,1.2319841715901303,-0.2893490689140854,1.4899127781503199,-0.6592412057837734,-0.8306715708836231,-0.9926400422574888,-0.0412083722341213,1.033848412838077
1.3547094188376752,510.4637628838399,0.9990448645459096,-0.7723259539844535,0.41407579931467864,0.9780812860523499,-0.9319801029814971,-0.30603001568065935,1.2380101238678631,-0.008312408547839323,1.2972090829641623,-1.2888966749069133,0.5609042062786336,-1.174521383172312,0.613617175619611
1.3587174348697393,511.9731989769171,0.9989115835134874,-0.7758223325817084,0.41596415780725987,0.9780831023133237,0.8383504283330824,-1.269437808925318,0.43108738360585586,-1.49074755340446,0.8169023123203886,0.6738452399437558,1.0698735179273455,-0.10237360482968247,-0.9674999143928357
1.3627254509018034,513.4824702603145,0.9988253174655027,-0.7804815937116056,0.41797620810865416,0.9780862700050311,1.029180436618804,0.164121441374661,-1.193301877048207,-0.1733798448681022,-1.1975213571933065,1.3709012003833347,-0.4350852136345851,1.1747189606683408,-0.7396337469919178
1.3667334669338675,514.9916412185419,0.9987945373088714,-0.7855759700769109,0.4194453994600102,0.9780906513157679,-0.7264624732373186,1.293725151251281,-0.567262678498892,1.4694583792514107,-0.9630595892828657,-0.5063987914211134,-1.1368320653363448,0.250276455991933,0.8865556088230659
1.3707414829659317,516.501338065357,0.9994704339389394,-0.7903796513363395,0.42036700507128516,0.9780953346953455,-1.1181582798682381,-0.017498712370546954,1.135656987460771,0.3524598983402012,1.080162872290345,-1.4326227731277879,0.29689770419941197,-1.1558660995717234,0.8589683958055893
1.3747494989979958,518.0119380258955,0.9999954907591428,-0.7933797449921994,0.4189955069872145,0.9780989056617122,0.5992387149359482,-1.3040880787803242,0.7048493566804972,-1.42698342666726,1.0936813481888277,0.33330207785232524,1.181090011381652,-0.3972981803149517,-0.7837918290637289
1.37875751503006,519.5232348398218,1.0003962409645937,-0.7928743509598066,0.4166989860490989,0.9781013539555611,1.1960872463549983,-0.14229011816102344,-1.0537971322256736,-0.5232059235115303,-0.949419420554344,1.4726253451369706,-0.1502270673960997,1.1052423732367576,-0.9550153047897586
1.382765531062124,521.035055594149,1.0006924237409995,-0.7901771769690678,0.4154408956965049,0.9781028914919102,-0.4502139212563752,1.2861914694907979,-0.8359775498750306,1.3650348470294553,-1.2065025256672703,-0.15853232038878246,-1.192122772046419,0.5267993968771284,0.6653233749159406
1.3867735470941882,522.5472586838678,1.000906068795306,-0.7872901294735422,0.4146111495293525,0.9781031576614307,-1.249227569700014,0.30155077507346906,0.9476767973289556,0.6844490609270715,0.8070695136443268,-1.4915185736159449,0.010301479052542792,-1.036383867496587,1.026082387302346
1.3907815631262523,524.0597352447504,1.0010571320212454,-0.7841074266263005,0.4129564283432616,0.9781018778969045,0.29371018061484566,-1.245779837839864,0.9520696606977481,-1.2846731047233848,1.3015647699742423,-0.01689166497948718,1.1840732076789022,-0.6435371379425602,-0.5405360705882868
1.3947895791583165,525.5724010550744,1.0011581253420578,-0.7797817250558416,0.4108514950863105,0.978099166395341,1.2829470864604413,-0.4577908787519316,-0.8251562098681848,-0.8351609570628914,-0.6545280394610281,1.4896889964147364,0.12755442084000895,0.9510231726221406,-1.078577591900157
1.3987975951903806,527.0851870033923,1.001217573958648,-0.7746863158650774,0.4092162586579156,0.9780952345866222,-0.12989220672858992,1.1827173379604206,-1.0528251277298515,1.1870521698794305,-1.378262541360672,0.1912103731443578,-1.1555308388745182,0.7450969397575172,0.4104339004533907
1.4028056112224447,528.5977874612992,1.0007600016947475,-0.7697006626349404,0.40799757120111085,0.978090300561979,-1.2926652796903468,0.6042982831325802,0.6883670027287921,0.9740844816855652,0.4932808843445466,-1.4673653651677416,-0.25735043930485807,-0.855378704953695,1.1127291446881622
1.4068136272545089,530.1094687568063,1.0001839375630506,-0.7657062940268853,0.4084732997505312,0.9780867344329809,-0.030088261462752786,-1.100847664937221,1.1309359278657434,-1.0722024716401062,1.4362981101365868,-0.3640956380183368,1.11681467863468,-0.8355087027878709,-0.28130597681694874
1.410821643286573,531.6203826849364,0.9997402713778021,-0.7649091187105143,0.4106703874598672,0.978084031803622,1.2818842926322336,-0.7311168997623835,-0.5507673908807025,-1.101678472045382,-0.3221569673662747,1.4238354385254988,0.38422042934292233,0.7589219803482125,-1.1431424122889753
1.4148296593186371,533.1307130890459,0.9994083618941705,-0.767094362064642,0.41238666197986995,0.9780819636432329,0.17696289936346116,1.0154067262124333,-1.1923696252838647,0.939836360582357,-1.4747947446423768,0.5349583829621205,-1.0767296966587647,0.9291616725727755,0.147568025092773
1.4188376753507013,534.6406133627437,0.9991671588362291,-0.7700082223657215,0.41322183056029205,0.9780812605756952,-1.2641019672460754,0.8490061616322785,0.415095804687546,1.2150663704046902,0.14402439508926257,-1.359090766005953,-0.5182135483031549,-0.6507160447036213,1.1689295947242364
1.4228456913827654,536.1502038289045,0.9989950515680316,-0.772948124672577,0.4144966260753107,0.9780821666757075,-0.32279976868290916,-0.9200671956834737,1.2428669655683227,-0.7923094739529921,1.4921380138669718,-0.6998285394375581,1.021075879876066,-1.0158859067314145,-0.005189974105130335
1.4268537074148295,537.6595763399574,0.9988767838419703,-0.7768132025638687,0.41652432772539333,0.9780843332686258,1.2302444891539155,-0.9553298297659713,-0.2749146610823844,-1.311390515372345,0.037643685426950624,1.2737468297942003,0.6482597997127046,0.5322220185440987,-1.1804818195852138
1.4308617234468937,539.1688048432933,0.9988030797697889,-0.7817378605632015,0.4183906722709788,0.9780876965022488,0.4620049515384301,0.8161438590328174,-1.2781488125286427,0.6322659492519263,-1.4873766191152695,0.8551106698186384,-0.9524272451524063,1.0933775440628586,-0.1409503003364102
1.4348697394789578,540.6780441552305,0.999069357490381,-0.7868055482562402,0.4197561840313058,0.9780923445231703,-1.184336282001621,1.0520833822809246,0.13225289929541628,1.3884830487478133,-0.21926698521037685,-1.1692160641402634,-0.7751330603251319,-0.4015598939919274,1.1766929536298483
1.438877755511022,542.1881067556923,0.9996821966975715,-0.7912721555395875,0.4199241895070735,0.9780962302825462,-0.601338295180164,-0.7002414248776113,1.3015797197346934,-0.4635796237644961,1.4608543267736558,-0.9972747032666268,0.8638460918497914,-1.1543473626062184,0.29050127059370623
1.442885771543086,543.6989870674079,1.0001563127842357,-0.7929796517777689,0.41792927332438407,0.9780992794702712,1.1195623717512435,-1.1425121150089796,0.02294973906800421,-1.4444856662092462,0.3950858894250222,1.0493997749731725,0.8861984756665049,0.25804985912849204,-1.1442483325930792
1.4468937875751502,545.2104933785699,1.0005139665118465,-0.7913459310538744,0.4159101434010633,0.9781014750897923,0.7414994312631601,0.56028880668055,-1.3017882454921081,0.2912766825353075,-1.4138725787136235,1.1225958960114713,-0.752613618857893,1.181887992404132,-0.4292743694328368
1.4509018036072143,546.722464675139,1.0007754781026095,-0.7884795745109313,0.4149891904185604,0.9781023460655068,-1.0257294442911107,1.2104871603407108,-0.1847577203372061,1.479128119124527,-0.5626325492951596,-0.9164955664547771,-0.9692483337028449,-0.11707012191443317,1.0863184552256036
1.4549098196392785,548.2347725862203,1.0009630255167337,-0.785639989741042,0.41394763681082186,0.9781017932534353,-0.8668184519066173,-0.40910355274644605,1.275922007366383,-0.11697380674726106,1.3477002165268623,-1.2307264059841314,0.6345690347256475,-1.1873584881136898,0.5527894522619197
1.4589178356713426,549.7473193387054,1.0010937840710334,-0.7820956305875074,0.4120197885017099,0.9780998824925635,0.915165132156569,-1.2591298324177802,0.3439647116898416,-1.493039923720803,0.7210149211546657,0.7720250051582923,1.0350294942687754,-0.02245637245609025,-1.01257312018956
1.4629258517034067,551.2600274179665,1.001177939132612,-0.777373710038218,0.41002262458902994,0.9780967128596412,0.979938996846009,0.24843223035988002,-1.2283712173049735,-0.05800225818191901,-1.2633383003342296,1.3213405572142816,-0.5077971097216257,1.1718400429951754,-0.6640429337108573
1.4669338677354709,552.7728301745619,1.0011677756186457,-0.7722808721916824,0.4085927196768943,0.9780922429763002,-0.7869265020533807,1.284868165309161,-0.4979416578509739,1.4863854992726377,-0.8688770271060069,-0.6175084745759807,-1.0808423589054148,0.15603863185313052,0.924803726903819
1.470941883767535,554.2850554947915,1.0005000269007926,-0.7675023501140775,0.40775382710819885,0.9780877213916626,-1.0725576966263544,-0.08637982828710565,1.1589375246901565,0.23232030185950003,1.1613953980033016,-1.393715702235227,0.3798261568803129,-1.1416089859184382,0.7617828295867908
1.4749498997995991,555.796389041343,0.9999817054022347,-0.7646575932290445,0.40922257112681215,0.9780842417585797,0.652021855167654,-1.2871246683765127,0.6351028108280343,-1.4586995368112237,1.0061694155261316,0.4525301191447573,1.1174486473590513,-0.284237053133599,-0.8332115944437626
1.4789579158316633,557.3070350768329,0.9995866384510265,-0.7653233702238847,0.41149769809772124,0.9780818545848677,1.1442478753666996,-0.06373449199470599,-1.080513392166795,-0.4066110891737436,-1.0410289977907272,1.4476400844704098,-0.2515998769530287,1.1106525715182682,-0.8590526943189569
1.4829659318637274,558.8171649881174,0.9992950838222641,-0.7680604683612153,0.4127054607200225,0.978080449465378,-0.5211542230477597,1.2801037263299124,-0.7589495137865674,1.4095847932885774,-1.1314308859837274,-0.2781539067204574,-1.1545259720352419,0.4193425425799646,0.7351834317007593
1.4869739478957915,560.3269187137007,0.9990849760478504,-0.7709523551781781,0.413546819097479,0.9780802789716314,-1.2067161687111803,0.2109980742162207,0.9957180883352494,0.5772045971281603,0.9039510425126672,-1.481155637505358,0.11165254529510366,-1.0669360789127644,0.9552835345311748
1.4909819639278556,561.8364036819528,0.9989366866641055,-0.774185779848845,0.4152299986193984,0.9780815965010312,0.38421813770363294,-1.2587774892512436,0.8745593498746946,-1.3393078127513656,1.2411356609293538,0.09817215478256525,1.1774911472397938,-0.5535502788340267,-0.6239408675796054
1.4949899799599198,563.3457032201738,0.9988380004286012,-0.7785720033211271,0.4173268160184571,0.9780843153458889,1.2533754652616023,-0.353634506256113,-0.899740956039927,-0.7403302360835061,-0.7526420983966595,1.492972336240429,0.03195401316041985,1.0099650370267745,-1.0419190484988643
1.498997995991984,564.8548857736214,0.9987804041935865,-0.7836777776009252,0.41894725999826754,0.9780882303095577,-0.24515282941339828,1.224409766189425,-0.9792569386224868,1.248793142216291,-1.3328996544438105,0.08410651397758862,-1.1874130340716604,0.6858450846189427,0.5015679485420996
1.503006012024048,566.364294107835,0.9992723854680877,-0.7886519771998671,0.420165135425241,0.9780931274473147,-1.2880350418770703,0.4943234375549687,0.7937116065360252,0.8927501071406782,0.5899219060908422,-1.4826720116708076,-0.18137760522666715,-0.9354311522579498,1.1168087568204756
1.5070140280561122,567.8746289755144,0.9998412098631018,-0.7925377517817019,0.41956029374590287,0.9780967200660342,0.09692851853717792,-1.1748828744493576,1.0779543631699138,-1.1407004309611692,1.4045376381139802,-0.2638372065359868,1.1740315568175292,-0.8092017093431141,-0.3648298482953216
1.5110220440881763,569.3857212570057,1.000278834049053,-0.7931460734450779,0.41732065686632686,0.978099433647687,1.30668060343517,-0.6393595813674351,-0.6673210167681105,-1.02967150995365,-0.42151990662403077,1.4511914156631798,0.3281807133069301,0.8353724279509344,-1.163553141803536
1.5150300601202404,570.897388629394,1.000605646869881,-0.7908645225858641,0.4156686767760357,0.978101444189571,0.06561488742086943,1.0966440450738162,-1.1622589258980829,1.0182837857302742,-1.4548651056500574,0.4365813208009217,-1.1287819437777322,0.9061115470098939,0.22267039464334643
1.5190380761523046,572.4094792711029,1.0008428808694887,-0.7879574475393567,0.4148476402908182,0.9781021403436907,-1.2957833151605886,0.7742800996213643,0.5215032208220708,1.1502291136491312,0.249458368767646,-1.3996874832293866,-0.45814625307628276,-0.7237598707649026,1.1819061219896663
1.5230460921843687,573.9218745274625,1.0010120202993216,-0.7849975333730179,0.4135045075712334,0.9781012419050039,-0.2261854606197754,-0.9979682064901245,1.2241536689957446,-0.8829362961656071,1.4843315604250138,-0.6013952648819505,1.067188778679464,-0.983843132232364,-0.08334564829354524
1.5270541082164328,575.4344837402216,1.0011279030531457,-0.7810718382896396,0.4114545632241004,0.9780989103480348,1.2644234191450066,-0.8978413373407281,-0.36658208251024915,-1.253934436014111,-0.07529491367356911,1.3292293478371489,0.5782831409474458,0.6023118712266081,-1.1805950134762697
1.531062124248497,576.947233653545,1.0011996145496107,-0.7761082528967773,0.40962121797166556,0.9780954911343397,0.385733515208179,0.8805590151688668,-1.2662925337878224,0.736180945931909,-1.4933149894346958,0.7571340422401036,-0.988401252110988,1.0420832970974865,-0.05368204511922975
1.535070140280561,578.459945751427,1.0008962329694095,-0.7710482207406981,0.40829159296854445,0.9780907693533264,-1.20946169792545,1.004669240301726,0.2047924537209015,1.3401595019487365,-0.09939791504954404,-1.2407615878848628,-0.6840537774060165,-0.4765833115088774,1.1606370893118667
1.539078156312625,579.9718100609978,1.0002910450069908,-0.7666663524789387,0.40825498874538135,0.9780870176663603,-0.5331250987968916,-0.7505926275218133,1.2837177236015802,-0.5785172230959301,1.4815577837777378,-0.9030405613808907,0.9018173349490682,-1.0862073207802074,0.18438998466126816
1.5430861723446891,581.4828670911514,0.9998232168330364,-0.7651362920433527,0.41029992799006537,0.9780840563646189,1.1386619171544683,-1.0880383261430948,-0.0506235897867795,-1.4087466175081453,0.27544548098294447,1.1333011370035706,0.7843302896176818,0.3518321267859982,-1.1361624160623667
1.5470941883767533,582.9933068775623,0.9994708629734308,-0.7668836577961828,0.4122542545421112,0.97808198713163,0.6629338573798081,0.6236854612558455,-1.2866193182556096,0.40965384271224675,-1.4483863972741324,1.0387325556881624,-0.8134035160500168,1.1315736655209758,-0.31817014637156055
1.5511022044088174,584.503288855333,0.999213532685617,-0.7697616934187255,0.41314941775972724,0.9780811550036852,-1.064351931506086,1.1611914966544121,-0.09683956297994839,1.4580548874783659,-0.45017099976996483,-1.0078838870089695,-0.8883187878012242,-0.2167404923634561,1.1050592824711536
1.5551102204408815,586.0129397366873,0.9990291646350148,-0.7726183679895909,0.4142300136812435,0.978081790073651,-0.786984031381889,-0.49142463421126886,1.278408669762858,-0.23280847312469677,1.3936562811703366,-1.1608478078586542,0.7101332798747666,-1.1662426706379903,0.456109392869941
1.5591182364729457,587.5223560764327,0.9989009756591534,-0.7762305863911184,0.4161726567732091,0.9780837415065478,0.9769776216603576,-1.2195653833413556,0.24258776473672777,-1.4862072242603495,0.6196470481603266,0.8665601750936127,0.9831686687267036,0.07571894828946496,-1.0588876135829564
1.5631262525050098,589.0316146467054,0.9988189613384668,-0.7810010437944727,0.4181485072880623,0.9780868612179403,0.8993375665448996,0.3560487258739422,-1.2553862884944318,0.051611203287411866,-1.3179922148939598,1.266381010368488,-0.5965894517485681,1.1885008152168188,-0.5919113600430419
1.567134268537074,590.5407871347875,0.9988697905779583,-0.7860836691741523,0.419579139829739,0.9780913492850039,-0.8805590528933986,1.2654452314025586,-0.384886179943548,1.4923899707801824,-0.7805376127291377,-0.7118523590970185,-1.0693015335755651,0.07193219626849351,0.9973693435921286
1.571142284569138,592.0505848680783,0.999529173032446,-0.7908184857152807,0.420353461257034,0.9780958821037552,-1.0054978302452686,-0.21349543554703085,1.2189932645817714,0.13012988740671003,1.2229552071069285,-1.353085095866117,0.46838652552529936,-1.1918632890515513,0.7234767679148761
1.5751503006012022,593.5612631477043,1.0000408270250247,-0.7935014545758962,0.41878202913757284,0.9780994068770259,0.7670277705506966,-1.2988057928427714,0.5317780227682468,-1.4768226997530267,0.9282486524334679,0.5485740472679151,1.1339951315374672,-0.22226428121704922,-0.9117308487991976
1.5791583166332663,595.0726196538436,1.000430224381661,-0.792666872972333,0.4165160316482347,0.9781017976914741,1.1034031876001973,0.05451597402842784,-1.157919161379139,-0.3067042196465465,-1.1120881515382863,1.4187923731886098,-0.3274905911379885,1.1621854684332091,-0.8346948778469104
1.5831663326653305,596.584484456697,1.0007171301728792,-0.7898890412947189,0.41536091573314554,0.9781031837251967,-0.629253528213384,1.3048919852369125,-0.6756384527807697,1.440582121415713,-1.0602637230730687,-0.3803184002630286,-1.166053131572151,0.3590679915131703,0.8069851341951354
1.5871743486973946,598.0967192922184,1.0009237258104176,-0.7870140501633256,0.41449967400429466,0.9781032569565445,-1.178893742191388,0.10742925072102144,1.0714644916037424,0.47673763555438997,0.9870946077067133,-1.4638322435365883,0.1894851592645393,-1.112465100302947,0.9229799359346086
1.5911823647294587,599.609218264438,1.001069333914395,-0.7837403897542612,0.412759439035392,0.9781018681020439,0.48092617025105167,-1.2886369896360952,0.8077108186480202,-1.384679249830102,1.176448531844331,0.20823071602385257,1.1788761344522247,-0.485929296324589,-0.6929468431540009
1.5951903807615229,601.1218989911424,1.0011657994353567,-0.7792948732214235,0.41066021869922104,0.9780990480372174,1.236304321728501,-0.2697868305502974,-0.9665175004988111,-0.6391320355270402,-0.8492536297535708,1.488385662622844,-0.050512151360814245,1.0444639095730828,-0.9939517581125054
1.599198396793587,602.6346936434416,1.0012215815909962,-0.774165445965013,0.4090745826012383,0.9780950837298814,-0.32213769322147456,1.2489666397703358,-0.9268289566611339,1.3100361338113158,-1.2759330507981415,-0.03410308318308336,-1.170792964414904,0.5999052028575542,0.5708877624548332
1.6032064128256511,604.1472197739254,1.0006956583021296,-0.7692132256942019,0.4079145541126842,0.9780901646362452,-1.2701834617132395,0.42537095045177903,0.8448125035548988,0.7924955758607695,0.699943232676182,-1.4924388068313275,-0.08299883699642929,-0.9644545774890225,1.0474534159736415
1.6072144288577153,605.6588151186554,1.0001339987712605,-0.7654543707590118,0.40865435155766056,0.9780866815578627,0.16425032462917966,-1.188850726557665,1.0246004042416597,-1.2164935130485546,1.3583911536874982,-0.14189763593026783,1.1522884288681547,-0.7041699760972309,-0.4481184510745541
1.6112224448897794,607.1696629203686,0.9997023646911339,-0.7650223216948112,0.41090258606546126,0.9780840895576909,1.2828752810204727,-0.563206616166279,-0.7196686555529903,-0.9374452850819495,-0.537933161501325,1.475378449149898,0.21452457904124894,0.883373368394874,-1.0978979491261829
1.6152304609218435,608.6799439371662,0.9993805355593997,-0.7673741869890703,0.41248282511617435,0.9780821568162744,-0.017170557166589995,1.1230808830053987,-1.1059103177439773,1.103720095844149,-1.422854102118318,0.31913400559774224,-1.1327688616084157,0.8126132685572666,0.3201555902188611
1.6192384769539077,610.1898083588341,0.999147156841326,-0.7702847175086288,0.41329732044246875,0.9780815648220329,-1.2875066095333827,0.6932382675368246,0.594268343681714,1.0706998338820268,0.36596162700600654,-1.436661461892563,-0.35447444535272876,-0.7900766713695301,1.1445511188756392
1.6232464929859718,611.6993732694566,0.9989809827965631,-0.7732759279578951,0.41467887684630056,0.9780825533131042,-0.1307624911288437,-1.0459850016212733,1.1767474944933338,-0.9736688350163407,1.4671490778115652,-0.49348024135611757,1.0977779861989652,-0.9156525548374131,-0.18212543358496946
1.627254509018036,613.208728275466,0.9988675389328848,-0.7772632728387554,0.41673713888921077,0.9780849001230134,1.2756587427065351,-0.813427305922579,-0.4622314326567321,-1.1891544214741048,-0.18726698113953744,1.376421403790283,0.4925310383662053,0.6853431500172529,-1.1778741900592795
1.6312625250501,614.7179459448683,0.9987978325651546,-0.7822478605403239,0.4185400728434402,0.9780883720291139,0.2743803318620903,0.9586006957414751,-1.2329810213680785,0.828478600530157,-1.4898315090324348,0.6613529098017873,-1.0493391082530845,1.0111933279617489,0.03814577564852479
1.6352705410821642,616.2272310832832,0.9991377879543977,-0.7872917381114024,0.4198662576303971,0.978093119247112,-1.2512279622351425,0.9257674385208694,0.3254605280740753,1.2902174635962234,0.005342697605770319,-1.2955601626730398,-0.6297773598701872,-0.5666249294879175,1.1964022849785565
1.6392785571142283,617.7373851276249,0.999735407739249,-0.7916023423995837,0.41978816239399086,0.9780967821791692,-0.42065901288911695,-0.8578911903054971,1.278550204720669,-0.6718435919994644,1.4905327122315202,-0.8186891222105945,0.9794243941583649,-1.0916697664368884,0.1122453698654294
1.6432865731462925,619.2483361292458,1.0001970095939585,-0.79294640829026,0.41769039424045235,0.9780996996634005,1.208070697178265,-1.034493644220546,-0.17357706225701403,-1.3711041450161277,0.17381183645906523,1.1972923069537313,0.7541596505812991,0.43127321802400187,-1.1854328705171662
1.6472945891783566,620.7598956784338,1.000544074768574,-0.7910760785185355,0.41578675880685634,0.9781018253694994,0.5714669868552693,0.7310935438563432,-1.3025605427335267,0.5084551344674655,-1.4699828836457043,0.9615277488869296,-0.883816017426402,1.1398416538405323,-0.2560256352850886
1.6513026052104207,622.2719058533331,1.000797214617241,-0.7881920650154532,0.41491551594981896,0.9781025841603297,-1.1349767385352543,1.1235818214368891,0.011394910953318904,1.4314413061159228,-0.34790556174851245,-1.0835357442661844,-0.853191714204651,-0.29444666768439454,1.147638383479463
1.6553106212424848,623.7842416231072,1.0009784476790118,-0.7853338846247397,0.41378279090887077,0.9781018675576602,-0.7107259346989144,-0.590243612281454,1.300969543247824,-0.33985626513933337,1.4291311055636196,-1.089274839556143,0.7782796494872389,-1.1661610719118283,0.3878814227045643
1.659318637274549,625.2968077506009,1.0011041642218068,-0.7816702891326583,0.41180461567599264,0.9780997881780035,1.0435694917807554,-1.1951255813060555,0.15155608674943782,-1.471514799959897,0.5157683772947279,0.9557464233126423,0.9365082662129633,0.15582042285896644,-1.092328686732677
1.6633266533066131,626.8095282258944,1.0011841070821113,-0.7768613459752176,0.4098589724238113,0.9780965203343802,0.8405933986772134,0.43691177456612384,-1.2775051735634007,0.16746472882987012,-1.3688473275466835,1.201382598973067,-0.6613836210692696,1.1712932367136994,-0.5099096157261873
1.6673346693386772,628.3223233159193,1.0010931677751276,-0.7717812627378338,0.4084666691841402,0.9780919419436102,-0.9323142217618616,1.244868110172284,-0.31255388924446426,1.4912345266406066,-0.6759450803139635,-0.8152894461008484,-1.0009553713325143,-0.02034300528049504,1.0212983755393643
1.6713426853707414,629.8344489988649,1.0004420218759917,-0.7670909997572758,0.40779524316135346,0.9780875226512985,-0.951878026401646,-0.2790967956869322,1.2309748248682941,0.007554421926458263,1.2895331881666645,-1.2970876115898449,0.5411314675343876,-1.1614697351249443,0.6203382667247919
1.6753507014028055,631.3457052336,0.9999369789335979,-0.7645668709248364,0.40944776820836387,0.9780841407877916,0.8117080808687145,-1.2706765928763006,0.4589685115186883,-1.4902338897994611,0.8286351987594326,0.6615986897530683,1.05708055424844,-0.11121818702298446,-0.945862366350198
1.6793587174348696,632.8562924274286,0.9995531689955538,-0.7655519866368854,0.4116780604635795,0.978081793748309,1.0427076077179533,0.13075915945073502,-1.173466768041041,-0.1857581800832756,-1.1903194743852965,1.3760776542047553,-0.4200213744011347,1.1512307787316602,-0.7312094011424569
1.6833667334669338,634.3663789799546,0.9992707777001469,-0.7683624371644338,0.41278918754447597,0.9780805123227119,-0.6928071386607705,1.2864281952825414,-0.5936210587845242,1.4677140247030074,-0.9719877087962425,-0.4957263151780371,-1.1143965062342334,0.25061589419685215,0.8637806165519502
1.687374749498998,635.8761014861035,0.9990676237949628,-0.7712445489291525,0.41367259583852806,0.9780805000119198,-1.1247619437126541,0.01685994790220354,1.1079019914692314,0.36351149230270263,1.072460912255369,-1.4359724031200165,0.28612067687011444,-1.1285378340459593,0.8424171598143692
1.691382765531062,637.385564457039,0.9989247333351379,-0.7745725609339543,0.4154357933688673,0.9780819603538635,0.5657786560958243,-1.2872771160997636,0.7214984598040207,-1.4233711909410267,1.1022198965048413,0.32115129584596336,1.1586470046982074,-0.3910522188269193,-0.7675947866543399
1.6953907815631262,638.8948494235357,0.9988305342671371,-0.77907493461914,0.4175213981055598,0.9780847438689554,1.1917632708403296,-0.16197646599645427,-1.0297867950766633,-0.5369263804496115,-0.9380421601857183,1.474968543386084,-0.14655929820523836,1.092379511933246,-0.9458202179568062
1.6993987975951903,640.4040242564336,0.9987811231478635,-0.7841943614060768,0.41908789927142054,0.9780888265380595,-0.43444410687195917,1.2747451365435836,-0.8403010212862979,1.3576770072440143,-1.2166497426101957,-0.1410272667019707,-1.1906400727639488,0.5318597862734974,0.6587802811280844
1.7034068136272544,641.9135113349315,0.9993359260623539,-0.7891241229352356,0.4202303581469932,0.9780937487881505,-1.2476879403982717,0.30766959557242635,0.9400183455583813,0.7025434225825758,0.7895232026814445,-1.4920666284166813,-0.0013276634507889962,-1.0378415473123823,1.039169209106566
1.7074148296593186,643.4239310707103,0.9998905001366175,-0.7927592652399981,0.4193657510189022,0.9780972558575656,0.29148092850440094,-1.2470033786464196,0.9555224443514753,-1.272630673059215,1.3123135941495314,-0.0396829235609818,1.1992278123489495,-0.6665532544765039,-0.5326745577231804
1.7114228456913827,644.935088571896,1.0003161843613966,-0.793002215389286,0.41708722358656314,0.9780998768997803,1.2893662449993801,-0.4608865268097016,-0.8284797227215871,-0.8551255271007532,-0.6323319520631416,1.4874574792125972,0.15075315975712733,0.9551161891962029,-1.1058693508997883
1.7154308617234468,646.446804568607,1.0006330226101539,-0.790567427098995,0.4155691253519344,0.9781017458268093,-0.13108941808967695,1.1904927919647457,-1.059403380663384,1.171093785415442,-1.3876537824130815,0.21655999734194092,-1.1749156990945726,0.7779204208899564,0.39699527575986526
1.719438877755511,647.9589304705133,1.0008625462124718,-0.7876707424688972,0.4147601196680234,0.9781023105526886,-1.3028091038863514,0.6077203203681483,0.6950887787712705,0.9936807859504134,0.4683369128860707,-1.4620176986120965,-0.28705194249216603,-0.8578432696172094,1.1448952086193305
1.723446893787575,649.4713508392798,1.0010258291103367,-0.7846701214183398,0.41331979796528934,0.9781011676652965,-0.030867785408189963,-1.1124017025703543,1.1432694897466191,-1.0542931052840703,1.442970282138343,-0.3886771770885674,1.1328124363953844,-0.8721729144968352,-0.2606395245283132
1.7274549098196392,650.9839771990829,1.0011369290053094,-0.7806170746732137,0.41124466697132184,0.978098702397435,1.2959614483250808,-0.7461354424975865,-0.5498260053273605,-1.1175000913431057,-0.29912358637286096,1.4166236770142464,0.4163097264245078,0.7480369373422882,-1.16434666547115
1.7314629258517034,652.496737647634,1.0012046843975635,-0.7756028837754785,0.4094792368786762,0.9780951216033584,0.19512929427453446,1.0136540905679925,-1.2087833887062802,0.9235674001808619,-1.4781459810717041,0.5545785801111466,-1.071885270931742,0.948244465071898,0.12364080466308142
1.7354709418837675,654.0093983899038,1.0008286548601897,-0.7705672315001639,0.40818981352687894,0.9780903585240525,-1.2648013209565965,0.8702651795297451,0.3945361378193664,1.2256432906369565,0.12619540445907432,-1.3518386946868872,-0.5334067868077963,-0.6314299002449899,1.1648366866863464
1.7394789579158316,655.5211723974321,1.0002385124283117,-0.7663613151463641,0.4084092963111091,0.9780867189883217,-0.3500880030211979,-0.8997717761286531,1.2498597737431962,-0.7792310251495203,1.4929230544105028,-0.7136920289354912,1.0020791014071322,-1.0111597394120637,0.009080636578205209
1.7434869739478958,657.0321596793,0.9997830944302666,-0.7651949802220156,0.4105427831771045,0.9780839302147087,1.2158983978722473,-0.9719884599420802,-0.24390994366855637,-1.3181948981864353,0.05142587272030921,1.2667690241642051,0.6461312558171584,0.5150243975356124,-1.161155657288565
1.7474949899799597,658.5425470199009,0.9994412253016505,-0.7671679214510501,0.41237568620207726,0.9780819117781075,0.48906922682329146,0.7864508697817059,-1.2755201056426326,0.6210617508655055,-1.4865794873756262,0.8655177361959021,-0.930376004173692,1.0760969462213668,-0.14572094130196775
1.7515030060120238,660.0524907420396,0.9991921544658576,-0.770056389102949,0.41323021028785545,0.9780811600384277,-1.1619314595682535,1.063891871971792,0.09803958681535976,1.3930428524292664,-0.23086103607034344,-1.1621818143547127,-0.763720963865871,-0.3874748066138134,1.1511957703879865
1.755511022044088,661.5621142385254,0.9990140209394132,-0.7729392288489148,0.4144036379221322,0.9780819809281379,-0.6239306208457825,-0.6657865152628816,1.2897171381820445,-0.45202243555117405,1.4584294257548933,-1.006406988746537,0.8433475386018542,-1.1314240652770278,0.28807652616268586
1.759519038076152,663.0715115876137,0.9988908299720987,-0.7766715447657478,0.4163924971234963,0.9780840617284354,1.0934592024800514,-1.1418469024751505,0.048387701961481094,-1.447888539059047,0.4083024369564252,1.0395861015672065,0.8740026080767858,0.25229847074645,-1.1263010785539576
1.7635270541082162,664.5807580813773,0.9988129818631567,-0.7815026205611988,0.4183052301744025,0.9780874266565783,0.7488355719472803,0.5397677595153014,-1.2886033308632154,0.2754137675824319,-1.408446426259302,1.133032658113819,-0.7447122593523017,1.1752872900173537,-0.4305750299440842
1.7675350701402803,666.0899442945312,0.9989434564160052,-0.7865669694325281,0.4197008809256629,0.9780920454801503,-1.014392540754828,1.2080908690796408,-0.193698327693118,1.4813452067968664,-0.5802516950065002,-0.9010935116492771,-0.9774066065815941,-0.10823134567910797,1.0856379523423854
1.7715430861723445,667.5998404160775,0.9995864515512832,-0.791217123981291,0.42029538824729856,0.9780964047737575,-0.8697633247887376,-0.4046011676580642,1.274364491551459,-0.09516626257606148,1.3378748824785118,-1.2427086199570354,0.6293039446040345,-1.2007888306535843,0.5714848840840929
1.7755511022044086,669.1105950084828,1.0000849445356947,-0.7935662023037315,0.4185515150122749,0.9780998475837397,0.9172890181503206,-1.2638736984783085,0.346584678762817,-1.4929889280522703,0.7416406517147329,0.7513482758296026,1.0611110319559214,-0.04220585710838892,-1.0189051754306262
1.7795591182364727,670.6220095059019,1.0004631766122987,-0.7924209904659175,0.4163413605933324,0.9781022087616167,0.9856397238485006,0.24993991307067015,-1.2355796404252692,-0.08320264081251338,-1.2493970779841597,1.332599717391555,-0.49719114071520554,1.1926140834825547,-0.6954229434364443
1.7835671342685369,672.1339169731532,1.0007410344315786,-0.7895834909799112,0.4152742465249213,0.9781034528483029,-0.7937884363912616,1.2938208581963526,-0.5000324257541526,1.4832617894713678,-0.8898405938120378,-0.5934211958644484,-1.1134065131486233,0.18326928908087525,0.9301372240708852
1.787575150300601,673.6461825048405,1.000940779877527,-0.7867159837828596,0.41436482788686485,0.9781033219821006,-1.081740086337961,-0.08899975022891238,1.1707398300550638,0.25814833991192526,1.1445908360840427,-1.4027391739909374,0.3641873888979764,-1.1631081111208146,0.7989207214224872
1.7915831663326651,675.158703073123,1.0010810463926787,-0.7833436734573965,0.412549359905408,0.9781018061054629,0.6570692856441765,-1.3021558291213609,0.6450865432828742,-1.4530894672165462,1.0244838937483225,0.42860557484388334,1.1467995748818052,-0.31740998999663766,-0.8293895887756677
1.7955911823647293,676.6713980383407,1.0011730633004534,-0.7787845655327232,0.41046894040063625,0.978098890542783,1.1616137146647025,-0.07583099682824501,-1.0857827174908352,-0.42852024407090294,-1.024604028958174,1.453124273343215,-0.22721288106141052,1.113964136343721,-0.8867512613803644
1.7995991983967934,678.1842002574894,1.0012247313547753,-0.7736644281341076,0.4089463715909828,0.978094642323735,-0.5071011381861216,1.2869731808495575,-0.7798720432243798,1.4031129641674256,-1.144465930692045,-0.25864703438264647,-1.1592547272712106,0.44114593508590894,0.718108787014416
1.8036072144288575,679.6966424685583,1.0006329085650474,-0.7687517338472752,0.4078616846682857,0.9780898007605726,-1.2188992458797865,0.2368341762640485,0.9820650679270198,0.5928367865087342,0.8906224641311328,-1.4834592517513707,0.09311884004298404,-1.051398213404543,0.9582793698303904
1.8076152304609217,681.2081540164032,1.000085353900039,-0.7652568506720417,0.408855402622991,0.9780863513256957,0.3549071469639809,-1.2498281311067048,0.8949209816591666,-1.3330374864531291,1.2495056223707663,0.08353186434247772,1.1614016970538956,-0.55673828363786,-0.604663414040002
1.8116232464929858,682.7189374956575,0.9996655620585114,-0.765182014709192,0.4111355141328662,0.9780838477645657,1.254651117566552,-0.38235989769808826,-0.8722912204419284,-0.7518382722512369,-0.7414568821974825,1.4932951549290807,0.0398398193187231,0.9877212842664285,-1.0275611051712454
1.81563126252505,684.2291706321482,0.9993535949365752,-0.7676744557351824,0.41258276773120806,0.9780820961884528,-0.21104173246660837,1.2052338798405635,-0.9941921469545667,1.2424682694844362,-1.338504908678839,0.09603664029813921,-1.1630417841650451,0.6774620147769032,0.48557976891614874
1.819639278557114,685.7390003677583,0.9991278218785099,-0.7705767432645189,0.41338774487757846,0.9780816238156637,-1.2815596329237182,0.5215465725866802,0.7600130653045131,0.90195263070203,0.5795604028084683,-1.4815130329596424,-0.18252634278998398,-0.9115531078310466,1.0940794466663348
1.8236472945891782,687.248540608799,0.9989674392182051,-0.7736288735409493,0.41487378392656205,0.9780827068828851,0.06441665585809533,-1.1481060794740425,1.0836894253391567,-1.132853628371932,1.4087437055410832,-0.27589007609275545,1.1495378284906401,-0.7944512166974199,-0.35508661704634514
1.8276553106212423,688.7578788325122,0.9988587346519487,-0.7777409540975332,0.4169545245498631,0.9780852082107077,1.2919730635032851,-0.6528056794697774,-0.6391673812461063,-1.039837432536189,-0.40792203028218316,1.4477594618029703,0.32539457008605066,0.8230356314305891,-1.1484302069500525
1.8316633266533064,690.2670862655915,0.9987929363771979,-0.7827715880147169,0.41869277235748426,0.9780888233506859,0.0803154308613617,1.0792840910415085,-1.1595995225774227,1.0058332252907252,-1.4583662868270868,0.45253306161654305,-1.12248477472707,0.9058872868743482,0.21659748267876647
1.8356713426853706,691.7764282074106,0.9992045192982423,-0.7877851844970806,0.41997031302935495,0.9780936809781491,-1.2896217967778176,0.778234552219653,0.5113872436344404,1.1625667297382434,0.22985389657276653,-1.3924206286638274,-0.46993170271993867,-0.7189655594210496,1.1888972557010264
1.8396793587174347,693.2866714235449,0.9997872692136326,-0.7918921046226615,0.4196256391608205,0.9780972791244705,-0.23037501256527215,-0.9959997516227383,1.2263747599063182,-0.8648381567158017,1.4863317495852824,-0.6214935950228357,1.0728298276668755,-1.004226475148216,-0.06860335636954867
1.8436873747494988,694.7976912397294,1.0002365590013678,-0.7928703549008256,0.4174466526831196,0.9781000703848634,1.2690891906880075,-0.9029534596669744,-0.3661357382264869,-1.2665312131119504,-0.05141895898446036,1.3179501699103686,0.6050456793725448,0.5946340106530595,-1.1996796925742144
1.847695390781563,696.3093024427623,1.0005732406555288,-0.7907914790997655,0.4156717696596767,0.9781020747295451,0.3885097940618009,0.8852533787464376,-1.2737631857715395,0.7140714489051331,-1.4926406211855159,0.7785691711468927,-0.9948201485563608,1.0718796911248722,-0.0770595421561322
1.851703406813627,697.8213502484023,1.000818235639841,-0.7879009210425195,0.41483657749511943,0.9781027521483374,-1.218407643306226,1.0112187272640183,0.20718890353551378,1.3511736340429916,-0.12525346707989982,-1.2259201649060203,-0.717792709603059,-0.46499510124289384,1.1827878105675096
1.8557114228456912,699.3337129354734,1.0009933195690162,-0.7850131946132356,0.41360476130996615,0.9781018729549757,-0.5385914086926853,-0.7579061031104485,1.2964975068465159,-0.5550008977610513,1.4780275223396107,-0.9230266217988287,0.9041487450337797,-1.118442514585602,0.2142937668127598
1.8597194388777554,700.8462976832659,1.0011140856781593,-0.7812261151894879,0.41158535074056585,0.9780996287724971,1.148250676271534,-1.1040670681330376,-0.04418360750481304,-1.4164800941517979,0.29877605069138413,1.1177040457725347,0.8167758561674032,0.33034767718927355,-1.147123536989506
1.8637274549098195,702.359029924759,1.0011899010099776,-0.7763427876086789,0.40969857287794587,0.9780962482089883,0.6822900239353998,0.6153839237066698,-1.2976739459962314,0.3891222633307805,-1.443186639520527,1.0540643776474643,-0.7997149947574331,1.144055786494053,-0.3443407932957235
1.8677354709418836,703.8718053125028,1.0010204273855245,-0.7712828986901517,0.40834140286969367,0.9780915349372423,-1.0565010819903322,1.1766746925137248,-0.12017361298554158,1.462126415919508,-0.46762358842641616,-0.9945028263475522,-0.8983488149643761,-0.19605862202880164,1.094407433902782
1.8717434869739478,705.3838338361744,1.0003854625466113,-0.7666963264117003,0.4078672690338798,0.9780872232606368,-0.8095998337293238,-0.4653338767790158,1.2749337075645608,-0.21736898365861052,1.3881983116314491,-1.1708293265667629,0.6899623483702352,-1.1547336788285423,0.46477132947267974
1.875751503006012,706.8950147475798,0.9998934619772865,-0.7645138575213741,0.4096794708380895,0.9780839519664247,0.9527591982618823,-1.2251703388484647,0.27241114075587824,-1.4877168041866244,0.6321865874656114,0.8555302177918758,0.9725102492162416,0.06437240269833328,-1.0368826529799686
1.879759519038076,708.4055447867187,0.9995207199674655,-0.7657973086236809,0.4118406972966027,0.9780816304125486,0.9172562213082005,0.3222753029392329,-1.2395315243479514,0.03931903604020914,-1.3124061622031717,1.2730871254167084,-0.5789357006866348,1.1655327213616675,-0.5865970256634556
1.8837675350701402,709.9155893480356,0.9992472628684157,-0.76865959795809,0.4128691395725499,0.9780804804845534,-0.8486296545279827,1.2632771299612664,-0.41464747199891094,1.4923243605851542,-0.7903545109000454,-0.7019698502909526,-1.0488090663808936,0.07605766344529452,0.9727513948941583
1.8877755511022043,711.4252816706795,0.9990508672811492,-0.7715369291838745,0.4138092494134124,0.9780806642422717,-1.017008801506454,-0.17767874938188008,1.1946875492588966,0.1415297484338946,1.2164840984980674,-1.3580138470197576,0.4542031357384297,-1.1644372522942303,0.7102341099461709
1.8917835671342684,712.9347234517602,0.9989132655304255,-0.7749678394758502,0.4156432932472531,0.978082264648794,0.7343684734952204,-1.286221680659681,0.5518532065896717,-1.4749447322202311,0.9381601418808818,0.5367845897628015,1.1133466710890838,-0.21946499205723577,-0.893881685257381
1.8957915831663326,714.4439945187506,0.9988234735613578,-0.7795769056374643,0.41770473844336103,0.9780851337749372,1.1027355545672293,0.033453882004822466,-1.136189435325223,-0.32128044490559277,-1.1020204676398069,1.4233009130587841,-0.3219304171596471,1.1499783355252848,-0.8280479230018094
1.8997995991983967,715.9531605815079,0.9987663219263161,-0.7847023687013964,0.4192221576128731,0.9780893598499777,-0.6138234516133205,1.2958142892745856,-0.6819908362757883,1.4355728266107164,-1.072639884627411,-0.3629329426355441,-1.1667305383322344,0.36557944776675316,0.8011510870877441
1.9038076152304608,717.4627380337696,0.999397894520135,-0.7895917180945016,0.42027290758354546,0.9780942050670819,-1.1789047996061415,0.11384634923762806,1.0650584528268403,0.49636755611216876,0.9712215448871373,-1.467589101398635,0.178893177777245,-1.1167949564988326,0.9379017739554926
1.907815631262525,718.9732405064394,0.9999385081433207,-0.7929487866559837,0.419163274632421,0.9780976647000557,0.479508269888232,-1.2908669642612738,0.8113586963336861,-1.3756651171459968,1.1902732122541302,0.18539190486447632,1.1972367422576882,-0.5087694914826435,-0.6884672530090433
1.911823647294589,720.4844614376254,1.0003524408596949,-0.7928384252080979,0.41686773615508504,0.9781001859403297,1.2428417858312992,-0.27195510741729867,-0.9708866735356128,-0.6611375323564435,-0.8287796544644183,1.489917186301964,-0.030023104626118072,1.0531129359747156,-1.0230898329689406
1.9158316633266532,721.9962245683593,1.0006595249243324,-0.7902764867927417,0.41547760498245573,0.9781019081040121,-0.3248316996838377,1.257374576543633,-0.932542875376518,1.2972763157667615,-1.2888802310301117,-0.008396086851900852,-1.1942757581260455,0.6321034406198525,0.562172316305774
1.9198396793587174,723.5083845820653,1.000881556473136,-0.7873942739238488,0.4146696341013797,0.9781022839247735,-1.2803708150806057,0.42739513266730655,0.8529756832396047,0.814512337277681,0.676576181947859,-1.4910885207998783,-0.1095407275471058,-0.9723006242485404,1.0818413520971362
1.9238476953907815,725.0208291886571,1.001039121376228,-0.7843178197336375,0.41312478372846567,0.9781010745328104,0.16502005528409164,-1.2014188006999234,1.0363987423641985,-1.2015119297671752,1.3685768555030942,-0.16706492722545258,1.1724491786545528,-0.7406517276998328,-0.4317974498193305
1.9278557114228456,726.5334719792247,1.0011455204096167,-0.7801386922807809,0.41103252952558733,0.9780984979312217,1.2979509672827596,-0.5775630283196175,-0.7203879433019944,-0.9554880298731837,-0.516092949079591,1.4715809793364354,0.24499813875140553,0.8764631388161761,-1.1214612747781085
1.9318637274549098,728.046242372283,1.0012094112885908,-0.7750844616945471,0.40933322737329036,0.9780947548211835,0.0002414984744267823,1.1235344312269298,-1.1237759350351744,1.0897972917171341,-1.4291285534223068,0.339331262379571,-1.1307070368966985,0.8327975306381762,0.2979095074527882
1.9358717434869739,729.5588409364834,1.0007627537349617,-0.7700763147040287,0.40809440349290765,0.9780899693408284,-1.2912085225182506,0.7161176990526733,0.575090820779125,1.0830890863453917,0.348869702268641,-1.4319587874230528,-0.3707021044921091,-0.7716579037805987,1.1423600079519274
1.939879759519038,731.0705268890056,1.000187315511227,-0.7660742919562299,0.40857639693339715,0.9780864482030371,-0.15918000964345475,-1.0282332675336439,1.187413274664487,-0.9621142910960236,1.4701481989917495,-0.5080339075109328,1.0793563478706971,-0.9129818013043047,-0.16637454785393035
1.9438877755511021,732.5814462827161,0.9997441092174781,-0.7652749736839132,0.410776820439601,0.9780838103718095,1.2652196641437288,-0.8337177951836765,-0.4315018705383722,-1.1975393278961044,-0.1737550644767717,1.3712943927589234,0.4931178926537998,0.6664980490148922,-1.159615943290514
1.9478957915831663,734.0917827463976,0.9994125175964175,-0.7674428277585943,0.4124793397927783,0.9780818856942664,0.3040404405600788,0.9311008731931197,-1.2351413151766046,0.8182705470792638,-1.4908306080166618,0.6725600610946902,-1.0262009161699823,0.9960496486571907,0.03015126614062652
1.9519038076152302,735.601689443828,0.9991714795675384,-0.7703318224390839,0.41330443480458695,0.9780812408838173,-1.232775175765429,0.9421626173157571,0.29061255624458393,1.296241043166681,-0.006299483241696657,-1.2899415608925353,-0.6216399445402706,-0.5494844991294612,1.1711244424163867
1.9559118236472943,737.1112864852694,0.9989994209698057,-0.7732535823027041,0.4145775998758748,0.9780822176420259,-0.44655957038318117,-0.824818433368578,1.271378001556868,-0.660912737293148,1.4899257337485632,-0.829012996854098,0.9574440582315128,-1.0707803889736327,0.11333633042712021
1.9599198396793585,738.6206655921183,0.9988811375724417,-0.7771075577894258,0.41660411312625756,0.9780844403624092,1.1847729388869013,-1.0378756086755179,-0.1468973344975114,-1.376550491430486,0.1876557651718898,1.1888947270639296,0.7448079182698106,0.42331587369400847,-1.1681237927319035
1.9639278557114226,740.1299006321372,0.9988073696436226,-0.7820207616989471,0.4184651123291648,0.9780878343141416,0.5811279733841939,0.7113413579027139,-1.2924693341171734,0.4929712420090115,-1.4669368234797435,0.9739655822755846,-0.8761205386114714,1.1353933965206655,-0.2592728592131185
1.9679358717434867,741.6391124378838,0.9990152783743076,-0.7870648103043346,0.41982840539556343,0.9780925665260864,-1.1252403804442104,1.1231808703540844,0.002059509611511884,1.4366758115167766,-0.3667824714348392,-1.0698933376809192,-0.8632298740147172,-0.28614546913100924,1.1493753394209987
1.9719438877755509,743.149104503046,0.9996423018513417,-0.7916092631185216,0.4202124546623009,0.9780967508608449,-0.7141081327736227,-0.5866977763090758,1.3008059106128818,-0.3183112330631048,1.4223928565917905,-1.1040816223455505,0.7760184219254391,-1.1824629218007647,0.4064444971920853
1.975951903807615,744.659933437118,1.0001278636731266,-0.7936115932770239,0.4183238384208422,0.9781000549717588,1.0469187075626183,-1.2002918095994493,0.15337310624354245,-1.4751906230192946,0.5381384822292531,0.937052140822315,0.9641146474618755,0.1387893542547715,-1.1029040038599702
1.9799599198396791,746.1714042532737,1.0004951207160766,-0.7921777161634174,0.4161933286191457,0.9781024184519614,0.8455485973835465,0.4397868348705631,-1.2853354294800294,0.1422157824256391,-1.3582885568653293,1.2160727739435657,-0.6554886286206875,1.1958622794326919,-0.5403736517137647
1.9839679358717432,747.6833530353209,1.000764161199151,-0.7892989834523956,0.41519987830477667,0.9781035069930699,-0.9404067469794865,1.2534910713845684,-0.3130843210626705,1.4921705212202236,-0.69914811535341,-0.7930224067993479,-1.035403229404824,0.0033942188419116837,1.032009007309138
1.9879759519038074,749.1956482426293,1.0009572471568553,-0.7864307748989248,0.41422543694822733,0.9781031947634278,-0.9600847769487277,-0.2834701647742544,1.2435549432010153,0.03366732722605591,1.2760175082661795,-1.3096848360900508,0.5304502614022355,-1.187189656660935,0.6567393943448885
1.9919839679358715,750.7081896081097,1.0010922795268826,-0.7829525391747055,0.41234492080321494,0.9781015276533154,0.8184271861897283,-1.2862668109246327,0.4678396254177071,-1.4883879491536278,0.8491586364950015,0.6392293121555046,1.0885913502408202,-0.1418136358268659,-0.9467777146394789
1.9959919839679356,752.2208981456789,1.0011799259464653,-0.7782807666404791,0.4102919393489772,0.9780985940017729,1.0606697166609709,0.11979521376495943,-1.180464929854931,-0.20812820478000918,-1.1765922248473903,1.3847204282037786,-0.39852706406343097,1.1579437458706403,-0.7594166787797569
2.0,753.7337085811279,1.001228667115035,-0.7731509069053685,0.4088140473495591,0.9780942650013377,-0.6803274709425338,1.2956528405935952,-0.6153253732390719,1.4641472962963857,-0.9868663418726514,-0.4772809547483664,-1.121245996984033,0.272499317253221,0.8487466833924575
