time,pi_cc_d,pi_cc_q,i_vsc_d,i_vsc_q,i_bus_d,i_bus_q,v_lcl_sh_d,v_lcl_sh_q,int_pll,phase_pll
0.0,0.2489566221772049,0.05087378744520468,0.25372352880366783,-0.2476144811379604,-0.7903926051307938,-0.2711011925951121,1.0361037674061155,-0.08012366528345985,0.0,-0.042340516845684684
0.004008016032064128,0.2489566221772049,0.05087378744520468,0.25372352880366783,-0.2476144811379604,-0.7903926051307938,-0.2711011925951121,1.0361037674061155,-0.08012366528345985,0.0,-0.042340516845684684
0.008016032064128256,0.2489566221772049,0.05087378744520468,0.25372352880366783,-0.2476144811379604,-0.7903926051307938,-0.2711011925951121,1.0361037674061155,-0.08012366528345985,0.0,-0.042340516845684684
0.012024048096192383,0.2489566221772049,0.05087378744520468,0.25372352880366783,-0.2476144811379604,-0.7903926051307938,-0.2711011925951121,1.0361037674061155,-0.08012366528345985,0.0,-0.042340516845684684
0.01603206412825651,0.2489566221772049,0.05087378744520468,0.25372352880366783,-0.2476144811379604,-0.7903926051307938,-0.2711011925951121,1.0361037674061155,-0.08012366528345985,0.0,-0.042340516845684684
0.02004008016032064,0.2489566221772049,0.05087378744520468,0.25372352880366783,-0.2476144811379604,-0.7903926051307938,-0.2711011925951121,1.0361037674061155,-0.08012366528345985,0.0,-0.042340516845684684
0.024048096192384766,0.2489566221772049,0.05087378744520468,0.25372352880366783,-0.2476144811379604,-0.7903926051307938,-0.2711011925951121,1.0361037674061155,-0.08012366528345985,0.0,-0.042340516845684684
0.028056112224448895,0.2489566221772049,0.05087378744520468,0.25372352880366783,-0.2476144811379604,-0.7903926051307938,-0.2711011925951121,1.0361037674061155,-0.08012366528345985,0.0,-0.042340516845684684
0.03206412825651302,0.2489566221772049,0.05087378744520468,0.25372352880366783,-0.2476144811379604,-0.7903926051307938,-0.2711011925951121,1.0361037674061155,-0.08012366528345985,0.0,-0.042340516845684684
0.03607214428857715,0.2489566221772049,0.05087378744520468,0.25372352880366783,-0.2476144811379604,-0.7903926051307938,-0.2711011925951121,1.0361037674061155,-0.08012366528345985,0.0,-0.042340516845684684
0.04008016032064128,0.2489566221772049,0.05087378744520468,0.25372352880366783,-0.2476144811379604,-0.7903926051307938,-0.2711011925951121,1.0361037674061155,-0.08012366528345985,0.0,-0.042340516845684684
0.044088176352705406,0.2489566221772049,0.05087378744520468,0.25372352880366783,-0.2476144811379604,-0.7903926051307938,-0.2711011925951121,1.0361037674061155,-0.08012366528345985,0.0,-0.042340516845684684
0.04809619238476953,0.2489566221772049,0.05087378744520468,0.25372352880366783,-0.2476144811379604,-0.7903926051307938,-0.2711011925951121,1.0361037674061155,-0.08012366528345985,0.0,-0.042340516845684684
0.052104208416833664,0.2489566221772049,0.05087378744520468,0.25372352880366783,-0.2476144811379604,-0.7903926051307938,-0.2711011925951121,1.0361037674061155,-0.08012366528345985,0.0,-0.042340516845684684
0.05611222444889779,0.2489566221772049,0.05087378744520468,0.25372352880366783,-0.2476144811379604,-0.7903926051307938,-0.2711011925951121,1.0361037674061155,-0.08012366528345985,0.0,-0.042340516845684684
0.06012024048096192,0.2489566221772049,0.05087378744520468,0.25372352880366783,-0.2476144811379604,-0.7903926051307938,-0.2711011925951121,1.0361037674061155,-0.08012366528345985,0.0,-0.042340516845684684
0.06412825651302605,0.2489566221772049,0.05087378744520468,0.25372352880366783,-0.2476144811379604,-0.7903926051307938,-0.2711011925951121,1.0361037674061155,-0.08012366528345985,0.0,-0.042340516845684684
0.06813627254509018,0.2489566221772049,0.05087378744520468,0.25372352880366783,-0.2476144811379604,-0.7903926051307938,-0.2711011925951121,1.0361037674061155,-0.08012366528345985,0.0,-0.042340516845684684
0.0721442885771543,0.2489566221772049,0.05087378744520468,0.25372352880366783,-0.2476144811379604,-0.7903926051307938,-0.2711011925951121,1.0361037674061155,-0.08012366528345985,0.0,-0.042340516845684684
0.07615230460921843,0.2489566221772049,0.05087378744520468,0.25372352880366783,-0.2476144811379604,-0.7903926051307938,-0.2711011925951121,1.0361037674061155,-0.08012366528345985,0.0,-0.042340516845684684
0.08016032064128256,0.2489566221772049,0.05087378744520468,0.25372352880366783,-0.2476144811379604,-0.7903926051307938,-0.2711011925951121,1.0361037674061155,-0.08012366528345985,0.0,-0.042340516845684684
0.08416833667334668,0.2489566221772049,0.05087378744520468,0.25372352880366783,-0.2476144811379604,-0.7903926051307938,-0.2711011925951121,1.0361037674061155,-0.08012366528345985,0.0,-0.042340516845684684
0.08817635270541081,0.2489566221772049,0.05087378744520468,0.25372352880366783,-0.2476144811379604,-0.7903926051307938,-0.2711011925951121,1.0361037674061155,-0.08012366528345985,0.0,-0.042340516845684684
0.09218436873747494,0.2489566221772049,0.05087378744520468,0.25372352880366783,-0.2476144811379604,-0.7903926051307938,-0.2711011925951121,1.0361037674061155,-0.08012366528345985,0.0,-0.042340516845684684
0.09619238476953906,0.2489566221772049,0.05087378744520468,0.25372352880366783,-0.2476144811379604,-0.7903926051307938,-0.2711011925951121,1.0361037674061155,-0.08012366528345985,0.0,-0.042340516845684684
0.1002004008016032,0.24896851833791397,0.05087379290658244,0.2596386303091859,-0.24779929681883664,-0.7900194823605967,-0.2711209651834296,1.0379021728503497,-0.08020572109299498,-3.8842181715975995e-6,-0.042340672345677836
0.10420841683366733,0.2490128445378307,0.05088363203303004,0.26377446833875523,-0.24634841014189307,-0.7803328328432674,-0.271364218271026,1.0362809337962198,-0.07859912800204025,0.00468136460424849,-0.042145378824187826
0.10821643286573146,0.24901012060973118,0.05088831613630277,0.2638212112060237,-0.24641116083091166,-0.7802735686587595,-0.2712392303487924,1.0362152034127508,-0.07879372025349586,0.008804567764585547,-0.041952791563173046
0.11222444889779558,0.24900750274671113,0.05089061153357036,0.2638082080091255,-0.24647288926629893,-0.7802935090244045,-0.27115903194847524,1.0362079670680506,-0.07893484655722471,0.011280148224607992,-0.041813050722769134
0.11623246492985971,0.24900531666061734,0.05089130139508943,0.2637982155514146,-0.24651934007221565,-0.7803091325421481,-0.2711043357457546,1.0362035880822411,-0.07903549486790977,0.012564508724517316,-0.04171355834369641
0.12024048096192384,0.2490034561774263,0.0508909119928762,0.2637908122977648,-0.246553777873423,-0.7803207755860244,-0.27106831608008025,1.0362008599985302,-0.07910563273987943,0.013008919737992567,-0.04164430062805237
0.12424849699398796,0.24900183815729202,0.05088982927545504,0.263785303500088,-0.24657900635098462,-0.7803294446469649,-0.2710459486646126,1.0361993162465157,-0.0791530392159703,0.012876285841133487,-0.04159757527869751
0.1282565130260521,0.24900040081411384,0.05088833362381184,0.2637811620155645,-0.24659720996420356,-0.7803359138409013,-0.2710334242616986,1.0361986099961007,-0.07918367063743215,0.012361657658304452,-0.04156748244690975
0.13226452905811623,0.2489990986307789,0.05088662555754234,0.2637779940780754,-0.24661008427280576,-0.7803407700601944,-0.2710278699098453,1.0361984818027883,-0.07920206748346255,0.011608226907183767,-0.041549523491750555
0.13627254509018036,0.2489978983901748,0.05088484556026522,0.2637755080096518,-0.24661894152556227,-0.7803444556402359,-0.2710271340560643,1.0361987392190843,-0.07921167267450889,0.010719744177806873,-0.04154028618044856
0.1402805611222445,0.24899677611695084,0.05088308932934683,0.26377348988768395,-0.24662479402058554,-0.7803473017477839,-0.2710296189663925,1.0361992409795964,-0.079215080842306,0.009770132730954244,-0.04153719812517784
0.1442885771543086,0.24899571472991675,0.0508814194599164,0.2637717847016078,-0.2466284198038698,-0.7803495543891156,-0.2710341502764872,1.0361998847272864,-0.07921423317264568,0.008810908194578719,-0.041538334028927294
0.14829659318637273,0.24899470224735804,0.05087987435664845,0.26377028180561063,-0.246630414377919,-0.7803513946199025,-0.2710398757057316,1.0362005975145172,-0.07921056938851988,0.007876884768864285,-0.0415422653085791
0.15230460921843686,0.24899373042146092,0.050878474995896525,0.2637689037264422,-0.24663123134003703,-0.7803529542075904,-0.27104618663404145,1.0362013284748324,-0.07920514603024856,0.006990546175325171,-0.04154794304516975
0.156312625250501,0.24899279370482774,0.0508772300258379,0.2637675975858503,-0.24663121426971532,-0.7803543277335148,-0.2710526575696109,1.0362020431895267,-0.0791987282735154,0.0061653785818578275,-0.04155460710414842
0.16032064128256512,0.24899188847319445,0.05087613958588658,0.2637663285557507,-0.24663062170633282,-0.7803555819130019,-0.27105899958944524,1.0362027193745122,-0.07919186100509495,0.005408398709413925,-0.04156171577153328
0.16432865731462926,0.24899101244510966,0.05087519814283251,0.26376507488959,-0.24662964667754883,-0.7803567627461513,-0.2710650246690294,1.036203343593248,-0.07918492366918489,0.004722059775654666,-0.041568891444486014
0.16833667334669336,0.24899016425243117,0.05087439657525853,0.263763824172323,-0.2466284319356829,-0.7803579009809634,-0.27107061847778663,1.0362039087649335,-0.0791781724405528,0.004105678068434969,-0.041575878860292875
0.1723446893787575,0.24898934312578572,0.050873723686032116,0.2637625705094689,-0.2466270818183256,-0.7803590162668876,-0.27107571973891514,1.0362044122872363,-0.07917177252301323,0.0035564915484380976,-0.0415825130965878
0.17635270541082163,0.24898854866720552,0.050873167282093734,0.26376131243716244,-0.24662567145785236,-0.7803601202950492,-0.271080304664274,1.0362048546323062,-0.07916582277225967,0.003070437191196381,-0.04158869516818859
0.18036072144288576,0.2489877806884747,0.05087271492901066,0.26376005138345465,-0.2466242539123757,-0.7803612191568774,-0.2710843752999637,1.0362052383059093,-0.07916037436825298,0.0026427143918231026,-0.0415943735142785
0.1843687374749499,0.24898703909865424,0.05087235446296472,0.2637587905490617,-0.2466228656699506,-0.7803623151020188,-0.2710879508741814,1.0362055670839625,-0.07915544488829558,0.0022681865575201444,-0.041599530039459445
0.18837675350701402,0.2489863238281041,0.050872074323513934,0.26375753410551706,-0.24662153088213726,-0.7803634078364169,-0.2710910614402188,1.036205845459934,-0.07915102883695325,0.0019416611197931118,-0.041604169663820974
0.19238476953907813,0.24898563477931657,0.050871863755440415,0.2637562866319598,-0.2466202646072127,-0.7803644954700216,-0.2710937432655322,1.0362060782516194,-0.0791471054567024,0.0016580789098767346,-0.041608312566839833
0.19639278557114226,0.24898497179719822,0.050871712916343,0.26375505272997285,-0.24661907528332974,-0.7803655751989468,-0.271096035541737,1.0362062703275619,-0.07914364446051562,0.0014126366023864848,-0.04161198849055326
0.2004008016032064,0.24893886506054413,0.05087141073618422,0.24624773135475617,-0.2460392160806202,-0.7839005927255958,-0.2707480780807662,1.0273847382085577,-0.0785075184383865,0.001302376601904366,-0.04161116246988221
0.20440881763527052,0.24887144513794507,0.05085124844718217,0.24364016058573465,-0.2491370024666144,-0.8005225437152085,-0.2705941237357758,1.0358995147331271,-0.08214716408521947,-0.008850710361570759,-0.04203054857029963
0.20841683366733466,0.24887642446281497,0.05084215137606549,0.24355757761813304,-0.24901588304337774,-0.800604887168779,-0.27083431803954,1.0359848310768285,-0.08177922994700275,-0.017063872151988305,-0.04241226345849849
0.2124248496993988,0.2488810505786207,0.05083775992209858,0.24358212275729382,-0.24889298811409793,-0.8005661580908155,-0.27099294590197853,1.0359988591286726,-0.08149953181613631,-0.022010055826971242,-0.04268934244628428
0.21643286573146292,0.24888484786075935,0.05083654309122046,0.24360070042294352,-0.2488006409645579,-0.8005363548424856,-0.2711010986668379,1.0360074760376965,-0.08130001544305229,-0.024594263130321398,-0.042886766823504084
0.22044088176352702,0.2488880269982199,0.05083745995397016,0.24361421129840888,-0.2487320718948047,-0.8005143765181342,-0.27117228983713665,1.0360128307528682,-0.0811608839381924,-0.025511775546750104,-0.04302434065073115
0.22444889779559116,0.2488907512314856,0.0508397465952831,0.24362402775268638,-0.24868173786533002,-0.8004982311299579,-0.2712164554214851,1.0360158420017551,-0.08106675543937372,-0.02528306029241486,-0.04311729648499419
0.2284569138276553,0.24889314161177034,0.05084284791665423,0.24363119008091214,-0.24864531961222416,-0.8004863900379731,-0.2712411311416043,1.0360171959543298,-0.08100584888062193,-0.02429438442742654,-0.04317730404867163
0.23246492985971942,0.24889528706888417,0.05084636682107889,0.24363647494719687,-0.24861946406720736,-0.8004776946709988,-0.27125200155773166,1.0360174060003433,-0.08096918211960559,-0.02282943279244559,-0.0432132630891853
0.23647294589178355,0.2488972522557135,0.05085002501282946,0.2436404572348413,-0.2486015757259768,-0.8004712721626501,-0.2712533247193023,1.036016853034724,-0.08094994292844339,-0.021093857188481637,-0.04323192547555535
0.24048096192384769,0.248899083592615,0.050853632840880354,0.24364355814267474,-0.24858965194638424,-0.8004664693649528,-0.2712482634148577,1.0360158167191027,-0.08094299636208692,-0.019234284250966606,-0.04323838247970923
0.2444889779559118,0.24890081390732446,0.050857066190434196,0.2436460824332494,-0.24858215313592108,-0.8004628014450249,-0.27123914303396834,1.0360144997459146,-0.08094449966399828,-0.017352986986901728,-0.04323644574193933
0.24849699398797592,0.24890246598203228,0.050860248854609255,0.2436482471909423,-0.24857790057607948,-0.8004599119392456,-0.2712276517992017,1.0360130466188624,-0.0809516018580639,-0.015519169586746095,-0.0432289445035708
0.25250501002004005,0.24890405525227743,0.05086313915596504,0.24365020394904485,-0.24857599611681544,-0.8004575417938217,-0.2712149958164194,1.0360115581432154,-0.08096220993768329,-0.013777612882647849,-0.04321795698529924
0.2565130260521042,0.2489055918493859,0.0508657198541152,0.24365205564897047,-0.24857575915961827,-0.8004555054412673,-0.2712020187663588,1.0360101025663468,-0.08097480734691463,-0.012155267798036948,-0.04320499005084788
0.2605210420841683,0.248907082136431,0.050867990585904695,0.2436538695814076,-0.2485766772921969,-0.8004536723751279,-0.2711892939791413,1.0360087241084883,-0.08098831345325917,-0.010666257641582763,-0.043191118326560925
0.26452905811623245,0.24890852985480003,0.05086996225020703,0.24365568721160363,-0.24857836768997463,-0.8004519530123317,-0.27117719498480986,1.0360074494651201,-0.08100197509566376,-0.009315650225811555,-0.043177091591707184
0.2685370741482966,0.2489099369725725,0.05087165287962691,0.2436575315954396,-0.2485805469982205,-0.800450287891403,-0.2711659493285298,1.0360062927371028,-0.08101528318120972,-0.008102282030448027,-0.04316341738657928
0.2725450901803607,0.24891130430558453,0.05087308464366624,0.24365941293876886,-0.24858300788476298,-0.8004486394594239,-0.27115567940794955,1.0360052591457207,-0.08102790880076813,-0.00702085460033468,-0.043150424306141695
0.27655310621242485,0.24891263196610725,0.050874281708096464,0.24366133273105925,-0.24858560083163142,-0.8004469858622777,-0.2711464332760525,1.0360043478118126,-0.08103965451823016,-0.00606347458229787,-0.043138310276397335
0.280561122244489,0.2489139196815815,0.05087526873803521,0.2436632867888761,-0.24858822003448394,-0.8004453162802078,-0.2711382077107569,1.0360035538167351,-0.08105041742401863,-0.005220770494756968,-0.043127179185335776
0.28456913827655306,0.2489151670160944,0.05087606988124309,0.24366526746974895,-0.24859079251714689,-0.8004436274511834,-0.27113096534681913,1.0360028697146129,-0.08106016128264891,-0.004482689288676941,-0.04311706850972205
0.2885771543086172,0.24891637351967344,0.050876708106361856,0.24366726525817095,-0.24859326975765744,-0.8004419211036017,-0.271124647267854,1.0360022866274041,-0.08106889568690254,-0.0038390522533789237,-0.0431079700028073
0.2925851703406813,0.24891753882455467,0.050877204800522706,0.24366926987947024,-0.2485956212719677,-0.8004402020819414,-0.2711191821439384,1.0360017950245932,-0.08107666059014647,-0.0032799314621221425,-0.04309984505423897
0.29659318637274545,0.24891866270298668,0.05087757955379225,0.24367127106135728,-0.2485978297199875,-0.8004384769976849,-0.27111449275536903,1.0360013852660646,-0.08108351494927711,-0.0027958936443325776,-0.04309263597652833
0.3006012024048096,0.2489824431599772,0.05087886697201954,0.2608152768240043,-0.2481240938935441,-0.7926035557606355,-0.27215335157117737,1.0463071883535395,-0.08158020696801004,-0.0026330381105690074,-0.04309651489829219
0.3046092184368737,0.249032865277524,0.05089893838375136,0.2638155800132122,-0.24607950402342124,-0.7802604777518511,-0.2715992757196841,1.0362816520894276,-0.07811185698898684,0.008343973520820069,-0.04264646536099908
0.30861723446893785,0.24902821578396792,0.05090783784242056,0.26386969179042763,-0.24621046203820013,-0.7801992147469063,-0.2713616184961767,1.036221341233514,-0.07847173111998822,0.016525164130776107,-0.04226813002160493
0.312625250501002,0.2490240348700448,0.050912096080792155,0.26384614205055223,-0.2463325272062244,-0.7802370166353719,-0.2712046841010089,1.0362077244133665,-0.07874901959851578,0.021465120246036393,-0.041993480064043597
0.3166332665330661,0.24902065611014768,0.050913212673889395,0.263828602453944,-0.24642421476619078,-0.7802657193715897,-0.2710976305899636,1.036199221217705,-0.07894678788286688,0.02406363233085215,-0.04179764444961757
0.32064128256513025,0.2490178705052039,0.05091221716674306,0.26381603905044365,-0.2464923743837791,-0.7802867167123154,-0.2710271573589182,1.0361939440056893,-0.07908480025573435,0.025008712811816245,-0.04166104286889256
0.3246492985971944,0.24901551743333802,0.05090986569884179,0.26380709364083965,-0.24654248663758324,-0.7803019790436081,-0.2709834387325166,1.0361909863746004,-0.07917826566008557,0.02481551467314335,-0.04156861339578593
0.3286573146292585,0.24901347796493412,0.05090670788390246,0.26380073892638833,-0.24657882132724868,-0.7803130163959573,-0.2709590207793975,1.0361896695437665,-0.07923883469702168,0.02386648571393133,-0.041508815304368
0.33266533066132264,0.24901166489801746,0.050903137035041464,0.26379620818804245,-0.24660469354746672,-0.7803209730366395,-0.2709482795571794,1.0361894855283842,-0.0792753915055532,0.022442618333488117,-0.04147284571277917
0.3366733466933867,0.24901001500545533,0.05089942891889069,0.26379293415558663,-0.24662266980668324,-0.7803267108658665,-0.2709470014892771,1.036190057355067,-0.07929467527386148,0.020747715054121395,-0.04145402490996061
0.34068136272545085,0.2490084830610524,0.050895771572664006,0.26379050147277955,-0.24663473073208353,-0.7803308746228533,-0.27095205600346917,1.036191108164823,-0.07930176702426331,0.01892717869261441,-0.04144731485869285
0.344689378757515,0.24900703725355883,0.050892288155589854,0.26378860988136843,-0.24664239931426765,-0.7803339426842116,-0.27096114067617705,1.03619243722949,-0.07930047016342077,0.017082517525921864,-0.041448942726612106
0.3486973947895791,0.2490056556806848,0.05088905438384337,0.2637870457944158,-0.2466468418540843,-0.780336266542327,-0.2709725833171353,1.0361939013865613,-0.0792936073679909,0.015282503581510166,-0.04145610713959501
0.35270541082164325,0.2490043236813996,0.05088611176461384,0.26378566042234824,-0.24664894730688194,-0.7803381014046855,-0.2709851886977707,1.036195400713403,-0.07928325167318938,0.013571722423990065,-0.04146674949810111
0.3567134268537074,0.2490030318170741,0.05088347758161265,0.26378435300622805,-0.24664938954897225,-0.7803396298409325,-0.27099812021955216,1.0361968675118312,-0.07927090589466962,0.011977094740869831,-0.0414793763895555
0.3607214428857715,0.24900177435326767,0.05088115237664565,0.26378305802221985,-0.24664867615838715,-0.7803409799967114,-0.27101080887428747,1.0361982578719717,-0.0792576415465547,0.010512825081027426,-0.04149292206218588
0.36472945891783565,0.2490005481264563,0.05087912550829401,0.2637817354658432,-0.24664718655920256,-0.7803422395702915,-0.2710228834766492,1.0361995452409585,-0.07924420606385754,0.009184134440915943,-0.04150664225251723
0.3687374749498998,0.24899935170556556,0.05087737924008292,0.2637803635177524,-0.24664520178751076,-0.7803434664923212,-0.27103411743772476,1.0362007155457982,-0.07923110527088205,0.00799005558736286,-0.041520032503439344
0.3727454909819639,0.24899818477826008,0.05087589170946904,0.2637789330451008,-0.24664292766691914,-0.780344697046877,-0.27104438836694333,1.036201763517473,-0.07921866655874737,0.006925508724150071,-0.04153276557094376
0.37675350701402804,0.2489970477076965,0.050874639049747226,0.263777443512518,-0.2466405128077394,-0.7803459520123094,-0.27105364759399964,1.0362026899403989,-0.079207087065336,0.005982826910338264,-0.04154464367388837
0.3807615230460922,0.24899594121778473,0.050873596874965156,0.2637758999710785,-0.24663806254723442,-0.7803472412744278,-0.27106189733668934,1.0362034996120466,-0.07919647022628487,0.005152862786025879,-0.041555562255167565
0.38476953907815625,0.24899486617464395,0.0508727412894938,0.2637743108677411,-0.24663564971276497,-0.7803485672653233,-0.27106917374017014,1.0362041998452416,-0.07918685333555954,0.004425778483561844,-0.041565482644387905
0.3887775551102204,0.24899382343945975,0.05087204954614322,0.26377268647582863,-0.24663332290293769,-0.7803499275030436,-0.27107553440612286,1.036204799383138,-0.07917822817841491,0.003791597375420964,-0.0415744115813465
0.3927855711422845,0.24899281377379978,0.05087150044735029,0.2637710377925843,-0.24663111283392686,-0.7803513164459883,-0.2710810493388985,1.0362053076262157,-0.07917055634611432,0.0032405781673960667,-0.041582386007935936
0.39679358717434865,0.24899183778298617,0.05087107456119173,0.26376937578535303,-0.2466290371810746,-0.7803527268277786,-0.271085794477713,1.0362057340936406,-0.07916378048516862,0.002763457704987696,-0.04158946188873049
0.4008016032064128,0.2489160339997143,0.050868040121171874,0.24891535831337094,-0.24897475396909008,-0.7921482226681966,-0.2693633635197256,1.0283407571090504,-0.08001660015893007,0.0026015997917620826,-0.041585605251974196
0.4048096192384769,0.24887812782654953,0.05084903211015861,0.24359455820170664,-0.24915097154625426,-0.800543519596857,-0.27061335689093496,1.0359305983877938,-0.08211964330151858,-0.008849663664142247,-0.04205690627239622
0.40881763527054105,0.24888296622080897,0.0508403672121352,0.2435732203779334,-0.24900989049007627,-0.8005890498203283,-0.2708480904756865,1.0359867670179725,-0.08175987462591522,-0.0168445221730564,-0.042429428510261116
0.4128256513026052,0.24888722013984377,0.05083624843632981,0.24359682206043037,-0.2488896161912675,-0.8005513295430589,-0.27100217611198757,1.0359999734824084,-0.08148704281421688,-0.02164606843263219,-0.042699529517893804
0.4168336673346693,0.24889067687940608,0.050835213871767565,0.24361433851254596,-0.24879934852499516,-0.8005228221113648,-0.2711072076625318,1.0360083062833094,-0.08129269801283173,-0.02414579772323838,-0.0428919296671344
0.42084168336673344,0.24889354393406804,0.05083624978474282,0.24362694093207343,-0.24873229614504316,-0.8005019218987428,-0.2711762156631557,1.0360134647926187,-0.08115724478716047,-0.02502188575464137,-0.04302595404342664
0.4248496993987976,0.2488959798531609,0.05083861173384084,0.24363597156206407,-0.24868304556597662,-0.8004866824556695,-0.27121889123058557,1.0360163418555033,-0.08106567491337285,-0.024781922932769564,-0.04311646564853997
0.4288577154308617,0.24889810203291607,0.05084175895906898,0.24364244354301473,-0.2486473808805931,-0.8004756138431278,-0.2712425847340215,1.0360176065721953,-0.0810064942106552,-0.023802560683382896,-0.043174850308162295
0.43286573146292584,0.24889999656709155,0.05084530480665071,0.2436471128466392,-0.2486220293405032,-0.8004675872380024,-0.2712528402030242,1.0360177595090723,-0.08097094000653317,-0.022360368601117432,-0.04320979058317381
0.4368737474949899,0.24890172590032483,0.0508489784787047,0.24365053865295527,-0.24860445765068082,-0.8004617525362244,-0.2712538097636111,1.0360171719652345,-0.08095236716925963,-0.020655791809295363,-0.04322787297911094
0.44088176352705405,0.24890333472440465,0.050852595609237494,0.24365313028373584,-0.24859271119145587,-0.8004574739541059,-0.27124857692745663,1.036016116480744,-0.08094576728107879,-0.018831699705032106,-0.04323406355267984
0.4448897795591182,0.24890485450389133,0.05085603571873007,0.24365518354745785,-0.24858528730135673,-0.8004542798647526,-0.27123940824690673,1.036014790515327,-0.08094739278397552,-0.016987702332751445,-0.04323207973767865
0.4488977955911823,0.24890630693528923,0.05085922501686187,0.24365690879789853,-0.24858103553989697,-0.8004518238178407,-0.271227948718469,1.0360133347747833,-0.08095446379019754,-0.015191161342371192,-0.043224680436667544
0.45290581162324645,0.2489077065785656,0.05086212335249311,0.24365845252109564,-0.24857907930026507,-0.8004498543305183,-0.2712153730865722,1.0360118473501276,-0.08096493989870863,-0.01348562505656619,-0.0432138918316596
0.4569138276553106,0.2489090628481455,0.05086471437024683,0.24365991387885372,-0.24857875429910903,-0.8004481915454313,-0.2712025026364059,1.0360103945874182,-0.08097734305291983,-0.011897260952058729,-0.04320118271697452
0.4609218436873747,0.24891038150976105,0.05086699813824655,0.24366135733112862,-0.2485795603927534,-0.8004467092548969,-0.2711898950327838,1.036009019410585,-0.08099062040843674,-0.010439735379384264,-0.04318760025882374
0.46492985971943884,0.24891166579742272,0.05086898567319252,0.24366282221787672,-0.24858112390355255,-0.8004453211095135,-0.27117791315263096,1.03600774766477,-0.08100403850694934,-0.009117892852496067,-0.04317387478629152
0.468937875751503,0.24891291723952194,0.05087069491607738,0.24366432999009033,-0.24858316822453697,-0.8004439700821937,-0.2711667775852585,1.0360065929253688,-0.08101710189737528,-0.007930510357505674,-0.0431605003950616
0.4729458917835671,0.24891413626322847,0.05087214781166885,0.2436658896292298,-0.24858549093533847,-0.800442620458391,-0.27115660646800055,1.0360055601213878,-0.08102949080659325,-0.006872341580196195,-0.04314779670107681
0.47695390781563124,0.24891532263078145,0.050873368223151784,0.2436675016757287,-0.24858794603180756,-0.8004412517810789,-0.2711474455300235,1.0360046482455858,-0.08104101361825448,-0.0059356183320232025,-0.043135955938583666
0.48096192384769537,0.24891647574908718,0.0508743804745727,0.24366916119402848,-0.2485904301651169,-0.800439854303508,-0.2711392905903525,1.0360038523639195,-0.0810515708319702,-0.005111139060016628,-0.0431250786937367
0.4849699398797595,0.24891759488451398,0.0508752083615707,0.24367085992839863,-0.24859287201894942,-0.8004384256008231,-0.27113210426252876,1.0360031650896628,-0.08106112789662565,-0.004389045009978489,-0.043115200851740476
0.4889779559118236,0.24891867930734754,0.0508758745081656,0.24367258784641202,-0.24859522413794538,-0.800436968068776,-0.27112582823007453,1.0360025776505606,-0.08106969488046703,-0.00375936167081049,-0.04310631377306909
0.4929859719438877,0.24891972838459386,0.05087639997636577,0.24367433422203913,-0.2485974566667883,-0.8004354870983634,-0.27112039215206196,1.0360020806483627,-0.08107731138862344,-0.0032123652099492824,-0.04309837927133064
0.49699398797595185,0.24892074163533306,0.050876804057841736,0.24367608837525326,-0.24859955257500974,-0.8004339897627649,-0.2711157200190541,1.0360016645873962,-0.08108403549104659,-0.002738819645870119,-0.04309134061695145
0.501002004008016,0.24900482631195645,0.05088205440840744,0.2576966259592401,-0.2450022958845104,-0.7861811453429964,-0.2729956119225161,1.0402781810747366,-0.07834376989231326,-0.0022150246081472894,-0.04308064813443184
0.5050100200400801,0.24903428581893777,0.05089937725175332,0.263870040833508,-0.24608039587322977,-0.7802289377981317,-0.2715742934573598,1.036280065319886,-0.0781424070400576,0.009342879042436664,-0.04260275683700067
0.5090180360721442,0.24902943521024026,0.05090774869891519,0.2638711287174205,-0.24622554220778278,-0.7801995297142049,-0.27134456851789085,1.0362197826159913,-0.07850348119595274,0.01715465157674798,-0.04223596351404125
0.5130260521042084,0.24902525795375077,0.05091167081645213,0.2638478628175802,-0.24634413767047897,-0.7802367990137908,-0.2711933892491591,1.0362069578806545,-0.07877183279202221,0.021821576680334475,-0.04197028897310171
0.5170340681362725,0.24902186512930088,0.05091256795462178,0.263830699636363,-0.2464331138003423,-0.7802648059818129,-0.2710904628823575,1.036198814614342,-0.07896280138368487,0.02422542602394411,-0.04178122389914088
0.5210420841683366,0.24901905135257832,0.05091143829544215,0.2638183715589046,-0.24649917704889182,-0.7802853181230143,-0.2710230076725935,1.036193794094463,-0.07909572773408922,0.02503472686997411,-0.041649694059551066
0.5250501002004008,0.2490166604824318,0.050909014661423786,0.26380955388028726,-0.2465476745936958,-0.7803002573990894,-0.2709814650078624,1.0361910165385295,-0.07918542257645597,0.024749655668580877,-0.041561031918759456
0.5290581162324649,0.2490145769795232,0.05090582899429165,0.26380324818597983,-0.24658276957228112,-0.7803110932305501,-0.2709585865321618,1.036189822398472,-0.07924322633180472,0.02374118558354204,-0.041504003781286804
0.533066132264529,0.24901271617121457,0.0509022612913285,0.2637987098341534,-0.2466076933337653,-0.7803189385396488,-0.27094890695190543,1.0361897184412932,-0.07927778232031461,0.022281557129174904,-0.04147004519000865
0.5370741482965932,0.249011016696989,0.050898577359880876,0.26379538832308486,-0.24662494675648353,-0.7803246311550375,-0.2709483347084608,1.036190338984217,-0.07929564329036307,0.02056793231529858,-0.04145266107002881
0.5410821643286573,0.24900943468939954,0.050894957854594455,0.26379288095163844,-0.24663645912678894,-0.7803287974134417,-0.27095383269909884,1.0361914157691754,-0.07930174637634577,0.01874070592075051,-0.04144695592411072
0.5450901803607214,0.24900793930862897,0.050891520521759756,0.2637908969396799,-0.246643713351129,-0.7803319016965052,-0.2709631697731877,1.0361927545842295,-0.07929978432840235,0.016897636233753396,-0.04144926657894688
0.5490981963927856,0.2490065093301093,0.05088833716281846,0.26378922973333585,-0.2466478445017313,-0.7803342849190182,-0.27097472780110593,1.0361942171721599,-0.07929249506285563,0.015104711200088718,-0.04145687569170215
0.5531062124248497,0.24900513054929352,0.05088544650336975,0.2637877357019486,-0.2466497172615764,-0.780336194352445,-0.27098735230696,1.0361957072749843,-0.07928188698641407,0.013404470783581146,-0.0414677887668906
0.5571142284569138,0.24900379381872803,0.05088286389686266,0.2637863178156169,-0.24664998669016105,-0.7803378066652682,-0.2710002371896098,1.0361971599073638,-0.07926941389532179,0.011822351948010356,-0.04148056104196729
0.561122244488978,0.24900249357284435,0.05088058858937661,0.2637849131944927,-0.24664914581984607,-0.7803392456633229,-0.2710128360648476,1.0361985331452266,-0.0792561103509717,0.010371500637494894,-0.041494163465277366
0.565130260521042,0.2490012267276161,0.050878609112191935,0.26378348365991267,-0.24664756286655012,-0.7803405958977211,-0.2710247943522124,1.0361998018689256,-0.0792426961329601,0.009056398788526128,-0.04150787926338116
0.5691382765531061,0.2489999918671838,0.050876907243257226,0.2637820086060584,-0.24664551026074902,-0.7803419130582268,-0.2710358974884872,1.0362009530211425,-0.07922965654694386,0.00787557843579262,-0.041521224396978716
0.5731462925851702,0.2489987886491574,0.0508754608800384,0.2637804796595674,-0.24664318724521578,-0.7803432318724933,-0.2710460316447137,1.036201982035177,-0.07921730392042793,0.006823635145820811,-0.04153388663203096
0.5771543086172344,0.24899761737568057,0.050874246088920425,0.2637788967116365,-0.2466407374207412,-0.7803445720756483,-0.27105515410895237,1.0362028901645075,-0.07920582447696171,0.0058927059634445176,-0.041545679082068875
0.5811623246492985,0.24899647868937952,0.050873238535831894,0.263777264999263,-0.2466382623310629,-0.7803459428917116,-0.27106327111635864,1.0362036825037444,-0.07919531387613404,0.00507354011306482,-0.04155650497036484
0.5851703406813626,0.24899537336272332,0.05087241445551227,0.26377559298458597,-0.24663583194811212,-0.7803473463714484,-0.2710704213958924,1.0362043665376794,-0.07918580399381078,0.004356261736909996,-0.041566331065431665
0.5891783567134268,0.2489943021566576,0.050871751280019285,0.26377389083797703,-0.24663349273624705,-0.780348779855029,-0.27107666408656256,1.0362049510916957,-0.07917728295490543,0.0037309012918823547,-0.04157516779908889
0.5931863727454909,0.24899326573007746,0.05087122801844695,0.2637721693748884,-0.24663127382963512,-0.7803502377679942,-0.27108206997731205,1.0362054455854661,-0.07916970998829877,0.0031877545299703425,-0.04158305451403025
0.597194388777555,0.24899226458613236,0.0508708254576272,0.26377043933110306,-0.24662919174259748,-0.7803517129120707,-0.2710867152607672,1.0362058595142805,-0.07916302632542652,0.002717614197181622,-0.04159004863204328
0.6012024048096192,0.24890207688843433,0.050863522494058455,0.24862372996125898,-0.250083638728441,-0.7957420311252333,-0.2696341927478025,1.0342529188336933,-0.08309548333984877,0.0014860642204555857,-0.04162922045632766
0.6052104208416833,0.24887899469177466,0.050847702955451816,0.2435714743889404,-0.24914183015732438,-0.800571569284888,-0.27064290783316614,1.0359290961519934,-0.08208776579604671,-0.009822497143788972,-0.04209942770894877
0.6092184368737474,0.24888387911119428,0.05083960035859269,0.24357680622809952,-0.24899651016581822,-0.8005840014855311,-0.27086666969839435,1.035988546014479,-0.0817282529993187,-0.017453444947035008,-0.042460530888621076
0.6132264529058116,0.24888802019715967,0.05083585480269109,0.24359983325183912,-0.24887964640993274,-0.8005471372633599,-0.27101502422351986,1.0360010502481338,-0.08146434601627113,-0.02198838799608527,-0.042721844605363345
0.6172344689378757,0.24889138754897294,0.05083507693528385,0.2436167369705761,-0.24879196765756226,-0.8005195401358278,-0.27111591657046336,1.0360090141310336,-0.08127668882274974,-0.02429836674386161,-0.04290762433359799
0.6212424849699398,0.24889418437847485,0.0508362837635627,0.2436288789533336,-0.24872690218709956,-0.8004993311472143,-0.27118187952378775,1.0360139051045545,-0.08114623827087077,-0.02504239902387428,-0.043036696763644675
0.625250501002004,0.2488965645547782,0.050838753855621574,0.2436375665892113,-0.24867916849904642,-0.8004846125621704,-0.2712223413500287,1.0360165906497898,-0.08105837793697974,-0.024713361878947234,-0.04312353681909548
0.6292585170340681,0.2488986418849385,0.05084196390470088,0.2436437840196176,-0.24864465554585477,-0.800473934966484,-0.2712444500236642,1.0360177209295736,-0.08100191886181295,-0.023676639187755196,-0.043179228302406725
0.6332665330661322,0.2489004997336122,0.05084554042165175,0.24364826494595518,-0.24862017284863502,-0.8004662008984493,-0.27125359339012756,1.03601778197266,-0.08096833527408744,-0.02220021130187623,-0.04321221931654498
0.6372745490981964,0.24890219848053127,0.05084922246889054,0.24365155153068258,-0.24860325153951646,-0.8004605844276954,-0.271253803457995,1.0360171339484079,-0.08095116539597112,-0.020478010340146124,-0.04322891487103965
0.6412825651302605,0.24890378126370588,0.05085283300414783,0.24365404015201958,-0.24859198735594398,-0.8004564683386829,-0.2712480717252702,1.0360160409151469,-0.080945542271245,-0.018647997429548056,-0.04323414096642589
0.6452905811623246,0.24890527838580156,0.05085625693263218,0.24365601682545115,-0.24858491691295537,-0.800453395211141,-0.2712385945773204,1.0360146939029988,-0.08094782709449616,-0.01680611051840159,-0.04323150734053986
0.6492985971943888,0.24890671068064105,0.050859424373706476,0.2436576845404294,-0.24858092033258497,-0.8004510294162812,-0.27122696378136635,1.0360132287737338,-0.0809553232478365,-0.015016987840610535,-0.043223690414961144
0.6533066132264529,0.24890809207289274,0.05086229797007242,0.2436591842841599,-0.2485791447282086,-0.8004491276728165,-0.27121431394553763,1.0360117399953097,-0.08096605379506178,-0.013322179237178383,-0.043212653491002985
0.657314629258517,0.24890943151355202,0.050864863321588294,0.24366061114674553,-0.24857894417293286,-0.8004475163034244,-0.2712014363062459,1.0360102912273734,-0.08097858879328294,-0.0117464049447895,-0.04319981767757027
0.6613226452905812,0.2489107344340253,0.05086712182623036,0.24366202660320913,-0.24857983268254538,-0.8004460737260489,-0.2711888662224882,1.036008923422871,-0.08099191164846817,-0.01030230085763413,-0.04318619420080289
0.6653306613226453,0.24891200383027898,0.050869085368510814,0.24366346783179987,-0.2485814474613562,-0.8004447170263461,-0.2711769501835119,1.0360076609997142,-0.08100531601538644,-0.008993994058108684,-0.043172486498210975
0.6693386773547093,0.2489132410638536,0.05087077241975682,0.24366495474159414,-0.2485835202304996,-0.8004433917044101,-0.2711658968923649,1.0360065165169736,-0.0810183265449858,-0.007819777339373276,-0.04315916871862551
0.6733466933867734,0.24891444644717498,0.05087220521209023,0.24366649523543296,-0.24858585491255808,-0.8004420638840628,-0.27115581600471667,1.0360054941957593,-0.08103063820971428,-0.006774092326132746,-0.04314654583847171
0.6773547094188376,0.24891561966540365,0.05087340772432357,0.2436680891185098,-0.24858831030739081,-0.8004407144270802,-0.27114674732617416,1.0360045925505965,-0.08104207006662377,-0.005848984313930599,-0.04313479948863644
0.6813627254509017,0.24891676007517385,0.05087440427774971,0.24366973097192196,-0.2485907866807378,-0.8004393345162734,-0.27113868265930235,1.0360038063385761,-0.0810525302106127,-0.005035155449113768,-0.04312402270396609
0.6853707414829658,0.24891786691128326,0.05087521858647056,0.24367141223905317,-0.24859321541464074,-0.8004379223670829,-0.27113158200960863,1.0360031279875297,-0.08106198937472035,-0.0043227142631278685,-0.04311424611092987
0.68937875751503,0.248918939425152,0.05087587314327465,0.2436731227166541,-0.24859555104905556,-0.8004364808026584,-0.2711253854807547,1.0360025486283624,-0.08107046118988992,-0.0037016971911450493,-0.043105457519780156
0.6933867735470941,0.24891997697323598,0.050876388850341236,0.24367485159867305,-0.2485977651868617,-0.8004350154865489,-0.2711200218916865,1.0360020588283614,-0.08107798755402602,-0.003162420226523539,-0.04309761645505233
0.6973947895791582,0.24892097906920926,0.05087678482596381,0.24367658818667837,-0.2485998418474917,-0.8004335336535184,-0.2711154149151119,1.0360016491001596,-0.08108462790410267,-0.0026957052440866537,-0.04309066481814676
0.7014028056112224,0.24901633573921125,0.050885452950446435,0.260679777922447,-0.24619680356610185,-0.7844718486470744,-0.27195119772174764,1.0373759280623709,-0.07722415297872398,-0.0006415616778600274,-0.04301825950638702
0.7054108216432865,0.2490339819515706,0.05090042905088501,0.26387344679673813,-0.24609440382632655,-0.7802007320869468,-0.2715447731117424,1.0362692675692469,-0.0781787971233185,0.0102925087105675,-0.04256080800951292
0.7094188376753506,0.24902909450534297,0.05090826594403068,0.2638688832895471,-0.24623908964562918,-0.7802033304958715,-0.27132689112882524,1.0362181935427834,-0.07853446405332558,0.01774501839907729,-0.042205333884438576
0.7134268537074148,0.24902499958338467,0.050911834363715054,0.26384614987375704,-0.2463542994281879,-0.7802397482812674,-0.2711812900718553,1.0362059919907542,-0.07879398286414281,0.022150256608030397,-0.04194831403366751
0.7174348697394789,0.24902166716746924,0.0509124916312613,0.26382952534969656,-0.24644070500557488,-0.780266919881458,-0.27108240784296816,1.0361982064718651,-0.07897837648927353,0.024368056306726924,-0.041765768242776044
0.721442885771543,0.24901889636698932,0.050911205823450774,0.263817588293705,-0.24650479282274235,-0.7802868097551433,-0.27101792067850083,1.0361934442771226,-0.07910638772222015,0.025048072282868494,-0.04163911352486438
0.7254509018036072,0.24901653558050008,0.05090868713757824,0.26380904923790977,-0.24655177930676003,-0.7803012915645665,-0.2709785288422725,1.036190850465435,-0.07919244099550195,0.024675985401947598,-0.041554064984282574
0.7294589178356713,0.24901447273301727,0.05090545036345988,0.2638029381759349,-0.24658572410971677,-0.7803117949346927,-0.27095718337727526,1.0361897841280154,-0.07924757584521672,0.02361167049933437,-0.04149968668121293
0.7334669338677354,0.24901262577219485,0.05090186257116708,0.26379853224645544,-0.24660977739229062,-0.7803194020286544,-0.2709485728273529,1.0361897663422286,-0.07928020209421274,0.02211890994943317,-0.04146764527476578
0.7374749498997996,0.24901093530675006,0.050898179895085834,0.26379529755825926,-0.2466263764498851,-0.7803249269958287,-0.27094872391274827,1.0361904423765915,-0.07929669180092762,0.020388454026501607,-0.04145162457452335
0.7414829659318637,0.24900935893815934,0.050894575814259595,0.2637928440129135,-0.24663740086870775,-0.7803289780131701,-0.2709546901054817,1.0361915523146403,-0.07930184271934422,0.01855586720076926,-0.041446867102942514
0.7454909819639278,0.2490078669126089,0.05089116280769706,0.26379089033544234,-0.24664429478787034,-0.7803320055953848,-0.27096430929690696,1.036192908263996,-0.07929924046958037,0.016715295456054026,-0.041449815798455164
0.749498997995992,0.24900643879980483,0.05088800886062963,0.2637892370910402,-0.24664816310978918,-0.7803343401204818,-0.27097601570794944,1.0361943767250146,-0.07929154096045234,0.014930048982193193,-0.04145783457011693
0.7535070140280561,0.24900506096839023,0.05088514997957016,0.26378774593693205,-0.246649847098356,-0.7803362208990874,-0.2709886943131569,1.0361958649947913,-0.07928069011365467,0.013240703958881243,-0.04146899085245125
0.7575150300601202,0.24900372467758083,0.050882599622882385,0.2637863237317286,-0.24664998368579222,-0.7803378186249968,-0.2710015685251548,1.0361973107208693,-0.07926809437031816,0.011671276327691908,-0.04148188683548294
0.7615230460921844,0.2490024246439562,0.05088035575555168,0.26378491041989827,-0.2466490519178555,-0.7803392526552239,-0.2710141138483179,1.0361986739079179,-0.07925475262715269,0.010233901256066078,-0.04149552884490279
0.7655310621242485,0.24900115797332062,0.050878406080921326,0.26378346984233153,-0.24664740925737413,-0.7803406042595175,-0.27102599176443243,1.0361999308300855,-0.0792413580014886,0.00893235790562909,-0.04150922656867341
0.7695390781563125,0.24899992337191446,0.05087673187954914,0.2637819828081764,-0.24664531990132574,-0.7803419267353416,-0.27103699934254494,1.036201069419806,-0.07922837604280149,0.007764704931649147,-0.04152251558720582
0.7735470941883766,0.24899872057039277,0.05087531078907775,0.26378044190835614,-0.2466429768175565,-0.78034325309146,-0.27104703103683997,1.0362020857970453,-0.07921610459738146,0.006725233726357816,-0.04153509805869956
0.7775551102204408,0.2489975499089948,0.05087411878356031,0.26377884766553283,-0.24664051885033444,-0.7803446018509785,-0.2710560499034233,1.0362029816764409,-0.0792047194166262,0.005805900488581382,-0.04154679751448121
0.7815631262525049,0.24899641204407308,0.05087313155165238,0.2637772057051918,-0.2466380439605287,-0.7803459814045886,-0.2710640660716731,1.0362037624476252,-0.07919430871736344,0.0049973621432631045,-0.04155752459109337
0.785571142284569,0.2489953077453263,0.050872325426986706,0.2637755247031104,-0.24663561944134987,-0.7803473932501548,-0.27107112078204615,1.036204435769499,-0.07918489920633501,0.004289712872721765,-0.04156725121420184
0.7895791583166332,0.24899423776023416,0.05087167798813544,0.2637738149197929,-0.24663328977233412,-0.7803488343803698,-0.27107727467668846,1.0362050105549034,-0.0791764755320357,0.0036729959112439285,-0.04157599129210321
0.7935871743486973,0.24899320272775352,0.05087116841765115,0.26377208717573575,-0.24663108263307917,-0.780350299021761,-0.2710825993231946,1.0362054962501104,-0.07916899469489176,0.003137547991394461,-0.041583786403965664
0.7975951903807614,0.24899220312765227,0.05087077768804101,0.2637703521551749,-0.24662901348653612,-0.7803517798825022,-0.2710871711822927,1.0362059023354253,-0.07916239660694613,0.0026742203812032362,-0.04159069530396977
0.8016032064128256,0.248892323129865,0.050861367019763036,0.24538200101783167,-0.24813827636152283,-0.796881318759235,-0.27061441647243656,1.0345387313425445,-0.08217033216638367,-0.0000742202701211202,-0.04169135560538072
0.8056112224448897,0.24887948685607553,0.05084662610484538,0.2435755299603393,-0.24912751779126885,-0.8005935520815411,-0.27067168889306004,1.0359505290139714,-0.0820488272921054,-0.010752449594819984,-0.04214073168713587
0.8096192384769538,0.2488843646314388,0.05083904713978426,0.24357942460416804,-0.24898335031967658,-0.8005798886415564,-0.270884089036814,1.0359901074978157,-0.08169775908083925,-0.018028941100637803,-0.042490637822246706
0.813627254509018,0.24888841669771947,0.050835651626651844,0.24360184828299122,-0.24886972008863473,-0.8005439226213458,-0.27102701128866225,1.03600201822227,-0.0814425429338012,-0.02230657975180276,-0.042743421790706386
0.8176352705410821,0.24889171730502907,0.050835111635646364,0.2436182034811303,-0.24878457334569992,-0.8005171650126125,-0.2711239150989992,1.036009628089917,-0.0812613673654306,-0.02443378057476738,-0.042922777939524544
0.8216432865731462,0.24889446494379433,0.050836473771761835,0.24362994458381734,-0.2487214521548749,-0.8004975841916525,-0.27118695100220747,1.0360142639425542,-0.08113576015847423,-0.02505096565277997,-0.043047048958138635
0.8256513026052104,0.2488968089827654,0.05083903892100239,0.24363834295886663,-0.2486752045404579,-0.8004833304594327,-0.2712252918622357,1.036016767929747,-0.08105148679720685,-0.024636711235500517,-0.04313033198541068
0.8296593186372745,0.24889885979444887,0.05084230069334121,0.24364435466852813,-0.24864182165357884,-0.8004729937233228,-0.2712458888514263,1.0360177718252057,-0.08099765536230775,-0.0235454544039268,-0.04318341688356222
0.8336673346693386,0.24890069814294513,0.05084589834687225,0.243648691888572,-0.24861819318598974,-0.800465506914217,-0.27125397799905265,1.0360177475369974,-0.0809659705608826,-0.02203683491753217,-0.0432145236319308
0.8376753507014028,0.24890238245076401,0.05084958048000932,0.24365188036158775,-0.24860191304778173,-0.8004600675016571,-0.2712534746079581,1.0360170444301606,-0.08095014894258339,-0.020298464082240758,-0.043229880698783085
0.8416833667334669,0.24890395439314,0.05085317712254979,0.24365430400366475,-0.24859112604046205,-0.8004560762187432,-0.2712472808224049,1.0360159183349118,-0.080945461086624,-0.01846354281587649,-0.043234177896234655
0.845691382765531,0.24890544318847238,0.050856578369355976,0.24365623942688405,-0.24858440704415904,-0.8004530893542714,-0.2712375249305269,1.0360145540491013,-0.08094837387995035,-0.01662445060926121,-0.043230920278602696
0.8496993987975952,0.24890686887476976,0.05085971809838558,0.24365788257341384,-0.24858066595444697,-0.8004507816998163,-0.27122574707741304,1.0360130827437486,-0.08095627159465812,-0.01484318913041379,-0.04322270412692265
0.8537074148296593,0.24890824479957374,0.05086256162921188,0.2436593691913326,-0.2485790729913555,-0.8004489178506591,-0.2712130429800866,1.0360115953826143,-0.08096723891325718,-0.013159375793888378,-0.04321143167510814
0.8577154308617234,0.24890957950155843,0.050865096426363575,0.2436607905133978,-0.24857900010909362,-0.8004473300447282,-0.2712001747886716,1.036010153030951,-0.08097989257847352,-0.01159633355452726,-0.04319847774717932
0.8617234468937875,0.24891087812314083,0.05086732514749118,0.24366220520814252,-0.2485799751162011,-0.8004459011084407,-0.27118765629848185,1.0360087947418475,-0.08099325114533822,-0.010165705386959266,-0.04318481870713948
0.8657314629258517,0.24891214346282806,0.05086926049043996,0.24366364844206195,-0.24858164581750025,-0.800444551383054,-0.27117581818183123,1.0360075435608886,-0.08100663453533347,-0.008870928927483812,-0.043171131927272025
0.8697394789579158,0.2489133767519521,0.0508709214144513,0.2436651387096141,-0.24858375204756913,-0.8004432287462696,-0.2711648576932598,1.036006411073153,-0.08101958685350764,-0.007709833446658308,-0.04315787224014977
0.8737474949899798,0.2489145782215364,0.05087233040581745,0.24366668294424443,-0.2485861039094642,-0.8004419010344306,-0.2711548763416003,1.0360054008244726,-0.0810318173240257,-0.006676563601492013,-0.04314533046135862
0.877755511022044,0.2489157475102138,0.05087351153285036,0.24366828031065288,-0.24858856488524544,-0.8004405503211566,-0.2711459082642898,1.0360045108762685,-0.08104315530279702,-0.005762989035444436,-0.04313367797954689
0.8817635270541081,0.24891688395251324,0.050874489093335494,0.24366992498968337,-0.2485910387650106,-0.8004391686269456,-0.27113794144170256,1.0360037356961385,-0.08105351619756984,-0.004959723269868643,-0.04312300054869808
0.8857715430861722,0.2489179867777699,0.05087528670316703,0.24367160819748201,-0.24859345956341616,-0.8004377547277582,-0.27113093341871214,1.0360030675414333,-0.08106287581396403,-0.00425684741163681,-0.04311332373730443
0.8897795591182364,0.2489190552428495,0.05087592671032647,0.2436733196259185,-0.24859578376885513,-0.8004363118041191,-0.2711248228307133,1.0360024974578108,-0.08107125118835856,-0.003644412361732864,-0.04310463195282057
0.8937875751503005,0.2489200887163833,0.05087642984592922,0.24367504844851573,-0.24859798441000155,-0.8004348457300178,-0.2711195377408764,1.036002015987123,-0.08107868639561891,-0.003112776159205538,-0.04309688253750748
0.8977955911823646,0.24892108672795168,0.05087681504542585,0.2436767840027587,-0.24860004653483353,-0.8004333638461574,-0.2711150015677703,1.0360016136573893,-0.08108524215539867,-0.0026528198129807047,-0.043090016099763116
0.9018036072144288,0.24902474591190668,0.05088679121909562,0.2626358469799884,-0.24715700144101352,-0.7831882121461164,-0.2716340238854295,1.0378955455671375,-0.07879542897994957,0.0006007621306807711,-0.04296854188449495
0.9058116232464929,0.24903350723515508,0.050901461843051915,0.26387417031453597,-0.24610860333108547,-0.7801871847362651,-0.2715169668193214,1.0362470811553206,-0.07821805660472328,0.01120664464957109,-0.04251991383805023
0.909819639278557,0.24902865065717159,0.05090878656093361,0.26386635014744825,-0.2462520957581158,-0.7802073531547568,-0.2713097645235423,1.0362166742805459,-0.07856454280509356,0.01830803179267262,-0.0421755606313687
0.9138276553106212,0.24902464205526587,0.050912010482887404,0.2638442433719058,-0.24636415315687368,-0.7802428488635401,-0.2711695059101,1.036205045096048,-0.07881551298873808,0.022458979440747786,-0.04192699368746746
0.9178356713426853,0.24902137378118827,0.05091243422096877,0.26382815731291304,-0.24644804594795067,-0.7802691925999886,-0.27107456977515854,1.0361976097532877,-0.07899348588982849,0.02449632154317397,-0.041750811764536405
0.9218436873747494,0.24901864983532376,0.05091099655031793,0.263816612445892,-0.24651020449551972,-0.780288464530448,-0.27101297659372736,1.036193099446211,-0.07911670150793529,0.025051277075540532,-0.04162891190256619
0.9258517034068136,0.2490163230758166,0.05090838554709387,0.2638083552139372,-0.24655571653235073,-0.7803024900966516,-0.2709756798529066,1.0361906846503202,-0.07919920503878779,0.024595343704945972,-0.041547384180419686
0.9298597194388777,0.24901428482730387,0.05090509923797217,0.2638024434545738,-0.24658854023260496,-0.7803126599160503,-0.2709558258435824,1.0361897426961135,-0.07925174123077255,0.023477541886131614,-0.04149558437649442
0.9338677354709418,0.24901245560985752,0.05090149206619719,0.2637981756406363,-0.24661174615472872,-0.7803200260109637,-0.27094825370419,1.0361898086645405,-0.07928249120592955,0.021953385929735572,-0.0414654055180489
0.937875751503006,0.2490107779666865,0.05089781072443478,0.2637950341487299,-0.2466277092666333,-0.7803253793307624,-0.2709491058984839,1.0361905385362744,-0.07929765009816549,0.020207362121731617,-0.04145070657059418
0.9418837675350701,0.2490092109436057,0.050894221693362225,0.2637926412217659,-0.24663826044705792,-0.7803293102624902,-0.27095552449525473,1.0361916805505402,-0.07930187923194057,0.018370319162065184,-0.041446865153141034
0.9458917835671342,0.24900772585604017,0.050890832319858324,0.2637907248921288,-0.24664480585197385,-0.7803322557378756,-0.27096541488841047,1.0361930529903938,-0.07929865940563234,0.01653287925962062,-0.041450428028237354
0.9498997995991983,0.24900630305719199,0.05088770687538395,0.26378909269582257,-0.24664842083290056,-0.7803345358148001,-0.27097726245451803,1.0361945270024056,-0.07929056632249425,0.014755743046458573,-0.041458838570039895
0.9539078156312625,0.24900492948266795,0.050884878724450265,0.26378761146819385,-0.24664992372263664,-0.780336382007089,-0.2709899906938781,1.036196013353023,-0.0792794848227324,0.013077575256132812,-0.04147022475045463
0.9579158316633266,0.24900359679555775,0.0508823594878304,0.2637861918764152,-0.24664993371051738,-0.7803379591568573,-0.2710028518197456,1.0361974522569648,-0.0792667750828538,0.011521010801922579,-0.04148323462920952
0.9619238476953907,0.24900229999435192,0.05088014589182991,0.2637847766323146,-0.2466489161581718,-0.7803393822634094,-0.2710153426772388,1.036198805597534,-0.07925340117981979,0.010097204485276243,-0.04149690906952143
0.9659318637274549,0.24900103637632984,0.05087822484270842,0.26378333155702816,-0.24664721801311346,-0.7803407293815298,-0.271027140391425,1.036200051004685,-0.0792400302213458,0.008809255684650116,-0.04151058357131064
0.969939879759519,0.24899980477283357,0.05087657714566678,0.2637818388488325,-0.24664509542555052,-0.7803420514637113,-0.2710380533448809,1.0362011773720083,-0.0792271085030975,0.007654766942089658,-0.041523812834093475
0.9739478957915831,0.24899860499151938,0.05087518019386757,0.2637802920473087,-0.24664273523490005,-0.7803433798325101,-0.2710479840339478,1.036202181484796,-0.0792149197753172,0.00662773833874654,-0.04153631302382936
0.9779559118236472,0.24899743741532365,0.05087400987933408,0.2637786922986289,-0.24664027164373603,-0.7803447318205067,-0.2710569011019135,1.0362030655030865,-0.07920362961122171,0.005719954718239404,-0.04154791779556232
0.9819639278557113,0.2489963027193368,0.050873041919982785,0.2637770456145167,-0.24663779911998931,-0.7803461149980757,-0.271064818437852,1.036203835100058,-0.07919331900807193,0.004921987625584789,-0.04155854497522553
0.9859719438877754,0.2489952016757314,0.050872252752085206,0.2637753608863214,-0.24663538234852977,-0.7803475303168111,-0.27107177969476226,1.0362044981005056,-0.07918400967190803,0.004223906252599794,-0.041568171476119006
0.9899799599198396,0.2489941350238648,0.050871620102435296,0.26377364846962564,-0.2466330638791224,-0.780348974423809,-0.271077846946159,1.0362050634989908,-0.07917568290097865,0.003615770110403183,-0.04157681455546444
0.9939879759519037,0.24899310338810043,0.05087112332728573,0.2637719191970296,-0.24663086997984296,-0.7803504413449774,-0.2710830924871914,1.036205540764512,-0.07916829356095549,0.0030879593115746874,-0.04158451793363932
0.9979959919839678,0.24899210723009874,0.05087074358402835,0.2637701837097117,-0.24662881509593595,-0.7803519236908181,-0.2710875930112137,1.0362059393599106,-0.07916178031333357,0.0026313852295641415,-0.04159134162669464
1.002004008016032,0.2488855872124397,0.05085999544378417,0.24470539186583934,-0.24866169974863114,-0.7983029630372432,-0.2703043956116875,1.0344654817050585,-0.0814047358611208,-0.0010301891835956716,-0.041729825620075454
1.006012024048096,0.24887998238046102,0.050845624310690736,0.24356825504226007,-0.24911245744644178,-0.8006000021121157,-0.2706986315881749,1.03596552474215,-0.08200966536385809,-0.011645073275815493,-0.042180927811790093
1.0100200400801602,0.24888481239112997,0.05083854425530345,0.24358194658788104,-0.24897054951755196,-0.8005758771707063,-0.2709008864334219,1.0359915790307688,-0.08166828177608494,-0.018576300901233227,-0.04251987285654486
1.0140280561122244,0.24888877892879988,0.050835486422951326,0.24360374102461763,-0.24886003219197048,-0.8005408544565437,-0.27103855440743047,1.036002944292735,-0.08142141724379753,-0.022604325582400147,-0.04276433805682028
1.0180360721442885,0.24889201603015235,0.050835175009374546,0.2436195664395281,-0.24877736016757016,-0.8005149128450528,-0.27113157912201347,1.0360102103939628,-0.08124655816247432,-0.024554566695357712,-0.04293743361370813
1.0220440881763526,0.24889471719035675,0.0508366854590506,0.2436309213371474,-0.24871613864528683,-0.8004959406063831,-0.271191771567413,1.0360145989178908,-0.08112566693723818,-0.02504928047236593,-0.04305702881957027
1.0260521042084167,0.24889702738413155,0.05083934043396036,0.24363904214195636,-0.24867134247780634,-0.8004821362155455,-0.27122805531188954,1.036016927281951,-0.08104488270641097,-0.024553074937015522,-0.0431368512444635
1.0300601202404809,0.2488990536363944,0.05084265004177667,0.24364485748757927,-0.24863906286552137,-0.8004721280183489,-0.2712471891721056,1.036017809292899,-0.08099360404685135,-0.023409699551812633,-0.04318740327069062
1.034068136272545,0.2489008741786871,0.05084626596349517,0.24364905853975577,-0.24861626797794673,-0.8004648786400838,-0.2712542608350597,1.0360177030675177,-0.08096376101230647,-0.02187065503286185,-0.04321668182771796
1.0380761523046091,0.2489025455293928,0.05084994608322994,0.24365215502363874,-0.24860061316659895,-0.800459608403132,-0.2712530716121425,1.0360169474233456,-0.08094924445635052,-0.02011738819852872,-0.04323074282088933
1.0420841683366733,0.24890410794239942,0.05085352731034512,0.24365451870668617,-0.24859029124317905,-0.8004557355612967,-0.2712464364102586,1.0360157901622282,-0.08094545934459528,-0.01827846065414286,-0.043234142987754826
1.0460921843687374,0.24890558958415002,0.0508569047818737,0.24365641704133537,-0.24858391452304662,-0.8004528297782416,-0.27123641706671037,1.036014410004704,-0.08094897579656271,-0.01644278662599322,-0.04323028513157481
1.0501002004008015,0.24890700972203356,0.05086001602186327,0.24365803911163514,-0.2485804220228115,-0.8004505760053557,-0.27122450338199633,1.036012933550917,-0.08095725705704984,-0.014669802790272723,-0.043221687288944745
1.0541082164328657,0.24890838114611652,0.050862828941359475,0.2436595155730365,-0.24857900655692683,-0.800448746511721,-0.27121175317056684,1.036011448352878,-0.08096844793637294,-0.012997248876426977,-0.043210192100898936
1.0581162324649298,0.2489097119980937,0.050865332805105176,0.2436609339141732,-0.24857905755929827,-0.800447179293009,-0.27119890025876625,1.0360100129524892,-0.08098121070654485,-0.011447092225139618,-0.04319712925024267
1.062124248496994,0.24891100714338985,0.05086753148209659,0.24366235008440804,-0.24858011631726679,-0.8004457614619904,-0.2711864374643204,1.0360086645573632,-0.08099459817742954,-0.010030014433036707,-0.04318344112331081
1.066132264529058,0.24891226919245912,0.050869438447556925,0.24366379730568544,-0.24858184099114167,-0.8004444165210265,-0.2711746800913193,1.0360074248821962,-0.08100795584792805,-0.008748787412841628,-0.04316977970893689
1.0701402805611222,0.24891349925382833,0.050871073122139614,0.2436652927094627,-0.24858397933816667,-0.8004430946524425,-0.271163814287773,1.0360063045694914,-0.08102084674780716,-0.007600794618276495,-0.043156581047034584
1.0741482965931863,0.24891469748297637,0.050872458226992205,0.24366684229936472,-0.2485863474937257,-0.8004417653488416,-0.27115393367496116,1.036005306513478,-0.08103299394806705,-0.006579896832595876,-0.043144122192786384
1.0781563126252505,0.24891586347667571,0.05087361790604494,0.2436684446298932,-0.2485888135073812,-0.8004404118523928,-0.27114506691755885,1.036004428340193,-0.08104423679528228,-0.00567779762188873,-0.04313256459737614
1.0821643286573146,0.24891699655110203,0.0508745764237767,0.24367009350480626,-0.2485912846050872,-0.8004390269880175,-0.27113719831998107,1.0360036642408939,-0.08105449777674259,-0.004885028785488144,-0.04312198696460193
1.0861723446893787,0.24891809593317724,0.050875357291117584,0.24367177993072311,-0.2485936973660906,-0.8004376100666688,-0.27113028307498604,1.0360030063121186,-0.08106375759515771,-0.004191648892384763,-0.04311240997843984
1.0901803607214429,0.24891916088772256,0.05087598270673345,0.24367349350818102,-0.24859601017516939,-0.800436164606671,-0.27112425842942117,1.0360024455212988,-0.08107203656133852,-0.0035877266850751657,-0.04310381477297817
1.094188376753507,0.24892019079764133,0.050876473227809,0.24367522340066333,-0.24859819744716852,-0.8004346966774403,-0.2711190517485179,1.036001972389873,-0.08107938083020327,-0.003063664501109682,-0.04309615660388569
1.0981963927855711,0.24892118521019943,0.05087684760526771,0.24367695898956584,-0.24860024522863333,-0.8004332137140919,-0.27111458623801127,1.036001577464769,-0.08108585233319261,-0.0026104039102895463,-0.043089374856486104
1.1022044088176353,0.24902982088298775,0.05088867597993816,0.2628174059558323,-0.2459326182530509,-0.7819174065752976,-0.2720926774274863,1.037383005000677,-0.07836788130530037,0.0015098238544616913,-0.042931764465386504
1.1062124248496994,0.24903301005761613,0.05090242883708148,0.2638824304482529,-0.24612468611416125,-0.7801839474552228,-0.27149098137083183,1.036239960326152,-0.0782578199012413,0.012077593407364532,-0.042480414718161504
1.1102204408817635,0.2490282110697268,0.0509092675678612,0.2638638623845945,-0.24626472638564506,-0.7802113191917389,-0.271293295262985,1.0362152506749756,-0.07859347383155396,0.01883974348885087,-0.04214685588762511
1.1142284569138277,0.24902428655975295,0.0509121607992436,0.26384239067111503,-0.24637368358512754,-0.7802458594545304,-0.27115821063865586,1.0362041414791576,-0.0788362357530111,0.022745702239519053,-0.04190647572949575
1.1182364729458918,0.24902108056963645,0.050912361082713214,0.26382682467412166,-0.24645513864026714,-0.7802714004363488,-0.2710670870734109,1.0361970433212757,-0.07900799502200122,0.02460955035447409,-0.04173645266329501
1.122244488977956,0.24901840216794788,0.050910778825200446,0.26381565878046503,-0.2465154263425392,-0.7802900742683984,-0.2710082869895325,1.0361927757516889,-0.0791265733505981,0.025044604033962626,-0.041619150715432124
1.12625250501002,0.24901610854021572,0.050908080667243664,0.26380767366287605,-0.24655950928989895,-0.7803036584907351,-0.2709730093837367,1.0361905331434482,-0.07920564771784308,0.02450860424380696,-0.041541024223077316
1.130260521042084,0.2490140943058986,0.05090474839991672,0.2638019541736338,-0.2465912470045865,-0.780313505845397,-0.2709545900593061,1.0361897105240265,-0.07925567659112509,0.023340047989882755,-0.04149171227924627
1.134268537074148,0.24901228247691273,0.05090112424512928,0.26379781947316816,-0.2466136326706345,-0.7803206391025652,-0.270948014280179,1.0361898565564804,-0.07928461904372744,0.021786437610875467,-0.041463327699088254
1.1382765531062122,0.24901061746929334,0.050897445764253854,0.26379476770576954,-0.2466289806839919,-0.7803258267033538,-0.27094953677633926,1.0361906376066785,-0.07929849848306084,0.02002619295148545,-0.04144989946132141
1.1422845691382764,0.24900905972622803,0.0508938726761482,0.26379243307009553,-0.246639074597426,-0.7803296417819254,-0.270956385514631,1.0361918098166245,-0.07930184385734043,0.01818559878164457,-0.0414469362706927
1.1462925851703405,0.24900758159681113,0.05089050737484598,0.2637905526097003,-0.24664528366932761,-0.7803325081027613,-0.27096653130299475,1.0361931974498144,-0.07929803429648832,0.016351869770163667,-0.04145108559303447
1.1503006012024046,0.24900616419098048,0.05088741055307379,0.26378894060484237,-0.24664865455198,-0.780334735724419,-0.27097850906247906,1.0361946761492382,-0.079289567745013,0.014583185557017314,-0.041459867845467985
1.1543086172344688,0.24900479499133238,0.05088461303429961,0.263787468896538,-0.24664998331409066,-0.7803365486105848,-0.27099127958067715,1.0361961600361005,-0.07927826985482923,0.012916366551334036,-0.041471469662746806
1.158316633266533,0.24900346605006438,0.05088212467651943,0.2637860518299909,-0.24664987192350307,-0.7803381059405757,-0.27100412292335924,1.0361975918050457,-0.07926545599797076,0.011372717190347374,-0.04148458352816629
1.162324649298597,0.24900217263679109,0.0508799410222001,0.26378463478623915,-0.24664877246444722,-0.7803395184999461,-0.2710165565539136,1.0361989351519427,-0.07925205655374937,0.009962449701885373,-0.04149828373080938
1.1663326653306612,0.24900091223250534,0.05087804822017752,0.2637831854934435,-0.24664702168568117,-0.7803408612376428,-0.27102827269310015,1.0362001690128468,-0.0792387134790531,0.008688011684815186,-0.041511930731465606
1.1703406813627253,0.24899968378817555,0.05087642662848233,0.26378168748490255,-0.24664486793640264,-0.7803421828433843,-0.2710390906245769,1.0362012832053917,-0.07922585446992958,0.007546570094538564,-0.041525097700173375
1.1743486973947894,0.2489984871847004,0.05087505341537162,0.26378013520934196,-0.2466424921178599,-0.7803435130149666,-0.27104892057846874,1.0362022751527367,-0.07921374967622269,0.006531848544912874,-0.04153751431902503
1.1783567134268536,0.24899732284523193,0.05087390440400054,0.263778530408014,-0.2466400239377674,-0.7803448679399639,-0.27105773655672116,1.0362031474402347,-0.07920255486613323,0.005635471073894603,-0.04154902399644326
1.1823647294589177,0.24899619146205892,0.05087295534997924,0.26377687945881867,-0.24663755448404034,-0.7803462544017792,-0.27106555604057575,1.036203906010116,-0.07919234409621302,0.004847931173082779,-0.04155955147082408
1.1863727454909818,0.2489950938089735,0.05087218279720532,0.2637751914548889,-0.24663514591970598,-0.7803476728298206,-0.27107242497440903,1.036204558842807,-0.07918313427832485,0.0041592779706977785,-0.04156907843784258
1.190380761523046,0.24899403061684738,0.050871564623209325,0.2637734768377618,-0.24663283893071447,-0.7803491195426708,-0.2710784067769788,1.0362051150074905,-0.0791749035117572,0.003559590412400047,-0.04157762535313605
1.19438877755511,0.24899300249543194,0.0508710803587192,0.26377174644645,-0.24663065842365062,-0.7803505883774413,-0.2710835744111651,1.0362055839911501,-0.07916760463674129,0.0030392938596978955,-0.04158523796939966
1.1983967935871742,0.2489920098884962,0.050870711345595225,0.2637700108758769,-0.24662861786377266,-0.7803520718548655,-0.2710880047627093,1.036205975236155,-0.07916117514183166,0.0025893607357121615,-0.041591977487117446
1.2024048096192383,0.2488818443246828,0.05085769391242727,0.24445752680350272,-0.24953323867600524,-0.7992658269231634,-0.2701217317741794,1.035144150336904,-0.08238740726655797,-0.002096157238406049,-0.041773079984172484
1.2064128256513025,0.24888048513435354,0.05084468507257863,0.2435625358911926,-0.24909629109826248,-0.8006020842157425,-0.2707235629472685,1.0359683253649268,-0.08196951263180437,-0.012498586359578304,-0.04221991835185743
1.2104208416833666,0.24888524953150357,0.05083808137381663,0.24358442352653142,-0.24895801552609545,-0.8005719368667611,-0.27091711642981686,1.0359929670166197,-0.08163971729401037,-0.019095103916984272,-0.042548189903343886
1.2144288577154307,0.24888913284254152,0.05083534895733198,0.24360557106220948,-0.2488506136325676,-0.8005378791028529,-0.2710496612843356,1.0360038304322152,-0.08140099300338773,-0.02288154119168562,-0.04278455974545447
1.2184368737474949,0.24889230839545476,0.05083525706286651,0.2436208829477101,-0.24877035438953835,-0.8005127311807619,-0.2711389208090246,1.0360107642891043,-0.08123227560215546,-0.02466088541809356,-0.04295156766811481
1.222444889779559,0.24889496455118074,0.05083690916437339,0.24363186382425325,-0.24871098405181055,-0.800494349898737,-0.2711963564804813,1.036014913433039,-0.08111596603616021,-0.02503766406798273,-0.043066620059140207
1.2264529058116231,0.24889724200230592,0.0508396491255268,0.2436397162402389,-0.2486676016011158,-0.8004809814017724,-0.2712306488746232,1.0360170721610868,-0.08103856808542521,-0.024462871971350286,-0.04314308374345947
1.2304609218436873,0.24889924451493442,0.05084300310808731,0.24364534209491945,-0.24863639598137047,-0.800471291535602,-0.2712483692011047,1.0360178367665198,-0.08098976380800312,-0.02326984725901321,-0.04319118055606564
1.2344689378757514,0.2489010478567038,0.050846634873563785,0.24364941208557064,-0.24861441201427584,-0.8004642718808355,-0.27125446051588026,1.0360176519260096,-0.08096170310474228,-0.02170216609005925,-0.04321868981562676
1.2384769539078155,0.24890270669477751,0.05085031132842374,0.2436524203404293,-0.2485993650522335,-0.8004591650356659,-0.27125261303404935,1.0360168461827728,-0.08094844682645431,-0.0199352768371441,-0.043231499124467145
1.2424849699398797,0.24890425990232254,0.050853876059847,0.24365472680397868,-0.2485894947818529,-0.8004554063251215,-0.2712455566785912,1.0360156595222918,-0.08094553095897658,-0.018093229928950905,-0.043234035475639546
1.2464929859719438,0.2489057346248961,0.05085722909317212,0.24365659002043857,-0.24858345006022203,-0.8004525784384524,-0.2712352885855127,1.0360142647518569,-0.08094962622883706,-0.016261572861770584,-0.04322960201914888
1.250501002004008,0.2489071493829216,0.05086031148180086,0.24365819240919276,-0.2485801983228032,-0.80045037621616,-0.27122324956524524,1.0360127840273006,-0.08095827281032286,-0.01449725278869561,-0.043220640569087296
1.254509018036072,0.24890851642690473,0.050863093640219646,0.243659659681343,-0.2485789544275213,-0.8004485793919459,-0.2712104605750904,1.0360113015861663,-0.08096967405556972,-0.01283618929265265,-0.04320893574336904
1.2585170340681362,0.24890984351504686,0.05086556656747149,0.24366107569455597,-0.24857912485643519,-0.8004470315581146,-0.2711976279216448,1.036009873521482,-0.0809825365382705,-0.01129903773787174,-0.043195773298875834
1.2625250501002003,0.24891113524586148,0.05086773529496325,0.2436624937649479,-0.24858026403831185,-0.8004456239901637,-0.27118522406096834,1.0360085352521353,-0.08099594637590905,-0.009895551235520167,-0.04318206258219496
1.2665330661322645,0.24891239404922313,0.05086961403934015,0.2436639452347812,-0.24858204022573904,-0.8004442832570927,-0.2711735493986123,1.0360073072049507,-0.08100927391653419,-0.008627860589030733,-0.0431684309200178
1.2705410821643286,0.24891362091633876,0.05087122265658525,0.2436654459211566,-0.24858420889374921,-0.8004429617740121,-0.27116277933235816,1.036006199112257,-0.08102210055694473,-0.007492921695757808,-0.04315529611210909
1.2745490981963927,0.24891481593112008,0.050872584084087916,0.24366700093406526,-0.24858659205098466,-0.8004416306354558,-0.2711529998645815,1.0360052132409099,-0.08103416278987773,-0.006484324869692428,-0.04314292187453589
1.2785571142284569,0.24891597865131948,0.050873722528396045,0.24366860824447317,-0.24858906219135424,-0.8004402742113177,-0.2711442343883077,1.0360043467995197,-0.08104530963025379,-0.005593617310937817,-0.04313146004056486
1.282565130260521,0.24891710837674813,0.05087466221186662,0.24367026129846756,-0.2485915298816177,-0.8004388861004972,-0.2711364636812626,1.0360035937161731,-0.08105547040202041,-0.004811256015367652,-0.04312098250470598
1.2865731462925851,0.24891820433327128,0.0508754265347421,0.24367195090707108,-0.24859393419251363,-0.8004374661264412,-0.2711296406937312,1.036002945936124,-0.08106463052328176,-0.0041272818346348465,-0.04311150524671833
1.2905811623246493,0.24891926579455717,0.0508760375429066,0.24367366658929476,-0.24859623534921413,-0.8004360181288279,-0.27112370136351244,1.0360023943553553,-0.0810728134445406,-0.0035317846096178528,-0.04310300626110752
1.2945891783567134,0.24892029215833508,0.050876515617772865,0.24367539750531145,-0.24859840911004596,-0.8004345483606452,-0.27111857241459814,1.0360019294796041,-0.08108006730190671,-0.003015213078861769,-0.043095438815180014
1.2985971943887775,0.24892128298986868,0.05087687932504358,0.24367713308488057,-0.24860044248774718,-0.8004330643430217,-0.2711141768794561,1.0360015418778834,-0.08108645516702678,-0.0025685706332508143,-0.04308874114237228
1.3026052104208417,0.2490325732903088,0.050890973575541856,0.26318315552933036,-0.24584857809966024,-0.7812297717231809,-0.27192519288404565,1.0368578870615055,-0.0776642375523304,0.002756029712110926,-0.04288107230902052
1.3066132264529058,0.24903250632626758,0.050903337282027984,0.2638840052467023,-0.24613973572388287,-0.7801821852684026,-0.27146734017389773,1.036237460055258,-0.078297104400586,0.012910277181469367,-0.04244209935531206
1.31062124248497,0.24902778003584858,0.050909710281472405,0.26386141296570376,-0.24627709094590167,-0.7802152092708381,-0.2712773814903719,1.036213895121016,-0.07862156009487403,0.019343723718999263,-0.042119044250818714
1.314629258517034,0.24902393742295523,0.05091228472805714,0.263840594479293,-0.24638295128101337,-0.7802487833143,-0.2711473381052968,1.0362032762769149,-0.07885627703868593,0.023012502503523765,-0.04188663331832505
1.3186372745490982,0.24902079190294646,0.05091227033186219,0.2638255333662294,-0.24646202889225358,-0.7802735433761214,-0.27105991643997146,1.0361965042800292,-0.07902199263264786,0.02470875050687728,-0.04172260082999857
1.3226452905811623,0.24901815769781768,0.05091054993315569,0.26381473479683765,-0.246520492967499,-0.7802916360649957,-0.27100382521220046,1.0361924717289672,-0.07913606431019377,0.025028311027824584,-0.04160976740823566
1.3266533066132264,0.2490158962111732,0.050907769295366834,0.2638070130557595,-0.24656318357655976,-0.7803047918417289,-0.27097050284963714,1.0361903954980887,-0.07921180953062243,0.02441551385365891,-0.041534943059056015
1.3306613226452906,0.24901390527113418,0.05090439440553375,0.26380147933443665,-0.24659386383167584,-0.7803143264871539,-0.2709534700476403,1.0361896878697836,-0.07925940730396243,0.023198601412797528,-0.04148804344162393
1.3346693386773545,0.24901211031488152,0.05090075559727706,0.26379747295437905,-0.24661545131989931,-0.7803212342381959,-0.27094785458375487,1.0361899107474553,-0.07928660000783558,0.021617272784644325,-0.04146139586464029
1.3386773547094186,0.24901045758001308,0.05089708155679538,0.2637945074188433,-0.2466302012677397,-0.7803262615888357,-0.27095002063673196,1.0361907406163544,-0.07929924351490591,0.019844042929975728,-0.04144919517372027
1.3426853707414828,0.24900890886776697,0.05089352543730416,0.2637922285658282,-0.2466398510072838,-0.7803299648573342,-0.27095727987870366,1.0361919413149954,-0.07930173767326468,0.018000757351076774,-0.04144707791827728
1.3466933867735469,0.24900743753087348,0.05089018482957292,0.2637903822058788,-0.2466457337692133,-0.7803327549803937,-0.27096766682937146,1.0361933429277081,-0.07929736249952589,0.016171319029185595,-0.041451789739223116
1.350701402805611,0.2490060254131797,0.05088711696104942,0.26378878917572807,-0.2466488681901674,-0.7803349322802486,-0.2709797646364787,1.0361948254707973,-0.07928854016770498,0.014411460017223696,-0.04146092612901803
1.3547094188376752,0.24900466052702053,0.05088435019968894,0.2637873261782257,-0.24665002861111243,-0.78033671337359,-0.27099257035796454,1.0361963063256132,-0.07927703868461722,0.012756212356844635,-0.04147273085778969
1.3587174348697393,0.24900333530075008,0.050881892704726546,0.2637859111269268,-0.24664980019849542,-0.7803382519333139,-0.2710053911300945,1.03619773059431,-0.07926412981218971,0.011225592440210217,-0.04148593964994945
1.3627254509018034,0.24900204526545983,0.05087973888229322,0.2637844919888793,-0.24664862208756477,-0.7803396546511403,-0.27101776443556314,1.0361990637301515,-0.07925071115355015,0.00982890189814975,-0.04149965930795771
1.3667334669338675,0.24900078807873718,0.05087787415868298,0.2637830383365347,-0.24664682108453767,-0.7803409934617361,-0.271029397134156,1.036200285933487,-0.07923740022314758,0.008567960473215725,-0.041513274551798984
1.3707414829659317,0.24899956280598423,0.050876278470039,0.263781534991247,-0.24664463793703117,-0.7803423148616018,-0.27104011906426345,1.0362013879145127,-0.07922460665979698,0.007439517276996935,-0.04152637648462693
1.3747494989979958,0.2489983693976085,0.05087492877773602,0.26377997727602015,-0.24664224776296315,-0.7803436469763096,-0.2710498479287183,1.0362023677107244,-0.07921258742631314,0.0064370324760614096,-0.04153870789495054
1.37875751503006,0.24899720831434294,0.05087380084863022,0.26377836750156836,-0.24663977589506864,-0.7803450048878413,-0.27105856289274327,1.0362032283153553,-0.07920148879924822,0.005551978731430592,-0.041550121633849184
1.382765531062124,0.24899608026386114,0.0508728704845292,0.2637767123933828,-0.2466373101337703,-0.7803463946219585,-0.27106628488479007,1.0362039759269137,-0.07919137813053166,0.004774778194687394,-0.04156054911797945
1.3867735470941882,0.24899498602036974,0.05087211434245873,0.26377502123311364,-0.24663491019140965,-0.7803478161075001,-0.27107306203419096,1.0362046186722191,-0.07918226771441315,0.004095464604493215,-0.041569976650140054
1.3907815631262523,0.24899392630549574,0.050871510453997286,0.2637733045389814,-0.24663261494462785,-0.7803492653502762,-0.27107895902783297,1.0362051656885132,-0.07917413258211432,0.003504139495513972,-0.04157842775437821
1.3947895791583165,0.2489929017139417,0.05087103852608404,0.2637715731501183,-0.24663044798007838,-0.7803507360098926,-0.2710840494413758,1.036205626476208,-0.07916692364442679,0.0029912755111768915,-0.04158595012027969
1.3987975951903806,0.24899191267137813,0.050870680085672006,0.2637698376110993,-0.24662842181455494,-0.7803522205252558,-0.27108841031464664,1.0362060104541373,-0.07916057728643953,0.0025479073392983835,-0.04159260606363194
1.4028056112224447,0.2488798048533542,0.05085571255800647,0.2441221199951083,-0.24911383059247683,-0.7997813481542144,-0.27043667651628633,1.0354902976280822,-0.08246518475499653,-0.0034127994069576414,-0.04182685084620455
1.4068136272545089,0.24888099131988553,0.05084380398852212,0.24356386455960097,-0.24908224091440126,-0.8006032363361072,-0.27074633466565795,1.035972410444279,-0.08193180453014663,-0.01331247626979103,-0.04225765054716371
1.410821643286573,0.24888567645761342,0.05083765737993515,0.2435868428451285,-0.24894582591135278,-0.8005680869248929,-0.270932738529989,1.0359942934966584,-0.08161206438784534,-0.019585395089891267,-0.04257555804790855
1.4148296593186371,0.2488894789860656,0.050835237862645447,0.2436073398815694,-0.248841476819005,-0.8005349980163534,-0.27106032483146425,1.03600467715431,-0.0813812895101694,-0.023138534698767883,-0.04280406723733257
1.4188376753507013,0.2488925949597724,0.05083535631288796,0.24362215419212568,-0.24876356488253473,-0.8005106200593501,-0.2711459373996112,1.036011289850788,-0.08121853130216089,-0.024753199423139378,-0.042965168232828956
1.4228456913827654,0.24889520757850847,0.050837143376663604,0.24363277350098694,-0.24870599465718016,-0.8004928115169457,-0.2712007060161324,1.0360152078014084,-0.08110666348414725,-0.025016667411266874,-0.043075816386086305
1.4268537074148295,0.24889745337131566,0.05083996351707622,0.24364036685191312,-0.2486639862489981,-0.8004798650805152,-0.2712330748458604,1.036017203029456,-0.08103254501586266,-0.024366694318871424,-0.04314902713394347
1.4308617234468937,0.24889943293847452,0.05084335848530928,0.24364581014039166,-0.2486338238912662,-0.8004704831005794,-0.2712494325085924,1.0360178547924144,-0.08098613401460378,-0.023126497504468352,-0.043194749107816434
1.4348697394789578,0.2489012196554426,0.05084700376561183,0.2436497541645593,-0.24861262711642187,-0.8004636853330435,-0.27125458134511643,1.0360175946966907,-0.08095979441023968,-0.021531953699243378,-0.043220549770259575
1.438877755511022,0.2489028663932801,0.050850675012376084,0.24365267789697842,-0.2485981697470963,-0.8004587360439257,-0.2712521035242555,1.036016741298391,-0.08094775250068044,-0.0197526867342384,-0.04323215292175881
1.442885771543086,0.2489044106866197,0.050854222281009914,0.24365492980010234,-0.24858873713963936,-0.8004550871567123,-0.27124464635489415,1.036015526989092,-0.08094567174066751,-0.017908369739106866,-0.043233859324503
1.4468937875751502,0.24890587869227723,0.050857550325886576,0.24365675977250473,-0.24858301374532904,-0.8004523340195718,-0.27123414410809904,1.036014118834613,-0.08095032069814924,-0.016081286147688376,-0.04322887521192474
1.4509018036072143,0.24890728820807717,0.0508606036094257,0.24365834377036263,-0.24857999467465172,-0.8004501810785564,-0.27122199002291425,1.0360126346786587,-0.08095931432850409,-0.014325971978524648,-0.04321956830194166
1.4549098196392785,0.24890865096332507,0.05086335495924943,0.2436598027143426,-0.2485789162460739,-0.8004484153134,-0.27120916929178945,1.0360111555456284,-0.08097091286129496,-0.012676586218031704,-0.043207666836970485
1.4589178356713426,0.24890997434646778,0.05086579704147666,0.24366121694816445,-0.24857920153381177,-0.800446885745148,-0.27119636153936055,1.0360097351569961,-0.08098386588639568,-0.011152517228669258,-0.043194413920798355
1.4629258517034067,0.24891126269930308,0.050867936000367535,0.2436626372431703,-0.24858041775207498,-0.8004454876835985,-0.2711840194998071,1.0360084072016296,-0.08099729183944537,-0.009762623370077448,-0.043180686840220195
1.4669338677354709,0.24891251827861727,0.050869786757892006,0.24366409312839324,-0.24858224296843917,-0.8004441506666076,-0.27117242916628115,1.036007190862788,-0.08101058515898141,-0.008508419432542236,-0.04316708901136334
1.470941883767535,0.2489137419637347,0.050871369579465565,0.2436655991561058,-0.24858444016026118,-0.8004428292680235,-0.2711617555535883,1.0360060949958332,-0.08102334502970399,-0.0073864522427809776,-0.04315402056775087
1.4749498997995991,0.2489149337708863,0.05087270760050353,0.24366715957923837,-0.24858683704247353,-0.8004414961285842,-0.2711520773207567,1.0360051212649295,-0.08103532092623872,-0.006390055096046613,-0.04314173232237394
1.4789579158316633,0.2489160932215276,0.05087382507769759,0.24366877181192279,-0.24858931042433755,-0.8004401367042787,-0.2711434127942467,1.0360042664794231,-0.08104637119975165,-0.005510628462347738,-0.043130366819945434
1.4829659318637274,0.2489172196009632,0.05087474618306327,0.24367042896179483,-0.24859177411410227,-0.8004387453371579,-0.27113573937624075,1.0360035243174273,-0.08105643176183133,-0.004738561298272011,-0.04311998939277307
1.4869739478957915,0.24891831213522156,0.050875494201053924,0.24367212165786406,-0.24859416959782657,-0.8004373223405776,-0.27112900788460415,1.0360028865823516,-0.08106549256079337,-0.004063881356541673,-0.04311061150025364
1.4909819639278556,0.24891937010757387,0.05087609102192525,0.2436738393469841,-0.2485964588829143,-0.8004358718592434,-0.2711231530270034,1.0360023441053439,-0.0810735800504908,-0.00347670260582494,-0.043102208132769444
1.4949899799599198,0.2489203929309976,0.050876556850073744,0.24367557119226174,-0.2485986190269879,-0.800434400318108,-0.27111810094166,1.0360018873809433,-0.08108074424907782,-0.002967522051217959,-0.04309473066785633
1.498997995991984,0.2489213801889424,0.05087691006584986,0.24367730667577264,-0.24860063797560786,-0.8004329153162459,-0.2711137745257194,1.0360015070031898,-0.08108704929743107,-0.0025274059294075634,-0.0430881162577204
1.503006012024048,0.24903406298663053,0.050892606900002586,0.2634232011785056,-0.2462510813576438,-0.7808267769877723,-0.2716916595154261,1.0365960755394688,-0.07799887022527069,0.004021262123517426,-0.04282909874217892
1.5070140280561122,0.24903199993264827,0.05090419091223834,0.26388200754418356,-0.2461536949585962,-0.7801822470151409,-0.2714449667122715,1.0362324036759938,-0.07833348654432298,0.013705295222613533,-0.04240496348891356
1.5110220440881763,0.24902735805574283,0.0509101154755343,0.26385903323922155,-0.24628909032959967,-0.780219013290161,-0.2712620595349765,1.036212602645037,-0.07864874556999557,0.019820226583486037,-0.04209213435982217
1.5150300601202404,0.24902359501794166,0.05091238305182378,0.2638388553006905,-0.24639195208227724,-0.7802516189294156,-0.27113688869400127,1.0362024483738796,-0.0788756324782139,0.02325971387229217,-0.04186747068020914
1.5190380761523046,0.2490205081268718,0.050912162742914914,0.2638242839647834,-0.24646871402379597,-0.7802756204571046,-0.27105305694202353,1.0361959924139559,-0.07903547696916786,0.024794284605064863,-0.04170925792696473
1.5230460921843687,0.2490179167506517,0.05091031061482761,0.2638138409520058,-0.2465254026246344,-0.7802931491976446,-0.27099958946150143,1.036192187104682,-0.07914517441674088,0.025002768109995487,-0.041600761870007566
1.5270541082164328,0.24901568639913904,0.050907452121942004,0.2638063737748831,-0.24656673833004802,-0.780305889589972,-0.270968157937468,1.0361902714108238,-0.0792176916995459,0.024316435378661412,-0.041529139392113605
1.531062124248497,0.24901371802142058,0.050904037886029874,0.26380101927625044,-0.24659639014900295,-0.7803151213905579,-0.2709524632347334,1.036189674420983,-0.07926293534821917,0.02305354821357005,-0.041484575814925956
1.535070140280561,0.24901193941225627,0.05090038669058406,0.26379713640216684,-0.2466172018938367,-0.7803218110372142,-0.2709477719574847,1.0361899709304763,-0.07928843651696701,0.021446214863467938,-0.04145960752822603
1.539078156312625,0.249010298578755,0.05089671860629749,0.2637942535987199,-0.2466313710588292,-0.7803266836493274,-0.27095055485968744,1.0361908472731278,-0.07929988782569032,0.01966120964383116,-0.04144859100875007
1.5430861723446891,0.249008758640333,0.05089318041930366,0.263792028021459,-0.24664058988742538,-0.780330279174733,-0.27095820508446894,1.0361920747740438,-0.07930156336635304,0.017816065351862125,-0.04144728734218189
1.5470941883767533,0.24900729392294935,0.050889865068213525,0.2637902139998914,-0.2466461564730194,-0.780332996068088,-0.27096881913061144,1.0361934891761524,-0.07929664664807838,0.01599147044836619,-0.04145253776602232
1.5511022044088174,0.24900588698128917,0.05088682642955133,0.2637886387367466,-0.2466490621359215,-0.780335125182874,-0.2709810270328016,1.0361949747441055,-0.07928748610012172,0.014240783683510269,-0.04146201084322557
1.5551102204408815,0.249004526340024,0.05088409050174256,0.26378718365103093,-0.24665006003767964,-0.7803368759952124,-0.2709938610867898,1.0361964520235032,-0.0792757936548071,0.012597305247205957,-0.04147400592457512
1.5591182364729457,0.24900320479062904,0.050881663809415674,0.26378577011376414,-0.24664971897250665,-0.7803383968302717,-0.2710066547065119,1.0361978684507345,-0.07926279867809602,0.01107980624329543,-0.04148730077347798
1.5631262525050098,0.24900191811598746,0.05087953966979211,0.263784348594058,-0.24664846546190877,-0.7803397904074502,-0.2710189647877575,1.0361991911807455,-0.07924936693240392,0.009696709841248917,-0.041501033779335436
1.567134268537074,0.24900066414315636,0.0508777028212884,0.26378289044550673,-0.24664661663087056,-0.7803411257397526,-0.27103051236804254,1.036200401636059,-0.07923609220781215,0.008449231892683687,-0.04151461320999501
1.571142284569138,0.24899944204679297,0.050876132803138636,0.26378138173037247,-0.2466444058286263,-0.7803424472006885,-0.2710411374914193,1.036201491387801,-0.07922336663475767,0.007333721370625008,-0.04152764755785203
1.5751503006012022,0.24899825184310698,0.05087480638750613,0.2637798186110515,-0.2466420025473578,-0.7803437813965325,-0.2710507650709972,1.0362024590642358,-0.07921143440649946,0.006343387924640446,-0.04153989230399911
1.5791583166332663,0.2489970940278112,0.050873699297144685,0.2637782039421889,-0.24663952786668764,-0.7803451423432758,-0.2710593792394985,1.0362033080490851,-0.0792004326236939,0.005469562145858659,-0.04155120942904315
1.5831663326653305,0.24899596932218687,0.05087278738818962,0.2637765447784356,-0.24663706639347527,-0.78034653533842,-0.2710670042278846,1.0362040447844505,-0.07919042217089035,0.00470260142015136,-0.04156153679251588
1.5871743486973946,0.24899487849968638,0.05087204743593514,0.2637748505768843,-0.24663467546150386,-0.7803479598318078,-0.2710736902447087,1.0362046775344296,-0.07918141090158416,0.004032528624472498,-0.0415708651287642
1.5911823647294587,0.24899382227196745,0.05087145762897738,0.26377313192337803,-0.24663239219325742,-0.7803494115321149,-0.27107950316882373,1.0362052154978987,-0.07917337090953125,0.0034494708908277766,-0.041579220900501486
1.5951903807615229,0.2489928012182789,0.05087099785188585,0.2637713996510895,-0.24663023889742575,-0.7803508839325951,-0.27108451713481513,1.036205668184286,-0.0791662512714092,0.0029439500362655395,-0.04158665363942325
1.599198396793587,0.2489918157460134,0.05087064981704109,0.26376966425035914,-0.2466282271740935,-0.7803523693981134,-0.2710888092994519,1.0362060449859711,-0.0791599873374068,0.002507064094921159,-0.04159322670837295
1.6032064128256511,0.24887874225450346,0.050854260147348986,0.243924019776002,-0.24901947124748278,-0.8000889226724899,-0.2705046762837136,1.0357060508238438,-0.08212385585995587,-0.004583074848386686,-0.04187526920328511
1.6072144288577153,0.24888149664816764,0.050842977562109995,0.24356602246804193,-0.24906802134732708,-0.800602085887734,-0.27076838693681704,1.035977533261635,-0.0818961164398287,-0.014088805339031386,-0.04229419333718947
1.6112224448897794,0.2488860937124751,0.050837270620472746,0.24358918618373512,-0.24893400849142006,-0.8005643318596204,-0.27094776707808294,1.0359955532201015,-0.08158534080422014,-0.0200482714296599,-0.042602012770072716
1.6152304609218435,0.24888981786563993,0.050835152003591066,0.243609050056172,-0.2488326114507666,-0.8005322071370036,-0.27107056218549025,1.0360054863820811,-0.08136227951494364,-0.023376096177204375,-0.04282288750792877
1.6192384769539077,0.2488928761440299,0.05083547197979119,0.24362338237913073,-0.24875698368511556,-0.8005085763609258,-0.2711526415241209,1.0360117882060633,-0.08120530478859196,-0.02483206292670478,-0.04297825552478619
1.6232464929859718,0.2488954466270167,0.05083738757782946,0.2436336520786349,-0.2487011643858828,-0.8004913230472775,-0.27120482941907076,1.036015482837494,-0.08109774405006917,-0.02498666859859766,-0.043084632826678605
1.627254509018036,0.2488976617945532,0.05084028328078539,0.24364099531137576,-0.24866049181559666,-0.800478785380715,-0.27123533990260135,1.0360173204673402,-0.08102680227875829,-0.024264789733585982,-0.043154692471606186
1.6312625250501,0.24889961917058728,0.050843715982002644,0.2436462626727311,-0.24863134312791665,-0.8004697012571906,-0.2712503838367545,1.0360178637757247,-0.08098270650214826,-0.022979802638133692,-0.04319811695868082
1.6352705410821642,0.24890138980740892,0.05084737254411358,0.24365008560971751,-0.2486109106963349,-0.800463117856932,-0.27125462661733146,1.0360175316548024,-0.08095802907707422,-0.02136010133721842,-0.043222267435393355
1.6392785571142283,0.24890302483300034,0.050851037105315224,0.24365292836393632,-0.2485970253396616,-0.8004583205284771,-0.2712515453033281,1.0360166329500669,-0.08094715736743882,-0.01956965252233761,-0.04323270823437947
1.6432865731462925,0.2489045604840384,0.05085456598754556,0.24365512824395935,-0.24858801692339816,-0.800454777338664,-0.27124370687104377,1.0360153926733422,-0.08094587887758287,-0.017723880889376976,-0.0432336172700009
1.6472945891783566,0.2489060219595099,0.0508578685209522,0.24365692675540776,-0.24858260458053422,-0.8004520959416305,-0.27123298449444744,1.0360139723143298,-0.08095105735417805,-0.015901904627233458,-0.04322810649400471
1.6513026052104207,0.24890742635806673,0.05086089246119126,0.24365849358511002,-0.24857981038028418,-0.8004499901160481,-0.2712207252068799,1.0360124855318418,-0.08096038046529608,-0.014155924063305661,-0.043218471575299434
1.6553106212424848,0.24890878490546045,0.050863612962146185,0.24365994501138502,-0.24857889154031163,-0.8004482538773099,-0.27120787948737135,1.036011010234654,-0.08097216371557826,-0.012518394895133934,-0.04320638596702233
1.659318637274549,0.24891010463358165,0.05086602429235276,0.2436613579765779,-0.24857928728788758,-0.8004467415136359,-0.2711951010849879,1.0360095978471013,-0.08098519847355931,-0.011007481760030906,-0.043193051345201405
1.6633266533066131,0.24891138963730156,0.050868133661268716,0.2436627807923489,-0.24858057727987637,-0.8004453522455532,-0.27118282362778867,1.0360082803845236,-0.08099863454055242,-0.009631180722292429,-0.043179313880178045
1.6673346693386772,0.24891264200750535,0.05086995666148646,0.24366424123839944,-0.24858244913183575,-0.8004440184857063,-0.2711713191643662,1.0360070758292461,-0.08101188971532867,-0.008390414700909926,-0.0431657538009649
1.6713426853707414,0.24891386251684647,0.05087151394296675,0.2436657526497827,-0.24858467311597973,-0.8004426968954572,-0.27116074267993906,1.0360059921916114,-0.08102458041308465,-0.007281339231369737,-0.0431527541272306
1.6753507014028055,0.24891505111759504,0.05087282882165432,0.24366731845750977,-0.2485870824927651,-0.8004413616081614,-0.2711511657553052,1.0360050305568338,-0.08103646866702548,-0.006297043523651201,-0.04314055318854289
1.6793587174348696,0.2489162072975116,0.05087392559241181,0.24366893554452074,-0.24858955826260729,-0.8004399991258834,-0.2711426018476425,1.03600418735246,-0.08104742184498427,-0.0054287905802306675,-0.043129284558013306
1.6833667334669338,0.248917330329164,0.05087482836903236,0.2436705966984441,-0.24859201737962414,-0.8004386045042032,-0.27113502512895543,1.036003456019319,-0.08105738220659492,-0.0046669078177721,-0.04311900724349294
1.687374749498998,0.2489184194399014,0.05087556031529773,0.24367229237929883,-0.2485944036718614,-0.8004371785246951,-0.27112838439050607,1.036002828228048,-0.0810663440522357,-0.004001414325032478,-0.043109728360894245
1.691382765531062,0.2489194739233092,0.05087614316312021,0.24367401197075061,-0.24859668087296163,-0.8004357256214205,-0.27112261318567993,1.0360022947513114,-0.08107433670797339,-0.0034224511049511753,-0.04310142002677087
1.6953907815631262,0.24892049320800513,0.05087659693870481,0.2436757446448053,-0.24859882729730734,-0.8004342523801691,-0.2711176371202189,1.0360018460767735,-0.08108141197866854,-0.002920565216366374,-0.043094031823698205
1.6993987975951903,0.24892147689579172,0.05087693983694342,0.24367747993961753,-0.2486008317911597,-0.800432766470235,-0.2711133789923766,1.0360014728263218,-0.08108763500620045,-0.002486886720535003,-0.043087499890578244
1.7034068136272544,0.24903480648727377,0.05089404836380128,0.26363478930646955,-0.24609349371675515,-0.7806000890345551,-0.2717260376952759,1.0364535865532385,-0.07811561060855249,0.005125325839533704,-0.042783104180810834
1.7074148296593186,0.24903149715958306,0.05090499011867668,0.263880316580486,-0.2461684849100564,-0.7801844641414907,-0.2714231596254469,1.0362280969901632,-0.07836892790803594,0.014462913456866988,-0.042369021396570374
1.7114228456913827,0.24902694573887132,0.05091048398152526,0.2638567287160639,-0.24630072710338596,-0.7802227160160458,-0.2712473228634774,1.0362113779154078,-0.07867499479635891,0.02026952025720088,-0.04206613979538429
1.7154308617234468,0.24902325984460547,0.05091245665915099,0.2638371747519577,-0.24640067997465845,-0.7802543643620706,-0.2711268645658891,1.0362016579299673,-0.07889429378965704,0.023487708593663576,-0.04184899593746981
1.719438877755511,0.2490202296994967,0.05091203922963315,0.2638230773650042,-0.2464751898520612,-0.7802776302097683,-0.2710465085999278,1.036195507559955,-0.07904844381636009,0.024866585267606708,-0.04169642803496256
1.723446893787575,0.24901767975399292,0.050910061765501516,0.26381297793818015,-0.24653015253772778,-0.7802946125735157,-0.27099557828671433,1.0361919216060576,-0.07915390232205174,0.02496843409071309,-0.04159213533786705
1.7274549098196392,0.24901547950872138,0.05090712999531215,0.26380575638204196,-0.24657017181524457,-0.7803069509048467,-0.27096597227027375,1.0361901605462063,-0.07922329483604058,0.02421183005094615,-0.04152361251229887
1.7314629258517034,0.24901353294367848,0.05090367962555067,0.2638005744810263,-0.2465988249841615,-0.7803158899036889,-0.27095156671247017,1.0361896698131987,-0.07926626262521307,0.022905336045269543,-0.04148130740681085
1.7354709418837675,0.24901177014179882,0.05090001823580955,0.26379681025377316,-0.2466188839707638,-0.7803223689658323,-0.2709477632436101,1.036190036735562,-0.07929013127144353,0.021273687650712154,-0.041457959902592816
1.7394789579158316,0.24901014082641282,0.050896357546636,0.26379400666166053,-0.2466324900257708,-0.780327092425908,-0.27095113623402495,1.0361909572172368,-0.07930043455977866,0.019478086952358087,-0.04144808373699408
1.7434869739478958,0.2490086093943657,0.05089283817955673,0.2637918318476441,-0.24664129147579467,-0.7803305843197528,-0.27095915799998616,1.0361922098543632,-0.07930132427276655,0.01763188360283387,-0.04144756112171948
1.7474949899799597,0.24900715111383065,0.05088954857472613,0.26379004840612524,-0.24664655219799558,-0.7803332309753263,-0.2709699852397682,1.036193635882126,-0.07929589009494832,0.015812650819664674,-0.04145332623588874
1.7515030060120238,0.24900574922685137,0.050886539373728744,0.26378848971105895,-0.24664923691917232,-0.780335314051991,-0.2709822935010344,1.0361951236856142,-0.07928640879394512,0.014071449780387654,-0.04146311865113694
1.755511022044088,0.24900439275277106,0.05088383429237027,0.26378704174894685,-0.2466500781877302,-0.780337036096854,-0.2709951492602242,1.0361965968767124,-0.07927453784050867,0.0124399062922678,-0.041475291702160196
1.759519038076152,0.24900307483299236,0.05088143828525436,0.2637856292353725,-0.24664962886845399,-0.780338540249715,-0.2710079113987859,1.0361980051513562,-0.07926146544959296,0.01093558951970481,-0.04148866395860805
1.7635270541082162,0.2490017914924215,0.05087934362819841,0.2637842050562655,-0.24664830321465547,-0.7803399253817292,-0.27102015560748927,1.0361993173095292,-0.07924802650047783,0.009566076637122065,-0.04150240444839133
1.7675350701402803,0.2490005407204277,0.05087753440624972,0.2637827422824336,-0.24664640893912892,-0.7803412576786077,-0.2710316166324093,1.036200515953231,-0.07923479179249085,0.008332003715242123,-0.04151594426040358
1.7715430861723445,0.24899932179574713,0.05087598978640347,0.26378122816948874,-0.24664417220167809,-0.7803425794622436,-0.2710421443692682,1.0362015934825664,-0.07922213650718153,0.0072293373090782775,-0.04152890872179295
1.7755511022044086,0.24899813479670907,0.050874686368882975,0.2637796596841827,-0.2466417570305815,-0.7803439158732467,-0.2710516706762391,1.0362025490928617,-0.0792102924927263,0.006251049409633399,-0.04154106558539858
1.7795591182364727,0.2489969802514422,0.0508735998440894,0.2637780401995848,-0.24663928037729918,-0.7803452799016122,-0.2710601844565091,1.0362033865409244,-0.07919938799397289,0.005388337717314256,-0.041552285643870826
1.7835671342685369,0.24899585889310205,0.050872706130152275,0.2637763770812144,-0.2466368237512633,-0.7803466761461326,-0.27106771309865296,1.0362041124998378,-0.07918947766773951,0.004631501265396378,-0.041562512961794314
1.787575150300601,0.2489947714932639,0.05087198212531532,0.26377467994874343,-0.24663444218137254,-0.7803481035992449,-0.27107430878523026,1.036204735361991,-0.07918056510466234,0.003970556418770735,-0.0415717425284166
1.7915831663326651,0.24899371875293663,0.050871406177721255,0.26377295944682533,-0.24663217109215865,-0.7803495576880453,-0.27108003851187923,1.0362052643816302,-0.07917261959171742,0.003395658731372194,-0.041580003615251146
1.7955911823647293,0.2489927012355525,0.05087095835057551,0.2637712263968591,-0.24663003155700217,-0.7803510317504415,-0.2710849769195151,1.0362057090729633,-0.07916558846623865,0.002897380904161252,-0.04158734750184009
1.7995991983967934,0.2489917193300861,0.05087062054163208,0.26376949123133425,-0.2466280342914724,-0.7803525180848592,-0.2710892012461208,1.0362060787991794,-0.07915940611111938,0.0024668852222836713,-0.0415938385307594
1.8036072144288575,0.24887823858175642,0.05085276988324379,0.2437182978281298,-0.24921629421561747,-0.8002668579135583,-0.2704707996453879,1.035764266980359,-0.08220033464001071,-0.0056711028713750476,-0.04192084022269149
1.8076152304609217,0.24888199600826863,0.050842204851679666,0.243567260835797,-0.24905270166397106,-0.8005990872536578,-0.27078989655154806,1.0359806730123842,-0.08186055228693989,-0.014828242886964871,-0.042329554991018946
1.8116232464929858,0.2488865014255447,0.05083691984848807,0.24359145592421624,-0.24892253936099945,-0.800560682313342,-0.2709622256280048,1.0359967456499952,-0.08155954586574435,-0.020484387188179177,-0.04262756438221806
1.81563126252505,0.24889014962190276,0.05083509034428804,0.24361070230588183,-0.24882401565371343,-0.800529505166657,-0.2710803805091595,1.0360062586176904,-0.08134395416484116,-0.023594779616963185,-0.04284102926034916
1.819639278557114,0.24889315206170623,0.05083560318574789,0.24362456843946018,-0.2487506092001258,-0.8005065990268077,-0.2711590392684478,1.036012259990625,-0.08119258844665836,-0.024897948756158684,-0.04299083705129998
1.8236472945891782,0.24889568178679425,0.05083764102529662,0.2436345003380643,-0.2486964918363285,-0.8004898835949981,-0.27120873189479555,1.0360157390832048,-0.08108920118222304,-0.024948070537725502,-0.04309307584069066
1.8276553106212423,0.2488978673423806,0.05084060778968598,0.2436416022698742,-0.24865711707585988,-0.8004777415496893,-0.27123744848851433,1.0360174249358902,-0.08102133425257366,-0.024157501025243982,-0.04316008530203079
1.8316633266533064,0.2488998032650703,0.05084407506981132,0.24364670023242857,-0.2486289526239042,-0.8004689453749549,-0.2712512269714529,1.036017864108112,-0.0809794764574661,-0.022830053928992424,-0.0432012888594683
1.8356713426853706,0.2489015583525529,0.05084774076466735,0.2436504068672136,-0.24860926182641524,-0.8004625689267908,-0.27125459955198444,1.0360174631323609,-0.08095640299221946,-0.021186856160917315,-0.04322384687322077
1.8396793587174347,0.2489031820423672,0.05085139723418492,0.24365317210738321,-0.24859593102565553,-0.800457918053142,-0.2712509411042598,1.0360165214187418,-0.08094665791828638,-0.019386383674508276,-0.04323316852968231
1.8436873747494988,0.24890470931347178,0.05085490686692309,0.24365532243382798,-0.2485873334371177,-0.8004544765110704,-0.27124274054318553,1.0360152568123397,-0.08094614938193384,-0.01753994071529438,-0.04323331226704279
1.847695390781563,0.2489061644376409,0.05085818341709934,0.24365709121019458,-0.2485822219644759,-0.8004518639095006,-0.27123181170426885,1.0360138253910856,-0.0809518336564166,-0.015723578271428815,-0.043227298379912696
1.851703406813627,0.24890756383752372,0.05086117781917333,0.24365864204631818,-0.24857964492079493,-0.8004498030883596,-0.2712194567726714,1.0360123367552472,-0.08096146906359018,-0.013987235747437684,-0.04321735252605893
1.8557114228456912,0.24890891825274283,0.05086386746758041,0.2436600867249471,-0.24857887986294097,-0.8004480948897069,-0.2712065925582474,1.036010865794721,-0.08097342478928624,-0.012361722272477173,-0.04320509494726226
1.8597194388777554,0.24891023437164084,0.050866248169618065,0.2436614988984856,-0.24857938173339697,-0.8004465987085837,-0.271193847734582,1.0360094617104394,-0.08098653275067333,-0.010864021526469137,-0.04319168710977722
1.8637274549098195,0.24891151605178843,0.050868328153148526,0.2436629245030192,-0.2485807422900513,-0.8004452175537313,-0.2711816374338736,1.036008154900118,-0.08099997316885559,-0.009501299294870265,-0.043177945004356004
1.8677354709418836,0.24891276522521769,0.05087012364742401,0.24366438963196524,-0.24858265843048938,-0.8004438866194327,-0.27117022022321313,1.0360069621872696,-0.081013186478364,-0.008273910388375114,-0.04316442639067105
1.8717434869739478,0.2489139825630038,0.05087165566269627,0.24366590645003544,-0.24858490751526038,-0.8004425645841365,-0.2711597414074782,1.0360058907687248,-0.08102580577252995,-0.007177636505006312,-0.04315149772197144
1.875751503006012,0.24891516795707516,0.050872947678483216,0.24366747760083565,-0.24858732819042262,-0.8004412270209159,-0.27115026575077555,1.0360049411741101,-0.08103760522421206,-0.006205335423662859,-0.043139385259748725
1.879759519038076,0.24891632086401322,0.050874024016306356,0.2436690994612201,-0.2485898055240946,-0.8004398614384832,-0.2711418020352007,1.0360041094663133,-0.08104846090212867,-0.00534814170283316,-0.04312821391873576
1.8837675350701402,0.24891744054534648,0.05087490872424756,0.2436707645167956,-0.24859225952130098,-0.8004384635768325,-0.2711343213452973,1.0360033888612872,-0.08105832117764149,-0.004596327514433565,-0.04311803661685084
1.8877755511022043,0.24891852623084085,0.0508756248408676,0.2436724630712228,-0.24859463627931802,-0.8004370346644999,-0.27112777054927034,1.0360027709057313,-0.08106718452786615,-0.003939907544088351,-0.0431088563006248
1.8917835671342684,0.2489195772250557,0.05087619393730299,0.24367418445361672,-0.2485969012025382,-0.8004355794096034,-0.2711220821201333,1.036002246319975,-0.0810750830223722,-0.0033690525872195885,-0.043100642340692476
1.8957915831663326,0.24892059297259736,0.0508766358606316,0.24367591785056586,-0.24859903382000662,-0.8004341045479568,-0.27111718118278055,1.0360018055889555,-0.08108207015946768,-0.002874361417533122,-0.04309334261743432
1.8997995991983967,0.2489215730937517,0.05087696862038577,0.24367765285982607,-0.24860102384693647,-0.8004326178116177,-0.27111299047158455,1.0360014393650807,-0.08108821201558504,-0.002447028791437505,-0.0430868923226261
1.9038076152304608,0.2490351091909069,0.05089555104966099,0.263776830071319,-0.2460047589520356,-0.780439440526697,-0.2717059074011678,1.0364356717548289,-0.07800126367010665,0.006225885199216463,-0.04273680612990886
1.907815631262525,0.24903100045166326,0.05090573880852863,0.26387893621126973,-0.24618378502333843,-0.7801878251471814,-0.27140212163777755,1.0362257943719007,-0.07840448993344465,0.015186132696152741,-0.04233414820516349
1.911823647294589,0.24902654135354232,0.050910818187287904,0.2638544844644706,-0.24631206319802193,-0.780226320851847,-0.271233100681478,1.0362102092561751,-0.07870041484466614,0.020693723724004656,-0.042040960373454984
1.9158316633266532,0.24902293044320656,0.05091250672658423,0.26383554578549356,-0.24640916717431308,-0.7802570306446293,-0.2711172243241162,1.036200901703784,-0.07891233417948398,0.023697742681904985,-0.041831136767115036
1.9198396793587174,0.24901995539188865,0.05091190013971072,0.2638219081843288,-0.2464814804334609,-0.7802795809324772,-0.27104024317025655,1.0361950474597303,-0.07906094521313667,0.02492629246987094,-0.0416840597456059
1.9238476953907815,0.24901744565220374,0.05090980317635843,0.26381214172781353,-0.24653476051123227,-0.780296032410095,-0.270991773133468,1.0361916738275385,-0.07916228422017357,0.02492551535382587,-0.04158385210524799
1.9278557114228456,0.24901527461418327,0.050906802350235474,0.26380515784068287,-0.24657349704797493,-0.7803079804512586,-0.27096393437104516,1.036190062112115,-0.07922864333562982,0.024101607117769097,-0.04151833840702147
1.9318637274549098,0.249013349209812,0.050903318847665406,0.26380014262894363,-0.24660117770218395,-0.7803166355418915,-0.270950774101132,1.036189673687594,-0.07926940483043134,0.022753678183595458,-0.041478222829566404
1.9358717434869739,0.24901160174926046,0.05089964934907826,0.26379649270125444,-0.24662050414791334,-0.7803229106953125,-0.2709478256669431,1.0361901081024385,-0.07929169362790363,0.02109928265214395,-0.041456443885492494
1.939879759519038,0.24900998362519067,0.05089599745905973,0.26379376515985925,-0.2466335626812174,-0.7803274899759783,-0.27095176447175184,1.0361910705870985,-0.07930088852467644,0.019294198293018896,-0.04144766876792606
1.9438877755511021,0.2490084604759364,0.05089249781376113,0.2637916388454225,-0.2466419587273699,-0.7803308819082855,-0.2709601399952666,1.0361923468198095,-0.07930102199898596,0.017447705678090394,-0.04144789784156009
1.9478957915831663,0.249007008484457,0.05088923449141429,0.26378988439381,-0.24664692274628655,-0.7803334610045217,-0.2709711675758763,1.0361937833818995,-0.07929509225359554,0.01563435042287203,-0.041454155908963175
1.9519038076152302,0.2490056115593286,0.05088625500211298,0.26378834117849775,-0.24664939349896456,-0.7803354999707682,-0.2709835670677274,1.0361952726662689,-0.07928530621668309,0.013902963195105257,-0.0414642517471047
1.9559118236472943,0.2490042591988442,0.05088358085693245,0.26378689962206225,-0.24665008341301942,-0.7803371946110308,-0.2709964381974687,1.0361967412645905,-0.079273268311019,0.012283546494583079,-0.041476591275349944
1.9599198396793585,0.24900294488254587,0.05088121549866201,0.26378548768452903,-0.24664952980931343,-0.780338683022759,-0.27100916459903795,1.036198141066196,-0.0792601266939978,0.01079250623417459,-0.04149003278700758
1.9639278557114226,0.24900166486859557,0.050879150204832295,0.26378406059277376,-0.2466481349742301,-0.7803400603384549,-0.27102134021097407,1.0361994424657572,-0.07924668620484018,0.009436602712601523,-0.041503775113596875
1.9679358717434867,0.24900041730221734,0.050877368438712926,0.2637825930776788,-0.24664619744331231,-0.7803413900001381,-0.27103271307108434,1.0362006292066392,-0.07923349529978709,0.008215913972937349,-0.04151727152349624
1.9719438877755509,0.24899920156152655,0.05087584901789436,0.2637810735454887,-0.24664393636972234,-0.7803427123415343,-0.2710431426109644,1.0362016944892627,-0.07922091270699493,0.0071260402566533125,-0.04153016368763192
1.975951903807615,0.24899801778360303,0.05087456838687867,0.26377949973565334,-0.246641510459685,-0.7803440510854585,-0.27105256739610245,1.036202638054626,-0.07920915830684104,0.006159727687810349,-0.04154223125661545
1.9799599198396791,0.24899686652662278,0.050873502214969814,0.26377787551645476,-0.24663903264626236,-0.7803454182317735,-0.27106098092249054,1.0362034640168034,-0.07919835177406978,0.005308049591428508,-0.04155335355182552
1.9839679358717432,0.24899574853399364,0.05087262648985338,0.2637762085474859,-0.24663658142612424,-0.780346817707209,-0.27106841360474215,1.0362041792682941,-0.0791885417527444,0.004561252689206713,-0.041563480629620106
1.9879759519038074,0.24899466457434424,0.05087191823756257,0.26377450859904944,-0.24663420958835414,-0.7803482480663955,-0.2710749195030394,1.0362047923214408,-0.07917972773117801,0.003909351019162427,-0.041572611574787956
1.9919839679358715,0.24899361533736886,0.050871355968645136,0.2637727863662975,-0.24663195090933568,-0.7803497044690871,-0.2710805666601597,1.036205312479957,-0.07917187630836295,0.003342531361776689,-0.04158077834963668
1.9959919839679356,0.24899260137030882,0.0508709199263803,0.26377105265325007,-0.24662982526508168,-0.7803511801080264,-0.2710854301738978,1.0362057492587544,-0.07916493316922381,0.0028514190896693635,-0.04158803389512636
2.0,0.2489915380090321,0.050870592194355774,0.26372123191718017,-0.24662784252523018,-0.7803526672084735,-0.2710895873258465,1.036206112011009,-0.07915883179559398,0.0024272417953266085,-0.041594443471144854
