time,angle,w,q_f,z_vc_d,z_vc_q,z_cc_d,z_cc_q,i_vsc_d,i_vsc_q,v_sh_d,v_sh_q,i_bus_d,i_bus_q,p_sh,q_sh
0.0,-0.10212153653864303,1.0,0.04005103695221772,-0.0009485724835955883,-0.008109693717324354,0.9857332395646088,0.0001232093552425706,-0.39983582990362865,0.02464187104851061,0.9877324187141269,0.0,-0.4986090717750412,-0.04054846858662178,-0.49249234445716716,0.040051036952217726
0.002004008016032064,0.6533716867781622,0.9999999999952927,0.04005110379362248,-0.0009486012673442007,-0.008109700005302603,0.9857332361563068,0.00012320919079932625,-0.39983525655529834,0.024641825683621648,0.9877313078407098,-2.443693798582071e-8,-0.49860853447502285,-0.04054849533990288,-0.49249125886667294,0.04005103051752104
0.004008016032064128,1.4088649100680837,0.9999999999526702,0.04005110754006465,-0.0009485774271724071,-0.008109699662138172,0.9857332349202453,0.00012321212285701301,-0.39983494611919135,0.024641773386908043,0.9877315043812919,-9.612112861964265e-9,-0.4986087526240482,-0.04054852226777892,-0.4924915729372736,0.04005105769267519
0.0060120240480961915,2.1643581333338626,0.9999999998838389,0.04005120047736305,-0.0009486025322028894,-0.00810970652297523,0.9857332309678664,0.0001232093000634782,-0.39983485900522336,0.024641628261465705,0.9877318518936158,4.062179399737835e-9,-0.4986089234006733,-0.040548647593063675,-0.49249191544594495,0.04005118875343949
0.008016032064128256,2.919851356573346,0.99999999990933,0.040051118102502066,-0.0009485780273481395,-0.008109709143721625,0.985733227347064,0.00012321214629743566,-0.399835074729726,0.024641678398209257,0.9877326978145915,-7.115874243178643e-8,-0.4986094337764515,-0.0405485613299443,-0.4924928382944357,0.04005117535534658
0.01002004008016032,3.675344579862719,1.0000000000129012,0.040051057111610194,-0.0009486261666943763,-0.00810969390574307,0.9857332228631047,0.00012321577708518256,-0.39983615511286913,0.024641767869265082,0.9877337109918678,-4.107076122939737e-8,-0.49860976283629993,-0.0405485259661183,-0.49249366971771474,0.040051166506046655
0.012024048096192383,4.43083780321202,1.0000000001069747,0.04005102534153501,-0.0009486743360293214,-0.008109677351398508,0.9857332193329952,0.00012321949395708087,-0.3998369892926161,0.024641907007711204,0.9877339275398668,-3.228586466993653e-8,-0.4986097042967677,-0.040548475125137505,-0.4924937202253954,0.040051120689150094
0.014028056112224447,5.186331026599433,1.0000000001451321,0.0400510062629145,-0.000948680312891666,-0.0081096678286155,0.9857332177673017,0.00012322231864428165,-0.3998368742756675,0.024642005552743793,0.9877332183048727,-6.681483270667843e-8,-0.49860924162357584,-0.040548412901951054,-0.49249290819617103,0.04005104768729201
0.01603206412825651,5.941824249991513,1.0000000001258342,0.04005099987385872,-0.0009486602205867155,-0.008109669625254643,0.985733217331666,0.00012322443272772118,-0.39983629829901274,0.024642021562016014,0.9877322842836258,-8.431735892355125e-8,-0.49860872114283955,-0.040548394161813335,-0.4924919276792208,0.04005100003085123
0.018036072144288574,6.697317473333802,0.9999999999957808,0.040051149772906296,-0.0009486546724537867,-0.008109684667505173,0.9857332146661759,0.00012322133083193394,-0.3998357262761669,0.024641846526844736,0.9877317146638793,-4.425623051794441e-8,-0.49860847322311835,-0.04054854794411965,-0.4924914004080838,0.04005110885450735
0.02004008016032064,7.452810696608075,0.9999999999462705,0.04005113369685045,-0.000948621270207337,-0.008109696099681879,0.9857332136660626,0.00012322380271082172,-0.39983528394590145,0.024641841645850093,0.9877314162166856,-3.571113704511707e-8,-0.4986085185537619,-0.04054853484475647,-0.4924912967207765,0.04005107955360007
0.022044088176352703,8.208303919873199,0.9999999999356272,0.04005110044318775,-0.0009485994599075706,-0.008109694319530854,0.9857332131015109,0.00012322677189175276,-0.3998350438817916,0.024641824625082482,0.987731665480348,-1.2200424332431973e-8,-0.4986087545709336,-0.040548526508353715,-0.4924916550807211,0.040051069704108634
0.024048096192384766,8.963797143146047,0.9999999999390845,0.040051060855954994,-0.0009485780977336424,-0.008109689798700703,0.9857332131593922,0.00012322836149300778,-0.3998345155432707,0.024641683682401317,0.987732417950717,-5.910714464645861e-8,-0.49860906280028416,-0.04054852188248997,-0.49249233281515825,0.040051119034677375
0.026052104208416832,9.719290366400632,0.9999999998808693,0.040051180840320715,-0.000948600465008961,-0.008109692751332484,0.9857332067605082,0.00012322900760741975,-0.39983540910146853,0.024641729886004476,0.9877325968708279,-4.357896776019238e-9,-0.49860923648134775,-0.040548612264467904,-0.4924925957967957,0.04005118826437877
0.028056112224448895,10.474783589648524,0.9999999999433975,0.04005114535901276,-0.0009486428653547146,-0.008109689104305871,0.9857332026819211,0.00012323273385080765,-0.3998365274757514,0.024641787147905207,0.9877334735659822,4.865807944475853e-8,-0.49860964041959815,-0.0405485896731658,-0.4924934340581515,0.04005117506469027
0.03006012024048096,11.230276812936259,1.0000000000121578,0.04005109045208322,-0.0009486706021540386,-0.0081096800694594,0.9857332007710641,0.0001232355234544195,-0.3998368169152717,0.02464186473690374,0.9877333050484677,3.651095488094566e-8,-0.49860950021172123,-0.040548511787666795,-0.4924932110531529,0.04005109735811991
0.03206412825651302,11.985770036258279,1.000000000047024,0.04005104691510378,-0.0009486655037548479,-0.00810967276608817,0.9857332002228981,0.00012323803854454648,-0.3998364759878201,0.02464192190094906,0.9877325744987535,7.408541759017901e-9,-0.4986090996229702,-0.04054843641213876,-0.49249244993950664,0.04005100779529448
0.03406813627254509,12.741263259592824,1.0000000000404534,0.0400510268386391,-0.0009486398592605368,-0.008109670158550271,0.9857332003689799,0.0001232404110572191,-0.39983590053624485,0.024641930527304675,0.9877318713919745,5.87629476479939e-11,-0.49860873819723567,-0.04054840629865626,-0.49249174207432944,0.040050953206034155
0.03607214428857715,13.496756482915083,0.9999999999990791,0.04005102893402036,-0.0009486057559326867,-0.008109672708447258,0.9857332006683925,0.0001232427121953762,-0.39983537134276037,0.024641895175836374,0.9877315290351211,1.2413038716743129e-8,-0.4986085860123215,-0.04054842391824979,-0.49249142155531916,0.04005095056748945
0.038076152304609215,14.252249706206653,0.9999999999394011,0.0400510445677034,-0.0009485739704672631,-0.008109678963371102,0.985733200645515,0.000123244962570979,-0.3998350722428178,0.024641840713221348,0.9877316647998426,2.3359521778067023e-8,-0.49860868970955874,-0.040548468250245585,-0.49249159211768345,0.04005099440263809
0.04008016032064128,15.007742929460226,0.9999999998805714,0.040051065796343086,-0.0009485534562653418,-0.008109686046808243,0.9857331998496325,0.0001232472341736111,-0.3998350788160074,0.02464179456357663,0.9877321553745063,1.4929272619999336e-8,-0.49860896148730105,-0.040548513024713406,-0.49249210482425587,0.040051062723262296
0.04208416833667334,15.763236152679415,0.9999999998392245,0.040051085571345096,-0.0009485510289787893,-0.008109691950649096,0.9857331978861779,0.0001232495344130476,-0.3998353515652897,0.024641778987949448,0.9877326211254455,-9.043906449758343e-9,-0.49860917392469595,-0.040548536794978,-0.4924925459111159,0.040051117040679915
0.044088176352705406,16.518729375882813,0.9999999999255972,0.04005139437463561,-0.0009488719337659685,-0.008109672876544181,0.9857331985929548,0.00012325275676493665,-0.3998382218530937,0.024641160801580304,0.9877357227570404,6.098320374373258e-7,-0.4986106250518321,-0.040549086604729584,-0.49249555083804314,0.040051477295927035
0.04609218436873747,17.274222599087224,0.9999999998318729,0.040050864839563,-0.0009486657824675136,-0.008109487890136555,0.9857331996413169,0.00012335571132627272,-0.39983690172427916,0.024642070672900602,0.9877334021914747,2.1446680785183605e-7,-0.4986094594475478,-0.04054829440098801,-0.49249322644124177,0.04005079784657028
0.04809619238476953,18.029715822236582,0.999999999756866,0.04005061148813173,-0.0009486097438730055,-0.008109584864116592,0.9857332015836096,0.000123358909560597,-0.3998361540064792,0.024642303476894212,0.9877325484929359,5.635354554403603e-8,-0.49860870991784423,-0.04054804675054052,-0.4924920540329535,0.04005059745495345
0.0501002004008016,18.78520904525967,0.9999999995027078,0.04005080426207511,-0.0009485324264025968,-0.008109636213597542,0.9857332032306614,0.00012335855859783344,-0.399835283782842,0.024642089296264404,0.9877317264209486,3.716589469215711e-8,-0.4986080962090597,-0.04054824347454512,-0.49249103718304876,0.04005076799923342
0.052104208416833664,19.54070226806464,0.999999999180903,0.04005107299294878,-0.0009484860319462682,-0.0081096928899003,0.9857332036149553,0.00012335789970912902,-0.39983468931458377,0.02464178871326361,0.9877313005190752,4.454109674972998e-8,-0.4986079418284713,-0.04054852432681868,-0.49249067263745105,0.04005102445891339
0.05410821643286573,20.296195490656633,0.9999999989263236,0.040051268692413516,-0.000948463707777997,-0.008109743983113362,0.9857332030806675,0.00012335447698868756,-0.39983456028133396,0.024641566904213884,0.9877317725073619,3.7965316060013725e-8,-0.49860842824477386,-0.040548745749213175,-0.4924913881567662,0.040051265581994115
0.05611222444889779,21.05168871311212,0.9999999987938033,0.04005137030006194,-0.0009484920586368943,-0.008109774095549058,0.9857332002808641,0.00012335399373674774,-0.39983498550543217,0.024641460578421818,0.987732502661551,-9.205392500254166e-9,-0.4986090900604206,-0.040548842533883196,-0.49249240400190986,0.040051414305913975
0.058116232464929855,21.807181935532608,0.9999999988366799,0.04005136665344017,-0.0009485818456648389,-0.008109780561899316,0.9857331955539304,0.00012335400369526252,-0.39983616445655185,0.024641498338406786,0.9877333762919807,5.725231655333605e-9,-0.4986096742852249,-0.040548839355076596,-0.4924934172657415,0.04005143914625505
0.06012024048096192,22.56267515802078,0.9999999990054577,0.04005127410265753,-0.0009486803304302071,-0.008109767300741307,0.9857331919073632,0.0001233539999900029,-0.3998371903889268,0.024641643447951753,0.9877337743437987,1.4167261491884979e-8,-0.49860995815402426,-0.04054872596291825,-0.4924938964673423,0.04005133907624797
0.06212424849699398,23.31816838064042,0.9999999992097524,0.04005112923394865,-0.0009487194444768737,-0.00810974072784058,0.9857331904005641,0.00012335381581385542,-0.3998371965664874,0.024641845211450016,0.98773313271107,-3.2716511258475235e-8,-0.4986096802258811,-0.040548524444971805,-0.4924933001229681,0.04005113738961262
0.06412825651302605,24.073661603395557,0.9999999993320298,0.04005111150020969,-0.0009487456494486482,-0.00810971869950189,0.9857331886312259,0.00012334743182929346,-0.39983667082452806,0.024641845281133085,0.9877324522417624,-2.0485725498637335e-8,-0.49860922217533765,-0.04054850610913876,-0.4924925088989384,0.04005108558829137
0.06613226452905811,24.82915482622621,0.9999999994457638,0.04005099694770274,-0.0009486875722667238,-0.008109708541459405,0.9857331878479264,0.0001233472757094315,-0.3998360696980617,0.024641987224506945,0.987731600056216,-5.2874598871239924e-8,-0.4986089240884346,-0.04054835069172811,-0.49249178824820006,0.04005091367212803
0.06813627254509018,25.584648049148104,0.9999999995350642,0.040050915522250784,-0.000948633292351107,-0.00810969294439933,0.9857331889249932,0.0001233468448795543,-0.39983539232878357,0.02464202466440941,0.9877313128037162,-3.080144534644709e-8,-0.4986087464448287,-0.04054829230322247,-0.4924914704524199,0.0400508333464808
0.07014028056112225,26.340141272123244,0.9999999995585256,0.04005089612295467,-0.0009485756806874022,-0.008109686822677212,0.9857331899487782,0.00012334622433425994,-0.3998349133222727,0.024641976933529104,0.9877315803500163,-9.733646653774912e-9,-0.4986087945486969,-0.040548316560561036,-0.49249165222131797,0.04005085765017751
0.0721442885771543,27.09563449510309,0.9999999995279875,0.04005092968729114,-0.0009485302744983892,-0.008109691548594188,0.9857331901466803,0.0001233454662789338,-0.3998347325554189,0.024641877029230843,0.9877322353041186,-2.0448600780208693e-8,-0.4986090041026453,-0.04054838861202577,-0.4924921853359085,0.04005096071759275
0.07414829659318636,27.851127718053185,0.9999999994740785,0.040050993761306296,-0.0009485112672750918,-0.008109703809665572,0.9857331889124418,0.00012334462155829285,-0.399834829824291,0.024641761817306745,0.9877328862451993,-6.39253418419102e-8,-0.49860916685097545,-0.04054847078670371,-0.4924926688899533,0.04005108995674144
0.07615230460921843,28.606620940945046,0.9999999993774141,0.04005121198412396,-0.000948588251435093,-0.00810972562933077,0.9857331835333478,0.000123339363956156,-0.39983582489758374,0.024641574457823362,0.9877335869043243,1.3828224165603769e-8,-0.4986093923576577,-0.04054872473825929,-0.49249324413833173,0.040051330435234504
0.0781563126252505,29.362114163775892,0.9999999993975182,0.04005125259369855,-0.0009486506765940565,-0.008109739118499923,0.9857331788479621,0.00012334023995661498,-0.3998369606159486,0.024641678648263863,0.9877338487074497,-2.1726327043422185e-8,-0.4986096048976862,-0.04054870893654458,-0.49249358316711794,0.04005134317096669
0.08016032064128256,30.11760738663612,0.9999999994764684,0.04005120959437032,-0.0009486879356581286,-0.008109734568114505,0.9857331773270809,0.00012334022415136774,-0.3998369498616213,0.024641814111648626,0.9877330726292751,-7.559907129926831e-8,-0.4986093063654148,-0.040548603312586654,-0.492492899152426,0.04005123423516732
0.08216432865731463,30.873100609563355,0.9999999995714611,0.04005112613897452,-0.0009486919187839767,-0.008109725259023325,0.9857331772665524,0.00012333965057994585,-0.3998364489085751,0.024641913403636695,0.9877321448696237,-1.0006531431748971e-7,-0.49860891308944894,-0.04054849824055588,-0.49249204711945493,0.04005110503184403
0.08416833667334668,31.628593832542006,0.99999999958617,0.04005117540998049,-0.0009486955875166387,-0.008109722920781375,0.9857331753367725,0.00012333360297683865,-0.39983590328660296,0.024641835335393554,0.9877316326593318,-6.060208541956025e-8,-0.49860871715417726,-0.04054855351908659,-0.49249159979554363,0.04005111918610976
0.08617234468937875,32.38408705556087,0.999999999670657,0.04005107702674908,-0.0009486565550635143,-0.008109715979089467,0.9857331754887001,0.00012333324646430845,-0.3998354406586188,0.02464190608185669,0.98773141891766,-4.72661581509224e-8,-0.498608750932771,-0.04054846526061684,-0.4924915271270179,0.04005101669412259
0.08817635270541081,33.13958027865766,0.9999999997535178,0.040051000893928344,-0.0009486192894268855,-0.00810970138006404,0.9857331762364838,0.00012333346248388468,-0.3998351557348181,0.024641925725599423,0.9877317379316626,-1.8583992811768326e-8,-0.49860892362727827,-0.04054842196227651,-0.4924918579290556,0.040050972561330424
0.09018036072144288,33.8950735018137,0.9999999998018217,0.040050979304600574,-0.000948584808685461,-0.008109689367241286,0.9857331762546726,0.00012333450383254235,-0.39983517538914143,0.024641920366755624,0.9877323285913402,-9.050388772735576e-9,-0.49860914827202485,-0.040548417464865705,-0.49249237471269297,0.04005098731587221
0.09218436873747494,34.65056672499622,0.9999999998174316,0.04005101927995643,-0.0009485732470342889,-0.008109682584557642,0.9857331746882961,0.00012333653118374308,-0.39983559375484673,0.024641907209365384,0.9877328530443241,4.26181728389646e-9,-0.498609259981331,-0.04054845130979487,-0.4924927470884893,0.04005103537377099
0.09418837675350701,35.40605994817595,0.9999999998229995,0.04005107517553392,-0.0009486139845944198,-0.008109690041666421,0.9857331728060568,0.00012333670530661385,-0.3998365257251482,0.024641843177321158,0.9877335321832625,6.979767082792515e-8,-0.49860946208677087,-0.04054853931665609,-0.4924932879971563,0.04005111716233351
0.09619238476953906,36.161553171335235,0.9999999998014022,0.04005112467064186,-0.0009486321142530551,-0.008109699827698817,0.9857331720467786,0.00012333683522918062,-0.3998366029795075,0.024641817032445994,0.9877331094822067,4.5966148463339433e-8,-0.49860923082803876,-0.04054855645907473,-0.49249284784617103,0.04005112883719077
0.09819639278557113,36.91704639447199,0.9999999997754004,0.04005115247756199,-0.0009486341074650866,-0.008109709341771177,0.9857331720328767,0.00012333687522559817,-0.3998362401578141,0.024641802842577134,0.9877323256559476,1.4176704341949993e-8,-0.4986089064268638,-0.04054854867911124,-0.4924921353126197,0.0400511052201609
0.1002004008016032,37.67253959202762,0.9999989796170933,0.039174227458799844,-0.0005191998051513523,-0.008080781804463064,0.985837992578901,0.00012883323074269602,-0.37670265902293704,0.025889816481911243,0.9769840933756887,-0.0006134246034851415,-0.4618217018866564,-0.038202612124048324,-0.4511690222967583,0.0376066371649571
0.10220440881763526,38.428009998370065,0.999928184819428,0.06400426725676804,0.022758344408378903,-0.010953476648175543,0.9860769063741531,0.000026577999808222337,-0.2030870710373003,-0.009325848607759105,0.9617824714317209,0.006023541058793319,-0.2990242198508959,-0.07386959741118311,-0.2880412097391397,0.06924529929594843
0.10420841683366733,39.18340841236063,0.9998180131197932,0.09053969977429614,0.03756311852995622,-0.01635958180263467,0.9857492481808064,0.000047326108892158346,-0.15663283504911732,-0.03245989249430116,0.966924471670781,0.004181977871378774,-0.2533604501906064,-0.09607300579847494,-0.24538219462710936,0.09183579257733458
0.1062124248496994,39.93871827096748,0.9996944301403092,0.09680722904155406,0.04637742161487519,-0.018993701708065625,0.9854610026139995,0.00008662621520912169,-0.1211183148831675,-0.037019322897907735,0.9680437183465197,0.0017663220050359038,-0.217753951471625,-0.10101203810900056,-0.21097376465292492,0.0973994453726294
0.10821643286573146,40.693929509651284,0.9995565855136266,0.10708287953522692,0.054278526905746055,-0.02097749467885732,0.9851976877101792,0.0000693000090533368,-0.08109433886879025,-0.04930728178423035,0.9666472244708928,0.002815619729925567,-0.17740454187006752,-0.11355872575201371,-0.17180734619596363,0.10927172333436759
0.11022044088176351,41.44903152237609,0.9994063358668045,0.13184448122567607,0.06046077564433997,-0.024934056879809707,0.9848439590602236,0.000024128263963011385,-0.052823097156600274,-0.07706876761342388,0.9648406858700016,0.005313580102061152,-0.1487987765254184,-0.14143547874663087,-0.14431864234499536,0.13567205010209488
0.11222444889779558,42.20401829267518,0.9992536258398224,0.16432324119997377,0.06247309940738638,-0.030886441562810382,0.9843340513414996,-5.922168250082735e-6,-0.050095238575570696,-0.11150035481316693,0.9634162015656624,0.006584767171761596,-0.14591674875817692,-0.17571109262042847,-0.14173557646781526,0.16832208560829248
0.11422845691382764,42.95889284513674,0.9991112611776678,0.19205244232509497,0.059524206582110446,-0.03698746584034683,0.983681141046703,-3.4144807561485486e-6,-0.07302612391125829,-0.1394771455635283,0.9625830930472895,0.005605641100862261,-0.16886048513872715,-0.20333599914856004,-0.1636820767124139,0.19478122371247675
0.11623246492985971,43.713666886403715,0.9989885930263951,0.2062919185689843,0.05301956399615865,-0.041228580831080726,0.9829523019857861,0.000023123281144728807,-0.11068320215604237,-0.15239759248579965,0.9621423137567934,0.002939011624437995,-0.20669179323657166,-0.2158582658835623,-0.1995013301318386,0.2070789017977415
0.11823647294589178,44.46835678377205,0.9988884011093933,0.20519374904350454,0.04551690757656798,-0.042567589881967884,0.982228139571605,0.00005432540915031203,-0.148791442332751,-0.14907903265752231,0.9620373869411896,-0.00014417204313383347,-0.24500410282798513,-0.2122378518535102,-0.23567250810977328,0.20421607114924314
0.12024048096192384,45.222978550255355,0.9988072547637454,0.19258414373712526,0.0394455604037683,-0.04119447280486567,0.9815717224885624,0.00007299144122683612,-0.1759991212805203,-0.13432699179633698,0.9621488990061597,-0.002487568976895518,-0.27238496506534415,-0.19735689662580658,-0.26158395535002943,0.19056429718866158
0.1222444889779559,45.97754400577894,0.9987379923730054,0.1752159597553909,0.03623048879297583,-0.03818467027857908,0.9810128328275609,0.00007041243350527691,-0.1872033900943431,-0.11572606458514464,0.9623792166731671,-0.003461394940917523,-0.28369242976376235,-0.17879569885497368,-0.2724008158046826,0.17305123614974194
0.12424849699398796,46.73205913790651,0.9986728420022954,0.15990905294912766,0.03603453275441679,-0.03491827003852242,0.9805462216875713,0.000047454885962378266,-0.18377800708651312,-0.10038027485184936,0.9626440628878256,-0.0030559406439441537,-0.28026395526785614,-0.16360970458274007,-0.2692944510340827,0.15835438075934138
0.12625250501002003,47.48652468698865,0.9986060329720835,0.15134840882208284,0.037987400203846215,-0.03254984989192903,0.980141400730739,0.00001150226376851208,-0.17154031910463494,-0.09271857326658525,0.9628057229923209,-0.001714408500389673,-0.26795461350185285,-0.15614304482723423,-0.2577205424184508,0.15079480083221383
0.1282565130260521,48.24093827656331,0.9985351993964602,0.15102833320623898,0.040701644593202836,-0.03168106935435147,0.9797575983685604,-0.000027341676602893004,-0.15794085623298407,-0.09370686977351685,0.9628437932121369,-0.00007618407007738466,-0.2542157830919586,-0.15728997320179613,-0.24475810589631433,0.1514650416248866
0.13026052104208416,48.99529706316483,0.9984613607430068,0.1574141351580222,0.04285436053209579,-0.032299592136784544,0.979359045141716,-0.000060483255621106215,-0.14915659485150978,-0.10130823957552267,0.9626853479611908,0.0012635213105752889,-0.24532187799104632,-0.1649658547213789,-0.23637621534926095,0.15850024183337386
0.13226452905811623,49.74959992603675,0.998387806194574,0.1671785863670694,0.043582053569916235,-0.033922211813454554,0.9789253353655502,-0.00008292297182146282,-0.14854640597729574,-0.11188402751726798,0.9624207763104135,0.0019530217991336157,-0.24463332385093273,-0.175524251767688,-0.23578299614199036,0.16845041243328734
0.1342685370741483,50.50384857981468,0.9983184845415555,0.1766946144622719,0.042664293848370435,-0.03585964020900854,0.9784542027156897,-0.00009418199239355741,-0.15614227520194623,-0.12168455975531592,0.9621261928780137,0.001922185733709159,-0.2521923579560071,-0.18524198914333026,-0.24299694274195757,0.17774140922300918
0.13627254509018036,51.258047505557876,0.9982565716807424,0.1832888613957113,0.04043408516962218,-0.03748382157106139,0.9779581425016011,-0.000097468472322557,-0.1694183623970337,-0.1280928443919551,0.9618472560309039,0.0013529608153831877,-0.2654840420880513,-0.19153310142969607,-0.25561423418346835,0.1838663985431873
0.13827655310621242,52.012203003991196,0.9982036288125011,0.18583657627892328,0.03755481946745974,-0.038410942330954316,0.9774563731755259,-0.00009764355082351957,-0.18471077055170346,-0.1301496375507842,0.9616139288647323,0.00054328947690811,-0.2808333353964404,-0.19348476410560886,-0.27015836524303877,0.18590507039117457
0.1402805611222445,52.76632188363548,0.9981594716039615,0.1847538285430263,0.03471790809829042,-0.038565386769165606,0.9769676308237614,-0.00009908910024417287,-0.19866717430218006,-0.1285078423351933,0.961474041600563,-0.00019046305564832165,-0.29482982490891085,-0.19177504787989164,-0.2834346972779406,0.1844428845525693
0.14228456913827653,53.52041027890774,0.9981226078941872,0.1814743053020635,0.03243824623323358,-0.038133735113822065,0.9765041317603698,-0.00010511106101517507,-0.2091322007195941,-0.12482181965681641,0.9613938092502988,-0.0006377265471131745,-0.305320402843154,-0.18806707688690846,-0.2934132097636468,0.18100123436914212
0.1442885771543086,54.27447293286054,0.9980909789363656,0.17779599636798882,0.030924465483297813,-0.03744293652269927,0.9760692448345085,-0.00011655800036360112,-0.21561480848316353,-0.12101329481923066,0.9613541994444144,-0.0007231520724184566,-0.31179268133079857,-0.18427679317051773,-0.2996099434085174,0.17738074249829627
0.14629258517034066,55.02851305892593,0.9980627040296381,0.1752278802234141,0.030090181108008367,-0.03682753232603554,0.9756585113454583,-0.0001323913012442263,-0.21899331905074854,-0.11860030127374632,0.961295323409072,-0.0005022416993704027,-0.315148908120722,-0.18190165018581336,-0.30285981296001774,0.1750194865671846
0.14829659318637273,55.78253269090805,0.9980366013822369,0.17459150787712965,0.02964609801517085,-0.03652117883872138,0.9752627089193642,-0.00015026626688039823,-0.22097271682860575,-0.11831431276694508,0.9611936728454444,-0.00011520412318095082,-0.3171027695476044,-0.1816528962111719,-0.30477624856829316,0.1746401460387526
0.1503006012024048,56.53653330229928,0.9980123715641643,0.17592048894401469,0.02923587287307072,-0.03660609852235436,0.9748717020046211,-0.00016774889854165848,-0.22337545412402923,-0.12005393230775602,0.9610706090078689,0.0002790410808563444,-0.3194499077490463,-0.18341704029153433,-0.3070650982770539,0.17618758696786796
0.15230460921843686,57.29051643765502,0.9979904571298535,0.17860585629020084,0.028573108383718678,-0.03702367680080616,0.97447796012193,-0.00018299527911567085,-0.22743659331961438,-0.12309523831738256,0.9608981493464646,0.0005537090667268376,-0.3234732496514082,-0.18645879471323004,-0.31092809087832873,0.17898880069813952
0.15430861723446893,58.04448415235208,0.9979717014646526,0.18175822255329643,0.027508310724821815,-0.03762308061833536,0.9740780800667539,-0.0001952988290406453,-0.2336574971253643,-0.1264706371841641,0.9607098463356138,0.0006482884762232696,-0.3296592203910941,-0.1898159713200587,-0.31682991447185616,0.1821443583652786
0.156312625250501,58.79843916520355,0.9979569563885838,0.1845441264288214,0.026046816115018016,-0.038230781673629186,0.9736732198020441,-0.00020493379395602402,-0.24173061630713538,-0.12933714391106002,0.9605080233480746,0.0005778982777021669,-0.3377179467127456,-0.19264581023230828,-0.32449212712816944,0.1848426797727683
0.15831663326653306,59.55238474086343,0.9979467767242826,0.18643301070659704,0.024319218466226825,-0.038709079564082,0.9732671455667262,-0.00021282087074858384,-0.2508731267070252,-0.13118416749412057,0.9603231684172243,0.00039731125421148955,-0.3468485660410965,-0.19445761139730885,-0.33316397409903187,0.18660434266111375
0.16032064128256512,60.30632440163643,0.9979412799823978,0.1872943366282812,0.02250388971909647,-0.03899335222703423,0.9728649004812849,-0.00022030924569415919,-0.26012584774632286,-0.1319491883390856,0.9601445137403408,0.0001900267307109216,-0.35610466867806834,-0.19519226950864238,-0.34194903569740387,0.18734511728726919
0.1623246492985972,61.06026159765848,0.9979401749425125,0.18734901831418524,0.020763638095583,-0.03909464561636298,0.9724706308992331,-0.0002285616722809665,-0.2687317230510995,-0.1319239155946609,0.9599747472597837,0.000027691621274373686,-0.3647276331114763,-0.19514306761822925,-0.3501347212427714,0.1873223171168241
0.16432865731462926,61.81419944839805,0.9979429104704881,0.18702857035634649,0.019197267805455092,-0.039076119489689254,0.9720864935757676,-0.00023787056732204256,-0.27636371320128394,-0.1315755739101909,0.9598438183371386,-0.000048405750487103216,-0.37233141017704363,-0.19478629343543444,-0.35737057365446656,0.18698244263214525
0.16633266533066132,62.56814061961835,0.9979488672074347,0.18675412876207995,0.01783589391478761,-0.03902649846642823,0.9717124198853342,-0.0002484890759223249,-0.2829673323884632,-0.13135384175068793,0.9597013396762203,-0.000038501835401953665,-0.37892737803166376,-0.19456472153541238,-0.3636496212381017,0.18673861331080427
0.16833667334669336,63.32208734258903,0.9979575378801954,0.18686219954068609,0.01662723250601386,-0.03902209835842711,0.9713467335008361,-0.0002598322932913777,-0.2889230201775206,-0.13158203253255932,0.9595688039412078,0.00003757089709386899,-0.3848501601985713,-0.1947970316895811,-0.3692975266175571,0.18690669554390352
0.17034068136272543,64.07604153739221,0.9979686150883725,0.1874629849766203,0.015495715629908018,-0.039107620988913835,0.9709869281534577,-0.00027137465110923614,-0.2946137851827182,-0.13234886291883868,0.9594025045282726,0.00013839615617699844,-0.39054465955128276,-0.19556275009266025,-0.37471658963654647,0.18756934235163758
0.1723446893787575,64.83000497765728,0.9979820144379734,0.1885168779637282,0.014346701391934447,-0.03928788809992613,0.970630516863805,-0.0002824795031486827,-0.3005460377452118,-0.13356516122548875,0.9592512363833283,0.00022846751650107793,-0.39643401225737224,-0.19677631597985884,-0.380324773398506,0.18866735210039906
0.17434869739478956,65.58397943572696,0.9979978026322142,0.18981134826799528,0.013130677818017505,-0.039536868390150935,0.9702759567120042,-0.0002928614951902063,-0.30687658417300345,-0.13499825693791684,0.9590797029870276,0.0002776445185732879,-0.40275099692050415,-0.19820091220008915,-0.38632533590109497,0.1899786503979745
0.17635270541082163,66.33796676672067,0.9980161138830617,0.1911290792280967,0.011821118391490025,-0.03981181052945081,0.9699228470036528,-0.00030237114673511067,-0.31368845401340956,-0.13641111476531087,0.9589129980630525,0.00028055985902782283,-0.4095385496008843,-0.19960202226524507,-0.39276783873540655,0.19128607351207183
0.1783567134268537,67.09196891872328,0.9980370482048128,0.19227757488604927,0.010435980816968036,-0.04007061785518587,0.9695718263860392,-0.0003111995486565306,-0.32081826693499516,-0.13761714047660203,0.9587424148185326,0.00024617793233925206,-0.41665400076268605,-0.20079207347175904,-0.39951329341249775,0.19240530637632583
0.18036072144288576,67.8459878831971,0.9980606128270375,0.19315974808395794,0.009016048651807697,-0.0402847099188245,0.9692240525758964,-0.00031956843542244425,-0.32803276866057246,-0.13853215754475096,0.958571594460611,0.00019308578101146244,-0.42386305755353837,-0.2016894197877037,-0.4063420302711865,0.193251906782225
0.18236472945891782,68.60002561445056,0.9980867028246603,0.1937811124687963,0.007608822525969397,-0.040445423146732086,0.9688806636715613,-0.0003279264414876019,-0.3351114317030377,-0.1391748102754446,0.9584122517054823,0.00013987283076161275,-0.43092986687965923,-0.20231880091626656,-0.4130367629466784,0.19384454216817204
0.1843687374749499,69.35408395078859,0.9981151226748063,0.19422382518625758,0.006250380939433503,-0.04056170064416384,0.9685426119306756,-0.0003364170774621014,-0.3418917832324042,-0.13964669492513535,0.9582601986805972,0.00010369731244382166,-0.437690956729409,-0.2027800008695879,-0.41944285089733163,0.19427061654584918
0.18637274549098196,70.10816456151679,0.9981456279424551,0.1945942983313622,0.004964868303811765,-0.0406527043139924,0.9682101587606022,-0.00034512562947135595,-0.34829246679292425,-0.14006228035700605,0.9581149635142229,0.00008888376428665101,-0.44407808911054114,-0.20319107452227117,-0.42549592253318497,0.19464093762012422
0.18837675350701402,70.86226893153672,0.9981779815267423,0.19499748102458764,0.003747667422850541,-0.040742150618233754,0.9678832588111366,-0.0003540717652756312,-0.3543424613934145,-0.14054054857623435,0.9579607476811204,0.00009641878842579997,-0.4501338069578313,-0.20366019807469438,-0.4312301549394221,0.19505507426422292
0.1903807615230461,71.6163983786422,0.9982119854888829,0.19550570727334426,0.002582592145042847,-0.04084538030146978,0.9675612521714952,-0.0003629981824908797,-0.36018092532903007,-0.1411317378431083,0.9578167901745752,0.0001159816470540573,-0.45595542762721786,-0.2042473624387837,-0.4367454530980797,0.19557867063125944
0.19238476953907813,72.3705540928104,0.9982474997726026,0.19613163361569658,0.0014473017484749344,-0.04096965901230172,0.9672435082253297,-0.00037173602308058324,-0.3659105896378914,-0.14184318854911246,0.9576728568825665,0.0001398078353906457,-0.4616558553099022,-0.20495465109884295,-0.44214393611732217,0.19621496314337228
0.1943887775551102,73.12473717913919,0.9982844364624894,0.1968361836007674,0.0003255481202043886,-0.04111415288758558,0.9669294770751083,-0.00038038663402456687,-0.3715955800451176,-0.14263279278170754,0.957527026438309,0.00015587873821078777,-0.4673252693868111,-0.20573776026983945,-0.44750864571790816,0.196926619743931
0.19639278557114226,73.87894869087495,0.9983227421547031,0.19756781841603394,-0.0007955670663517942,-0.041269098104938375,0.9666189011626279,-0.000388732827395062,-0.377285376642396,-0.14343725434534732,0.9573742916474276,0.00016057855015198284,-0.47300001612607884,-0.20653455784816024,-0.4528712204077821,0.19765492236378568
0.19839679358717432,74.63318964507489,0.9983623713298982,0.1982711872840328,-0.0019178473342907575,-0.04142265558270111,0.9663118108848071,-0.00039671342316884494,-0.38298699225305033,-0.14420309513783186,0.9572438540775934,0.00015511638200732108,-0.4786811783672583,-0.20729123689240614,-0.45824677032136685,0.19835401122687493
0.2004008016032064,75.38746101997076,0.998403262269501,0.19889569615831987,-0.003029288779569341,-0.04156508676241725,0.9660083807830415,-0.00040445495954733135,-0.388607449865445,-0.14487677449944808,0.9571000631120731,0.0001389319222522243,-0.48429582756279477,-0.20795691483904843,-0.4635484589791888,0.19896829216678324
0.20240480961923846,76.14176373952225,0.9984453318144424,0.19943703360483225,-0.004122369939955728,-0.04169116814962163,0.9657090107193373,-0.0004120800460764937,-0.3941169124832232,-0.14546044586196746,0.9569642830911289,0.00012097112936708274,-0.4897935967381888,-0.2085323389466128,-0.46874020455773824,0.19949874935680742
0.20440881763527052,76.89609865293131,0.9984884673815096,0.1998973863768397,-0.0051821366806104234,-0.04180063650781012,0.9654139935311009,-0.0004196233168056938,-0.39943328375188314,-0.14596373267288754,0.9568264348409897,0.00010479554666198214,-0.4951115191624199,-0.20902687933422623,-0.47375769481497154,0.19995055825699615
0.2064128256513026,77.65046651760824,0.9985325405730405,0.20030829280254395,-0.006202588168958478,-0.041896803906351886,0.9651234860286939,-0.00042716380721401974,-0.40455388050170815,-0.1464170238874637,0.9567014780627169,0.00009319069474001794,-0.5002200934364311,-0.2094745786657955,-0.4785808238288203,0.20035802316810114
0.20841683366733466,78.40486799121375,0.9985774185800421,0.20070436049093057,-0.00718243498275472,-0.041984815800850034,0.9648376299977586,-0.0004345450758116089,-0.4094798715069156,-0.1468571037294751,0.9565872664896795,0.00009030991190073006,-0.5051149051341373,-0.2099099647052211,-0.4832054433158777,0.20075158246373015
0.21042084168336672,79.15930363220673,0.9986229721858736,0.20109544777112995,-0.008117148188290754,-0.04207086965871744,0.9645562322457129,-0.00044189154468505555,-0.4141847689668703,-0.14729547551449143,0.9564734899866079,0.00008936451287630008,-0.5098020365605479,-0.21034576940378025,-0.4876309305585658,0.20114459395489137
0.2124248496993988,79.91377390860285,0.9986690897755383,0.20149028485085244,-0.009012258108959056,-0.04215885834702171,0.9642792520823931,-0.0004492275405689924,-0.4186767926795306,-0.14774774545345315,0.9563453727638094,0.00009081765629299176,-0.5143084563490341,-0.21079105839455856,-0.4918756559525873,0.20154234502700474
0.21442885771543085,80.66827921079137,0.9987156794927963,0.20190542159948394,-0.009878735487437933,-0.042248736951119276,0.9640064821950158,-0.0004563822371766199,-0.4230529645868007,-0.14821444493354935,0.9562316998422611,0.00009340804414188753,-0.5186742559192901,-0.21125266051606614,-0.49599249809996127,0.2019580423136859
0.21643286573146292,81.42281986349546,0.9987626599720449,0.20232066882899782,-0.010717905041318893,-0.04233941452695705,0.9637378473676166,-0.00046332396439487626,-0.42730188917199385,-0.14867691920994855,0.9561225272876741,0.00009304001663431741,-0.5229126137855142,-0.211710567780375,-0.4999882273979573,0.20237259132139568
0.21843687374749496,82.17739613449586,0.9988099607572036,0.20272940582998128,-0.011534593747276854,-0.04242799119445296,0.963473271634635,-0.00047009092459356197,-0.4314590995115157,-0.149121311438795,0.9560269002879556,0.00008979475205497098,-0.5270333329296675,-0.21215340315014866,-0.5038770938914136,0.2027770355717225
0.22044088176352702,82.93200823857327,0.998857509401492,0.2031018676562582,-0.012322444947521455,-0.0425118995932233,0.9632128569568761,-0.00047670797440811945,-0.43545395168555134,-0.14953027249717327,0.9559244474653765,0.00008345459182233524,-0.5310187136044947,-0.21255792794462144,-0.5076315093312669,0.20314500387485368
0.2224448897795591,83.6866563365863,0.9989052334213506,0.20343415383654095,-0.013080226828148946,-0.04258867967245581,0.9629566405441304,-0.0004832119290711701,-0.43929275596655665,-0.14989531106489506,0.9558248936236947,0.00007509693594840504,-0.5348550980493348,-0.21291915333113767,-0.5112438067731162,0.20347326110414193
0.22444889779559116,84.44134053284789,0.9989530564649938,0.20372617654437955,-0.01380657548726165,-0.042658449689806185,0.9627047683819691,-0.0004896993490464079,-0.44295825515430015,-0.15022388357723365,0.9557239382071754,0.00006680432724773175,-0.538532391853659,-0.21324000318317385,-0.5147025437494637,0.20376259933139462
0.22645290581162322,85.1960608708722,0.9990008965508589,0.20399006309926176,-0.014499568653432738,-0.042719866493799954,0.9624573032120688,-0.0004959566942160539,-0.4464705815441857,-0.15051574945100263,0.955635003356249,0.000059736576286343575,-0.5420366722833405,-0.21352835867776107,-0.5180019725897875,0.20402279434665269
0.2284569138276553,85.95081733188024,0.9990486701991529,0.2042278873076833,-0.015156473312618301,-0.042775084579360835,0.9622142930247299,-0.0005021204766907049,-0.44980288599642204,-0.1507808958049775,0.9555504279346794,0.000054095473082051414,-0.5453612615147588,-0.2137904866311527,-0.5211317519169392,0.20425808941331902
0.23046092184368736,86.70560983483263,0.9990962963909513,0.20444769435066262,-0.015777176858247824,-0.04282564655247862,0.9619757449783646,-0.0005081908627677065,-0.4529571748354362,-0.1510276629078792,0.9554700463750098,0.00005003189641898929,-0.5485081356112896,-0.21403463783373872,-0.5240938023284192,0.2044762424346349
0.23246492985971942,87.46043823925231,0.9991436991766512,0.20465500099676778,-0.01636277725653164,-0.042872882799496415,0.9617416365267987,-0.000514160264056146,-0.4559406801124466,-0.15126126293595984,0.9553937323883052,0.0000470617785554277,-0.5514845400072613,-0.2142659291049733,-0.5268949567676925,0.20468237188794985
0.2344689378757515,88.2153023496855,0.9991908106643254,0.20486038632767453,-0.016918006313606012,-0.04291732098528557,0.9615119084287954,-0.0005200169706753515,-0.4587912503865411,-0.1514837617701554,0.9553241155076687,0.000044959235471188,-0.5543022214689913,-0.2144894701805639,-0.529547922731396,0.20488204238185848
0.23647294589178355,88.97020192096518,0.9992375652104097,0.2050457951662864,-0.01743857465238603,-0.04295929636001851,0.9612865729297272,-0.0005257523122973228,-0.46145994876079793,-0.15169153438434985,0.9552551073180401,0.0000420773304744358,-0.5569645249560349,-0.21469549186161196,-0.5320522408723807,0.20506552953858442
0.23847695390781562,89.72513666240934,0.9992839058600483,0.2052126373184791,-0.01792724194663899,-0.042998062434489344,0.9610655731214738,-0.000531386004078659,-0.46397123004645957,-0.1518797123448325,0.9551915267653853,0.00003848373336517441,-0.5594767614692444,-0.21488213672017112,-0.5344157314444153,0.20523206549383613
0.24048096192384769,90.48010624175869,0.9993297801956582,0.205358155964363,-0.018386208407038702,-0.04303395157365712,0.9608489376157289,-0.0005369872348877405,-0.4663264248200163,-0.1520497741873437,0.9551281344959005,0.00003346900445606722,-0.5618458501936885,-0.21504707436252068,-0.536641976181251,0.2053787065434118
0.24248496993987975,91.23511028645905,0.9993751362724559,0.20548753752226853,-0.018816661528264833,-0.043064586643276025,0.9606366857428911,-0.0005423421332634648,-0.4685528735500415,-0.15219377418557242,0.9550717588302066,0.000028757146252059843,-0.5640673010582078,-0.21518961435802833,-0.5387309375594822,0.20550530250104346
0.2444889779559118,91.9901483853755,0.9994199226697481,0.20559390176584474,-0.01921683558588246,-0.04309043544152129,0.9604288307528905,-0.0005475785877534566,-0.4706290908426103,-0.15231234684636588,0.9550195198199632,0.000023680828617584853,-0.5661389241972754,-0.21530703004065266,-0.540678822187151,0.20560900980444882
0.24649298597194386,92.74522008906088,0.9994640890880832,0.20567822950234738,-0.01958630344423031,-0.04311144815045091,0.9602253925880387,-0.0005527034367019964,-0.47255316915530754,-0.15240693418002257,0.954971355781966,0.000018770280053378892,-0.568058793418296,-0.2154007390861548,-0.5424839192467342,0.20569087321890353
0.24849699398797592,93.50032491049218,0.9995075864709674,0.20574256798643376,-0.019924906955602662,-0.04312792673019058,0.9600263823758715,-0.0005577204826343869,-0.4743248471007369,-0.15247995233641018,0.9549272175178871,0.000014287730080177295,-0.5698266206250074,-0.2154731616755089,-0.5441460279234326,0.20575304519962756
0.250501002004008,94.2554623263067,0.9995503678210544,0.20578941827379119,-0.020232876050212643,-0.04314034542894969,0.9598317993700598,-0.0005626310564812787,-0.4759459004334957,-0.15253411456838983,0.9548870228872869,0.000010324178570790817,-0.5714441684620009,-0.21552699954083945,-0.5456668459082114,0.2057980352517434
0.25250501002004005,95.01063177868065,0.9995923890308801,0.2058209991860693,-0.02051082429264864,-0.04314918904426239,0.9596416309562527,-0.0005674343910860728,-0.4774199035162669,-0.1525716856874654,0.9548506728106597,6.8156067071772276e-6,-0.5729150043299924,-0.21556448685007712,-0.5470497465505777,0.20582799053953457
0.2545090180360721,95.7658326777517,0.9996336094575263,0.2058387629836432,-0.020759628685386212,-0.043154828832150445,0.9594558569640923,-0.00057212908411299,-0.47875150343716183,-0.15259402021800866,0.9548180714965492,3.601995096100732e-6,-0.5742437749724769,-0.21558694913967547,-0.5482991103312523,0.20584424659410813
0.2565130260521042,96.52106440432954,0.9996739921011139,0.20584323450939954,-0.020980270714920115,-0.043157458422567074,0.9592744537097985,-0.0005767122769927073,-0.4799455765544567,-0.15260148343953214,0.9547891355940266,4.949375815002456e-7,-0.5754353595310788,-0.21559472841162602,-0.5494195362228501,0.20584721957418017
0.25851703406813625,97.2763263125954,0.9997135034106948,0.20583419875759762,-0.02117368333551196,-0.04315710495707175,0.959097397703203,-0.0005811818014368045,-0.4810065097637251,-0.1525937307707867,0.9547637931623603,-2.6491798966766386e-6,-0.5764941556059378,-0.21558746117999966,-0.550415175612289,0.20583662943118716
0.2605210420841683,98.03161773255187,0.9997521128443367,0.20581111763952156,-0.021340653123021316,-0.04315369518593178,0.9589246683690658,-0.000585538680845102,-0.4819378501197543,-0.15257015187618736,0.9547419803935747,-5.899017176500692e-6,-0.5774237023024572,-0.21556453276467116,-0.5512893774435565,0.20581191514669575
0.2625250501002004,98.7869379721043,0.9997897923689805,0.2057734864618006,-0.02148180239854627,-0.04314712580203124,0.9587562476806303,-0.0005897829727154452,-0.48274233658868704,-0.15253026687153748,0.9547236410562995,-9.239767005244353e-6,-0.5782267323190428,-0.21552546837325687,-0.5520447398306113,0.20577260258596294
0.26452905811623245,99.54228631879498,0.9998265160560004,0.20572116961439638,-0.02159762892173345,-0.04313734566799045,0.9585921187871604,-0.0005939176409778931,-0.4834221696026621,-0.15247405512789253,0.9547087064696915,-0.000012593717468528737,-0.5789054379738707,-0.21547024953860458,-0.5526833482848588,0.20571861379122966
0.2665330661322645,100.29766204129542,0.9998622598600585,0.20565451751280667,-0.021688583090185648,-0.0431243873983162,0.9584322637457592,-0.0005979441884161856,-0.48397948172036853,-0.1524020168536583,0.9546971077703836,-0.000015860318488268826,-0.579461931420982,-0.21539938252067448,-0.553207213687843,0.2056503579587986
0.2685370741482966,101.05306439081315,0.9998970016048734,0.20557431215421504,-0.021755150071272725,-0.04310838187109164,0.9582766613110707,-0.0006018651559723363,-0.4844166757269047,-0.15231509142326258,0.9546887528451536,-0.000018952899004881095,-0.5798986025119425,-0.21531380813268286,-0.5536185927879139,0.20556866171617819
0.27054108216432865,101.80849260254314,0.9999307211070054,0.20548159120421802,-0.021797904204962998,-0.04308952598800253,0.9581252857288126,-0.0006056817478189994,-0.4847366902059204,-0.15221445619100835,0.9546835468150598,-0.000021820637774066924,-0.5802183758047682,-0.21521469094578113,-0.5539202408187547,0.20547458521383358
0.2725450901803607,102.56394589724457,0.9999634003648791,0.20537744679295367,-0.02181753187912523,-0.04306804662144349,0.9579781059247721,-0.0006093951771653167,-0.48494301991875777,-0.1521012794716341,0.9546813817218125,-0.000024454933377936057,-0.5804247336970735,-0.21510319431549194,-0.5541154264171508,0.20536920901008282
0.2745490981963928,103.31942348295212,0.9999950237150365,0.20526282524180703,-0.021814815072208425,-0.043044158376283906,0.957835086507723,-0.0006130060503080998,-0.485039592303931,-0.15197655048330344,0.9546821490178575,-0.00002688710688860517,-0.5805215950200502,-0.2149802917619596,-0.5542078236869323,0.20525345548197005
0.27655310621242485,104.07492455677512,1.0000255779012226,0.20513843845746738,-0.02179059312400788,-0.043018034305254194,0.9576961886218271,-0.0006165142603083989,-0.48503055013783963,-0.15184099119982256,0.9546857428249439,-0.00002916328232046517,-0.5805130938735306,-0.21484669272201776,-0.5542013086095025,0.20512800410204934
0.2785571142284569,104.83044830670828,1.000055052034939,0.2050047625618273,-0.021745717977642274,-0.04298980166435684,0.9575613712371861,-0.0006199204548396165,-0.4849200116491805,-0.15169508154601358,0.9546920557565002,-0.000031333278660254885,-0.580403341784608,-0.21470286370177724,-0.5540997321916324,0.20499330426390086
0.280561122244489,105.58599391337523,1.0000834374652636,0.2048621058386556,-0.02168101517888649,-0.04295954569352843,0.9574305924216118,-0.0006232249707484818,-0.4847119257485985,-0.15153914377545918,0.9547009905675972,-0.00003342823010710759,-0.5801962812456423,-0.21454911998665221,-0.5539067924314987,0.2048496523114599
0.282565130260521,106.34156055165468,1.0001107276029482,0.20471073407866094,-0.021597269339167047,-0.04292733295508681,0.9573038090808783,-0.0006264292604553076,-0.48441000493082054,-0.15137347717180866,0.9547124415341074,-0.00003545951183755663,-0.5798956110382354,-0.21438575399898666,-0.5536259526350451,0.20469730944578723
0.28456913827655306,107.09714739216969,1.000136917745918,0.20455093896831897,-0.021495219189203166,-0.04289322883316154,0.9571809777394498,-0.0006295344114372114,-0.48401775732144336,-0.15119844053291454,0.9547263170844923,-0.00003741359767203015,-0.5795048377283731,-0.21421312185139782,-0.553260504973499,0.2045365862572044
0.2865731462925851,107.85275360265882,1.000162004939863,0.2043831507937269,-0.02137557861689991,-0.04285731786877159,0.9570620532895308,-0.0006325426167026011,-0.4835385938668584,-0.15101453524885344,0.954742508837064,-0.00003927148408755602,-0.579027350304405,-0.21403171924205192,-0.5528136197716488,0.2043679198632405
0.2885771543086172,108.60837834926103,1.000185987896741,0.2042079006334638,-0.021239053495169715,-0.04281970601437486,0.9569469889080322,-0.0006354550977442582,-0.4829759296503552,-0.1508223801638937,0.9547609168933968,-0.00004100558427278848,-0.5784665552945301,-0.21384216146661097,-0.5522884900023972,0.20419185851140945
0.29058116232464926,109.36402079775958,1.000208866959666,0.2040258134948337,-0.02108636264406971,-0.04278052291849854,0.9568357353270195,-0.0006382736016202932,-0.48233326454697606,-0.15062268954421934,0.9547814353464795,-0.00004259810161140824,-0.5778259445781495,-0.21364515387446797,-0.5516883838667873,0.20400904095938488
0.2925851703406813,110.119680114811,1.0002306440976845,0.20383757183972123,-0.020918247658736497,-0.04273990955646945,0.9567282409450367,-0.0006409995103260556,-0.4816142386963585,-0.15041620065237613,0.9548039530033059,-0.0000440403383693642,-0.5771091380262556,-0.2134414332870242,-0.5510166862688554,0.2038201403188568
0.2945891783567134,110.87535546917489,1.0002513229087202,0.20364382496541897,-0.020735475177987073,-0.04269801002543838,0.95662445148521,-0.0006436344133918507,-0.4808225943467059,-0.15020362472981014,0.9548283589070996,-0.00004533748088324903,-0.5763198714133272,-0.21323169950731788,-0.5502768896390378,0.20362580259869698
0.29659318637274545,111.63104603294032,1.0002709086053863,0.2034451605124573,-0.02053882625454486,-0.042654957446051404,0.9565243106468897,-0.0006461790926843517,-0.47996215167100026,-0.14998560050006027,0.9548545487188095,-0.000046501983931431435,-0.5754619550101919,-0.21301658073185178,-0.5494725596624863,0.20342661118692124
0.2985971943887775,112.38675098273337,1.000289407975761,0.20324209649295624,-0.020329086692597368,-0.04261087359740961,0.9564277603716991,-0.0006486351375984048,-0.47903671821202504,-0.14976268876008442,0.9548824145351263,-0.00004755099795924908,-0.5745391894216679,-0.21279662680032874,-0.5486072497480499,0.20322307671585177
0.3006012024048096,113.14246950088224,1.0003068293139017,0.20303509266717676,-0.020107034166901256,-0.04256586492497749,0.9563347411221106,-0.0006510042475321028,-0.4780500527517249,-0.14953537878583392,0.9549118511648598,-0.00004849360534254641,-0.5735553225904672,-0.2125723259066985,-0.547684466441842,0.20301564700344116
0.30260521042084165,113.89820077652352,1.000323182334015,0.202824562092208,-0.019873429898949725,-0.0425200256166214,0.9562451923670109,-0.0006532875213040622,-0.4770058266166537,-0.14930412092245524,0.9549427541857206,-0.00004934300999955552,-0.572514010844275,-0.21234412003824094,-0.5467076286275071,0.20280472838902305
0.3046092184368737,114.65394400663976,1.0003384780766262,0.2026108903052009,-0.019629013103979045,-0.04247344503843951,0.9561590528338365,-0.0006554863769955286,-0.4759075964748297,-0.14906935244883296,0.9549750261118832,-0.00005009805815984433,-0.5714188074591513,-0.2121124428045613,-0.5456800641526282,0.20259071257859096
0.3066132264529058,115.4096983970261,1.000352728815925,0.20239449192423384,-0.01937450586501518,-0.04242621339281573,0.9560762597940342,-0.0006576027465824635,-0.4747588353779131,-0.14883153926557924,0.9550085636220726,-0.000050758902859206124,-0.5702731721189479,-0.21187775028646869,-0.5446050082953746,0.20237401240510344
0.30861723446893785,116.16546316319238,1.0003659479843952,0.20217579542769876,-0.019110612712470044,-0.0423784233815889,0.9559967501591997,-0.000659638319560855,-0.47356295835404544,-0.14859116105392456,0.9550432703381196,-0.000051319500289024754,-0.5690805100894365,-0.21164052111798817,-0.543485650155716,0.20215506035198932
0.3106212424849699,116.9212375312144,1.0003781501113151,0.20195524857243502,-0.018838032183420055,-0.04233017154380633,0.9559204590643949,-0.0006615944375150251,-0.4723233438936837,-0.1483487195652673,0.9550790486282726,-0.000051778047094289065,-0.5678441899486544,-0.21140124964441737,-0.5423251427613931,0.20193430625242748
0.312625250501002,117.67702073854332,1.0003893507734165,0.20173331120562726,-0.018557454930147172,-0.042281557756305696,0.9558473207929036,-0.0006634729098634584,-0.4710433516325303,-0.14810472505625222,0.955115800333575,-0.0000521302392228953,-0.5665675612447293,-0.21116044116863697,-0.5411266218569889,0.2017122090680771
0.31462925851703405,118.43281203478024,1.000399566551128,0.20151043550277792,-0.0182695680611544,-0.04223268265410394,0.9557772685865507,-0.0006652757239911207,-0.46972632075940063,-0.14785967501455966,0.9551534299889562,-0.0000523790813928508,-0.5652539557902061,-0.21091858827713236,-0.5398932069659386,0.20148922052428941
0.3166332665330661,119.18861068241807,1.0004088149849817,0.201287055273325,-0.017975053528113665,-0.042183642732875705,0.9557102346998173,-0.000667004662110859,-0.4683755699296953,-0.1476140463706519,0.9551918459248626,-0.00005252986662519437,-0.5639066822414607,-0.21067615904786474,-0.5386279979490499,0.20126577119609707
0.3186372745490982,119.94441595754942,1.0004171145280876,0.2010635685657886,-0.017674584966932205,-0.04213452741169686,0.9556461506054001,-0.0006686608119121322,-0.46699437861640225,-0.14736827012418183,0.9552309555055294,-0.000052589853430867196,-0.5625290098999647,-0.21043358214013744,-0.537334056955081,0.20104225505635603
0.32064128256513025,120.7002271505359,1.0004244844905874,0.20084034957743513,-0.017368823987170965,-0.04208542148594579,0.9555849472372399,-0.000670246058941424,-0.4655859504514284,-0.14712275059931476,0.9552706689037841,-0.00005256251263612202,-0.5611241336997106,-0.2101912574390593,-0.5360143783567538,0.2008190371859057
0.3226452905811623,121.45604356663107,1.0004309449754674,0.2006177366008596,-0.017058416477856626,-0.04203640475610067,0.9555265548440147,-0.0006717625666089911,-0.4641534118727214,-0.1468778693223652,0.9553109019104189,-0.00005245446695285044,-0.559695177033166,-0.20994955872708201,-0.5346718915742753,0.20059646081543053
0.3246492985971944,122.21186452655574,1.000436516815169,0.20039606130840742,-0.01674399097331833,-0.04198754835585532,0.95547090349321,-0.0006732114054525932,-0.46269982020380174,-0.14663397919235718,0.9553515680257034,-0.00005227026154167661,-0.5582451811277779,-0.20970883791848854,-0.5333094475974098,0.20037484675589806
0.32665330661322645,122.96768936702551,1.000441221508545,0.20017562773521538,-0.016426157752576383,-0.04193892297075212,0.955417922975712,-0.0006745943283096223,-0.46122812689192855,-0.14639142435202745,0.9553925873541963,-0.000052012331955085025,-0.5567770943188293,-0.20946943294465795,-0.5319298137271369,0.20015450278766778
0.3286573146292585,123.7235174412291,1.0004450811558867,0.19995674454856774,-0.0161055088548374,-0.04189059694727155,0.955367542996464,-0.000675913233071468,-0.4597412061978702,-0.14615054442286507,0.9554338787455092,-0.00005168206444864858,-0.5552937819159037,-0.20923168077927543,-0.5305356783739641,0.19993573505241025
0.3306613226452906,124.47934811927405,1.0004481184402427,0.1997399351889792,-0.015782671456838083,-0.04184275440370078,0.9553196661372932,-0.0006772375970075518,-0.4582420162291935,-0.14591193087879095,0.9554753237847394,-0.00005136997330750201,-0.5537981461374428,-0.20899615532567334,-0.5291297268651411,0.19971911777554827
0.33266533066132264,125.23518078858997,1.000450356542774,0.19952506787492402,-0.015458124962734765,-0.04179516955477131,0.9552742737702551,-0.0006784332049034425,-0.4567332128726565,-0.14567536497256023,0.9555169635114701,-0.00005085288350815533,-0.5522929890718487,-0.20876266618724823,-0.5277147037030618,0.1995043545808337
0.33466933867735466,125.9910148543052,1.0004518190656735,0.1993124207404704,-0.01513244576177563,-0.04174809523760064,0.9552312715308106,-0.0006795689248683402,-0.4552172095137017,-0.14544127256287528,0.9555586378779524,-0.00005031405449316572,-0.55078055977611,-0.20853161094574574,-0.5262926293984791,0.19929189411291023
0.3366733466933867,126.74684973947103,1.0004525299055382,0.19910251568373014,-0.01480616397271684,-0.04170158332285039,0.9551905887302198,-0.0006806483291606957,-0.45369676375052603,-0.14521033589908405,0.9556005180591589,-0.000049627597329669754,-0.5492636718068736,-0.20830362525702525,-0.5248663117212877,0.19908231084554648
0.3386773547094188,127.50268488533175,1.0004525133424804,0.19889566906718736,-0.014479811996766047,-0.041655704683242055,0.9551521546254643,-0.0006816738599521212,-0.45217452824764426,-0.14498297891707976,0.9556426502269799,-0.000048767604690601305,-0.5477450037983598,-0.20807909874970745,-0.5234383395592195,0.19887597359782838
0.34068136272545085,128.25851975160424,1.0004517939786342,0.19869211206679438,-0.01415386686891852,-0.04161050991845614,0.9551158976784526,-0.0006826461118608962,-0.45065276801385423,-0.1447591876668513,0.9556846093250766,-0.00004785462230708292,-0.546226791205678,-0.20785809833765093,-0.5220105905854991,0.19867292498165842
0.3426853707414829,129.0143538167256,1.0004503967386205,0.19849198479091185,-0.013828830024113892,-0.04156606141406388,0.9550817462661543,-0.0006835687245868015,-0.44913390605318226,-0.144539189512317,0.9557263427945396,-0.00004692361169645396,-0.544711462191935,-0.2076408279229261,-0.5205853503813824,0.19847336891474696
0.344689378757515,129.77018657806653,1.0004483468092846,0.19829578669961825,-0.013505216794487684,-0.041522473411178804,0.9550496067655281,-0.0006845036367750523,-0.4476204005360483,-0.14432338104684828,0.9557677413655885,-0.00004602555189668447,-0.5432014212709528,-0.2074276925083006,-0.5191648485406898,0.19827769831053932
0.34669338677354705,130.52601755209628,1.0004456695662007,0.19810310286811797,-0.013183404267176077,-0.04147953431823302,0.9550194590678849,-0.0006853243405576311,-0.44611435663480753,-0.1441113997728017,0.9558088864970994,-0.0000449779260424254,-0.5416989091427122,-0.2072183402693698,-0.5177513109132059,0.19808549556811608
0.3486973947895791,131.2818462745042,1.0004423904483755,0.19791414131856105,-0.01286384205545042,-0.04143744705242038,0.9549912119159085,-0.0006860967899724453,-0.4446175786435992,-0.14390352491095035,0.9558496138763547,-0.0000439520774284458,-0.5402055796975628,-0.2070130307412482,-0.5163461961150119,0.19789706865886217
0.3507014028056112,132.03767230016265,1.0004385348383185,0.19772923972782977,-0.012546903918429327,-0.041396234389696376,0.954964796834795,-0.0006868242331750322,-0.4431320088077805,-0.14370011978165204,0.9558899010737382,-0.0000428916878755539,-0.5387234271531978,-0.20681213109949328,-0.5149514129661994,0.1977127342946323
0.35270541082164325,132.79349520313968,1.0004341281635762,0.1975486410572236,-0.012232978364897208,-0.04135593835651818,0.9549401465203268,-0.0006875082803831523,-0.441659610987776,-0.14350142633520144,0.955929694308256,-0.00004179258434602893,-0.5372544012347403,-0.20661588443787046,-0.5135688005263128,0.19753271249980234
0.3547094188376753,133.54931457672282,1.000429195871595,0.19737250693395475,-0.01192245086836719,-0.0413166027986726,0.9549171934420674,-0.0006881512323791501,-0.44020227510093807,-0.14330763822712628,0.9559689567277698,-0.000040666185250273915,-0.5358003969570861,-0.2064244741612168,-0.5122001519974841,0.1973571781651767
0.3567134268537074,134.3051300334216,1.0004237633948112,0.19720100397238413,-0.011615692491552691,-0.041278254569521014,0.9548958713667773,-0.000688753361395732,-0.4387618444687984,-0.14311888604083856,0.9560076284865151,-0.00003951114164896606,-0.5343632358712662,-0.2062380412178068,-0.5108471811752096,0.19718625398984416
0.35871743486973945,135.06094120494333,1.0004178561152006,0.19703418187284605,-0.011313052918313431,-0.04124092389165379,0.9548761148518424,-0.0006893169892157129,-0.4373400152096445,-0.14293527308167106,0.9560456896448789,-0.00003834648002410467,-0.5329446312442623,-0.20605667399416702,-0.5095115159723232,0.19702003154533934
0.3607214428857715,135.81674774213386,1.0004114993071351,0.1968721398180203,-0.011014861951217394,-0.04120462592227497,0.9548578593602141,-0.000689843188542785,-0.4359384026582327,-0.14275687175165735,0.9560830901972703,-0.00003716503116077398,-0.5315461827090633,-0.20588045499800733,-0.5081946653935187,0.19685857655615865
0.3627254509018036,136.5725493148797,1.000404718094635,0.19671491765976148,-0.010721423955519225,-0.04116937833374563,0.9548410413270713,-0.0006903340151623168,-0.4345584897686997,-0.1425837577309159,0.9561198037058801,-0.000035981917427295394,-0.5301693783459908,-0.20570944808823166,-0.506898040134662,0.19670195363735912
0.36472945891783565,137.32834561197603,1.000397537403087,0.19656259578227767,-0.010433023057181546,-0.041135190931775645,0.9548255984438395,-0.0006907903316051648,-0.4332016750483586,-0.14241599073884031,0.9561557878540254,-0.00003478568119846,-0.5288156037553587,-0.20554372296358794,-0.5056229502597879,0.19655021557970398
0.3667334669338677,138.08413634096303,1.0003899819247073,0.19641521232384845,-0.010149922447266254,-0.041102080646078565,0.9548114692482244,-0.000691214357016626,-0.43186924491063544,-0.1422536461263037,0.9561910219310176,-0.00003358371971571321,-0.5274861519774322,-0.2053833460557776,-0.5043706251770327,0.19640342649976775
0.3687374749498998,138.83992122790815,1.0003820757405488,0.19627057023193015,-0.00987170863260286,-0.04107024280844005,0.9547985476288411,-0.000691688491883809,-0.43055637642068134,-0.142092877043806,0.956218970689534,-0.00003417598375916131,-0.5261774537791314,-0.2052250592561273,-0.5031338494844287,0.19625807755370747
0.37074148296593185,139.59570001737575,1.000373844278665,0.19613366419603354,-0.009600923952804553,-0.04103985540137095,0.9547868920336631,-0.000692187165172473,-0.429256940801298,-0.1419403786685436,0.9562210079628923,-0.00003083487868624374,-0.524889431224183,-0.2050721974743694,-0.5019039776179265,0.1961105282760423
0.3727454909819639,140.3514724719485,1.000365310076925,0.19600130303751492,-0.00933509561877185,-0.04100991708770206,0.954776340905852,-0.0006925204343847818,-0.4280048219559844,-0.14179434827361206,0.9562539965346174,-0.000029632377676118827,-0.5236404727188254,-0.20492806136125227,-0.5007272222789424,0.1959787943910429
0.374749498997996,141.10723837224634,1.0003564971133554,0.19587366393463815,-0.00907545253444661,-0.0409811505775905,0.9547668734232838,-0.0006928262325019679,-0.4267809059164282,-0.14165382524156875,0.9562859810982809,-0.000028457742014027687,-0.5224198829229163,-0.20478916962226332,-0.4995769824488337,0.19585187888077954
0.37675350701402804,141.86299751634738,1.00034742831808,0.19575125985473849,-0.00882213773692385,-0.040953527749419176,0.9547584304702598,-0.0006931070965068932,-0.4255864507089266,-0.1415190835530502,0.9563171156063159,-0.00002726256416347945,-0.5212286638517617,-0.2046559889831635,-0.49845431293901965,0.195730235105829
0.3787575150300601,142.61874971954038,1.0003381263243118,0.19563423707042665,-0.008575341115131158,-0.040927067364882976,0.9547509562058357,-0.0006933630661110818,-0.4244225029492803,-0.14139025067992494,0.9563473819822917,-0.000026045129221818815,-0.5200678596947024,-0.204528645537008,-0.4973602090971599,0.1956139799343116
0.3807615230460922,143.3744948141,1.000328613459373,0.19552261928471176,-0.00833525414734063,-0.04090178583671834,0.954744395702128,-0.0006935967600328695,-0.4232900290742573,-0.14126733884842219,0.9563767701816891,-0.000024827468095818015,-0.5189384377592288,-0.20440714972027424,-0.49629559211531443,0.19550313357902802
0.38276553106212424,144.13023264904245,1.000318911709793,0.1954163391514791,-0.008102048867692203,-0.04087767455174298,0.954738695832207,-0.000693808379959891,-0.4221898840453257,-0.14115025985948243,0.9564052644734148,-0.000023623830116369047,-0.5178412522489304,-0.20429141199601145,-0.49526127366677136,0.19539761531346306
0.38476953907815625,144.885963089848,1.00030904264232,0.19531580157573797,-0.00787582939137137,-0.04085456243692339,0.9547338136342702,-0.0006939772533186,-0.4211227076747185,-0.1410388096036421,0.9564329157645358,-0.00002232864642431185,-0.5167769717424124,-0.20418128869960578,-0.4942579467917608,0.1952972442258067
0.3867735470941883,145.64168601816402,1.0002990275078107,0.19521962229493475,-0.007656871931122665,-0.04083297846305865,0.9547296462867204,-0.0006942386625595049,-0.42008937536357027,-0.14093339110235562,0.9564594875469042,-0.000021354084457630006,-0.5157463992837258,-0.20407700226246023,-0.4932861788855313,0.19520239829623015
0.3887775551102204,146.39740133143027,1.0002888869067128,0.19512859404094332,-0.007445068206191118,-0.04081220685986415,0.9547262248213373,-0.0006943904139223733,-0.4190899612855544,-0.1408329733077041,0.9564852714425622,-0.000020197238650520535,-0.5147496528439711,-0.20397770723286826,-0.492346341638998,0.19511206919244525
0.39078156312625245,147.15310894249058,1.0002786408853392,0.19504241235574638,-0.007240522112767743,-0.040792530752903934,0.9547234693707972,-0.000694524645887742,-0.41812456825947003,-0.14073790566741443,0.9565101099518105,-0.000019074011675167236,-0.5137868457634978,-0.20388369607357626,-0.49143842345303784,0.19502661652501257
0.3927855711422845,147.9088087790699,1.0002683088649034,0.19496119521749228,-0.007043270362110464,-0.04077394373693562,0.9547213335947845,-0.0006946435565459286,-0.41719351705875624,-0.14064831161100683,0.9565340138211536,-0.00001794816172121226,-0.5128582816360815,-0.2037950922959385,-0.4905627329075061,0.1949461424942654
0.3947895791583166,148.66450078336885,1.0002579097484143,0.19488498890268022,-0.006853362174894659,-0.0407564497160183,0.9547197729396353,-0.0006947475872969721,-0.4162971261044606,-0.14056423199394508,0.9565569808025797,-0.000016816003121465546,-0.5119642809155333,-0.20371193627669962,-0.4897195812107699,0.19487068391123324
0.39679358717434865,149.42018491167892,1.0002474619356478,0.19481379431075632,-0.006670850339062325,-0.04074005312980891,0.9547187436956579,-0.0006948382624977179,-0.41543569336952196,-0.14048565786845113,0.956579008091406,-0.000015686967596053162,-0.5111051396553327,-0.20363421993072353,-0.48890925311850814,0.19480023780456265
0.3987975951903807,150.1758611340012,1.0002369833002933,0.1947480852315499,-0.006495740434039958,-0.04072458206088656,0.9547182123245835,-0.0006948925044870926,-0.41460942802843387,-0.14041244378026901,0.9566001608891088,-0.000014443749441520995,-0.510281099205577,-0.20356184891572346,-0.4881320414023846,0.19473466779600718
0.4008016032064128,150.9315294336249,1.000226491826417,0.19469159428733887,-0.006329400754737079,-0.04071028643339692,0.9547180249782163,-0.0006950345018821007,-0.41385224924800496,-0.14035089402197046,0.9566549689042205,-0.000013512500418507437,-0.5095073964883353,-0.2035033170191406,-0.4874200327053624,0.19468934413375996
0.40280561122244485,151.68718980704622,1.0002160035078225,0.19463552049359314,-0.006169360101600809,-0.04069695513161341,0.9547183393514902,-0.0006950881551002039,-0.41309732286682727,-0.14028846339896342,0.9566738799087533,-0.000012386377616573774,-0.5087545094490553,-0.20344143019889405,-0.48670963057332495,0.19463340398802995
0.4048096192384769,152.4428422631336,1.0002055351044246,0.1945833072838402,-0.006016842489577563,-0.04068470620854032,0.9547190255449879,-0.0006951294464813628,-0.4123778212896505,-0.14023045644597376,0.9566917304535751,-0.000011320096340913811,-0.508036457541317,-0.20338406401504464,-0.486031975371508,0.19458160317087783
0.406813627254509,153.1984868228058,1.0001951020761821,0.19453559188311217,-0.0058717157507110216,-0.04067346435886747,0.9547200479502426,-0.0006951614564861471,-0.4116932257125721,-0.14017741318669746,0.9567086143571408,-0.00001027580802326426,-0.5073532290597411,-0.20333160772376158,-0.48538711536679996,0.19453431414479147
0.40881763527054105,153.95412351844803,1.0001847187186759,0.1944861427703955,-0.0057324666694501215,-0.040663818763104174,0.9547213901016889,-0.0006952937522409677,-0.4110090334653414,-0.1401236315303209,0.9566923444369808,-0.000010072525019970373,-0.5066914540837991,-0.20327577393591956,-0.4847457876132937,0.19447748039634524
0.4108216432865731,154.70975239360004,1.000174400854829,0.19444814470759422,-0.005602194971090162,-0.04065461201521896,0.9547229503076567,-0.0006953680097697149,-0.410394910410573,-0.1400811431089534,0.9567069713442433,-8.44008989256359e-6,-0.5060777386593253,-0.20323388614304366,-0.48416638530523826,0.194439547028039
0.4128256513026052,155.46537350251182,1.0001641616503563,0.19441366708501076,-0.005479050615797457,-0.040646296868545685,0.9547247686366536,-0.0006953773242598903,-0.40981487324270216,-0.1400428548912656,0.9567216141878291,-7.439018195225401e-6,-0.5054992241999527,-0.20319596856663696,-0.4836205221687667,0.19440573546145878
0.41482965931863724,156.22098690966186,1.0001540151391488,0.1943895357574575,-0.005364800252022777,-0.0406386086875626,0.9547267349300027,-0.0006953624660208914,-0.4093039502688419,-0.14001459073538589,0.9567665599735539,-6.360958737626894e-6,-0.5049682553582497,-0.20317061638018585,-0.4831354482150522,0.19439006380401314
0.4168336673346693,156.9765926895017,1.000143972033037,0.19436111748053506,-0.005254751146533033,-0.04063200528938483,0.9547288942694595,-0.0006953865441629521,-0.4087825078684824,-0.1399803380872209,0.9567714085554948,-7.135587632464148e-6,-0.5044521202308262,-0.20313765676286705,-0.4826439161155021,0.19435990155398125
0.4188376753507014,157.7321909259056,1.0001340466232753,0.1943354180815601,-0.00515302321733029,-0.04062717798197391,0.9547312490329125,-0.000695519910241004,-0.40828046559071307,-0.13995579693737517,0.9567600004762862,-4.8376922583171765e-6,-0.5039690215427632,-0.2031095524983924,-0.4821764187097779,0.19432953359213415
0.42084168336673344,158.48778171150244,1.0001242496502074,0.19431713157649205,-0.005058475730156127,-0.04062236998168973,0.954733693228286,-0.0006955063096632951,-0.4078365416015067,-0.1399351243675183,0.9567711889995462,-3.866872876065575e-6,-0.503526120824295,-0.2030891266140794,-0.4817584999935548,0.19431177221493112
0.4228456913827655,159.2433651474837,1.0001145928872546,0.19430876534348895,-0.0049731421699337666,-0.04061811312011707,0.9547362392494159,-0.0006954486758935595,-0.40745313363900004,-0.13992537894315168,0.9568025108340596,-1.2977056840979106e-6,-0.503126460627851,-0.20308024766507143,-0.4813923972573898,0.1943083437768108
0.4248496993987976,159.99894134312603,1.0001050847602349,0.19429849552083392,-0.004891872336046519,-0.0406149909171038,0.9547387778966336,-0.0006954518536584735,-0.4070810424730605,-0.13991106656152075,0.9568191132067764,-2.073297273472005e-6,-0.5027497472726054,-0.2030680043974531,-0.48104014632996533,0.1943003902379211
0.42685370741482964,160.75451041512667,1.0000957361100262,0.19429117776730437,-0.004817784027393771,-0.04061267665642636,0.9547414172580503,-0.0006954302604108997,-0.40673398489678625,-0.13990246302139822,0.9568270513982368,-1.182779912195714e-6,-0.5024033129890112,-0.20305939749376348,-0.4807128404054047,0.19429331879520664
0.4288577154308617,161.5100724873446,1.00008655505002,0.19427989868733544,-0.0047482037841926035,-0.040611747933969,0.9547440838817445,-0.0006955165554177371,-0.40638337554092985,-0.13989260415647595,0.9568083228160806,-1.3022512345563697e-6,-0.5020772510614434,-0.2030468522493341,-0.4803914280941939,0.19427757198448994
0.4308617234468938,162.265627690359,1.0000775530097297,0.19428670042851498,-0.004689782690911059,-0.040610730399888086,0.9547467238783415,-0.0006955080434379865,-0.4061266003051466,-0.13989879312748374,0.9568330168196107,1.6924461961501507e-6,-0.5018024695799234,-0.20305369185344452,-0.4801415144731374,0.19428762727881008
0.43286573146292584,163.02117616110016,1.000068734371846,0.1942872064874849,-0.004633233503908432,-0.0406105348342971,0.954749258982506,-0.0006955324938932768,-0.40586873447803135,-0.13989461046229829,0.9568395805561173,-4.4713900395639724e-7,-0.5015442784126203,-0.20305243416717156,-0.47989732619398895,0.19428883019942414
0.4348697394789579,163.77671804254632,1.0000601092817716,0.19428870305010862,-0.004584243943901979,-0.04061191849040767,0.9547518568672989,-0.0006956455116967008,-0.40561956085991024,-0.1399012823647535,0.956825888491777,1.3425767786413572e-6,-0.5013151121671504,-0.20305493022875057,-0.4796715502305226,0.19428754097473167
0.4368737474949899,164.5322534828279,1.0000516850074164,0.19430423828442142,-0.004544415201897787,-0.04061280741142363,0.954754387885146,-0.0006955746729014054,-0.40545167113731173,-0.139916257255148,0.9568476097497223,3.6323708798923836e-6,-0.5011287139780481,-0.20307072243093624,-0.4795045497750263,0.19430591508284292
0.438877755511022,165.28778263536444,1.0000434656836246,0.19431645110251122,-0.004507580960020556,-0.04061465641073537,0.9547567712474375,-0.0006955699460690266,-0.40529075354049277,-0.13992643718889283,0.9568578550331523,2.9055851768448834e-6,-0.5009622398360215,-0.20308275023774325,-0.47935024433632795,0.19431986919826216
0.44088176352705405,166.04330565795877,1.0000354581890623,0.1943305821504282,-0.004476865430199268,-0.04061715941831054,0.9547591201470609,-0.0006955422735010171,-0.40515021852443206,-0.1399414543877539,0.9568604355552246,3.6080906630404652e-6,-0.5008218705028357,-0.2030974873245868,-0.4792173659390733,0.194334143170861
0.4428857715430861,166.79882271254462,1.0000276665820302,0.1943394866724125,-0.004449334159892004,-0.040620862198249424,0.9547613635402388,-0.0006956258048452526,-0.4050024003606808,-0.13995522195928653,0.9568419440187796,3.285852224166472e-6,-0.5006994423492077,-0.20310826597803844,-0.4790908951702823,0.19434086284033336
0.4448897795591182,167.55433396490662,1.0000200977890767,0.1943594998543533,-0.004429806949790287,-0.04062467539536004,0.9547634596218632,-0.000695657733218591,-0.40491440740769796,-0.13997727238879204,0.9568427412478838,4.536839483314557e-6,-0.5006117276268284,-0.20312960157041926,-0.47900761932969005,0.1943608136001787
0.44689378757515025,168.3098395841945,1.0000127549965279,0.19438142129288943,-0.004415446412332505,-0.0406289642914964,0.954765439920281,-0.0006956335907388102,-0.4048522916863732,-0.1400010331555558,0.9568441355480284,5.113146126365992e-6,-0.5005497714170432,-0.20315299847353493,-0.47894915208127103,0.19438319582427468
0.4488977955911823,169.06533974261663,1.0000056431292108,0.19441351427849335,-0.00440877239722268,-0.04063350410826886,0.9547672322604945,-0.0006955961438635949,-0.40484871196175154,-0.14003069958844486,0.9568636267790442,5.852371910916996e-6,-0.5005203397308344,-0.2031853584956625,-0.47893089666781036,0.1944177498073828
0.4509018036072144,169.82083461520486,0.9999987623329187,0.19443226055092805,-0.004402036090604911,-0.04063929260996155,0.9547689018694456,-0.0006956866803059815,-0.40480229512809046,-0.14005570445431062,0.9568462296586184,5.340780234518085e-6,-0.5004996129865977,-0.20320732033409358,-0.4789022529174637,0.1944354852422681
0.45290581162324645,170.57632437931048,0.9999921200530699,0.1944683655810824,-0.004405713569460434,-0.040644843562681325,0.9547704031047317,-0.0006956854367688561,-0.40483811614424126,-0.140092367694204,0.9568558074929667,7.744952222072804e-6,-0.5005156244141787,-0.20324417619170082,-0.47892285607810947,0.1944714938585552
0.4549098196392785,171.3318092142884,0.9999857143363161,0.19449648798742025,-0.004409294055202255,-0.04065079849239306,0.9547716457168195,-0.000695724428762774,-0.4048667656844017,-0.140119439880388,0.956856399810838,6.159470037663013e-6,-0.5005438341232391,-0.20327366635047095,-0.4789498231247332,0.1945006254757123
0.4569138276553106,172.08728930129027,0.9999795496688655,0.1945234320158586,-0.004418195639871917,-0.040658105392014504,0.9547727946583375,-0.0006958489720549951,-0.40489708939813734,-0.14015547984778276,0.9568420609771673,7.036181131790567e-6,-0.5005945493906261,-0.20330515148244305,-0.4789913508447339,0.1945273978778129
0.45891783567134264,172.8427648223377,0.9999736282302641,0.19456433274766355,-0.004435189375673715,-0.04066469939372839,0.9547737637762158,-0.0006957995618760809,-0.40499676910727983,-0.14019634625873834,0.956848999260007,8.806331965196194e-6,-0.50067361060855,-0.2033467080192904,-0.4790708340053003,0.1945676849730536
0.4609218436873747,173.59823596050157,0.9999679474796449,0.19459746325751212,-0.004451630695833325,-0.04067177848939465,0.9547744371211704,-0.0006958480542107366,-0.40508667137516,-0.1402293137135685,0.9568485733553905,7.411381306929408e-6,-0.5007630920744083,-0.20338196803741063,-0.4791559575817477,0.1946020346165882
0.4629258517034068,174.35370289953028,0.9999625105372214,0.19462920256499533,-0.004472748732066938,-0.040680190634051844,0.9547749919221178,-0.0006959806926885276,-0.405176419926462,-0.14027095946041604,0.9568345512640339,8.070513249638264e-6,-0.5008731388149883,-0.20341903703757003,-0.4792543667142811,0.19463432071910203
0.46492985971943884,175.10916582311654,0.999957318569141,0.19467576587929056,-0.004501489025534341,-0.04068786205582951,0.9547753000399415,-0.0006959707062765073,-0.4053385802060262,-0.14031495275446165,0.9568427587101909,8.862853137657846e-6,-0.5010081546809155,-0.20346568156416367,-0.4793878281476435,0.1946802236890079
0.4669338677354709,175.8646249152264,0.999952367901367,0.19471257999732874,-0.00452950595947757,-0.04069593382750213,0.9547754036750454,-0.0006960016395477601,-0.4054765125409418,-0.14035491855029386,0.9568365116644911,8.560333785826946e-6,-0.5011519307822782,-0.20350580245551278,-0.4795222073412359,0.19471749209721095
0.468937875751503,176.62008035966443,0.9999476605491285,0.19474817544702802,-0.004561444105247057,-0.04070529471246797,0.9547753180376175,-0.000696141229008383,-0.405619066343751,-0.1404010064467868,0.9568229851393173,8.898036031049436e-6,-0.5013146024528385,-0.20354734184796497,-0.47967114558443685,0.19475431452874742
0.47094188376753504,177.3755323394041,0.9999431954400138,0.19479010837928787,-0.004597794346521921,-0.04071408678604631,0.9547750127802905,-0.0006961518345606136,-0.4057991631118453,-0.14044684484237693,0.9568183264027663,9.294439515400313e-6,-0.5014941879874633,-0.20359255768551363,-0.47984072192959204,0.19479642920531423
0.4729458917835671,178.13098103675622,0.9999389721981341,0.19484026459874682,-0.004640272327250591,-0.0407229601409399,0.9547745104019508,-0.000696130388015855,-0.40601766064952777,-0.1404968082557247,0.9568165782998602,0.00001066550455514068,-0.501691572748304,-0.2036431835465269,-0.48002898595620935,0.19484382328132385
0.4749498997995992,178.88642663297946,0.9999349867723366,0.19488524051112852,-0.0046825568401749895,-0.04073220032571588,0.9547737108989722,-0.0006961784535388722,-0.406233015254021,-0.14054285995728916,0.9568152101032906,0.00001002753439248244,-0.5019000334089614,-0.2036907552613341,-0.48022762843309774,0.19488937997162473
0.47695390781563124,179.64186930798073,0.9999312385569143,0.19492972204573647,-0.004727787186589631,-0.04074168060447566,0.9547727425194941,-0.0006962024102004591,-0.4064549757130256,-0.14059141728008673,0.9568086114900375,0.000010248729821007094,-0.5021214261577049,-0.20373865989418183,-0.4804361926238304,0.1949337581733591
0.4789579158316633,180.39730924009234,0.9999277240135778,0.19496639546385755,-0.004772688193159306,-0.04075180528424734,0.9547715350581436,-0.0006963326068222405,-0.40666159610914354,-0.1406388665826988,0.9567975243873005,9.265539215074753e-6,-0.5023531938472555,-0.20378290540340022,-0.4806521803996091,0.19497432482920735
0.48096192384769537,181.15274660598678,0.9999244445641251,0.1950198584495069,-0.004826140223947345,-0.04076149496383621,0.9547701306749962,-0.0006963846239526401,-0.40692896928956773,-0.140692809017065,0.9567898371775764,0.000011124070455162931,-0.5026005686811541,-0.20383664444554908,-0.48088538376699286,0.1950232388857436
0.48296593186372744,181.90818158021628,0.9999213927669441,0.19506435954634427,-0.004877087810160538,-0.04077112340434279,0.9547684214986798,-0.0006964768367444401,-0.4071840450617909,-0.14073953489090774,0.9567878237052971,0.000010315697825320027,-0.5028554122201438,-0.20388518631066024,-0.4811280387145146,0.19506967639144338
0.4849699398797595,182.6636143354642,0.9999185681686532,0.19510552594509686,-0.0049304548530010525,-0.04078182760385275,0.9547665575136408,-0.0006966424524531503,-0.40743236533373267,-0.14079216352545143,0.956776590554223,9.902794206368527e-6,-0.5031230137789516,-0.20393342863510172,-0.48137834126356627,0.19511374822585964
0.48697394789579157,183.4190450416353,0.9999159686950785,0.19515959580987077,-0.004990172495808666,-0.04079164436927988,0.954764512482087,-0.0006966556834689316,-0.4077300942550927,-0.14084546044240207,0.9567669478021342,0.000011250489631344727,-0.50339974589665,-0.2039873297756373,-0.48163853336324636,0.19516267140612228
0.4889779559118236,184.174473866235,0.9999135877477593,0.19520775728697248,-0.005048503521865303,-0.04080166885675446,0.9547621790951134,-0.0006967341328750715,-0.4080214113263729,-0.14089510765023588,0.9567630281853594,0.000010670431563958235,-0.5036840377991273,-0.20403844571481383,-0.4819084424315935,0.19521106666228416
0.49098196392785565,184.92990097385427,0.999911422707329,0.1952548028071943,-0.005108525664902515,-0.04081181509311554,0.9547596876281679,-0.0006967863628101431,-0.40831387354863236,-0.14094662877057382,0.9567547201691422,0.000010772931311007094,-0.5039758173185684,-0.20408929571989762,-0.48218344071060576,0.19525796771914558
0.4929859719438877,185.68532652602826,0.9999094681558597,0.195293771641565,-0.005166987130734207,-0.040822450475225154,0.95475696431874,-0.0006969392347085985,-0.40858920730912524,-0.1409975503999592,0.956748620513946,9.538082524875946e-6,-0.5042752416038631,-0.20413716114151173,-0.4824665888409222,0.1953031374989048
0.4949899799599198,186.44075068135223,0.999907722675449,0.19534157669502408,-0.00522991448844468,-0.04083279311881508,0.9547540485554376,-0.000697047631377959,-0.4088941646397793,-0.14105111012326113,0.956739582363214,0.000010135069939633355,-0.5045808010501976,-0.20418907267801145,-0.48275449433579454,0.19535065415538377
0.49699398797595185,187.19617359507714,0.999906180595119,0.1953890351390732,-0.005293978629193235,-0.04084306854344144,0.9547509443500394,-0.0006971099452064131,-0.40920654461659733,-0.14110317837204228,0.9567317289776938,0.00001013461089626429,-0.5048923065289436,-0.20424050220773643,-0.48304855927099105,0.19539825191740895
0.4989979959919839,187.95159541918568,0.9999048388111024,0.19544456322554285,-0.005362219968913562,-0.04085322151783271,0.954747624945202,-0.0006971862580272914,-0.4095478829620299,-0.1411548102456688,0.9567194477865086,0.000010815276587658173,-0.5052072262006787,-0.20429462644426563,-0.48334378797135746,0.19544717824162344
0.501002004008016,188.70701630231073,0.9999036900304508,0.19549198342859903,-0.005428293391491566,-0.04086339857455317,0.9547441312230053,-0.0006972572153358442,-0.4098697908541818,-0.14120635946320007,0.9567107577134731,0.000010726171125788358,-0.5055282140909856,-0.20434573494051883,-0.4836464725958475,0.19549434052832707
0.503006012024048,189.46243638938995,0.9999027300113569,0.19553596073658133,-0.005493752886568082,-0.04087335435129398,0.9547404377467731,-0.0006973550811167205,-0.41018807951352376,-0.14125683553980692,0.956706242811648,0.000010890510169790401,-0.5058527354362314,-0.20439555731595457,-0.4839546959070871,0.19554099669278005
0.5050100200400801,190.2178558219947,0.999901954945974,0.19557708015260342,-0.005559778949277741,-0.04088416108874629,0.954736558061279,-0.0006975475525143957,-0.4105011899147448,-0.141309439435089,0.9566992324134781,9.505231545011464e-6,-0.5061832794244587,-0.2044443156510875,-0.48426709817647506,0.1955869084654191
0.5070140280561122,190.97327473753762,0.9999013599230863,0.19562310788678053,-0.005627847022832928,-0.04089411993919561,0.9547325269224873,-0.0006976291243312752,-0.4108325869365123,-0.14136000192179998,0.9566908870170273,9.555637386709978e-6,-0.5065137676052848,-0.20449418653729348,-0.48457905968893056,0.19563288464629414
0.5090180360721442,191.72869326973097,0.9999009392053307,0.1956684623106281,-0.005696288874722263,-0.040904036284955536,0.95472832937659,-0.0006977136275982054,-0.4111656321502864,-0.14140981537218564,0.9566825599487406,9.423570630915952e-6,-0.5068458573059732,-0.20454340148646616,-0.48489251979608355,0.19567832865696017
0.5110220440881763,192.48411154822332,0.9999006873928796,0.19571338806789343,-0.0057649700601036784,-0.040913867348646764,0.9547239707452319,-0.0006978018267081997,-0.41149977859593323,-0.1414591785875509,0.9566742016908181,9.28796108833275e-6,-0.507179036001118,-0.20459217782866407,-0.48520699962487496,0.1957233477372719
0.5130260521042084,193.23952969857535,0.9999005990672338,0.19575789198371915,-0.005833789875013542,-0.040923612565728684,0.9547194567470445,-0.0006978943480475197,-0.41183458490887626,-0.14150808514470475,0.9566658276831752,9.145376261588855e-6,-0.5075128685220368,-0.2046405077723831,-0.48552208993893875,0.1957679393494319
0.5150300601202404,193.99494784223538,0.9999006701957899,0.19580967660047724,-0.00590576557188423,-0.04093320892333988,0.9547147802541952,-0.00069801447074818,-0.41218855961822465,-0.14155519547262826,0.9566459696901587,0.000010035817259946456,-0.5078423202736227,-0.204689929707617,-0.4858273631585895,0.19581069967823056
0.5170340681362725,194.75036609664895,0.9999008926602354,0.19585332198458055,-0.005974580599503063,-0.0409426506006808,0.9547099700894824,-0.0006981143040938773,-0.41252337404589123,-0.14160269833267206,0.9566370773723258,9.853189444428402e-6,-0.5081761970848037,-0.20473707368455552,-0.4861422092825629,0.1958540686430147
0.5190380761523046,195.5057845750259,0.9999012615700249,0.19589341085824521,-0.006041937236899095,-0.040951738880928276,0.9547050136101651,-0.0006982362360973477,-0.41285178950811613,-0.14164978896449362,0.9566354201346029,0.000010190233190243813,-0.5085107072943149,-0.20478331131315788,-0.48646144090513677,0.1958977872119309
0.5210420841683366,196.2612033867211,0.9999017724229508,0.19593017728511558,-0.006108753033918665,-0.04096155441205627,0.9546999072788512,-0.0006984427772389743,-0.4131722720539723,-0.14169717403697402,0.9566325076584132,8.10040535564382e-6,-0.5088465292039916,-0.20482749331309918,-0.48678079043141836,0.19594051670234658
0.5230460921843687,197.0166226364902,0.9999024198665661,0.19597117006388748,-0.006176811210036398,-0.04097049040128987,0.954694712756423,-0.0006985490692968651,-0.4135033503804333,-0.14174227191258984,0.9566242196585409,8.060909447079423e-6,-0.5091766713597295,-0.2048719677453338,-0.4870923873622149,0.1959813818472493
0.5250501002004008,197.77204242501153,0.9999031989878043,0.19601749671520083,-0.0062473978108429475,-0.04097943745638516,0.9546894144014617,-0.0006987200680825969,-0.41384220252368503,-0.14178586646353725,0.9565980688698525,9.166204496555489e-6,-0.5094983113643319,-0.20491599133862515,-0.4873869790454519,0.19601757142936763
0.5270541082164328,198.52746284863198,0.9999041015753499,0.19605807751635013,-0.0063144480119350956,-0.04098794079330439,0.9546839524522255,-0.0006988700764618133,-0.4141732266228865,-0.14182755127656413,0.9565917508961888,8.8413136401308e-6,-0.5098228372077548,-0.20495909369972454,-0.4876941325990595,0.19605767080071085
0.5290581162324649,199.28288399945967,0.9999051231711854,0.19609609620268198,-0.006380776881031303,-0.040996324696935656,0.9546784389655311,-0.000698982669992571,-0.4144952935652312,-0.1418693742358629,0.9565830046682082,8.69027549737249e-6,-0.5101442928765296,-0.20500038456439412,-0.4879971420039881,0.19609545053029778
0.531062124248497,200.0383059652454,0.9999062580093906,0.19613320410026477,-0.0064463294233793374,-0.0410045505610018,0.9546728348608446,-0.0006990969919368552,-0.4148134301238089,-0.14191023730163352,0.9565743234487715,8.522222884082019e-6,-0.5104618389387702,-0.20504073306022966,-0.48829643563209724,0.1961323502369641
0.533066132264529,200.79372882925625,0.9999074995378217,0.19616752662467737,-0.006509806881584141,-0.041012322126647106,0.9546671355101383,-0.000699230015888942,-0.41512413672546994,-0.1419516919717335,0.9565757524416437,9.009527134024488e-6,-0.5107782889481134,-0.2050812346161248,-0.4885999737663448,0.1961711344437271
0.5350701402805611,201.54915267079025,0.9999088431971742,0.1961986739713779,-0.006571999569502377,-0.04102077928548443,0.95466132345355,-0.0006994375830469552,-0.41542560369046955,-0.14199221611546628,0.9565765728602786,6.424545326819912e-6,-0.5110928010613182,-0.20511926918996715,-0.4889007178508382,0.19620900401047708
0.5370741482965932,202.3045775646183,0.9999102838641974,0.1962335936139577,-0.006634940516864991,-0.04102841376787286,0.95465548180753,-0.0006995552419834502,-0.41573197321166533,-0.14203067840860467,0.9565689267237213,6.3665567239062016e-6,-0.5113982471987104,-0.20515720344921962,-0.4891889785962358,0.19624375006711084
0.5390781563126252,203.0600035815871,0.9999118167836282,0.19627271020959433,-0.00669972013359763,-0.041035987764398554,0.9546496153844797,-0.000699681869400536,-0.41603896425688663,-0.1420665529828687,0.9565387238179565,7.742597270049146e-6,-0.5116907412612769,-0.20519325898563692,-0.48945359736429284,0.19627133627083215
0.5410821643286573,203.815430788379,0.9999134340911146,0.1963066826685291,-0.006760702155913999,-0.04104317697746274,0.9546436084513769,-0.00069984383833002,-0.41633987809917733,-0.14210120407455917,0.9565327131232931,7.436974258136045e-6,-0.5119855890855994,-0.20522931530990002,-0.4897324908932109,0.1963047461621679
0.5430861723446894,204.57085924762777,0.999915131522376,0.19633803188688345,-0.006820452184989781,-0.04105015648420625,0.9546375960352359,-0.0006999661932220706,-0.4166301760069277,-0.14213572854271822,0.9565248899026336,7.220185268769134e-6,-0.5122753986251645,-0.20526339978715089,-0.49000565130953855,0.19633585215915805
0.5450901803607214,205.3262890177771,0.9999169024233705,0.1963620714874799,-0.006876230076585263,-0.041057050144744596,0.9546314861431193,-0.0007001528667460446,-0.4169082797961176,-0.14217067520756474,0.9565408423854748,4.763029833701234e-6,-0.5125685821527014,-0.2052968801529742,-0.49029376118783835,0.19637240930118718
0.5470941883767535,206.08172015345266,0.9999187440285806,0.196391666395521,-0.006933526370337629,-0.041063560219376,0.9546253935954723,-0.0007003037394988239,-0.41718546889505753,-0.14220424079009605,0.9565330322921491,4.869786790244398e-6,-0.5128467829878377,-0.20532899464253554,-0.49055588834105596,0.19640146840843375
0.5490981963927856,206.8371527050099,0.9999206498033213,0.19641949691098257,-0.006989542657201046,-0.04106983734090171,0.9546192644088822,-0.0007004551852293418,-0.4174581982164871,-0.1422352756591103,0.9565263436408363,4.628245305611189e-6,-0.5131184117758296,-0.20535953972166093,-0.49081222872505303,0.19642943482384492
0.5511022044088176,207.59258671896066,0.9999226157929527,0.19645291002303758,-0.007046980952263782,-0.04107611228929742,0.9546131138396685,-0.0007006804547150771,-0.41772997426692066,-0.14226277201064783,0.9564948056103988,6.204848196863185e-6,-0.5133737732154209,-0.20538858120393774,-0.49104062182212865,0.19644992564692498
0.5531062124248497,208.34802223792926,0.9999246344351888,0.196479004372467,-0.007100189536925175,-0.04108180656399494,0.9546069572253816,-0.0007008026820231045,-0.41798927443163086,-0.14229118852380446,0.9564881560194706,5.9782092325008805e-6,-0.513632383295418,-0.20541689506232572,-0.49128451919529886,0.19647575657155308
0.5551102204408818,209.1034593007739,0.9999267019828694,0.1965036224375387,-0.007151983838973539,-0.04108734361031493,0.954600797339018,-0.0007009249364595349,-0.4182410348065669,-0.14231840742136528,0.956481394672524,5.773126647623568e-6,-0.5138837831643956,-0.20544376707550374,-0.49152146367356037,0.19650017414299262
0.5571142284569138,209.85889794252165,0.999928813384418,0.19652725918640868,-0.007202287469483782,-0.041092675968433044,0.9545946368874024,-0.0007010484958004592,-0.4184855633896651,-0.14234457003906803,0.9564748182219684,5.566763864686486e-6,-0.5141279681731732,-0.2054696032853881,-0.49175159870202867,0.1965236394235365
0.5591182364729459,210.61433819445793,0.9999309637865696,0.19654998819087524,-0.0072510933409102325,-0.04109780428933835,0.9545884811821407,-0.000701171746536107,-0.4187229121047635,-0.14236973669633834,0.9564684325509937,5.36980527713902e-6,-0.5143650001564867,-0.2054944543237175,-0.4919749889239717,0.1965461965850356
0.561122244488978,211.369780084276,0.9999331485278085,0.1965717746874484,-0.007298406304615235,-0.041102729011908236,0.9545823354421685,-0.0007012947317546858,-0.41895310694972276,-0.14239385687446354,0.9564622452547817,5.165981073180225e-6,-0.514594899761294,-0.20551826925650996,-0.49219165492583583,0.1965678068664458
0.56312625250501,212.1252236362089,0.9999353631053837,0.1965925469837471,-0.007344222655395036,-0.04110744103175175,0.9545762052442007,-0.0007014183012837167,-0.41917611309469677,-0.14241684392111728,0.9564562650970262,4.942000550376698e-6,-0.5148176297075516,-0.20554096810589725,-0.4924015630997662,0.1965884024499841
0.565130260521042,212.88066887113675,0.9999376031404773,0.19661221918284572,-0.007388527664148682,-0.041111919527963094,0.9545700965715087,-0.0007015409174658294,-0.4193918360091704,-0.14243861204282612,0.9564504895307563,4.705544815432446e-6,-0.5150331027758036,-0.20556245535076206,-0.49260463055780773,0.19660788753803407
0.567134268537074,213.63611580666998,0.9999398643499402,0.19663073279660367,-0.007431295685441512,-0.041116152698003706,0.9545640153335042,-0.0007016634788634488,-0.4196001265837476,-0.14245909854893857,0.9564449266333445,4.4543684568662445e-6,-0.5152411646432252,-0.20558267994589594,-0.49280071365667333,0.19662621616394732
0.5691382765531061,214.39156445721102,0.9999421425242752,0.19664806486660322,-0.007472495537965553,-0.04112013019890003,0.9545579677832483,-0.0007017851241414281,-0.4198008259216168,-0.14247829487714755,0.9564395753837146,4.202856991484344e-6,-0.5154416612710452,-0.20560162390781572,-0.4929896677553774,0.19664336354100367
0.5711422845691382,215.1470148340107,0.9999444335300742,0.1966642347430587,-0.007512099148616106,-0.04112385484979637,0.9545519596372464,-0.0007019066190478858,-0.41999379421743255,-0.14249622467974446,0.9564344407953154,3.953646284010126e-6,-0.5156344463047041,-0.2056193191978209,-0.493171356252299,0.19665935993746875
0.5731462925851702,215.9024669452282,0.999946733320675,0.1966792927448612,-0.007550084310319329,-0.041127332979313744,0.9545459967182989,-0.0007020277901812156,-0.42017893943197115,-0.14251294731089956,0.9564295238512845,3.7150317701248406e-6,-0.5158194308596257,-0.20563582308828504,-0.49334569659392824,0.19667425607752217
0.5751503006012023,216.6579207960061,0.99994903795992,0.19669329540723895,-0.007586441571804423,-0.041130574964614926,0.9545400841521616,-0.0007021482147126906,-0.4203562247213556,-0.1425285249958868,0.956424822447962,3.4889483758792786e-6,-0.5159965776391735,-0.20565119562725592,-0.49351265265870753,0.19668810797858782
0.5771543086172344,217.41337638856115,0.9999513436416858,0.19670629140408008,-0.007621171465904016,-0.04113359130358752,0.9545342266608079,-0.0007022673577415696,-0.42052566428374266,-0.14254300662910357,0.9564203341360561,3.2752448685547364e-6,-0.5161658999103651,-0.20566548389628506,-0.4936722360667302,0.19670096025862363
0.5791583166332664,218.16883372228878,0.9999536467045275,0.19671832027745279,-0.007654281304751976,-0.041136393734885576,0.9545284286627329,-0.000702386126694862,-0.42068729950495926,-0.14255642894259374,0.9564160614662406,3.067410647102258e-6,-0.5163274371123593,-0.2056787282777255,-0.4938244847310817,0.1967128554384893
0.5811623246492985,218.92429279387457,0.9999559436377273,0.19672940026113664,-0.007685783095727113,-0.04113898636575945,0.9545226943381719,-0.0007025041210466615,-0.42084119175894436,-0.14256880882384984,0.956412003562729,2.862269263121013e-6,-0.5164812537021015,-0.2056909429266729,-0.4939694593986807,0.19672380853078872
0.5831663326653306,219.67975359740893,0.9999582310802794,0.19673952675738593,-0.007715689449934969,-0.04114136810261431,0.9545170279854508,-0.000702620203280985,-0.4209874005176502,-0.1425801364865406,0.9564081574609153,2.6595186461303522e-6,-0.5166274098048048,-0.20570211715164893,-0.49410721617383474,0.19673380887058842
0.5851703406813626,220.43521612449666,0.9999605058105482,0.1967486929543665,-0.007744011055036244,-0.04114354077501513,0.9545114337492727,-0.0007027348911798946,-0.4211259669480001,-0.1425904060461978,0.9564045239825616,2.455344925125777e-6,-0.5167659434732319,-0.20571224554696682,-0.49423779127243384,0.19674285344109382
0.5871743486973947,221.19068036435732,0.9999627647349834,0.19675689947237887,-0.00777075717206066,-0.041145502709619114,0.9545059155147326,-0.0007028479250410738,-0.4212569287794335,-0.14259961802856932,0.9564011002625081,2.2521210156765228e-6,-0.5168968940518042,-0.20572132874443502,-0.4943612215027465,0.19675094104428478
0.5891783567134268,221.94614630392064,0.9999650048842166,0.1967641527715352,-0.007795936138524023,-0.04114725692678655,0.9545004771141298,-0.0007029599357454122,-0.4213803211940551,-0.14260778472594296,0.9563978879106788,2.0484011115074223e-6,-0.517020293951977,-0.2057293778905493,-0.4944775385589155,0.19675808343075446
0.5911823647294588,222.70161392791783,0.9999672234081215,0.19677046990031294,-0.007819556710241172,-0.04114880336774508,0.9544951223670044,-0.0007030701767836214,-0.4214961861503228,-0.14261492506584436,0.9563948841674623,1.850269897296443e-6,-0.517136190521782,-0.20573641288994504,-0.4945867877007739,0.19676429593338207
0.5931863727454909,223.45708321897325,0.9999694175794286,0.1967758736520349,-0.007841631594245162,-0.04115014814421916,0.9544898546257408,-0.0007031787643753334,-0.4216045833435441,-0.1426210641360281,0.9563920872002439,1.656479368036923e-6,-0.5172446348124902,-0.20574245984154618,-0.4946890166895853,0.19676960378850294
0.595190380761523,224.2125541576967,0.9999715847925411,0.19678039882492543,-0.00786217506261793,-0.04115129719737623,0.9544846772140181,-0.0007032856722192584,-0.42170558280681525,-0.1426262438763011,0.956389493700195,1.4710439485996472e-6,-0.5173457027643972,-0.20574755745563414,-0.4947842973985127,0.19677404126678033
0.597194388777555,224.96802672277812,0.9999737225721123,0.19678407967527814,-0.00788120666022877,-0.04115225679877726,0.9544795929422344,-0.000703390555563417,-0.4217992831251414,-0.14263049726936367,0.9563870995622121,1.2926122533694493e-6,-0.5174394891436297,-0.20575174013898198,-0.49487271817824924,0.1967776411327749
0.5991983967935871,225.72350089108738,0.9999758285750007,0.19678694672616917,-0.00789874831671591,-0.04115303536597289,0.9544746046409287,-0.0007034938392702602,-0.4218857903243584,-0.1426338602632838,0.9563849049364518,1.1210264130283453e-6,-0.5175261025782838,-0.2057550427409411,-0.49495438307330186,0.19678043683156013
0.6012024048096192,226.47897663777476,0.9999779005933083,0.19678902547954744,-0.007914825228189351,-0.041153637815575184,0.9544697148548584,-0.0007035949753155756,-0.42196522972396533,-0.14263635692237422,0.9563829048350613,9.546956198329375e-7,-0.517605664135274,-0.20575748900802845,-0.4950294050605479,0.1967824508732061
0.6032064128256512,227.234453936373,0.9999799365514467,0.1967903382462643,-0.007929463537756108,-0.041154069610839394,0.9544649260050105,-0.0007036940037492632,-0.4220377246104148,-0.1426380127520371,0.9563810955010972,7.941663693144775e-7,-0.5176782999491452,-0.20575910274726555,-0.4950979030294686,0.1967837049720567
0.6052104208416833,227.98993275889651,0.9999819345054947,0.19679090722891196,-0.007942691479169602,-0.041154335699302685,0.954460240023857,-0.0007037910867821305,-0.42210340695679927,-0.14263884815893182,0.9563794742853999,6.373302037664657e-7,-0.5177441395421651,-0.2057599075695814,-0.49515999912668646,0.1967842222564308
0.6072144288577154,228.74541307593938,0.9999838926390665,0.19679075294235715,-0.007954535022365325,-0.04115443983124268,0.9544556591704804,-0.0007038861534724637,-0.4221624080806408,-0.14263888512814762,0.9563780380445923,4.844386636568797e-7,-0.517803314706161,-0.20575992475650887,-0.49521581788972785,0.19678402230288708
0.6092184368737474,229.50089485677066,0.9999858092596374,0.19678988878319784,-0.007965024315295883,-0.04115438655150818,0.9544511850290085,-0.0007039789943164344,-0.42221486057602897,-0.14263814613333123,0.9563767833693285,3.3664612374697666e-7,-0.5178559598901548,-0.2057591711488163,-0.4952654864364096,0.19678311991784253
0.6112224448897795,230.25637806942643,0.9999876827957465,0.19678833629819062,-0.00797418581677043,-0.041154179307182605,0.9544468195783808,-0.0007040692374220964,-0.4222609000534999,-0.14263664842260812,0.9563757066631013,1.9293308381971328e-7,-0.5179022058571168,-0.20575766891132188,-0.49530912780644065,0.1967815360859482
0.6132264529058116,231.01186268079945,0.9999895117911002,0.1967861231706984,-0.00798205036966104,-0.04115382464642376,0.9544425640356448,-0.0007041572998298964,-0.42230066282069784,-0.14263442529645912,0.9563748025378733,5.47360287566562e-8,-0.5179421894807765,-0.20575544973777327,-0.4953468704529476,0.19677929926395565
0.6152304609218436,231.767348656726,0.999991294905832,0.19678327971563375,-0.007988646058351711,-0.04115332790059665,0.9544384200672528,-0.0007042430576737863,-0.4223342956544046,-0.1426315101100125,0.9563740685118576,-7.656030303984424e-8,-0.5179760587088846,-0.20575254674675403,-0.4953788549066755,0.19677643989527333
0.6172344689378757,232.52283596207434,0.9999930309171511,0.19677983610920163,-0.00799400697096733,-0.04115269579896728,0.9544343883006428,-0.0007043265951859962,-0.4223619564879664,-0.14262793420805125,0.9563734997581675,-2.0351211846676297e-7,-0.5180039689657571,-0.20574899218977916,-0.49540522681598903,0.19677298915234007
0.6192384769539078,233.27832456083266,0.9999947187175914,0.19677581578325312,-0.00799816705604874,-0.0411519342991366,0.9544304698303209,-0.0007044076728127763,-0.42238380754916083,-0.1426237266462312,0.9563730896590825,-3.2332962266317156e-7,-0.5180260823413534,-0.20574481040192555,-0.4954261383693985,0.1967689674985894
0.6212424849699398,234.03381441619564,0.9999963573139042,0.19677125230581546,-0.008001158209140581,-0.04115104959298761,0.9544266656186332,-0.0007044866598280679,-0.4224000129673239,-0.14261891962540685,0.9563728382109206,-4.3842757341653525e-7,-0.5180425637508989,-0.20574003853832543,-0.49544174680640307,0.19676441171466663
0.6232464929859719,234.78930549065012,0.9999979458248818,0.19676616534078853,-0.008003018425298419,-0.04115004537328837,0.9544229760459816,-0.0007045626500159167,-0.4224107465511455,-0.14261353703708382,0.9563727354191635,-5.459659700203082e-7,-0.5180535866742945,-0.20573469479566456,-0.4954522134572615,0.19675933567198542
0.625250501002004,235.5447977460591,0.9999994834792821,0.1967605844548855,-0.008003782318576343,-0.041148931724436795,0.9544194015385008,-0.000704637205387292,-0.422416173516138,-0.14260760987109797,0.9563727824757966,-6.520935214210563e-7,-0.5180593119978171,-0.20572881609017504,-0.495457691548421,0.1967537781027332
0.627254509018036,236.300291143742,1.000000969610696,0.19675452901646293,-0.00800348630762295,-0.04114770805529962,0.9544159423600431,-0.0007047084307401232,-0.4224164748198835,-0.142601160608724,0.9563729699111743,-7.49573738872925e-7,-0.5180599264865192,-0.20572241791591578,-0.495458356281755,0.1967477481236682
0.6292585170340681,237.05578564455573,1.0000024036581745,0.19674802333448868,-0.008002166075767316,-0.0411463837795965,0.9544125987639753,-0.0007047775415235687,-0.4224118167718816,-0.14259421436153794,0.956373297243683,-8.441170202687258e-7,-0.5180555897551494,-0.2057155308045793,-0.49545435888167216,0.1967412777893507
0.6312625250501002,237.8112812089694,1.0000037851571266,0.19674109275378787,-0.007999858421217884,-0.04114496103877144,0.9544093706390206,-0.0007048435803161376,-0.4224023762384926,-0.14258679959321902,0.9563737540986795,-9.314255406091611e-7,-0.5180464817875227,-0.20570817864662458,-0.4954458669828948,0.19673438558279852
0.6332665330661322,238.56677779713883,1.0000051137412704,0.19673376546657986,-0.007996598320333071,-0.04114344947087435,0.9544062579185774,-0.0007049078423141134,-0.4223883245581581,-0.14257894846744296,0.9563743431339449,-1.0159856995922048e-6,-0.51803277116844,-0.20570039693144967,-0.4954330422594123,0.19672710831159432
0.6352705410821643,239.32227536897818,1.0000063891383366,0.1967260621558118,-0.007992425079464844,-0.04114185144708794,0.9544032601216915,-0.0007049691522461981,-0.42236984566345315,-0.14257068454193958,0.9563750537793622,-1.0945665813675796e-6,-0.5180146423656387,-0.20569220446922673,-0.4954160563071217,0.19671946011276845
0.6372745490981964,240.07777388423145,1.0000076111684888,0.19671801161538696,-0.007987374200260572,-0.04114017271444099,0.9544003769781148,-0.000705027785921068,-0.42234711538592024,-0.14256203517489144,0.9563758823343955,-1.1669555117304512e-6,-0.517992270525769,-0.20568363293267294,-0.4953950747428301,0.19671147040166415
0.6392785571142284,240.83327330254062,1.0000087797410797,0.19670963886040654,-0.007981484111058089,-0.04113842009347331,0.9543976075981062,-0.0007050840432911927,-0.4223203154253579,-0.14255303111532971,0.9563768250304171,-1.2351235874226088e-6,-0.5179658364534286,-0.20567471025570933,-0.4953702681078684,0.1967031661352283
0.6412825651302605,241.58877358351205,1.0000098948526357,0.19670096907267715,-0.007974792334648735,-0.041136598687754704,0.9543949513670009,-0.0007051379351277392,-0.42228962743089477,-0.14254369769982025,0.9563778753010344,-1.299067878455263e-6,-0.5179355203173066,-0.20566546238756048,-0.4953418052906055,0.19669457077441743
0.6432865731462926,242.34427468678152,1.000010956583461,0.19669202824370147,-0.007967336425895363,-0.04113471533714692,0.9543924074183808,-0.0007051901329879957,-0.42225523215571126,-0.14253406455095655,0.956379030301876,-1.359305647039397e-6,-0.5179015024185141,-0.20565591899675625,-0.4953098571256511,0.19668571237239574
0.6452905811623246,243.09977657207614,1.0000119650955768,0.19668283666018108,-0.00795915416976035,-0.041132770995986896,0.9543899748696324,-0.0007052394529156931,-0.42221731631847537,-0.14252415288334905,0.9563802834758931,-1.4129117424488261e-6,-0.5178639723382227,-0.20564609871765518,-0.4952746021069938,0.19667660588339006
0.6472945891783567,243.85527919927614,1.0000129206299186,0.19667341272656472,-0.007950282262132154,-0.04113077366969335,0.9543876528499926,-0.0007052867017802934,-0.4221760517175603,-0.14251398498155898,0.9563816322834026,-1.4636859471895385e-6,-0.5178230978832082,-0.20563602505605966,-0.4952361986010307,0.1966672752297765
0.6492985971943888,244.6107825284705,1.000013823499093,0.19666377677678942,-0.007940757633857489,-0.04112872599960284,0.9543854400616086,-0.0007053311931354187,-0.42213161700218044,-0.14250358354005585,0.9563830713214571,-1.5094491358554128e-6,-0.5177790593435225,-0.20562571944403893,-0.4951948166593286,0.1966577386657279
0.6513026052104208,245.36628652001195,1.0000146740872398,0.19665395240157874,-0.007930618214720703,-0.04112663377691544,0.9543833349323633,-0.0007053732418044671,-0.4220841870070473,-0.14249297132464148,0.9563845925874634,-1.551327063551943e-6,-0.5177320273559056,-0.2056152065471709,-0.4951506150758247,0.19664801871510887
0.6533066132264529,246.12179113456835,1.000015472844554,0.19664397011073972,-0.0079198975269452,-0.04112450259330946,0.9543813363363176,-0.0007054133929458525,-0.4220339346475941,-0.1424821819360011,0.9563861946608313,-1.5894277445224182e-6,-0.517682176995397,-0.2056045200376924,-0.4951037605068341,0.19663814734233023
0.655310621242485,246.87729633317298,1.0000162202881144,0.1966338436900634,-0.007908635202205897,-0.04112233850131451,0.9543794425357582,-0.0007054516461011607,-0.4219810386110753,-0.142471236432539,0.956387871925595,-1.6239265431172629e-6,-0.5176296853620661,-0.20559367641396684,-0.4950544193599135,0.1966281392594987
0.657314629258517,247.63280207727402,1.0000169169988273,0.19662359890455594,-0.00789686332200482,-0.041120142408255546,0.954377652429984,-0.00070548724779655,-0.42192567372705786,-0.1424601550476424,0.9563896216412239,-1.6530609197349695e-6,-0.5175747284814438,-0.20558270045812066,-0.49500275890269935,0.19661801668967976
0.6593186372745491,248.3883083287815,1.0000175636168904,0.19661324768681268,-0.007884620934733797,-0.04111792108155196,0.9543759639292063,-0.0007055204638897162,-0.4218680077853703,-0.1424489567848558,0.9563914359945348,-1.679610777283533e-6,-0.5175174717807407,-0.20557160709554087,-0.49494893270835694,0.19660779373773166
0.6613226452905812,249.1438150501099,1.0000181608375405,0.1966028186085873,-0.007871940905057245,-0.041115678657385975,0.9543743754871981,-0.0007055517246292162,-0.42180820770986305,-0.14243766741368122,0.9563933104474931,-1.7024365065835668e-6,-0.5174580812453169,-0.2055604258777257,-0.4948930973864431,0.19659749714172273
0.6633266533066132,249.8993222042192,1.0000187094092334,0.19659232621791947,-0.007858858109602941,-0.041113419039605616,0.9543728852892012,-0.0007055807032976564,-0.421746443111532,-0.14242630936401868,0.9563952442659434,-1.7207362764108035e-6,-0.5173967289958343,-0.2055491744265363,-0.4948354173144501,0.19658714318765105
0.6653306613226453,250.6548297546551,1.0000192101334933,0.1965817905785382,-0.007845406573441616,-0.0411111459424345,0.9543714914225264,-0.0007056074340556786,-0.42168287655814596,-0.14241489723870057,0.956397228425113,-1.7362137417099519e-6,-0.5173335734159742,-0.20553787170414195,-0.49477603892862015,0.19657674903589703
0.6673346693386772,251.41033766558598,1.0000196638564864,0.19657123059969836,-0.007831620468096472,-0.041108866398421116,0.9543701919309833,-0.0007056328915310113,-0.4216176662408899,-0.1424034585640059,0.9563992611519836,-1.7501765395207496e-6,-0.5172687731019441,-0.20552654144687332,-0.49471511270396124,0.1965663376985835
0.6693386773547093,252.1658459018367,1.0000200714703573,0.19656066355579635,-0.007817530986105816,-0.041106580454012796,0.9543689850186722,-0.0007056560980688763,-0.42155097554925386,-0.1423920085490572,0.9564013394207438,-1.7595272230780683e-6,-0.5172024929011636,-0.20551520012947008,-0.49465279535283124,0.19655592270701353
0.6713426853707414,252.92135442892285,1.0000204339101435,0.19655010094254557,-0.007803171801556325,-0.04110429270752969,0.9543678683927592,-0.0007056771463618355,-0.421482956879148,-0.14238056077441097,0.9564034570478119,-1.7661577006469924e-6,-0.5171348830730167,-0.20550386108901372,-0.4945892269788224,0.19654551652396204
0.6733466933867734,253.67686321308062,1.000020752148087,0.19653956071445672,-0.007788573807430668,-0.04110200790735591,0.9543668398299154,-0.0007056965224193422,-0.4214137585581525,-0.14236913460560724,0.9564056096232486,-1.771915241429427e-6,-0.5170660909521448,-0.20549254398892383,-0.4945245458172255,0.1965351380040463
0.6753507014028055,254.43237222129383,1.0000210271909105,0.1965290559496445,-0.0077737670281999086,-0.04109972669980043,0.9543658972883156,-0.0007057133785350227,-0.4213435320013436,-0.14235774586361993,0.9564077958882901,-1.7734056210005247e-6,-0.5169962695421042,-0.2054812626512083,-0.494458898233606,0.19652479835267542
0.6773547094188376,255.18788142132004,1.000021260079017,0.19651860304846072,-0.007758780815465224,-0.0410974546229392,0.9543650387891962,-0.0007057282920743276,-0.4212724126056729,-0.14234641103843096,0.9564100091525964,-1.772888496251136e-6,-0.5169255511715234,-0.20547003568342323,-0.49439240685170505,0.19651451515993024
0.6793587174348696,255.9433907817129,1.000021451879662,0.1965082216998443,-0.007743644160303023,-0.04109519522145722,0.9543642621066185,-0.0007057414246860983,-0.4212005431391776,-0.1423351524258457,0.9564122455499375,-1.7691123267385305e-6,-0.5168540795454567,-0.20545888394905287,-0.49432520735987207,0.19650430693882093
0.6813627254509017,256.69890027184357,1.0000216036899374,0.1964979301515198,-0.0077283860873186665,-0.041092952798705056,0.9543635647399298,-0.0007057531322387726,-0.4211280653286757,-0.14232398935345714,0.9564145032205357,-1.763882858646181e-6,-0.5167819956085579,-0.20544782752880353,-0.4942574332173746,0.19649419344660263
0.6833667334669338,257.4544098619227,1.0000217166345204,0.19648773876358683,-0.007713035713425422,-0.041090729235479274,0.9543629443614046,-0.0007057631686918642,-0.42105511948734564,-0.14231293194630482,0.9564167762419192,-1.7562365743947787e-6,-0.5167094393452457,-0.205436875890362,-0.4941892154365942,0.196484182024287
0.6853707414829658,258.20991952302,1.000021791861608,0.19647765813406246,-0.007697620389103145,-0.04108852846122812,0.9543623986767944,-0.0007057719313707689,-0.4209818357504122,-0.14230199405106528,0.956419063539938,-1.7486430910574358e-6,-0.5166365400229194,-0.2054260419732475,-0.4941206765824052,0.19647428610368567
0.6873747494989979,258.96542922708005,1.0000218305394895,0.196467695942953,-0.007682166287409797,-0.04108635076206077,0.954361925371962,-0.000705778881372677,-0.420908340533554,-0.14229118248507583,0.9564213589369066,-1.7387047349245993e-6,-0.5165634250642277,-0.20541533297512315,-0.4940519358204195,0.1964645100618175
0.68937875751503,259.72093894693694,1.0000218338533375,0.19645786650275665,-0.007666698174767011,-0.04108420032016219,0.9543615220341206,-0.0007057847826273349,-0.4208347538994882,-0.14228051355564644,0.9564236619584898,-1.7280971654662709e-6,-0.5164902119645186,-0.2054047656283715,-0.49398310493342823,0.1964548706712837
0.691382765531062,260.4764486563251,1.000021803001953,0.19644817643379262,-0.007651239871624927,-0.0410820766259595,0.954361186381697,-0.0007057887527699316,-0.4207611943801991,-0.14226999397284867,0.9564259686547294,-1.7149042999000417e-6,-0.516417020935725,-0.2053943460658586,-0.49391429724659314,0.19644537199801326
0.6933867735470941,261.2319583298896,1.000021739195675,0.19643863326071925,-0.0076358151424442185,-0.041079983502427815,0.954360916050491,-0.0007057910921157548,-0.42068776918181183,-0.14225963417899024,0.9564282745401765,-1.700467926170083e-6,-0.5163439579952104,-0.20538408405059908,-0.493845611565557,0.1964360231528685
0.6953907815631262,261.98746794319317,1.0000216436530553,0.19642925424626817,-0.007620445556155841,-0.04107792391983488,0.9543607086002626,-0.0007057921832229121,-0.4206145865630908,-0.14224945120806876,0.9564305780596973,-1.6850496233874874e-6,-0.5162711301246378,-0.20537399817721036,-0.49377714935526223,0.1964268417375339
0.6973947895791582,262.7429774727215,1.0000215176002987,0.19642004766326338,-0.007605152755673829,-0.041075900291606016,0.9543605618503835,-0.0007057919627818169,-0.42054175289886536,-0.1422394552228418,0.9564328760671061,-1.6684993083571182e-6,-0.5161986439297633,-0.205364097305822,-0.49370901098582926,0.19641783550421277
0.6993987975951903,263.49848689588976,1.0000213622701666,0.19641102701686455,-0.007589958788503995,-0.04107391510541758,0.9543604731504214,-0.0007057907348782005,-0.42046937257772904,-0.14222966027858294,0.9564351642426978,-1.650127307966973e-6,-0.5161266035742346,-0.20535439568080496,-0.4936412939986527,0.19640901683553358
0.7014028056112224,264.2539961910464,1.00002117890121,0.19640219986762197,-0.007574884929465546,-0.04107197083478952,0.9543604399522474,-0.0007057886452476018,-0.42039754925696177,-0.1422200733051886,0.956437441229275,-1.6333422527210472e-6,-0.5160551118126779,-0.20534490093452284,-0.493574095276902,0.19640039451391283
0.7034068136272544,265.009505337477,1.000020968734972,0.1963935672315687,-0.0075599499749749175,-0.04107006606884407,0.9543604601908162,-0.000705784870987343,-0.4203263799999606,-0.14221069696429645,0.9564397056037971,-1.6137481822930145e-6,-0.5159842663022349,-0.20533561378112677,-0.4935075083983273,0.19639196666346773
0.7054108216432865,265.76501431540555,1.0000207330130915,0.19638513474240282,-0.007545173034446141,-0.041068204222265654,0.9543605313462435,-0.0007057799353596552,-0.42025594779665687,-0.14220153728682852,0.9564419531778373,-1.5950598571955439e-6,-0.5159141485844012,-0.205326541459358,-0.49344160843602175,0.19638374126658673
0.7074148296593186,266.5205231059923,1.0000204729722832,0.19637690743599764,-0.0075305709691430404,-0.0410663853583301,0.9543606511779513,-0.0007057735819555768,-0.4201863360943662,-0.14219259959477384,0.9564441800452079,-1.5756751107188698e-6,-0.5158448441614817,-0.2053176891292114,-0.49337647549060387,0.19637572163184744
0.7094188376753506,267.2760316913302,1.0000201898444199,0.19636890075157737,-0.007516158965869514,-0.041064612985771076,0.9543608174024469,-0.000705766721962515,-0.42011762468617736,-0.14218389996369243,0.9564463882582092,-1.555834959268012e-6,-0.5157764288536443,-0.20530907353695307,-0.4933121830987512,0.19636792432405703
0.7114228456913827,268.0315400544405,1.0000198848562438,0.19636111199406212,-0.007501955383205415,-0.04106288715573778,0.9543610274799519,-0.0007057587982434884,-0.42004989345833477,-0.14217543794274295,0.9564485709675635,-1.535893298184796e-6,-0.5157089852725995,-0.2053006922003953,-0.4932488066791528,0.19636034574769398
0.7134268537074148,268.78704817926905,1.0000195592275414,0.1963535488957551,-0.007487974017142637,-0.04106120842282131,0.9543612791572869,-0.0007057497908652485,-0.41998321725964655,-0.14216721859769396,0.9564507294004324,-1.5159273720684247e-6,-0.5156425868554636,-0.20529255245192313,-0.49318641709923444,0.19635299320983002
0.7154308617234468,269.54255605068016,1.0000192141692332,0.19634621480204678,-0.007474228883204125,-0.041059579034945524,0.9543615702415466,-0.0007057400922855356,-0.4199176608670806,-0.14215924655166,0.9564528611073185,-1.4969966596740494e-6,-0.5155772970751031,-0.2052846584691891,-0.4931250735990123,0.1963458707517862
0.7174348697394789,270.29806365444824,1.0000188508799994,0.19633911158693074,-0.00746073417868678,-0.04105799960256292,0.9543618984264701,-0.000705729719311673,-0.41985328804475985,-0.14215152695691363,0.9564549616103913,-1.4783067683161272e-6,-0.5155131811295928,-0.20527701327714842,-0.4930648364045573,0.19633897994011562
0.719438877755511,271.0535709772487,1.000018470546332,0.19633224899205007,-0.007447500061321075,-0.04105646975423783,0.954362261741289,-0.0007057185488876753,-0.41979016335216407,-0.1421440651573373,0.9564570341489976,-1.4583837827565393e-6,-0.5154503016254504,-0.20526962526224388,-0.4930057673819919,0.19633232870356265
0.721442885771543,271.8090780066487,1.0000180743416887,0.19632561952275956,-0.007434541022324899,-0.04105499063445819,0.954362657698723,-0.0007057064486254232,-0.4197283400435283,-0.14213685789333322,0.956459071308088,-1.439548696951304e-6,-0.5153887151456121,-0.20526248864602084,-0.49294791636549284,0.1963259111919134
0.7234468937875751,272.56458473109615,1.0000176634240003,0.19631923918303737,-0.0074218662931197,-0.041053565508735596,0.9543630842697615,-0.0007056946257723533,-0.4196678712977555,-0.14212991860816887,0.956461075632437,-1.4226560095023839e-6,-0.5153284683074582,-0.20525561874642512,-0.49289132909322814,0.19631974302094948
0.7254509018036072,273.32009113990745,1.000017238935495,0.19631309509041792,-0.007409486778286028,-0.04105218918489056,0.9543635392745878,-0.0007056811144501928,-0.4196088133437759,-0.14212323490277362,0.9564630455404838,-1.404537385736495e-6,-0.5152696219829793,-0.20524900213949562,-0.49283606363643734,0.19631380939593507
0.7274549098196392,274.07559722325624,1.0000168020008693,0.19630719090537804,-0.007397410442634385,-0.04105086560105245,0.9543640208011448,-0.0007056670903780074,-0.4195511968669764,-0.1421168120676453,0.9564649770080325,-1.3873789462828765e-6,-0.5152122071301088,-0.20524264425995642,-0.4927821470976337,0.19630811581773602
0.7294589178356713,274.83110297215717,1.0000163537227882,0.1963015352063344,-0.0073856464476098485,-0.04104959502449965,0.9543645265265694,-0.0007056527247416726,-0.41949506945726855,-0.14211065810644855,0.9564668704008196,-1.3708972139705416e-6,-0.5151562677976017,-0.20523655318981987,-0.4927296218695197,0.19630266994761064
0.7314629258517034,275.58660837845105,1.0000158951862446,0.19629612585469683,-0.007374201582877037,-0.04104837739072379,0.954365054756128,-0.0007056379283346022,-0.41944046774167165,-0.1421047721982769,0.9564687243659309,-1.3546784498889753e-6,-0.5151018426231261,-0.20523072729119246,-0.49267852431063835,0.1962974697302648
0.7334669338677354,276.34211343479086,1.0000154274551227,0.19629096682374897,-0.0073630832838358536,-0.04104721374930093,0.9543656034584475,-0.0007056229906007297,-0.41938742597339285,-0.1420991540976067,0.9564705380304974,-1.3402086426494537e-6,-0.5150489641904223,-0.2052251690474999,-0.4926288848467184,0.1962925181293352
0.7354709418837675,277.09761813462524,1.0000149515724104,0.19628605054390094,-0.007352298722415919,-0.041046102746383005,0.95436617066441,-0.0007056075516975967,-0.41933597750189755,-0.1420938011475592,0.9564723092739775,-1.3266768210484804e-6,-0.5149976683460751,-0.2052198726705645,-0.4925807368532361,0.19628780875759594
0.7374749498997996,277.8531224721826,1.0000144685587848,0.19628138299290432,-0.0073418523431659916,-0.04104504430535824,0.9543667545497282,-0.0007055917620542311,-0.4192861508170354,-0.14208871329790007,0.9564740401066216,-1.3137236768455722e-6,-0.5149479786743547,-0.20521484119187242,-0.49253410401180275,0.1962833447439809
0.7394789579158316,278.60862644245356,1.000013979411478,0.19627695363917916,-0.007331749675710106,-0.04104403817099232,0.9543673532858962,-0.0007055754694723412,-0.4192379633846796,-0.14208388463603874,0.9564757262171191,-1.3024555300805548e-6,-0.5148999170758294,-0.20521006660921695,-0.4924890048372522,0.1962791181213586
0.7414829659318637,279.36413004117236,1.0000134851013285,0.19627276544431074,-0.007321993267781132,-0.041043083778602,0.9543679652415418,-0.0007055587576363168,-0.41919143486046423,-0.14207931704809987,0.9564773694033468,-1.2914313093275843e-6,-0.5148535014997584,-0.2052055511708766,-0.49244545773371734,0.19627513066881547
0.7434869739478958,280.11963326479736,1.0000129865742375,0.196268817640249,-0.007312587802127017,-0.04104218152700068,0.9543685883456499,-0.0007055417486432702,-0.41914658197225857,-0.14207500871104606,0.9564789668460534,-1.282137387890215e-6,-0.5148087481559073,-0.20520129393459435,-0.49240347646322125,0.19627138167357774
0.7454909819639278,280.8751361104918,1.0000124847507184,0.19626511006868158,-0.007303534543768303,-0.04104133202241824,0.9543692212507183,-0.0007055249490087925,-0.41910341536316165,-0.14207096341604225,0.9564805184936934,-1.2735842255552333e-6,-0.5147656691945378,-0.20519729600835193,-0.49236307283790526,0.1962678716770085
0.7474949899799599,281.6306385761044,1.0000119805251504,0.1962616425154454,-0.007294836611805761,-0.04104053314451528,0.954369862099252,-0.0007055078236897275,-0.4190619547216695,-0.14206717298954985,0.956482025733238,-1.2658897806606506e-6,-0.5147242816466051,-0.20519355444512663,-0.49232426385100697,0.1962645982072862
0.749498997995992,282.3861406601506,1.000011474767256,0.1962584129170602,-0.0072864953338104,-0.041039786080939826,0.9543705095250222,-0.0007054909353630555,-0.4190222024728595,-0.1420636379799462,0.9564834861192916,-1.2595276973461448e-6,-0.5146845867419843,-0.2051900664891457,-0.49228704933626805,0.1962615583720797
0.751503006012024,283.141642361792,1.0000109683185776,0.196255412014531,-0.007278512195330207,-0.04103908909310611,0.9543711619417087,-0.0007054738627962838,-0.4189841644656812,-0.1420603503427649,0.956484899209051,-1.255856890595455e-6,-0.51464659250414,-0.2051868239994592,-0.49225143647431713,0.19625874499461743
0.7535070140280561,283.8971436808156,1.0000104619930612,0.19625263216745165,-0.0072708864736921175,-0.041038439683257204,0.9543718179107177,-0.0007054560830034215,-0.41894784175857114,-0.1420573033555176,0.9564862670346531,-1.2522430257893665e-6,-0.514610302021443,-0.20518382065349686,-0.49221742981805694,0.1962561510899327
0.7555110220440882,284.652644617613,1.0000099565757912,0.19625008035282135,-0.007263618033212924,-0.041037839708177794,0.9543724758629313,-0.0007054384942651162,-0.4189132287340581,-0.14205450069430647,0.9564875863461015,-1.2494525056732923e-6,-0.5145757055904747,-0.20518106078731124,-0.4921850182685848,0.1962537805342928
0.7575150300601202,285.40814517315766,1.0000094528233456,0.19624775312088522,-0.0072567054889382775,-0.0410372891941019,0.9543731344956429,-0.0007054214180957487,-0.41888032114287954,-0.14205193895498416,0.956488857619971,-1.2477726128513116e-6,-0.5145428018862516,-0.2051785418167715,-0.4921542007565946,0.19625163110287158
0.7595190380761523,286.16364534898395,1.0000089514645916,0.19624564407496967,-0.007250148531263212,-0.041036784857208845,0.9543737924583986,-0.0007054039396603656,-0.41884912504437466,-0.14204960953296264,0.956490082786593,-1.248845980644352e-6,-0.514511591653918,-0.2051762545144621,-0.49212497866217697,0.19624969521211413
0.7615230460921844,286.9191451471672,1.0000084532016476,0.19624374236454376,-0.007243944348094542,-0.04103632629906864,0.9543744486951747,-0.0007053861918929994,-0.4188196196719569,-0.14204750753791856,0.9564912602738643,-1.2502004014175163e-6,-0.5144820608334074,-0.2051741921793323,-0.49209733824598334,0.19624796485896057
0.7635270541082164,287.6746445703013,1.000007958704913,0.19624205220023205,-0.007238090261079028,-0.04103591326462975,0.9543751019669013,-0.0007053684663237732,-0.418791794990466,-0.14204563096861125,0.956492390681428,-1.2516701608637703e-6,-0.5144541956936602,-0.20517235585019475,-0.49207126672700463,0.19624644107585934
0.7655310621242485,288.43014362147574,1.0000074686166467,0.1962405720926114,-0.007232584478113135,-0.04103554660812785,0.9543757509145012,-0.000705351287044445,-0.41876563713132603,-0.1420439772415267,0.956493471273739,-1.255582699422296e-6,-0.5144279825388202,-0.2051707428005612,-0.49204674913006735,0.19624512189199525
0.7675350701402806,289.1856423042545,1.0000069835515935,0.19623929291991749,-0.007227423441965497,-0.04103522293624859,0.95437639442193,-0.0007053340606161646,-0.41874113998683343,-0.14204254158150176,0.9564945060896966,-1.2590550421095755e-6,-0.5144034155029472,-0.2051693459842461,-0.4920237825228449,0.19624399991416153
0.7695390781563125,289.9411406226563,1.0000065040971629,0.19623821070674968,-0.007222603902676012,-0.04103494275543836,0.9543770316245811,-0.0007053171790528732,-0.4187182809310722,-0.1420413148683408,0.9564954923797755,-1.2657252381111653e-6,-0.5143804715183016,-0.20516815861258875,-0.49200234268892257,0.19624306995714474
0.7715430861723446,290.69663858113216,1.000006030811086,0.19623731450215742,-0.0072181215978925515,-0.04103470351613039,0.9543776614388135,-0.0007053002281812811,-0.4186970417079921,-0.14204029021845738,0.9564964327511177,-1.2740262620262427e-6,-0.5143591342916566,-0.2051671719495094,-0.4919824157145575,0.19624232339438613
0.7735470941883766,291.4521361845437,1.0000055642223973,0.19623661154550334,-0.007213971732534253,-0.04103450505427371,0.9543782829032954,-0.000705283758564877,-0.4186774004257502,-0.14203946621356833,0.9564973250335822,-1.2816334172184357e-6,-0.5143393764424261,-0.20516638749481103,-0.49196397477852294,0.19624176002012278
0.7755511022044087,292.2076334381411,1.0000051048313325,0.19623608407705656,-0.007210149619154948,-0.04103434542651464,0.9543788951333124,-0.000705267268690189,-0.41865933309335274,-0.14203883140591955,0.9564981709435232,-1.2912776341534258e-6,-0.5143211792059571,-0.20516579219052591,-0.4919470022620152,0.1962413691018525
0.7775551102204408,292.96313034754195,1.0000046531093754,0.19623572999293035,-0.007206649544173929,-0.04103422383176643,0.9543794972899697,-0.0007052509494498099,-0.4186428119731464,-0.14203838305653102,0.9564989711755574,-1.3013719024496515e-6,-0.514304514195882,-0.2051653829048072,-0.4919314717028413,0.19624114697073144
0.7795591182364728,293.71862691870894,1.0000042094992896,0.19623554460567152,-0.007203466321913248,-0.041034139752398946,0.9543800884535935,-0.0007052349270759164,-0.4186278111451846,-0.14203811652188575,0.9564997246379932,-1.3142168083055583e-6,-0.5142893552834413,-0.20516515473346617,-0.4919173570813678,0.1962410898955867
0.7815631262525049,294.4741231579289,1.0000037744165595,0.19623552838850225,-0.007200593336313456,-0.04103409161402129,0.9543806680430978,-0.0007052192350485729,-0.4186143053383749,-0.14203802632343557,0.9565004328923293,-1.3259654433610385e-6,-0.5142756747456082,-0.20516510544118116,-0.491904633478329,0.19624119408066326
0.783567134268537,295.2296190717924,1.000003348249459,0.1962356709605773,-0.007198025163486998,-0.041034079444543715,0.9543812352966665,-0.0007052041486434806,-0.4186022608772864,-0.14203810793865826,0.9565010963239173,-1.3387617851777596e-6,-0.5142634437476559,-0.20516522757897632,-0.49189327307657965,0.19624145358308287
0.785571142284569,295.9851146671729,1.000002931359391,0.19623597808073626,-0.007195756463778066,-0.041034100562641423,0.9543817893704636,-0.0007051893718971515,-0.41859166162779565,-0.14203835697757047,0.9565017121909566,-1.3530708046654064e-6,-0.5142526352726063,-0.2051655180573685,-0.49188324853348686,0.19624186512464462
0.7875751503006011,296.74060995120794,1.0000025240835566,0.196236428209319,-0.007193779333358095,-0.04103415281904665,0.9543823300039734,-0.0007051743606253923,-0.41858246719381753,-0.1420387544749725,0.9565022862411688,-1.3664052670966586e-6,-0.5142432179118778,-0.20516596074396928,-0.4918745332768773,0.19624241317511404
0.7895791583166332,297.4961049312787,1.000002126729548,0.19623701441655056,-0.007192087115752716,-0.04103423691006856,0.9543828565161497,-0.0007051597308842615,-0.4185746367095857,-0.14203930449432012,0.9565028152223268,-1.3826323475654555e-6,-0.5142351525402417,-0.20516655254546246,-0.4918670874211116,0.19624309609735044
0.7915831663326652,298.25159961498855,1.0000017395778724,0.1962377499692503,-0.007190672872187074,-0.04103435180826511,0.9543833682799423,-0.0007051458895806457,-0.41856814242032775,-0.14204000368334269,0.9565032983507279,-1.3972535052021103e-6,-0.5142284043603349,-0.20516729726046898,-0.4918608782055669,0.19624391505078329
0.7935871743486973,299.00709401014325,1.0000013628857105,0.19623860910914984,-0.007189529393532615,-0.04103449408548702,0.9543838647938421,-0.0007051316987096442,-0.41856295505267793,-0.1420408359381041,0.9565037428954782,-1.412786692925608e-6,-0.5142229498729743,-0.2051681764090061,-0.49185588637738437,0.19624485514559487
0.7955911823647294,299.7625881247343,1.0000009968853947,0.19623959727043636,-0.007188648697279323,-0.04103466481301668,0.954384345847976,-0.0007051181285199907,-0.4185590307832305,-0.14204180323299787,0.9565041425765949,-1.4286349684326854e-6,-0.5142187423151195,-0.20516919107531498,-0.4918520641030576,0.1962459158235044
0.7975951903807614,300.5180819669184,1.0000006417830296,0.19624070718230047,-0.007188023674471696,-0.04103486202472636,0.9543848109731284,-0.0007051048977029973,-0.4185563364211503,-0.14204289717031673,0.9565045008261351,-1.445037205020848e-6,-0.514215749395874,-0.205170334267579,-0.4918493822140711,0.19624709122383122
0.7995991983967935,301.2735755449992,1.000000297761942,0.19624192690044015,-0.007187647242369556,-0.04103508593914509,0.954385259603441,-0.0007050924215511771,-0.41855483159390233,-0.14204411306451747,0.9565048182853269,-1.4630310233540176e-6,-0.5142139362927537,-0.2051715993668545,-0.49184780752106805,0.1962483756806445
0.8016032064128256,302.02906886741005,0.9999999649821992,0.19624327345676795,-0.007187511066838682,-0.04103533167292511,0.9543856917668295,-0.0007050799313345301,-0.41855449740514333,-0.14204544128647692,0.956505092531414,-1.4791885113586942e-6,-0.5142132652280066,-0.20517298332340733,-0.4918473033482752,0.1962497640170563
0.8036072144288576,302.78456194269745,0.999999643582594,0.19624471054661852,-0.00718760731283126,-0.04103560088898961,0.9543861070618214,-0.0007050678794739218,-0.4185552738582121,-0.14204687875581692,0.9565053278092427,-1.4969059949892281e-6,-0.5142136974049919,-0.20517447179490095,-0.49184783407346766,0.1962512451318363
0.8056112224448897,303.540054779503,0.9999993336765234,0.19624624858787582,-0.0071879280620406145,-0.041035892740081896,0.954386505198223,-0.0007050567257378426,-0.4185571270232317,-0.1420484158938115,0.9565055229572528,-1.5139200223627925e-6,-0.5142151917333058,-0.20517606576813974,-0.4918493602612755,0.19625281856654075
0.8076152304609218,304.2955473865458,0.9999990353563718,0.19624788499612933,-0.007188465218259862,-0.041036203780474366,0.9543868860390133,-0.0007050458516268818,-0.4185600280768255,-0.1420500487982438,0.956505678397438,-1.5307142898220142e-6,-0.5142177135335269,-0.20517775782293443,-0.4918518488588397,0.19625447755889333
0.8096192384769538,305.0510397726074,0.9999987486948521,0.1962496043300659,-0.007189210279039411,-0.04103653274952964,0.9543872494938167,-0.0007050350128336405,-0.4185639314595836,-0.14205176564831243,0.956505796560166,-1.5465684452664708e-6,-0.5142212221477317,-0.20517953649866277,-0.49185526237436145,0.19625621127481516
0.8116232464929859,305.80653194651586,0.9999984737419169,0.19625140481960307,-0.00719015505674305,-0.041036879711004934,0.9543875953982804,-0.000705024638208497,-0.4185687919469314,-0.1420535640094172,0.9565058746966979,-1.562304040024117e-6,-0.5142256723727725,-0.20518139905652275,-0.4918595559886877,0.19625801695289696
0.813627254509018,306.56202391712884,0.9999982105264792,0.19625328565949196,-0.007191290423423207,-0.04103724206046527,0.95438792386276,-0.0007050142860216373,-0.4185745748927648,-0.1420554343634097,0.9565059153888172,-1.5750295813696598e-6,-0.5142310257109142,-0.205183340472586,-0.49186469479911754,0.19625988883034334
0.81563126252505,307.3175156933184,0.9999979590585112,0.19625522769609913,-0.007192608652547208,-0.0410376220493408,0.9543882346052732,-0.0007050047032144675,-0.4185812271217858,-0.14205738003573568,0.9565059222477875,-1.5886344454921372e-6,-0.5142372412279951,-0.20518535507053404,-0.49187064071041864,0.19626182421847546
0.8176352705410821,308.07300728395705,0.9999977193285069,0.19625725127301086,-0.0071941017300028165,-0.04103801575554843,0.9543885276044473,-0.0007049954581103109,-0.4185887308725598,-0.14205939616707783,0.9565058880568095,-1.600770334770548e-6,-0.5142442840481294,-0.20518744486889,-0.49187735713361935,0.19626382235942
0.8196392785571142,308.82849869790437,0.9999974913130766,0.19625932974341032,-0.007195761349770773,-0.041038421954559784,0.9543888030636873,-0.0007049860068269588,-0.4185970389967035,-0.1420614663836776,0.9565058221378347,-1.6118313462342158e-6,-0.5142521173191527,-0.20518959253147523,-0.4918848135314612,0.19626586878612862
0.8216432865731462,309.5839899439954,0.9999972749693667,0.1962614610438526,-0.00719757927085125,-0.04103884128711481,0.9543890609633434,-0.0007049770187134712,-0.41860610533915116,-0.14206359509087638,0.9565057204756245,-1.623634454538672e-6,-0.5142606953321315,-0.2051917971917858,-0.4918929637444844,0.19626796278000086
0.8236472945891783,310.33948103102597,0.9999970702368369,0.19626365471259483,-0.007199548049170951,-0.04103927121008343,0.9543893013696161,-0.0007049682895652438,-0.41861589898410767,-0.14206576863744158,0.956505581615831,-1.6303885168326808e-6,-0.5142699797305523,-0.2051940566337048,-0.4919017715236999,0.1962700989444031
0.8256513026052104,311.0949719677404,0.9999968770403677,0.19626588985861287,-0.007201659509504054,-0.04103971272324019,0.9543895242139601,-0.0007049602601241272,-0.41862637434215455,-0.14206798940843496,0.9565054095424864,-1.637876390530695e-6,-0.5142799344294912,-0.20519636293229923,-0.49191120321468523,0.19627227349015028
0.8276553106212424,311.85046276282037,0.9999966952895597,0.19626816965540866,-0.007203904702063417,-0.0410401633086482,0.9543897298657236,-0.0007049527481317513,-0.4186375006188937,-0.14207025188487862,0.9565052031737981,-1.645963896041476e-6,-0.5142905221622257,-0.20519871242737878,-0.4919212226414662,0.19627448262498326
0.8296593186372745,312.6059534248745,0.9999965248804048,0.19627048591590232,-0.007206276519910267,-0.04104062187520047,0.9543899184602656,-0.0007049457514705599,-0.41864923524432207,-0.1420725446030546,0.9565049664295915,-1.6490808502240955e-6,-0.5143017033606146,-0.20520109784022134,-0.49193179511442553,0.19627671732606647
0.8316633266533066,313.3614439624267,0.9999963656933482,0.19627284344804585,-0.007208767877722998,-0.04104108679660525,0.9543900899960776,-0.0007049392605839536,-0.41866154505812425,-0.14207486463819918,0.9565046904224109,-1.6520523506684458e-6,-0.5143134382644361,-0.20520351518896296,-0.4919428770402606,0.19627897444213419
0.8336673346693386,314.11693438390574,0.9999962175969227,0.19627521878373907,-0.007211369635352595,-0.04104155652011822,0.95439024479357,-0.0007049328273731621,-0.4186743869781762,-0.14207720041187255,0.9565043878859534,-1.6518514433449082e-6,-0.5143256918190393,-0.20520595205018188,-0.4919544420576416,0.1962812431459499
0.8356713426853707,314.872424697636,0.9999960804441933,0.19627762298698384,-0.007214073828140368,-0.04104202938566351,0.9543903832092474,-0.0007049264610362568,-0.41868772292189893,-0.14207954501633546,0.9565040485014316,-1.6463055778744853e-6,-0.514338417888021,-0.2052084074219266,-0.4919664411739675,0.19628351924381027
0.8376753507014028,315.6279149118268,0.9999959541030581,0.19628009636818097,-0.0072169292957883525,-0.04104251726593653,0.9543905067025467,-0.0007049220026716281,-0.4187018595833312,-0.14208229658856716,0.9565041984875308,-1.4742785111172299e-6,-0.5143519688073132,-0.2052111524087077,-0.49197951512613025,0.19628608715344822
0.8396793587174348,316.3834050345588,0.9999958383747195,0.19628260045131332,-0.007219875945700697,-0.041043007639385135,0.9543906142753438,-0.0007049176780764543,-0.4187164301361641,-0.1420850869677668,0.9565043557187067,-1.287580063587059e-6,-0.5143659579033065,-0.20521393168485846,-0.4919930149385704,0.19628868179808104
0.8416833667334669,317.13889507378025,0.9999957330748902,0.1962851020877126,-0.007222898155501152,-0.041043501294026466,0.9543907063582632,-0.000704913653693452,-0.41873135024895247,-0.1420878731292318,0.956504471154678,-1.1116467106542147e-6,-0.5143803102564867,-0.2052167063604469,-0.49200683850578336,0.196291268998584
0.843687374749499,317.8943850372984,0.9999956380119913,0.1962876005516766,-0.007225990161480501,-0.04104399854073112,0.9543907829821365,-0.0007049103306776391,-0.41874658316083824,-0.14209065986055558,0.9565045506978898,-9.446735875066262e-7,-0.5143949900530645,-0.20521947716794864,-0.49202095497653225,0.1962938497383452
0.845691382765531,318.64987493277226,0.9999955529848911,0.19629010434688635,-0.007229145309058794,-0.041044496696720306,0.9543908445233155,-0.0007049072621866935,-0.41876210785383533,-0.14209343689427503,0.95650458731724,-7.873550547771454e-7,-0.5144099684591635,-0.20522224075450718,-0.492035333010138,0.19629641972449807
0.8476953907815631,319.40536476770677,0.9999954777866477,0.19629260583513367,-0.007232357319539188,-0.04104499617446241,0.954390891157677,-0.0007049049759278559,-0.41877788861473614,-0.14209620604779089,0.9565045847882916,-6.387464229249488e-7,-0.5144252139173944,-0.20522499428592814,-0.4920499445559544,0.19629897653490647
0.8496993987975952,320.1608545494473,0.9999954122029729,0.19629508822108382,-0.007235618639901009,-0.041045495117720286,0.9543909234987605,-0.0007049029767665466,-0.41879389481503754,-0.14209895141688159,0.9565045517254988,-4.972035282011108e-7,-0.5144406980262267,-0.2052277258243315,-0.49206476721497927,0.19630150967297585
0.8517034068136272,320.91634428517455,0.9999953560103787,0.19629756587902764,-0.007238923561863513,-0.041045990911581794,0.954390941760459,-0.0007049011130334817,-0.4188100961711061,-0.1421016745426673,0.9565044763142001,-3.654557460321156e-7,-0.5144563821898445,-0.20523043489088297,-0.4920797574303534,0.19630401766008052
0.8537074148296593,321.67183398189735,0.9999953089786403,0.1963000102887664,-0.007242264298634467,-0.04104648457746773,0.9543909463507425,-0.0007048994717531458,-0.4188264510322581,-0.1421043637904406,0.9565043739854786,-2.40456398533608e-7,-0.5144722354754107,-0.20523311080004525,-0.4920948941767027,0.19630649187503055
0.8557114228456913,322.42732364644706,0.9999952708679508,0.19630242997485794,-0.007245633340740285,-0.04104697602806635,0.9543909377352824,-0.0007048984629025488,-0.41884292646487586,-0.14210702734815817,0.9565042402887931,-1.2540961799627602e-7,-0.5144882208316183,-0.2052357580879531,-0.49211013906554185,0.19630893739178334
0.8577154308617234,323.18281328547135,0.9999952414317604,0.19630484093181316,-0.00724902586610757,-0.04104746443209417,0.9543909161083458,-0.0007048984210540805,-0.4188594974970362,-0.1421096657333034,0.9565040698886316,-1.5946595030484736e-8,-0.5145043099547589,-0.2052383821151114,-0.49212546317411554,0.19631135599505403
0.8597194388777555,323.9383029054303,0.9999952204215635,0.19630722169891576,-0.007252435376882358,-0.041047947897492124,0.9543908820219719,-0.0007048984690556969,-0.41887614275718904,-0.14211226701044652,0.9565038750589132,8.827718464357063e-8,-0.5145204840747478,-0.205240970415697,-0.49214085493277915,0.19631373810304617
0.8617234468937875,324.6937925125951,0.9999952075843792,0.19630957873487143,-0.007255857137630017,-0.041048425207313964,0.954390835806341,-0.0007048985374274039,-0.41889283100981206,-0.14211482737685602,0.9565036475953165,1.874663753554542e-7,-0.5145367091233974,-0.20524352010913277,-0.4921562775744788,0.19631607917135632
0.8637274549098196,325.4492821130438,0.9999952026624209,0.19631189280424713,-0.007259283777581086,-0.04104889743535391,0.9543907779207946,-0.0007048988001642882,-0.41890952901559086,-0.14211734852476007,0.9565033975949088,2.751949696547084e-7,-0.514552957565008,-0.20524602638584422,-0.49217170863611304,0.19631837997852875
0.8657314629258517,326.20477171265776,0.9999952053924667,0.19631417581703095,-0.0072627106019822,-0.0410493635964913,0.9543907087368437,-0.0007048993335042863,-0.4189262112602376,-0.1421198223231873,0.9565031202669951,3.6235797526644876e-7,-0.5145692002454922,-0.20524849049857008,-0.492187120001533,0.19632063513371945
0.8677354709418837,326.96026131711807,0.9999952155084476,0.1963164219643364,-0.007266130546956493,-0.04104982382014616,0.9543906289003581,-0.0007049002674228044,-0.41894285228407796,-0.1421222593453749,0.9565028201111675,4.386237393944923e-7,-0.5145854129848905,-0.20525091365104292,-0.4922024887360408,0.1963228520282382
0.8697394789579158,327.71575093190404,0.9999952327424767,0.1963186328414919,-0.0072695409609108775,-0.04105027822573536,0.9543905385659364,-0.000704901730468281,-0.41895942936392816,-0.14212465181516556,0.956502497557151,5.10653311906866e-7,-0.5146015730393619,-0.20525329385650481,-0.4922177946722626,0.1963250254225811
0.8717434869739479,328.4712405622923,0.9999952568257623,0.1963208092549744,-0.007272937411949608,-0.04105072453699969,0.9543904380955367,-0.0007049032368261261,-0.4189759274129488,-0.14212699515223817,0.9565021510921247,5.803934075768077e-7,-0.5146176627398414,-0.20525562707524514,-0.4922330205296727,0.19632715014053606
0.8737474949899798,329.2267302133565,0.9999952874895718,0.19632294068606307,-0.007276313560148636,-0.041051162271405525,0.9543903281787685,-0.0007049046547321895,-0.4189923201441063,-0.14212928484351142,0.9565017831360698,6.419821956796119e-7,-0.5146336579737694,-0.20525790689121137,-0.49224814328567046,0.19632922355857535
0.8757515030060119,329.98221988996664,0.9999953244629457,0.19632501977668895,-0.007279664853135929,-0.04105159281089705,0.9543902092953063,-0.0007049064826869481,-0.4190085781811736,-0.1421315209790237,0.9565014005312023,6.982280061305319e-7,-0.5146495310701624,-0.20526013236056725,-0.49226314056970977,0.1963312447333866
0.877755511022044,330.73770959678626,0.9999953674719252,0.19632705458840302,-0.007282987640294924,-0.04105201646309207,0.9543900815640821,-0.0007049091742426936,-0.4190246827232983,-0.14213371093360516,0.9565010000445852,7.462297271235976e-7,-0.514665262130374,-0.2052623093824066,-0.4922779910887484,0.19633322013721483
0.879759519038076,331.4931993382728,0.9999954162436713,0.19632906135574713,-0.007286278293476148,-0.04105242822215464,0.9543899456253692,-0.0007049116616264481,-0.4190406269001586,-0.14213584445275876,0.956500572179637,7.953584285713771e-7,-0.5146808392962564,-0.20526443519462642,-0.49229268053556363,0.19633514035604666
0.8817635270541081,332.2486891186789,0.9999954705099762,0.1963309945445006,-0.007289531590109872,-0.04105283264374465,0.9543898019026296,-0.0007049145037567535,-0.4190563798339883,-0.142137915412186,0.9565001406374933,8.348404315530357e-7,-0.5146962400173405,-0.205266495608091,-0.49230719732694495,0.1963370022280733
0.8837675350701402,333.0041789420531,0.9999955299971056,0.19633289660821504,-0.007292744593890822,-0.04105322472351288,0.9543896509438178,-0.0007049172396249657,-0.41907192653328196,-0.14213992952268165,0.9564996822758175,8.747419535050813e-7,-0.5147114409126509,-0.20526850214495332,-0.4923215092536493,0.1963388068431895
0.8857715430861722,333.7596688122379,0.9999955944354302,0.19633472960820575,-0.007295913300616236,-0.041053610227833694,0.9543894928478263,-0.000704920955902628,-0.4190872422517438,-0.1421418850813172,0.9564992196981759,9.04234807764734e-7,-0.5147264260418924,-0.20527044715201928,-0.4923356104797843,0.1963405570944512
0.8877755511022043,334.5151587328719,0.9999956635538544,0.1963365258136866,-0.0072990342703058994,-0.04105398173762758,0.9543893283524888,-0.0007049239993664019,-0.4191023249041777,-0.1421437779940124,0.9564987358261102,9.360018467452426e-7,-0.5147411839318036,-0.20527233384201712,-0.492349483843689,0.1963422460212659
0.8897795591182364,335.2706487073911,0.9999957370868419,0.19633826032170304,-0.0073021035393417266,-0.04105434425824565,0.9543891578419379,-0.000704927527003176,-0.4191171459372141,-0.14214561015915692,0.9564982422299843,9.62066881704233e-7,-0.5147556935121286,-0.20527415800985546,-0.4923631135096966,0.1963438760822619
0.8917835671342684,336.0261387390301,0.9999958147677542,0.19633994123737936,-0.00730511818495533,-0.041054696138276184,0.9543889817630348,-0.0007049311827570276,-0.4191316951354633,-0.14214738198547897,0.9564977385794959,9.811826286803787e-7,-0.5147699412634803,-0.20527592231711603,-0.4923764861203879,0.19634545039781762
0.8937875751503005,336.7816288308236,0.9999958963335142,0.1963415719147213,-0.007308076868166729,-0.041055036901352926,0.9543888004292193,-0.0007049348180157666,-0.4191459609482531,-0.14214909122590294,0.9564972220915974,1.0018706065418844e-6,-0.5147839149871641,-0.20527762524384835,-0.4923895903242784,0.19634696255642775
0.8957915831663326,337.5371189856088,0.9999959815246335,0.19634314585514875,-0.0073109757448844405,-0.04105536736337136,0.9543886143236042,-0.0007049386964947097,-0.41915992992300394,-0.14215073869470254,0.9564966959606874,1.0174278156986923e-6,-0.514797603465286,-0.2052792664780881,-0.4924024156598619,0.19634841636612357
0.8977955911823646,338.29260920602815,0.9999960700851034,0.19634466530975933,-0.007313813071182948,-0.041055686453107566,0.9543884236829993,-0.0007049425450605389,-0.4191735928845257,-0.1421523230161578,0.956496160718315,1.0288133806899154e-6,-0.5148109957798376,-0.20528084519496909,-0.49241495215466763,0.19634981065355772
0.8997995991983967,339.0480994945321,0.9999961617632577,0.1963461240193953,-0.007316586144457786,-0.041055996453299236,0.954388229005131,-0.0007049471076771005,-0.41918693597881096,-0.14215384668301126,0.9564956220329304,1.0337147187509112e-6,-0.5148240789320288,-0.20528236235520145,-0.4924271898190207,0.19635114869209988
0.9018036072144288,339.803589853382,0.9999962563093782,0.19634753691054874,-0.007319292824554878,-0.04105629282659732,0.9543880308755324,-0.0007049513526477345,-0.41919995638137886,-0.14215530697759582,0.9564950692562484,1.0407873386543286e-6,-0.514836849246406,-0.20528381815082558,-0.4924391214324086,0.19635242402368686
0.9038076152304608,340.55908028465325,0.9999963534810994,0.19634888310134918,-0.007321932129955814,-0.04105657917752953,0.9543878295468036,-0.0007049559491729024,-0.4192126378295525,-0.14215669946191792,0.9564945146654933,1.0434947509798376e-6,-0.5148492907827671,-0.20528520550706203,-0.49245073672717066,0.19635363576695086
0.9058116232464929,341.31457079023807,0.9999964530359085,0.19635017967571802,-0.0073245017307747235,-0.04105685109233149,0.954387625395832,-0.0007049599368120663,-0.41922497471643605,-0.14215802533996377,0.9564939472386425,1.0467395912343372e-6,-0.5148613976673074,-0.20528652803823172,-0.49246202541714373,0.19635478259239558
0.907815631262525,342.0700613718481,0.9999965547384568,0.19635140572697585,-0.007326998807742961,-0.04105711335582053,0.9543874187758903,-0.0007049642846674669,-0.41923695282486917,-0.14215928489456944,0.9564933819654418,1.0422782540391044e-6,-0.514873156110241,-0.20528778351127513,-0.49247298033809783,0.1963558696857948
0.909819639278557,342.8255520310176,0.9999966583539247,0.19635258472041173,-0.007329422663736146,-0.041057363089297014,0.9543872101201839,-0.0007049685356806129,-0.41924856774462965,-0.14216048358076935,0.9564928062525431,1.040828547889784e-6,-0.5148845612435302,-0.2052889787313288,-0.49248359255056323,0.19635689545289708
0.9118236472945891,343.5810427691059,0.9999967636554467,0.19635370326914708,-0.007331771284286453,-0.04105760311641941,0.9543869997115704,-0.000704973253885439,-0.41925981388289346,-0.1421616213998859,0.9564922308529363,1.0317559753690174e-6,-0.5148956078828163,-0.2052901136647541,-0.49249386044951515,0.1963578675446334
0.9138276553106212,344.33653358730294,0.9999968704210792,0.19635477156890976,-0.0073340452958370805,-0.04105783183993278,0.9543867877908457,-0.0007049781063141686,-0.41927069201795114,-0.14216270074500995,0.9564916505334511,1.0234995110213751e-6,-0.5149062954595922,-0.20529118983807781,-0.4925037825296426,0.19635878200185747
0.9158316633266532,345.09202448663376,0.9999969784359205,0.1963557873298587,-0.007336243153684971,-0.04105804879431106,0.9543865749051083,-0.0007049830212778437,-0.4192811972723749,-0.14216371726457094,0.9564910644096392,1.0135082770301357e-6,-0.514916621441525,-0.20529220427173336,-0.49251335539016766,0.1963596371066135
0.9178356713426853,345.8475154679633,0.9999970874912818,0.1963567389246683,-0.007338365017022002,-0.04105825437325914,0.9543863612152256,-0.0007049877675687577,-0.41929132637775807,-0.14216466644166542,0.956490480121063,1.0029102862839352e-6,-0.5149265788361418,-0.20529315053956837,-0.49252257650869,0.1963604276999948
0.9198396793587174,346.6030065320001,0.9999971973810404,0.19635763653259808,-0.0073404074044407614,-0.04105844834110009,0.9543861474144146,-0.0007049927213433235,-0.41930106897068414,-0.1421655547874726,0.9564898921599632,9.874217573258236e-7,-0.5149361614863254,-0.20529403766758467,-0.49253143628112017,0.19636116349058197
0.9218436873747494,347.3584976792989,0.9999973079048414,0.19635848268949344,-0.00734237293364055,-0.04105863012100847,0.9543859333236985,-0.0007049975215205311,-0.41931042649535816,-0.1421663824023439,0.9564893000013304,9.739258886072256e-7,-0.5149453679494371,-0.20529486358600424,-0.4925399344708671,0.19636183884662073
0.9238476953907815,348.11398891026556,0.9999974188688996,0.19635926994289843,-0.00734425873491901,-0.04105880026978121,0.9543857195504237,-0.0007050021014820048,-0.41931939676757085,-0.1421671465455865,0.9564887084660306,9.579245837246442e-7,-0.5149541972142666,-0.20529562686522868,-0.49254807167036335,0.19636245570676172
0.9258517034068136,348.8694802251614,0.9999975300846429,0.19635999780821856,-0.007346065090269058,-0.04105896130812958,0.9543855063098373,-0.0007050071187671533,-0.4193279751880906,-0.14216785157698136,0.9564881205097776,9.399487600052557e-7,-0.5149626426504581,-0.20529633009765455,-0.4925558431695158,0.1963630168841631
0.9278557114228456,349.6249716241069,0.9999976413674523,0.1963606830975564,-0.007347791696557935,-0.041059110260344596,0.9543852939771045,-0.0007050120366711546,-0.41933616308124755,-0.14216850220702204,0.9564875274308678,9.211484808143169e-7,-0.5149707088404125,-0.20529698076277425,-0.4925632491070895,0.1963635271543223
0.9298597194388777,350.3804631070866,0.9999977525426528,0.19636131243521943,-0.0073494388542820095,-0.041059249275184444,0.954385082754101,-0.0007050170262664748,-0.4193439650575325,-0.1421690952843718,0.9564869387468597,8.993745037757535e-7,-0.5149783973277994,-0.20529757433079387,-0.4925702954202349,0.19636398524537638
0.9318637274549098,351.1359546739551,0.9999978634406307,0.19636189330383497,-0.007351008173841887,-0.041059377019762366,0.9543848728936851,-0.0007050217344176576,-0.41935138069909,-0.14216963228422475,0.9564863482134648,8.809863101487177e-7,-0.5149857085495587,-0.20529811036574588,-0.4925769806175158,0.196364386183498
0.9338677354709418,351.89144632444146,0.9999979738987416,0.19636241558412934,-0.007352499067860667,-0.04105949659819045,0.9543846644288123,-0.0007050268743553531,-0.4193584108240157,-0.1421701115874175,0.9564857643154211,8.557575458621693e-7,-0.5149926414433575,-0.2052985902905959,-0.49258330595358524,0.19636473833814014
0.9358717434869739,352.64693805815375,0.9999980837586384,0.19636290094527853,-0.007353911831530711,-0.041059604145502394,0.95438445771825,-0.0007050319003490074,-0.41936505762005855,-0.14217054217531572,0.9564851733188968,8.354634693032423e-7,-0.5149992040541441,-0.2052990202546371,-0.4925892744686537,0.19636503870743455
0.937875751503006,353.40242987458385,0.9999981928723912,0.19636333010960225,-0.007355246611531497,-0.041059701861565635,0.954384252994993,-0.0007050369448436038,-0.41937132668850735,-0.14217091397593867,0.9564845899705717,8.092166534356444e-7,-0.5150053956925028,-0.2052993940520654,-0.49259489086326425,0.1963652899901538
0.939879759519038,354.1579217731134,0.9999983010950004,0.196363709293685,-0.007356503044062426,-0.041059788716919045,0.9543840508821212,-0.0007050416908587842,-0.41937721532355093,-0.14217123205524246,0.9564840085763666,7.862155256724739e-7,-0.5150112164402788,-0.20529971237141872,-0.49260015417240993,0.1963654869387754
0.9418837675350701,354.9134137530166,0.9999984082866586,0.19636404189860965,-0.007357682932117548,-0.04105986577543128,0.9543838513573142,-0.0007050463952933762,-0.41938272340465516,-0.14217149972277565,0.9564834279682728,7.643849658577722e-7,-0.5150166656167102,-0.2052999791637497,-0.4926050627180783,0.19636563416136193
0.9438877755511021,355.6689058134639,0.9999985143137706,0.19636432594202965,-0.0073587867142650264,-0.041059934782088005,0.9543836544785127,-0.0007050513691148632,-0.4193878580684764,-0.14217171767189407,0.9564828535735144,7.390887818599263e-7,-0.5150217480655109,-0.20530019745764183,-0.49260962297719235,0.1963657380566948
0.9458917835671342,356.42439795352715,0.999998619049203,0.19636457205089974,-0.007359814676779139,-0.04105999395875759,0.9543834605438263,-0.0007050562474915536,-0.4193926248141205,-0.14217189026940494,0.9564822798467598,7.125409061409426e-7,-0.5150264734998363,-0.2053003726907738,-0.4926138418394738,0.19636580154723068
0.9478957915831663,357.1798901721861,0.9999987223747375,0.1963647765771892,-0.007360769381387338,-0.04106004402793266,0.9543832696551906,-0.0007050610002676177,-0.4193970308910782,-0.14217201809127525,0.9564817078582561,6.896290760125288e-7,-0.5150308471638746,-0.20530050016993112,-0.49261772587618147,0.1963658178464427
0.9498997995991983,357.9353824683331,0.9999988241787104,0.19636493199865515,-0.007361651180204433,-0.04106008665812806,0.9543830819682784,-0.0007050659306688365,-0.41940108268473175,-0.14217209612922793,0.9564811456780365,6.611209717317552e-7,-0.515034871228949,-0.20530058060626408,-0.49262127942572453,0.196365794046291
0.9519038076152304,358.6908748407778,0.9999989243532442,0.196365051662042,-0.0073624612497664695,-0.04106011872325209,0.9543828977428096,-0.0007050703494765564,-0.4194047821531358,-0.14217213226816713,0.9564805810468215,6.387465144220869e-7,-0.5150385555696774,-0.20530061607895975,-0.4926245080278536,0.19636572357739168
0.9539078156312625,359.44636728825185,0.9999990227989651,0.19636512337227463,-0.007363200142008886,-0.0410601426470349,0.9543827171667167,-0.0007050745295325889,-0.4194081345997202,-0.14217211904432614,0.956480024332037,6.13399550847213e-7,-0.5150418991523429,-0.20530060364739375,-0.4926274141645495,0.19636561044557146
0.9559118236472945,360.2018598094126,0.9999991194194218,0.19636515584776296,-0.007363868999565426,-0.04106015967380268,0.9543825402924373,-0.0007050789687315065,-0.4194111430110796,-0.14217206491345855,0.9564794740347515,5.851305056647614e-7,-0.5150449049382054,-0.20530055227484398,-0.4926299999071893,0.1963654628904011
0.9579158316633266,360.9573524028469,0.999999214124021,0.19636515884305034,-0.0073644698783692205,-0.04106016756306155,0.9543823671183538,-0.0007050830296933448,-0.41941381703810565,-0.14217197688201766,0.9564789220773531,5.627068160256785e-7,-0.5150475886514202,-0.20530046375388797,-0.4926322779358206,0.19636527645251076
0.9599198396793587,361.7128450670766,0.9999993068323281,0.19636512032564052,-0.007365003346544384,-0.04106016962302676,0.9543821979208362,-0.0007050873042319178,-0.4194161662722665,-0.14217184700175303,0.9564783807148803,5.352164807289379e-7,-0.5150499519913032,-0.20530033624962757,-0.492634253948042,0.19636505751304154
0.9619238476953907,362.4683378005645,0.9999993974667218,0.1963650530967325,-0.007365471309426235,-0.04106016454329884,0.9543820328987684,-0.0007050917325168582,-0.4194181949930813,-0.14217168584288897,0.956477841236706,5.106548997168367e-7,-0.5150520050945167,-0.20530017547825707,-0.4926359347949807,0.19636480563313022
0.9639278557114228,363.2238306017172,0.9999994859578372,0.1963649513028461,-0.007365876817887966,-0.04106015239228698,0.9543818719050086,-0.0007050960795740121,-0.419419915745912,-0.14217148859142642,0.9564773069449467,4.875338785748303e-7,-0.5150537570660638,-0.20529997694305538,-0.4926373305811195,0.1963645179561974
0.9659318637274549,363.97932346889144,0.9999995722421817,0.19636481060045818,-0.007366219507792396,-0.04106013298473351,0.9543817152278148,-0.0007051001044243523,-0.41942133463898973,-0.14217124981914694,0.9564767814768753,4.610930572844424e-7,-0.5150552130207514,-0.20529974026387424,-0.4926384470952596,0.19636419731724605
0.9679358717434869,364.73481640039756,0.9999996562595098,0.19636464202008674,-0.007366501764383266,-0.041060105774593535,0.954381562890635,-0.0007051038503215966,-0.41942245201729084,-0.1421709805177847,0.9564762562117419,4.391760238523455e-7,-0.5150563787863467,-0.20529947003026855,-0.49263928708214666,0.19636384229639348
0.969939879759519,365.4903093945024,0.999999737956075,0.19636443513601493,-0.007366724536413258,-0.041060073288756396,0.9543814149010789,-0.0007051075424066197,-0.4194232803473893,-0.14217067457269197,0.9564757414392935,4.149144409018855e-7,-0.5150572584899478,-0.20529916404220233,-0.49263985837945046,0.19636345643943817
0.9719438877755511,366.2458024494333,0.9999998172808233,0.19636420604872928,-0.007366888385214325,-0.04106003419150995,0.9543812715194987,-0.0007051111801592751,-0.41942382191077604,-0.14217034343037002,0.9564752290478526,3.9274693256775073e-7,-0.515057862985207,-0.20529883276655447,-0.49264016810216016,0.19636304580625122
0.9739478957915831,367.00129556338226,0.9999998941910702,0.19636394772131452,-0.007366996671140435,-0.04105999092014513,0.9543811325257262,-0.0007051150316554852,-0.41942409272659376,-0.14216998316353635,0.9564747265664565,3.678650984377406e-7,-0.5150581997949378,-0.20529847414675592,-0.4926402263368179,0.19636261245209374
0.9759519038076151,367.7567887345103,0.9999999686482826,0.19636366514566406,-0.007367050892522129,-0.04105994064302261,0.9543809981991285,-0.0007051181951744069,-0.41942409922286594,-0.14216959806772506,0.9564742262079908,3.487577883583282e-7,-0.5150582826842917,-0.2052980865132308,-0.4926400439817811,0.19636214880913605
0.9779559118236472,368.5122819609524,1.0000000406209537,0.1963633540040729,-0.007367052364650732,-0.04105988716128766,0.9543808684956838,-0.0007051216697287398,-0.4194238497251518,-0.14216918473239998,0.9564737363222303,3.2504512112931403e-7,-0.5150581127271544,-0.20529767388085648,-0.49263962423422514,0.1963616657779589
0.9799599198396792,369.2677752408205,1.0000001100798364,0.1963630258712125,-0.007367003675202345,-0.04105982817687409,0.954380743367859,-0.0007051250052940798,-0.41942335210192283,-0.14216875387898448,0.9564732479980128,3.0613415579760475e-7,-0.5150577052838898,-0.20529724012699205,-0.49263897912778265,0.19636116039253626
0.9819639278557113,370.0232685722075,1.000000177004328,0.19636267264225268,-0.007366906779092727,-0.04105976548378029,0.9543806228095042,-0.000705128433827619,-0.4194226207982374,-0.14216829795764396,0.9564727692471877,2.8496570259889906e-7,-0.5150570675518822,-0.20529678289902364,-0.49263811822422654,0.1963606356833687
0.9839679358717434,370.7787619531919,1.0000002413764697,0.1963622990394975,-0.007366762648332497,-0.04105969714836208,0.9543805069554393,-0.0007051314829190038,-0.4194216600873202,-0.142167819671841,0.9564722945045961,2.6584027262704683e-7,-0.5150562105840546,-0.20529630300541926,-0.4926370501121983,0.19636008906622074
0.9859719438877754,371.53425538184104,1.0000003031840903,0.1963619020305216,-0.0073665736180678065,-0.0410596256253392,0.9543803957688384,-0.0007051347174263197,-0.41942047933708554,-0.14216732007257032,0.9564718286825608,2.460551758843747e-7,-0.5150551370159097,-0.20529580126971977,-0.49263577928804847,0.19635952372931811
0.9879759519038075,372.28974885621335,1.0000003624170104,0.19636148574319717,-0.007366341127292056,-0.041059549933465785,0.9543802892029952,-0.0007051378237257466,-0.41941908618513085,-0.14216680138278334,0.9564713683945747,2.2747169303863697e-7,-0.5150538578815866,-0.2052952799648071,-0.49263431494377086,0.1963589401927133
0.9899799599198396,373.0452423743621,1.0000004190699887,0.19636105661653702,-0.007366066327652447,-0.041059470067526437,0.954380187349226,-0.0007051409876764129,-0.4194174867036056,-0.14216626849155103,0.9564709125227663,2.104137147145397e-7,-0.5150523829992527,-0.20529474462598685,-0.4926326659611504,0.19635834335446073
0.9919839679358716,373.800735934338,1.0000004731434695,0.19636060569337296,-0.0073657516833972045,-0.0410593868699498,0.9543800902477773,-0.0007051439242907343,-0.41941569577059523,-0.14216571668629682,0.9564704666456327,1.9410860161222805e-7,-0.5150507195935385,-0.20529418899117455,-0.49263084196516865,0.1963577287682505
0.9939879759519037,374.5562295341933,1.0000005246399377,0.19636013790029797,-0.007365398961752527,-0.041059300285766494,0.9543799977624227,-0.0007051466107811718,-0.41941371743110245,-0.14216514632017735,0.9564700279189543,1.7645559551635937e-7,-0.5150488735603854,-0.20529361788213596,-0.4926288466991354,0.19635710154405403
0.9959919839679358,375.3117231719833,1.000000573565132,0.196359657189977,-0.0073650096751856735,-0.041059210700643375,0.9543799099631473,-0.0007051490599058783,-0.4194115593666036,-0.14216456789258475,0.9564695932855642,1.637042971008775e-7,-0.5150468557870123,-0.20529303305089872,-0.492626690284964,0.19635645951116948
0.9979959919839678,376.0672168457697,1.000000619929775,0.19635916741683446,-0.007364585681386684,-0.041059120337379816,0.9543798266545879,-0.0007051520457966113,-0.41940923296664656,-0.14216397907028774,0.9564691676984304,1.4732042421598096e-7,-0.5150446738119827,-0.20529244247594527,-0.49262438073222636,0.19635581571314545
1.0,376.8227105535292,1.0000006628679832,0.1963559030836232,-0.007362665995614621,-0.0410587942396732,0.9543797323574003,-0.0007051796844537115,-0.4193994233137765,-0.14216303147915074,0.9564735122102798,4.5558845467794534e-7,-0.5150424473320581,-0.20529123431966456,-0.4926245520653878,0.1963553932683204
