time,angle,w,q_f,z_vc_d,z_vc_q,z_cc_d,z_cc_q,i_vsc_d,i_vsc_q,v_sh_d,v_sh_q,i_bus_d,i_bus_q,i_L_f,v_dc_f,i_dc_f,i_load_f,x_1,x_2,i_L,v_dc,i_load,p_vsc,p_sh,p_load
0.0,-0.0017823570497950143,1.0,0.04005103695221772,-0.0009485724835955883,-0.008109693717324354,0.9857332395646088,0.0001232093552425706,-0.39983582990362865,0.02464187104851061,0.9877324187141269,0.0,-0.4986090717750412,-0.04054846858662178,-0.15825686359172783,1.05,-0.3753604112341561,0.3,-0.08289645235757173,0.5238095238095238,-0.15825686359172783,1.05,0.3,-0.3941284317958639,-0.49249234445716716,0.315
0.002004008016032064,0.011403487173597194,1.0000000000041307,0.040051127053545695,-0.0009486261644186687,-0.00810970408993854,0.9857332341849951,0.0001232103145113898,-0.3998356137703966,0.024641833607315644,0.9877314451820628,-3.876414503198568e-8,-0.49860853860050197,-0.040548506513423545,-0.15825686268406577,1.0499999996427334,-0.37536039532938936,0.3,-0.08289645235760745,0.5238095240204195,-0.15825677364182378,1.0499999967884959,0.3,-0.3941278308898971,-0.49249133084016194,0.31499999903654874
0.004008016032064128,0.02458933139664036,0.9999999999967063,0.04005113315666362,-0.0009486278633741295,-0.00810970433272986,0.9857332323977349,0.00012321053407568952,-0.39983566009927224,0.024641834589020663,0.9877314288541639,-4.014497764289654e-8,-0.49860861436487014,-0.040548503631911016,-0.15825683518257483,1.0499999990942621,-0.3753603955938276,0.3,-0.0828964523305344,0.5238095241946545,-0.15825668966321962,1.0499999987935411,0.3,-0.3941278699704532,-0.4924913974777892,0.3149999996380623
0.0060120240480961915,0.0377751756198326,1.0000000000205005,0.04005110520530955,-0.0009486331266889475,-0.008109700686461689,0.9857332310501182,0.00012321079497379147,-0.39983565813312916,0.024641864746944086,0.9877314026973539,-4.28917574854068e-8,-0.4986086456114454,-0.04054847200722704,-0.15825682192820975,1.0499999992320748,-0.3753604069442664,0.3,-0.08289645229483178,0.5238095237462939,-0.15825686481753196,1.0500000021204547,0.3,-0.39412785763812347,-0.49249141518762557,0.3150000006361364
0.008016032064128256,0.05096101984343818,1.0000000000545175,0.04005107009275524,-0.0009486336648897699,-0.008109694583772982,0.9857332299423892,0.00012321100968915993,-0.39983562277663365,0.02464189869220677,0.9877313775730525,-4.2896872689627944e-8,-0.4986086439327069,-0.0405484368326067,-0.15825685263385322,1.0499999996680671,-0.37536042035914746,0.3,-0.0828964522730684,0.5238095232058423,-0.15825708747888792,1.0500000021901965,0.3,-0.39412781280294246,-0.49249140100208305,0.31500000065705897
0.01002004008016032,0.06414686406748626,1.0000000000835236,0.04005104134432375,-0.0009486288976622124,-0.008109688618659823,0.985733229015346,0.0001232111825973004,-0.39983556246692425,0.024641923669514537,0.9877313548144595,-4.038324078284658e-8,-0.49860861757488345,-0.04054841079809913,-0.15825689799680417,1.0499999997838532,-0.3753604303722098,0.3,-0.08289645226355326,0.5238095232681012,-0.15825706909443568,1.0500000001712475,0.3,-0.39412774430650044,-0.49249136372192814,0.31500000005137424
0.012024048096192383,0.077332708291841,1.000000000098005,0.04005102644464294,-0.0009486206818968372,-0.008109684714689914,0.985733228198716,0.00012321133011866404,-0.39983548980550654,0.02464193325388157,0.9877313344146766,-3.638290459702065e-8,-0.4986085791616062,-0.040548400193119616,-0.1582569094293364,1.049999999624654,-0.37536043408813613,0.3,-0.08289645225177589,0.5238095238194299,-0.15825684915113764,1.049999999858509,0.3,-0.39412766456957143,-0.49249131577063066,0.3149999999575527
0.014028056112224447,0.09051855251628615,1.0000000000953335,0.040051026714989495,-0.0009486116569531218,-0.008109683672450926,0.9857332274159752,0.00012321147145055958,-0.39983541853843446,0.024641927349854636,0.9877313163195077,-3.2106250822566636e-8,-0.49860854242017255,-0.0405484049894539,-0.15825688219698528,1.0499999996845037,-0.37536043124918744,0.3,-0.08289645223650856,0.523809524167868,-0.15825670912328413,1.0500000019133995,0.3,-0.39412758712278245,-0.49249127063097087,0.31500000057401983
0.01603206412825651,0.10370439674061295,1.0000000000789764,0.04005103830281076,-0.0009486041241476086,-0.008109685194345125,0.985733226604885,0.0001232116212632283,-0.39983535913492113,0.02464191081150682,0.9877313005455081,-2.8563046997208018e-8,-0.4986085178702288,-0.04054842025601037,-0.1582568548100238,1.0500000000980152,-0.37536042388040425,0.3,-0.08289645223139681,0.5238095239984962,-0.1582567806712445,1.050000003327216,0.3,-0.39412752229534903,-0.4924912386608429,0.31500000099816483
0.018036072144288574,0.11689024096468549,1.0000000000560232,0.040051054587752724,-0.0009485994041947994,-0.00810968822419314,0.9857332257351222,0.0001232117864484266,-0.3998353162479217,0.02464189079770677,0.9877312872104381,-2.6293531849081152e-8,-0.4986085101764695,-0.04054843884050197,-0.15825685416345797,1.0500000004379044,-0.37536041519825264,0.3,-0.08289645224320237,0.523809523695781,-0.1582569074567806,1.0500000019971618,0.3,-0.39412747472316884,-0.4924912245045214,0.3150000005991485
0.02004008016032064,0.13007608518846825,1.0000000000340974,0.04005106894491384,-0.0009485976087227401,-0.008109691451619806,0.9857332248090866,0.00012321196665744294,-0.3998352885516552,0.0246418739567009,0.9877312765067165,-2.5303421427351882e-8,-0.4986085179296494,-0.04054845417870666,-0.15825686567686006,1.0500000003209788,-0.37536040818183963,0.3,-0.08289645225991901,0.5238095237106396,-0.15825690205173118,1.0499999995353924,0.3,-0.394127443177465,-0.49249122686576,0.3149999998606177
0.022044088176352703,0.1432619294120149,1.0000000000187927,0.04005107681539317,-0.0009485978835844036,-0.008109693803691,0.9857332238544726,0.0001232121546038464,-0.39983527048466155,0.02464186439108328,0.9877312685385456,-2.5167442775108268e-8,-0.49860853556175083,-0.04054846221278745,-0.1582568626119847,1.0499999999070928,-0.37536040452706326,0.3,-0.08289645226460364,0.5238095239548103,-0.1582567982246606,1.049999998778052,0.3,-0.3941274222174189,-0.4924912403140536,0.3149999996334156
0.024048096192384766,0.15644777363543155,1.0000000000123543,0.040051076736580364,-0.0009485989015490712,-0.008109694722965273,0.9857332229094088,0.00012321234045851708,-0.3998352550147536,0.024641862966637257,0.9877312634049877,-2.5294713370744455e-8,-0.4986085559366528,-0.040548462158137795,-0.1582568457380442,1.0499999996385303,-0.3753604044205008,0.3,-0.08289645225433209,0.5238095240156395,-0.15825676677016332,1.0500000000113707,0.3,-0.394127404950071,-0.49249125787418485,0.3150000000034112
0.026052104208416832,0.16963361785883127,1.0000000000136864,0.040051070153019126,-0.0009485994071722504,-0.008109694228351907,0.9857332220072963,0.0001232125169947906,-0.39983523624207085,0.024641867707214975,0.987731261122404,-2.5133636329334118e-8,-0.49860857300830375,-0.040548456057355915,-0.15825683877774896,1.0499999996615164,-0.3753604069430202,0.3,-0.08289645223945864,0.5238095237748345,-0.15825686033631356,1.0500000010591275,0.3,-0.3941273855649704,-0.49249127360480394,0.3150000003177382
0.028056112224448895,0.18281946208229602,1.000000000019457,0.040051060225833844,-0.00094859855666126,-0.008109692800008282,0.9857332211676164,0.00012321267870242384,-0.3998352110159202,0.024641875089381055,0.9877312616269764,-2.435495851429488e-8,-0.49860858359492627,-0.04054844741300217,-0.15825685250706417,1.0499999997241019,-0.3753604106474291,0.3,-0.08289645222739868,0.5238095235428146,-0.1582569535099304,1.0500000005286207,0.3,-0.3941273609299147,-0.4924912843447005,0.3150000001585862
0.03006012024048096,0.19600530630585797,1.0000000000256644,0.04005105053105978,-0.0009485961658679911,-0.008109691098056397,0.9857332203918588,0.00012321282580405083,-0.3998351793509678,0.024641881501348176,0.9877312647989647,-2.2906345716950945e-8,-0.4986085876339008,-0.04054843983504152,-0.1582568704248294,1.0499999996006875,-0.3753604140459525,0.3,-0.08289645221433795,0.5238095235962777,-0.15825693103167,1.0499999994662723,0.3,-0.394127331011055,-0.4924912899744417,0.3149999998398817
0.03206412825651302,0.20919115052950005,1.0000000000290759,0.04005104374216436,-0.0009485925628915761,-0.008109689730303002,0.9857332196670148,0.00012321296144173963,-0.3998351437696878,0.024641884441538302,0.9877312705545586,-2.0967038725490827e-8,-0.4986085876077309,-0.04054843577081515,-0.15825687258781315,1.0499999993960414,-0.375360416017408,0.3,-0.08289645219386822,0.5238095238187865,-0.15825683823437708,1.049999999507894,0.3,-0.3941272982613549,-0.4924912928970174,0.31499999985236815
0.03406813627254509,0.22237699475317277,1.000000000028091,0.04005104102754483,-0.0009485884093091667,-0.008109689055837522,0.9857332189732276,0.00012321309091828676,-0.39983510792060195,0.02464188307156934,0.9877312788292943,-1.885275523324216e-8,-0.4986085870604947,-0.04054843603774427,-0.15825686104882492,1.0499999993469222,-0.37536041610668486,0.3,-0.08289645216772953,0.5238095239063988,-0.15825679975423165,1.050000000530973,0.3,-0.3941272662521965,-0.4924912965680803,0.3150000001592919
0.03607214428857715,0.23556283897681748,1.000000000022892,0.04005104197042845,-0.0009485843858430781,-0.00810968913558172,0.9857332182898578,0.0001232132185636254,-0.39983507514034117,0.02464187811164713,0.9877312895440236,-1.6879730378661794e-8,-0.49860858937920366,-0.0405484398786579,-0.1582568532827526,1.0499999994667937,-0.37536041461477737,0.3,-0.08289645214347371,0.5238095237863156,-0.1582568468473076,1.0500000010269894,0.3,-0.3941272382419022,-0.4924913042808006,0.31500000030809683
0.038076152304609215,0.24874868320038762,1.000000000015002,0.04005104508818855,-0.0009485809932454983,-0.0081096897692445,0.9857332176044654,0.00012321334716703226,-0.39983504748822446,0.024641871270563304,0.9877313027043392,-1.526056683905899e-8,-0.4986085965363969,-0.04054844558685154,-0.15825685711626145,1.0499999995379912,-0.3753604123537483,0.3,-0.08289645212384165,0.5238095236666385,-0.15825689447484462,1.0500000002958705,0.3,-0.394127216263346,-0.4924913179776853,0.3150000000887611
0.04008016032064128,0.261934527423861,1.0000000000064695,0.040051048530240926,-0.0009485784175187913,-0.008109690627948807,0.9857332169136874,0.00012321347752527022,-0.39983502535893894,0.02464186445699678,0.9877313182842508,-1.4067638830989157e-8,-0.4986086089051319,-0.040548451249500454,-0.15825686274068065,1.0499999994172131,-0.375360410197923,0.3,-0.08289645210326091,0.5238095237112955,-0.15825687382582856,1.049999999282052,0.3,-0.39412720069571594,-0.4924913380113214,0.31499999978461557
0.04208416833667334,0.27512037164724157,0.9999999999991139,0.04005105078800687,-0.0009485765589197586,-0.008109691377158569,0.9857332162212445,0.00012321360907663798,-0.39983500776133923,0.024641859138095634,0.9877313362815558,-1.3242990846477338e-8,-0.4986086254060306,-0.040548455435683514,-0.15825685943154236,1.0499999992079108,-0.37536040873668697,0.3,-0.08289645207539806,0.5238095238271895,-0.15825682195958957,1.0499999991281017,0.3,-0.3941271905613193,-0.4924913633168255,0.3149999997384305
0.044088176352705406,0.2883062158705528,0.9999999999939855,0.04005105103699758,-0.0009485750993223997,-0.0081096918022183,0.9857332155354698,0.00012321373943854607,-0.3998349929674046,0.02464185598342849,0.9877313566572831,-1.2649712883872662e-8,-0.4986086442857066,-0.04054845748023244,-0.15825685074130164,1.0499999990905258,-0.3753604081837658,0.3,-0.08289645204055263,0.5238095238288611,-0.15825681578821912,1.0499999996830365,0.3,-0.3941271841411244,-0.49249139214844334,0.31499999990491095
0.04609218436873747,0.3014920600938257,0.9999999999912331,0.04005104929467402,-0.0009485736828276925,-0.00810969183056578,0.9857332148662581,0.00012321386584192854,-0.39983497918944927,0.02464185484201891,0.987731379405215,-1.214261227202927e-8,-0.4986086636521552,-0.04054845756796803,-0.15825684806624826,1.0499999990836162,-0.3753604084580909,0.3,-0.08289645200349303,0.5238095237034525,-0.1582568622520914,1.0499999999308351,0.3,-0.39412717967049926,-0.49249142264017,0.31499999997925054
0.04809619238476953,0.3146779043170878,0.99999999999021,0.04005104623579655,-0.0009485720224418066,-0.008109691534950012,0.9857332142209052,0.0001232139867927475,-0.39983496519148276,0.024641854907759084,0.9877314044238484,-1.1593901501621267e-8,-0.4986086821989866,-0.040548456503289136,-0.15825685431089645,1.049999999056681,-0.3753604092628437,0.3,-0.08289645196621433,0.5238095236083729,-0.15825689731347597,1.0499999994730047,0.3,-0.3941271758900242,-0.49249145345621453,0.3149999998419014
0.0501002004008016,0.3278637485403554,0.9999999999898855,0.04005104280510689,-0.0009485699923378435,-0.008109691076892666,0.9857332136010782,0.0001232141018671089,-0.3998349505306853,0.02464185518634794,0.9877314316131767,-1.0958635733963353e-8,-0.4986086994842452,-0.04054845527422722,-0.1582568608715328,1.0499999989357032,-0.37536041018851457,0.3,-0.08289645192593459,0.5238095236422845,-0.15825687958977183,1.049999998954291,0.3,-0.3941271723232341,-0.49249148411200194,0.3149999996862873
0.052104208416833664,0.3410495927636306,0.999999999989267,0.0400510398558293,-0.0009485676118131407,-0.008109690633190416,0.9857332130047911,0.00012321421169253347,-0.3998349356823676,0.024641854867399723,0.9877314609019594,-1.0265299704197906e-8,-0.49860871582225963,-0.04054845469579764,-0.15825686018472296,1.0499999987982385,-0.3753604108476785,0.3,-0.08289645188004316,0.5238095237250887,-0.1582568412011768,1.0499999990292617,0.3,-0.3941271694101248,-0.49249151488132836,0.3149999997087785
0.05410821643286573,0.3542354369869046,0.9999999999877044,0.04005103791156705,-0.0009485650207490865,-0.0081096903340635,0.985733212427269,0.00012321431728023032,-0.3998349214503171,0.02464185350202958,0.987731492196409,-9.58470933174125e-9,-0.49860873201580724,-0.040548455207196576,-0.15825685508933438,1.049999998747645,-0.37536041101035705,0.3,-0.08289645183018236,0.5238095237298801,-0.15825683446921904,1.0499999994672449,0.3,-0.39412716790576474,-0.49249154650748755,0.31499999984017346
0.05611222444889779,0.3674212812101629,0.9999999999850171,0.04005103705551782,-0.0009485624216469965,-0.008109690237084518,0.9857332118620039,0.0001232144198714018,-0.399834908820053,0.024641851088595613,0.9877315253770316,-9.005675915211048e-9,-0.4986087490026961,-0.040548456790650916,-0.15825685324633826,1.0499999987677404,-0.3753604106794382,0.3,-0.08289645177997987,0.5238095236553598,-0.1582568607025139,1.0499999995694935,0.3,-0.39412716873405274,-0.4924915798536002,0.31499999987084804
0.058116232464929855,0.38060712543339176,0.999999999981458,0.040051037020866063,-0.0009485599725007242,-0.00810969031749555,0.9857332113050765,0.00012321452079285496,-0.3998348985238368,0.024641847980095985,0.9877315603695723,-8.607547570462604e-9,-0.49860876743092325,-0.040548459098266744,-0.15825685625354283,1.0499999987557271,-0.37536041004127957,0.3,-0.08289645173026024,0.5238095236053802,-0.15825687725771084,1.0499999991568907,0.3,-0.3941271725875176,-0.49249161551947224,0.3149999997470672
0.06012024048096192,0.39379296965658256,0.9999999999775253,0.04005103734092251,-0.000948557764202363,-0.008109690502574369,0.9857332107531077,0.00012321462060439683,-0.3998348908915826,0.024641844682450825,0.9877315970783369,-8.422392886432172e-9,-0.49860878759013433,-0.04054846162076385,-0.15825685862579733,1.04999999866561,-0.37536040932571724,0.3,-0.08289645167843815,0.5238095236332426,-0.15825686148967175,1.0499999987314024,0.3,-0.39412717975311057,-0.49249165374218157,0.3149999996194207
0.06212424849699398,0.40697881387973367,0.9999999999737639,0.040051037547411426,-0.0009485558045277831,-0.008109690699026529,0.9857332102064151,0.00012321471930200784,-0.39983488582309973,0.024641841675109917,0.987731635427354,-8.459546043160473e-9,-0.498608809318032,-0.04054846388649881,-0.1582568563993653,1.0499999985575195,-0.37536040871893234,0.3,-0.08289645162233523,0.5238095236771882,-0.15825683828594758,1.049999998723128,0.3,-0.39412719010200686,-0.4924916943231638,0.3149999996169384
0.06412825651302605,0.4201646581028501,0.9999999999705647,0.04005103732316686,-0.0009485540393279816,-0.008109690831954803,0.9857332096659823,0.00012321481646782094,-0.3998348828993351,0.02464183925407437,0.9877316753155289,-8.689248195101066e-9,-0.4986088321294085,-0.0405484656102652,-0.1582568524236961,1.04999999850209,-0.3753604083137353,0.3,-0.08289645156282714,0.5238095236596247,-0.1582568399609424,1.0499999989431568,0.3,-0.39412720318074285,-0.49249173673396424,0.314999999682947
0.06613226452905811,0.4333505023259399,0.9999999999680734,0.04005103657946099,-0.0009485523752749235,-0.008109690863947522,0.9857332091350244,0.00012321491137636778,-0.39983488163915676,0.024641837465693407,0.9877317166261044,-9.067330148869398e-9,-0.4986088554621249,-0.04054846674766591,-0.15825685173920315,1.0499999984874604,-0.3753604081350065,0.3,-0.08289645150209042,0.5238095235935722,-0.15825686180065635,1.0499999989391098,0.3,-0.3941272184682298,-0.49249178036291547,0.3149999996817329
0.06813627254509018,0.446536346549012,0.9999999999662119,0.04005103542263005,-0.0009485507272883664,-0.008109690796742699,0.9857332086145992,0.00012321500362866877,-0.3998348816015161,0.02464183616953667,0.9877317592548487,-9.5603610836859e-9,-0.49860887884914745,-0.04054846743824028,-0.15825685461090502,1.0499999984509008,-0.3753604081442574,0.3,-0.08289645144050901,0.523809523553341,-0.1582568733822537,1.0499999986394628,0.3,-0.39412723548812895,-0.49249182469809816,0.31499999959183883
0.07014028056112225,0.45972219077207277,0.9999999999647449,0.04005103407823637,-0.0009485490485304028,-0.00810969066433952,0.985733208105066,0.00012321509310146475,-0.39983488263033384,0.024641835135693253,0.9877318030511669,-1.0139177925587584e-8,-0.4986089019933812,-0.040548467928443105,-0.1582568568255314,1.0499999983725945,-0.3753604082388573,0.3,-0.0828964513765559,0.5238095235688379,-0.1582568620637954,1.0499999983893555,0.3,-0.39412725402602494,-0.4924918693721569,0.31499999951680663
0.0721442885771543,0.47290803499512535,0.9999999999634098,0.04005103277977273,-0.0009485473200191581,-0.008109690511986596,0.9857332076068137,0.00012321517971665853,-0.3998348846677436,0.024641834126434548,0.9877318479245712,-1.0810572325392196e-8,-0.49860892484484515,-0.040548468442869696,-0.158256855790994,1.0499999982977322,-0.3753604083031677,0.3,-0.08289645130933036,0.5238095235932518,-0.1582568467836999,1.049999998429225,0.3,-0.3941272739890386,-0.4924919142903304,0.3149999995287675
0.07414829659318636,0.4860938792181695,0.9999999999619802,0.04005103172146884,-0.000948545569532847,-0.008109690380120244,0.9857332071185241,0.00012321526392858925,-0.39983488786967436,0.02464183296993573,0.9877318937142192,-1.1577074241769958e-8,-0.4986089474708642,-0.040548469161317664,-0.15825685359216599,1.0499999982675567,-0.3753604082417355,0.3,-0.08289645123994893,0.5238095235768221,-0.15825684823323713,1.0499999985816661,0.3,-0.39412729546635694,-0.49249195943881774,0.3149999995744998
0.07615230460921843,0.4992797234412026,0.9999999999603432,0.04005103098094648,-0.0009485438450169243,-0.008109690296533658,0.9857332066383396,0.0001232153459758585,-0.3998348924839215,0.02464183160780021,0.9877319402789071,-1.2461837936152938e-8,-0.49860897004117755,-0.04054847013149587,-0.15825685342387572,1.04999999826456,-0.3753604080352969,0.3,-0.08289645117004792,0.5238095235326776,-0.1582568613735318,1.0499999985448054,0.3,-0.3941273186458714,-0.4924920049139313,0.3149999995634416
0.0781563126252505,0.5124655676642217,0.9999999999585061,0.04005103053970143,-0.0009485421955658617,-0.0081096902648493,0.9857332061645965,0.00012321542631467248,-0.3998348986951134,0.024641830088425434,0.9877319874841953,-1.3480836700010705e-8,-0.4986089927063083,-0.0405484713089876,-0.15825685515164248,1.0499999982428967,-0.3753604077182842,0.3,-0.08289645109977536,0.523809523509306,-0.1582568661947309,1.0499999983056751,0.3,-0.39412734365583557,-0.49249205079666725,0.31499999949170254
0.08016032064128256,0.5256514118872241,0.9999999999565737,0.040051030300534515,-0.0009485406546467247,-0.008109690271805005,0.9857332056958392,0.00012321550505331718,-0.3998349067227328,0.024641828543149162,0.987732035170504,-1.4644126872503808e-8,-0.4986090155510674,-0.04054847257354885,-0.158256856010773,1.0499999981917865,-0.3753604073474318,0.3,-0.08289645102798819,0.5238095235201594,-0.15825685684851623,1.0499999981145378,0.3,-0.39412737064857195,-0.4924920970908203,0.31499999943436136
0.08216432865731463,0.538837256110209,0.9999999999546941,0.040051030127478356,-0.0009485392461473998,-0.008109690294774397,0.9857332052313781,0.00012321558227892628,-0.39983491645766345,0.024641827097031683,0.9877320832021895,-1.5956747025075064e-8,-0.49860903848048765,-0.040548473784611,-0.15825685473444084,1.0499999981433112,-0.37536040696835266,0.3,-0.08289645095407404,0.5238095235305518,-0.15825684741799328,1.0499999981146566,0.3,-0.39412739946259784,-0.492492143634751,0.314999999434397
0.08416833667334668,0.5520231003331776,0.9999999999529928,0.04005102992471296,-0.0009485379641314494,-0.008109690308353675,0.9857332047705704,0.0001232156583014581,-0.3998349278776489,0.02464182586106761,0.9877321314272388,-1.740760892681411e-8,-0.4986090613756888,-0.04054847484398817,-0.1582568530764906,1.0499999981228578,-0.3753604066130453,0.3,-0.08289645087875806,0.5238095235108361,-0.15825685032562675,1.04999999817234,0.3,-0.3941274300149383,-0.492492190235692,0.314999999451702
0.08617234468937875,0.5652089445561324,0.9999999999515485,0.04005102962281902,-0.0009485367872563318,-0.008109690299743105,0.9857332043142518,0.0001232157327146628,-0.39983494085210414,0.024641824904166214,0.9877321796666577,-1.8975326542149504e-8,-0.4986090840092425,-0.04054847569395426,-0.1582568530967477,1.0499999981170107,-0.37536040631127293,0.3,-0.08289645080301483,0.5238095234749255,-0.15825686011457402,1.0499999981003365,0.3,-0.3941274621050206,-0.49249223658062413,0.31499999943010093
0.08817635270541081,0.5783947887790762,0.9999999999503717,0.04005102923201338,-0.0009485356929212293,-0.008109690261777639,0.985733203862597,0.0001232158054448977,-0.39983495518104495,0.024641824193712573,0.9877322277685211,-2.06484402249867e-8,-0.4986091061483291,-0.04054847635387856,-0.1582568544253128,1.0499999980977368,-0.3753604060652034,0.3,-0.08289645072683882,0.5238095234558966,-0.15825686317689583,1.0499999979138592,0.3,-0.39412749547509446,-0.4924922823642973,0.31499999937415774
0.09018036072144288,0.591580633002012,0.9999999999494157,0.04005102880377678,-0.0009485346612441959,-0.008109690199260304,0.9857332034159721,0.00012321587678187565,-0.39983497078899216,0.02464182369274637,0.9877322755432952,-2.2399369574187216e-8,-0.49860912760407805,-0.04054847688253283,-0.15825685510246365,1.0499999980626222,-0.3753604058517507,0.3,-0.08289645064952589,0.5238095234598014,-0.1582568568064655,1.0499999977825656,0.3,-0.3941275299744558,-0.49249232730677295,0.3149999993347697
0.09218436873747494,0.6047664772249418,0.9999999999486122,0.04005102839425204,-0.0009485336915989298,-0.008109690125516674,0.9857332029737027,0.0001232159464750395,-0.3998349875794621,0.024641823331490315,0.9877323228401026,-2.4227316119231184e-8,-0.4986091482614855,-0.04054847733436028,-0.15825685438630874,1.0499999980349235,-0.37536040563118767,0.3,-0.08289645057087326,0.5238095234620407,-0.15825685110119617,1.049999997780946,0.3,-0.3941275654478621,-0.49249237121926137,0.3149999993342838
0.09418837675350701,0.617952321447866,0.9999999999478892,0.040051028065898844,-0.0009485327812877155,-0.0081096900526586,0.985733202535946,0.00012321601455029187,-0.399835005572171,0.024641823054810937,0.9877323694555328,-2.611894137514973e-8,-0.4986091680419902,-0.040548477771591825,-0.15825685350852753,1.0499999980293453,-0.3753604053742023,0.3,-0.08289645049155703,0.5238095234447173,-0.1582568535211984,1.0499999978031866,0.3,-0.3941276018330631,-0.4924924139232836,0.31499999934095596
0.09619238476953906,0.6311381656707853,0.9999999999472,0.04005102786938398,-0.0009485319467511911,-0.008109689987960866,0.9857332021015388,0.00012321608126665686,-0.39983502479139243,0.024641822830374246,0.9877324151951039,-2.8060464993703786e-8,-0.498609186887538,-0.04054847823681082,-0.15825685371773685,1.049999998033765,-0.37536040506948454,0.3,-0.08289645041229753,0.5238095234192768,-0.15825685952968924,1.0499999977270906,0.3,-0.39412763907584564,-0.4924924552650857,0.31499999931812717
0.09819639278557113,0.6443240098936991,0.9999999999465281,0.04005102780977811,-0.0009485312015827944,-0.008109689937438104,0.9857332016701505,0.00012321614675403142,-0.3998350452276779,0.024641822635256383,0.9877324598793038,-3.005751981897197e-8,-0.4986092047468861,-0.040548478730211925,-0.15825685459571734,1.0499999980289656,-0.37536040472420157,0.3,-0.08289645033308014,0.5238095234067628,-0.15825686039059444,1.049999997578351,0.3,-0.39412767709528396,-0.49249249510431853,0.31499999927350525
0.1002004008016032,0.6575098536703335,0.9999989798477898,0.03917413866339577,-0.0005191952059190666,-0.008080756474446144,0.9858380187118677,0.0001287126215128366,-0.37670285936776066,0.025889868893551257,0.9769841460775739,-0.0006134195205938157,-0.46181059186381374,-0.03820225960987231,-0.1582572611176055,1.0500002848637433,-0.37550190968039676,0.3,-0.08289645061076281,0.5238093709625407,-0.15832242011474587,1.050026875751919,0.3,-0.36733572608752113,-0.45115819272987157,0.31500806272557574
0.10220440881763526,0.6706952996649269,0.9999281850130509,0.06400383067273865,0.02275836298593725,-0.010953445390802601,0.9860769278276375,0.00002646502895649493,-0.20308805732048482,-0.009324828468446563,0.9617831354143531,0.0060229548277543855,-0.29903421587697326,-0.0738605935508926,-0.15456499048893702,1.0496920704062858,-0.35310618323852455,0.3,-0.08289303983790348,0.5239678133768142,-0.08956948902789456,1.0458635992929177,0.3,-0.1951761729982869,-0.28805092476083605,0.3137590797878753
0.10420841683366733,0.683879489155226,0.9998180132295389,0.09053937708009803,0.037563137765101166,-0.016359548455043633,0.9857492743995165,0.000047214818144118275,-0.1566327789317835,-0.03245913326159393,0.9669245139388118,0.004181562000577839,-0.2533577778516015,-0.09610313952619504,-0.12318171086350943,1.0485058183800255,-0.3187483422042392,0.3,-0.0828594114763751,0.5244518465285767,0.12818845492497055,1.0409932524527052,0.3,-0.15145986639987857,-0.24537970743815624,0.3122979757358116
0.1062124248496994,0.6970621330617551,0.9996944301940814,0.09680710524763624,0.04637742081883396,-0.01899368176952362,0.985461029049277,0.0000865150915584501,-0.12111757964567586,-0.03701886199420062,0.9680437872475104,0.0017662605294530569,-0.21775346588709987,-0.10101159837191523,-0.06160593921258153,1.0468717924415583,-0.28450733456188865,0.3,-0.08276741410544954,0.5246931360142822,0.26671680706884004,1.0383484861281438,0.3,-0.11723230613602481,-0.210973302602841,0.3115045458384431
0.10821643286573146,0.7102430557239832,0.999556585501519,0.10708266206593807,0.05427868225659019,-0.020977488485252518,0.985197672304854,0.00006922632883954616,-0.08110273215058762,-0.04930487486401728,0.9666512204294423,0.002813459080355379,-0.17740485716485654,-0.11355852162824512,-0.004932495704981598,1.0450679505390086,-0.2499549031924141,0.3,-0.08260672599204158,0.5244159026025468,0.2112822495989062,1.0352435656226056,0.3,-0.07849172914218142,-0.17180811394234619,0.31057306968678167
0.11022044088176351,0.7234220720332403,0.9994063357349016,0.13184600167520572,0.060460189646838525,-0.02493405043716903,0.9848440272263587,0.00002402038007836136,-0.05282391738603573,-0.07706856756943935,0.9648334958251814,0.005313636032957393,-0.14879600476541097,-0.14143545102966273,0.0247466921417291,1.0427608598719258,-0.2156004902824755,0.3,-0.08236533005985688,0.5240180749923296,0.12256320890203287,1.029222207839424,0.3,-0.05133214954061875,-0.1443149059515606,0.3087666623518272
0.11222444889779558,0.7365990769982564,0.9992536252640183,0.16432806860906013,0.06247167053895359,-0.030885846351710745,0.9843341050464202,-5.867736160391362e-6,-0.05011555094744672,-0.11150288619580592,0.963443874951731,0.006586483856065582,-0.14591350523992203,-0.17571521647064914,0.04453079870748172,1.0396185989663267,-0.18480727486229004,0.3,-0.08201495089522758,0.5239053736097364,0.16775443150092792,1.0220463053229563,0.3,-0.04894321024959855,-0.1417368183326892,0.30661389159688685
0.11422845691382764,0.749774123353475,0.9991112606429164,0.19205276297443274,0.05952468200095891,-0.036987032563125244,0.9836812218831604,-3.270704898354835e-6,-0.07303381363057426,-0.13947452994904022,0.9625893336090446,0.005604800802922132,-0.16886021157939607,-0.20333561016764923,0.07814627534637017,1.0359015702039007,-0.16151898465856582,0.3,-0.08152530848951703,0.5239165789772983,0.2836064089700391,1.016928037156931,0.3,-0.07095936153883756,-0.16368269412842346,0.3050784111470793
0.11623246492985971,0.7629474154697623,0.9989885915238903,0.20629532819733162,0.05301759835087665,-0.04122842611467214,0.9829524254558507,0.000023273258746223915,-0.11069898976427427,-0.15239877411484068,0.9621614287336113,0.0029403131300135828,-0.20669077891039864,-0.21585950653137342,0.11884365340264458,1.0321961283882721,-0.14789451837306075,0.3,-0.08088513097153925,0.5236170112849627,0.2928952543304852,1.0144457205224575,0.3,-0.1067810000040567,-0.1995045896837846,0.30433371615673727
0.11823647294589178,0.7761192389941634,0.998888399429413,0.205193728675728,0.045517170957083235,-0.04256750245855713,0.9822282781639214,0.000054489185224943855,-0.14878946948018199,-0.14907904716159645,0.9620360777575455,-0.00014400795554843075,-0.24500230115283364,-0.21223785573889906,0.13942929551751876,1.0287850967442267,-0.1434475780309558,0.3,-0.08010234606203125,0.5229400612205175,0.16185366262345485,1.0122678605449467,0.3,-0.14289755471888943,-0.23567048890295011,0.303680358163484
0.12024048096192384,0.789289873394201,0.9988072529033283,0.19258696663843883,0.039443968117185854,-0.04119455085369295,0.981571892017347,0.00007317374722708527,-0.1760033308937644,-0.13432998735249624,0.9621484829772023,-0.002485975281617297,-0.2723836032573953,-0.19735894344712443,0.13059718190788056,1.0254611134800165,-0.1456064100100053,0.3,-0.07918569808156445,0.5222736163973929,0.04055063223186453,1.0085818503666466,0.3,-0.1687622882002926,-0.2615828412069514,0.302574555109994
0.1222444889779559,0.8024595249856543,0.9987379904148779,0.17521965418562216,0.036229380243791284,-0.03818441365335389,0.981013000899544,0.00007073488148777308,-0.18721649242025848,-0.11572738877589105,0.9623881444526939,-0.003461235522776573,-0.28369238864304963,-0.178798687586611,0.11352859916080839,1.022002899924863,-0.1508628368994488,0.3,-0.07813330297653742,0.5219374132097766,0.056304848564985154,1.004513477830767,0.3,-0.17953215878454995,-0.27240332713263643,0.30135404334923005
0.12424849699398796,0.8156282982675982,0.998672839182943,0.1599095535849104,0.036035015421551096,-0.03491797860214264,0.9805464046427708,0.00004785718708651019,-0.18378469194836794,-0.10037767794826183,0.9626494414864566,-0.00305694439379327,-0.28026323132219166,-0.1636098164095796,0.11261157108422057,1.018552749736086,-0.1559352658514323,0.3,-0.07694147425849189,0.5218037151273337,0.15995386452863952,1.0018903702022497,0.3,-0.17639411962186674,-0.26929509699045456,0.3005671110606749
0.12625250501002003,0.8287962061520735,0.9986060297043645,0.15134701813148066,0.03798815497659841,-0.03254995854041191,0.9801416161117423,0.00001187375060669166,-0.17153873477390477,-0.0927193887122362,0.9628131975920908,-0.0017147661134716684,-0.2679558838583313,-0.15614373257533726,0.12789394653577763,1.0154022216580754,-0.15870542980663924,0.3,-0.0756166089381884,0.5215279742434942,0.21531575213915724,1.0006744263477234,0.3,-0.16481065355988425,-0.2577237113698037,0.300202327904317
0.1282565130260521,0.8419632071632721,0.9985351951474396,0.15102240536353825,0.04070445548947042,-0.031681123676029536,0.9797578528963761,-0.00002682477951701907,-0.15791891310338202,-0.09370204477679275,0.9628275109201982,-0.00007770054120084115,-0.2542150526848134,-0.15728367358446402,0.14134704345830182,1.0126063269613912,-0.15864839461642685,0.3,-0.0741730017156016,0.5210057861047015,0.17912808329033397,0.9991957098561633,0.3,-0.1518728010494061,-0.2447530253884064,0.29975871295684897
0.13026052104208416,0.8551292516877822,0.9984613568240948,0.1574162638874491,0.042853185637399704,-0.03229944347226066,0.9793593728944975,-0.00005978679181777937,-0.149160189480417,-0.10131070526682537,0.9626864844035329,0.0012649791037692194,-0.2453186690249448,-0.1649674831919748,0.14327409343812586,1.0099240269637835,-0.15661477270325627,0.3,-0.07262061738960754,0.5204489514150956,0.13383655298633856,0.9963646510325936,0.3,-0.14356009124338065,-0.23637364746121722,0.29890939530977806
0.13226452905811623,0.8682943201379995,0.9983878011072346,0.16717826069767883,0.04358250059710291,-0.03392222824494008,0.9789256363649417,-0.00008222441402009835,-0.14854427270185405,-0.11188359522412776,0.9624200607878753,0.0019530438143025124,-0.24463136387559156,-0.17552400939164226,0.1425641344262566,1.0071459660310051,-0.15416682644741478,0.3,-0.07095906209069584,0.520049644268531,0.15623789828914275,0.9930620087470292,0.3,-0.14300758482781953,-0.23578093817257162,0.29791860262410874
0.1342685370741483,0.8814584424535628,0.9983184786880516,0.17669447293441035,0.04266427925585588,-0.03586000338292108,0.9784545430053118,-0.00009353900633277433,-0.15613133442679408,-0.1216870106104535,0.9621166474086283,0.0019233895099345622,-0.2521897560115773,-0.18524217337175153,0.15073275340525694,1.0043516231003793,-0.15285242437937482,0.3,-0.06918512878173086,0.5197270365268296,0.21565078863942508,0.9907717325198202,0.3,-0.15025468394313993,-0.2429922554177194,0.297231519755946
0.13627254509018036,0.8946216968434757,0.9982565656077278,0.1832898477163327,0.04043413571000212,-0.03748421257105406,0.9779584224267449,-0.00009683235694085842,-0.16941622615495316,-0.12809309962272386,0.9618404986592471,0.0013521424104128168,-0.26548187974642956,-0.19153326482615554,0.16486273327842157,1.0017743482631039,-0.15368522675300983,0.3,-0.06730284952026108,0.5192704632336758,0.22832482569256174,0.9897194649154928,0.3,-0.16289903905905134,-0.25561020385067634,0.29691583947464784
0.13827655310621242,0.9077841932815036,0.9982036228692428,0.18584079143668422,0.03755378793580418,-0.03841082216483877,0.9774566213002829,-0.0000969951927928584,-0.18472313846582128,-0.13015171995147487,0.9616254648051195,0.0005437931600288778,-0.28083429362801837,-0.19348801238758467,0.17195306375257904,0.9995085490062808,-0.1569472482138522,0.3,-0.06532362278676039,0.5186363760012725,0.17394500669927834,0.988827421505282,0.3,-0.1774499389620765,-0.2701626256009445,0.2966482264515846
0.1402805611222445,0.9209460506048529,0.9981594662974003,0.18475835704454543,0.03471686360922427,-0.03856555466614069,0.9769677996788704,-0.00009863095600013444,-0.19868757963236602,-0.12850820394948523,0.9614907807489441,-0.00019162561940642053,-0.29483265071995773,-0.1917784963344952,0.16638445654020448,0.9974334170952596,-0.1622699524788285,0.3,-0.0632579849600079,0.5179958469099997,0.11693209521337498,0.9872830874383872,0.3,-0.19073169503774853,-0.283442125857864,0.29618492623151615
0.14228456913827653,0.9341073758860496,0.998122604040782,0.18148018395848103,0.032435302476974945,-0.03813418627083571,0.9765042891033779,-0.00010478690863251642,-0.20915488324576573,-0.12482554952421822,0.9614065846160433,-0.0006379700990199193,-0.3053250252780181,-0.188071562908676,0.15644012971206933,0.9954248614847951,-0.168863534777912,0.3,-0.06111066186713302,0.5175020991039069,0.11685201249800889,0.9855824728584862,0.3,-0.20070661107389087,-0.29342150571673475,0.29567474185754583
0.1442885771543086,0.9472682519194671,0.9980909761890091,0.17779653311880467,0.030923786614799758,-0.037443283108340955,0.9760693723848373,-0.00011632698366325756,-0.2156173567124513,-0.12101361899108988,0.9613530604638802,-0.0007234658068630396,-0.3117957791696033,-0.1842770434035741,0.1528214853922244,0.9935343421027112,-0.17581091738245835,0.3,-0.05888475466526586,0.5171094213003471,0.15635276424866257,0.9846470316642121,0.3,-0.2068911808466575,-0.299612508404526,0.2953941094992636
0.14629258517034066,0.9604287347861606,0.9980627028863136,0.17522723174186744,0.030089545780930094,-0.03682759654918692,0.9756586357998447,-0.00013216716623526122,-0.2189955372157406,-0.11859939557329456,0.9612942995679865,-0.0005025080000502695,-0.3151516866036432,-0.1819006770088927,0.15589768066488308,0.9919036537355208,-0.18237263023409975,0.3,-0.05658788336357097,0.5166642936000158,0.1751526365553333,0.9845533564766659,0.3,-0.21014944010148975,-0.30286211328590723,0.29536600694299975
0.14829659318637273,0.9735888599823507,0.9980366013423366,0.17458923801896023,0.029646081076240005,-0.03652107061042489,0.9752628196873833,-0.0001500582383200186,-0.22097560500978725,-0.11831345601102072,0.9612022989371817,-0.00011594142497389384,-0.3171073004736732,-0.18165205747112467,0.15763748005168562,0.9905715462936724,-0.18819101200714408,0.3,-0.054231800945118314,0.5161146297896391,0.15138021978531696,0.9845211502959316,0.3,-0.21207440065434502,-0.3047832052266657,0.29535634508877945
0.1503006012024048,0.9867486532177395,0.9980123720745256,0.17591865617581895,0.0292357300131973,-0.03660580270290343,0.9748718415299811,-0.00016750637605483307,-0.22337494879921088,-0.12005199834960348,0.9610697269280924,0.00027901598423294295,-0.3194499855087952,-0.1834150726454513,0.15342277512669517,0.9894290695105723,-0.19332110732807406,0.3,-0.05182661167999807,0.5155577335979191,0.12180345452387671,0.9839729609440755,0.3,-0.21439085322121895,-0.3070648860771382,0.2951918882832226
0.15230460921843686,0.9999081414407275,0.9979904571380718,0.17860063686255095,0.02857475089270597,-0.037023814704232286,0.9744781048075536,-0.0001827750541607972,-0.22742262000447572,-0.1230938799030173,0.9608962221265198,0.0005530992730994357,-0.32347430352582174,-0.18645570494619707,0.14740116942675863,0.988366459189285,-0.19809049341674462,0.3,-0.04937741285581816,0.5150917983740965,0.12483259743323856,0.9832391539031835,0.3,-0.21826325376711675,-0.3109283647278403,0.29497174617095506
0.15430861723446893,1.0130673605169582,0.9979717007185295,0.18175306409349723,0.027509961530022015,-0.03762310750415165,0.9740783248872023,-0.00019495851738888606,-0.2336339417144187,-0.12647214467910242,0.9607013397122575,0.0006491892175428129,-0.32965852061011697,-0.18981339865818095,0.14563136138585028,0.9874025993765866,-0.20290519294879195,0.3,-0.04688732596666542,0.5146887042362126,0.15000570130269777,0.9830061439405672,0.3,-0.22418164504943897,-0.31682660720945427,0.29490184318217016
0.156312625250501,1.0262263578916768,0.9979569549253359,0.18454347407739405,0.026047359063540363,-0.03823044821024305,0.9736734689521792,-0.00020445030260463667,-0.24172394669346173,-0.12933574181617616,0.9604997526866256,0.0005776830696060131,-0.33771255573848374,-0.1926441856608206,0.14763658278120792,0.9866355539004185,-0.20809502985662817,0.3,-0.04436224675554081,0.5142473299942582,0.15749215947353123,0.9834146165114027,0.3,-0.23187471508326615,-0.32448411355049617,0.2950243849534208
0.15831663326653306,1.0393851905388405,0.9979467735135822,0.18643115518455255,0.024321013139126744,-0.038709008878723174,0.9732673659685023,-0.00021239787597600597,-0.25085954958491224,-0.13118216353556233,0.9603142625831667,0.0003972248271755582,-0.3468426595817481,-0.19445599224845353,0.14747206969970855,0.9861054597826306,-0.21383728445054967,0.3,-0.04181123187177725,0.5137342563822987,0.13277235734851384,0.9839755484042806,0.3,-0.24055541581558018,-0.3331551956165449,0.2951926645212842
0.16032064128256512,1.0525439199368785,0.9979412762148403,0.18729478616641568,0.022503948559238433,-0.038993948280532265,0.9728651247110751,-0.00021998310694921927,-0.2601153044229445,-0.13195296544632787,0.9601369878970157,0.0001911041487033209,-0.35610250576602803,-0.19519361943016303,0.14175104627108198,0.9857513966848254,-0.22014457862862052,0.3,-0.03924279531524766,0.513221063422855,0.10241831347439632,0.9842808172529659,0.3,-0.24934618387026614,-0.34194448957924733,0.29528424517588975
0.1623246492985972,1.0657026063087462,0.9979401714109234,0.18735534104860502,0.02076240519021051,-0.03909457782677398,0.9724707647380954,-0.00022819487886804174,-0.26875003353017285,-0.13192593001928238,0.9599848578360336,0.000028164559951413098,-0.36472814118073005,-0.19514771463583847,0.1335593638787943,0.9855040151241741,-0.22687711489419293,0.3,-0.036662424116462734,0.5127840732945718,0.09587849293900721,0.9845191077364243,0.3,-0.2575515232099878,-0.35013898900969215,0.29535573232092727
0.16432865731462926,1.0788613041116792,0.9979429066316897,0.18702709337994816,0.019198569094687607,-0.03907664549637606,0.9720865936590224,-0.00023763425930349068,-0.2763560652910491,-0.13157370010718786,0.95983917752684,-0.000049921549610643914,-0.37233132074737,-0.19478507264426617,0.12782925022618502,0.985375257261148,-0.23379975021485924,0.3,-0.03407433433385807,0.5124115461161779,0.10875989878974648,0.985137729552299,0.3,-0.2647823884836017,-0.3573684647009703,0.2955413188656897
0.16633266533066132,1.0920200598813683,0.9979488652389221,0.1867549333816381,0.017835384258195756,-0.03902680952124955,0.9717125384787292,-0.00024824243227913206,-0.28296892490625547,-0.13135463325336857,0.9597005190719626,-0.00003864869027876126,-0.37892987730137695,-0.19456534006877013,0.12513138123377193,0.9854288254181933,-0.24067046387728488,0.3,-0.0314845425297537,0.5120340193492834,0.11371414016435748,0.9862227627737319,0.3,-0.27107372016853265,-0.36365168024243927,0.29586682883211957
0.16833667334669336,1.1051789125655704,0.9979575362705209,0.18685476920504837,0.01662962242222381,-0.03902254718407236,0.9713468631554376,-0.00025963336088036156,-0.28889710840397975,-0.13158099767845316,0.9595608301328281,0.000036426306562213115,-0.3848523712971476,-0.19479274129435564,0.12185927068741188,0.9856873760702112,-0.24732831468999808,0.3,-0.028901065015961146,0.5116218425352731,0.09830917387158253,0.9874265614348657,0.3,-0.27671526668188445,-0.36929635646058884,0.29622796843045973
0.17034068136272543,1.118337895672126,0.9979686153506035,0.18746156389660906,0.015495643400373859,-0.03910754082484867,0.9709870264474963,-0.00027113342213626063,-0.29461847365052346,-0.13234825782444673,0.9594118569132053,0.0001375092905943457,-0.39054957393036926,-0.19556233021358663,0.11559120270460778,0.986102327192323,-0.2537307020021122,0.3,-0.02633131497362069,0.5112173085957061,0.07835002705094546,0.9884506556606957,0.3,-0.28215707546920116,-0.37472478357849137,0.2965351966982087
0.1723446893787575,1.1314970401534739,0.9979820143115096,0.18850910171130664,0.014349760691720665,-0.03928785648741101,0.9706306076961587,-0.00028226900483775523,-0.30052674176801364,-0.13356065341850387,0.9592517015103305,0.00022617895348637097,-0.3964350432821735,-0.1967714071916872,0.10807840751431101,0.9866171906016991,-0.2599252101557164,0.3,-0.023780311099438105,0.5108704106401405,0.07334129812372213,0.9894090403486667,0.3,-0.28777022314584355,-0.3803254953577011,0.2968227121046
0.17434869739478956,1.1446563769368714,0.9979978031070551,0.18980636695856323,0.013132365123669608,-0.03953686227664405,0.9702761023919205,-0.000292576433458117,-0.3068638950488585,-0.1349979088346035,0.9590826403872611,0.00027693830691779685,-0.40275305568357617,-0.19819860593272204,0.10240495718237681,0.9872319545603427,-0.26599718525688937,0.3,-0.021251842386775615,0.5105738611067576,0.08068282408671267,0.9906153022531602,0.3,-0.2937832713679174,-0.3863283528554023,0.29718459067594805
0.17635270541082163,1.157815938389218,0.9980161136810716,0.19112319123544447,0.011822956432499197,-0.03981200631035477,0.9699230401403698,-0.0003020539422794425,-0.31366984867524456,-0.13641149952740556,0.9589127126988974,0.0002798596096031339,-0.40953983115012466,-0.19959956970027365,0.09878184092803387,0.9879867115678393,-0.272028984508379,0.3,-0.018750687959181386,0.5102804566190056,0.08176118228854178,0.9921518451515098,0.3,-0.3002351971981782,-0.39276881030406774,0.2976455535454529
0.1783567134268537,1.1709757585079315,0.998037047150943,0.1922723609083062,0.01043790984592459,-0.04007086822660531,0.9695720500871949,-0.0003108268533368196,-0.32079771621617065,-0.1376194026664047,0.9587414943668385,0.00024606864664794537,-0.4166547371649935,-0.2007905096789323,0.09456666264955438,0.988898041522981,-0.2780837117797389,0.3,-0.016282954465149716,0.5099693512471393,0.06778898774343306,0.9937979932009301,0.3,-0.30698669428112824,-0.39951359359356464,0.298139397960279
0.18036072144288576,1.1841358720472237,0.9980606108612878,0.19315616249106973,0.009018129490116322,-0.04028521785054285,0.9692242421028436,-0.0003192365078254476,-0.32801977285450795,-0.13853344707252202,0.958576227672362,0.00019202243933047648,-0.4238641612710693,-0.20168897123960708,0.0879409034726758,0.9899352475727888,-0.2841924362747815,0.3,-0.013854420177783086,0.5096700184962042,0.04977917760976911,0.9953509125903762,0.3,-0.3138246155585484,-0.40634483756497475,0.2986052737771129
0.18236472945891782,1.1972963131168979,0.998086701240784,0.19378512765671815,0.007607745015979583,-0.04044576372104362,0.9688808665001587,-0.0003275201708152108,-0.33511965297022184,-0.1391753512908021,0.9584085042280949,0.0001396998598794612,-0.4309274235806421,-0.20232046369717438,0.08008295004640464,0.9910609496637217,-0.29034365713113586,0.3,-0.011469306830484928,0.509419051744358,0.04202960032753745,0.9968806035385255,0.3,-0.32054259331663354,-0.4130327716052191,0.29906418106155763
0.1843687374749499,1.2104571138050857,0.9981151189229052,0.19421818827943335,0.006253808828702428,-0.040562048343807756,0.9685427886528866,-0.00033601493272453973,-0.3418738173553695,-0.13964482415765023,0.9582656666397232,0.00010145748057053232,-0.4376919605440947,-0.20277805481149616,0.07327436950461291,0.9922746593888663,-0.29648028726665054,0.3,-0.009131008791226997,0.5092139141419768,0.04370586902786054,0.9985939104803637,0.3,-0.3269382175872081,-0.4194457517041905,0.2995781731441091
0.18637274549098196,1.2236183032544992,0.9981456250440178,0.1945900126836465,0.0049663514998030105,-0.04065354193348516,0.9682103655564073,-0.0003447623498339524,-0.34827782272708946,-0.14006449241836996,0.9581172414540102,0.00008759976807096509,-0.4440822243767228,-0.2031905046439639,0.06790432023555797,0.9936023335653578,-0.3025294267343315,0.3,-0.006843556790567588,0.5090228437749235,0.04225205310437517,1.0005423933473592,0.3,-0.33299867886873885,-0.42550063523966747,0.30016271800420774
0.18837675350701402,1.236779907384195,0.9981779799896595,0.1950030473781678,0.003746036136536358,-0.04074170095390642,0.967883428979434,-0.0003535865543938612,-0.3543608109472599,-0.14054049333671292,0.9579656110749097,0.00009714651622258388,-0.4501348366782429,-0.2036628558217627,0.06232997347309446,0.9950531657042765,-0.3084310697785975,0.3,-0.004611816719821506,0.5088302510358147,0.031191583924293737,1.002569639417625,0.3,-0.33875250774639565,-0.43123347902150466,0.30077089182528743
0.1903807615230461,1.2499419492024246,0.9982119841869432,0.19550609963102467,0.0025824870324203004,-0.04084533965205375,0.9675613979092403,-0.00036258812540973306,-0.3601870015271492,-0.1411321637460533,0.9578261859677245,0.00011516295759997336,-0.45596023722016066,-0.2042481916693877,0.055344907621720243,0.9966034197954847,-0.3141572443246507,0.3,-0.002440331550954319,0.5086545519328071,0.017546576377092674,1.004531396849443,0.3,-0.344264530286726,-0.4367541767953625,0.3013594190548329
0.19238476953907813,1.2631044494765065,0.9982474992368711,0.19613175338077668,0.0014470269261417843,-0.04096989231164526,0.9672436590380649,-0.00037145943129727213,-0.3659114049020164,-0.14184340469513376,0.9576729479955636,0.00013963666878570157,-0.4616573888714187,-0.2049548214289946,0.04771638499822639,0.9982243618346154,-0.319709300959127,0.3,-0.00033246030590979416,0.5085196140582023,0.010836671747275296,1.0064712283849997,0.3,-0.3496732068397688,-0.44214541177294175,0.3019413685154999
0.1943887775551102,1.2762674274955512,0.9982844363205354,0.1968344432458331,0.00032627652226954886,-0.04111425491366792,0.9669296137626383,-0.0003801033490692412,-0.371594796859412,-0.1426334437971213,0.9575359784872933,0.00015456577355214046,-0.4673303049914647,-0.20573778398512083,0.04093991024232932,0.9999124985467638,-0.325097770462724,0.3,0.00170913221095378,0.5084230697514064,0.010352814448580145,1.0085288124838403,0.3,-0.3550452986984269,-0.44751738088649795,0.30255864374515207
0.19639278557114226,1.289430901637872,0.9983227429904363,0.1975675701167666,-0.0007959667343508642,-0.041269080880910414,0.9666190604207776,-0.00038843189892029997,-0.37728760706477926,-0.14343673326533496,0.9573741323487448,0.00016038909644018379,-0.4730011714225246,-0.20653393065839945,0.035206730764917656,1.0016829411681663,-0.3303383972936401,0.3,0.0036814642293857285,0.5083428522643281,0.007401576879679055,1.0107404433458653,0.3,-0.3604138009731495,-0.45287221188110194,0.3032221330037596
0.19839679358717432,1.3025948896527813,0.9983623715205908,0.1982673577470702,-0.0019163534654499958,-0.041422471954162106,0.9663119499774698,-0.0003964486902439789,-0.38297690529404405,-0.14419929219890765,0.9572408923330313,0.00015416251454070405,-0.4786777426700702,-0.20728794459118938,0.029322297467348782,1.003540196327303,-0.3354474642412312,0.3,0.005581071752231692,0.5082682319512646,-0.0024237516065250407,1.0130019527081466,0.3,-0.3657860609627976,-0.4582418655642313,0.303900585812444
0.2004008016032064,1.3157594086122049,0.998403263151925,0.1988929690132784,-0.0030287372218090786,-0.04156561095767839,0.9660085483868627,-0.00040427091962370773,-0.3885927573598601,-0.14487445812897792,0.9570848828939732,0.0001383793362559948,-0.4842901952794817,-0.20795345341596935,0.02242369082522195,1.005467235839814,-0.3404416393242502,0.3,0.007404763398422538,0.5082119493586807,-0.014143859081755118,1.015218860019793,0.3,-0.37107633660411066,-0.46353560129661797,0.3045656580059379
0.20240480961923846,1.3289244746367088,0.9984453325596152,0.19943505632069708,-0.004121889476124817,-0.04169152989156232,0.9657091877220154,-0.0004118494154704319,-0.394103233842602,-0.14545838834555425,0.9569489018560171,0.00012117005936363394,-0.48978739167610513,-0.2085295925594812,0.01503831572393909,1.007444315006265,-0.3453264103546929,0.3,0.009150173247749093,0.5081904111691753,-0.021086717477902434,1.0174223915390437,0.3,-0.3762719045368075,-0.46872677415048125,0.3052267174617131
0.20440881763527052,1.3420901025439826,0.9984884686429347,0.19990338132544835,-0.0051839754745214225,-0.04180030980796246,0.9654141374311889,-0.00041927970029535203,-0.3994674957251552,-0.14596711650158684,0.9568527744924313,0.00010522906369343606,-0.4951217044004034,-0.20903333544085617,0.00820950078975603,1.0094688164066892,-0.35009070265472464,0.3,0.01081541341647947,0.5082019577595003,-0.02368638729459671,1.0197050678789912,0.3,-0.38134253819095415,-0.4737805729491166,0.30591152036369734
0.2064128256513026,1.355256305559536,0.9985325416148976,0.2003152253831476,-0.006204450822558629,-0.0418961374411322,0.9651236865312701,-0.00042668784174003415,-0.4045867292299,-0.14642122635882718,0.9567261766211915,0.00009448062285709379,-0.5002296734486447,-0.2094811983291418,0.002091925316729958,1.01155000679742,-0.3547135057543592,0.3,0.012398404017984869,0.5082315501094453,-0.027839358204121603,1.022085786931641,0.3,-0.3861669005514745,-0.478602614825084,0.30662573607949234
0.20841683366733466,1.3684230951559218,0.9985774173896025,0.20070168261843171,-0.00718008855303522,-0.04198445921585508,0.9648377955158284,-0.0004340911981431266,-0.40947792627362484,-0.14685165913087134,0.9565954445897226,0.00008797508495449133,-0.5051123349301501,-0.20990752024175102,-0.0040951309628103495,1.0136891661996306,-0.3591757747467182,0.3,0.013896794748500049,0.5082719938416421,-0.036426663348149965,1.0244896113405155,0.3,-0.3907714503111093,-0.4832066252321856,0.30734688340215466
0.21042084168336672,1.3815904810806237,0.9986229706904456,0.20108902506933474,-0.008115114580631579,-0.04207143777747108,0.9645564752395928,-0.00044156030357774115,-0.41415193293169744,-0.14729243921538407,0.9564507135879716,0.00008956676481818756,-0.5097907901228913,-0.21034023934949114,-0.010889763427275212,1.0158729136214537,-0.36346956883581927,0.3,0.015308495712778529,0.5083318017214652,-0.04597121694013523,1.0268526277137187,0.3,-0.3951630198626171,-0.4876086044883649,0.30805578831411556
0.2124248496993988,1.3947584715000412,0.9986690897512517,0.20149815068764246,-0.009014425524146396,-0.04215866227327031,0.9642794374914034,-0.0004487840678171599,-0.41871061725196923,-0.14775270290292034,0.9563678624506773,0.00009205373386293993,-0.5143179031202599,-0.210798539603237,-0.01789807107281136,1.0180865563412325,-0.36759259900537833,0.3,0.016632039949528225,0.5084213514879048,-0.05208401415880687,1.0291970689226344,0.3,-0.3994692319835868,-0.49189651841990084,0.3087591206767903
0.21442885771543085,1.407927073232904,0.9987156787018431,0.20190723495094953,-0.009879343709645045,-0.04224900618146197,0.96400669448343,-0.00045600168180093053,-0.4230532203587404,-0.14821348328947756,0.9562234677523395,0.00009318986714597081,-0.518670888497913,-0.21125232663157284,-0.02442603055042904,1.0203272015169131,-0.37154497215221954,0.3,0.017866330930418377,0.5085385105543764,-0.055354079180405295,1.031583671032131,0.3,-0.40354252309062283,-0.49598496219791444,0.30947510130963934
0.21643286573146292,1.4210962919506311,0.998762659581128,0.20232305700444592,-0.010718835767867693,-0.04233972452787852,0.9637380252276351,-0.000463009925050115,-0.42730325310457795,-0.14867624027641946,0.956113196646064,0.00009339861371056695,-0.5229093840317176,-0.21171062428741375,-0.030423001474854768,1.0225995817168496,-0.37532878240198647,0.3,0.019010193894120522,0.508672606943985,-0.059902953684313476,1.0340210007307338,0.3,-0.40754070194513126,-0.49998033620160603,0.31020630021922013
0.21843687374749496,1.4342661323320274,0.9988099596800816,0.20272309853820872,-0.011532782391242093,-0.04242845486471132,0.9634734732043578,-0.0004697936961804487,-0.43142901211981677,-0.14911844398639892,0.956007362467886,0.0000898733413477709,-0.5270253006033346,-0.21214816391215435,-0.03645430420175597,1.0249027184456723,-0.3789495190245301,0.3,0.020062341296307726,0.5088189839715553,-0.06750455208326683,1.0364569336547147,0.3,-0.41142087722743126,-0.5038591340479903,0.3109370800964144
0.22044088176352702,1.4474365981246156,0.9988575096699971,0.2031007716861896,-0.012322345565548405,-0.042512102080030166,0.9632129999220728,-0.0004764162610026133,-0.4354592053852589,-0.14953193533459455,0.9559358248723325,0.0000836438139093649,-0.5310246742436767,-0.21255955777021499,-0.042873507330018476,1.0272262284856424,-0.38241519420133924,0.3,0.021021728051440085,0.508983593378746,-0.07559352815617004,1.0388511871282915,0.3,-0.4152236395233822,-0.5076432892927856,0.31165535613848744
0.2224448897795591,1.4606076921399516,0.9989052350868638,0.2034367239229956,-0.013081629595056387,-0.04258893318069985,0.9629567847037682,-0.0004829564588779071,-0.4393078703421522,-0.14989999151122504,0.9558375240792282,0.00007573410365329362,-0.5348646154534379,-0.21292323788460826,-0.04938898164863087,1.0295597482080037,-0.3857314834586853,0.3,0.021887764938437932,0.5091730175490953,-0.08124290039690689,1.0412220285002598,0.3,-0.418840992575858,-0.5112597953031707,0.3123666085500779
0.22444889779559116,1.4737794161910645,0.9989530581202484,0.2037310686667513,-0.013807740803500959,-0.042657777282636256,0.9627048814608534,-0.000489349379347541,-0.4429834276682419,-0.15022156086729843,0.9557361315996517,0.00006607611371034485,-0.538535743970218,-0.2132419376996598,-0.055537822481167835,1.031901146286429,-0.3888980740462474,0.3,0.02266012222437315,0.5093850840381781,-0.08505435732617954,1.0436089350104765,0.3,-0.42229118940664667,-0.5147121588687598,0.3130826805031429
0.22645290581162322,1.4869517710414972,0.9990008984497873,0.20399091217665766,-0.014500398059563982,-0.042719972879218915,0.9624574391940922,-0.0004957532455161423,-0.44646994228979675,-0.1505137855892375,0.9556248626936007,0.00006018915558926936,-0.5420323210808652,-0.21352695721218357,-0.06131506850530675,1.034252805721333,-0.3919117817673132,0.3,0.023338435188586686,0.5096123574388552,-0.0898353388410531,1.0460129002291922,0.3,-0.4255568875500627,-0.5179924144156456,0.31380387006875765
0.2284569138276553,1.50012475635779,0.9990486721436106,0.20422898926919844,-0.015157220893112965,-0.04277512414065102,0.9622144249097176,-0.0005019239189989302,-0.44980199217564476,-0.15077910524033133,0.9555402146632807,0.00005470440582208632,-0.5453566773689281,-0.21378932583315965,-0.06710457346536101,1.036612638129813,-0.39476915725178624,0.3,0.023922309905995653,0.5098520253205648,-0.0965540712901786,1.0483960983491285,0.3,-0.4286868595871382,-0.5211219317791999,0.31451882950473853
0.23046092184368736,1.5132983707239192,0.9990962993744812,0.20445559636161795,-0.01578031331921578,-0.042825488475791464,0.9619758605494455,-0.0005080262126705153,-0.45298569287504603,-0.15103264603420527,0.9554796846363542,0.000052173266047976994,-0.5485155698140177,-0.21404101337236003,-0.07310553789396383,1.0389724560707778,-0.3974704355487353,0.3,0.024411571092379562,0.510108187838502,-0.10331375605914161,1.0507332657747033,0.3,-0.431686472348865,-0.5241066508827636,0.31521997973241095
0.23246492985971942,1.5264726116908844,0.9991437021873598,0.2046640614439993,-0.016365526162925935,-0.042872621989544224,0.9617416877524098,-0.0005140242973223307,-0.45597633969484375,-0.1512646806913295,0.9554100413714108,0.00004782435286267277,-0.5514936439560219,-0.2142726891708044,-0.07908607716103491,1.0413247326804829,-0.40001601630843897,0.3,0.024806385215363942,0.510384641157987,-0.10827188343492809,1.0530385722159652,0.3,-0.4344976305777694,-0.5269128126407887,0.31591157166478956
0.2344689378757515,1.5396474758492078,0.999190812581294,0.20486076599558609,-0.016917841408724543,-0.04291717092970493,0.9615119797700568,-0.0005198846806182484,-0.4587985212248112,-0.1514861757991648,0.9553369130432341,0.000045326971931877,-0.5543090043700506,-0.21449206428002388,-0.08474605592420756,1.0436676098253412,-0.4024078034676942,0.3,0.02510711012363342,0.5106790554088434,-0.11208832973849205,1.0553369210326458,0.3,-0.4371468086626687,-0.52956157538273,0.3166010763097937
0.23647294589178355,1.5528229589199403,0.9992375674916515,0.20504552659636194,-0.017438464933146783,-0.04295916182547214,0.9612866460160177,-0.000525622236225977,-0.4614669574109717,-0.1516936183175198,0.9552676940878058,0.0000424917354822848,-0.5569710117507742,-0.21469759558769477,-0.09012132423944624,1.0460017330952023,-0.40464692471685215,0.3,0.025314106696838257,0.5109861248116883,-0.11669278015390777,1.0576248308810128,0.3,-0.4396511084956965,-0.5320655369423547,0.3172874492643038
0.23847695390781562,1.565999055830733,0.9992839092848548,0.20521528801812536,-0.017928621923656064,-0.04299810234872895,0.9610656685019501,-0.0005312329170986456,-0.4639869111377063,-0.15188346105051498,0.9552024210322282,0.00003899098695359895,-0.5594849882644513,-0.21488567379846804,-0.09548423956001328,1.0483243954906578,-0.40673719888307064,0.3,0.025427763583521574,0.5113041968943539,-0.12253830027419733,1.0598757182912113,0.3,-0.44201558073481173,-0.5344297939258952,0.3179627154873634
0.24048096192384769,1.5791757607755106,0.9993297840076284,0.20536637034353866,-0.01838890719169702,-0.04303327990593441,0.9608490472765595,-0.0005367163070214806,-0.4663602067693302,-0.1520517858828448,0.9551411515958647,0.00003473793219560423,-0.5618527703056064,-0.21505239897734488,-0.10094507916518147,1.0506291901829208,-0.40868420126314575,0.3,0.02544866303375142,0.5116360657929918,-0.12821387344735866,1.0620751320889343,0.3,-0.44424204897653136,-0.5366561725326779,0.3186225396266803
0.24248496993987975,1.5923530672519148,0.9993751397718275,0.20549592693551177,-0.018819318217206924,-0.043064036268193974,0.9606367974401738,-0.00054207597143242,-0.4685858963096281,-0.1521958405667846,0.9550839405838385,0.000029918532797588777,-0.564073400882492,-0.2151950570949671,-0.10632783082601723,1.0529108260475442,-0.4104927799354144,0.3,0.025377638991235747,0.5119837230788389,-0.13259826048967235,1.0642348419425018,0.3,-0.44632973624512656,-0.5387438848137514,0.31927045258275055
0.2444889779559118,1.6055309680809091,0.9994199257181129,0.20560277609434863,-0.019219494046150292,-0.04308998242659526,0.9604289414665235,-0.000547317710588829,-0.47066172730180694,-0.15231477746610073,0.955030815587311,0.00002487803491562249,-0.5661446049947554,-0.2153128418579555,-0.11144633587206665,1.0551679070654292,-0.4121656505553468,0.3,0.025215658926005663,0.5123449498913376,-0.1363146306101512,1.066369899998952,0.3,-0.4482766313182229,-0.5406909004088948,0.31991096999968555
0.24649298597194386,1.618709455417729,0.999464091748196,0.20568752140778002,-0.019589029622237894,-0.043111085386145415,0.9602255002359324,-0.000552447358152312,-0.4725857512625766,-0.1524096273088948,0.9549817648946548,0.000019981025176984074,-0.5680644054907475,-0.21540681225111663,-0.11635329021614634,1.0574002516665986,-0.4137044540930719,0.3,0.024963706954143607,0.5127160392732377,-0.14063724224379284,1.068474853360465,0.3,-0.450080990171438,-0.5424954525783258,0.3205424560081395
0.24849699398797592,1.6318885207640335,0.9995075889433684,0.20575200943496597,-0.019927760236707778,-0.04312768900556972,0.9600264811899119,-0.0005574813932722023,-0.47435754154371923,-0.152482742852538,0.954936725902092,0.000015432740081070877,-0.5698323526058593,-0.2154793288012641,-0.12123216578795189,1.0596051467668788,-0.4151114407901622,0.3,0.02462281792123919,0.5130961090199895,-0.1456812992653111,1.0705310789958065,0.3,-0.451742460534826,-0.544157166547,0.32115932369874195
0.250501002004008,1.6450681549878197,0.9995503691226921,0.20579076696527654,-0.020233414735626086,-0.043140706484308115,0.9598318714542474,-0.0005625604153737598,-0.4759433052072894,-0.15253274303650324,0.9548767748988463,0.000010464400483160045,-0.5714396853836844,-0.21552633866140103,-0.12612871577041226,1.0617777052928594,-0.41638913927034693,0.3,0.024194187986993815,0.5134869872425778,-0.15041147559186616,1.0725307208344936,0.3,-0.45321986313739426,-0.5456567391823064,0.3217592162503481
0.25250501002004005,1.6582483483585593,0.9995923907841445,0.20582260947235306,-0.020511622727452716,-0.043149538975997395,0.9596416766916437,-0.0005674234108571886,-0.47741739083651014,-0.15257104221413936,0.9548391873670757,7.622857569684529e-6,-0.5729109867375547,-0.21556408579593123,-0.13090669860289555,1.0639142405215571,-0.41754180439183614,0.3,0.023679195992846017,0.5138894610072955,-0.1542023646494107,1.0744831283617764,0.3,-0.45460197008858977,-0.5470395042244794,0.3223449385085329
0.2545090180360721,1.6714290905850788,0.9996336118990111,0.20583973752570722,-0.02076049301879046,-0.04315504266878099,0.9594558991481095,-0.0005721191560406744,-0.47874914598960794,-0.1525927372169573,0.9548065752075844,4.430602124446151e-6,-0.574240111467658,-0.21558588057186734,-0.13545609448434168,1.0660136673552907,-0.41857140885854915,0.3,0.023079313985958395,0.5143014714120029,-0.1576242393414253,1.0763966633599986,0.3,-0.4558510821024133,-0.5482891893525165,0.3229189990079996
0.2565130260521042,1.6846103708626414,0.999673995240922,0.20584351564803602,-0.02098110550874442,-0.04315753915177115,0.9592744958319279,-0.000576703545631525,-0.4799427495269889,-0.15259957767205204,0.9547776106142314,1.3624429150782472e-6,-0.5754314365083264,-0.21559300412894689,-0.13983577620835153,1.0680753109507692,-0.4194805202434485,0.3,0.02239603907508101,0.5147204211153661,-0.16149701503059136,1.0782652795910874,0.3,-0.45697064116357033,-0.5494093457548956,0.3234795838773262
0.25851703406813625,1.6977921779179683,0.9997135070131562,0.20583401557029424,-0.021174399895667016,-0.04315708642587149,0.9590974422677638,-0.0005811754354265759,-0.4810028176727797,-0.15259148267581235,0.9547522398263829,-1.709611548014323e-6,-0.5764895740165494,-0.21558536404494028,-0.14416793350952686,1.070096665506389,-0.42027299641981414,0.3,0.02163092895741573,0.515145857726172,-0.16574980204199966,1.0800764926519426,0.3,-0.457965017307755,-0.5504043434616299,0.32402294779558277
0.2605210420841683,1.7109745000534053,0.999752116563904,0.20581077437116593,-0.0213412122760528,-0.04315363305631482,0.9589247161636509,-0.0005855342851254677,-0.481933193183849,-0.15256789913861615,0.9547304023504809,-4.873013027297653e-6,-0.5774183665758377,-0.21556239878619743,-0.14846315855917458,1.0720741133705147,-0.42095339304846935,0.3,0.02078567118916396,0.5155788723124545,-0.1696494908921969,1.0818270509742456,0.3,-0.45883784513640835,-0.5512778190071295,0.3245481152922737
0.2625250501002004,1.7241573251851068,0.9997897958849657,0.20577325879162414,-0.021482217385451318,-0.04314708103033856,0.9587562980574912,-0.0005897808503600882,-0.48273686376832964,-0.15252829315952962,0.9547120388224137,-8.135991037061305e-6,-0.5782207963460104,-0.21552357523312904,-0.1526226118365266,1.0740051994231086,-0.42152587779156114,0.3,0.019862081271174382,0.5160195083236118,-0.17289223039683516,1.0835239605549596,0.3,-0.4595919556548985,-0.5520326018711429,0.3250571881664879
0.26452905811623245,1.737340640874822,0.9998265191670115,0.20572121480905498,-0.021597950157715196,-0.04313735967800894,0.9585921702131064,-0.000593916839656589,-0.4834161932848102,-0.15247249695778137,0.9546970859721857,-0.000011438055684098425,-0.5788992159948371,-0.21546873089913454,-0.1565883222893681,1.0758891488582745,-0.4219938832706082,0.3,0.01886203644679383,0.5164659825782573,-0.17595305565568184,1.085171611277875,0.3,-0.46022959166057215,-0.5526709300385116,0.32555148338336254
0.2665330661322645,1.750524434356842,0.9998622625214704,0.20565484877017215,-0.02168887427241847,-0.043124476871462224,0.9584323146282665,-0.0005979443967943971,-0.48397332174262453,-0.15240086282329404,0.9546854708517493,-0.000014682001506971068,-0.5794557525059352,-0.21539822143325538,-0.1604159556943164,1.0777251883783407,-0.42236069802932574,0.3,0.01778743819172069,0.5169165085326005,-0.1793263871200548,1.0867645296281963,0.3,-0.4607527800021056,-0.5531948254418717,0.32602935888845885
0.2685370741482966,1.763708692562615,0.99989700390549,0.2055748339180041,-0.02175546475890384,-0.04310853800664778,0.9582767102505231,-0.0006018663850843605,-0.48441057533890375,-0.1523142240810767,0.9546771101014387,-0.00001777704702030612,-0.5798927132480036,-0.2153128822932575,-0.1641824467905818,1.0795112746222986,-0.4226299695684162,0.3,0.016640243605092166,0.5173708644004474,-0.18285064451152522,1.0882947428451208,0.3,-0.46116371432820863,-0.5536064720252538,0.32648842285353624
0.27054108216432865,1.7768934021455303,0.9999307232128901,0.20548214943247772,-0.02179827187909569,-0.04308972175080559,0.9581253320083466,-0.0006056838654440485,-0.484730751520011,-0.15221369992198125,0.95467190696976,-0.0000206583108126122,-0.5802128833083486,-0.21521382796524663,-0.1678782077990414,1.0812448914502477,-0.4228054626390815,0.3,0.015422506516115906,0.5178296127994045,-0.18602422153475393,1.0897615687768163,0.3,-0.46146502188300537,-0.5539084938022547,0.32692847063304487
0.2725450901803607,1.790078549507584,0.999963402449155,0.20537788354864292,-0.02181795308561499,-0.043068249507434486,0.9579781497108064,-0.0006093979667658527,-0.48493720569645116,-0.15210047765599835,0.9546697580936686,-0.000023306413567552874,-0.5804196043390337,-0.21510223560317004,-0.171432954389184,1.0829245173923265,-0.4228905689451701,0.3,0.014136364975208166,0.5182923795698167,-0.18873883369155484,1.0911701430247436,0.3,-0.4616598466923552,-0.5541040300055059,0.32735104290742306
0.2745490981963928,1.8032641208283837,0.9999950259015938,0.20526303390791362,-0.021815267852536225,-0.04304434236029203,0.9578351285415037,-0.0006130094867101006,-0.4850337645136977,-0.15197560759121626,0.9546705534012782,-0.000025742581389178003,-0.5805166937306463,-0.21497914286322486,-0.1748204960434096,1.0845496617831456,-0.42288837088641895,0.3,0.012783994408777841,0.5187576743680881,-0.19136985925061703,1.092522376444672,0.3,-0.4617517684520442,-0.5541966591444343,0.32775671293340164
0.27655310621242485,1.8164501020959727,1.000025580234664,0.2051383872212407,-0.021791044657385215,-0.0430181879667762,0.9576962298450551,-0.000616518948702781,-0.48502453354170366,-0.15183989576689033,0.9546741836555094,-0.00002801002941686812,-0.5805082500851316,-0.21484534125433527,-0.17808811181267037,1.0861196343415354,-0.42280215659446746,0.3,0.011367589663670147,0.5192242704802704,-0.1941940919601686,1.0938138088610496,0.3,-0.46174462681145384,-0.5541902219309827,0.3281441426583149
0.2785571142284569,1.8296364791382502,1.0000550544833575,0.20500448723756493,-0.021746137048321835,-0.042989926123895114,0.9575614124015972,-0.0006199265827446783,-0.4849136711622273,-0.15169388795683045,0.9546805453652493,-0.000030158664427148705,-0.5803984228696191,-0.2147013653806531,-0.18128156774614643,1.0876329162589486,-0.42263566072699427,0.3,0.009889390300258764,0.5196920321897662,-0.19702815423774797,1.095039771285291,0.3,-0.4616423116345403,-0.554088607767868,0.3285119313855873
0.280561122244489,1.8428232376536249,1.0000834399478231,0.2048616828916472,-0.02168138215805827,-0.042959653497121005,0.9574306341037804,-0.0006232328234754306,-0.4847051901751379,-0.151537943222245,0.9546895357144661,-0.0000322262339021586,-0.5801912178349907,-0.21454756405611247,-0.18438357495708022,1.0890879005971261,-0.4223927414035127,0.3,0.008351702340493945,0.5201611433717287,-0.19954929603165145,1.096201049012886,0.3,-0.46144857512139736,-0.5538955703205156,0.3288603147038658
0.282565130260521,1.8560103632398184,1.0001107300254246,0.20471024116888578,-0.021597579246382448,-0.04292743988471479,0.9573038513507692,-0.000626438689004398,-0.4844028784343794,-0.151372357543847,0.9547010524708422,-0.00003422869662369156,-0.5798904150026776,-0.21438422754996483,-0.18734779393168952,1.0904837835561918,-0.4220769798629028,0.3,0.006756881581641504,0.5206310300015696,-0.2017593925818417,1.0973013729536178,0.3,-0.4611669578863844,-0.553614651428124,0.32919041188608533
0.28456913827655306,1.8691978414203283,1.0001369200322825,0.20455044676722062,-0.021495480601470846,-0.0428933504161538,0.9571810203716824,-0.0006295456233209125,-0.4840103076096991,-0.1511974699510881,0.954714998910267,-0.00003616209834613616,-0.5794995735893053,-0.21421168873003021,-0.1901676733675519,1.0918203640668003,-0.4216917167700536,0.3,0.005107301413112581,0.5211004962741421,-0.20393579871852371,1.098341394192029,0.3,-0.4608007994204136,-0.553249188423659,0.3295024182576087
0.2865731462925851,1.8823856576686915,1.000162007053408,0.20438267799768364,-0.021375806766987467,-0.042857461418558965,0.9570620957759141,-0.0006325550867696594,-0.48353091059899683,-0.15101373219545855,0.9547312719660294,-0.00003800459196562083,-0.579022118202783,-0.2140303966967191,-0.19288065367708565,1.0930971885939083,-0.4212403430861423,0.3,0.0034053458680125145,0.5215687080502013,-0.20621188492000592,1.0993179101014305,0.3,-0.4603533056517179,-0.552802389270313,0.32979537303042916
0.2885771543086172,1.8955737974310876,1.0001859898416203,0.204207437418111,-0.021239265499084475,-0.04281987366355772,0.9569470307231682,-0.0006354688544937943,-0.4829680969364164,-0.1508217284084632,0.9547497706662667,-0.000039734902426594486,-0.5784614416011947,-0.21384093201418683,-0.19551150567723238,1.0943133081962426,-0.42072638195500756,0.3,0.0016534280509473394,0.5220355508196638,-0.2084169850485932,1.100228609049383,0.3,-0.4598276600204122,-0.5522774317594503,0.3300685827148149
0.29058116232464926,1.9087622461479603,1.0002088687704433,0.2040253277918838,-0.021086569656170805,-0.042780709040211196,0.9568357763290157,-0.0006382884136426578,-0.48232533432436775,-0.15062214753045688,0.954770387732294,-0.000041328492461419864,-0.5778210036752389,-0.21364397664170323,-0.19804150618188726,1.0954678852516155,-0.42015326392632035,0.3,-0.00014600057816276666,0.5225009649388568,-0.21035715527952767,1.101074995725027,0.3,-0.45922709768240716,-0.551677554135393,0.3303224987175081
0.2925851703406813,1.9219509892752802,1.0002306458207635,0.20383701650814526,-0.02091845439036438,-0.042740107597449783,0.9567282809782857,-0.0006410158801782079,-0.48160621803959863,-0.1504157317338218,0.9547930146757504,-0.00004277611925217859,-0.5771043852450767,-0.21344026509003958,-0.2004419058929617,1.096560686190346,-0.4195241560689191,0.3,-0.001990466705157935,0.522964322568438,-0.2120862500996956,1.101859753580644,0.3,-0.45855497139929996,-0.5510061056245097,0.3305579260741932
0.2945891783567134,1.9351400123057576,1.0002513245852316,0.20364316255849732,-0.02073567779287037,-0.04269821143379302,0.956624490797338,-0.000643652237285315,-0.4808144681144259,-0.15020319655641112,0.9548175451682924,-0.00004407899400677832,-0.5763152948076712,-0.2132305068985393,-0.20271621000743495,1.097591798535452,-0.4188420970362796,0.3,-0.003877496080919987,0.5234246949707797,-0.213796617746425,1.1025830020245602,0.3,-0.4578147515555939,-0.5502665560449657,0.330774900607368
0.29659318637274545,1.9483293007900748,1.000270910260903,0.2034443724713035,-0.020539018467862512,-0.04265515739422637,0.9565243492791555,-0.0006461986969660858,-0.47995387939561346,-0.14998519784120942,0.9548438678322116,-0.00004524736807743866,-0.5754575189817545,-0.21301534948109294,-0.20489192495952732,1.0985610749797854,-0.4181102177691466,0.3,-0.005804614544109764,0.5238815103940204,-0.2155360241801967,1.1032427508706555,0.3,-0.4570099757181377,-0.5494624448137426,0.33097282526119665
0.2985971943887775,1.9615188403578454,1.0002894096148465,0.20324118513230144,-0.020329259772829605,-0.04261107010840862,0.9564277985855549,-0.0006486566893095929,-0.4790282641237285,-0.1497623143835159,0.9548718770676778,-0.000046297178808323095,-0.5745348583849631,-0.21279536243140926,-0.20698067207890297,1.0994681068679322,-0.41733175786926624,0.3,-0.007769335719432498,0.5243346407490344,-0.2171657473243449,1.1038382959461284,0.3,-0.4561442000164537,-0.5485973268419181,0.3311514887838385
0.3006012024048096,1.9747086167379457,1.0003068309240406,0.2030340666567963,-0.020107180563350105,-0.04256605809955789,0.9563347792455974,-0.0006510272371409436,-0.4780413911238153,-0.14953505000947667,0.9549014682752702,-0.00004724151282908789,-0.5735510732312088,-0.21257104192207812,-0.20896623173757864,1.1003126810870545,-0.4165098848525607,0.3,-0.009769159178996071,0.5247838840852797,-0.2185814710423209,1.1043714420334434,0.3,-0.45522094050445583,-0.5476747197817342,0.331311432610033
0.30260521042084165,1.9878986157779022,1.000323183892739,0.2028234315305502,-0.01987354482355671,-0.04252021797591101,0.9562452305747645,-0.000653311400227472,-0.47699694251398295,-0.14930385758290007,0.954932538785604,-0.00004809053835989436,-0.5725098370143002,-0.21234283578207203,-0.21083277239133066,1.1010950168237081,-0.41564759355819475,0.3,-0.01180158478043496,0.5252286453886351,-0.2198538385127823,1.1048441970023843,0.3,-0.4542436325796741,-0.5466980604585084,0.33145325910071527
0.3046092184368737,2.001088823462099,1.000338479558578,0.2026096840821014,-0.01962909638351886,-0.04247364335768577,0.9561590909889528,-0.000655511915428159,-0.4758984909036977,-0.14906918900218394,0.9549649839894864,-0.000048849526142502965,-0.5714147118584314,-0.21211118719003927,-0.21258839648112018,1.1018154874009412,-0.41474779470875955,0.3,-0.013864125693292838,0.5256682252056715,-0.22110720133664089,1.105256637697029,0.3,-0.45321560780345427,-0.5456706796302602,0.33157699130910867
0.3066132264529058,2.0142792259287337,1.0003527302013322,0.20239322374806742,-0.019374559105808074,-0.0424264201669728,0.9560762979439581,-0.0006576295192112803,-0.4747495362701716,-0.14883148997763143,0.9549987090872853,-0.000049515984115525924,-0.5702691868006289,-0.21187653885404562,-0.21425228483864273,1.102474285050729,-0.41381343123967995,0.3,-0.015954306970760692,0.5261022278585594,-0.22234262131451404,1.105607854750563,0.3,-0.45214013506711903,-0.5445958459515242,0.3316823564251689
0.30861723446893785,2.027469809485694,1.0003659492657506,0.20217446822909257,-0.019110641502752566,-0.042378640901648584,0.9559967879211343,-0.0006596662064708291,-0.47355349190598833,-0.14859123116993836,0.9550336127679014,-0.00005008772166979292,-0.5690766661720159,-0.21163935607193432,-0.21582858657156798,1.1030714955337781,-0.4128474387399868,0.3,-0.018069658287619483,0.5265305096309747,-0.2234571848444733,1.105898205132758,0.3,-0.45102039829921703,-0.543476743903012,0.3317694615398274
0.3106212424849699,2.040660560625429,1.000378151291945,0.2019538573217395,-0.018838039324909104,-0.04233039958247689,0.9559204965269567,-0.0006616233841048583,-0.47231373431794904,-0.1483489054844651,0.9550696003005431,-0.00005055954679871486,-0.5678405158702221,-0.21140012609282477,-0.21730498164930417,1.1036074146180967,-0.4118526283649534,0.3,-0.020207716060079997,0.5269528076108948,-0.2244035914417119,1.1061295713752504,0.3,-0.44985955069115213,-0.5423165262320588,0.3318388714125751
0.312625250501002,2.053851466039053,1.000389351863868,0.20173184819426326,-0.01855744354553541,-0.04228179655843805,0.9558473578793794,-0.0006635034948484426,-0.47103360856297655,-0.14810502206396373,0.9551065707076193,-0.00005093011875641795,-0.5665640718399172,-0.2111593517745206,-0.21867417947386075,1.1040826307297391,-0.4108316554131482,0.3,-0.022366034814553522,0.5273686083296858,-0.22524915953908986,1.1063035668051187,0.3,-0.44866071276647534,-0.5411183133703061,0.33189107004153556
0.31462925851703405,2.0670425126297896,1.0003995675643544,0.20150888782245746,-0.018269539225636698,-0.042232928623879805,0.9557773052171616,-0.000665307499277529,-0.46971645591490274,-0.14786007016643052,0.9551444326877274,-0.000051200194514975556,-0.5652506655487602,-0.21091752004311415,-0.21994529176349692,1.1044977921549175,-0.4097871160106884,0.3,-0.024542194823056963,0.527777400836126,-0.22606815692299342,1.1064204682030507,0.3,-0.4474270065980418,-0.5398852272538781,0.33192614046091523
0.3166332665330661,2.0802336875258884,1.0004088159333628,0.2012854103792441,-0.01797500551811395,-0.04218389241153103,0.9557102711151549,-0.0006670370787080232,-0.4683655817291358,-0.14761452692669502,0.9551830930365898,-0.0000513733932631516,-0.5639035910143962,-0.2106750993750724,-0.2211309542082451,1.1048534239117223,-0.40872161600981827,0.3,-0.02673380000379049,0.528178907659559,-0.22684091006175935,1.1064802306251535,0.3,-0.44616151973523316,-0.5386203531448401,0.33194406918754604
0.3186372745490982,2.0934249780929157,1.0004171154183317,0.2010618229057451,-0.01767451560006519,-0.042134781200846495,0.9556461868725228,-0.0006686944846239721,-0.4669842460621595,-0.14736883940920736,0.9552224563953516,-0.00005145525212543702,-0.5625261044020452,-0.21043253165486325,-0.22223160207457976,1.105150035648061,-0.40763772953087934,0.3,-0.028938474267337,0.5285729790439408,-0.22749762025174666,1.106483868973711,0.3,-0.44486729641614475,-0.537326739374458,0.33194516069211333
0.32064128256513025,2.106616371945374,1.0004244853213637,0.2008385009651712,-0.01736873058196602,-0.04208567896885956,0.955584983270372,-0.0006702808448124935,-0.46557566864411787,-0.14712341327781508,0.9552624380045731,-0.000051453249283192074,-0.5611214137857042,-0.21019021943332133,-0.22323898945453766,1.1053883247684306,-0.4065379290981559,0.3,-0.031153865260724462,0.528959347045262,-0.2280246732409169,1.1064332459285793,0.3,-0.44354734831709086,-0.5360073947797473,0.33192997377857375
0.3226452905811623,2.119807856957613,1.0004309457420544,0.200615791641748,-0.017058296435570382,-0.042036666444475825,0.9555265908725925,-0.0006717984518085365,-0.4641429783185456,-0.14687863591316663,0.9553029492543624,-0.00005137304760195851,-0.5596926424864636,-0.20994854041938885,-0.22415119663571303,1.105569177433782,-0.40542458124717917,0.3,-0.03337765279354929,0.5293375994098202,-0.22847752993902512,1.1063297950733966,0.3,-0.44220460027020514,-0.5346652463469251,0.33189893852201896
0.3246492985971944,2.1329994212739005,1.0004365175112397,0.20039402720222296,-0.016743843807186246,-0.04198781609309832,0.955470939424474,-0.0006732485794831461,-0.4626892362682813,-0.14663486149643282,0.9553439070002407,-0.000051218735583539877,-0.5582428373468203,-0.2097078493254653,-0.22497670939374542,1.1056934934196134,-0.40430000444541503,0.3,-0.03560755306209439,0.5297073760229091,-0.22889653971492785,1.1061740966842553,0.3,-0.440841916691476,-0.5333031523149269,0.33185222900527656
0.32665330661322645,2.1461910533176605,1.0004412221291592,0.20017350459289587,-0.01642598363298821,-0.041939198454058545,0.9554179587892249,-0.0006746329627346027,-0.4612173964084653,-0.14639242786827208,0.955385230410267,-0.00005099299444228771,-0.5567749545311964,-0.2094684791175888,-0.22572360207461714,1.105762099625368,-0.4031664984200688,0.3,-0.037841316794110805,0.5300684835789286,-0.22925636853806663,1.10596675790607,0.3,-0.43946206240022956,-0.5319238867964615,0.33179002737182095
0.3286573146292585,2.15938274179986,1.0004450816987716,0.1999545386415006,-0.01610530922316954,-0.04189088177105047,0.9553675785166702,-0.000675953714632881,-0.459730341869624,-0.14615167823807657,0.9554268392952459,-0.00005069996520491698,-0.5552918604278916,-0.2092307673303434,-0.22639097504267786,1.1057758544673415,-0.40202629943618357,0.3,-0.04007672796330292,0.5304207829958216,-0.22951355223964354,1.1057091823902023,0.3,-0.4380677360741796,-0.5305301391023738,0.3317127547170607
0.3306613226452906,2.1725744757265812,1.000448118870919,0.19973742262551758,-0.01578239686137067,-0.041842930452666224,0.9553197281548464,-0.0006772119548414323,-0.4582308753627943,-0.1459129380521268,0.9554686578457994,-0.0000503385197702606,-0.5537963514418532,-0.20899503727251398,-0.22697408732572485,1.105735767157159,-0.40088153891280703,0.3,-0.04231160779350164,0.5307640389516234,-0.2296718129719175,1.105403184269197,0.3,-0.43666156382194415,-0.5291245361312326,0.3316209552807591
0.33266533066132264,2.185766244405888,1.0004503567899636,0.1995224462210709,-0.015457806391034067,-0.04179541025285105,0.9552743372470006,-0.0006784096020972891,-0.4567217160106085,-0.14567653114626816,0.9555106116999029,-0.00004991024525823372,-0.5522911423023594,-0.2087616077712845,-0.22747403530671204,1.1056429618987849,-0.39973425319537725,0.3,-0.044543820638388514,0.5310979443578202,-0.22977251488696732,1.1050501482500021,0.3,-0.4352460936025156,-0.5277096278747212,0.33151504447500063
0.33466933867735466,2.1989580374539943,1.000451819043081,0.19930989308694372,-0.015132084282158228,-0.04174838472816267,0.955231334920709,-0.0006795484276046024,-0.4552055215397973,-0.14544277006323694,0.955552628346519,-0.0000494178234011221,-0.550778885003897,-0.2085307891483276,-0.22789796059761536,1.1054985562877224,-0.39858642701825864,0.3,-0.046771276116852084,0.5314222594322199,-0.22983478544792932,1.1046509581536308,0.3,-0.4338238167490554,-0.5262879060655271,0.3313952874460892
0.3366733466933867,2.2121498448008095,1.0004525296161029,0.19910003465409548,-0.014805761753107063,-0.04170191434029894,0.9551906504983623,-0.0006806300006304556,-0.453684885336751,-0.14521195351051677,0.9555946388057854,-0.00004886546209286102,-0.5492621643840413,-0.20830287539044626,-0.22825094215752947,1.105303630915396,-0.39744000820335623,0.3,-0.04899192775211081,0.5317368563876471,-0.2298354004146085,1.1042066723736672,0.3,-0.43239716585268023,-0.5248618007679907,0.33126200171210013
0.3386773547094188,2.225341656694898,1.0004525128481991,0.19889313577528017,-0.014479355648555783,-0.041656057836110455,0.9551522133166233,-0.000681656643743431,-0.45216232249078153,-0.1449843623016283,0.9556365719155037,-0.00004825388016178108,-0.5477434870648284,-0.2080781477824568,-0.2285319962517627,1.10505931467722,-0.3962968747738727,0.3,-0.05120377300024436,0.5320416225229252,-0.22975002165686845,1.103718898996395,0.3,-0.4309684996004377,-0.5234336676896693,0.33111566969891854
0.34068136272545085,2.2385334637077787,1.0004517933927504,0.19868925232640391,-0.014153386191047003,-0.04161086003362656,0.9551159450857895,-0.0006826498485890308,-0.4506403238293313,-0.14476035367466375,0.9556783965271948,-0.000047559701816793885,-0.5462252483257275,-0.20785679461408169,-0.2287390563700587,1.1047668476835864,-0.3951587603998937,0.3,-0.0534048567603306,0.5323363763154184,-0.22958975646996507,1.1031893882809134,0.3,-0.42954017602117034,-0.5220057838554276,0.330956816484274
0.3426853707414829,2.2517252567384105,1.0004503962028093,0.1984894013882789,-0.013828330417614759,-0.04156647710330355,0.9550817720352844,-0.0006836180773771704,-0.44912138412978825,-0.14454014528728104,0.9557199388819595,-0.00004692951463364666,-0.5447102116054743,-0.20763951457175683,-0.22887460115238448,1.1044275290695487,-0.3940274085737785,0.3,-0.055593275111811606,0.532620912773965,-0.22938211749550108,1.1026195535334478,0.3,-0.42811446923582724,-0.5205806657223255,0.3307858660600343
0.344689378757515,2.264917027015741,1.0004483464505147,0.19829256372119924,-0.01350463410622298,-0.04152271995147406,0.9550496550757985,-0.0006844873164815132,-0.44760754283126986,-0.14432353810705553,0.9557612903152544,-0.000046156784558150464,-0.5432001417947223,-0.20742562101736775,-0.2289444769265977,1.1040426608264586,-0.39290467945735236,0.3,-0.05776717643541089,0.5328950818407728,-0.22913737758093858,1.1020105677298961,0.3,-0.426693392200544,-0.5191600943214518,0.33060317031896885
0.34669338677354705,2.278108766101498,1.0004456693449117,0.19809943774730784,-0.01318272741408675,-0.041479768492046945,0.9550195074575158,-0.0006853077075796959,-0.4461008171775644,-0.1441110137740922,0.955802318976544,-0.00004535413700646673,-0.5416971340352207,-0.207215760123959,-0.22895231278487232,1.1036135175044324,-0.39179202294227106,0.3,-0.05992476061683593,0.5331588145437313,-0.22883649833326575,1.1013637170318131,0.3,-0.42527878990809703,-0.5177459788018371,0.3304091151095439
0.3486973947895791,2.2913004658902056,1.0004423901943387,0.19791031944289897,-0.012863031549988376,-0.04143766605893078,0.9549912600260226,-0.0006860813814113194,-0.4446033540598035,-0.14390287977729097,0.9558429745584194,-0.00004449914332942682,-0.5402033314149126,-0.20701023877537844,-0.22889750973501716,1.1031414181624564,-0.39069095230252016,0.3,-0.06206427927999113,0.5334120427322471,-0.2284653807862617,1.100680697897051,0.3,-0.42387268798205285,-0.5163403473877117,0.33020420936911526
0.3507014028056112,2.3044921186108835,1.000438534419688,0.19772541005148786,-0.012545968392723272,-0.041396458808229085,0.9549648442307566,-0.0006868099704116718,-0.4431172396086986,-0.1436993527252655,0.9558832070879739,-0.00004360080866173508,-0.5387208163959631,-0.20680926656340484,-0.22877949943064638,1.1026277612097368,-0.3896029131621759,0.3,-0.06418403853555306,0.53365464957023,-0.22803648329274198,1.0999632458734516,0.3,-0.4224770507450895,-0.5149451646503639,0.32998897376203545
0.35270541082164325,2.317683716828268,1.0004341275140234,0.19754486063245472,-0.012231945998005452,-0.04135618317862882,0.9549401921469368,-0.0006874946950253995,-0.44164447781582444,-0.14350058741959082,0.9559229666823739,-0.00004266752123316602,-0.5372515869556431,-0.20661299878470085,-0.2286013523760365,1.1020739808003095,-0.3885292966446411,0.3,-0.06628240148308046,0.5338865124771977,-0.22757070371004723,1.0992128070679683,0.3,-0.4210937653213552,-0.513562315192939,0.3297638421203905
0.3547094188376753,2.3308752534434296,1.000429195011263,0.19736844239421247,-0.01192138829493285,-0.04131691189858541,0.9549172243057191,-0.0006881694335612442,-0.44018702540189536,-0.14330685184262537,0.955962214454049,-0.00004171066234012015,-0.5357974780060157,-0.20642149717408356,-0.2283678828333565,1.10148149383533,-0.3874713651022014,0.3,-0.06835778844750917,0.5341075651949792,-0.2270705220976599,1.0984306576951892,0.3,-0.4197246787978423,-0.512193533596157,0.32952919730855673
0.3567134268537074,2.3440667216944293,1.00042376241907,0.1971975624793371,-0.011614603667284555,-0.04127862276366075,0.9548958841837117,-0.0006888080782717393,-0.4387467215579376,-0.14311809797298491,0.9560008602098076,-0.00004077892310208353,-0.5343606829434229,-0.20623531367155734,-0.2280815615680415,1.1008517025575608,-0.38643053726520354,0.3,-0.07040867611144791,0.5343177937478857,-0.2265211861045215,1.0976183051090065,0.3,-0.4183714996434833,-0.5108408625022154,0.3292854915327019
0.35871743486973945,2.3572581151550853,1.0004178552225629,0.1970305495139893,-0.011311960090320235,-0.041241251180673,0.9548761238420868,-0.0006893705267505325,-0.4373250577954863,-0.1429341191095141,0.9560389539211266,-0.000039766563820137556,-0.532942341365393,-0.20605363565308432,-0.22774255409599783,1.1001860623704045,-0.38540813722432654,0.3,-0.07243359830022837,0.5345171679969832,-0.2259201612155458,1.0967774762102598,0.3,-0.4170356899366161,-0.5095054444941937,0.32903324286307795
0.3607214428857715,2.3704494277337784,1.000411498611064,0.1968681989459762,-0.01101374257766678,-0.04120490019461979,0.9548578658315939,-0.0006898953184646292,-0.43592341190818706,-0.14275524338571424,0.9560763956673176,-0.000038742228429573396,-0.5315439231582773,-0.20587700682623036,-0.227351903163487,1.0994860648295168,-0.3844051722003556,0.3,-0.07443114797950733,0.5347056393595834,-0.2252781257672021,1.0959097875792043,0.3,-0.4157185123851112,-0.5081886220580045,0.3287729362737613
0.3627254509018036,2.3836406536696466,1.0004047175951265,0.19671068185802468,-0.010720239698563467,-0.04116959437350171,0.9548410466345234,-0.0006903844400602718,-0.434543282242106,-0.14258168832019127,0.956113161953769,-0.0000376876084683357,-0.5301669439625176,-0.2057056301981834,-0.22691269138587847,1.0987532106213207,-0.38342268504309895,0.3,-0.07639997820455677,0.5348831714085679,-0.22460596847464462,1.0950166987771202,0.3,-0.414421391017495,-0.5068918406021188,0.32850500963313606
0.36472945891783565,2.3968317875305396,1.0003975370174463,0.19655815817836417,-0.010431744339920892,-0.04113536153679973,0.9548256034456992,-0.0006908396887456305,-0.433186142239241,-0.1424135912759239,0.9561492118808965,-0.00003660128893106522,-0.5288128596308216,-0.2055396508949789,-0.2264283652367619,1.0979889857879381,-0.38246167367221884,0.3,-0.0783388019033668,0.5350497673619272,-0.22390279484719516,1.094099627165703,0.3,-0.4131457166547331,-0.505616475952344,0.32822988814971094
0.3667334669338677,2.410022824210657,1.0003899815326418,0.19641069301095263,-0.010148538489087217,-0.041102223860585554,0.954811474284151,-0.0006912618788280626,-0.4318533862728304,-0.14225103779334766,0.9561845203331323,-0.00003549713130790825,-0.5274830716628568,-0.20537914572388336,-0.22590083102686961,1.0971948744897815,-0.3815230905712954,0.3,-0.08024639143816589,0.5352054555006496,-0.2231618824359543,1.093160116483038,0.3,-0.411892809978815,-0.5043638574912923,0.32794803494491137
0.3687374749498998,2.423213758927889,1.0003820755757695,0.19626833944614772,-0.009870886955318547,-0.04107019745890848,0.9547985982582913,-0.0006916531372483241,-0.43054631781087793,-0.14209408339388294,0.9562190542962944,-0.00003438057215269263,-0.5261788815631281,-0.205224168056952,-0.2253309578407283,1.09637238246488,-0.3806078308533462,0.3,-0.08212157904051869,0.5353502586529978,-0.22238366147880653,1.0921998026654864,0.3,-0.41066390327040264,-0.5031352167946589,0.32765994079964594
0.37074148296593185,2.4364045872206637,1.0003738433241476,0.19613112738876048,-0.009599034848517034,-0.04103929018316687,0.954786915733145,-0.0006920152044222279,-0.42926614234712734,-0.14194274679733263,0.956252786861622,-0.000033254668830784705,-0.5249014895302077,-0.20507474175447524,-0.22472042504691545,1.095523034806486,-0.37971673022638275,0.3,-0.08396325774096985,0.5354841915547739,-0.22157692892092273,1.091220252712663,0.3,-0.4094601388440708,-0.5019316924984549,0.3273660758137989
0.3727454909819639,2.4495953049442893,1.0003653086572284,0.19599906973998005,-0.009333205440629617,-0.04100950011929818,0.9547763683920164,-0.0006923479003270055,-0.42801396975769934,-0.14179702283223036,0.9562856886459487,-0.000032124938513037636,-0.5236519891033327,-0.2049308647187722,-0.22407218222897227,1.0946483521205825,-0.37885056983915033,0.3,-0.0857703816862384,0.5356072851957023,-0.2207484249066596,1.090222912425883,0.3,-0.4082825668292288,-0.5007543196190728,0.32706687372776494
0.374749498997996,2.4627859082667687,1.0003564951175812,0.195872132422579,-0.009073598076365002,-0.040980831804292205,0.9547668990392533,-0.0006926531913372681,-0.42679075811071937,-0.14165691657022494,0.9563177465292373,-0.000030992573323709556,-0.5224313583601136,-0.20479253189778704,-0.22338909855613243,1.0937498380077808,-0.3780100697274646,0.3,-0.08754196562587632,0.5357196005611241,-0.2198967522282452,1.0892092134958455,0.3,-0.4071321005574698,-0.49960403229559125,0.32676276404875365
0.37675350701402804,2.475976393664073,1.0003474258694232,0.1957503347214587,-0.00882039193910461,-0.04095328663426496,0.9547584519657221,-0.0006929328761640437,-0.4255974011279407,-0.1415224380194436,0.9563489361305181,-0.000029855727684666625,-0.5212404818807658,-0.2046597599983604,-0.2226729043364979,1.0928289901812096,-0.3771958854695751,0.3,-0.08927708439583298,0.5358212144275092,-0.2190182081736568,1.0881806686813333,0.3,-0.40600958779169954,-0.4984816700487664,0.3264542006044
0.3787575150300601,2.489166757915,1.0003381236768636,0.19563368893679733,-0.008573750535538455,-0.04092686890869048,0.9547509724379998,-0.0006931891390199009,-0.4244347109062211,-0.1413936150172439,0.9563792392337633,-0.00002871622312128602,-0.5200801733602556,-0.20453257050390064,-0.22192481424384564,1.0918873137918155,-0.3764086019837688,0.3,-0.09097487299262198,0.5359122003256449,-0.2181148254794319,1.0871388230276169,0.3,-0.40491580073934874,-0.4973880071359148,0.32614164690828507
0.3807615230460922,2.5023569980959803,1.0003286109223555,0.19552244488260484,-0.008333875547990482,-0.04090169418483888,0.9547443801582775,-0.0006934897530325219,-0.42330362204570404,-0.1412707032700803,0.9564085941968303,-0.000027659771441984187,-0.5189513004587727,-0.2044112199316956,-0.2211466894129449,1.0909263125154822,-0.37564858054440137,0.3,-0.09263452679073997,0.5359926325406363,-0.2171926421341813,1.0860851182859055,0.3,-0.40385159772359713,-0.4963238297607682,0.32582553548577164
0.38276553106212424,2.5155471115757213,1.0003189095674525,0.19541616804680387,-0.00810082167970016,-0.040877474243703506,0.9547386747257658,-0.000693700243211103,-0.4222047277770016,-0.14115317697240568,0.9564371019081528,-0.00002646107612646991,-0.5178546258702652,-0.20429520037987142,-0.22034106214909246,1.0899474809886343,-0.37491667936921247,0.3,-0.09425530119344275,0.5360625970917586,-0.21625699856711095,1.0850210234074937,0.3,-0.4028176259243613,-0.4952899717062377,0.3255063070222481
0.38476953907815625,2.5287370960097637,1.0003090410932873,0.1953148499791264,-0.007874743249102627,-0.040854400723772145,0.9547337811829747,-0.000693889267281223,-0.42113841609957936,-0.1410411375567793,0.9564646637116121,-0.00002530654377550864,-0.5167903730513607,-0.20418459751346113,-0.21951062991759068,1.0889522937400369,-0.3742131038803575,0.3,-0.09583651122997579,0.5361222020761707,-0.21530799847086807,1.083947854233977,0.3,-0.4018141934270125,-0.494286563163513,0.3251843562701931
0.3867735470941883,2.541926949332804,1.0002990264059828,0.19521870433848956,-0.00765572206750745,-0.040832456349807374,0.9547296493565199,-0.0006940587615030758,-0.42010524272836647,-0.14093477142684077,0.9564912733145977,-0.000024146467083813358,-0.5157591430784917,-0.20407960335070244,-0.21865710211576425,1.0879422036912634,-0.3735381804103457,0.3,-0.0973775305089257,0.5361715734840944,-0.21434195878767023,1.0828670153364917,0.3,-0.40084184034274917,-0.4933141916853675,0.3248601046009475
0.3887775551102204,2.5551166697523318,1.0002888859754226,0.1951277515624466,-0.0074438608147990365,-0.040811647695547314,0.9547262302200932,-0.0006942101063134785,-0.41910577085487455,-0.14083410512269134,0.9565169340211565,-0.000022977449272045894,-0.5147615106546021,-0.20398024498601453,-0.21778158711244905,1.0869186596953138,-0.3728921973673969,0.3,-0.09887779076368515,0.5362108345825194,-0.21336008408889506,1.0817799462785016,0.3,-0.3999011114985239,-0.49237341497770715,0.3245339838835505
0.39078156312625245,2.56830625574283,1.0002786398433121,0.19504203610301823,-0.007239304427211902,-0.040791980487109976,0.9547234767853015,-0.0006943454170373793,-0.41814079699010875,-0.14073941941811613,0.9565420350050261,-0.000021680488042405262,-0.5137982868863842,-0.20388671058898128,-0.21688575605856875,1.085883103888054,-0.372275416909551,0.3,-0.10033678170500306,0.536240105563954,-0.21236861005060362,1.0806880209608851,0.3,-0.398992951020814,-0.4914652385570072,0.3242064062882655
0.3927855711422845,2.5814957060396595,1.0002683075480967,0.19496143894063242,-0.007042106445803636,-0.040773441404190876,0.9547213420803923,-0.0006944654630195142,-0.4172105502304614,-0.1406504399668985,0.9565663300315718,-0.00002034754394336021,-0.5128697184152781,-0.2037987783462868,-0.21597205260403435,1.0848369561360165,-0.3716880479800497,0.3,-0.10175405044756396,0.5362595192729399,-0.21137205996326025,1.0795925150928212,0.3,-0.3981174670459649,-0.4905897575242302,0.32387775452784634
0.3947895791583166,2.594685019632757,1.0002579081341572,0.1948858586504672,-0.006852311233238841,-0.04075600820728471,0.9547197807667287,-0.0006945707529389718,-0.41631523556530753,-0.14056693697269645,0.9565896373865674,-0.0000190454072502772,-0.5119759940755189,-0.203716252807879,-0.21504280477578805,1.0837816068513872,-0.37113026171281505,0.3,-0.10312920042037622,0.5362692288747158,-0.21036980028676755,1.0784946814922012,0.3,-0.39727477587769194,-0.4897470506643298,0.32354840444766036
0.39679358717434865,2.607874195759842,1.0002474601252374,0.19481518112957283,-0.006669959845203505,-0.04073965881776036,0.954718749587854,-0.0006946619151824092,-0.4154550626313125,-0.1404887936927674,0.9566119620720975,-0.00001777385388602245,-0.5111173271273747,-0.20363901888282288,-0.21409959575887097,1.0827184245833608,-0.370602184773192,0.3,-0.10446189030442778,0.5362693980589215,-0.20935998250084606,1.0773958070262803,0.3,-0.39646508553813814,-0.4889373297021969,0.3232187421078841
0.3987975951903807,2.62106323389922,1.000236981484404,0.19474930209413838,-0.006495073450290496,-0.040724372821948164,0.9547182067403643,-0.0006947400612416982,-0.41463014038294804,-0.1404159071820426,0.9566333067766922,-0.000016530769427915007,-0.5102938299973712,-0.20356697481208758,-0.21314369011673145,1.0816487639348773,-0.370103883990216,0.3,-0.10575183334476156,0.5362601892853722,-0.20834440232760704,1.076297176400257,0.3,-0.39568850719931936,-0.48816070889940466,0.3228891529200771
0.4008016032064128,2.634252133762232,1.000226489592796,0.1946881381159639,-0.006327655931974253,-0.040710131674826275,0.9547181119933718,-0.0006948061595150868,-0.4138405079155305,-0.14034819385683808,0.9566536759944172,-0.000015311793786181652,-0.5095055426149824,-0.20350003941191713,-0.21217676510979186,1.0805739610624976,-0.36963536721009677,0.3,-0.10699879674410326,0.5362417657841307,-0.20732759118828922,1.075200005429021,0.3,-0.39494508628263303,-0.4874172343315141,0.3225600016287063
0.40280561122244485,2.6474408952855155,1.0002160012406514,0.19463163548930495,-0.00616770030496895,-0.040696920420854266,0.9547184262612096,-0.0006948614859546455,-0.413086155422741,-0.14028559296376594,0.9566730666393064,-0.000014114978489583955,-0.508752451670977,-0.2034381531651185,-0.21120090820443516,1.07949532269506,-0.36919658706308683,0.3,-0.10820260070007832,0.5362143020239154,-0.20631227391001286,1.074105435046482,0.3,-0.39423481786941206,-0.48670689657518323,0.3222316305139446
0.4048096192384769,2.6606295186229825,1.0002055324426216,0.19457893108917373,-0.006014813370032331,-0.04068472643624681,0.9547191005108622,-0.0006949153081791871,-0.41236398325712154,-0.1402258201690577,0.9566878373319362,-0.000013902030393817896,-0.508032002679721,-0.20337945736770388,-0.2102179947604149,1.0784141222152,-0.3687873172596107,0.3,-0.10936311711347448,0.536177986905572,-0.20529782274291006,1.073014559311388,0.3,-0.3935531212355755,-0.4860252105516769,0.3219043677934164
0.406813627254509,2.673818004139481,1.000195099937456,0.19453241192925547,-0.005871243914707084,-0.04067411649992932,0.9547201446867909,-0.000695080769169141,-0.41166510858652483,-0.1401715501588624,0.956672522560283,-0.00001061595647875887,-0.5073375100894386,-0.20332421775861656,-0.20922932459276417,1.0773316051904358,-0.368407967388687,0.3,-0.11048026830437283,0.5361330157420344,-0.2042834360542756,1.071928613176991,0.3,-0.39288162870094,-0.48535369708566944,0.3215785839530973
0.40881763527054105,2.6870063524010446,1.0001847171728446,0.19448946504278652,-0.0057334647349291425,-0.040663824357367595,0.9547214590446719,-0.0006951089043000868,-0.4110158966628076,-0.1401235902802359,0.9566888948661263,-9.57930598827358e-6,-0.5066897832061177,-0.2032769585338093,-0.20823608639809263,1.0762489947701723,-0.36805770455726994,0.3,-0.11155402607588843,0.5360795825642221,-0.20327128025025953,1.070848580731351,0.3,-0.3922701582246911,-0.4847425414832317,0.3212545742194053
0.4108216432865731,2.700194564168732,1.0001743993314696,0.19445247327594273,-0.0056034170257741964,-0.040654305433733384,0.9547230148720627,-0.0006951815375379507,-0.41041602322794696,-0.140086842601675,0.9567282935527167,-7.065968586973006e-6,-0.5060873798961574,-0.20324037819350582,-0.20724003027155274,1.0751674895918428,-0.36773639121881924,0.3,-0.11258441092298063,0.5360178827120521,-0.20226538274837255,1.0697755009009162,0.3,-0.3917153035223748,-0.4841866792664882,0.32093265027027484
0.4128256513026052,2.713382640394838,1.0001641601251623,0.19441731879254678,-0.005479303100525128,-0.04064602857636121,0.9547247592247576,-0.000695220663231371,-0.40984202365062977,-0.14004722868585087,0.9567555467351849,-8.72278107330353e-6,-0.5055133528934327,-0.20320252514406337,-0.20624286738578285,1.0740882494925985,-0.3674437539352185,0.3,-0.11357149046709955,0.5359481245762131,-0.20126643607510558,1.0687103533199334,0.3,-0.39117948925853396,-0.4836509318383523,0.32061310599598
0.41482965931863724,2.7265705822059783,1.0001540134513558,0.19438700634606482,-0.005363552113778449,-0.04063854431011072,0.9547267769709535,-0.000695225668187766,-0.4092972507760074,-0.14001345049491076,0.9567692139906934,-7.526197144706244e-6,-0.5049694323237465,-0.20316901498965706,-0.20524605895906278,1.0730124059344432,-0.3671801960036756,0.3,-0.1145153781997947,0.535870521166491,-0.20027524259398993,1.067654237231164,0.3,-0.39066631511561956,-0.483137677763657,0.32029627116934917
0.4168336673346693,2.739758390901296,1.0001439715015266,0.1943606762029803,-0.005254936575355353,-0.040632011139384,0.9547289677538645,-0.0006952240740544747,-0.40878621077575256,-0.13998399552212695,0.956781982048026,-6.476870833329398e-6,-0.5044590976499794,-0.2031398665927366,-0.20425100908225421,1.0719410554909135,-0.3669448354760775,0.3,-0.11541623240142072,0.5357852921085265,-0.1992917071747321,1.0666079792393113,0.3,-0.3901848658960552,-0.482656059601029,0.3199823937717934
0.4188376753507014,2.752946067940494,1.0001340458823993,0.19433709467503416,-0.005152701590079436,-0.04062639228932989,0.9547312832825426,-0.0006952322405364115,-0.40830335513354155,-0.13995546346181625,0.9567878760164957,-6.955659990065928e-6,-0.503978037833396,-0.20311230933456534,-0.20325871220727168,1.0708752575726344,-0.3667370299124487,0.3,-0.1162742544958802,0.5356926621075816,-0.19831522544089075,1.065572448894062,0.3,-0.389727230638182,-0.4821986635974126,0.31967173466821863
0.42084168336673344,2.76613361493934,1.0001242492890225,0.19431872191810107,-0.005059236846002403,-0.040622322507850146,0.9547337597580748,-0.0006953568923830284,-0.40784057318404016,-0.13993378204518167,0.9567668023759578,-3.932840224911621e-6,-0.5035234258852856,-0.2030886160283676,-0.2022700840082776,1.069816043377174,-0.3665570660388197,0.3,-0.11708968776034064,0.5355928527741766,-0.19734803154675895,1.0645486658604757,0.3,-0.38927819376480227,-0.481753699390574,0.3193645997581427
0.4228456913827655,2.7793210336598024,1.0001145913143124,0.19430456235795904,-0.004971536002120728,-0.040618409629146826,0.9547362913447729,-0.0006953441853799783,-0.4074292690068849,-0.13991751324278517,0.956776976454045,-3.004339025901123e-6,-0.503113013564936,-0.2030726443510656,-0.2012864195534992,1.0687644109167995,-0.3664038952272173,0.3,-0.11786281616298336,0.5354860868689528,-0.19639333629590122,1.0635373296781494,0.3,-0.38889064616086605,-0.48136633783427185,0.3190611989034448
0.4248496993987976,2.792508326006054,1.0001050831550018,0.19429690621065465,-0.004891543447968578,-0.04061499425533707,0.9547388891912504,-0.0006953055229148346,-0.4070699136427807,-0.13991251024201642,0.9568124925598052,-1.8109656139633597e-7,-0.5027469902453201,-0.20306762569356301,-0.20030945352770882,1.067721325036735,-0.36627740874428316,0.3,-0.11859396313728429,0.535372592601576,-0.19545350108071868,1.0625392449427014,0.3,-0.38856314625540234,-0.48103456408871603,0.3187617734828104
0.42685370741482964,2.8056954940195284,1.0000957340486423,0.19428932384467437,-0.004816587440700489,-0.04061283430448581,0.9547414571734061,-0.0006953097490813775,-0.4067292104829501,-0.13990266367299314,0.9568323571027607,-1.8752084104247263e-6,-0.5024044648759919,-0.20305935825495636,-0.19934053413834,1.0666877055207376,-0.36617654857312865,0.3,-0.11928348981548798,0.5352526114460062,-0.19452646147756675,1.0615550287922773,0.3,-0.38824639979248005,-0.48071646756763003,0.31846650863768317
0.4288577154308617,2.81888253986293,1.0000865538735062,0.19428220333855944,-0.004749023179871693,-0.04061188189679456,0.9547441456479254,-0.000695385788052097,-0.4063859707653594,-0.13989277169298422,0.9568023138552877,-1.1727827739404754e-6,-0.5020752556560761,-0.20304713088026605,-0.19838021525003285,1.0656644395143622,-0.36610181654185364,0.3,-0.11993179333133977,0.5351263843904203,-0.19361125851987204,1.0605856273576637,0.3,-0.3879072753587561,-0.4803865282110414,0.3181756882072991
0.4308617234468938,2.8320694658178494,1.000077550742163,0.19428790203002594,-0.004689434696680804,-0.04061069614505975,0.9547467733391989,-0.0006955495855403761,-0.40610214054647303,-0.13989287098938533,0.9568068906079562,1.3444473398508684e-6,-0.5017841136087171,-0.2030522840991076,-0.19742933806573432,1.0646523824111616,-0.36605181148755395,0.3,-0.12053930600975171,0.5349941477544355,-0.19270975346719144,1.0596315675039223,0.3,-0.38763906962455397,-0.4801107704915293,0.3178894702511767
0.43286573146292584,2.84525627426154,1.0000687324295228,0.19428769300834375,-0.004634042203475434,-0.040611495681530815,0.954749341142679,-0.0006955228579704303,-0.4058504965938757,-0.13989674714611136,0.95681431379033,9.16779605892948e-7,-0.5015388361396237,-0.20305156504284064,-0.19648878754513951,1.0636523485530347,-0.3660262670682738,0.3,-0.1211064935613688,0.5348561413588797,-0.1918229932267518,1.0586935447826127,0.3,-0.3874022640271807,-0.4798797234936686,0.3176080634347838
0.4348697394789579,2.8584429677081316,1.0000601091178407,0.1942946609788854,-0.004586129403118463,-0.040611699463574014,0.954751841554436,-0.0006954827854923333,-0.405656096789063,-0.13990595014548296,0.9568574648178759,1.0180722235652047e-6,-0.501331396587458,-0.2030625581890734,-0.19555995361419137,1.0626651417603543,-0.36602513474980064,0.3,-0.12163385403211562,0.5347125930461862,-0.19095791288913755,1.0577722347753928,0.3,-0.38723455407711826,-0.4797028959046303,0.31733167043261784
0.4368737474949899,2.8716295487606085,1.0000516855378563,0.19430225542185275,-0.004543708925410683,-0.04061260442054278,0.9547543639770399,-0.000695456865242284,-0.4054594617359037,-0.13991376554683807,0.9568618993103061,1.7759116996144498e-6,-0.5011355532745677,-0.2030699501126229,-0.19464464629706452,1.061691503239767,-0.3660475382074853,0.3,-0.12212191667460598,0.5345637547391057,-0.1901119018631077,1.0568680644857014,0.3,-0.387049092939941,-0.4795178779525242,0.3170604193457104
0.438877755511022,2.8848160200886905,1.0000434669071152,0.19431063991342767,-0.004506024255142276,-0.0406142488435359,0.9547567876303443,-0.0006954512932864734,-0.4052826152578222,-0.13992004956519385,0.9568578176485004,7.47605827102941e-7,-0.5009608735379996,-0.20307704550569283,-0.19374307962037757,1.0607321204633944,-0.36609191345288294,0.3,-0.12257123919991865,0.5344098915049281,-0.1892769047230168,1.0559814218431733,0.3,-0.38687878527901826,-0.47934848000243924,0.316794426552952
0.44088176352705405,2.89800238443901,1.0000354599693395,0.1943229657265114,-0.004475537082886992,-0.04061739281492385,0.9547591744108705,-0.0006955664345986547,-0.40511839609961897,-0.13993453702526884,0.9568312610143647,3.42564889504933e-6,-0.5008092302550768,-0.20308833533635973,-0.19285444868564086,1.0597876551621164,-0.3661583233196947,0.3,-0.12298240625392222,0.5342512512071486,-0.18845191424027347,1.0551130586980941,0.3,-0.3867119122191534,-0.47919062302193005,0.31653391760942823
0.4428857715430861,2.9111886446247537,1.0000276692003405,0.19434450674223042,-0.004450806918130031,-0.04062021714556824,0.9547613544010279,-0.0006955334937616126,-0.40503453542950024,-0.139959093133783,0.9568705705078326,4.119602951202752e-6,-0.5007096734943817,-0.20311485402454385,-0.1919788161118721,1.0588587463667887,-0.36624538059962697,0.3,-0.12335602859790212,0.534088060959255,-0.18764452743934074,1.0542633461265976,0.3,-0.38664799595448684,-0.47911518768791167,0.31627900383797924
0.4448897795591182,2.924374803535261,1.0000200992634702,0.19436044265651306,-0.004430148522131509,-0.040624578920869896,0.9547635021299454,-0.0006956157259491163,-0.404914350031955,-0.139975657386914,0.9568361974049284,4.241563315445682e-6,-0.5006076111161268,-0.20312846976662363,-0.1911180295782659,1.0579460062427797,-0.36635300431878254,0.3,-0.12369274219770672,0.5339205446321027,-0.18686393009851826,1.0534327146251599,0.3,-0.3865195565972639,-0.4790003445945857,0.31602981438754796
0.44689378757515025,2.9375608641205266,1.0000127558977592,0.19438385974468544,-0.004416014708690115,-0.040629030570861084,0.9547654512460994,-0.0006956493657483879,-0.4048537735939586,-0.14000026119046796,0.9568366994456459,5.402037568625296e-6,-0.5005453955703055,-0.20315315666542624,-0.1902741268410463,1.0570499825245512,-0.3664804770616506,0.3,-0.12399320628293253,0.533748956042491,-0.18610674180813272,1.0526214031202021,0.3,-0.38646217151479534,-0.47894130166119087,0.31578642093606063
0.4488977955911823,2.950746829388662,1.000005643009588,0.19441292459300907,-0.0044079016953615085,-0.040633617077784054,0.9547672185926722,-0.0006956152545825484,-0.40484905307715296,-0.14003253249148928,0.9568730436776107,5.863954212825766e-6,-0.500523511726971,-0.2031872390054756,-0.1894475928314257,1.0561711860347205,-0.36662726233148324,0.3,-0.1242581011876848,0.5335735575162831,-0.18536568209561008,1.0518297876972675,0.3,-0.38647240746262557,-0.47893864757905913,0.31554893630918024
0.4509018036072144,2.963932702401004,0.9999987633929134,0.19443987504006832,-0.004403890781823039,-0.04063886679925083,0.9547688887407864,-0.0006955959124274657,-0.4048361249773434,-0.14006142104478647,0.9568727043852902,6.3596423819226115e-6,-0.5005108163608928,-0.20321553860365899,-0.18863783262492972,1.0553101020002085,-0.36679279126534026,0.3,-0.12448812716549819,0.5333945985457916,-0.18463816620567844,1.0510583037790122,0.3,-0.38645998103172247,-0.4789264308034888,0.31531749113370366
0.45290581162324645,2.977118486254836,0.9999921195860715,0.19446554147328182,-0.00440354076389966,-0.04064455214278498,0.9547703625694859,-0.0006956013221285307,-0.40483726687678745,-0.14008656157590274,0.956863636728435,4.938159803285099e-6,-0.5005145661058829,-0.20324133375431566,-0.18784479789974015,1.0544672002710247,-0.36697570853062844,0.3,-0.12468400365313202,0.53321230578708,-0.1839305320229037,1.0503071665833514,0.3,-0.38645716394981805,-0.47892519159781444,0.3150921499750054
0.4549098196392785,2.9903041840837923,0.9999857149942332,0.1944934947059831,-0.004409023994472134,-0.04065113908371284,0.9547717387933771,-0.0006956834923458207,-0.40484553232181614,-0.14011879008602207,0.9568330541081914,7.94277795047914e-6,-0.5005392851670509,-0.203269248833494,-0.18706949749263058,1.053642905970467,-0.3671761657636622,0.3,-0.12484646805312788,0.5330269097938285,-0.1832468775993081,1.0495767379901255,0.3,-0.3864530341640957,-0.47893414745002794,0.31487302139703766
0.4569138276553106,3.003489799036312,0.9999795493194062,0.19452828169494987,-0.0044193976077455425,-0.04065820298364624,0.9547728368150846,-0.0006958505167451504,-0.40489820071185895,-0.14015713783908654,0.9568328463094862,7.86122138213778e-6,-0.5005901615834842,-0.2033080595484829,-0.18631274776622225,1.0528375832432473,-0.3673919750121692,0.3,-0.12497627365431509,0.5328386602450609,-0.18258247437586475,1.0488669015560785,0.3,-0.3865030667778717,-0.4789827073921157,0.31466007046682354
0.45891783567134264,3.0166753342896526,0.9999736280051957,0.19456583148662712,-0.004435466089449918,-0.040664920056690194,0.9547737642275483,-0.0006957953910079578,-0.4050015859598845,-0.14019947677049802,0.9568560808835267,9.758910004941317e-6,-0.5006789331518503,-0.20334993703926588,-0.18557429587529745,1.0520515755925337,-0.36762436808041166,0.3,-0.12507418765507405,0.5326477969542159,-0.18193568880469366,1.0481782567946667,0.3,-0.38661118759768065,-0.4790796662303598,0.3144534770384
0.4609218436873747,3.0298607930640093,0.9999679493728149,0.19459984792884527,-0.004453201512953231,-0.04067200776234246,0.9547744521057862,-0.0006958085335341017,-0.40510194355032125,-0.14023439050020828,0.9568620375995088,8.106036446302058e-6,-0.500774249740155,-0.20338621648785246,-0.18485477524626234,1.051285220449636,-0.3678709613145478,0.3,-0.1251409912394614,0.5324545393082941,-0.18131264335410371,1.0475106298946955,0.3,-0.38670894154142593,-0.4791735176398136,0.31425318896840865
0.4629258517034068,3.0430461785655534,0.9999625139691218,0.19463551755787245,-0.004475297759866533,-0.040679402161153726,0.9547750085117452,-0.0006958069190736307,-0.40521320377618375,-0.14027335873398453,0.9568584174860909,8.628127550848917e-6,-0.5008849581296138,-0.2034246226209139,-0.1841547026446253,1.0505387875831569,-0.36813161718202564,0.3,-0.1251774775708823,0.5322591273312042,-0.1807096101600715,1.0468642206034755,0.3,-0.38681350342775384,-0.4792777435520801,0.31405926618104263
0.46492985971943884,3.056231493997236,0.9999573206755292,0.1946668489587638,-0.004499463059167393,-0.0406878567397525,0.9547753791270578,-0.00069591854260402,-0.40530739528374443,-0.14030903996686112,0.9568228450800266,8.275692929038128e-6,-0.5010001058786951,-0.20345720675163592,-0.18347370139063887,1.0498125091764756,-0.36840475405063156,0.3,-0.1251844498934032,0.5320618001030322,-0.18012185668297837,1.0462389987625274,0.3,-0.3868887326850567,-0.4793700304416149,0.3138716996287582
0.4669338677354709,3.0694167425581282,0.9999523714168881,0.1947132714608384,-0.004531037724148796,-0.040695866204176284,0.9547754998726028,-0.0006959447167484254,-0.4054815828855056,-0.14036037849550814,0.956841184438578,0.000011175405738390479,-0.5011569067933589,-0.20350871406391757,-0.1828109067521565,1.0491065870051364,-0.3686904246903038,0.3,-0.1251627201357382,0.5318627840041819,-0.1795483302538812,1.045635251889585,0.3,-0.38706246487082224,-0.47952984257818254,0.3136905755668755
0.468937875751503,3.082601927445809,0.9999476628114197,0.1947525155052344,-0.004562041430084122,-0.04070447011749555,0.9547753253305048,-0.0006960035471009568,-0.40564194399728215,-0.14039873525181706,0.9568370163518816,8.093817347034782e-6,-0.5013155996408963,-0.20354949519505156,-0.18216641111086498,1.048421219733536,-0.3689864877951447,0.3,-0.12511310830517952,0.5316622797530873,-0.17899735904618524,1.045052757472108,0.3,-0.38721307780530434,-0.4796789701034848,0.3135158272416324
0.47094188376753504,3.095787051853964,0.9999431968752804,0.19479171724722705,-0.004598206354363452,-0.040714204164624235,0.9547750440579725,-0.0006961582002421089,-0.4057974139664924,-0.140445680327026,0.9568085031218282,9.854384665301367e-6,-0.5014882679402619,-0.20359204002504774,-0.18154136520368772,1.0477565663510549,-0.3692941715432185,0.3,-0.12503644146110035,0.5314604950529574,-0.17847307024117398,1.0444917970143048,0.3,-0.38734981758222486,-0.4798302452553575,0.3133475391042914
0.4729458917835671,3.108972118962489,0.9999389726248508,0.1948413771935915,-0.004639991827143477,-0.04072299431478552,0.9547745232038038,-0.0006961326765879404,-0.4060208772023991,-0.14049994406807523,0.9568253100142554,0.000011893813297476189,-0.5016943384564733,-0.20364646384551355,-0.1809366764957341,1.0471127350495482,-0.36961244455106895,0.3,-0.12493355212281977,0.5312576569418872,-0.1779700962180904,1.0439522043201197,0.3,-0.3875697568465118,-0.48003626305903146,0.3131856612960359
0.4749498997995992,3.12215713194166,0.9999349869379973,0.19488582040997343,-0.004682116204810302,-0.04073231453504332,0.9547737108789344,-0.0006961737799162756,-0.4062375009935357,-0.14054597536251823,0.9568272229516637,0.00001037629582306275,-0.5019050597926749,-0.20369382902503252,-0.18035208767929323,1.046489811883898,-0.3699394480467144,0.3,-0.12480527673925271,0.5310539883436655,-0.1774831160652201,1.0434337388268682,0.3,-0.38777664788906524,-0.4802385381342411,0.31303012164806043
0.47695390781563124,3.1353420939363748,0.999931238949705,0.1949301011253729,-0.0047275160823680345,-0.04074175710866281,0.9547727386497166,-0.0006961966464232013,-0.40646036402308705,-0.1405942666339448,0.9568207472883566,0.000010578352390966155,-0.5021271831375557,-0.20374144940654226,-0.17978659181790535,1.045887864220561,-0.37027550380507707,0.3,-0.12465245460462973,0.5308496958417104,-0.1770116711821849,1.0429366150914081,0.3,-0.38798631262670363,-0.48044786185232197,0.3128809845274224
0.4789579158316633,3.14852700806352,0.9999277252752591,0.19496760136495653,-0.00477347288250215,-0.04075192758854985,0.9547715581237052,-0.0006963341047025106,-0.4066603001383787,-0.1406379791288285,0.9567869254974264,9.809655245401398e-6,-0.5023499287588027,-0.2037818834128274,-0.1792399754296854,1.0453069411136666,-0.37061902966130655,0.3,-0.12447592751520675,0.5306449696545175,-0.1765603163037185,1.0424605951640633,0.3,-0.3881628796969393,-0.48064384289100753,0.312738178549219
0.48096192384769537,3.1617118774065194,0.9999244444247415,0.19501845009037602,-0.004825038963625118,-0.04076137202493275,0.9547701448408543,-0.0006965682732285341,-0.4069025536421694,-0.1406929462989467,0.9567759054456247,0.000013227874009552412,-0.5025892261038762,-0.20383710474291764,-0.1787125758127717,1.0447470476984178,-0.3709697308884284,0.3,-0.12427653840787038,0.5304400063513032,-0.17612911470313056,1.0420055938302173,0.3,-0.38838959929119715,-0.480867958204292,0.3126016781490652
0.48296593186372744,3.1748967049974253,0.9999213930838098,0.19506216146491887,-0.004876904703079596,-0.04077201114712421,0.9547684444744634,-0.0006965873417045349,-0.40716545784674846,-0.14074159153349453,0.9567724083617034,0.00001079983262229086,-0.5028535014317198,-0.2038840122328515,-0.17820424338026347,1.0442081538082615,-0.37132671603860457,0.3,-0.12405512964168716,0.5302350062555945,-0.175714595183188,1.041571424290229,0.3,-0.388638236163106,-0.4811185575311483,0.31247142728706867
0.4849699398797595,3.1880814938673816,0.9999185701785711,0.1951073539377968,-0.004931633175197726,-0.04078169045053103,0.9547665895375953,-0.000696597980549966,-0.40743382706559006,-0.1407904000452593,0.9567658786046732,0.0000107448248291352,-0.5031213280276978,-0.20393218620712236,-0.17771492227163255,1.0436902398661476,-0.37169013624555336,0.3,-0.12381254246154111,0.5300301444114123,-0.17532200983133422,1.0411580913870222,0.3,-0.3888911749929488,-0.48137151067078815,0.31234742741610666
0.48697394789579157,3.2012662469919233,0.9999159715895652,0.1951596891193115,-0.004990405142849135,-0.040791455634703794,0.954764442640342,-0.0006967125763999279,-0.407744866307849,-0.14084497755463274,0.9567836369470968,0.00001080546537940598,-0.5034074173842953,-0.20398895691438348,-0.17724497550727591,1.0431932286056513,-0.37205831436241016,0.3,-0.12354961644267602,0.5298256133162815,-0.17494733194008796,1.0407651672004705,0.3,-0.3891946721095465,-0.48165418386670295,0.31222955016014114
0.4889779559118236,3.2144509672906154,0.999913591338038,0.1952063889760979,-0.005048567892604626,-0.040801288086706036,0.9547621663764057,-0.0006967611596072222,-0.40802866943184374,-0.14089590275440583,0.9567758295019873,0.000010995623900077034,-0.5036905254375755,-0.20403926226428265,-0.17679362598815157,1.042717018633701,-0.37243060674367034,0.3,-0.12326718737325794,0.5296216016285507,-0.17458591089530212,1.0403924970469418,0.3,-0.3894618226421437,-0.4819211638268168,0.3121177491140825
0.49098196392785565,3.2276356576274825,0.9999114263754966,0.19525339177683643,-0.005108343798143032,-0.040811380932372826,0.9547596828815559,-0.0006968131330301227,-0.4083199162557688,-0.1409474532800702,0.9567675809676035,0.00001120199002363115,-0.5039808931726438,-0.2040901789124737,-0.1763598933118437,1.0422614964142065,-0.37280615712724163,0.3,-0.12296608673430567,0.5294182793963857,-0.17423853999407407,1.0400398877380364,0.3,-0.3897358807359056,-0.48219486623083074,0.31201196632141087
0.4929859719438877,3.2408203208143895,0.9999094726476994,0.1953011379367697,-0.005169618886979816,-0.040821664410100066,0.9547569910925248,-0.0006968697461146649,-0.4086184276521819,-0.14099979022364606,0.9567591248338828,0.00001136005613859419,-0.5042785191067276,-0.2041418797062308,-0.17594339119107544,1.0418265272473362,-0.37318431300148286,0.3,-0.1226471410599794,0.529215806097822,-0.17390818983685943,1.0397071081013185,0.3,-0.39001676119573103,-0.4824753936762929,0.31191213243039556
0.4949899799599198,3.254004959610005,0.9999077251592011,0.19534149625637734,-0.0052299629207753304,-0.04083263863095346,0.9547540949518458,-0.0006970403936880782,-0.40888988236387475,-0.14104834825417514,0.956729554681879,0.000010507322304461833,-0.5045742516798426,-0.2041870940322121,-0.17554428122015758,1.0414119537257986,-0.37356405284709265,0.3,-0.12231117102421936,0.5290143385476509,-0.17359683385545974,1.039393786189263,0.3,-0.39026308924614755,-0.48274324457320555,0.3118181358567789
0.49699398797595185,3.2671895767228465,0.9999061821304215,0.19539028646470621,-0.005294179164557968,-0.040843169504450286,0.9547509689344964,-0.0006971610933376312,-0.40920191736614375,-0.1411022478566425,0.9567203776057068,0.000011157604610400094,-0.504885608344534,-0.2042399575632845,-0.17516271426821964,1.041017589132106,-0.3739457982522856,0.3,-0.12195899044297517,0.5288140384652249,-0.1733022564883395,1.0390997969356455,0.3,-0.3905566069949759,-0.4830366286917617,0.31172993908069363
0.4989979959919839,3.2803741748072266,0.9999048382904729,0.19543809038867252,-0.005359434615993933,-0.04085357008944029,0.9547476647476572,-0.000697227055755444,-0.40952002992618985,-0.14115467524390019,0.9567123218117274,0.000011089704145204093,-0.5052030265978242,-0.2042917090900922,-0.17479854203154702,1.0406432429826646,-0.3743288251499317,0.3,-0.12159140552089806,0.528615057094784,-0.1730244760582022,1.0388248206641497,0.3,-0.39085626753641056,-0.4833362260973294,0.3116474461992449
0.501002004008016,3.293558756460256,0.9999036902545805,0.19549308205967558,-0.00542816762178929,-0.04086358566614421,0.9547441284972393,-0.0006972804823595386,-0.40987687880915474,-0.14120986991285292,0.9567234911183624,0.00001116991241527914,-0.5055333790857712,-0.20434929219636938,-0.17445143318506418,1.0402886975880874,-0.37471268279487324,0.3,-0.12120921430319703,0.5284175461599642,-0.17276101686943593,1.0385685803030638,0.3,-0.39120071930915584,-0.48365794187949757,0.3115705740909191
0.503006012024048,3.3067433242204407,0.9999027311288332,0.19554008597221662,-0.005495204696152698,-0.04087369000934076,0.9547404461907797,-0.0006973547555694077,-0.4102032163688716,-0.14126094611974083,0.9567146701762798,0.000011003054873359393,-0.5058589016195719,-0.20439979651531906,-0.17412077974887513,1.039953722988526,-0.37509632418755806,0.3,-0.12081320584478203,0.5282216478668157,-0.17251104118176952,1.0383306976240245,0.3,-0.39150788248744567,-0.48396488124088105,0.31149920928720737
0.5050100200400801,3.319927880557408,0.9999019560864421,0.19558289025841855,-0.005561334594105618,-0.0408836076937191,0.9547365595272121,-0.0006974608961763101,-0.4105217340384644,-0.14130716905368929,0.9567014383399537,9.906138048135719e-6,-0.5061822857097539,-0.20444619299955705,-0.17380621410713684,1.0396380785760249,-0.3754788355018909,0.3,-0.1204041598138989,0.5280274934208343,-0.17227600283977593,1.0381107853645761,0.3,-0.3918056541820151,-0.4842673460729382,0.3114332356093728
0.5070140280561122,3.3331124278773854,0.9999013611940976,0.19562353207093605,-0.005628532920479583,-0.040894330451991374,0.9547325377159022,-0.0006976801190384711,-0.41082937727588237,-0.14135844447996315,0.9566792277573133,0.000010335477604542251,-0.506509590507277,-0.20449279879737087,-0.1735074791126114,1.039341501172302,-0.37586036502965847,0.3,-0.11998284573521978,0.5278352132172568,-0.17205540002078806,1.0379086254230134,0.3,-0.39208957746405276,-0.48456931742891696,0.311372587626904
0.5090180360721442,3.3462969685104302,0.9999009407634323,0.19566874694785172,-0.005696918342164252,-0.04090411419685284,0.9547283397239086,-0.0006977652141439392,-0.4111621344687095,-0.1414081487333916,0.956670884137598,0.000010384345004579229,-0.5068415391958475,-0.2045418891131097,-0.17322398767330768,1.0390637037004742,-0.3762401982210841,0.3,-0.11955002203610796,0.5276449369293038,-0.17184662286965713,1.0377238443982666,0.3,-0.39240305831033984,-0.48488266745369696,0.31131715331947996
0.5110220440881763,3.359481504718305,0.9999006903318838,0.19572093466992546,-0.005768447564041733,-0.040913753220449336,0.9547239749690489,-0.0006978815405763449,-0.41152206719445183,-0.1414620102340642,0.956671966017041,0.000011437658286396202,-0.5071804437792534,-0.20459630957195593,-0.1729552147656022,1.0388043934399884,-0.3766179934537177,0.3,-0.11910643568936147,0.5274567821578763,-0.171649763356414,1.0375561258040542,0.3,-0.39274643351580935,-0.4852076523783692,0.3112668377412163
0.5130260521042084,3.3726660386925484,0.9999006021389658,0.1957666291699966,-0.005836998252067599,-0.04092333088919068,0.9547194052791848,-0.0006980010191569738,-0.4118633965817714,-0.14150915685358714,0.9566684688651755,0.000010374242539085416,-0.5075147370154512,-0.2046449668696317,-0.17270059346858252,1.0385632610274358,-0.37699220490340996,0.3,-0.11865282148099168,0.5272708614058779,-0.17146464717686039,1.0374049134359637,0.3,-0.3930699115452221,-0.4855254694236047,0.3112214740307891
0.5150300601202404,3.3858505725529273,0.9999006721055479,0.195810458700286,-0.005905864745493426,-0.04093289042267924,0.9547147432984354,-0.0006980954385477388,-0.4121979921227389,-0.14155725143170705,0.9566592312572698,0.0000103221765306276,-0.5078485005740747,-0.20469244415151375,-0.1724599313724682,1.0383399975425536,-0.3773633727984964,0.3,-0.11818990179061697,0.5270872744296723,-0.17129419221691256,1.037270008643069,0.3,-0.3933847472481534,-0.4858400690258945,0.3111810025929207
0.5170340681362725,3.3990351083478836,0.9999008946478193,0.1958536304611521,-0.005974667724830224,-0.04094236883800347,0.9547099398464017,-0.0006981921521353516,-0.4125320936822354,-0.1416046133078307,0.9566499777028932,0.000010198454381433998,-0.5081817683633479,-0.20473922714893308,-0.1722333009417438,1.0381342697735172,-0.37773070911917883,0.3,-0.11771838623417175,0.5269061267284808,-0.171136728111839,1.0371509178359355,0.3,-0.39369908939688786,-0.4861541653974818,0.3111452753507806
0.5190380761523046,3.4122196480524276,0.9999012641848439,0.19589621862508066,-0.006043297279604299,-0.04095173432926158,0.9547050006720667,-0.000698291991490413,-0.4128653252026873,-0.1416513406729313,0.9566407457293952,0.000010056699745238376,-0.5085141774004188,-0.2047853855365812,-0.17202011763314348,1.0379457281703022,-0.37809377702493596,0.3,-0.11723897066254137,0.5267275238132103,-0.17098823677631703,1.0370472582602859,0.3,-0.3940126027373639,-0.4864674413474412,0.31111417747808573
0.5210420841683366,3.4254041935681725,0.9999017751617701,0.19593815963814373,-0.006111667834520645,-0.04096097081647383,0.9546999319973464,-0.0006983949662097472,-0.4131973016223895,-0.14169735596896768,0.9566315535407964,9.897456899458828e-6,-0.5088453435396664,-0.204830838556022,-0.17181943237264907,1.0377740215526066,-0.3784521800834102,0.3,-0.11675233685825005,0.526551557524184,-0.17084799627220967,1.0369586833710593,0.3,-0.3943249282595819,-0.48677953880674757,0.31108760501131777
0.5230460921843687,3.4385887467235383,0.9999024220274414,0.19597935497689792,-0.006179690785401503,-0.04097005765755162,0.9546947405800339,-0.0006985010428681178,-0.4135275927344083,-0.14174254364233527,0.9566224159532057,9.712574197756233e-6,-0.5091748405160652,-0.20487547713461182,-0.1716306959733647,1.0376187971811792,-0.3788055487716766,0.3,-0.11625915252063034,0.5263783062862406,-0.17071859051388755,1.0368848115173857,0.3,-0.3946356614167205,-0.4870900559453395,0.3110654434552157
0.5250501002004008,3.4517733092736598,0.9999031992139886,0.19601970297859997,-0.00624727239540132,-0.040978971910577096,0.9546894336943124,-0.0006986096362442893,-0.4138557281857838,-0.1417867982954857,0.9566133437247035,9.509281356871408e-6,-0.5095021998862324,-0.20491919107308218,-0.17145389525810525,1.0374796915921205,-0.37915353264295915,0.3,-0.11576007102630191,0.526207846006391,-0.1706015190131574,1.0368252065014982,0.3,-0.39494435995036703,-0.48739855170250435,0.31104756195044947
0.5270541082164328,3.4649578829000545,0.9999041011212962,0.19605912118307334,-0.006314313281647256,-0.04098769568916452,0.9546840188147941,-0.000698720744765652,-0.4141812129498686,-0.1418300385617712,0.9566043515513377,9.290956665968319e-6,-0.5098269249415754,-0.20496190026874836,-0.17128896216578823,1.0373563266772294,-0.37949579104567716,0.3,-0.11525573088409738,0.5260402558356977,-0.17049480819499574,1.036779427019394,0.3,-0.3952505591904025,-0.48770455922928185,0.3110338281058182
0.5290581162324649,3.4781424692101472,0.9999051221125278,0.1960975649219619,-0.00638071193847048,-0.04099621730609,0.954678503647695,-0.0006988346297235516,-0.41450355877097894,-0.1418722206922849,0.9565954550341371,9.059064106614298e-6,-0.5101485253501544,-0.20500356792755683,-0.17113532664131348,1.0372483163001185,-0.3798319890029869,0.3,-0.11474675525490095,0.5258756120282597,-0.17039547694847842,1.036747070838578,0.3,-0.39555380100914617,-0.48800761788278896,0.31102412125157336
0.531062124248497,3.4913270697368475,0.9999062565247708,0.1961350265596381,-0.006446374794346317,-0.04100453041707159,0.9546728954935699,-0.0006989512408149086,-0.4148223101627955,-0.14191334299482705,0.9565866585247434,8.826846237841148e-6,-0.5104665487344632,-0.20504418536195365,-0.17099217492487828,1.037155274018575,-0.3801617959702503,0.3,-0.11423375180297343,0.5257139797095401,-0.17030293460532916,1.0367277563421238,0.3,-0.3958536554777572,-0.4883073000360544,0.31101832690263714
0.533066132264529,3.504511685938344,0.9999074986912644,0.19617151283492448,-0.006511213152722371,-0.041012631364432305,0.9546672021922133,-0.0006990699078699418,-0.4151370602511223,-0.14195340690979955,0.9565779713075974,8.596030006247912e-6,-0.5107805940449381,-0.20508376033108125,-0.17085897294119637,1.0370768124780607,-0.3804848974711469,0.3,-0.11371731270208102,0.525555413606641,-0.1702187714301334,1.0367210771267372,0.3,-0.3961497394027274,-0.48860322734095396,0.31101632313802113
0.5350701402805611,3.5176963191982145,0.9999088429655282,0.19620702337444473,-0.006575152763032263,-0.041020523815738175,0.954661430651143,-0.000699190812093795,-0.4154474553476616,-0.14199241720817862,0.9565694072581846,8.36498611062013e-6,-0.5110902987619864,-0.2051222956749573,-0.1707355415591108,1.037012537271167,-0.3808009952344034,0.3,-0.1131980144789045,0.5253999655218712,-0.17014376179782187,1.036726591469518,0.3,-0.3964417216999342,-0.48889505998731614,0.3110179774408554
0.5370741482965932,3.530880970825803,0.9999102837380698,0.19624157041419424,-0.006638124676743263,-0.04102820814138986,0.954655588274861,-0.0006993140374867772,-0.4157531779075355,-0.14203037936156931,0.9565609721690873,8.132872847235545e-6,-0.5113953511294375,-0.2051597987149508,-0.17062165572092386,1.0369620449427555,-0.3811098194963606,0.3,-0.11267641766308277,0.5252476878765715,-0.1700764109981616,1.0367438599194145,0.3,-0.3967293024886264,-0.48918250277768277,0.31102315797582436
0.5390781563126252,3.544065642056848,0.9999118154559127,0.19627514181311786,-0.006700071023864447,-0.041035683114941136,0.9546496818132078,-0.0006994391834930358,-0.4160539482366521,-0.1420672808821831,0.9565526727318552,7.901214883069605e-6,-0.5116954707839038,-0.20519625020072213,-0.17051677408275637,1.0369249281808002,-0.38141112558847245,0.3,-0.11215306651335831,0.5250986293126897,-0.17001474934979147,1.0367724727978527,0.3,-0.3970122186898218,-0.4894652915027941,0.3110317418393558
0.5410821643286573,3.5572503340542854,0.9999134326303818,0.19630771559607482,-0.006760932622133721,-0.04104294300125541,0.9546437188920605,-0.000699565630642262,-0.4163494947283426,-0.1421030868906315,0.9565445178200913,7.663840199063007e-6,-0.5119903909498729,-0.205231623359838,-0.17042023843766732,1.0369007812395596,-0.3817046970756614,0.3,-0.11162848898477376,0.5249528294817729,-0.16995851471106943,1.0368120365320848,0.3,-0.39729021478958887,-0.4897431745020314,0.3110436109596254
0.5430861723446894,3.570435047909118,0.999915129838787,0.19633925969602575,-0.006820658547905558,-0.04104998328560271,0.9546377060146929,-0.0006996934016935106,-0.41663955341527675,-0.14213776515345694,0.9565365138310566,7.420241692356713e-6,-0.5122798438934211,-0.20526588200413848,-0.17033161403778985,1.036889199329013,-0.38199033286233913,0.3,-0.11110319680195525,0.5248103201967582,-0.1699087661259282,1.0368621402592904,0.3,-0.3975630423357837,-0.4900158991061866,0.3110586420777871
0.5450901803607214,3.5836197846412663,0.9999169017229899,0.1963697414041845,-0.006879193879723865,-0.041056797140006415,0.9546316504338014,-0.0006998222533783528,-0.41692386397260395,-0.14217128089488004,0.956528669511308,7.170838507414808e-6,-0.512563571016747,-0.20529899118316752,-0.17025069404450635,1.0368897745558907,-0.38226785556225085,0.3,-0.11057768541381294,0.52467113065305,-0.16986580430252296,1.0369223545855004,0.3,-0.3978304574732184,-0.49028322279052533,0.3110767063756501
0.5470941883767535,3.5968045452004263,0.9999187429891798,0.19639913390661617,-0.006936486539137365,-0.04106337759107987,0.9546255591036533,-0.0006999516793719088,-0.41720216792752324,-0.1422036061475467,0.9565209892994616,6.918270588865551e-6,-0.512841314735856,-0.20533092174615772,-0.17017721467438704,1.0369020952177257,-0.3825371038815304,0.3,-0.11005243383814022,0.5245352893180303,-0.16982841356428308,1.0369922557090026,0.3,-0.3980922166343167,-0.49054490225965447,0.3110976767127008
0.5490981963927856,3.609989330466922,0.9999206484086552,0.1964274239897863,-0.006992484678445346,-0.04106972263173369,0.9546194391263898,-0.0007000825865039356,-0.4174742155896918,-0.14223472660101735,0.9565134831358534,6.659733711268062e-6,-0.5131128246692394,-0.20536166413121548,-0.17011069323062764,1.036925749492234,-0.3827979298543291,0.3,-0.10952790457381598,0.5244028207321166,-0.16979518589264547,1.0370714421399625,0.3,-0.39834808612784045,-0.4908007028200482,0.3111214326419887
0.5511022044088176,3.6231741412525715,0.9999226128223903,0.19645460535415288,-0.007047141870689349,-0.04107582717559878,0.954613297283955,-0.0007002140433266269,-0.417739783803986,-0.14226463523640015,0.9565061541882678,6.4008441291359345e-6,-0.5133778791503644,-0.2053912096513019,-0.17005058100253845,1.036960328793472,-0.383050199816214,0.3,-0.1090045436733581,0.5242737422595333,-0.16976590301430527,1.0371595233784308,0.3,-0.3985978559044866,-0.4910504155085628,0.3111478570135292
0.5531062124248497,3.636358978301689,0.9999246311500581,0.19648067364804128,-0.007100414444378671,-0.041081690857394264,0.9546071405413578,-0.0007003459005548939,-0.41799866476696823,-0.1422933301547228,0.9564990085433066,6.142650312101536e-6,-0.5136362700189641,-0.20541955564234288,-0.16999648581409452,1.0370054271518843,-0.38329379504409156,0.3,-0.10848278087380382,0.5241480651541497,-0.16974117523705434,1.0372560996547657,0.3,-0.39884133110243253,-0.4912938448455188,0.3111768298964297
0.5551102204408818,3.64954384229214,0.9999266983950575,0.19650563662842227,-0.007152264281659004,-0.0410873138350239,0.9546009755030498,-0.0007004780184642376,-0.4182506742740276,-0.14232081746665756,0.9564920493193113,5.885819319610537e-6,-0.5138878138027853,-0.2054467096220486,-0.16994816361038206,1.0370606385963013,-0.38352861157991464,0.3,-0.1079630296477907,0.5240257980793703,-0.1697210551475975,1.0373607611313727,0.3,-0.3990783380320902,-0.4915308173666594,0.3112082283394118
0.5571142284569138,3.662728733836514,0.9999288096545801,0.19652950115122791,-0.007202657968257195,-0.04109269925441943,0.9545948085887326,-0.0007006109128087122,-0.4184956566009018,-0.1423471049244148,0.9564852837462196,5.6281240857455054e-6,-0.5141323518785826,-0.20547268057505147,-0.1699053247549338,1.037125556907516,-0.38375456236577926,0.3,-0.1074456871860139,0.5239069482365456,-0.1697046033277438,1.03747310585022,0.3,-0.3993087314332729,-0.4917611848954398,0.311241931755066
0.5591182364729459,3.6759136534834087,0.9999309601269649,0.19655227391636163,-0.007251567697786211,-0.04109784698827998,0.9545886461414734,-0.0007007441191590329,-0.4187334782777523,-0.1423722026592772,0.9564787117499952,5.374890214530831e-6,-0.514369753888296,-0.20549747103534363,-0.16986753975719088,1.0371997784007942,-0.3839715796498396,0.3,-0.10693113443746091,0.5237915190845048,-0.1696908529528515,1.0375927507020453,0.3,-0.39953238525505486,-0.4919848240885856,0.3112778252106136
0.561122244488978,3.6890986017188205,0.9999331451183613,0.19657395880733897,-0.007298967889239602,-0.0411027553589489,0.9545824944160307,-0.000700876998608643,-0.41896401869699873,-0.14239610439644962,0.9564723353145014,5.1228714184007855e-6,-0.5145999048341269,-0.2055210829371658,-0.16983435734152294,1.0372829042435976,-0.38417961292270114,0.3,-0.1064197362655392,0.5236795083226315,-0.1696796938781941,1.0377193220297374,0.3,-0.39974918535525,-0.49220162558739916,0.3113157966089212
0.56312625250501,3.702283578967584,0.999935360046507,0.1965945473057855,-0.0073448376967515374,-0.041107427564638775,0.9545763593968474,-0.000701009963213371,-0.41918717535245514,-0.142418808316343,0.9564661638185333,4.8698403782458065e-6,-0.514822692229398,-0.20554351098388463,-0.1698054489159634,1.0373745399159418,-0.38437862615150303,0.3,-0.10591184164072331,0.5235709089420828,-0.16967151262421476,1.0378524418470534,0.3,-0.3999590380634419,-0.49241148644747107,0.311355732554116
0.565130260521042,3.715468585594825,0.9999376004379138,0.19661404484157344,-0.007389157347179931,-0.04111186011380998,0.9545702469116795,-0.0007011419470501282,-0.4194028515610527,-0.1424403147831113,0.9564601933565848,4.619465336286443e-6,-0.5150380266234394,-0.2055647562941771,-0.16978058333728785,1.037474293480832,-0.38456859980295166,0.3,-0.1054077837765054,0.5234657117073328,-0.16966623015638832,1.0379917295242302,0.3,-0.40016185052061887,-0.49261432012951484,0.3113975188572691
0.567134268537074,3.7286536219074446,0.9999398619335159,0.19663245138878674,-0.007431909417067547,-0.04111605721455537,0.9545641628007211,-0.0007012738794632313,-0.41961096225020417,-0.14246062941489127,0.9564544313637611,4.36840151898413e-6,-0.5152458174324451,-0.20558482292347052,-0.16975949040415328,1.0375817757615298,-0.38474952728335343,0.3,-0.10490788022831773,0.5233639056928676,-0.169663117277745,1.0381368137312657,0.3,-0.4003575446653804,-0.4928100434019583,0.3114410441193797
0.5691382765531061,3.7418386881555925,0.9999421402863737,0.19664977656680335,-0.007473079446411449,-0.04112001751960307,0.954558112679298,-0.0007014051383651497,-0.41981143656166076,-0.14247975893956985,0.9564488762558178,4.1200419718205406e-6,-0.5154459986054901,-0.20560371865954954,-0.16974180769120875,1.0376966023007652,-0.384921416025851,0.3,-0.10441243304033636,0.5232654766831498,-0.16966148951344256,1.0382873388417984,0.3,-0.4005460531414507,-0.49299859323272927,0.3114862016525395
0.5711422845691382,3.7550237845342034,0.9999444313682965,0.19666602766009345,-0.007512655567813737,-0.04112374381728957,0.9545521020721371,-0.0007015359050154916,-0.42000421985932695,-0.14249771114475396,0.956443532485336,3.871964938340702e-6,-0.5156385099399132,-0.2056214536025006,-0.16972716911461339,1.0378183948458242,-0.3850842851454061,0.3,-0.10392172897056064,0.5231704059473694,-0.1696612664804114,1.0384429575673824,0.3,-0.40072732573523806,-0.49317991409146456,0.3115328872702147
0.5731462925851702,3.7682089111845505,0.9999467311685609,0.19668122000755395,-0.007550629323953897,-0.04112723587408248,0.9545461362460819,-0.0007016654692193773,-0.42018926657739053,-0.14251450522184309,0.9564383937409239,3.6318378427171404e-6,-0.5158233156541956,-0.20563803973365222,-0.16971529681488567,1.0379467807857186,-0.3852381662177372,0.3,-0.1034360397336913,0.5230786711808686,-0.16966264937113126,1.0386033225303928,0.3,-0.40090131776230215,-0.493353970322431,0.3115809967591178
0.5751503006012023,3.781394068195847,0.9999490358017618,0.19669536304311463,-0.007586995832471641,-0.04113050103871744,0.9545402199678543,-0.0007017950845364798,-0.4203665545713531,-0.1425301493579766,0.9564334711671763,3.3890522321967635e-6,-0.5160003808238243,-0.20565349445288264,-0.16970597577046612,1.0380813921227077,-0.3853831001506413,0.3,-0.10295562220494842,0.5229902481361429,-0.16966550487272958,1.0387680874192617,0.3,-0.40106801157499533,-0.49352073232534954,0.3116304262257785
0.5771543086172344,3.794579255606867,0.999951341504547,0.19670847302651795,-0.007621751337404661,-0.04113353540276601,0.9545343585020728,-0.0007019226437122725,-0.4205360698000519,-0.14254466283913553,0.9564287546635947,3.15676201038368e-6,-0.5161697061541413,-0.2056678262822704,-0.16969896170745388,1.038221865715057,-0.385519146783799,0.3,-0.10248071860288417,0.5229051108987129,-0.1696692915413192,1.038936917385666,0.3,-0.40122739167502863,-0.49368019849645967,0.31168107521569977
0.5791583166332664,3.807764473407631,0.99995364464343,0.19672055784292689,-0.007654896262486302,-0.041136346519959885,0.9545285565199018,-0.0007020490877655786,-0.42069780916415844,-0.1425580528270533,0.956424252711913,2.9254460190085078e-6,-0.5163312758869129,-0.205681051071743,-0.1696939587717375,1.0383678447713562,-0.38564637186971806,0.3,-0.10201155671464242,0.5228232307540338,-0.1696735695196556,1.0391094896943014,0.3,-0.4013794575679505,-0.49383235640074125,0.3117328469082904
0.5811623246492985,3.820949721541049,0.9999559417085865,0.19673163797132953,-0.007686432456580561,-0.041138936831612946,0.9545228185775755,-0.0007021740160196102,-0.4208517859158142,-0.1425703432918308,0.9564199617981529,2.698852825829455e-6,-0.5164851050876581,-0.2056931884453844,-0.16969067905325042,1.0385189795435246,-0.38576485290050316,0.3,-0.10154835016739647,0.5227445756647605,-0.16967826888043835,1.0392854899509714,0.3,-0.4015242211421869,-0.49397721961289587,0.3117856469852914
0.5831663326653306,3.8341349999046153,0.9999582293203795,0.1967417358884564,-0.007716366383827199,-0.04114131176879409,0.9545171486264843,-0.0007022980354370278,-0.4209980241714301,-0.1425815574513821,0.9564158807410716,2.4750289417888548e-6,-0.5166312186241296,-0.20570426262332706,-0.16968889472372495,1.038674926991636,-0.385874675341516,0.3,-0.10109129870759542,0.5226691109530543,-0.16968346697558026,1.0394646065483486,0.3,-0.401661704787243,-0.49411481110273353,0.31183938196450456
0.5851703406813626,3.8473203083521224,0.999960504231003,0.1967508721481568,-0.007744704555789619,-0.04114347222411628,0.9545115510603982,-0.0007024204294420586,-0.4211365629214653,-0.14259171224183637,0.9564120073801967,2.2564288993750264e-6,-0.5167696611410478,-0.20571429305697475,-0.1696884167704204,1.038835350270464,-0.3859759400331841,0.3,-0.10064058845684679,0.5225968002868634,-0.16968903357524262,1.0396465337425267,0.3,-0.40179194526782863,-0.49424517314476946,0.311893960122758
0.5871743486973947,3.860505646695427,0.9999627633266205,0.19675905380184686,-0.007771458293259059,-0.041145423403573265,0.9545060298447084,-0.0007025410958409765,-0.4212674530306241,-0.14260082569221647,0.9564083419073299,2.044238703587361e-6,-0.5169004762675861,-0.2057232883753606,-0.1696890436613658,1.0389999190042016,-0.3860687563573066,0.3,-0.10019639216359708,0.5225276058157585,-0.1696946187645534,1.0398309752664836,0.3,-0.4019149914503152,-0.49436834798569945,0.3119492925799451
0.5891783567134268,3.873691014706177,0.9999650036223618,0.1967663039624543,-0.007796638113021369,-0.041147169101223985,0.9545005887860858,-0.0007026603234488349,-0.42139074434554524,-0.1426089162359219,0.9564048840776849,1.8351500823378982e-6,-0.5170237176836593,-0.20573127488413126,-0.16969054745760842,1.0391683100828295,-0.38615324151219993,0.3,-0.09975886947771272,0.5224614876112768,-0.1696999267750254,1.0400176460238573,0.3,-0.40203089039392453,-0.4944843863244199,0.3120052938071572
0.5911823647294588,3.886876412117523,0.999967222264457,0.19677263809447598,-0.007820258156163695,-0.041148713066138945,0.9544952314670081,-0.0007027777329950747,-0.4215065060781794,-0.14261600141000774,0.9564016331823219,1.629962604583185e-6,-0.5171394493167226,-0.20573826940676607,-0.16969270924151938,1.0393402081657306,-0.38622952147923423,0.3,-0.09932816725391264,0.5223984033575317,-0.16970489316118512,1.040206269453785,0.3,-0.40213970797627213,-0.49459334925520554,0.3120618808361355
0.5931863727454909,3.900061838625841,0.9999694165284907,0.196778078849554,-0.007842334438000266,-0.04115005821947312,0.9544899611536142,-0.0007028928410400003,-0.42161480853419875,-0.14262210862031754,0.956398581687361,1.4327582922766865e-6,-0.5172477464076952,-0.2057442938723149,-0.1696953506322312,1.039515305462025,-0.3862977291179631,0.3,-0.09890441986098265,0.5223383088224974,-0.1697095431326824,1.040396574234623,0.3,-0.40224150868029157,-0.49469530582714666,0.31211897227038693
0.595190380761523,3.9132472938924523,0.9999715838208755,0.19678264902856038,-0.007862882922414669,-0.04115121091058222,0.9544847811031225,-0.0007030061609768323,-0.42171573493417314,-0.1426272586614395,0.9563957328624008,1.2386860799515794e-6,-0.5173486891472023,-0.20574937579286326,-0.16969831903254146,1.0396933013510252,-0.38635800468483744,0.3,-0.09848774947555067,0.5222811585318589,-0.169713760466146,1.0405882955116719,0.3,-0.40233637256235266,-0.4947903335612287,0.31217648865350156
0.597194388777555,3.9264327775453225,0.9999737216774268,0.1967863706516855,-0.007881924424422766,-0.04115217573177811,0.9544796942018887,-0.0007031174188889135,-0.421809378977909,-0.14263148119538702,0.9563930806030475,1.052018204123447e-6,-0.5174423704457629,-0.2057535373541064,-0.16970145436024975,1.0398739025899006,-0.38641049532042965,0.3,-0.09807826637167971,0.5222269058375865,-0.16971730114330583,1.0407811779872564,0.3,-0.40242438698074684,-0.49487851916163333,0.31223435339617694
0.5991983967935871,3.9396182891807907,0.9999758277643299,0.19678926899359472,-0.00789947940746024,-0.04115295797914981,0.9544747031609413,-0.0007032267640581976,-0.4218958433285155,-0.1426347995413869,0.9563906246768216,8.698464158759078e-7,-0.5175288933247236,-0.2057568068374716,-0.16970458292972365,1.0400568237942311,-0.38645535482394794,0.3,-0.09767606922596554,0.5221755025882989,-0.16971997048819465,1.0409749767693597,0.3,-0.4025056492765921,-0.49495996055195757,0.3122924930308079
0.6012024048096192,3.9528038283652767,0.9999778998775103,0.19679136740567546,-0.007915570359486484,-0.04115356132361884,0.9544698107448957,-0.0007033337224476673,-0.4219752374373629,-0.14263723952578836,0.9563883607879576,6.945907509407317e-7,-0.5176083690826251,-0.2057592078953834,-0.1697075431427749,1.0402417877967047,-0.3864927449755726,0.3,-0.09728124544112537,0.5221268989491564,-0.16972174378121918,1.0411694555804452,0.3,-0.40258026228478677,-0.4950347625555027,0.31235083667413355
0.6032064128256512,3.9659893946369897,0.9999799359416724,0.19679268872189412,-0.007930222029606871,-0.04115399278716279,0.9544650193656026,-0.0007034387233947832,-0.42204767978074736,-0.14263882506350853,0.9563862873084239,5.232596847607282e-7,-0.5176809087027184,-0.2057607662824743,-0.1697102059796766,1.040428525417523,-0.38652283143684063,0.3,-0.09689387147253688,0.5220810438126039,-0.1697226443207691,1.0413643840139648,0.3,-0.4026483377776711,-0.49510302995095773,0.3124093152041894
0.6052104208416833,3.9791749875076023,0.9999819340070875,0.19679325979073942,-0.007943461005202546,-0.04115425770683121,0.9544603310058258,-0.0007035419634911022,-0.4221132901943631,-0.14263959234771795,0.9563843995841117,3.5926443027154455e-7,-0.5177466412182661,-0.205761511578123,-0.16971246001827212,1.0406167751406763,-0.3865457844261944,0.3,-0.09651401314074799,0.5220378853058926,-0.16972257504331387,1.0415595388154728,0.3,-0.40270998842902256,-0.49516488452101415,0.31246786164464185
0.6072144288577154,3.992360606463926,0.9999838922531795,0.1967930993391961,-0.007955313781232895,-0.041154358390802226,0.9544557478590852,-0.0007036423361585056,-0.4221722082059531,-0.1426395516645711,0.9563826955487044,2.0026690655665873e-7,-0.5178056979794597,-0.2057614617849518,-0.16971418786693848,1.040806283363096,-0.38656178325351764,0.3,-0.09614172594155915,0.521997370750544,-0.1697213742585579,1.0417547070595683,0.3,-0.4027653459603372,-0.49522045041128543,0.31252641211787047
0.6092184368737474,4.005546250969584,0.9999858089812846,0.1967922326168542,-0.007965809110281783,-0.04115430179026908,0.9544512716833469,-0.0007037403546912086,-0.4222245600950703,-0.14263873864077245,0.9563811680005031,4.889554348308513e-8,-0.5178582083260391,-0.20576064468145558,-0.16971526865557476,1.0409968046867206,-0.3865710076243492,0.3,-0.09577705537053148,0.5219594464576799,-0.1697189392574028,1.041949684482109,0.3,-0.40281452797207806,-0.49526984819828374,0.3125849053446327
0.6112224448897795,4.018731920466602,0.9999876826145772,0.19679068787120105,-0.007974975286256424,-0.04115409450328174,0.9544469041097738,-0.0007038365335011819,-0.4222704871576586,-0.1426371816720993,0.9563798182177956,-9.792997227170417e-8,-0.5179043129988445,-0.20575909345472734,-0.16971559322503715,1.0411881019493552,-0.38657364113978293,0.3,-0.09542003725280813,0.5219240577572225,-0.1697152540008208,1.04214427478734,0.3,-0.4028576691285276,-0.49531321257006494,0.312643282436202
0.6132264529058116,4.03191761437701,0.9999895116977952,0.19678848874728813,-0.007982843633166608,-0.041153739702773265,0.9544426465496003,-0.0007039300262902137,-0.4223101395517278,-0.14263490498988912,0.9563786394992684,-2.3789387088598294e-7,-0.5179441610824916,-0.20575683113852913,-0.16971507346852346,1.0413799461252753,-0.38656987278472,0.3,-0.09507069807162334,0.5218911492348604,-0.1697103321906872,1.0423382890373962,0.3,-0.40289490992880955,-0.49535068316437425,0.31270148671121883
0.6152304609218436,4.045103332104443,0.9999912948947595,0.19678565842216472,-0.00798944483258594,-0.04115324384680876,0.954438500411291,-0.0007040209654378993,-0.422343665335889,-0.1426319368205852,0.9563776293317493,-3.7203489064492457e-7,-0.517977900433689,-0.2057538840634064,-0.16971363494704214,1.0415721161269862,-0.3865598941641964,0.3,-0.09472905529029654,0.5218606650397776,-0.1697041276918545,1.0425315456662851,0.3,-0.4029263901479095,-0.4953823999153846,0.31275946369988555
0.6172344689378757,4.058289073035681,0.9999930309851397,0.1967822249816493,-0.007994811816387103,-0.041152613666325194,0.9544344667445416,-0.000704109708097069,-0.42237122068171495,-0.14262830424912495,0.9563767831595859,-5.013045969658177e-7,-0.5180056815642051,-0.20575028281211272,-0.16971120295917003,1.0417643988316994,-0.3865438981554363,0.3,-0.09439511767026647,0.5218325489407019,-0.16969654537326995,1.04272387149242,0.3,-0.4029522564283758,-0.4954085042492007,0.31281716144772603
0.6192384769539078,4.0714748365421665,0.9999947188623156,0.1967782185225839,-0.007998976983738046,-0.04115185194419147,0.9544305464895777,-0.0007041955199157839,-0.4223929625727705,-0.14262404534200734,0.9563760934518922,-6.205045460571286e-7,-0.5180276743602422,-0.20574605771188423,-0.1697077000409613,1.041956589204118,-0.3865220815862545,0.3,-0.09406888559230112,0.5218067442238405,-0.16968751694130987,1.042915102510796,0.3,-0.4029726557823455,-0.49542915583825325,0.31287453075323884
0.6212424849699398,4.0846606219815245,0.9999963575366404,0.19677365862561574,-0.008001975894134985,-0.04115096746702173,0.9544267402648654,-0.000704278995054408,-0.42240906153756247,-0.14261917539644434,0.9563755610726086,-7.370572334575456e-7,-0.5180440328154331,-0.20574123239224587,-0.16970305910210184,1.042148490424323,-0.38649464215690216,0.3,-0.09375035138440573,0.5217831936297557,-0.16967706264596275,1.0431050822153982,0.3,-0.40298774988934644,-0.49544450090111314,0.31293152466461943
0.6232464929859719,4.097846428699035,0.999997946125383,0.19676857698166586,-0.008003842156413348,-0.041149965567052714,0.9544230488681221,-0.0007043603347491608,-0.42241967841981015,-0.1426137344235894,0.9563751789188912,-8.469233593312745e-7,-0.5180549259660813,-0.20573584072043843,-0.16969723139163753,1.042339913641012,-0.3864617800689789,0.3,-0.09343949964649456,0.521761839622521,-0.16966521474860471,1.0432936610060979,0.3,-0.40299768943489067,-0.49545469826813454,0.31298809830182933
0.625250501002004,4.111032256029064,0.9999994838561806,0.19676299440653675,-0.008004611850221397,-0.04114885082408862,0.954419472633435,-0.0007044390380064064,-0.42242498834753706,-0.14260774646389668,0.9563749432567434,-9.497255875773431e-7,-0.5180605280602598,-0.20572990484340736,-0.16969017807468767,1.0425306777843897,-0.3864236972896374,0.3,-0.09313630756544486,0.5217426246257049,-0.16965195158724442,1.0434806966684629,0.3,-0.4030026396222208,-0.49545991274023476,0.31304420900053886
0.627254509018036,4.124218103296508,1.0000009700631511,0.1967569375848662,-0.008004320593954513,-0.04114762739316452,0.9544160117780855,-0.0007045148375363384,-0.42242516313856043,-0.1426012320317137,0.956374849271226,-1.0470453493911443e-6,-0.5180610094665183,-0.20572345277043327,-0.1696818604855231,1.0427206096103918,-0.3863805968589265,0.3,-0.09284074522744058,0.5217254910178176,-0.16963722914018572,1.0436660551359742,0.3,-0.40300276176590893,-0.4954603044400562,0.3130998165407923
0.6292585170340681,4.137403969818156,1.0000024041823317,0.1967504281609902,-0.008003004477927067,-0.04114630184032526,0.9544126665465451,-0.0007045878203852906,-0.4224203733326577,-0.14259422442114833,0.9563748911417065,-1.1371147465707255e-6,-0.5180565399942357,-0.2057165083646444,-0.16967224134183695,1.0429095437418578,-0.38633268219863043,0.3,-0.09255277593265751,0.5217103810720646,-0.16962103541922674,1.0438496102484236,0.3,-0.4029982159928403,-0.495456033118961,0.31315488307452705
0.6312625250501002,4.150589854904018,1.0000037857488522,0.19674349798373608,-0.008000699685558733,-0.04114488076242939,0.9544094367882849,-0.0007046585750391123,-0.42241079430064465,-0.14258675016288402,0.956375065971826,-1.2230874811164403e-6,-0.5180472918348319,-0.2057091069177941,-0.16966129193741114,1.0430973225698053,-0.3862801549301009,0.3,-0.09227235650928617,0.5216972370142542,-0.16960339529416735,1.0440312425930183,0.3,-0.40298916756810277,-0.4954472613048297,0.31320937277790545
0.6332665330661322,4.1637757578586125,1.00000511439543,0.1967361709057027,-0.007997443396298468,-0.041143369802370926,0.9544063223582452,-0.0007047270247605199,-0.42239660332085666,-0.14257884537677792,0.9563753691566366,-1.3023216253340005e-6,-0.518033447209421,-0.20570127498337923,-0.16964899392802513,1.0432837960836026,-0.3862232183169663,0.3,-0.09199943762112511,0.5216860011720313,-0.16958433716178253,1.0442108398493153,0.3,-0.4029757836597502,-0.49543416142117624,0.3132632519547946
0.6352705410821643,4.176961677982263,1.0000063898521316,0.19672846977292402,-0.007993272966891521,-0.041141773335824174,0.9544033229622019,-0.0007047928105506192,-0.4223779845739387,-0.14257052525392205,0.9563757964278564,-1.37668775966655e-6,-0.518015183596584,-0.2056930360214188,-0.16963533695872887,1.0434688217955703,-0.38616207647456563,0.3,-0.09173396407058602,0.5216766160634643,-0.16956388288348526,1.0443882967841824,0.3,-0.4029582375327769,-0.4954169005988204,0.3133164890352547
0.6372745490981964,4.190147614572338,1.0000076119396744,0.19672041842793925,-0.00798822556478172,-0.04114009567289715,0.9544004381731929,-0.0007048555827219471,-0.4223551134540843,-0.14256182329859302,0.9563763402141601,-1.4429037803057346e-6,-0.5179926825034378,-0.20568441500122392,-0.16962031468369823,1.0436522645991824,-0.3860969322273645,0.3,-0.09147587509737647,0.5216690244859972,-0.1695420360939964,1.0445635150702077,0.3,-0.4029366933963445,-0.49539564916753326,0.3133690545210623
0.6392785571142284,4.203333566924441,1.0000087805689286,0.19671204203908854,-0.007982339035544198,-0.04113834495768058,0.9543976673120834,-0.0007049161887028526,-0.4223281707066815,-0.14255276226512997,0.9563769981952878,-1.506104803581523e-6,-0.5179661150852187,-0.20567544080049502,-0.16960392324981532,1.0438339967306327,-0.38602798599328897,0.3,-0.09122510467366766,0.5216631695085718,-0.1695188093510193,1.0447364031502746,0.3,-0.40291132158535375,-0.4953705685433071,0.3134209209450824
0.6412825651302605,4.2165195343335515,1.000009895734573,0.19670337035381386,-0.00797564902598407,-0.041136524392496196,0.9543950098842324,-0.0007049743339923321,-0.422297333956326,-0.14254337628802263,0.9563777649290752,-1.5616280860586395e-6,-0.5179356691170652,-0.20566614491796845,-0.16958616293449635,1.0440138976499231,-0.38595543887623335,0.3,-0.09098158179566986,0.5216589945078508,-0.1694942319547665,1.0449068765469731,0.3,-0.4028822895229674,-0.4953418364331956,0.3134720629640919
0.6432865731462926,4.229705516095157,1.0000109575187737,0.19669442061070178,-0.007968195797931024,-0.04113464080837541,0.9543924645828115,-0.0007050301581303881,-0.4222627893398718,-0.14253368586947965,0.9563786372692187,-1.6138925613275285e-6,-0.5179015224028972,-0.20565654736553216,-0.16956704166813283,1.04419185393946,-0.3858794886756403,0.3,-0.0907452307718645,0.5216564432169796,-0.16946835271480595,1.0450748566907269,0.3,-0.4028497724299673,-0.4953096203277646,0.31352245700721804
0.6452905811623246,4.242891511506356,1.0000119660825482,0.19668521526888139,-0.007960014919499383,-0.04113269612467506,0.9543900309417501,-0.0007050828397924123,-0.42222471524656113,-0.14252371242684025,0.9563796076168903,-1.6583058274492685e-6,-0.5178638567199684,-0.20564666932076817,-0.16954657510668056,1.0443677591693699,-0.38580033612275405,0.3,-0.09051597150504019,0.5216554598134028,-0.16944122555664384,1.0452402719642855,0.3,-0.4028139375519117,-0.49527409106374276,0.3135720815892856
0.6472945891783567,4.256077519866884,1.0000129216643663,0.19667578105015654,-0.007951144204965092,-0.04113070071217747,0.9543877075496637,-0.0007051340608766474,-0.4221832867460891,-0.14251348671825645,0.9563806742483418,-1.7021159941305424e-6,-0.5178228392129433,-0.20563654405520979,-0.16952478439671934,1.0445415136742762,-0.3857181732243337,0.3,-0.09029371976920053,0.5216559890433558,-0.1694128774532371,1.0454030555047908,0.3,-0.40277494975259903,-0.4952354060904148,0.31362091665143726
0.6492985971943888,4.269263540480098,1.0000138245752177,0.19666614204583568,-0.007941621113604577,-0.041128655551247194,0.9543854931951692,-0.0007051828438310701,-0.42213868719440173,-0.14250303693618419,0.9563818295064886,-1.7375120051995808e-6,-0.5177786632013586,-0.2056261942904016,-0.16950168832059662,1.0447130244095766,-0.38563319458704537,0.3,-0.09007838747576218,0.5216579762467481,-0.16938331560421296,1.045563147889397,0.3,-0.40273298142990055,-0.49519374791395815,0.3136689443668191
0.6513026052104208,4.28244957265396,1.0000146752020684,0.19665631318002882,-0.00793148161090338,-0.04112656521976612,0.9543833867971486,-0.0007052288694124431,-0.42209109302786196,-0.14249238090747424,0.9563830719808409,-1.7677741683378435e-6,-0.5177315019253097,-0.20561563778045883,-0.1694773092300816,1.044882205075314,-0.38554559367726116,0.3,-0.08986988294242348,0.5216613672048457,-0.16935260994705684,1.0457204959579083,0.3,-0.40268819946423673,-0.4951492807905693,0.3137161487873725
0.6533066132264529,4.295635615701983,1.000015473998058,0.19664631436685281,-0.007920762576330672,-0.041124434603639355,0.95438138698251,-0.0007052721286341958,-0.42204067739990464,-0.14248153484238524,0.9563843946246484,-1.793718500275289e-6,-0.517681522535841,-0.20560489552436897,-0.16945168098474583,1.0450489758326575,-0.3854555590818416,0.3,-0.08966811115878927,0.5216661082968498,-0.16932084642469877,1.0458750511495327,0.3,-0.4026407655845633,-0.4951021607415017,0.3137625153448598
0.655310621242485,4.308821668944061,1.0000162214781285,0.19663617386744606,-0.007909498872622978,-0.04112226903490775,0.954379492273496,-0.0007053130131067398,-0.4219876108776512,-0.14247053239443094,0.9563857923470885,-1.8138322258922215e-6,-0.5176288989511326,-0.20559399782736074,-0.16942484173795552,1.0452132629481616,-0.38536327549938487,0.3,-0.08947297403740984,0.5216721467110395,-0.16928805424407353,1.046026770032857,0.3,-0.4025908401905595,-0.49505255175211127,0.31380803100985705
0.657314629258517,4.3220077317073,1.0000169182213428,0.19662591592669706,-0.007897727264743724,-0.041120076774184555,0.954377700865291,-0.000705352637977284,-0.42193206662101185,-0.14245940202783558,0.956387265199952,-1.8326028397317133e-6,-0.5175738014187332,-0.2055829750069756,-0.16939682583246854,1.0453749987612966,-0.38526892351514097,0.3,-0.0892843706575338,0.5216794303805503,-0.1692542466796618,1.046175614920301,0.3,-0.40253858747398275,-0.49500061572606147,0.31385268447609027
0.6593186372745491,4.335193803326838,1.00001756486709,0.1966155549177104,-0.007885483349825192,-0.04111785592434678,0.9543760113615012,-0.0007053889301852773,-0.4218742243315341,-0.14244815881705003,0.9563888029353903,-1.842720715530905e-6,-0.5175164147626855,-0.20557183604870097,-0.16936766721992394,1.0455341217088656,-0.3851726874670783,0.3,-0.0891021975082355,0.5216879078547529,-0.16921948824995442,1.0463215550161464,0.3,-0.40248417521003055,-0.49494652560281893,0.31389646650484393
0.6613226452905812,4.348379883146647,1.0000181621132973,0.1966051089439534,-0.007872802240283118,-0.04111561455641399,0.9543744219496985,-0.0007054229955422108,-0.4218142457019064,-0.1424368208947331,0.956390404999875,-1.8501539211903475e-6,-0.5174568946939494,-0.20556060519542776,-0.16933741094711832,1.0456905761479016,-0.3850747431169591,0.3,-0.0889263487314723,0.5216975283614907,-0.16918388435145365,1.046464562895519,0.3,-0.40242775622240207,-0.4948904287675642,0.31393936886865564
0.6633266533066132,4.361565970520227,1.0000187107082534,0.19659460047372282,-0.00785971828116295,-0.04111335554198803,0.9543729308390739,-0.0007054545545063003,-0.42175229854221546,-0.14242541195627748,0.9563920637066037,-1.8529499156692928e-6,-0.5173954088884392,-0.20554930386795225,-0.1693061096081019,1.0458443119836653,-0.3849752642893206,0.3,-0.08875671635086481,0.52170824203455,-0.16914749876624588,1.0466046157622413,0.3,-0.40236948727215516,-0.4948324819865711,0.3139813847286724
0.6653306613226453,4.37475206481129,1.000019211451113,0.1965840490889024,-0.00784626451953166,-0.04111108616982753,0.9543715361999412,-0.0007054846207771021,-0.42168854315877363,-0.1424139580640236,0.9563937793927167,-1.8536773376997947e-6,-0.5173321180721249,-0.20553795733964234,-0.16927381344029566,1.0459952845252503,-0.38487442042788633,0.3,-0.08859319049081023,0.521719999937597,-0.1691103540739902,1.046741695724894,0.3,-0.4023095207142875,-0.4947728386031851,0.31402250871746823
0.6673346693386772,4.387938165394395,1.0000196651893132,0.19657347394508798,-0.007832475331158365,-0.041108806987998646,0.9543702360227481,-0.0007055123365572482,-0.42162314843656407,-0.14240247381704715,0.9563955437267223,-1.8496974067692065e-6,-0.5172671904232654,-0.20552658147765973,-0.16924056827660305,1.0461434544695338,-0.38477237940574666,0.3,-0.08843565959232738,0.5217327539422335,-0.1690724916959923,1.0468757904448838,0.3,-0.40224801417603984,-0.49471165567486813,0.3140627371334651
0.6693386773547093,4.401124271655595,1.0000200728161892,0.19656288988520776,-0.00781838486615966,-0.041106524931974676,0.9543690280663638,-0.0007055386618899994,-0.4215562689226666,-0.14239098155243096,0.9563973543193715,-1.8433492864831976e-6,-0.5172007798198637,-0.20551519639792906,-0.1692064240712109,1.0462887877929101,-0.3846693028883658,0.3,-0.08828401062800871,0.5217464566880119,-0.1690339991123909,1.0470068913687682,0.3,-0.40218511342059227,-0.49464907863534274,0.31410206741063046
0.6713426853707414,4.414310382992988,1.0000204352666366,0.1965523109324016,-0.007804023762842858,-0.04110423857776671,0.954367910516599,-0.0007055622010835425,-0.4214880647316376,-0.14237949348716744,0.9563992052840962,-1.830948758714567e-6,-0.5171330494367864,-0.2055038124376285,-0.16917143884692679,1.0464312555227573,-0.3845653537861798,0.3,-0.08813812930821735,0.5217610616850631,-0.1689949767661058,1.0471349945758621,0.3,-0.40212096891212856,-0.4945852612405334,0.31414049837275865
0.6733466933867734,4.427496498817273,1.0000207535147347,0.19654175332092683,-0.007789423323817746,-0.04110195783927184,0.9543668812543098,-0.0007055849436428158,-0.4214186762967179,-0.14236802890233138,0.9564010982945386,-1.819749621595349e-6,-0.517064132304724,-0.20549245470558586,-0.1691356770258855,1.0465708334936519,-0.38446068518824744,0.3,-0.08799790028007148,0.5217765234383003,-0.16895549550404088,1.0472600986287803,0.3,-0.4020557139959189,-0.49452033008013396,0.3141780295886341
0.6753507014028055,4.440682618552197,1.0000210285666205,0.19653123064206623,-0.007774614618838786,-0.04109967885673957,0.954365938036012,-0.0007056047071491782,-0.4213482592559768,-0.14235660226767696,0.9564030222526244,-1.800491641042436e-6,-0.5169941912862671,-0.20548113100241183,-0.16909919834987483,1.0467075021133474,-0.38435545046189123,0.3,-0.08786320731335868,0.5217927975030977,-0.1689155783087353,1.0473822072419392,0.3,-0.4019894934724899,-0.49445443706617853,0.31421466217258176
0.6773547094188376,4.453868741635018,1.0000212614638195,0.1965207584335426,-0.007759626299068455,-0.041097409484357895,0.9543650787349207,-0.0007056227490725635,-0.4212769499072627,-0.1423452305224727,0.9564049782059268,-1.7800909462167848e-6,-0.5169233566907635,-0.20546986259975417,-0.16906205780434574,1.0468412463808723,-0.3842497954606503,0.3,-0.08773393348519831,0.5218098403250759,-0.1688752727791787,1.0475013277792458,0.3,-0.40192243654138055,-0.4943877059349221,0.3142503983337737
0.6793587174348696,4.467054867516902,1.000021453274645,0.1965103568394217,-0.007744487532395459,-0.041095152683149644,0.9543643010873886,-0.0007056391288399368,-0.4212048903610895,-0.1423339340549495,0.9564069606998068,-1.7572648278674662e-6,-0.5168517705311506,-0.2054586696792554,-0.16902431235468077,1.0469720557039839,-0.3841438621608173,0.3,-0.08760996136044542,0.5218276092302699,-0.16883466086780316,1.0476174711457584,0.3,-0.4018546763614905,-0.4943202699407179,0.31428524134372754
0.6813627254509017,4.480240995663293,1.0000216050958228,0.19650003877202452,-0.00772922700908521,-0.041092912471606007,0.9543636028518153,-0.0007056539774742708,-0.42113221845588905,-0.14232273208658855,0.9564089677467854,-1.7318462653288145e-6,-0.5167795727837083,-0.2054475680196123,-0.1689860249606174,1.047099923681473,-0.38403778885640505,0.3,-0.08749117316417913,0.5218460624979296,-0.16879383422537705,1.0477306512647384,0.3,-0.4017863433297677,-0.49425226195508787,0.3143191953794215
0.6833667334669338,4.493427125554271,1.0000217180506954,0.19648981618549985,-0.0077138732188607815,-0.04109068957438628,0.9543629818122064,-0.0007056665908157746,-0.42105907393913994,-0.14231163264465577,0.9564109926843897,-1.7017253593660715e-6,-0.5167069011952296,-0.20543656727050189,-0.16894726238038618,1.0472248479050714,-0.38393171144600013,0.3,-0.08737745094544314,0.5218651594357049,-0.16875286763994324,1.0478408853369734,0.3,-0.4017175679869261,-0.4941838107023881,0.31435226560109203
0.6853707414829658,4.506613256684885,1.0000217932855975,0.1964797050918082,-0.007698452829560744,-0.04108849022745898,0.9543624355270035,-0.0007056780963231737,-0.42098558350195775,-0.14230065550160603,0.9564130344603587,-1.6722344287836992e-6,-0.5166338807344238,-0.2054256873640458,-0.16890809018506886,1.047346829761742,-0.38382575858397655,0.3,-0.08726867673357222,0.5218848604161663,-0.16871180635573663,1.047948193180293,0.3,-0.4016484697307534,-0.4941150340583344,0.31438445795408787
0.6873747494989979,4.5197993885654295,1.0000218319660685,0.1964697158014934,-0.007682992975557684,-0.041086313076566086,0.9543619615839064,-0.000705687458872804,-0.42091188028582677,-0.1422898103839513,0.956415086852421,-1.637150954745658e-6,-0.5165606485535377,-0.20541493621066834,-0.1688685695033549,1.0474658743476608,-0.38372005757807665,0.3,-0.08716473268765189,0.5219051268032912,-0.16867069885784317,1.0480525985177078,0.3,-0.4015791735853617,-0.49404606125561573,0.31441577955531236
0.68937875751503,4.532985520721711,1.000021835278212,0.19645985748364633,-0.00766751842776998,-0.04108416456536557,0.9543615576324606,-0.0007056957978436472,-0.4208380815808885,-0.1422791105591332,0.9564171532906282,-1.60291030602542e-6,-0.5164873180299865,-0.20540432920507595,-0.16882876280539802,1.047581990393215,-0.38361472953564874,0.3,-0.0870655012446904,0.5219259208813356,-0.16862962894468306,1.0481541274443194,0.3,-0.4015097917401789,-0.49397700117623483,0.3144462382332958
0.691382765531062,4.546171652695252,1.0000218044210334,0.19645013898458522,-0.007652054627892598,-0.041082043969272154,0.9543612213744553,-0.0007057022663732327,-0.4207643092088524,-0.14226856064128804,0.9564192227687385,-1.566143519474584e-6,-0.516414008717753,-0.20539387049105517,-0.16878873791783794,1.0476951900443874,-0.3835098931183892,0.3,-0.08697086526085987,0.5219472059234975,-0.16858868981323927,1.04825280857663,0.3,-0.40144043603311674,-0.49390796316844265,0.314475842572989
0.6933867735470941,4.55935778404347,1.0000217406046121,0.196440574926565,-0.007636623116831672,-0.041079955693748796,0.9543609504198238,-0.0007057077617100474,-0.4206906712964,-0.14225818153857017,0.9564212984725144,-1.5283964201046617e-6,-0.5163408327631225,-0.205383580181381,-0.16874856353012407,1.0478054885527717,-0.3834056598338056,0.3,-0.08688070814205641,0.5219689463173719,-0.16854793200018475,1.048348672292354,0.3,-0.40137121051402885,-0.49383905581815635,0.3145046016877062
0.6953907815631262,4.572543914339809,1.0000216450504826,0.1964311719516547,-0.00762124786647898,-0.04107789966017023,0.954360742320756,-0.0007057115468122556,-0.4206172831029806,-0.14224797710557044,0.9564233750025253,-1.4880725844961572e-6,-0.5162679030327503,-0.20537346287979766,-0.1687083032842279,1.0479129042234931,-0.3833021387066329,0.3,-0.08679491396667964,0.5219911074843958,-0.16850739629348657,1.0484417520582825,0.3,-0.4013022228852526,-0.4937703846134398,0.31453252561748474
0.6973947895791582,4.5857300431738794,1.0000215189875035,0.19642193730555307,-0.007605950920900139,-0.0410758801251039,0.9543605948034078,-0.0007057141811040372,-0.4205442453299236,-0.14223795868823355,0.9564254487473377,-1.4469197510208627e-6,-0.5161953184736043,-0.20536352811528574,-0.16866801902575473,1.0480174583351531,-0.38319943314883986,0.3,-0.08671336760706791,0.5220136557967704,-0.1684671481565982,1.0485320834410718,0.3,-0.40123356725501136,-0.49370204196784695,0.31455962503232154
0.6993987975951903,4.5989161701515195,1.0000213636487445,0.19641288257556289,-0.0075907521137497345,-0.04107389692658384,0.9543605054438877,-0.0007057151818800664,-0.4204716615117193,-0.14222813760505576,0.9564275179986742,-1.403420917688642e-6,-0.5161231856739231,-0.20535378742051538,-0.16862777420443148,1.0481191749203462,-0.38309764237057414,0.3,-0.08663595484412766,0.5220365586140491,-0.16842726168494562,1.0486197038605072,0.3,-0.4011653416961838,-0.49363412925787836,0.31458591115815215
0.7014028056112224,4.612102294894862,1.0000211802722379,0.1964040143382273,-0.007575671568506863,-0.04107195264942903,0.9543604719236823,-0.0007057146850489032,-0.4203996286340609,-0.1422185201702391,0.9564295808651748,-1.358527197396511e-6,-0.5160515991296567,-0.20534424832194,-0.1685876339849628,1.0482180805961678,-0.38299686116362053,0.3,-0.08656256247437712,0.5220597843134013,-0.16838780612865945,1.04870465237767,0.3,-0.401097637626447,-0.4935667356946346,0.314611395713301
0.7034068136272544,4.625288417042375,1.000020970096967,0.19639534229710884,-0.007560729794784596,-0.041070050788689166,0.9543604915565681,-0.0007057132361083134,-0.4203282387208734,-0.1422091178658731,0.9564316339897667,-1.3143599077490645e-6,-0.5159806493095374,-0.2053349225355632,-0.16854766261837636,1.0483142043684572,-0.3828971777675805,0.3,-0.0864930784098558,0.5220833023234218,-0.16834882923928413,1.0487869693408367,0.3,-0.40103054095053076,-0.49349994564223176,0.314636090802251
0.7054108216432865,4.6384745362488555,1.0000207343610763,0.19638687309902797,-0.007545944451134774,-0.04106819039946518,0.9543605622602587,-0.0007057101851713978,-0.4202575856487069,-0.14219993661764105,0.9564336739413379,-1.2670033915818172e-6,-0.5159104320706303,-0.20532581444496495,-0.1685079203696362,1.048407577544945,-0.38279867989733746,0.3,-0.08642739177104662,0.5221070830666242,-0.16831037865121776,1.0488666976904977,0.3,-0.4009641401745606,-0.49343384982147265,0.31466000930714927
0.7074148296593186,4.65166065218543,1.000020474302183,0.1963786155262687,-0.0075313334291830965,-0.04106637655936088,0.9543606815398366,-0.0007057066288830998,-0.4201877511161238,-0.1421909882733675,0.9564357011684329,-1.2219877294566051e-6,-0.5158410266558344,-0.20531693676730173,-0.168468467196777,1.048498233625717,-0.3827014476441683,0.3,-0.08636539297811924,0.5221310979146525,-0.16827251791910183,1.0489438811687835,0.3,-0.400898512488823,-0.4933685231262399,0.31468316435063504
0.7094188376753506,4.664846764539506,1.0000201911532554,0.19637057502792774,-0.00751691338346654,-0.04106460748435375,0.9543608472673044,-0.000705701868180303,-0.4201188220864145,-0.14218227512969475,0.9564377111581328,-1.1748040680886345e-6,-0.515772521322112,-0.20530829206691473,-0.16842936419238846,1.0485862081453492,-0.38260556010717356,0.3,-0.08630697383492006,0.5221553192035926,-0.1682353172465764,1.0490185652886195,0.3,-0.4008337394543042,-0.49330404857456334,0.31470556958658585
0.7114228456913827,4.6780328730147325,1.0000198861425864,0.19636275351829202,-0.007502701726944642,-0.04106288496947089,0.954361056898802,-0.0007056960391012095,-0.420050875775771,-0.14217380267674376,0.9564397011772388,-1.1267495977884862e-6,-0.5157049935384806,-0.20529988358827003,-0.1683906731551545,1.048671538478898,-0.3825110895357593,0.3,-0.0862520276072147,0.5221797202784831,-0.16819883151346607,1.049090796088005,0.3,-0.4007698932699031,-0.493240498593993,0.31472723882640147
0.7134268537074148,4.691218977330907,1.0000195604916886,0.19635515614492383,-0.007488712266154913,-0.041061210699315925,0.9543613081899052,-0.0007056895038457494,-0.41998398376011586,-0.1421655756698198,0.9564416730085855,-1.0792180277639575e-6,-0.5156385134643501,-0.205291718312709,-0.16835245309806976,1.048754263722643,-0.38241810516204083,0.3,-0.08620044909346349,0.5222042754757474,-0.1681631031295231,1.0491606210404123,0.3,-0.40070704264908086,-0.49317794093097966,0.3147481863121237
0.7154308617234468,4.704405077223867,1.0000192154123881,0.19634778437828096,-0.007474960241559449,-0.041059586104003294,0.9543615987135061,-0.0007056823818029779,-0.41991821295122717,-0.14215759598889524,0.9564436226865864,-1.034476009687428e-6,-0.5155731462682042,-0.2052837977466576,-0.16831476042494484,1.048834424596816,-0.3823266708984839,0.3,-0.08615213469225202,0.5222289600742748,-0.16812817796016866,1.0492280884928988,0.3,-0.40064524933019907,-0.4931164354155186,0.31476842654786963
0.7174348697394789,4.7175911724453465,1.0000188521032929,0.19634064245990784,-0.007461456554660249,-0.041058009035809806,0.9543619266313017,-0.0007056740600457399,-0.41985362738382115,-0.14214986662090381,0.9564455486159527,-9.865894456243435e-7,-0.5155089586179151,-0.2052761248746666,-0.16827765038006892,1.0489120633388251,-0.38223684946637376,0.3,-0.08610698246472649,0.5222537502630648,-0.16809411404789215,1.0492932482000934,0.3,-0.40058457447292,-0.49305604621849203,0.314787974460028
0.719438877755511,4.73077726276281,1.0000184717509404,0.19633373186503902,-0.007448215539689963,-0.041056482564189194,0.9543622893767113,-0.0007056649769502577,-0.4197902850816305,-0.1421423923107709,0.9564474474559985,-9.398234819550803e-7,-0.5154460066673233,-0.2052687026777359,-0.168241177990713,1.0489872234755797,-0.3821486943574539,0.3,-0.08606489219169959,0.5222786231932208,-0.16806095476038452,1.0493561495154098,0.3,-0.40052507132868964,-0.4929968244620021,0.3148068448546229
0.721442885771543,4.743963347959269,1.0000180755270056,0.1963270630485183,-0.00743524619570099,-0.041055006233859014,0.9543626850708445,-0.0007056551653063913,-0.4197282425793395,-0.1421351802941812,0.9564493206007602,-8.921667507443207e-7,-0.5153843475671661,-0.20526154150732787,-0.1682053953989403,1.0490599497493278,-0.38206225822548223,0.3,-0.08602576542295327,0.522303556936547,-0.16802874033853035,1.0494168431258322,0.3,-0.40046679460819834,-0.4929388259513595,0.31482505293774965
0.7234468937875751,4.757149427833087,1.0000176645886274,0.19632063378338913,-0.0074225614389083865,-0.04105358231947521,0.9543631113520269,-0.0007056447966128727,-0.4196675525934249,-0.14212823247790068,0.9564511657181272,-8.454304552281383e-7,-0.5153240330075921,-0.20525464071566388,-0.1681703527747009,1.0491302879918925,-0.38197758784304303,0.3,-0.08598950552397973,0.5223285304639098,-0.1679975110581829,1.0494753798895116,0.3,-0.4004097932866832,-0.49288209856415377,0.3148426139668535
0.7254509018036072,4.770335502197784,1.0000172400771843,0.1963144434669782,-0.007410171004397521,-0.041052210465755606,0.9543635661133995,-0.0007056335119919868,-0.4196082652453043,-0.14212154746536373,0.9564529818309172,-7.99845824610773e-7,-0.5152651130544355,-0.20524799927367265,-0.1681360989259121,1.0491982850270507,-0.3818947275256918,0.3,-0.08595601771738488,0.5223535236180786,-0.16796731282090205,1.049531811323572,0.3,-0.4003541146668628,-0.49282668964760423,0.3148595433970716
0.7274549098196392,4.7835215708818115,1.0000168031161272,0.19630849570706208,-0.007398083700110981,-0.04105088955018068,0.9543640473261137,-0.0007056210875424408,-0.41955042556449557,-0.142115124920349,0.9564547644126924,-7.539008172657544e-7,-0.5152076327615749,-0.2052416184237095,-0.16810268203358728,1.0492639885384194,-0.381813717890069,0.3,-0.08592520912007147,0.5223785171161874,-0.1679381899706662,1.0495861891759197,0.3,-0.40029979996021325,-0.4927726402847692,0.3148758567527759
0.7294589178356713,4.796707633728314,1.0000163548089818,0.1963027951538095,-0.007386308297432938,-0.041049622896404174,0.9543645529358317,-0.0007056084953741476,-0.41949407226327506,-0.14210897495366304,0.9564565159176226,-7.088242141643154e-7,-0.5151516300803125,-0.2052355065187398,-0.16807014847740734,1.0493274469191476,-0.3817345937747392,0.3,-0.08589698877486045,0.5224034925628939,-0.1679101731348162,1.0496385649952997,0.3,-0.40024688688761295,-0.49271998780000303,0.31489156949858993
0.7314629258517034,4.80989369059485,1.0000158962410939,0.1962973451385135,-0.0073748520599796336,-0.04104841078272843,0.9543650810187818,-0.0007055958967185021,-0.4194392452395741,-0.14210309772477955,0.9564582333073444,-6.651959674429625e-7,-0.5150971443599079,-0.20522966542922358,-0.16803854188044323,1.0493887092211085,-0.3816573880669962,0.3,-0.08587126767768359,0.5224284323961945,-0.16788329518837583,1.0496889908732172,0.3,-0.4001954121010508,-0.49266876815818983,0.31490669726196513
0.7334669338677354,4.823079741353171,1.00001542847781,0.1962921402082618,-0.007363722992869856,-0.04104725088146543,0.9543656294359179,-0.0007055824729755373,-0.41938598683204575,-0.14209748885705895,0.9564599188948386,-6.230173890513278e-7,-0.5150442197563898,-0.2052240888861441,-0.16800790327014276,1.0494478250252466,-0.381582130994281,0.3,-0.08584795880092462,0.5224533198767967,-0.16785758837425396,1.0497375191664624,0.3,-0.400145416910351,-0.492619024797276,0.31492125574993873
0.7354709418837675,4.836265785888944,1.000014952564511,0.19628717608895171,-0.007352928020271572,-0.041046143708764825,0.9543661963986599,-0.0007055685452762937,-0.41933432038009294,-0.14209214233632145,0.9564615658498105,-5.816459161385473e-7,-0.5149928775471021,-0.20521877213408812,-0.16797827497498746,1.049504844446568,-0.38150884884920716,0.3,-0.08582697711582368,0.522478139019886,-0.16783310709086788,1.0497842018971475,0.3,-0.4000969207921837,-0.4925707746955402,0.3149352605691442
0.7374749498997996,4.84945182410145,1.0000144695205389,0.19628245827851515,-0.007342470043223689,-0.04104508919728951,0.9543667800592568,-0.0007055544240702263,-0.41928427273885965,-0.14208706450838093,0.9564631796676965,-5.413550351810319e-7,-0.514943145829935,-0.20521372184471695,-0.16794969821415223,1.0495598178445604,-0.3814375630663108,0.3,-0.08580823960734525,0.522502874713016,-0.1678098709590682,1.0498290905447705,0.3,-0.4000499515925857,-0.49252404751510426,0.31494872716343114
0.7394789579158316,4.862637855903265,1.000013980343129,0.19627797990033222,-0.007332356309716556,-0.041044087147018814,0.9543673783732124,-0.0007055398980414061,-0.41923586787053063,-0.1420822494868263,0.95646475664092,-5.027188040115627e-7,-0.5148950465423,-0.20520893114087366,-0.16792220900547902,1.0496127958125578,-0.3813682921893331,0.3,-0.08579166528374921,0.5225275126384752,-0.16778788920562449,1.0498722367507318,0.3,-0.4000045305178715,-0.4924788622243077,0.31496167102521955
0.7414829659318637,4.875823881219946,1.0000134860039287,0.1962737399206452,-0.007322588172066074,-0.04104313697084386,0.9543679899986288,-0.0007055249559977042,-0.4191891200709124,-0.14207769458155278,0.9564662961568597,-4.654361963002278e-7,-0.5148485953209189,-0.2052043981549779,-0.16789584037545457,1.0496638291793912,-0.3813010529125803,0.3,-0.08577717518596849,0.5225520391770965,-0.16776719364739007,1.0499136922933827,0.3,-0.39996067098695987,-0.4924352335386067,0.3149741076880148
0.7434869739478958,4.88900989998969,1.0000129874476886,0.19626974404890504,-0.007313170378143126,-0.041042240581485284,0.9543686129093207,-0.0007055104438246996,-0.4191440450419044,-0.1420734071627431,0.9564677972026757,-4.3015953247298974e-7,-0.5148038061247278,-0.20520013033290388,-0.16787062464888297,1.049712968780524,-0.3812358541291714,0.3,-0.08576469239311485,0.522576441472085,-0.16774780389204003,1.0499535075579285,0.3,-0.3999183874400344,-0.49239317416687955,0.3149860522673785
0.7454909819639278,4.902195912162976,1.0000124855946273,0.19626598486856725,-0.007304105062186831,-0.04104139426894043,0.9543692455824155,-0.000705495174287514,-0.4191006645976165,-0.14206937868214212,0.9564692607936471,-3.946185409504274e-7,-0.5147607032278381,-0.20519611770431495,-0.16784659130868534,1.0497602654430516,-0.3811727067964961,0.3,-0.08575414202121757,0.5226007073760668,-0.1677297420432604,1.0499917335596274,0.3,-0.3998777014254711,-0.4923527083277557,0.3149975200678882
0.7474949899799599,4.915381917702274,1.0000119813408772,0.1962624639108416,-0.007295393566369768,-0.04104059941378653,0.954369886408687,-0.0007054798166092782,-0.4190589841049655,-0.14206560844011173,0.956470686806726,-3.6084464111257374e-7,-0.5147192898320821,-0.2051923624954249,-0.1678237694536513,1.049805769920739,-0.3811116162849957,0.3,-0.08574545122262384,0.5226248254264647,-0.16771303533976598,1.050028420214606,0.3,-0.399838617729489,-0.49231383861579747,0.3150085260643818
0.749498997995992,4.9285679165816765,1.0000114755540328,0.19625917273360222,-0.007287039855833542,-0.04103985493757905,0.9543705335731179,-0.0007054640132048775,-0.41901901320305013,-0.14206209052561858,0.956472072097131,-3.288648407085952e-7,-0.514679576522769,-0.20518885600574568,-0.16780218651488915,1.0498495327518045,-0.38105258492439464,0.3,-0.08573854917992167,0.5226487848771558,-0.1676976952943134,1.05006361680678,0.3,-0.3998011442322389,-0.4922765735434063,0.315019085042034
0.751503006012024,4.941753908786542,1.0000109690753654,0.19625611408684923,-0.0072790422497103005,-0.041039162145910045,0.9543711858539985,-0.0007054484629678186,-0.4189807525663557,-0.14205882624239716,0.9564734207010447,-3.002349922043692e-7,-0.51464156171032,-0.2051856016431717,-0.16778186664501238,1.0498916042396227,-0.38099561309335905,0.3,-0.08573336709665892,0.5226725756446793,-0.16768373188616081,1.0500973723052354,0.3,-0.3997652830583374,-0.49224091336010006,0.3150292116915706
0.7535070140280561,4.954939894313133,1.0000104627175688,0.19625328159423083,-0.007271401496698253,-0.041038517780296276,0.9543718418761333,-0.0007054324749869114,-0.4189442060621663,-0.14205580883841262,0.9564747278468136,-2.7102450057575897e-7,-0.514605252135995,-0.20518259133219197,-0.16776283174531978,1.0499320343955418,-0.3809406993548579,0.3,-0.08572983818680698,0.5226961882738738,-0.16767115998817603,1.050129735235596,0.3,-0.3997310364726163,-0.49220686287580734,0.3150389205706788
0.7555110220440882,4.968125873168254,1.0000099572657772,0.19625067842300425,-0.007264118401438457,-0.0410379233066212,0.9543724997736224,-0.0007054167758017992,-0.4189093742308935,-0.14205304103929522,0.9564759954638271,-2.442759598671955e-7,-0.514570646582989,-0.20517982891174447,-0.16774510149768845,1.0499708727903476,-0.3808878354118166,0.3,-0.0857278976605707,0.5227196139641811,-0.167659980081451,1.050160752590879,0.3,-0.39969840537504464,-0.4921744213064299,0.31504822577726366
0.7575150300601202,4.981311845368878,1.0000094534790405,0.19624829410910216,-0.007257192164354073,-0.04103737683009727,0.9543731583410776,-0.0007054008711618227,-0.41887625718015187,-0.14205051135658997,0.9564772241980245,-2.2048088475067517e-7,-0.5145377452734984,-0.20517730258403627,-0.1677286924677591,1.0500081685910836,-0.3808370156996175,0.3,-0.0857274827064496,0.5227428444876002,-0.1676502044800943,1.050190471735891,0.3,-0.39966739009767743,-0.49214358910663275,0.3150571415207673
0.7595190380761523,4.994497810941808,1.0000089520877715,0.1962461256600797,-0.007250620634003761,-0.04103687807987566,0.9543738164215142,-0.0007053851721623815,-0.4188448429209234,-0.1420482169172836,0.95647841251346,-1.9860446523875825e-7,-0.5145065365577265,-0.2051750095658074,-0.16771362238450443,1.0500439705178966,-0.38078823028864806,0.3,-0.08572853247529272,0.5227658721693015,-0.16764185867038628,1.0502189386438947,0.3,-0.39963797874318996,-0.49211435456585967,0.3150656815931684
0.7615230460921844,5.007683769923277,1.0000084537924334,0.19624417100880157,-0.007244402373826151,-0.0410364251797726,0.9543744725540134,-0.0007053694522032317,-0.41881512786378833,-0.14204615516420876,0.9564795629241186,-1.781346036734241e-7,-0.5144770155322016,-0.20517294728248725,-0.16769990760589648,1.050078326651413,-0.3807414659341697,0.3,-0.08573098805800536,0.5227886899709432,-0.16763493785375916,1.050246198159323,0.3,-0.3996101690342071,-0.49208671440234353,0.31507385944779687
0.7635270541082164,5.020869722358575,1.0000079592660576,0.1962424220461819,-0.007238534854933761,-0.041036017810204314,0.9543751256663644,-0.000705353752010683,-0.41878709581948986,-0.14204431770861098,0.9564806733318199,-1.6003207469594846e-7,-0.5144491668605552,-0.20517110745830366,-0.16768756020064693,1.050111284482273,-0.38069670844910947,0.3,-0.08573479246084469,0.5228112914046943,-0.16762943486347734,1.0502722947325491,0.3,-0.39958394456136503,-0.4920606526798196,0.31508168841976475
0.7655310621242485,5.034055668301666,1.0000074691510799,0.19624087897789497,-0.007233014594232294,-0.04103565629856097,0.9543757745660334,-0.0007053387021153748,-0.41876073079247017,-0.1420427043349214,0.9564817428531556,-1.4454585163695336e-7,-0.5144229750780416,-0.20516949030837506,-0.1676765884112765,1.0501428908279018,-0.3806539398022207,0.3,-0.08573989058012839,0.5228336705111751,-0.16762534079091745,1.0502972717468215,0.3,-0.39955928969761617,-0.49203615410995194,0.31508918152404647
0.7675350701402806,5.0472416078147875,1.0000069840610808,0.1962395365688767,-0.007227838549201176,-0.04103533716059539,0.9543764181004151,-0.0007053234117725784,-0.41873602832168366,-0.1420413077851771,0.9564827772559492,-1.3064200332041393e-7,-0.5143984332169712,-0.2051680888023496,-0.16766699807257285,1.0501731918177446,-0.38061314139153923,0.3,-0.08574622917466973,0.5228558218093713,-0.16762265805154,1.0503211719837506,0.3,-0.39953620277702906,-0.4920132152159074,0.31509635159512517
0.7695390781563125,5.0604275409681,1.000006504583454,0.19623838393603615,-0.007223003435179196,-0.041035059544283777,0.9543770553150425,-0.0007053079201491937,-0.41871296125773777,-0.14204011946004902,0.9564837700964905,-1.1700638210232458e-7,-0.5143755180182846,-0.20516689293125187,-0.16765879670556846,1.0502022328969345,-0.38057429278964383,0.3,-0.08575375683903934,0.5228777402663874,-0.16762140640944204,1.0503440370216426,0.3,-0.3995146554551591,-0.4919918107136283,0.31510321110649275
0.7715430861723446,5.073613467839307,1.0000060312736503,0.19623742512174724,-0.007218505452603357,-0.04103482552762826,0.9543776848115088,-0.0007052931117865223,-0.41869151103447483,-0.14203914035196213,0.956484725021309,-1.0832792332745955e-7,-0.5143542061487152,-0.20516590616742267,-0.1676519907688276,1.0502300585971693,-0.3805373678949782,0.3,-0.08576242397145342,0.5228994214150676,-0.16762156524152141,1.050365906568306,0.3,-0.39949463091973964,-0.49197191920651095,0.3151097719704918
0.7735470941883766,5.0867993885132385,1.000005564660022,0.19623664688614095,-0.0072143386051830224,-0.04103463033950554,0.954378306243682,-0.0007052778354738571,-0.4186716599625074,-0.14203835851334062,0.9564856428964937,-1.0028918123798048e-7,-0.5143344830192509,-0.20516511435995569,-0.1676465809274829,1.0502567126684395,-0.38050234604752947,0.3,-0.08577218273833122,0.522920861225104,-0.16762311962458717,1.0503868210737861,0.3,-0.3994761133261458,-0.4919535280786626,0.3151160463221358
0.7755511022044087,5.099985303081515,1.000005105241515,0.1962360531436915,-0.007210498200228425,-0.041034476226334285,0.9543789185403827,-0.0007052632722950548,-0.41865337606508657,-0.14203777718171506,0.9564865213024365,-9.412621879581305e-8,-0.5143163164435672,-0.20516452201936508,-0.16764256710339293,1.0502822380288919,-0.38046919775229565,0.3,-0.08578298704404068,0.5229420560745264,-0.16762606487069381,1.050406818535891,0.3,-0.3994590710373494,-0.49193660505283004,0.3151220455607673
0.7775551102204408,5.113171211642134,1.0000046534886688,0.19623563619819076,-0.00720698005966991,-0.04103435987726253,0.9543795206666996,-0.0007052485888323096,-0.41863664816352525,-0.14203738556912804,0.9564873642213515,-9.052401007155857e-8,-0.5142996940379573,-0.20516411937372797,-0.16763994617483846,1.050306676640061,-0.3804378955750523,0.3,-0.08579479249329726,0.522963002788286,-0.16763038189487614,1.0504259366515518,0.3,-0.39944349500017334,-0.4919211401979345,0.3151277809954655
0.7795591182364728,5.126357114299142,1.0000042098469597,0.19623539087242323,-0.007203778182169913,-0.041034281431483646,0.9543801119712897,-0.0007052342994491933,-0.4186214431112525,-0.14203717970307134,0.956488169744512,-8.81924602171183e-8,-0.5142845834195685,-0.20516390140462898,-0.167638714751849,1.050330069628462,-0.38040841034273265,0.3,-0.08580755635637025,0.5229836985338941,-0.16763607466192776,1.0504442119474806,0.3,-0.39942935304542715,-0.4919071018288927,0.31513326358424415
0.7815631262525049,5.139543011162263,1.0000037747327757,0.19623530756227678,-0.0072008887329361795,-0.04103423945919441,0.954380691448854,-0.0007052202304688317,-0.4186077379528147,-0.14203715052584073,0.9564889377295028,-8.988828108737303e-8,-0.5142709616568274,-0.20516385840146067,-0.16763886900464028,1.0503524571123204,-0.38038071079030933,0.3,-0.08582123753174285,0.523004140905789,-0.16764312725236818,1.0504616795872863,0.3,-0.39941662288034513,-0.49189446737844217,0.31513850387618586
0.783567134268537,5.152728902346536,1.000003348536008,0.1962353842932109,-0.007198303100225994,-0.04103423160995027,0.9543812586559638,-0.0007052063766890432,-0.4185955017096496,-0.14203729266222426,0.9564896710060294,-9.21566803707895e-8,-0.5142587984954655,-0.20516398719325254,-0.16764040312370454,1.050373878288219,-0.38035476622757286,0.3,-0.0858357965073227,0.5230243278519631,-0.16765152771119124,1.0504783740800894,0.3,-0.39940527669238934,-0.4918832100776518,0.3151435122240268
0.785571142284569,5.1659147879719605,1.0000029316185,0.19623561882632104,-0.007196016503315402,-0.04103425916073369,0.9543818128619919,-0.0007051934141819054,-0.4185847038080386,-0.14203760507728083,0.9564903689100066,-9.824609297004693e-8,-0.5142480580824423,-0.20516428484662955,-0.1676433091380165,1.0503943713333588,-0.3803305423550558,0.3,-0.0858511953218771,0.5230442576974442,-0.1676612505764775,1.0504943284227177,0.3,-0.39939528463320617,-0.4918732946299404,0.3151482985268153
0.7875751503006011,5.179100668163125,1.0000025243155781,0.19623599394052454,-0.007194021402114793,-0.04103431702600892,0.9543823535404748,-0.000705180048420264,-0.4185753119266613,-0.14203806932522156,0.9564910322571233,-1.049988677882396e-7,-0.5142387163482138,-0.20516473425135395,-0.16764757672370245,1.0504139734802311,-0.38030800643030904,0.3,-0.08586739752523653,0.523063929068083,-0.16767228226738573,1.0505095751462676,0.3,-0.3993866167437825,-0.49186469908441627,0.3151528725438803
0.7895791583166332,5.192286543048867,1.0000021269355324,0.1962365131736842,-0.0071923116838303325,-0.04103440689167716,0.9543828798734558,-0.0007051672615288534,-0.4185672932886434,-0.14203868785691462,0.9564916611848503,-1.151965542083661e-7,-0.5142307328294491,-0.20516533783735003,-0.16765319323146788,1.050432720863691,-0.3802871207636651,0.3,-0.08588436813761541,0.5230833409454676,-0.16768459032844016,1.050524144956981,0.3,-0.39937924147363807,-0.4918573842420027,0.31515724348709434
0.7915831663326652,5.205472412761911,1.0000017397600784,0.19623716869671512,-0.0071908782022074656,-0.0410345264893282,0.9543833917320994,-0.000705154774380752,-0.41856060901701175,-0.1420394523797787,0.9564922570750005,-1.2613999706040995e-7,-0.5142240733756378,-0.20516608783086285,-0.16766014477503424,1.0504506486842857,-0.380267850357444,0.3,-0.08590207360883143,0.5231024925471192,-0.16769816762312947,1.0505380682098817,0.3,-0.39937312277724707,-0.49185131870571475,0.3151614204629645
0.7935871743486973,5.218658277438517,1.0000013630441977,0.1962379534648077,-0.00718971536537944,-0.04103467471876708,0.9543838884536541,-0.0007051424977288903,-0.41855522781729254,-0.1420403588095785,0.9564928197033372,-1.393129276729713e-7,-0.5142187063462459,-0.20516697783381085,-0.16766841718201114,1.050467791032142,-0.3802501565663622,0.3,-0.08592048177743378,0.5231213834144913,-0.16771298855112682,1.0505513734856262,0.3,-0.39936823055715687,-0.49184647179491076,0.3151654120456879
0.7955911823647294,5.231844137218153,1.00000099701928,0.1962388664226147,-0.007188815229461159,-0.04103485080756397,0.9543843695819646,-0.0007051304799891645,-0.4185511161850317,-0.1420413997917384,0.956493350736007,-1.553188330049613e-7,-0.5142145951963406,-0.20516800366003832,-0.16767799354112775,1.050484180939979,-0.38023400097916427,0.3,-0.08593956182698902,0.5231400133638519,-0.16772902301959167,1.05056408858289,0.3,-0.39936453353183965,-0.4918428092902524,0.31516922657486696
0.7975951903807614,5.245029992243182,1.0000006418927854,0.19623990124735327,-0.007188170249247283,-0.041035053252238864,0.9543848347352942,-0.0007051187587970168,-0.4185482360318761,-0.14204257023961545,0.9564938498226417,-1.715945885577328e-7,-0.5142117042338322,-0.2051691599501505,-0.16768885534350425,1.0504998504126155,-0.3802193448214195,0.3,-0.08595928424451264,0.5231583824420593,-0.16774624875278382,1.050576240324509,0.3,-0.39936199565664016,-0.4918402974005622,0.3151728720973527
0.7995991983967935,5.25821584265853,1.0000002978473503,0.19624104833887693,-0.007187773512516156,-0.041035280955736775,0.9543852835332084,-0.00070510714137868,-0.4185465522035302,-0.14204386089062057,0.9564943177823118,-1.9163366015932744e-7,-0.5142099975918699,-0.20517043620712963,-0.16770098352975527,1.0505148304015832,-0.3802061488395334,0.3,-0.08597962077863894,0.523176490927796,-0.16776464487112802,1.0505878544218732,0.3,-0.3993605833157785,-0.49183890152591814,0.31517635632656194
0.8016032064128256,5.271401688611392,0.999999965042736,0.19624230257983474,-0.007187616470548335,-0.041035532538217956,0.9543857157344875,-0.0007050958315043147,-0.41854602397895363,-0.14204526883331825,0.9564947553387321,-2.1230658468088103e-7,-0.5142094381202462,-0.20517182928343267,-0.16771435852492847,1.0505291507982806,-0.38019437311426063,0.3,-0.086000544397377,0.5231943393289044,-0.1677841870731777,1.0505989554336554,0.3,-0.39936025848366985,-0.49183858714836143,0.3151796866300966
0.8036072144288576,5.2845875302509056,0.9999996436151626,0.19624366967653722,-0.0071876913389806,-0.04103580833330308,0.9543861310468031,-0.0007050853438348053,-0.4185466190610068,-0.14204679117436045,0.9564951626713699,-2.3577958400822242e-7,-0.5142099848196563,-0.20517333881118818,-0.16772895884975203,1.0505428404074701,-0.3801839764052777,0.3,-0.08602202924501133,0.5232119283856957,-0.16780484018662206,1.0506095667448732,0.3,-0.3993609901765246,-0.49183931470163533,0.31518287002346196
0.8056112224448897,5.297773367727866,0.9999993336804405,0.19624513142150513,-0.0071879903779706504,-0.04103610517500824,0.9543865293429282,-0.000705075057571058,-0.4185482976146097,-0.1420484166651174,0.9564955418263223,-2.601653617284724e-7,-0.514211606046707,-0.20517495066631433,-0.16774476114118134,1.0505559270243707,-0.38017491973130935,0.3,-0.086044050599791,0.5232292590070423,-0.16782657939807952,1.050619711301075,0.3,-0.39936274160072743,-0.4918410553596132,0.3151859133903225
0.8076152304609218,5.310959201194454,0.9999990353318577,0.1962466864185307,-0.007188505986020507,-0.041036422335465596,0.9543869103246854,-0.0007050651575718586,-0.4185510224515652,-0.14205013839960312,0.9564958925649296,-2.8739003133634777e-7,-0.5142142599892603,-0.2051766604543964,-0.16776174203999825,1.0505684373923196,-0.3801671613118191,0.3,-0.08606658483318726,0.5232463322849236,-0.16784937872073472,1.050629410453414,0.3,-0.39936547697890706,-0.49184376861231544,0.3151888231360242
0.8096192384769538,5.324145030803938,0.9999987486414702,0.1962483253333292,-0.00718922943698869,-0.04103675818523084,0.9543872739275208,-0.0007050555358687099,-0.41855475058193636,-0.14205194919631312,0.956496215925145,-3.159239729801168e-7,-0.5142179065914306,-0.2051784597220672,-0.16777987786310772,1.0505803972349173,-0.3801606606293597,0.3,-0.08608960936811602,0.5232631494774764,-0.16787321318925616,1.0506386847844782,0.3,-0.39936915603397294,-0.4918474169948589,0.31519160543534347
0.8116232464929859,5.337330856710391,0.9999984736596966,0.19625004117655678,-0.007190152382353858,-0.04103711118990485,0.9543876200004324,-0.0007050460397428421,-0.41855944342615503,-0.14205384177886352,0.9564965130590085,-3.4676128260175265e-7,-0.5142225066472345,-0.2051803414926836,-0.16779914295685278,1.0505918311935114,-0.3801553757801868,0.3,-0.08611310263662326,0.5232797120367643,-0.16789804144577916,1.0506475537056577,0.3,-0.3993737423780375,-0.4918519633959442,0.31519426611169726
0.813627254509018,5.350516679068423,0.9999982104166425,0.1962518374705119,-0.007191266533324115,-0.04103748207591565,0.9543879483916559,-0.0007050374192390371,-0.4185650571443423,-0.1420558167214476,0.9564967821634046,-3.7921115111509194e-7,-0.5142280145494791,-0.20518230699582493,-0.1678195091186239,1.0506027628866548,-0.3801512637626529,0.3,-0.08613704403811485,0.5232960215537872,-0.167923823560782,1.050656035609143,0.3,-0.39937919360482194,-0.49185736340743436,0.3151968106827429
0.81563126252505,5.363702498032899,0.9999979589229039,0.1962537072933473,-0.007192562881770773,-0.04103786849573026,0.9543882591848841,-0.0007050293612607409,-0.41857155652561157,-0.1420578660726875,0.9564970272267728,-4.115916408710675e-7,-0.5142343963592223,-0.20518434957626736,-0.1678409463986611,1.0506132149343805,-0.3801482834998233,0.3,-0.08616141389812872,0.5233120797258699,-0.16795052940440736,1.0506641483843122,0.3,-0.39938547810237335,-0.491863586963187,0.31519924451529363
0.8176352705410821,5.376888313758715,0.9999977191712766,0.19625564342672477,-0.007194034636595193,-0.04103826879433498,0.9543885522741917,-0.0007050215086160123,-0.4185789063469905,-0.1420599826988495,0.9564972472844238,-4.467681918839834e-7,-0.5142416134937964,-0.2051864600225321,-0.1678634261540731,1.0506232089773888,-0.38014639359345126,0.3,-0.08618619342939288,0.5233278883468381,-0.1679781391772153,1.0506719087419663,0.3,-0.39939256152672425,-0.49187059607513306,0.31520157262258985
0.8196392785571142,5.3900741264005525,0.9999974911370691,0.19625763319955236,-0.007195672441184678,-0.041038681993281624,0.9543888278587286,-0.0007050138592389691,-0.41858705786743383,-0.14206215863629346,0.9564974436812843,-4.831356683305426e-7,-0.5142496242725971,-0.20518862976993135,-0.16788692159889715,1.0506327656878602,-0.3801455530886315,0.3,-0.08621136469272181,0.5233434493244138,-0.1680066318408,1.050679332329683,0.3,-0.39940039826332174,-0.4918783518968543,0.3152037996989049
0.8216432865731462,5.403259936112642,0.9999972747760834,0.19625968335331814,-0.007197468274154985,-0.041039107490785195,0.9543890858643715,-0.0007050066953384062,-0.41859597571531826,-0.14206439211782682,0.956497616446634,-5.204037814291398e-7,-0.5142583864445801,-0.20519085998365016,-0.16791140393651774,1.0506419046734468,-0.3801457191060488,0.3,-0.08623691055613111,0.5233587647433193,-0.16803595381702666,1.0506864335570718,0.3,-0.39940895468304377,-0.4918868140898334,0.31520593006712155
0.8236472945891783,5.416445743048521,0.9999970700284554,0.19626178697456517,-0.007199414459372005,-0.04103954411949139,0.954389326282353,-0.0007049998746713525,-0.4186056209562417,-0.14206667495590336,0.9564977650952583,-5.587220786495511e-7,-0.5142678621767086,-0.2051931432612485,-0.16793683941670243,1.0506506445852328,-0.3801468501542274,0.3,-0.08626281465402204,0.5233738367731605,-0.168066052651295,1.0506932265644282,0.3,-0.3994181934950241,-0.4918959461863986,0.31520796796932843
0.8256513026052104,5.429631547360833,0.9999968768183581,0.19626392447546928,-0.007201502149654073,-0.04103999069408766,0.9543895493156833,-0.0007049932120658031,-0.41861594826984266,-0.14206900073745887,0.9564978941843525,-5.990476144130483e-7,-0.5142780155134291,-0.20519546789652177,-0.16796319360836443,1.050659003217587,-0.3801489057839834,0.3,-0.0862890613508476,0.5233886675848021,-0.16809690815838613,1.050699724853975,0.3,-0.39942807332041236,-0.4919057159420472,0.3152099174561925
0.8276553106212424,5.442817349201123,0.9999966950536932,0.19626612165033575,-0.007203724083207919,-0.04104044743189319,0.9543897549149515,-0.0007049875953797417,-0.4186269302644573,-0.14207137430583575,0.9564979975513044,-6.398519279494052e-7,-0.5142888012793434,-0.20519784529268786,-0.1679904344249791,1.0506669973722786,-0.3801518432928478,0.3,-0.08631563570482878,0.5234032594440643,-0.1681284895783428,1.050705940296286,0.3,-0.3994385657036612,-0.49191607729051573,0.3152117820888858
0.8296593186372745,5.456003148719619,0.9999965246300768,0.19626834249025088,-0.007206071646359199,-0.04104091006360276,0.9543899435045149,-0.0007049814832633099,-0.41863852548718783,-0.14207377569229268,0.95649808397931,-6.817063774155509e-7,-0.5143001928175643,-0.2052002511018023,-0.16801853152903887,1.0506746430436644,-0.38015562579203255,0.3,-0.08634252343104926,0.5234176146372905,-0.1681607844908455,1.0507118848686108,0.3,-0.399449634792012,-0.49192700913387016,0.3152135654605832
0.8316633266533066,5.469188946065094,0.9999963654275607,0.19627059560440652,-0.007208536528444295,-0.04104138056096418,0.9543901153184545,-0.0007049760126333905,-0.41865068582094284,-0.14207620682577798,0.9564981495319125,-7.240996801798734e-7,-0.5143121383635152,-0.20520268908450126,-0.1680474556301394,1.0506819552752882,-0.380160211596185,0.3,-0.08636971086697784,0.523431735577345,-0.16819375033495831,1.0507175686103418,0.3,-0.3994612331842402,-0.4919384600393017,0.31521527058310256
0.8336673346693386,5.482374741384624,0.9999962173109981,0.1962728852951383,-0.007211111712670348,-0.04104185622428291,0.9543902703797147,-0.0007049706905111465,-0.41866338642869805,-0.14207866348432305,0.9564981936884346,-7.668083132874343e-7,-0.5143246046682713,-0.20520515710861037,-0.1680771714720185,1.0506889481559993,-0.3801655604259939,0.3,-0.08639718493342972,0.5234456247915872,-0.16822731478247863,1.0507230014117024,0.3,-0.39947333704666527,-0.49195039798169937,0.3152169004235107
0.8356713426853707,5.495560534823435,0.9999960801349588,0.19627519154347917,-0.007213789203406106,-0.0410423382841642,0.9543904089163885,-0.0007049660337047357,-0.41867657549524134,-0.1420811420843516,0.9564982181635742,-8.103113578137037e-7,-0.5143375543035901,-0.20520764641354033,-0.16810764045599352,1.0506956350391106,-0.38017163284841554,0.3,-0.08642493310105559,0.523459284750863,-0.16826144430464252,1.0507281928423242,0.3,-0.39948589768904025,-0.49196278794390785,0.31521845785269725
0.8376753507014028,5.508746326524743,0.9999959537403187,0.1962775212547931,-0.007216561026476989,-0.04104282338001092,0.9543905312370484,-0.0007049614589708382,-0.4186902326179196,-0.1420836356042926,0.9564982257833851,-8.541443907523873e-7,-0.5143509551234402,-0.20521015503460646,-0.1681388265845962,1.0507020284775626,-0.3801783910510742,0.3,-0.0864529433593333,0.5234727179092561,-0.16829612458087956,1.0507331517186884,0.3,-0.3994988969399516,-0.49197560072645724,0.3152199455156065
0.8396793587174348,5.521932116629613,0.9999958379586944,0.19627986242544504,-0.007219420509799129,-0.04104331213932201,0.9543906375723439,-0.0007049572308055805,-0.41870431014065784,-0.1420861366010933,0.9564982142732906,-8.99811572768616e-7,-0.5143647664799754,-0.20521267409845442,-0.1681706993119297,1.0507081402568696,-0.3801857968115833,0.3,-0.08648120418615093,0.5234859267374865,-0.1683313453022613,1.0507378855137195,0.3,-0.3995122882595963,-0.4919887959704556,0.31522136565411585
0.8416833667334669,5.535117905276799,0.9999957326092269,0.19628221756444383,-0.0072223597605341906,-0.041043802599522845,0.9543907282021008,-0.0007049532194210622,-0.41871877891531006,-0.14208864593370943,0.956498185251088,-9.4538816743689e-7,-0.5143789535594616,-0.2052152025803939,-0.1682032274937552,1.0507139812826363,-0.3801938124732142,0.3,-0.08650970451381641,0.5234989138279087,-0.16836705290890308,1.0507424010021527,0.3,-0.39952604483852294,-0.4920023416029544,0.3152227203006458
0.843687374749499,5.54830369260261,0.9999956375019053,0.19628457475739805,-0.00722537148970679,-0.041044295199940566,0.9543908033335571,-0.000704949750840344,-0.418733596299131,-0.14209115507461184,0.9564981398489396,-9.903644381956418e-7,-0.5143934817680937,-0.2052177347669319,-0.1682363743769906,1.050719561694095,-0.3802024008316946,0.3,-0.08653843369606043,0.5235116818067687,-0.16840318370220972,1.0507467047732673,0.3,-0.39954012662524846,-0.4920162052212545,0.31522401143198014
0.845691382765531,5.561489478740779,0.9999955524360759,0.19628694323384774,-0.00722844837292716,-0.04104478755403938,0.9543908634575391,-0.0007049465227232521,-0.41874873933289036,-0.14209366310359844,0.9564980762535592,-1.0358923000201648e-6,-0.5144083161118014,-0.2052202696584077,-0.16827010048419688,1.0507248909679612,-0.3802115264334062,0.3,-0.08656738147936646,0.5235242332355036,-0.16843970233050612,1.0507508032937662,0.3,-0.3995545108328459,-0.49203035218367364,0.3152252409881299
0.8476953907815631,5.574675263822349,0.9999954772036982,0.19628930823761778,-0.007231583787152585,-0.04104527973292783,0.9543909088376274,-0.000704943575639585,-0.4187641637932061,-0.1420961637228094,0.9564979964391487,-1.0818064536156608e-6,-0.5144234215432499,-0.20522279863082665,-0.16830437110707452,1.0507299779742176,-0.38022115347492363,0.3,-0.08659653797832985,0.5235365705953133,-0.16847660748880539,1.050754701897739,0.3,-0.39956915620505934,-0.4920447500161422,0.3152264105693217
0.8496993987975952,5.587861047975546,0.9999954115870765,0.19629166898553038,-0.007234770610190462,-0.04104577200131041,0.9543909397526625,-0.0007049414088967644,-0.4187798372737338,-0.14209865932514706,0.9564979004647973,-1.1283162044947155e-6,-0.5144387655052245,-0.20522532266143256,-0.1683391547443049,1.0507348307981446,-0.38023124614980863,0.3,-0.08662589364736784,0.5235486964450332,-0.16851386348777855,1.0507584048649918,0.3,-0.3995840318716508,-0.4920593675643923,0.31522752145949756
0.8517034068136272,5.601046831325686,0.9999953553617811,0.19629402518055547,-0.007238002357140205,-0.041046260398622775,0.9543909566004738,-0.0007049389335413597,-0.41879573952524374,-0.1421011335071351,0.9564977910795319,-1.1731826402401925e-6,-0.5144543206345836,-0.20522783325447563,-0.16837441691833407,1.0507394568514286,-0.38024177184787744,0.3,-0.08665543925083614,0.5235606133717334,-0.16855141884535105,1.0507619166718394,0.3,-0.3995991200408891,-0.4920741805285692,0.3152285750015518
0.8537074148296593,5.614232613995086,0.9999953082970271,0.19629637004652623,-0.007241272674457273,-0.0410467463502766,0.9543909597436235,-0.0007049367418117588,-0.41881182457027083,-0.14210358563410097,0.956497664493021,-1.2173832663458618e-6,-0.5144700464001928,-0.20523032641074657,-0.16841012142208484,1.0507438629668748,-0.38025269658658406,0.3,-0.08668516583878486,0.5235723239180405,-0.16858923442365673,1.0507652410925408,0.3,-0.39961437520174786,-0.4920891479894354,0.3152295723277622
0.8557114228456913,5.627418396102954,0.9999952701529485,0.19629869815091525,-0.007244574092686638,-0.04104722889395,0.9543909496191078,-0.0007049347716214087,-0.41882806403851014,-0.14210601622560806,0.956497523278825,-1.2609473549874864e-6,-0.5144859145167958,-0.2052328006151586,-0.16844623168094705,1.0507480553636954,-0.3802639875182145,0.3,-0.08671506472263608,0.5235838305991569,-0.1686272743884473,1.0507683815228244,0.3,-0.39962977140892597,-0.49210424420939936,0.3152305144568473
0.8577154308617234,5.640604177765299,0.9999952406843858,0.19630100917980417,-0.007247900386914828,-0.04104770757865733,0.9543909266574203,-0.0007049330040867951,-0.41884442657983806,-0.14210842335723098,0.9564973697188681,-1.303796127560998e-6,-0.5145018936249962,-0.20523525367679657,-0.1684827127622324,1.0507520397261456,-0.3802756123557233,0.3,-0.0867451274523109,0.5235951358728842,-0.16866551775118907,1.0507713407635157,0.3,-0.3996452797762803,-0.4921194403827568,0.3152314022290547
0.8597194388777555,5.653789959094868,0.9999952196408869,0.196303305602946,-0.007251246134708818,-0.04104818319938088,0.954390891132188,-0.0007049319534969196,-0.4188608844251431,-0.1421108118996111,0.9564971999171265,-1.3476702192221485e-6,-0.5145179551413978,-0.20523768771055534,-0.16851953075042364,1.0507558211129109,-0.38028753877690136,0.3,-0.08677534579313621,0.5236062422166051,-0.16870392422403588,1.0507741208992996,0.3,-0.39966087197215056,-0.492134706807113,0.31523223626978986
0.8617234468937875,5.666975740201078,0.9999952067690764,0.19630558727044461,-0.0072546062368485315,-0.04104865434778603,0.9543908434616082,-0.0007049314486146338,-0.41887741637397935,-0.14211316893432768,0.9564970153114882,-1.3895048242504563e-6,-0.5145340763074664,-0.20524009865470252,-0.16855665021411292,1.0507594040609076,-0.3802997373375672,0.3,-0.0868057117023326,0.5236171520757456,-0.16874245450724917,1.0507767241620498,0.3,-0.39967652886250143,-0.4921500230820379,0.3152330172486149
0.8637274549098196,5.680161521189989,0.9999952018132504,0.19630784505221924,-0.007257975207180078,-0.04104911840803617,0.9543907840777557,-0.0007049308026295576,-0.41889399950159856,-0.14211548987493064,0.9564968184619834,-1.429927732575347e-6,-0.5145502326807521,-0.20524247709645446,-0.16859403692681735,1.0507627926812801,-0.38031218035570863,0.3,-0.08683621731021987,0.5236278678134058,-0.16878109061993493,1.0507791525595482,0.3,-0.3996922296048103,-0.49216536701610275,0.31523374576786445
0.8657314629258517,5.6933473021642715,0.9999952045137612,0.19631007371534995,-0.007261347771955799,-0.041049575682283866,0.9543907134020211,-0.0007049302288268408,-0.4189105977839471,-0.1421177643942134,0.9564966063528633,-1.4687039359275352e-6,-0.5145663908385004,-0.2052448172698918,-0.1686316600623954,1.0507659906198639,-0.3803248395821158,0.3,-0.08686685490292269,0.5236383917659031,-0.16881981247903058,1.0507814072202668,0.3,-0.3997079386772142,-0.4921807051363958,0.31523442216608005
0.8677354709418837,5.706533083223129,0.9999952146054447,0.19631226128423707,-0.007264716287533545,-0.041050025257753114,0.9543906320231421,-0.0007049295603946441,-0.41892718218153535,-0.14212000019468918,0.95649638489723,-1.5074977192314728e-6,-0.5145825247436604,-0.20524711666869913,-0.16866948851110164,1.0507690010322819,-0.3803376878101666,0.3,-0.08689761690259425,0.5236487262849532,-0.16885857840653898,1.0507834890141967,0.3,-0.3997236306541162,-0.49219601523904033,0.315235046704259
0.8697394789579158,5.719718864462245,0.999995231818958,0.1963144290895662,-0.0072680769363687135,-0.04105046847129974,0.9543905402593432,-0.0007049296374269701,-0.4189437247776148,-0.1421221951415778,0.9564961456393939,-1.5421137752578825e-6,-0.5145986005824065,-0.20524938349634747,-0.16870748807511127,1.0507718266045047,-0.38035069573749963,0.3,-0.08692849584868732,0.5236588737161936,-0.16889733285659542,1.050785398225736,0.3,-0.3997392760065927,-0.4922112614905961,0.3152356194677208
0.8717434869739479,5.732904645973733,0.9999952558834555,0.19631655728091585,-0.007271423893382944,-0.04105090363993208,0.9543904386042019,-0.0007049296503690516,-0.4189602089442744,-0.1421243474503158,0.9564958966661752,-1.578423755904819e-6,-0.5146146062921901,-0.20525160867666598,-0.16874562119127515,1.0507744696444234,-0.3803638383449642,0.3,-0.08695948437983518,0.523668836319427,-0.16893603777634464,1.050787135848099,0.3,-0.3997548614550715,-0.49222643530894405,0.3152361407544297
0.8737474949899798,5.746090427846143,0.9999952865284615,0.1963186614117309,-0.007274754428771826,-0.04105132960927073,0.9543903272384928,-0.0007049295794935642,-0.4189766143434774,-0.14212645221911727,0.9564956318978922,-1.6093800352223507e-6,-0.5146305141544887,-0.20525379388416432,-0.16878385430428233,1.0507769321631328,-0.38037708951702065,0.3,-0.08699057522171094,0.5236786162284407,-0.16897469026538714,1.050788701982112,0.3,-0.39977036609249367,-0.4922415084987768,0.3152366105946336
0.8757515030060119,5.759276210164453,0.9999953234824897,0.19632072181404756,-0.007278062406832021,-0.041051749500673744,0.9543902067291706,-0.0007049303229728839,-0.41899290901768604,-0.14212851371140936,0.9564953536113633,-1.6423899157740222e-6,-0.5146463039812667,-0.20525593605984577,-0.1688221583413431,1.0507792157552458,-0.38039042512510246,0.3,-0.08702176117239371,0.5236882155752568,-0.16901327039269537,1.0507900962961099,0.3,-0.3997857593800031,-0.49225646140106327,0.3152370288888329
0.877755511022044,5.772461993010044,0.9999953664734853,0.19632275235085656,-0.00728134385475833,-0.041052158628719936,0.9543900776739567,-0.0007049308738001188,-0.4190090880929695,-0.1421305253517177,0.9564950644672793,-1.670276624856815e-6,-0.5146619580337183,-0.20525803453080227,-0.16886050458188603,1.0507813217036854,-0.38040382382771154,0.3,-0.08705303508698156,0.5236976364666767,-0.1690517506427927,1.0507913186422306,0.3,-0.3998010388198603,-0.4922712798906204,0.31523739559266917
0.879759519038076,5.785647776460734,0.9999954152304897,0.19632474303619926,-0.0072845960768546485,-0.0410525588541982,0.9543899403057527,-0.0007049316975352325,-0.41902512028749234,-0.1421324783666387,0.9564947598588195,-1.6942629270144823e-6,-0.5146774525677129,-0.20526008354514844,-0.16889886356650138,1.050783250953264,-0.38041726230888406,0.3,-0.08708438986573429,0.5237068810033836,-0.16909008737235806,1.0507923682360671,0.3,-0.3998161725302161,-0.4922859386339536,0.3152377104708201
0.8817635270541081,5.79883356059075,0.9999954694817292,0.19632668101664594,-0.0072878131868517465,-0.04105294916973265,0.9543897951792664,-0.0007049324578048497,-0.41904098707431425,-0.14213437791784422,0.9564944463507201,-1.7203932658477988e-6,-0.514692770502188,-0.2052620779840611,-0.1689372030661331,1.0507850041956386,-0.38043072017211005,0.3,-0.08711581844092342,0.5237159512193602,-0.16912824520754202,1.050793244826257,0.3,-0.39983114475170733,-0.49230042343071184,0.3152379734478771
0.8837675350701402,5.812019345470742,0.9999955289552541,0.1963285814961501,-0.007290992012333199,-0.041053328786076204,0.9543896427446542,-0.000704933299856524,-0.4190566697207464,-0.14213621985725686,0.9564941177978661,-1.741159342424086e-6,-0.5147078872646687,-0.20526402207248437,-0.1689754924440362,1.050786581903133,-0.3804441763427349,0.3,-0.08714731376849075,0.5237248490592625,-0.1691662065107226,1.0507939476553045,0.3,-0.3998459361428862,-0.49231470915545306,0.31523818429659134
0.8857715430861722,5.825205131167772,0.9999955933796937,0.19633043943938042,-0.007294129109902803,-0.04105369809154971,0.9543894833623704,-0.0007049342966342708,-0.41907214897711637,-0.14213800064259566,0.956493775932534,-1.756112424436409e-6,-0.5147227863204497,-0.20526591395454033,-0.16901370343235345,1.050787984292216,-0.38045761032109754,0.3,-0.08717886881821998,0.5237335764268164,-0.16920395143971312,1.050794475605785,0.3,-0.39986052916659964,-0.49232878097613997,0.3152383426817355
0.8877755511022043,5.838390917745337,0.9999956624851787,0.1963322542116619,-0.00729722006688115,-0.04105405745966426,0.9543893175960444,-0.0007049356518228153,-0.41908740900164737,-0.14213972973660147,0.9564934200020394,-1.77054542482272e-6,-0.5147374513782288,-0.20526775495582367,-0.16905180822944377,1.0507892113320847,-0.38047100339805523,0.3,-0.08721047656343141,0.52374213520291,-0.1692414498287544,1.0507948276136778,0.3,-0.3998749076551645,-0.49234262183601113,0.31523844828410336
0.8897795591182364,5.851576705263396,0.9999957360109185,0.1963340473242361,-0.007300276814443727,-0.04105440738153406,0.9543891459025821,-0.0007049372578528247,-0.4191025252651058,-0.14214149120093908,0.9564931658868775,-1.7436083806093602e-6,-0.514751959082523,-0.205269607597863,-0.16908977846650847,1.0507902627994854,-0.38048434056319136,0.3,-0.08724212997216568,0.523750527219587,-0.16927867233719343,1.0507950031667972,0.3,-0.3998891977318887,-0.4923563730795068,0.31523850095003914
0.8917835671342684,5.864762493778422,0.9999958137117707,0.19633582707483074,-0.007303331495988979,-0.041054756804388345,0.9543889697177714,-0.0007049403455349612,-0.41911769016246525,-0.1421435279735096,0.9564933565615525,-1.57027201343679e-6,-0.514766549300526,-0.20527163763900685,-0.16912758624355603,1.050791138363346,-0.38049761550827693,0.3,-0.08727382200018179,0.5237587542153439,-0.1693156092700297,1.0507950032263433,0.3,-0.39990374095005793,-0.4923704622537603,0.315238500967903
0.8937875751503005,5.877948283343384,0.9999958952988329,0.19633757940497887,-0.007306329927594474,-0.04105509287058672,0.9543887883455169,-0.0007049434207171981,-0.41913257531544834,-0.14214549561738374,0.9564935087383977,-1.400827514202256e-6,-0.514780856857542,-0.20527360632139152,-0.16916520623114276,1.050791837455818,-0.38051079859167697,0.3,-0.08730554558592997,0.5237668179259558,-0.1693522325572174,1.050794823901385,0.3,-0.39991800118063825,-0.49238426045411354,0.31523844717041544
0.8957915831663326,5.891134074007826,0.9999959805143915,0.1963392600878006,-0.007309268236824447,-0.041055417878460294,0.9543886022446678,-0.0007049463195353589,-0.4191471528149956,-0.14214739062422502,0.9564936424268627,-1.2418520234525532e-6,-0.5147948749321075,-0.20527549960552416,-0.1692026142395609,1.0507923594554476,-0.3805238749864214,0.3,-0.08733729364424112,0.5237747200086841,-0.16938852870667437,1.0507944639260736,0.3,-0.39993195930096836,-0.4923977701046982,0.31523833917782207
0.8977955911823646,5.904319865817908,0.9999960691012512,0.19634088107586273,-0.007312144388349428,-0.041055731868371165,0.9543884116941539,-0.0007049492798090547,-0.4191614092142337,-0.14214921289046561,0.956493750876469,-1.0914087285530451e-6,-0.5148085849294403,-0.2052773214747056,-0.16923978670172982,1.0507927035695865,-0.3805368288914447,0.3,-0.08736905906197191,0.523782462121893,-0.16942446512412562,1.0507939216373041,0.3,-0.3999455999505981,-0.49241097034110715,0.31523817649119124
0.8997995991983967,5.917505658816411,0.9999961608050478,0.19634244063204603,-0.007314954550548767,-0.04105603582651229,0.9543882172514124,-0.0007049526617494892,-0.41917533260749984,-0.1421509720503167,0.9564938388968588,-9.502207462425812e-7,-0.5148219767426612,-0.20527907641290208,-0.16927669741564777,1.0507928688928685,-0.38054964636291105,0.3,-0.0874008346914205,0.5237900458855258,-0.16946000619747295,1.0507931958443997,0.3,-0.39995891369020514,-0.49242385382262016,0.3152379587533199
0.9018036072144288,5.930691453042787,0.999996255375341,0.19634395237104663,-0.007317698734144755,-0.04105632866627611,0.9543880191526242,-0.000704956266644272,-0.4191889198950694,-0.14215266204123642,0.9564939020414456,-8.150986915594054e-7,-0.5148350418702812,-0.2052807661660176,-0.16931332020223483,1.0507928544689231,-0.3805623136648625,0.3,-0.08743261334763736,0.5237974728327467,-0.1694951340041316,1.0507922853277962,0.3,-0.39997189616508405,-0.4924364107820923,0.31523768559833887
0.9038076152304608,5.943877248533223,0.9999963525675134,0.19634541178651782,-0.00732037518428508,-0.04105660909420472,0.9543878177805363,-0.0007049596149710083,-0.41920216713904795,-0.14215427752383697,0.9564939411840767,-6.846623306866183e-7,-0.5148477757758925,-0.20528238643274133,-0.1693496316680708,1.0507926592983967,-0.38057481975123253,0.3,-0.08746438780637272,0.5238047444224777,-0.1695298436451268,1.0507911890732817,0.3,-0.3999845441942931,-0.4924486376126221,0.3152373567219845
0.9058116232464929,5.957063045320721,0.9999964521424163,0.19634680268887317,-0.007322980667852216,-0.04105688077063992,0.9543876135585613,-0.0007049637756231567,-0.41921505381977736,-0.14215583117416328,0.9564939635243631,-5.659637348444535e-7,-0.5148601679340092,-0.20528393818107693,-0.1693856125167778,1.0507922823536449,-0.3805871527475001,0.3,-0.08749615080304785,0.5238118620706995,-0.16956413195717027,1.0507899055161405,0.3,-0.3999968402336832,-0.49246052650475536,0.31523697165484216
0.907815631262525,5.970248843435142,0.9999965538636159,0.19634814817911486,-0.0073255153316273075,-0.041057138044041576,0.9543874069027426,-0.0007049673272239618,-0.41922758945296684,-0.14215730736709392,0.956493962293358,-4.498838687375095e-7,-0.5148722130933724,-0.20528542001194627,-0.16942124386978516,1.050791722532817,-0.38059930418381643,0.3,-0.08752789502989701,0.5238188272060309,-0.16959797422713993,1.0507884336385032,0.3,-0.4000087918253,-0.492472070821831,0.31523653009155095
0.909819639278557,5.983434642903276,0.9999966575012984,0.19634941749763313,-0.00732797586534386,-0.04105738661463816,0.9543871982183534,-0.0007049715690836036,-0.4192397463913879,-0.1421587176114779,0.9564939487474434,-3.445161705494266e-7,-0.5148838998168591,-0.2052868297470347,-0.16945650597961434,1.0507909787412202,-0.38061126315180704,0.3,-0.08755961313547538,0.5238256412222014,-0.16963134442561123,1.0507867720483617,0.3,-0.40002037619206204,-0.4924832637576782,0.31523603161450847
0.9118236472945891,5.99662044374889,0.9999967628265146,0.19635065038275895,-0.007330363323186425,-0.04105762197359005,0.9543869876474788,-0.0007049758696991118,-0.4192515352762614,-0.1421600589690196,0.9564939065493286,-2.4296046656563505e-7,-0.5148952224940629,-0.2052881761277867,-0.16949137687729737,1.0507900498378842,-0.38062302003107235,0.3,-0.08759129772334505,0.5238323054933219,-0.1696642086076544,1.0507849197534944,0.3,-0.40003159760293283,-0.49249409295002095,0.31523547592604834
0.9138276553106212,6.009806245992786,0.9999968696193844,0.19635181559292045,-0.007332674081792374,-0.04105784419316259,0.9543867758261438,-0.000704979549261344,-0.41926294841632994,-0.14216132464535883,0.9564938509670446,-1.4766747301753722e-7,-0.5149061817866951,-0.2052894474381542,-0.16952583493040504,1.0507889347882553,-0.3806345691320376,0.3,-0.08762294135282292,0.5238388212751305,-0.16969656693759727,1.050782876553029,0.3,-0.4000424547952309,-0.4925045663893192,0.3152348629659087
0.9158316633266532,6.022992049652897,0.9999969776635734,0.19635291261403218,-0.007334907683544879,-0.041058058032721806,0.954386562936768,-0.0007049841120562387,-0.4192739634499308,-0.1421625272146706,0.956493782519087,-6.268140964527313e-8,-0.5149167608622235,-0.2052906507615099,-0.16955986511096363,1.0507876326232857,-0.380645899913226,0.3,-0.08765453654414813,0.5238451897634643,-0.16972843157007927,1.0507806408013414,0.3,-0.40005292609819076,-0.49251466741167693,0.3152341922404024
0.9178356713426853,6.036177854744311,0.9999970867447472,0.19635396896180393,-0.007337063282203901,-0.04105825799838191,0.954386349451842,-0.0007049882968034864,-0.41928459806425644,-0.1421636619412894,0.9564936912337902,2.102597763143805e-8,-0.5149269645925966,-0.20529179165734524,-0.16959345207867865,1.0507861422560454,-0.3806570070012098,0.3,-0.08768607577577739,0.5238514122400534,-0.16975976480461497,1.0507782117754623,0.3,-0.4000630254643344,-0.4925243973954445,0.31523346353263865
0.9198396793587174,6.049363661279361,0.9999971966591477,0.19635496086306753,-0.007339141526953663,-0.04105844760392637,0.9543861355175063,-0.0007049924898507567,-0.41929483790146765,-0.14216472528217688,0.9564935886339979,1.0117585191023858e-7,-0.5149367874065303,-0.20529286215246242,-0.16962657772087333,1.050784462727871,-0.38066788316296607,0.3,-0.08771755148504713,0.5238574899143575,-0.16979054631113033,1.0507755887644126,0.3,-0.4000727437326956,-0.4925337564768144,0.31523267662932375
0.9218436873747494,6.062549469267709,0.9999973072056028,0.19635589772995607,-0.00734114035328105,-0.0410586275278584,0.9543859214501492,-0.0007049972450765075,-0.4193046806184771,-0.14216572972405123,0.9564934690910418,1.6983268677439403e-7,-0.5149462266379675,-0.20529387085066672,-0.16965922389568508,1.050782593118155,-0.3806785221877446,0.3,-0.08774895607175108,0.5238634239578233,-0.16982075848170525,1.050772771288932,0.3,-0.40008207516578365,-0.49254273757790107,0.3152318313866796
0.9238476953907815,6.0757352787164125,0.9999974181904214,0.19635678783740249,-0.007343060252218422,-0.04105879416845971,0.954385707773093,-0.0007050014825911669,-0.4193141365279195,-0.14216666451629936,0.9564933333511142,2.4033306694667985e-7,-0.5149552858656851,-0.20529481500233313,-0.16969137442145663,1.0507805326475992,-0.38068892167530727,0.3,-0.08778028190101439,0.5238692154533684,-0.1698504095343455,1.0507697595364152,0.3,-0.40009103180822514,-0.4925513472435775,0.31523092786092455
0.9258517034068136,6.088921089630025,0.9999975294271956,0.1963576105620422,-0.007344901222305227,-0.04105895243730335,0.9543854944504241,-0.0007050063062386122,-0.4193231895032889,-0.14216753794501646,0.9564931883192791,2.9884467172099206e-7,-0.5149639589975743,-0.20529569313745014,-0.16972301900190598,1.0507782806357033,-0.380699074875129,0.3,-0.08781152130974608,0.5238748654599215,-0.16987950768321597,1.0507665524511924,0.3,-0.4000995992197185,-0.49255958036263237,0.3152299657353577
0.9278557114228456,6.102106902010664,0.9999976407325994,0.19635839475484873,-0.007346662652970056,-0.04105909553427401,0.9543852821450808,-0.0007050100809220694,-0.4193318563972868,-0.14216834152812788,0.9564930220683304,3.5947536908262306e-7,-0.5149722502928952,-0.20529650781241013,-0.1697541460706459,1.0507758363915058,-0.3807089816858396,0.3,-0.08784266660641077,0.5238803751041661,-0.16990802307662053,1.050763150364237,0.3,-0.40010779046536876,-0.49256743776301787,0.3152289451092711
0.9298597194388777,6.11529271585809,0.9999977519324041,0.19635910947558158,-0.007348344375599596,-0.0410592298901971,0.9543850708948487,-0.0007050140186503638,-0.4193401170219275,-0.14216908044483842,0.9564928491260606,4.120337681228603e-7,-0.5149801510684476,-0.20529725478043911,-0.1697847428286536,1.0507731994066145,-0.38071863654092253,0.3,-0.08787371007610258,0.5238857454526139,-0.16993594202845325,1.0507595528579348,0.3,-0.4001155909557286,-0.49257491652823004,0.31522786585738044
0.9318637274549098,6.128478531169771,0.9999978628538359,0.19635977268756413,-0.007349945971518499,-0.041059355781633076,0.9543848609693139,-0.0007050186370973963,-0.41934797631406145,-0.14216976543558746,0.9564926651248536,4.5745882663243694e-7,-0.5149876632283888,-0.2052979462268849,-0.16981479478890485,1.0507703692153987,-0.38072803560351287,0.3,-0.08790464398396482,0.5238909775738962,-0.16996324061677592,1.0507557600426503,0.3,-0.4001230036789512,-0.49258201642309984,0.31522672801279505
0.9338677354709418,6.141664347940949,0.9999979733323415,0.19636039813040976,-0.007351469190780349,-0.04105946905909361,0.9543846525699082,-0.0007050226660446639,-0.4193554500247306,-0.14217038857296208,0.9564924637446377,5.043179522480161e-7,-0.5149947966437616,-0.20529858033616327,-0.1698442874395568,1.0507673455046846,-0.38073717840373267,0.3,-0.08793546057923059,0.5238960724636974,-0.16998991669457936,1.0507517728025897,0.3,-0.40013004221371296,-0.49258874539321984,0.3152255318407769
0.9358717434869739,6.15485016616477,0.9999980832134852,0.19636095942257253,-0.007352913276388777,-0.04105957524615895,0.9543844460851699,-0.0007050273550051697,-0.4193625270618791,-0.14217095499269983,0.9564922585509512,5.417611992589839e-7,-0.5150015485902779,-0.20529915428599418,-0.1698732120468017,1.050764128184299,-0.38074606342526973,0.3,-0.08796615210339047,0.5239010310298122,-0.1700159987699186,1.050747591512641,0.3,-0.40013670013602193,-0.4925951055914684,0.3152242774537923
0.937875751503006,6.1680359858323515,0.9999981923449274,0.19636148814067225,-0.007354280039182043,-0.04105966850500742,0.9543842416810618,-0.0007050314802829165,-0.41936922197719634,-0.14217146198265368,0.9564920328856105,5.802117932157578e-7,-0.5150079253310547,-0.20529967320562312,-0.169901563670974,1.0507607171925324,-0.38075469091974445,0.3,-0.08799671079513244,0.5239058542560622,-0.170041478159558,1.0507432166028015,0.3,-0.400142985803464,-0.4926010965693927,0.3152229649808404
0.939879759519038,6.181221806932879,0.99999830058493,0.19636195339830334,-0.007355568674814497,-0.04105975355010632,0.9543840396701122,-0.0007050358649936385,-0.41937552816163703,-0.14217191133656093,0.9564918043722714,6.109277084428073e-7,-0.5150139268858611,-0.20530013162553865,-0.169929335238479,1.050757112621308,-0.38076306054119036,0.3,-0.08802712889345196,0.523910543139178,-0.17006633582111128,1.050738648744238,0.3,-0.40014889906768886,-0.49260672562744534,0.31522159462327143
0.9418837675350701,6.1944076294536785,0.9999984077939231,0.19636237640932244,-0.007356781590995133,-0.041059828346927826,0.9543838400282323,-0.0007050401637915084,-0.4193814510039913,-0.1421723025712974,0.9564915623359367,6.410938674926376e-7,-0.5150195543628826,-0.20530053426353329,-0.16995651670322331,1.0507533146787227,-0.3807711714141756,0.3,-0.08805739864334544,0.5239150986782228,-0.17009054644611143,1.05073388889564,0.3,-0.40015444160598784,-0.49261198980302495,0.31522016666869196
0.9438877755511021,6.207593453380284,0.9999985138400114,0.19636274762972453,-0.007357917094890215,-0.04105989478942,0.954383643142205,-0.0007050448697022736,-0.4193869931003829,-0.14217264271713745,0.9564913138811761,6.641524934547283e-7,-0.5150248134998506,-0.20530088407950714,-0.16998309711873882,1.050749323768495,-0.3807790244472288,0.3,-0.0880875123017689,0.523919521802543,-0.1701141093388142,1.050728938610593,0.3,-0.4001596179279814,-0.4926168968969739,0.31521868158317784
0.9458917835671342,6.220779278696532,0.9999986185970429,0.19636308081616557,-0.0073589779070243585,-0.04105994976184554,0.9543834492364468,-0.0007050490525574908,-0.41939216399920354,-0.14217292676230128,0.9564910520926831,6.894512608434534e-7,-0.5150297097363896,-0.20530118014083976,-0.17000906996259793,1.050745140503466,-0.38078662165410015,0.3,-0.08811746214614397,0.5239238133768788,-0.1701370477245564,1.0507237994505916,0.3,-0.4001644355626885,-0.492621450469906,0.31521713983517746
0.9478957915831663,6.233965105384644,0.9999987219463484,0.19636335760573126,-0.00735996393090213,-0.0410599965978034,0.9543832583465435,-0.0007050531516716986,-0.41939696039383983,-0.1421731559286501,0.9564907866166381,7.05236899454881e-7,-0.5150342431445606,-0.20530142048118416,-0.17003443370568544,1.0507407656260972,-0.38079396318651354,0.3,-0.08814724048157455,0.5239279742947305,-0.17015937133185857,1.0507184723248775,0.3,-0.40016889373421505,-0.49262565314598283,0.31521554169746324
0.9498997995991983,6.2471509334253,0.9999988237724956,0.1963635996357633,-0.00736087616895292,-0.04106003428522289,0.9543830708171611,-0.0007050572746232803,-0.41940138889322076,-0.14217333749784178,0.9564905075642108,7.248661966686718e-7,-0.5150384185967032,-0.2053016139215488,-0.17005918469968287,1.0507361999215097,-0.3808010509268761,0.3,-0.0881768396436597,0.5239320055449559,-0.17018104815015578,1.050712958734306,0.3,-0.4001729964777539,-0.4926295072348292,0.3152138876202918
0.9519038076152304,6.260336762797708,0.9999989239680457,0.19636379554310948,-0.0073617155652208,-0.04106006529172998,0.9543828866486637,-0.0007050618060419417,-0.41940545482682173,-0.1421734732554913,0.9564902240753111,7.357663010828772e-7,-0.5150422429879213,-0.20530176099943434,-0.17008331461472315,1.0507314443722398,-0.3808078857221058,0.3,-0.08820625200304186,0.5239359080808268,-0.17020205918568873,1.0507072605905756,0.3,-0.40017675091198496,-0.492633021457885,0.3152121781771727
0.9539078156312625,6.2735225934797,0.9999990224317777,0.19636395891505376,-0.007362484247772373,-0.041060086852383236,0.9543827060608022,-0.0007050661272893303,-0.4194091712389869,-0.14217356372937676,0.9564899299751352,7.467634749128742e-7,-0.5150457273386858,-0.20530186411852125,-0.1701068158977906,1.050726500186256,-0.3808144712773532,0.3,-0.0882354699739305,0.5239396827744065,-0.17022241824371134,1.0507013804773664,0.3,-0.4001801681236181,-0.4926362049881056,0.3152104141432099
0.9559118236472945,6.286708425447826,0.9999991190712599,0.19636407446616622,-0.007363183985581114,-0.041060100022516234,0.9543825290900966,-0.0007050699358683565,-0.41941254364505204,-0.14217360255693395,0.9564896320946029,7.578626218125517e-7,-0.5150488767622723,-0.20530191507925444,-0.1701296875993597,1.050721368793954,-0.38082081094807035,0.3,-0.08826448602383821,0.5239433304512736,-0.17024215957797584,1.050695320534494,0.3,-0.4001832562398224,-0.49263906623573195,0.3152085961603482
0.9579158316633266,6.299894258677455,0.9999992137974046,0.1963641545899572,-0.007363814735512386,-0.0410601045788814,0.9543823560030468,-0.0007050735173306224,-0.4194155716227529,-0.14217359721613043,0.9564893230364421,7.642842239564673e-7,-0.5150516928550084,-0.20530192239789544,-0.17015193278581853,1.0507160517182659,-0.38082690797950175,0.3,-0.08829329267990624,0.5239468520210224,-0.17026128435161483,1.050689082644878,0.3,-0.40018601106610163,-0.49264160193668094,0.3152067247934634
0.9599198396793587,6.313080093142806,0.9999993065270962,0.19636419017802148,-0.007364377785288841,-0.041060102227460045,0.9543821868660562,-0.0007050769225317959,-0.41941826307520025,-0.14217354598254708,0.9564890108485061,7.689573540636369e-7,-0.5150541823174074,-0.20530188368363056,-0.17017355044787658,1.050710550574374,-0.3808327652752876,0.3,-0.08832188253182148,0.5239502484760753,-0.17027976065698053,1.050682669109728,0.3,-0.4001884439230992,-0.4926438232465564,0.3152048007329184
0.9619238476953907,6.326265928817041,0.99999939718193,0.19636419196498964,-0.007364874466130209,-0.04106009340696941,0.9543820218489937,-0.000705080441287595,-0.41942062280400916,-0.1421734563585605,0.9564886920032826,7.708502934280649e-7,-0.5150563500730465,-0.2053018065149972,-0.17019453470645865,1.0507048671781263,-0.3808383859142819,0.3,-0.08835024823768929,0.5239535207737738,-0.1702975722405691,1.050676082887174,0.3,-0.4001905577468282,-0.49264573284631086,0.3152028248661522
0.9639278557114228,6.339451765672326,0.9999994856901165,0.19636416087600136,-0.007365306252620696,-0.041060078582485796,0.9543818610576058,-0.0007050840920608553,-0.4194226625736241,-0.1421733311898633,0.9564883684640973,7.691533653482345e-7,-0.5150582076368962,-0.20530169400962683,-0.1702148810765757,1.0506990035694352,-0.380843773714311,0.3,-0.08837838253294353,0.5239566697948062,-0.1703147369187928,1.0506693271505196,0.3,-0.40019236444509965,-0.49264734259514603,0.3152007981451559
0.9659318637274549,6.35263760367993,0.999999571986932,0.19636410578075297,-0.00736567664786863,-0.04106005647072855,0.9543817044053402,-0.0007050875650977444,-0.41942439347215016,-0.14217317098882393,0.9564880339598897,7.696147409326368e-7,-0.5150597661382086,-0.20530154632475592,-0.17023459101877575,1.050692961973038,-0.3808489328757456,0.3,-0.08840627823885779,0.5239596963987637,-0.1703312850682296,1.050662404794,0.3,-0.4001938727636218,-0.4926486610884721,0.3151987214382
0.9679358717434869,6.365823442810318,0.9999996560156876,0.1963640103543794,-0.0073659857422622,-0.04106002883781358,0.9543815521433586,-0.0007050910336485615,-0.41942582376094845,-0.142172971391912,0.9564876996345216,7.635510917155809e-7,-0.5150610332355936,-0.2053013596535623,-0.17025366961262306,1.0506867447561716,-0.3808538693755072,0.3,-0.08843392826848635,0.5239626014972087,-0.17034723012536013,1.0506553188834078,0.3,-0.4001950940155916,-0.4926496996089701,0.31519659566502234
0.969939879759519,6.379009283033236,0.999999737723021,0.19636388669758886,-0.007366236155191286,-0.04105999447770973,0.954381404318293,-0.0007050943337760724,-0.4194269585843645,-0.14217273625289623,0.9564873572763664,7.581711453118745e-7,-0.5150620143703025,-0.20530113729589072,-0.17027212093593325,1.0506803543972332,-0.380858588063598,0.3,-0.08846132563224532,0.523965386082919,-0.1703625567153657,1.0506480724973852,0.3,-0.4001960306754842,-0.4926504606118909,0.3151944217492156
0.9719438877755511,6.392195124317763,0.9999998170612089,0.19636373177290897,-0.007366429918618274,-0.04105995481270082,0.9543812607322069,-0.0007050978335061888,-0.41942780574102567,-0.14217246703615405,0.956487009574407,7.525028506479912e-7,-0.5150627171733488,-0.2053008796613382,-0.17028994450715254,1.050673793519539,-0.3808630925370528,0.3,-0.08848846344274228,0.5239680511748976,-0.1703772424646191,1.0506406690364904,0.3,-0.4001966911577163,-0.49265095258190217,0.3151922007109471
0.9739478957915831,6.405380966632376,0.999999893987269,0.19636354884115273,-0.007366566306975621,-0.041059907400488024,0.9543811218398472,-0.0007051008223751448,-0.4194283748607502,-0.1421721625637631,0.9564866557667568,7.451095489031058e-7,-0.5150631523837719,-0.20530058801763745,-0.17030713796641853,1.0506670649811025,-0.38086739046836704,0.3,-0.08851533492158765,0.5239705977225653,-0.1703912989308407,1.0506331130470234,0.3,-0.4001970841108486,-0.49265118510366596,0.31518993391410705
0.9759519038076151,6.418566809945025,0.9999999684639492,0.19636332924214792,-0.007366647599486523,-0.041059855724262705,0.9543809876600763,-0.0007051038910745968,-0.41942866797686035,-0.1421718237797062,0.9564863023322273,7.333769729642743e-7,-0.5150633192442075,-0.2053002621407161,-0.17032370589441584,1.050660171890108,-0.38087148575602986,0.3,-0.0885419334109218,0.5239730266136347,-0.170404770040992,1.0506254079746782,0.3,-0.400197213815872,-0.4926511602533403,0.31518762239240344
0.9779559118236472,6.431752654223182,1.000000040455188,0.1963630911269607,-0.007366676602947287,-0.04105979917760193,0.9543808579762494,-0.0007051071437186055,-0.4194286930610279,-0.1421714610166497,0.9564859409382285,7.240339687586103e-7,-0.515063228136628,-0.20529991080782203,-0.17033965582200075,1.0506531173425548,-0.3808753815237901,0.3,-0.0885682523777177,0.5239753388771435,-0.17041764721316802,1.0506175568870266,0.3,-0.4001970853114834,-0.49265088505105326,0.315185267066108
0.9799599198396792,6.444938499433884,1.0000001099333162,0.19636282808870348,-0.0073666543700145245,-0.04105973777408437,0.9543807329316591,-0.0007051102775884571,-0.4194284669235535,-0.142171071463859,0.9564855772743852,7.125896165323715e-7,-0.5150628937701911,-0.20529953315070232,-0.17035498937348895,1.0506459045520185,-0.38087908429778966,0.3,-0.08859428541421467,0.523977535590801,-0.17042990744149328,1.0506095641491475,0.3,-0.40019671635817966,-0.4926503755747122,0.31518286924474426
0.9819639278557113,6.458124345543851,1.000000176876024,0.19636254093434785,-0.007366582910588527,-0.04105967268928629,0.9543806123908544,-0.0007051135554020296,-0.41942799545745896,-0.14217065596523704,0.9564852103421334,6.970863105730335e-7,-0.5150623235740682,-0.20529913045787412,-0.1703697067274709,1.0506385369437359,-0.38088259898704874,0.3,-0.08862002624613612,0.5239796177773219,-0.17044155688062623,1.0506014341409895,0.3,-0.40019611186976983,-0.49264963801426404,0.31518043024229686
0.9839679358717434,6.471310192519537,1.0000002412654478,0.19636223977283954,-0.007366464205204311,-0.04105960108264356,0.9543804966777013,-0.0007051162952097783,-0.4194272888022691,-0.14217021762785756,0.956484833973246,6.864941500805993e-7,-0.5150615288346613,-0.20529870358651275,-0.17038381188675844,1.0506310181618916,-0.3808859336255931,0.3,-0.08864546874055457,0.5239815864032168,-0.17045263276831102,1.0505931716885182,0.3,-0.4001952801860479,-0.4926486818297863,0.3151779515065554
0.9859719438877754,6.4844960403271985,1.0000003030896722,0.19636190797804845,-0.00736630038949894,-0.04105952622744225,0.9543803855880061,-0.0007051189494155284,-0.4194263544641952,-0.14216975073748972,0.9564844588023576,6.718217015466811e-7,-0.5150605134611209,-0.20529824842262984,-0.17039731529518007,1.0506233519831178,-0.38088909266485066,0.3,-0.08867060691412286,0.5239834424784104,-0.17046316291233937,1.0505847805118744,0.3,-0.40019423164563594,-0.4926475143921432,0.3151754341535623
0.9879759519038075,6.497681888932943,1.0000003623382525,0.19636155262234478,-0.007366091611160041,-0.04105944784352478,0.9543802793186866,-0.0007051214760194325,-0.41942519896308883,-0.14216926062281665,0.9564840824724454,6.554563456060745e-7,-0.5150592854271713,-0.20529777021109707,-0.17041022534574762,1.0506155421880619,-0.3808920824210753,0.3,-0.08869543493457249,0.5239851871527144,-0.1704731249675262,1.0505762649098564,0.3,-0.4001929718008206,-0.4926461426044475,0.3151728794729569
0.9899799599198396,6.510867738302773,1.0000004190048772,0.19636118554626544,-0.0073658418652563385,-0.04105936595101771,0.9543801775398009,-0.000705124012344753,-0.4194238297690646,-0.1421687544309344,0.956483698702171,6.410107857361679e-7,-0.5150578526686086,-0.2052972744971612,-0.1704225445415699,1.0506075926929614,-0.38089490667286946,0.3,-0.08871994712392152,0.5239868215914362,-0.170482497365451,1.050567629363483,0.3,-0.40019150563447664,-0.49264457156383584,0.31517028880904485
0.9919839679358716,6.524053588402634,1.000000473088946,0.19636080095405306,-0.00736555135657998,-0.04105928113895284,0.9543800804181959,-0.0007051265442298079,-0.4194222613148597,-0.1421682301422941,0.9564833139810336,6.244523887922509e-7,-0.5150562290400353,-0.2052967611588145,-0.17043427331537275,1.050599507596761,-0.38089757239902616,0.3,-0.08874413796413858,0.5239883468950329,-0.17049129281893796,1.0505588792987697,0.3,-0.40018984904240573,-0.4926428170368402,0.3151676637896309
0.9939879759519037,6.537239439198503,1.0000005245947203,0.19636039863056765,-0.007365222364666246,-0.04105919311328502,0.9543799880186291,-0.0007051288066366291,-0.41942050284649424,-0.14216768783766398,0.9564829280573811,6.081353684816295e-7,-0.5150544230573979,-0.2052962291036344,-0.17044541872282032,1.0505912912135231,-0.3809000863870028,0.3,-0.08876800210626257,0.5239897640947007,-0.17049956198996546,1.0505500197042659,0.3,-0.40018801105874763,-0.492640887522743,0.31516500591127977
0.9959919839679358,6.550425290656439,1.0000005735298731,0.19635997926464857,-0.007364856574231878,-0.04105910379987785,0.9543799002902438,-0.0007051313341499386,-0.4194185601728564,-0.1421671299006515,0.9564825421302654,5.883609763938269e-7,-0.5150524400489715,-0.20529568201602347,-0.17045599410424817,1.050582947903058,-0.380902453824621,0.3,-0.08879153437583212,0.5239910743159073,-0.17050732630040927,1.050541054778422,0.3,-0.40018599718913245,-0.49263878797640437,0.3151623164335266
0.9979959919839678,6.563611142742613,1.0000006199045344,0.1963595573526046,-0.007364456999298288,-0.04105901001726671,0.9543798171593214,-0.0007051334902892054,-0.4194164434589881,-0.14216656198292443,0.9564821458419683,5.733665781442477e-7,-0.5150502949217839,-0.2052951233615523,-0.1704660091503205,1.0505744820238385,-0.38090468122260157,0.3,-0.08881472977269672,0.5239922788195017,-0.17051455956989642,1.0505319893309282,0.3,-0.4001838139326655,-0.4926365290126889,0.31515959679927846
1.0,6.576796995422088,1.0000006628651494,0.1963558895009744,-0.007362447758008813,-0.041058785934784216,0.9543797131267914,-0.0007051659603594973,-0.4194028016545755,-0.14216204219992146,0.9564772115449689,-3.5447083464384693e-7,-0.5150431682592735,-0.20529119490620304,-0.17047546247802045,1.0505658960307365,-0.38090628809139576,0.3,-0.08883758346965935,0.5239933799482464,-0.17052077801946902,1.0505227357986655,0.3,-0.4001686280670275,-0.49262698063217497,0.31515682073959966
