time,z_cc_d,z_cc_q,theta_pll,gamma_pll,i_vsc_d,i_vsc_q,v_sh_d,v_sh_q,i_bus_d,i_bus_q,i_L_f,v_dc_f,i_dc_f,i_load_f,x_1,x_2,i_L,v_dc,i_load
0.0,0.22470868589289822,0.016352134589081413,-0.000979603746903796,0.0,-0.3953043949435131,0.06488719459059546,0.9826846255253947,-0.09973092667208823,-0.5001550986564104,0.010003101973128216,0.26174313640827224,1.05,-0.3753604112341561,0.5,0.13710354764242827,0.5238095238095238,0.26174313640827224,1.05,0.5
0.002004008016032064,0.22470868589298523,0.016352134589115053,0.7545136192280729,-7.895699313443996e-9,-0.3953043967530049,0.06488719430142872,0.9826846303862926,-0.09973092897653171,-0.5001551003620115,0.010003101982257715,0.2617431363895897,1.0500000000007035,-0.37536041123622277,0.5,0.13710354764240895,0.5238095238092348,0.2617431362776621,1.04999999999954,0.5
0.004008016032064128,0.22470868589294618,0.0163521345895788,1.5100068425838604,-6.348839546152484e-9,-0.39530439628769387,0.06488719424205092,0.9826846293587155,-0.09973092565545472,-0.500155099811493,0.010003101816752366,0.2617431363792022,1.050000000000573,-0.3753604112368837,0.5,0.13710354764238186,0.5238095238095661,0.26174313640752184,1.0499999999984295,0.5
0.0060120240480961915,0.22470868589282517,0.016352134589966167,2.2655000659336118,-5.025125049837911e-9,-0.3953043956202182,0.06488719433936262,0.9826846269352656,-0.0997309264031223,-0.5001550995827412,0.010003101630464506,0.26174313640155067,1.0500000000001866,-0.3753604112386292,0.5,0.13710354764236704,0.5238095238099596,0.26174313657097625,1.050000000000211,0.5
0.008016032064128256,0.22470868589279233,0.016352134590450394,3.020993289277834,-3.901062478245543e-9,-0.3953043955612891,0.06488719444911371,0.9826846264965885,-0.09973092674462862,-0.500155098842259,0.010003101386919124,0.2617431364362119,1.049999999999922,-0.3753604112220493,0.5,0.13710354764236587,0.5238095238099584,0.26174313657890397,1.0499999999999714,0.5
0.01002004008016032,0.22470868589271828,0.016352134590997814,3.7764865126180736,-2.9289043869825204e-9,-0.395304395215449,0.06488719407547092,0.9826846255802992,-0.09973092656745491,-0.5001550983103833,0.01000310158272975,0.2617431364503374,1.0499999999998013,-0.3753604112121296,0.5,0.13710354764237093,0.5238095238096222,0.2617431364505238,1.0499999999994292,0.5
0.012024048096192383,0.22470868589264242,0.016352134591546684,4.531979735953796,-2.114205161828439e-9,-0.39530439466066536,0.06488719405231211,0.982684624764439,-0.09973092647330796,-0.5001550979872882,0.010003101546957117,0.26174313644226865,1.0499999999993919,-0.37536041120244995,0.5,0.13710354764238544,0.5238095238094449,0.26174313638879526,1.049999999996547,0.5
0.014028056112224447,0.22470868589255633,0.01635213459209414,5.287472959285866,-1.42839021222715e-9,-0.39530439434952797,0.0648871940828185,0.9826846238466909,-0.09973092631168594,-0.50015509754678,0.010003101505899318,0.2617431364393003,1.0499999999985077,-0.37536041119541985,0.5,0.13710354764242644,0.5238095238096172,0.2617431364763855,1.0499999999939784,0.5
0.01603206412825651,0.22470868589246754,0.016352134592610965,6.042966182614845,-8.514844260503226e-10,-0.39530439405281514,0.0648871940392572,0.9826846230734799,-0.09973092635998335,-0.5001550971912764,0.010003101538843704,0.26174313645674707,1.0499999999974756,-0.3753604111887731,0.5,0.13710354764250712,0.523809523809805,0.2617431365781369,1.0499999999931773,0.5
0.018036072144288574,0.22470868589238285,0.016352134593100354,6.798459405940987,-3.7183450411801754e-10,-0.3953043937830577,0.06488719402393045,0.9826846225388813,-0.0997309263200693,-0.5001550969113734,0.010003101563644118,0.26174313647921843,1.0499999999966199,-0.37536041118239877,0.5,0.13710354764262625,0.5238095238096916,0.261743136561281,1.0499999999932046,0.5
0.02004008016032064,0.22470868589229395,0.01635213459355347,7.55395262926468,2.464593796591598e-11,-0.3953043935593574,0.0648871940206471,0.9826846220600546,-0.09973092625564493,-0.5001550967083234,0.010003101598498003,0.2617431364853855,1.0499999999958871,-0.3753604111779117,0.5,0.13710354764277635,0.5238095238093856,0.26174313646682945,1.0499999999923213,0.5
0.022044088176352703,0.22470868589220566,0.01635213459396275,8.309445852586192,3.48691548756617e-10,-0.395304393393421,0.06488719404330018,0.9826846217285522,-0.09973092624405967,-0.5001550965831778,0.010003101625557084,0.2617431364770921,1.0499999999949994,-0.37536041117439833,0.5,0.13710354764295815,0.5238095238092199,0.2617431364315377,1.0499999999900806,0.5
0.024048096192384766,0.22470868589211912,0.016352134594328792,9.064939075905823,6.110087521237993e-10,-0.3953043932971008,0.06488719407054898,0.9826846215578169,-0.09973092623955021,-0.5001550965270182,0.010003101658810014,0.2617431364736985,1.0499999999938836,-0.37536041117182384,0.5,0.13710354764318056,0.5238095238092804,0.2617431364932951,1.049999999988119,0.5
0.026052104208416832,0.22470868589203405,0.01635213459465066,9.820432299223812,8.204302618187404e-10,-0.39530439325250605,0.06488719410203785,0.9826846215353476,-0.09973092624897574,-0.5001550965522866,0.010003101697526766,0.26174313648398567,1.049999999992767,-0.37536041117011565,0.5,0.13710354764344862,0.5238095238093287,0.26174313655491915,1.0499999999875647,0.5
0.028056112224448895,0.22470868589195106,0.01635213459492928,10.575925522540354,9.843314864713144e-10,-0.395304393262787,0.0648871941462983,0.9826846216557598,-0.09973092626763609,-0.5001550966508355,0.010003101733745159,0.26174313649615255,1.0499999999918546,-0.37536041116908586,0.5,0.13710354764375757,0.5238095238091672,0.26174313653305886,1.0499999999876128,0.5
0.03006012024048096,0.22470868589187015,0.01635213459516608,11.331418745855634,1.1095914989592932e-9,-0.3953043933269462,0.06488719419768904,0.9826846219019303,-0.09973092630007982,-0.5001550968139616,0.010003101770475734,0.26174313649655856,1.0499999999910807,-0.3753604111686934,0.5,0.1371035476440997,0.5238095238088967,0.2617431364665989,1.0499999999869019,0.5
0.03206412825651302,0.22470868589179196,0.016352134595363086,12.08691196916982,1.2020605203657002e-9,-0.3953043934368689,0.06488719425445141,0.9826846222634541,-0.09973092634668251,-0.5001550970339455,0.01000310180723994,0.261743136488211,1.049999999990251,-0.3753604111688532,0.5,0.1371035476444734,0.5238095238087412,0.26174313644775543,1.0499999999853844,0.5
0.03406813627254509,0.2247086858917165,0.016352134595523014,12.842405192483058,1.2668342564235556e-9,-0.3953043935843948,0.06488719431516482,0.9826846227174643,-0.09973092640131817,-0.5001550972987566,0.010003101843558612,0.2617431364845234,1.0499999999893312,-0.3753604111695091,0.5,0.1371035476448825,0.5238095238087352,0.2617431364922726,1.049999999984218,0.5
0.03607214428857715,0.22470868589164386,0.016352134595648552,13.597898415795468,1.308331410203258e-9,-0.39530439375895854,0.06488719437816326,0.9826846232352336,-0.09973092646281333,-0.5001550975943332,0.010003101878885125,0.2617431364901551,1.0499999999884804,-0.37536041117053864,0.5,0.13710354764532773,0.5238095238087058,0.2617431365295389,1.0499999999840461,0.5
0.038076152304609215,0.22470868589157406,0.01635213459574254,14.353391639107164,1.3303724043508654e-9,-0.39530439394872335,0.06488719444140041,0.9826846237854675,-0.09973092652815797,-0.5001550979033634,0.010003101912527986,0.2617431364962011,1.0499999999878185,-0.3753604111718219,0.5,0.13710354764580338,0.523809523808533,0.2617431365087106,1.0499999999842171,0.5
0.04008016032064128,0.22470868589150725,0.016352134595807893,15.108884862418243,1.336306277439227e-9,-0.3953043941393583,0.06488719450189363,0.9826846243308933,-0.09973092659307446,-0.500155098206247,0.010003101944198326,0.26174313649405084,1.0499999999872787,-0.37536041117332575,0.5,0.13710354764630264,0.523809523808303,0.26174313646333597,1.049999999983834,0.5
0.04208416833667334,0.22470868589144344,0.016352134595847435,15.864378085728783,1.3290048664786303e-9,-0.3953043943142962,0.06488719455672672,0.982684624829242,-0.09973092665268345,-0.5001550984809703,0.010003101973122819,0.2617431364868564,1.0499999999867253,-0.37536041117504987,0.5,0.1371035476468235,0.5238095238081645,0.2617431364548038,1.049999999982975,0.5
0.044088176352705406,0.22470868589138254,0.01635213459586393,16.619871309038867,1.3108958289948409e-9,-0.39530439445521026,0.06488719460259013,0.9826846252329642,-0.09973092670123247,-0.5001550987026981,0.010003101998380504,0.2617431364837442,1.0499999999861458,-0.37536041117696145,0.5,0.1371035476473672,0.5238095238081237,0.2617431364869446,1.0499999999824452,0.5
0.04609218436873747,0.22470868589132464,0.016352134595859984,17.375364532348563,1.284005839968369e-9,-0.3953043945416847,0.0648871946356294,0.9826846254894465,-0.09973092673237224,-0.5001550988440503,0.010003102018956407,0.2617431364869217,1.049999999985648,-0.3753604111789911,0.5,0.13710354764793295,0.5238095238080579,0.2617431365092293,1.049999999982603,0.5
0.04809619238476953,0.22470868589127405,0.01635213459583802,18.13085775565791,1.2500937079606815e-9,-0.3953043949157218,0.06488719469433984,0.9826846263417459,-0.09973092679851137,-0.5001550992518352,0.010003102031478662,0.26174313648980085,1.0499999999853005,-0.37536041118168584,0.5,0.13710354764851562,0.5238095238078964,0.26174313649155584,1.049999999983055,0.5
0.0501002004008016,0.22470868589123377,0.016352134595800327,18.886350978966966,1.2106786067549283e-9,-0.39530439583910226,0.06488719481253949,0.9826846283551706,-0.09973092694989717,-0.5001551001913849,0.010003102038552281,0.26174313648704584,1.049999999985044,-0.37536041118547825,0.5,0.13710354764911,0.5238095238077078,0.26174313646121883,1.0499999999833058,0.5
0.052104208416833664,0.2247086858911934,0.016352134595749104,19.641844202275777,1.1672485300116783e-9,-0.39530439649545207,0.06488719489639842,0.9826846297409464,-0.09973092705657759,-0.5001551008234502,0.010003102046726654,0.2617431364815104,1.0499999999847853,-0.37536041118899754,0.5,0.1371035476497145,0.52380952380759,0.2617431364585389,1.0499999999832157,0.5
0.05410821643286573,0.224708685891153,0.016352134595686314,20.397337425584386,1.1209496371376682e-9,-0.39530439692052277,0.06488719495007404,0.9826846305859767,-0.09973092712338544,-0.500155101191522,0.010003102055068908,0.26174313647931136,1.0499999999845224,-0.3753604111922394,0.5,0.13710354765032964,0.5238095238075358,0.2617431364814467,1.0499999999833414,0.5
0.05611222444889779,0.2247086858911125,0.016352134595613733,21.15283064889282,1.0727258642264457e-9,-0.3953043971479545,0.06488719497758581,0.982684630972003,-0.0997309271551431,-0.5001551013364954,0.010003102062854251,0.26174313648127484,1.0499999999843301,-0.37536041119517627,0.5,0.13710354765095412,0.5238095238074586,0.26174313649435876,1.0499999999838703,0.5
0.058116232464929855,0.22470868589107196,0.016352134595532957,21.908323872201116,1.023368026483794e-9,-0.3953043972093086,0.06488719498281376,0.9826846309756144,-0.0997309271566279,-0.5001551012966557,0.010003102069523493,0.26174313648261993,1.0499999999842455,-0.3753604111977976,0.5,0.13710354765158417,0.5238095238073187,0.26174313648017267,1.0499999999844223,0.5
0.06012024048096192,0.2247086858910313,0.016352134595445444,22.663817095509287,9.735322007414472e-10,-0.39530439713406795,0.06488719496946665,0.9826846306682296,-0.09973092713252525,-0.5001551011076871,0.010003102074684937,0.26174313648011893,1.0499999999842209,-0.3753604112001262,0.5,0.13710354765221613,0.5238095238071698,0.2617431364602831,1.049999999984634,0.5
0.06212424849699398,0.22470868589099055,0.016352134595352494,23.419310318817363,9.237631283185849e-10,-0.3953043969496275,0.06488719494109514,0.9826846301161337,-0.09973092708743644,-0.50015510080267,0.010003102078104401,0.26174313647616637,1.0499999999841934,-0.37536041120219277,0.5,0.13710354765284902,0.5238095238070742,0.26174313646069314,1.0499999999846363,0.5
0.06412825651302605,0.22470868589094972,0.01635213459525526,24.17480354212536,8.74507415491873e-10,-0.3953043966813008,0.06488719490105635,0.9826846293804502,-0.09973092702580812,-0.5001551004120731,0.010003102079677202,0.2617431364748058,1.0499999999841678,-0.37536041120400715,0.5,0.13710354765348315,0.5238095238070196,0.26174313647684916,1.0499999999848095,0.5
0.06613226452905811,0.2247086858909089,0.016352134595154767,24.930296765433297,8.261270952250745e-10,-0.3953043963523167,0.06488719485250752,0.9826846285171561,-0.09973092695193461,-0.5001550999637557,0.010003102079410521,0.26174313647613495,1.049999999984195,-0.375360411205563,0.5,0.13710354765411742,0.5238095238069461,0.26174313648405956,1.0499999999852414,0.5
0.06813627254509018,0.224708685890868,0.016352134595051904,25.68578998874118,7.788991392561605e-10,-0.3953043959838315,0.06488719479838731,0.9826846275770753,-0.09973092686989546,-0.5001550994829732,0.010003102077407084,0.2617431364767451,1.0499999999842946,-0.3753604112068666,0.5,0.1371035476547491,0.5238095238068323,0.2617431364731211,1.049999999985653,0.5
0.07014028056112225,0.22470868589082713,0.016352134594947474,26.44128321204904,7.330460954475625e-10,-0.3953043955949222,0.06488719474142363,0.9826846266058926,-0.09973092678355683,-0.5001550989923774,0.01000310207386893,0.26174313647474556,1.0499999999844283,-0.3753604112079463,0.5,0.13710354765537594,0.523809523806719,0.2617431364603009,1.0499999999858214,0.5
0.0721442885771543,0.2247086858907863,0.016352134594842156,27.196776435356842,6.887662999456498e-10,-0.395304395202589,0.0648871946840864,0.9826846256441532,-0.09973092669648594,-0.5001550985120071,0.010003102069040905,0.2617431364720534,1.0499999999845566,-0.3753604112088327,0.5,0.1371035476559975,0.5238095238066452,0.26174313646209413,1.0499999999858671,0.5
0.07414829659318636,0.22470868589074558,0.016352134594736535,27.95226965866465,6.46178412011851e-10,-0.3953043948217511,0.06488719462862765,0.982684624727254,-0.09973092661202838,-0.5001550980592884,0.010003102063259845,0.2617431364713011,1.0499999999846867,-0.37536041120953906,0.5,0.13710354765661392,0.5238095238065981,0.2617431364733085,1.049999999986045,0.5
0.07615230460921843,0.22470868589070495,0.01635213459463111,28.707762881972457,6.052781549290791e-10,-0.3953043944652624,0.06488719457701851,0.9826846238854463,-0.09973092653315188,-0.5001550976490443,0.010003102056877967,0.26174313647224084,1.0499999999848537,-0.3753604112100688,0.5,0.13710354765722443,0.5238095238065357,0.2617431364770591,1.0499999999863887,0.5
0.0781563126252505,0.22470868589066445,0.01635213459452633,29.463256105280205,5.662174502868962e-10,-0.3953043941439096,0.06488719453092325,0.9826846231438621,-0.09973092646243593,-0.5001550972934928,0.010003102050229853,0.261743136472482,1.0499999999850664,-0.37536041121043556,0.5,0.13710354765782734,0.5238095238064489,0.2617431364688312,1.049999999986698,0.5
0.08016032064128256,0.2247086858906242,0.016352134594422557,30.21874932858798,5.2910583340651e-10,-0.3953043938663961,0.0648871944917847,0.9826846225224977,-0.09973092640218639,-0.5001550970022378,0.010003102043732035,0.26174313647096525,1.0499999999852971,-0.37536041121066627,0.5,0.13710354765842128,0.5238095238063665,0.26174313646068775,1.0499999999868388,0.5
0.08216432865731463,0.2247086858905842,0.01635213459432009,30.974242551895763,4.938169859519149e-10,-0.39530439363936953,0.06488719446072043,0.982684622036184,-0.09973092635421657,-0.5001550967822714,0.010003102037767345,0.261743136469172,1.0499999999855205,-0.37536041121078667,0.5,0.13710354765900615,0.5238095238063133,0.261743136462888,1.0499999999869136,0.5
0.08416833667334668,0.2247086858905446,0.01635213459421916,31.729735775203565,4.6028579780415117e-10,-0.3953043934674025,0.06488719443855034,0.9826846216946731,-0.0997309263199183,-0.5001550966379902,0.010003102032689398,0.2617431364687903,1.0499999999857443,-0.3753604112108105,0.5,0.13710354765958208,0.5238095238062769,0.261743136470535,1.0499999999870924,0.5
0.08617234468937875,0.22470868589050536,0.016352134594119973,32.485228998511346,4.2854739012988606e-10,-0.39530439335302014,0.06488719442572631,0.9826846215025452,-0.09973092630012226,-0.5001550965711618,0.010003102028779623,0.2617431364694425,1.0499999999859917,-0.37536041121074615,0.5,0.1371035476601486,0.5238095238062295,0.26174313647224573,1.0499999999873793,0.5
0.08817635270541081,0.22470868589046658,0.016352134594022724,33.24072222181917,3.989132951465109e-10,-0.3953043932966604,0.06488719442239337,0.9826846214593102,-0.09973092629530392,-0.5001550965809696,0.010003102026296925,0.26174313646947744,1.0499999999862675,-0.3753604112106082,0.5,0.1371035476607046,0.5238095238061671,0.26174313646616343,1.0499999999876337,0.5
0.09018036072144288,0.2247086858904284,0.01635213459392753,33.996215445127035,3.709979101466553e-10,-0.39530439329672384,0.06488719442838868,0.9826846215593038,-0.0997309263053238,-0.5001550966639727,0.010003102025463539,0.26174313646833824,1.0499999999865508,-0.3753604112104197,0.5,0.13710354766124933,0.5238095238061113,0.2617431364610617,1.0499999999877776,0.5
0.09218436873747494,0.2247086858903908,0.01635213459383447,34.7517086684349,3.4476200005115287e-10,-0.39530439334954953,0.06488719444313998,0.9826846217917652,-0.09973092632943777,-0.5001550968141375,0.010003102026364478,0.261743136467141,1.0499999999868257,-0.3753604112102021,0.5,0.1371035476617829,0.523809523806077,0.2617431364631811,1.0499999999878935,0.5
0.09418837675350701,0.22470868589035392,0.016352134593743628,35.50720189174277,3.2023041004016717e-10,-0.3953043934494122,0.06488719446572484,0.9826846221408445,-0.09973092636634023,-0.5001550970228116,0.010003102029002993,0.2617431364669502,1.0499999999871,-0.37536041120996955,0.5,0.13710354766230548,0.5238095238060532,0.2617431364683044,1.049999999988094,0.5
0.09619238476953906,0.22470868589031778,0.01635213459365506,36.26269511505063,2.9737397708575365e-10,-0.39530439358853336,0.0648871944948315,0.982684622585548,-0.09973092641409519,-0.5001550972787339,0.01000310203326156,0.26174313646736885,1.0499999999873897,-0.37536041120973074,0.5,0.1371035476628168,0.5238095238060216,0.26174313646884456,1.04999999998837,0.5
0.09819639278557113,0.2247086858902825,0.016352134593568823,37.0181883383585,2.761846566651355e-10,-0.39530439375709575,0.06488719452875019,0.9826846230997827,-0.09973092647007968,-0.5001550975680518,0.01000310203888566,0.26174313646727215,1.0499999999876954,-0.37536041120949976,0.5,0.13710354766331614,0.5238095238059816,0.26174313646440656,1.049999999988622,0.5
0.1002004008016032,0.22470868589042237,0.016352134593480026,37.77368156166621,2.5194273152771214e-10,-0.39530439614711826,0.0648871945823213,0.9826846266532866,-0.09973092684519617,-0.5001550983342197,0.01000310203783359,0.26173226443577063,1.0500032767050782,-0.37535924014936234,0.49602718897857656,0.13710354409575645,0.5238055288926117,0.2601012233915622,1.0504308308745294,0.3268779058144411
0.10220440881763526,0.2247086858884979,0.016352134595511797,38.529174785002766,9.511570163260804e-10,-0.39530437590460527,0.06488717638195185,0.9826845921278361,-0.09973090162731764,-0.5001551107024441,0.010003118015681557,0.2491637577278542,1.050723468798909,-0.3751029668284788,0.4604291748961551,0.13709284110233913,0.5234255297906542,0.09391544632923413,1.056817941756036,0.300000000064912
0.10420841683366733,0.22470868587990783,0.016352134618027335,39.28466800804167,-5.762476100885489e-9,-0.39530474038629365,0.06488744602745587,0.9826842844120587,-0.09973070503132365,-0.5001548269057019,0.010002931111763534,0.19960202852312062,1.0521117807171536,-0.37461077449059227,0.4312956651187844,0.1370366324512039,0.5230018589184713,-0.11009132334221852,1.0591842248648127,0.3
0.1062124248496994,0.22470868588063553,0.016352134585975352,40.04016123181462,5.772714981075947e-9,-0.39530443520071695,0.0648870168334833,0.9826845716908041,-0.09973135387711658,-0.5001550842366019,0.010003236547494975,0.14223060598091258,1.0534463099660256,-0.3741382199145179,0.40745272292337786,0.13692474054211565,0.5231789390456093,-0.0795526660145191,1.0598344369704027,0.3
0.10821643286573146,0.22470868589641463,0.01635213460591024,40.795654454872235,-4.766394512936106e-10,-0.3953043524634008,0.0648871969462729,0.9826849137689742,-0.09973082761943165,-0.5001551194459707,0.01000308910275232,0.11906985155524849,1.0548296911958477,-0.37364942822050895,0.3879395953643736,0.13675990413883687,0.5237457305184356,0.10472104892042143,1.0627274387222245,0.3
0.11022044088176351,0.22470868587564938,0.016352134606604906,41.55114767824344,1.0840383477069486e-9,-0.3953043658015991,0.06488718645934656,0.9826845141204782,-0.099730804690156,-0.5001551126674041,0.010003116916264203,0.12579464656934117,1.0567478249030422,-0.37297547979350265,0.3719699996654197,0.1365302296828885,0.5240395845026556,0.1686097987950395,1.068077509189867,0.3
0.11222444889779558,0.22470868587823892,0.016352134596634024,42.306640901484805,-6.186695764971012e-10,-0.3953043870321694,0.06488723010977372,0.9826845957855386,-0.09973098876138504,-0.5001551066434392,0.010003077832493486,0.12315542834231849,1.0592781174966286,-0.37209201245076834,0.35890043990302434,0.13621050268938434,0.5238949936596135,0.03754404770293453,1.0727180807085361,0.3
0.11422845691382764,0.2247086858798837,0.01635213460030514,43.06213412483677,4.662727734188576e-10,-0.3953044117284904,0.06488718520153995,0.9826845842818898,-0.09973091826314624,-0.5001550451806986,0.01000310603044184,0.0937452168641466,1.0619302209703092,-0.37116962934841247,0.3482042772828449,0.1357849306185295,0.5237924424851261,-0.08970988379876413,1.0745905397687305,0.3
0.11623246492985971,0.22470868587642503,0.016352134598365767,43.817627348151596,6.135052363360889e-10,-0.3953043875100549,0.0648871850735541,0.9826846374812066,-0.09973093800090652,-0.5001551061735764,0.010003110281175096,0.06181264316558413,1.0643176143679043,-0.370340689640709,0.33945050925508286,0.13525801320265834,0.5241168187629055,-0.047493035758337306,1.0756647141488516,0.3
0.11823647294589178,0.22470868587576598,0.016352134598972945,44.57312057143795,5.514148615361329e-11,-0.3953043975801716,0.06488720280255438,0.9826846423687594,-0.09973091254277924,-0.5001550983186057,0.01000309679728357,0.053968760055155204,1.0666060540727205,-0.36954841446797926,0.33228640211651206,0.13463863358306608,0.5246496642825302,0.07684189477826733,1.078437769574376,0.3
0.12024048096192384,0.22470868587344767,0.016352134597609837,45.32861379475978,3.816905969696331e-10,-0.3953043974327087,0.06488719277319453,0.9826846187414171,-0.09973092740152303,-0.5001550999575612,0.010003105283619836,0.06247045425439592,1.0691425528391314,-0.36867529698326684,0.3264232777043899,0.13392336842333652,0.5249501595848554,0.09778895364180747,1.082631302356431,0.3
0.1222444889779559,0.22470868587360726,0.016352134596730728,46.08410701806065,1.8671505167843053e-10,-0.3953044226900939,0.06488719946445862,0.9826846867324095,-0.09973093460086022,-0.5001551357800598,0.010003101061743359,0.06024987952484047,1.0719327923993753,-0.36772044923503866,0.32162488103676007,0.13310058095771862,0.52498135891138,-0.003858093653714174,1.0859555916923076,0.3
0.12424849699398796,0.22470868587322565,0.01635213459645979,46.83960024136595,1.0411958906209856e-10,-0.39530440147038426,0.06488719749744741,0.9826846473229361,-0.09973094025818044,-0.5001550972599623,0.010003100002291,0.040083274060089776,1.074639308100317,-0.36679752159633006,0.3176978603780144,0.13216643435217687,0.5251002675641434,-0.07763638198162896,1.0874473010828336,0.3
0.12625250501002003,0.22470868587170842,0.016352134596842215,47.59509346468404,3.436455598462207e-10,-0.39530439705789683,0.06488718986602982,0.9826846322104665,-0.0997309193194568,-0.5001550994222002,0.010003106575211012,0.0213730564086829,1.0770706361014357,-0.36597009766724015,0.3144839761907207,0.1311293597629687,0.5255138354378992,-0.03259293484457573,1.0887036220313104,0.3
0.1282565130260521,0.22470868587062906,0.0163521345969123,48.35058668798068,4.7570164598479146e-11,-0.39530439309872123,0.06488720117496231,0.982684619239833,-0.09973091664277105,-0.500155101832012,0.010003098700909279,0.019651047387216628,1.0793978708621774,-0.3651808040128767,0.31185372479002094,0.12999785761811075,0.5260173815639083,0.047110741109176006,1.0912114113283395,0.3
0.13026052104208416,0.22470868587056503,0.0163521345955564,49.10607991128896,4.0943348250278187e-11,-0.3953044050696981,0.06488719825475033,0.982684630129,-0.09973094424966657,-0.5001550934496993,0.01000309986270512,0.025819797091980526,1.0818470437986625,-0.3643546742041594,0.3097011200203075,0.12877104132052572,0.5263320488461799,0.0423328236175149,1.0944317122742284,0.3
0.13226452905811623,0.2247086858709112,0.01635213459568907,49.861573134604924,2.3023292959128695e-10,-0.39530439951065016,0.06488718887025495,0.9826846520671211,-0.09973093325647733,-0.5001550961758158,0.010003105825273242,0.021979926180562184,1.0843749992488272,-0.3635062387515903,0.30793942252882406,0.12744383429206957,0.5264943971219865,-0.03354423145285205,1.0967915168840112,0.3
0.1342685370741483,0.22470868587956572,0.01635213459914648,50.617066357924585,5.170659147918661e-10,-0.39530416113353584,0.06488714166223555,0.9826834678697376,-0.09973081510973299,-0.5001547036819098,0.010003098485341902,0.009321890596525426,1.0864985738816348,-0.3627940653520236,0.34221754797233894,0.12601909764244434,0.5269241503511903,0.0012800071675359015,1.091918648997085,0.699983900036799
0.13627254509018036,0.2247086858753992,0.016352134589657227,51.37255958106974,-3.5940250751933633e-9,-0.3953044391316814,0.0648873058146994,0.9826847761273569,-0.09973121045569981,-0.5001550719922883,0.01000300941975794,0.05061269552027289,1.086492107479978,-0.3627888004650826,0.4071898848625179,0.12455010282894867,0.5283702898000608,0.4929875572610153,1.082591029357292,0.6999999999997202
0.13827655310621242,0.224708685866132,0.01635213460767985,52.128052804619564,2.4661644076082214e-9,-0.39530445998493835,0.06488711652684855,0.9826846715738621,-0.09973084007526178,-0.5001550377984441,0.010003160417238385,0.16792055620767768,1.0855392220943307,-0.3631020287889142,0.4603634199006057,0.12310629285089345,0.5292986813292992,0.8009497985665617,1.0810737790519573,0.7
0.1402805611222445,0.22470868586138865,0.016352134599447746,52.88354602786143,7.846223976101385e-10,-0.39530432651791164,0.06488717637961641,0.9826846238396734,-0.0997309368571415,-0.5001551449211519,0.010003117613516377,0.2656440547623632,1.0848316615149454,-0.3633340058911737,0.503880782961299,0.12169700556791603,0.5288361871098884,0.5422720751648948,1.0816067069423159,0.7
0.14228456913827653,0.22470868586291493,0.01635213460108964,53.639039251103185,-8.791091929291638e-10,-0.395304412945465,0.06488722918149117,0.9826846393225176,-0.09973088916374051,-0.5001550979068025,0.010003077281286053,0.27613322109640315,1.083778518918417,-0.36368414110135483,0.5394955090723235,0.1203185112915292,0.5280516080067138,0.15558635257150547,1.075358271153295,0.7
0.1442885771543086,0.224708685858527,0.01635213459892216,54.39453247446224,3.814261335846931e-10,-0.39530440583605375,0.06488719011466701,0.9826846083281021,-0.09973095007174683,-0.5001550868828103,0.010003107109972155,0.24982489015058337,1.0812800319427942,-0.3645296851498432,0.5686426960560226,0.11900944777943934,0.5282331833572317,0.19006398767469607,1.06510530017111,0.7
0.14629258517034066,0.2247086858586223,0.016352134598506016,55.150025697765436,2.495629117699976e-10,-0.3953043907893134,0.06488718970881166,0.9826846415544985,-0.09973093187048643,-0.5001550978090269,0.010003105900208618,0.2710196251984703,1.0776341434150303,-0.36577711422576237,0.5924968316975342,0.11782681819808614,0.5291169067740065,0.541868538113643,1.0585029175087057,0.7
0.14829659318637273,0.22470868585680642,0.01635213459839992,55.905518921069124,1.3237922126496014e-10,-0.39530439028730696,0.06488719472615914,0.9826846231082168,-0.09973091441253042,-0.5001550983268689,0.010003103092851517,0.341236905206538,1.0739923244154481,-0.3670288806648056,0.6120191200026353,0.11679396520919369,0.5294767624744217,0.7025566652606982,1.057362481574197,0.7
0.1503006012024048,0.22470868585579473,0.01635213459702239,56.66101214437377,3.8904015840094156e-11,-0.39530439243407295,0.06488719718695946,0.9826846177063299,-0.09973092767627309,-0.5001550982120833,0.010003101275363465,0.3910874139032019,1.070956914424675,-0.3680726895580803,0.6279962128805956,0.11589480719575042,0.5289053223027651,0.49200661118201805,1.0566609283215855,0.7
0.15230460921843686,0.22470868585553577,0.016352134596347708,57.41650536768183,3.2535016267656495e-11,-0.3953043954654278,0.06488719569493696,0.9826846247215462,-0.09973092881101216,-0.5001550966233507,0.010003101947031925,0.3836981908702594,1.0679149891737563,-0.3691243275784665,0.6410719083544981,0.11511408337835054,0.5282417782774654,0.2503615143109641,1.0511143677385208,0.7
0.15430861723446893,0.22470868585511974,0.01635213459586225,58.17199859099121,6.127735934576039e-11,-0.3953043942728029,0.0648871938403467,0.9826846255248066,-0.09973092672034996,-0.5001550980411688,0.010003103283339795,0.3601018202447814,1.0641244198142181,-0.3704497062175941,0.6517730924455196,0.11446930165261036,0.5282790328810485,0.3097649681957746,1.0433685547792293,0.7
0.156312625250501,0.22470868585485912,0.016352134595364855,58.92749181429703,1.9136462842315468e-12,-0.3953043936690453,0.06488719501410065,0.9826846254542586,-0.09973092605354386,-0.500155099015557,0.010003102367363575,0.37372790189798005,1.0598375361073709,-0.37196277497661917,0.6605309700802952,0.11398874878188382,0.5287189861616992,0.5530740478649661,1.0385530044990074,0.7
0.15831663326653306,0.22470868585411813,0.016352134595548254,59.6829850376051,8.391674391111007e-13,-0.3953043942667137,0.0648871960255082,0.9826846125444191,-0.09973091625804012,-0.500155098538778,0.010003102320222177,0.4186498776834796,1.0558356192078078,-0.37338108396934927,0.6676984405221971,0.11367667417191443,0.5287299561585522,0.6402215582589835,1.0374827850261978,0.7
0.16032064128256512,0.2247086858545416,0.01635213459425293,60.43847826090952,-9.29354092030746e-11,-0.39530439475772244,0.06488719685424614,0.9826846233786835,-0.09973093495165067,-0.5001550993556403,0.01000310091868833,0.446651830899929,1.0524308286883959,-0.374589296015223,0.6735643174706751,0.11351253763035644,0.5281206863956276,0.4848382555226961,1.0362984378574507,0.7
0.1623246492985972,0.224708685854834,0.01635213459434137,61.19397148421929,-4.935384030373169e-11,-0.3953043976971108,0.06488719438462688,0.9826846310942388,-0.09973092653757729,-0.5001550985362543,0.010003102582292277,0.43687797640410386,1.0491246260599636,-0.3757691797910202,0.6783649668283573,0.11348051307389227,0.5275030727042552,0.3314850489119855,1.0317731892656863,0.7
0.16432865731462926,0.22470868585475426,0.01635213459400706,61.94946470752783,-3.659525712452383e-11,-0.3953043955714988,0.0648871938725633,0.9826846291851001,-0.09973092647113403,-0.5001551015108228,0.010003103166044606,0.4196677110219132,1.0454169124798955,-0.3771060318565724,0.6822938310816327,0.11358845592325836,0.5273769381164322,0.38661426877961375,1.025969144821459,0.7
0.16633266533066132,0.22470868585511125,0.01635213459371471,62.70495793083265,-1.1608068210174798e-10,-0.3953043998503382,0.06488719608122918,0.9826846356966717,-0.09973092699951216,-0.5001551034588448,0.010003101602721777,0.42950625222044775,1.041500416509978,-0.37853008272828265,0.6855092240771755,0.11385085089672639,0.5274932977406921,0.5534845952528047,1.0223731286096573,0.7
0.16833667334669336,0.22470868587948223,0.016352134592393777,63.460451154042936,-2.5637921310788595e-9,-0.39530453406838817,0.06488723210847192,0.982685121629272,-0.09973111433313797,-0.5001549933682191,0.010003047213842955,0.44831063251994435,1.0387740119242153,-0.3795166631936472,0.6266141384412434,0.11425587614024248,0.5268071716668192,0.39968153064106116,1.032492954602768,0.30000006001179474
0.17034068136272543,0.22470868586460144,0.016352134608421026,64.21594437773359,7.007737841526653e-9,-0.39530386217158625,0.06488694992293366,0.9826850666717312,-0.09973084415111501,-0.5001554805212615,0.010003272960134228,0.38605297204233857,1.0383311800896182,-0.37966084560711505,0.5673018830368973,0.11471861148640725,0.5251792836092138,-0.16974195099611705,1.0379497792769181,0.30000000000000043
0.1723446893787575,0.2247086858446801,0.016352134627322632,64.97143760048543,-6.882274295391722e-9,-0.3953043388750703,0.06488745947394754,0.9826844717302917,-0.09973044523627385,-0.5001551125854111,0.010002918032645866,0.2574244571854941,1.0380181052134312,-0.3797606362932781,0.5187605748359468,0.11519059446059722,0.5245550463478841,-0.35869038790226837,1.0349238031390045,0.3
0.17434869739478956,0.22470868583236783,0.016352134597498867,65.72693082408964,4.623231766955915e-10,-0.3953045015270538,0.06488721159871558,0.9826842989022813,-0.09973113695694698,-0.5001550248794239,0.01000310350604428,0.17563585959659314,1.037328547476275,-0.3800015546812136,0.4790342385867526,0.11568490297918259,0.5253552235351456,0.01840260971088222,1.0346543688076568,0.3
0.17635270541082163,0.2247086858496953,0.01635213459803155,66.48242404739723,4.4169411453727287e-10,-0.395304418503275,0.06488716579879772,0.9826848044982878,-0.09973106943633002,-0.5001550808512396,0.010003115551085375,0.18650061922039773,1.03738843474844,-0.3799697248259485,0.4465220989235381,0.11619617658644171,0.5261241119316701,0.37948145256906,1.041495869776319,0.3
0.1783567134268537,0.22470868584069983,0.016352134607736674,67.23791727073406,1.1677938839079198e-9,-0.3953043782511922,0.06488716042565189,0.98268466582538,-0.09973081879496787,-0.5001551011667231,0.010003128984121302,0.216716379701381,1.0390563543872509,-0.3793563679185379,0.4199140770073553,0.11667358333801889,0.5257102848604913,0.2462216149764891,1.0510035386984704,0.3
0.18036072144288576,0.22470868583586778,0.016352134601184898,67.99341049398775,-2.116688592593756e-10,-0.3953043545339987,0.0648872119367212,0.9826845915324577,-0.09973092653049155,-0.5001551241630096,0.010003092520203554,0.1848251323202124,1.041698088815159,-0.3783976495233997,0.3981380008200999,0.11705997878938189,0.5247345382870927,-0.1429212201886093,1.054756842992758,0.3
0.18236472945891782,0.22470868583532919,0.01635213460117305,68.74890371729268,-2.9846509455929934e-10,-0.3953044102759516,0.06488721210193642,0.9826846075475567,-0.09973092163083572,-0.5001550847695745,0.010003091426127243,0.1094167861983021,1.0439575016434344,-0.3775784018945444,0.3803164019237154,0.11734489314428091,0.5245194186170832,-0.23771054688545332,1.053361578338257,0.3
0.1843687374749499,0.22470868583365422,0.01635213459872505,69.5043969406343,5.28384063754128e-10,-0.3953043894537412,0.06488718238996016,0.9826846138678479,-0.09973095545671476,-0.5001551023149028,0.010003113179728358,0.069319610662431,1.0456713711009356,-0.37695592207446155,0.3657311577978056,0.11755213583465346,0.5252257697746149,0.03876794971470425,1.054210324561244,0.3
0.18637274549098196,0.2247086858343955,0.016352134599110068,70.25989016392353,5.252995710659302e-11,-0.3953043880770963,0.06488719420595392,0.9826846492188197,-0.09973092384752655,-0.5001551024884051,0.010003102709965826,0.08887814676335598,1.047696747659407,-0.3762261767261743,0.35379455505936613,0.11768754904832719,0.525806419786562,0.2598370711728475,1.059905456367175,0.3
0.18837675350701402,0.2247086858322982,0.016352134598722805,71.0153833872318,5.2988879553570044e-11,-0.3953043942283529,0.0648871962354991,0.9826846204833174,-0.09973091401733687,-0.5001550997949055,0.010003102662770172,0.11294183918153516,1.050581280077437,-0.37519879044686943,0.3440256075049968,0.11772471661607098,0.5255723601668362,0.13299197056451917,1.0666620525785837,0.3
0.1903807615230461,0.22470868583226267,0.01635213459768009,71.77087661053088,-1.7640827738805537e-10,-0.3953043973153017,0.06488720263798071,0.9826846311428056,-0.09973093197060726,-0.5001550995978605,0.010003097200958242,0.0908209914649404,1.053815732348551,-0.37405471923278993,0.3360306747409488,0.11763609637822962,0.5250577526626269,-0.12828173603439583,1.0691914265527724,0.3
0.19238476953907813,0.22470868583175882,0.016352134596937084,72.52636983385275,1.6476602131862272e-10,-0.39530439855258936,0.06488718931448528,0.9826846356677071,-0.09973093714291331,-0.5001550997980682,0.010003106919679504,0.043383080816877924,1.0565717848463143,-0.37308077415184737,0.3294876004183925,0.11742573418505615,0.5251290219542378,-0.15809462441791505,1.068763809015787,0.3
0.1943887775551102,0.22470868583193737,0.01635213459689226,73.28186305715604,4.531688276095877e-11,-0.3953044072890402,0.06488719464124786,0.9826846889598865,-0.0997309260988566,-0.5001551394433981,0.010003104107286043,0.02436834739236696,1.058873532507472,-0.3722677798890837,0.32413273092804223,0.11711566688604957,0.5257697425195443,0.044119325089573204,1.0702642742039,0.3
0.19639278557114226,0.22470868583082476,0.016352134596798663,74.03735628045357,-2.1889468562974045e-10,-0.3953043956752293,0.06488720214856299,0.9826846243490285,-0.09973092122915088,-0.5001551020967818,0.01000309788430317,0.04296788967969636,1.0613483025150536,-0.37139939747854456,0.3197502914259125,0.11671194271208615,0.5262302416683932,0.16765667068713416,1.0749487503716493,0.3
0.19839679358717432,0.22470868583076659,0.016352134595799185,74.79284950376733,-7.622677958282457e-11,-0.39530440050039956,0.06488719578190069,0.9826846260728997,-0.0997309322578734,-0.5001550989759634,0.010003102305617574,0.05770842828913525,1.0642965768583599,-0.370373972233012,0.31616369124080673,0.11619926474614796,0.5261405612520295,0.05185389562736447,1.0797044980195012,0.3
0.2004008016032064,0.22470868583072906,0.01635213459606214,75.54834272707889,1.4162119944444471e-11,-0.395304393202807,0.0648871921784058,0.9826846207646883,-0.09973092104058862,-0.5001550983504236,0.01000310469575884,0.03946471072648523,1.067265305089999,-0.36934653456476163,0.3289395936662615,0.11556520425608963,0.525984111562304,-0.10398745361951052,1.0791516438750588,0.6927092620604974
0.20240480961923846,0.22470868582206857,0.01635213460664638,76.30383595063024,6.100624174121291e-9,-0.3953042368489799,0.0648870120940167,0.9826845494303487,-0.09973085749852192,-0.500155205053879,0.010003246967161842,0.040639537766595075,1.0682020370778678,-0.3690140796104578,0.39632317264593014,0.114845700539992,0.5270843821107628,0.2801901530177502,1.0671428689785967,0.6999999999474966
0.20440881763527052,0.22470868583014703,0.01635213460335261,77.05932917354481,-3.7471096827404305e-9,-0.3953043214010057,0.06488731952715224,0.9826846439741376,-0.09973085762986057,-0.5001551356658223,0.010003008183920836,0.1376497448580837,1.0675226926493318,-0.36924058793423936,0.45147007361820174,0.11412777707366199,0.5284225523218212,0.7973633134943643,1.0634225172578373,0.7
0.2064128256513026,0.22470868582186684,0.016352134602332202,77.81482239700821,1.3314682623794917e-10,-0.39530446959186816,0.06488720282859879,0.9826845322778104,-0.09973092595322285,-0.5001550561515996,0.010003103005600105,0.26273815654142063,1.066982772928662,-0.3694203429225705,0.4966024445812184,0.11343841222063722,0.5283291724280103,0.7453977201735231,1.065835156968936,0.7
0.20841683366733466,0.2247086858258137,0.0163521345964231,78.57031562033168,5.05519468525843e-10,-0.39530438478182167,0.06488717367879449,0.9826846623061438,-0.09973101039452814,-0.5001551061715735,0.010003116576553797,0.30768525098403654,1.0667117151174887,-0.36950809474938295,0.5335388975440676,0.11276192322371258,0.5272291757912342,0.2797513778708269,1.0636703333350206,0.7
0.21042084168336672,0.22470868582687487,0.01635213460220448,79.32580884361778,-3.6022765867755846e-11,-0.395304389241907,0.06488719085806245,0.9826846362159847,-0.09973087693231245,-0.5001550801906849,0.010003102458093743,0.27679846636224525,1.0653053039146536,-0.3699941569613554,0.5637677892740688,0.11211461145698999,0.5267806247964769,0.09212172647944716,1.0539569785368887,0.7
0.2124248496993988,0.22470868582115353,0.016352134599419393,80.08130206693575,2.0438630832556254e-10,-0.39530438170069687,0.06488719177818272,0.9826846008433223,-0.09973092693733336,-0.5001551073611754,0.010003106965047914,0.26681806356722565,1.0623517207895803,-0.3710313759518129,0.5885071949576414,0.11155646922894456,0.527478075942851,0.39651320470922485,1.0452527571537007,0.7
0.21442885771543085,0.22470868582215006,0.016352134598294148,80.83679529022277,-3.2340604093137824e-10,-0.39530439612539053,0.06488720480089245,0.9826846298325026,-0.0997309307316831,-0.5001550971846295,0.010003095374272604,0.32530187486812084,1.0589160101228836,-0.3722465978948482,0.6087539906415329,0.11113093444606519,0.5281687817763427,0.7238851645066077,1.0427585032556002,0.7
0.21643286573146292,0.22470868582124892,0.016352134597795994,81.59228851354666,7.226575820741704e-11,-0.39530439889208063,0.06488719166532406,0.982684622200554,-0.09973092682106209,-0.5001550953221333,0.010003105512741514,0.3970150895366472,1.056090347833806,-0.3732461344032519,0.6253240222929681,0.11083296347538386,0.5278254400373044,0.6464993078415852,1.0439026695321236,0.7
0.21843687374749496,0.2247086858211202,0.01635213459686004,82.3477817368524,1.4378843147344155e-11,-0.39530438294978815,0.0648871930550917,0.9826846280498223,-0.09973092930657301,-0.5001551094045159,0.010003104357650281,0.4124646139382348,1.0537287994051134,-0.37408194068439027,0.63888498044172,0.11063602418549859,0.5268846076422816,0.32917004439314695,1.0413012024265305,0.7
0.22044088176352702,0.22470868582132145,0.016352134596755715,83.10327496014891,-2.718110204615749e-10,-0.3953043980416453,0.06488720181678392,0.9826846283144335,-0.0997309199395539,-0.5001550991943798,0.010003097714529426,0.38250654971101644,1.0508073692211473,-0.3751262713599575,0.6499833048018203,0.1105420157911008,0.5264675221713768,0.2316790228829955,1.033869766135325,0.7
0.2224448897795591,0.2247086858211378,0.016352134595741467,83.85876818346621,-3.924160884734377e-11,-0.3953043991690651,0.06488719368011811,0.9826846246363176,-0.09973093140884282,-0.5001550999460775,0.01000310389471382,0.3731174687328066,1.0470763431028194,-0.37647494111087304,0.6590662030934168,0.11058262920258295,0.5268053019009326,0.4551353107597942,1.0274995851737918,0.7
0.22444889779559116,0.22470868582189424,0.016352134595281426,84.61426140677072,-1.245541627479246e-10,-0.39530439695825687,0.06488719492958595,0.9826846351848544,-0.09973092932882816,-0.5001551020448812,0.010003102413253275,0.411061860246997,1.043279622257506,-0.37785556758522065,0.6664996713088254,0.11077722491911082,0.5270680719243218,0.6670545629902437,1.0256331212424796,0.7
0.22645290581162322,0.22470868582210574,0.016352134595083816,85.36975463007857,-1.2516151282302104e-10,-0.3953043975351246,0.06488719492537168,0.982684630908164,-0.09973092451327221,-0.5001551016704516,0.010003102596821873,0.45549980958928754,1.0401171501359443,-0.3790061339771607,0.6725832415454734,0.1111123889627906,0.5266059620199647,0.5991176786181044,1.0260088488868686,0.7
0.2284569138276553,0.22470868582255807,0.016352134594545962,86.12524785338533,-1.5391161828979056e-10,-0.39530439721962574,0.06488719543753448,0.982684629655016,-0.09973092775754495,-0.5001551020473516,0.010003102149796265,0.46112314056824055,1.037396891212051,-0.37999729374708796,0.6775620516717312,0.11156323390081162,0.5257721608137901,0.38456571066653855,1.0236330663446302,0.7
0.23046092184368736,0.2247086858232061,0.016352134594241407,86.88074107669253,-1.6960888320565822e-10,-0.39530439790312993,0.06488719537275181,0.9826846305320059,-0.0997309274256598,-0.5001551012256832,0.010003102040220603,0.438177394154729,1.0343966502705262,-0.38110008673758455,0.6816367231736595,0.1121267271207181,0.5253243789424743,0.32955957226200233,1.0180786611263166,0.7
0.23246492985971942,0.22470868582382417,0.01635213459396518,87.6362343000007,-1.620906832277744e-10,-0.3953043974448256,0.06488719478203808,0.9826846295995963,-0.09973092721608935,-0.5001551010978996,0.010003102413891843,0.43140418947169484,1.0309511722251692,-0.3823789947765956,0.6849714452111633,0.11282030294685025,0.5253824711404735,0.4875306797962039,1.0133858566912401,0.7
0.2344689378757515,0.22470868582241332,0.01635213459443007,88.3917275233461,7.766174493745443e-10,-0.39530425079932874,0.0648871769463403,0.9826846450768206,-0.09973093483603553,-0.5001552388635185,0.01000311939669091,0.45341412782460266,1.027969149201164,-0.3834879410657913,0.6447785202212105,0.11364991796845547,0.5251282755693988,0.5299050084451525,1.0195870778834142,0.300007821375348
0.23647294589178355,0.22470868582657166,0.01635213459913499,89.14722074651306,-2.7408708928395745e-9,-0.39530444358500466,0.0648872837151946,0.9826846129853909,-0.09973085488951453,-0.5001550737819559,0.010003036587422869,0.42449219815889055,1.027494686809435,-0.38365079154178444,0.5821676615578523,0.11454914699281711,0.523578073646947,0.024416010977056434,1.0290477069654163,0.3000000000000156
0.23847695390781562,0.22470868582136386,0.016352134594244287,89.90271396996732,9.085157369961777e-10,-0.39530441789619075,0.06488716616829217,0.9826845662773558,-0.09973099175261785,-0.5001550821533661,0.01000312613826516,0.30865032051098246,1.0277952269424055,-0.3835262894072657,0.5309267676480331,0.11544413208685075,0.5224330598093768,-0.352075193519614,1.028082160305957,0.3
0.24048096192384769,0.22470868582687373,0.016352134595174272,90.65820719323112,-1.927480546942301e-10,-0.3953043848765301,0.06488719111596103,0.9826846832114933,-0.09973094094542241,-0.5001551042290406,0.010003102169027955,0.2012665073148471,1.0276029717196196,-0.3835878575877331,0.4889910832716397,0.11633677774648171,0.5228140206071211,-0.13120734829165034,1.026239649374476,0.3
0.24248496993987975,0.2247086858234484,0.016352134597694124,91.41370041655061,1.0157556524575171e-10,-0.3953043891402779,0.0648871904688263,0.9826846058126879,-0.0997308825337421,-0.5001550993937754,0.010003107037092156,0.18397993389765535,1.0276927216295089,-0.38354609982309323,0.454670807199965,0.11723582311496064,0.5237459324507412,0.30509685065910724,1.0310138373495281,0.3
0.2444889779559118,0.22470868582390927,0.016352134594370918,92.1691936398424,-3.0617208826473895e-10,-0.39530438908837856,0.06488720252442187,0.982684609136345,-0.09973094104607895,-0.500155103065933,0.010003097196358035,0.21858444600592045,1.029190282945217,-0.3829853188912308,0.42658300161974566,0.11810554443147962,0.5237348789066334,0.3518632351358199,1.0407958613416288,0.3
0.24649298597194386,0.22470868582445463,0.016352134594848997,92.92468686315647,-1.5106705828331e-10,-0.3953043936807522,0.06488719680103736,0.9826846087134673,-0.09973092792802014,-0.5001550959021341,0.010003100994856282,0.21188230648417417,1.0320277573670764,-0.38193913969109416,0.40359586652956714,0.11888529821072454,0.5227888713712492,-0.005832977884855463,1.047410320383965,0.3
0.24849699398797592,0.22470868582566267,0.016352134594580032,93.68018008647388,8.46730520771533e-11,-0.3953043871886619,0.06488718785121629,0.9826846395195697,-0.09973094198958546,-0.500155104858772,0.010003106898870833,0.1443893119401147,1.0348801790380018,-0.3808918100778331,0.3847831337949064,0.11954640612820892,0.5221970089487838,-0.24254654429535188,1.0473395043180789,0.3
0.250501002004008,0.22470868582542555,0.016352134595871846,94.43567330977757,-2.024672279187069e-11,-0.39530438884286784,0.06488719268655037,0.9826846270435632,-0.09973090832978933,-0.5001551025075371,0.010003104179684502,0.08527086547229135,1.0370622436540538,-0.3800894208404493,0.3693867430885287,0.1201069691406249,0.5226412275631014,-0.06766596608274972,1.0470346703885949,0.3
0.25250501002004005,0.22470868582494463,0.016352134595279216,95.1911665330806,-1.4349508507750715e-10,-0.3953043946704647,0.06488719864141966,0.982684608211435,-0.09973092037285404,-0.5001550991581376,0.010003100481621622,0.0867116962918648,1.0392060315329448,-0.3793043528873662,0.3567862958224263,0.12058405847726487,0.5233775095254791,0.22161438957760285,1.0513791205588494,0.3
0.2545090180360721,0.22470868582605288,0.016352134594174828,95.94665975638824,-1.5248459814327198e-10,-0.39530439746907653,0.06488719658177741,0.9826846257672975,-0.09973093672672886,-0.5001550986452789,0.01000310099397703,0.11674007665117404,1.0420975110819002,-0.3782571047891933,0.3464740561338912,0.12096175893954615,0.523426771512994,0.22033214801938758,1.058673465160504,0.3
0.2565130260521042,0.22470868584980055,0.016352134598810516,96.7021529796962,-1.453499452164791e-10,-0.39530428087278985,0.06488714098289897,0.9826832466432555,-0.0997308147985493,-0.500154608267894,0.01000309453433031,0.11277780182299998,1.0456128025392046,-0.3769955685020828,0.3380344914994664,0.12120876300782202,0.5229035008376581,-0.03507471347268755,1.0632487070813885,0.3
0.25851703406813625,0.2247086858375902,0.01635213458308271,97.45764620274231,-6.737054012244469e-9,-0.39530450844058573,0.06488739461721085,0.9826848582828704,-0.09973136890819037,-0.5001550345531636,0.010002937280213037,0.06886252933158697,1.0488842661667301,-0.3758252563782878,0.3311275295168068,0.1213170176408148,0.5227069092902449,-0.17145562384782995,1.0635970960524264,0.3
0.2605210420841683,0.2247086858241502,0.0163521346104736,98.21313942648935,4.275632184872885e-9,-0.3953045079333621,0.06488704960857068,0.9826847077514136,-0.09973082321356551,-0.5001550076358884,0.010003209896433055,0.03540851207453411,1.0515761055190767,-0.37486244988381107,0.3254748532743843,0.12130638894359382,0.5232033629750048,-0.028861095047253045,1.0642359910849812,0.3
0.2625250501002004,0.22470868581931278,0.01635213460028158,98.96863264967105,1.0915791361280233e-9,-0.39530428461210443,0.06488716221107964,0.9826846579965886,-0.0997309326555155,-0.5001551837301565,0.010003128148165973,0.04303779848866534,1.0541924031775372,-0.3739309051503287,0.32084868794356464,0.12119167203175256,0.5238107962347076,0.15569691857392995,1.0681309809970077,0.3
0.26452905811623245,0.22470868581855769,0.01635213460344989,99.72412587287154,-1.5974278878120786e-9,-0.3953044010989164,0.06488725462201453,0.9826846173388222,-0.0997308541651487,-0.5001550937347566,0.010003060012978918,0.06423514346837358,1.0572400643247208,-0.3728556528925618,0.31706262188384604,0.12096420143233173,0.5239148787941597,0.12330629824034783,1.0735505183383243,0.3
0.2665330661322645,0.22470868582005696,0.01635213459743714,100.47961909628712,1.0733646706009046e-9,-0.39530430406268785,0.06488715817050564,0.9826847221372342,-0.0997310004126023,-0.5001551679131301,0.010003126715702873,0.05825925868811573,1.060549203291863,-0.37169670706308094,0.3139640953105698,0.12060758864251327,0.5236956896251335,-0.05700601420780628,1.0766954350274311,0.3
0.2685370741482966,0.22470868583689566,0.016352134623126235,101.2351123192321,-7.981307032647567e-9,-0.39530471943213974,0.0648874530088656,0.982684929667986,-0.09973087448061914,-0.5001548082359406,0.010002889717686883,0.04396608094749395,1.0625097809427386,-0.3710046779272846,0.3796474933553812,0.12013578487566301,0.5243544442339958,0.131492645799621,1.0654644024364546,0.699999970083077
0.27054108216432865,0.224708685798087,0.016352134615238274,101.99060554320916,8.691539803795854e-9,-0.3953044360984992,0.0648869394021135,0.9826845045234459,-0.0997310052342883,-0.5001550799383064,0.010003305798150428,0.11317439527399449,1.0623377883359924,-0.37105340434892803,0.43782265306551066,0.11963388174336033,0.5258253542733103,0.6887028202760503,1.0593658184834043,0.7
0.2725450901803607,0.2247086858114078,0.01635213461045953,102.746098766109,-1.5431878251942822e-9,-0.39530426370315336,0.0648872417750754,0.9826847983294366,-0.09973092600175311,-0.5001551739137688,0.010003060556832167,0.24075184275722175,1.0618757990798933,-0.3712056396810427,0.4854333592383282,0.11915014769318458,0.5262144118156086,0.8277187105551006,1.0609704383711234,0.7
0.2745490981963928,0.22470868579546482,0.016352134616861,103.50159198947327,-1.4310310232841386e-10,-0.3953044277343532,0.06488722537836769,0.9826845317806181,-0.09973079546925157,-0.5001550627635221,0.01000308806656574,0.31425339063868685,1.0618550385716978,-0.3712050627655965,0.524398088241106,0.11867492475730476,0.5252807893723818,0.42773858319835406,1.0613383862798047,0.7
0.27655310621242485,0.22470868579461709,0.01635213460385632,104.25708521281067,5.508977026811206e-10,-0.3953043634765143,0.0648871871810287,0.9826845276944994,-0.09973102124811649,-0.5001550747915313,0.01000310719182885,0.2984439012420986,1.0611284533969014,-0.3714539064553566,0.556286926561698,0.11820947677426973,0.5245303075205613,0.10752477197913188,1.0535224240117302,0.7
0.2785571142284569,0.2247086857952791,0.016352134608079244,105.01257843610459,1.8760248489974303e-10,-0.3953044042513462,0.06488719700900067,0.9826846649877874,-0.09973090953060719,-0.5001550859823604,0.010003101123335554,0.2737365661804326,1.0588062482968277,-0.37227168167500935,0.5823848369158036,0.11780507689525815,0.5249574228764374,0.2881006744315165,1.0439799838973796,0.7
0.280561122244489,0.22470868579033723,0.016352134605696535,105.76807165943023,6.088910423436637e-10,-0.3953043868527645,0.06488718639434216,0.9826846084354055,-0.09973091730245706,-0.5001551002008471,0.010003111541030297,0.31303602566854444,1.0556174291249827,-0.3734057298978504,0.6037434364724946,0.11751535121656001,0.5257974619097942,0.6616943081411781,1.0397596436552854,0.7
0.282565130260521,0.22470868578992528,0.01635213460328639,106.52356488271417,-1.001406447164777e-11,-0.3953043893111227,0.06488720276330379,0.9826846248345646,-0.09973092971933878,-0.5001550991591409,0.010003097816928529,0.3882966593080483,1.052783657092823,-0.37441528586981,0.6212233713819936,0.11734957696644636,0.5258027929014741,0.7161288164656867,1.0406479261814678,0.7
0.28456913827655306,0.22470868578868392,0.01635213460227454,107.27905810602958,1.6315259456833735e-10,-0.3953043976608682,0.06488719546914547,0.9826846187697226,-0.09973092429147373,-0.5001550927832397,0.010003103240837648,0.42333237395369494,1.0505930634886569,-0.37519468989289884,0.6355289967873202,0.11728293789477695,0.5249569053906823,0.43019614178787546,1.039935683105632,0.7
0.2865731462925851,0.22470868578821898,0.016352134600672752,108.03455132933736,1.4670550426324068e-10,-0.3953043922814901,0.0648871935445253,0.9826846224308919,-0.09973093020890271,-0.5001550972951023,0.010003104193306064,0.4016503590361917,1.0481402168517755,-0.376073795758247,0.6472367588183098,0.11730575100798422,0.5243254889342632,0.23527984444910927,1.033753299245108,0.7
0.2885771543086172,0.2247086857880942,0.016352134600133232,108.79004455263599,-9.476318385519546e-11,-0.39530440034751274,0.06488720001531251,0.9826846212052328,-0.09973092278696646,-0.5001550910820549,0.010003099157562308,0.38054032564426776,1.044833489853798,-0.3772727511717627,0.6568184225268603,0.11744402481447105,0.5245019383594793,0.3796699978288537,1.026737918780516,0.7
0.29058116232464926,0.2247086857878049,0.016352134598756438,109.54553777595315,1.2832119376314333e-10,-0.3953043940621874,0.06488719082544413,0.9826846190975441,-0.09973093156020969,-0.5001550965101735,0.010003105952935767,0.4054120116519012,1.0411870629904407,-0.378604855281267,0.6646600816911685,0.11772457393407662,0.5248987909432814,0.6307380925655905,1.023664195127232,0.7
0.2925851703406813,0.22470868578843514,0.016352134598117872,110.30103099925289,-7.995962118294091e-11,-0.39530439210005863,0.06488719548572744,0.9826846262442386,-0.09973092543606206,-0.5001550980150659,0.01000310199069806,0.45302438495181935,1.038016659928025,-0.3797649392973629,0.6710777164902636,0.1181437493593645,0.5246898797793911,0.6527637484675168,1.0240065504213263,0.7
0.2945891783567134,0.2247086857885692,0.016352134597497393,111.05652422256055,-8.88143134671869e-11,-0.3953043939978882,0.06488719506316282,0.9826846194183574,-0.09973092387525613,-0.500155096985587,0.01000310252353684,0.47201458385332673,1.0354331537568175,-0.38071016403119123,0.6763299259464022,0.11867688927303076,0.5239215098644425,0.4544208526923716,1.022991712360589,0.7
0.29659318637274545,0.2247086857892466,0.016352134596659334,111.81201744586666,-1.3491399397582492e-10,-0.3953043938904587,0.06488719510379354,0.9826846211986032,-0.09973092812527902,-0.5001550977347751,0.010003102272429898,0.4539567340555479,1.032774683018698,-0.3816890638361247,0.6806283481899158,0.11931259631814993,0.5233322497463342,0.3306036406944806,1.0183020974675552,0.7
0.2985971943887775,0.22470868579007033,0.01635213459619561,112.56751066917342,-1.6243166742659251e-10,-0.3953043946174215,0.06488719481003524,0.9826846230362889,-0.09973092646509986,-0.500155097600586,0.010003102349569764,0.43856920207499694,1.0296369782817822,-0.3828559857870871,0.6841461884317893,0.12006448691078071,0.5232962677872712,0.4364770837942604,1.013152788294732,0.7
0.3006012024048096,0.22470868579270778,0.016352134595813226,113.32300389247801,-2.441337604385932e-10,-0.3953044066964903,0.06488719287642797,0.9826845921283569,-0.09973092312194899,-0.5001550780243257,0.010003101749535196,0.4547473117416703,1.0264734159232871,-0.3840392846107001,0.6636437153902671,0.12094629765023496,0.5233213415291983,0.578474767006694,1.0146481885264118,0.30095315713385284
0.30260521042084165,0.224708685791757,0.016352134593510346,114.07849711601578,5.488273285319901e-9,-0.3953042517276008,0.06488700218706152,0.9826847547008808,-0.0997311028793473,-0.5001552156641809,0.010003242602202575,0.4486635332116391,1.0255536525474633,-0.38437211377660274,0.5976069877211058,0.1219163898827527,0.5220669810819991,0.1908417541417967,1.0265449148360417,0.30000000000549104
0.3046092184368737,0.2247086857948481,0.01635213460986139,114.83399033898623,-2.9229255440595745e-9,-0.3953043429349553,0.06488728676662364,0.9826847226215235,-0.09973071102049413,-0.5001551304343209,0.010003032538839567,0.35141214862986314,1.026035121030899,-0.38418052749721643,0.5435623534310726,0.1228871700625722,0.5206681365504298,-0.29240365741269003,1.0281303971642426,0.3
0.3066132264529058,0.2247086857816887,0.016352134600246374,115.58948356241976,2.0185953402698653e-10,-0.39530442213662476,0.06488720260253608,0.9826844664457964,-0.09973094182094341,-0.5001550843903948,0.010003105734949095,0.23094699352776948,1.0261474879876826,-0.38412891895616613,0.49933208041592975,0.12384356521946178,0.5206790470865299,-0.22983600889494052,1.0256191846987908,0.3
0.30861723446893785,0.22470868579104195,0.01635213459617889,116.3449767857015,-4.592559926512056e-10,-0.3953044107906021,0.06488720146761157,0.9826846760876646,-0.09973100430276496,-0.5001550940654812,0.010003095397254498,0.18765734723985936,1.0262137155351923,-0.38409631615367956,0.46313390687501865,0.12480016745995651,0.5216495851003373,0.20979959431839523,1.0285350237433004,0.3
0.3106212424849699,0.22470868578975384,0.016352134600372017,117.10047000904113,3.415992841407644e-10,-0.39530440325253513,0.06488717819479595,0.9826846539406523,-0.09973089695464961,-0.5001550942922748,0.010003114875246376,0.2166057265404354,1.0274304442435485,-0.38363791845914086,0.43350922499150246,0.1257345098736207,0.5220036151887092,0.39462724075151395,1.0376352373927178,0.3
0.312625250501002,0.224708685788419,0.016352134597949014,117.85596323233234,-7.758926327116618e-11,-0.39530438236270005,0.06488719480829071,0.9826846196067393,-0.09973092214413407,-0.5001551114722215,0.0100031037507657,0.22726717292341558,1.0301519682731413,-0.38263098197307216,0.4092643062332362,0.12658842136593443,0.5212526629349726,0.11045216128336395,1.0460129280585253,0.3
0.31462925851703405,0.22470868575873654,0.016352134633310027,118.61145645561304,-7.105695761766746e-10,-0.3953044609927376,0.064887305852802,0.9826838606590881,-0.09973039445044522,-0.5001549739190665,0.010003055522530306,0.17224879288828,1.0332719903885768,-0.38148426740575875,0.3894221999517571,0.12732027000138268,0.5204825093843931,-0.20765003363750897,1.0475557885291524,0.3
0.3166332665330661,0.2247086857805872,0.01635213458285956,119.36694967891037,-1.0728861758140959e-9,-0.3953044155386529,0.06488723556232986,0.982684531981774,-0.09973142818367275,-0.5001551079363231,0.010003073823082657,0.1034262240452884,1.0357642813698158,-0.380567746859452,0.37318336724306017,0.12793850405596496,0.5206973754038902,-0.13827979006139118,1.0467487100876691,0.3
0.3186372745490982,0.22470868579421735,0.016352134608309667,120.12244290226963,2.4829812746023117e-10,-0.3953044782414804,0.06488716451565282,0.9826848564774493,-0.0997308728270827,-0.5001550291586451,0.010003115455237844,0.08789051668376097,1.0379707327603132,-0.37975781483065274,0.3598934631680021,0.12846545595589962,0.521497490203282,0.16400188963634751,1.0498331952222888,0.3
0.32064128256513025,0.22470868577847725,0.016352134605623108,120.87793612564627,1.9558017514277484e-9,-0.39530434311232276,0.06488713762217141,0.9826845822036524,-0.09973086851014364,-0.5001551331999851,0.010003150197271726,0.11618151835044481,1.0407563601098362,-0.37874529618839786,0.34901697018590194,0.12889468786420583,0.5218110745074415,0.26025308677798786,1.0568799031779224,0.3
0.3226452905811623,0.2247086857812751,0.016352134601116175,121.63342934882252,-1.3478072871469042e-9,-0.3953043715758335,0.06488724071760119,0.9826846237070883,-0.09973092158094617,-0.5001551147577064,0.010003069260022724,0.12507005004228577,1.0442980095836663,-0.3774712232996644,0.34011561928664397,0.12919579891583413,0.521407939397633,0.0451572156213757,1.0627554921817084,0.3
0.3246492985971944,0.22470868576056044,0.016352134622691073,122.38892257252894,8.62673500137637e-9,-0.39530420463749694,0.06488696342856244,0.9826843981554596,-0.09973066859387458,-0.500155284789659,0.010003300562944552,0.08857747897077994,1.0478311030086007,-0.37620659444550786,0.3328307299544956,0.1293519963706949,0.5210845428756417,-0.15488145746857815,1.0640811747581054,0.3
0.32665330661322645,0.22470868577754793,0.01635213460372173,123.14441579524545,-6.203594437755707e-9,-0.39530430991448984,0.06488740730641064,0.9826846362920935,-0.09973096549020224,-0.5001551605790021,0.01000294439883506,0.047340268582754155,1.0507791295360764,-0.37515191845686924,0.32686875705021723,0.12937797549590763,0.5214512484837852,-0.07925260717253822,1.0643000299338627,0.3
0.3286573146292585,0.22470868576910716,0.01635213460931256,123.89990901882051,4.76671675319449e-10,-0.3953045219913684,0.06488719327819147,0.982684523371137,-0.0997309179947438,-0.5001549979535653,0.010003109653675986,0.0441091277339701,1.0534705541672251,-0.3741919285445382,0.3219894625156492,0.12929308544644863,0.5221387819957786,0.12482684622594184,1.0673788491555272,0.3
0.3306613226452906,0.22470868577246003,0.016352134600394426,124.65540224216552,1.3781126881418985e-9,-0.39530437631284804,0.06488714622945418,0.9826846790185659,-0.09973103468103617,-0.5001551122167828,0.010003137032479275,0.06590560779767111,1.0564964619494435,-0.37312183540431726,0.3179962348397335,0.12909501438174362,0.5224340934249743,0.15983765911108966,1.072823371040458,0.3
0.33266533066132264,0.22470868577203038,0.01635213460659897,125.4108954654098,-2.1068015985975755e-10,-0.39530437509876826,0.06488720039594337,0.9826846615030601,-0.09973085571499912,-0.5001550968259622,0.0100030970370345,0.06913844366067945,1.0598924607945401,-0.3719310074584241,0.31472816664616304,0.12876706211638814,0.522284202250067,-0.002990448556742291,1.0769188615755492,0.3
0.33466933867735466,0.22470868579555994,0.016352134603558725,126.16638868889241,4.128396500798355e-9,-0.3953039033642683,0.06488705397908748,0.9826857379368231,-0.09973108744091828,-0.5001559750724959,0.010003186981853233,0.04867732609464023,1.0625865337520979,-0.3709858356893934,0.3620992070696244,0.12830897732936647,0.5225937696170074,0.020410523277699034,1.0693453066646323,0.6999954748510313
0.3366733466933867,0.2247086857655045,0.01635213464042521,126.92188191163054,-1.008931800278885e-8,-0.3953044749794024,0.06488756494326717,0.9826845785603292,-0.09973046444326504,-0.50015501113869,0.010002834802644182,0.0913980769725643,1.0629065318432545,-0.37086165798386067,0.4234610896541581,0.12779230509810016,0.5240774168208994,0.5595123516576986,1.0610336688147024,0.6999999999999839
0.3386773547094188,0.22470868573973748,0.016352134608601545,127.67737513549753,3.810473358727337e-9,-0.39530450845039156,0.06488711285812844,0.9826842835594346,-0.09973117624804571,-0.5001550240118474,0.01000318279554142,0.2135077490159427,1.062469157679746,-0.3710038536164072,0.47367981734763853,0.12728422872482015,0.5249071090458929,0.8599158581245483,1.0611377577352241,0.7
0.34068136272545085,0.22470868576359462,0.016352134607681635,128.43286835865095,-7.17640876701054e-11,-0.3953043749966684,0.06488718129013964,0.9826848843724717,-0.09973105597602358,-0.5001551161172145,0.010003102815546781,0.30996888159718794,1.062471719041944,-0.3709941374862815,0.5147789581886286,0.12678581042788037,0.5242555587014844,0.5610459499977435,1.0630389937637954,0.7
0.3426853707414829,0.22470868575041406,0.016352134618724073,129.18836158200372,1.0519243553447574e-9,-0.39530436841756744,0.06488716778215368,0.9826845670752138,-0.09973076706553383,-0.5001550623821154,0.01000312328387436,0.31329112701009704,1.0621632158841836,-0.37109496611789633,0.5484146048436495,0.12628840071744885,0.5233364005044304,0.15368439386902655,1.0572811834922462,0.7
0.344689378757515,0.22470868574488853,0.016352134608204123,129.94385480526557,-1.3387577142756255e-10,-0.39530437052447825,0.06488721425873858,0.982684587924369,-0.09973095720996135,-0.5001551205037953,0.010003093008268503,0.2810065606057712,1.0603342670056601,-0.37173455339505523,0.5759421077980528,0.12583203318286398,0.5234963755854177,0.20465925757253392,1.0473603706160188,0.7
0.34669338677354705,0.2247086857459425,0.016352134607759482,130.69934802857009,-2.3260943647119e-10,-0.3953044154809626,0.06488720864687732,0.9826846400221289,-0.09973093125004476,-0.5001550857678639,0.010003094028946436,0.30181035524514593,1.0573326088981716,-0.37279773337455596,0.5984706897585678,0.1254760749822096,0.5243993795793244,0.5829816637511297,1.0415088593020176,0.7
0.3486973947895791,0.22470868574378697,0.016352134605707738,131.45484125190796,5.025692411314441e-10,-0.3953043985287537,0.06488718305416254,0.9826846288444309,-0.09973093358100962,-0.5001550991501967,0.010003113563070404,0.3748773016787983,1.0543981868911576,-0.37384096104929115,0.6169081413917236,0.1252430618872262,0.5247256610822695,0.7494390952147518,1.0415562931126296,0.7
0.3507014028056112,0.22470868574386435,0.01635213460418338,132.21033447519474,-3.614897693620758e-11,-0.3953043905037429,0.0648871976181776,0.9826846396223143,-0.09973092404545802,-0.5001551050008358,0.010003101791013387,0.42564076119202704,1.0521664832645212,-0.37463305032809174,0.6319974010406321,0.12511338913968068,0.5240578055335157,0.5205124180614283,1.0420308282902069,0.7
0.35270541082164325,0.22470868574308003,0.016352134602979976,132.96582769850173,-6.581127221219574e-11,-0.39530439789589333,0.0648871977867877,0.9826846233819473,-0.09973092083602099,-0.5001550994147993,0.01000310206584438,0.4151570542405074,1.0499505804373788,-0.37542306812489384,0.6443464914291404,0.1250691245838643,0.52330525091459,0.259830208235542,1.0371523680907997,0.7
0.3547094188376753,0.2247086857434395,0.01635213460119091,133.72132092180883,-9.002147929256813e-11,-0.39530439705154374,0.06488719577761567,0.9826846261834663,-0.09973093191659965,-0.5001551003536611,0.010003102990629146,0.3873780890060139,1.0469241320783145,-0.37651466441275694,0.6544530199780242,0.12512879499673138,0.5233209526449977,0.321020218651058,1.0298034488056569,0.7
0.3567134268537074,0.22470868574421377,0.016352134600319028,134.47681414511433,-1.5203453099549786e-10,-0.3953043972196883,0.06488719532327675,0.9826846300112823,-0.09973092695768863,-0.5001550995842131,0.010003102862956435,0.3996686369160878,1.0433467258659177,-0.3778164912717952,0.6627242299291854,0.12532332539119678,0.5237888988667844,0.5819645988320006,1.0255660631616739,0.7
0.35871743486973945,0.22470868574486413,0.01635213459939786,135.23230736842086,-1.8327178836066905e-10,-0.39530439601850237,0.06488719479494601,0.9826846259951008,-0.09973092601808152,-0.5001551000277921,0.010003103183385471,0.44641307662353186,1.0400629864043724,-0.37901502877315135,0.6694934102392386,0.12565795249384648,0.5238112275819128,0.6799991444256132,1.0254175307056692,0.7
0.3607214428857715,0.22470868574591057,0.016352134598513517,135.9878005917255,-2.6034983534332723e-10,-0.39530439587790983,0.06488719560070183,0.9826846253042744,-0.09973092697692083,-0.5001550996947959,0.010003102330900219,0.47602860821501025,1.0374290957149912,-0.3799758500046674,0.67503332548024,0.1261107057599087,0.5231643655353672,0.515617830711461,1.0252484697477515,0.7
0.3627254509018036,0.22470868574710837,0.016352134597809622,136.74329381503193,-2.9146767826896506e-10,-0.3953043961858139,0.06488719513537733,0.9826846243774913,-0.09973092684215495,-0.5001550989469461,0.010003102481784416,0.4648606022867385,1.0349112316892255,-0.38089829548662224,0.6795672069063085,0.1266640847447192,0.5224976293121312,0.345338146537213,1.0214097994949598,0.7
0.36472945891783565,0.22470868574845698,0.01635213459717441,137.49878703833824,-3.206951714579878e-10,-0.39530439565425535,0.06488719480453797,0.9826846238054269,-0.09973092699911462,-0.5001550988633588,0.01000310254438202,0.4444440443104189,1.0319420153526786,-0.38199679164606676,0.6832777475718946,0.1273266730876505,0.522366772119366,0.39680735746909257,1.0160074001633392,0.7
0.3667334669338677,0.2247086857499089,0.01635213459664811,138.25428026164457,-3.4972777965625995e-10,-0.39530439692368624,0.06488719509087328,0.9826846289615163,-0.09973092712444152,-0.5001551019408055,0.010003102476340063,0.45266793908019104,1.0287043940708362,-0.383203842847284,0.6836254663613686,0.12811540277821643,0.5225252286528399,0.575890172752032,1.0130189592450694,0.5039333331032965
0.3687374749498998,0.22470868573965427,0.01635213461129939,139.00977348492373,-1.0375002461592346e-9,-0.395304456631798,0.06488725603188941,0.9826843494859993,-0.09973071498264112,-0.5001550433854806,0.010003072308870495,0.46335371377057644,1.0270942917731227,-0.3837965020114696,0.6139601060309058,0.12901131039105096,0.521666730181217,0.342357672227862,1.0259839123274277,0.3000000008687416
0.37074148296593185,0.2247086857953983,0.01635213458488071,139.76526670822216,-1.3206599912873466e-9,-0.39530439568879094,0.06488714213188719,0.9826856554168301,-0.09973145813982334,-0.5001551631912146,0.010003092821935013,0.3886394103116876,1.027487348660096,-0.3836382589140789,0.5569457892080519,0.12992414922226925,0.5201338499537485,-0.20034352261452112,1.0304324129994697,0.3
0.3727454909819639,0.22470868574802944,0.01635213463661988,140.5207599317138,3.351717994136156e-9,-0.39530438181137684,0.06488709113712057,0.9826846481790593,-0.09973034880697486,-0.5001550728294751,0.010003187296426085,0.26235031768819,1.0277936694008616,-0.38351441690698146,0.5102851199216022,0.13081823580239108,0.5197604010915765,-0.3017396953474923,1.0278421178013073,0.3
0.374749498997996,0.22470868573551828,0.016352134600586158,141.27625315484786,-1.0543859202731927e-9,-0.3953042664484319,0.06488724940052891,0.9826844099362122,-0.09973101800991042,-0.500155197560397,0.010003074059165938,0.19374048381522996,1.0278005581411338,-0.3835038620756319,0.47209790365358983,0.13170884888290418,0.5206615350628275,0.0989050119651626,1.0289433820240408,0.3
0.37675350701402804,0.22470868574818684,0.016352134604147275,142.03174637810056,-2.4216956194178133e-9,-0.395304466526545,0.06488726614042921,0.9826846569424053,-0.09973095260333502,-0.5001550418537074,0.01000304760889957,0.2111256859172124,1.0286664123626943,-0.3831761117183233,0.44084538389127753,0.13258604585365194,0.521330913715179,0.4010887727799135,1.0368633998293253,0.3
0.3787575150300601,0.22470868574307845,0.016352134603028288,142.78723960156756,1.5569488853473157e-9,-0.3953044141756758,0.06488713926258916,0.98268460882401,-0.09973095483755484,-0.5001550814768564,0.010003145754007825,0.23504459435386982,1.0310944389561314,-0.38227820284725655,0.4152682382664363,0.13339728061799289,0.5208388137266073,0.21594729270576155,1.046370578808325,0.3
0.3807615230460922,0.22470868574860925,0.016352134602386558,143.54273282479215,-5.253183059653455e-10,-0.3953043940094049,0.06488720057638331,0.9826847069617095,-0.09973092594814136,-0.5001551193888321,0.010003096137836493,0.19530860664798969,1.0342939242056,-0.38110566104083987,0.39433583400415456,0.13409093843205352,0.5199666895080426,-0.15120120506405166,1.049699690867611,0.3
0.38276553106212424,0.22470868574306152,0.016352134603468745,144.29822604811457,-1.5749350461794365e-10,-0.39530439447069227,0.06488719806122123,0.9826845987194004,-0.09973089177741964,-0.5001550948332387,0.010003102373428704,0.12175738711264254,1.0370076579556031,-0.38011187460178003,0.3772046984363102,0.1346635184802129,0.5199360488198753,-0.1920101921241992,1.0487597782257903,0.3
0.38476953907815625,0.22470868574445976,0.01635213459968485,145.05371927141894,-2.462797886956381e-10,-0.3953043863726772,0.06488719649756437,0.9826846260475666,-0.09973094948699993,-0.5001551042569056,0.010003101545154632,0.0895583663501304,1.039239242699591,-0.3792947545717045,0.3631845313548547,0.13513925915610542,0.5207218353752096,0.09365991490069328,1.0505941199738662,0.3
0.3867735470941883,0.22470868574533315,0.01635213460040493,145.8092124947249,-2.890527167889419e-10,-0.39530439874107964,0.06488719691833628,0.9826846294613842,-0.09973091631327007,-0.5001550940169083,0.010003101118219122,0.11200205672157894,1.0418517306854393,-0.37834595895022466,0.3517103891782919,0.13552079467464698,0.521264865707962,0.27460670328232284,1.056999808348455,0.3
0.3887775551102204,0.2247086857462245,0.01635213459882565,146.56470571803783,-1.5975340557853354e-10,-0.39530439270178486,0.06488719132437533,0.9826846351020738,-0.09973093445467833,-0.5001551000675992,0.01000310484788755,0.13118551427545724,1.0452810496065406,-0.3771141204480964,0.34231992058236377,0.1357809525424548,0.5210232557698099,0.11871861835643052,1.063774358050067,0.3
0.39078156312625245,0.22470868575929606,0.016352134610470432,147.32019894109038,-6.521675861342459e-9,-0.3953047945276721,0.06488739802662535,0.9826847764065547,-0.0997309779643077,-0.500154789866842,0.01000293925031484,0.10428442727663194,1.048936928106109,-0.3758095740956521,0.3346347360075612,0.1358959523641515,0.5206174890381413,-0.1238228931339299,1.0661875338888418,0.3
0.3927855711422845,0.22470868573833153,0.016352134603630247,148.07569216497782,7.941382742654276e-9,-0.3953044085946108,0.06488693175789581,0.9826846004890616,-0.0997310729434147,-0.500155090421334,0.010003302687686105,0.05856691084003228,1.0520669104011933,-0.3746940228733335,0.3283451604324523,0.13587369501200908,0.5208341914024495,-0.12025759882713696,1.06620710755548,0.3
0.3947895791583166,0.22470868575050296,0.01635213460709462,148.83118538789614,-1.7943895171813454e-9,-0.3953042692877511,0.06488723521836028,0.9826848198715449,-0.09973085500247154,-0.5001551842681646,0.01000306552964355,0.04438331773141299,1.0547911092753084,-0.37372474083530177,0.3231977549858502,0.1357359294655344,0.5215441080862572,0.08283941136932707,1.0684370124394786,0.3
0.39679358717434865,0.22470868573611183,0.016352134610180716,149.58667861124647,-7.265014157316466e-10,-0.39530441971835445,0.06488723106427927,0.9826845017636439,-0.0997308072908084,-0.5001550744540773,0.010003083834260993,0.06390927577369013,1.0577270418673068,-0.372687949275628,0.31898510462407714,0.13548660041302615,0.5220071908295594,0.17853020573774708,1.0735989103959314,0.3
0.3987975951903807,0.22470868573895536,0.016352134598378767,150.34217183458074,-8.539974170628854e-11,-0.39530440023123303,0.06488719628666248,0.9826845901277812,-0.0997310284496888,-0.5001550999313783,0.010003103420830516,0.07492033022983656,1.0610963149677066,-0.37150893529097434,0.3155374603189978,0.1351103652598179,0.5219526433920637,0.04745785501685873,1.0783956648117086,0.3
0.4008016032064128,0.22470868578037764,0.016352134609229435,151.09766505787493,-4.088691281544911e-10,-0.3953055200663421,0.06488715946221008,0.9826859630855183,-0.09973085585651101,-0.5001556874270682,0.010003093977921788,0.05509898890188154,1.0642634878060626,-0.37040489865015797,0.34354429598740055,0.13459829579790475,0.5219971635899993,-0.05289810620005923,1.0750080618663318,0.6998436289704547
0.40280561122244485,0.2247086857474545,0.01635213458615535,151.85315828135595,3.838287081416136e-9,-0.39530426449312167,0.06488704098906513,0.9826849834086817,-0.0997316680258272,-0.5001552209898585,0.01000319955893392,0.07255296657858604,1.0651310506148928,-0.37009123263300103,0.4082757025619159,0.13400166736112326,0.5233422727390472,0.40999801543459596,1.0646397815979443,0.6999999999970357
0.4048096192384769,0.22470868574461347,0.016352134637166095,152.60865150447358,-8.478795664407826e-10,-0.39530440185941934,0.0648872099448209,0.9826849143697961,-0.09973050318011283,-0.5001550633774043,0.010003084876325686,0.1815452837263454,1.064735442068376,-0.37021751020229726,0.4612520560045543,0.13340219215499632,0.5245409605447998,0.8455452010993494,1.062740011249531,0.7
0.406813627254509,0.22470868571402117,0.01635213461528411,153.3641447278779,1.5136256874305854e-9,-0.39530433303495544,0.06488718029544463,0.9826843676027718,-0.09973090228734284,-0.5001551420328045,0.010003130745846935,0.295994341537787,1.0646310759611033,-0.37024442910343697,0.5046080451213816,0.1328156376105325,0.5242488421899952,0.6831439561957675,1.065331410285487,0.7
0.40881763527054105,0.2247086857273506,0.016352134606905277,154.1196379510523,-1.8476361176589923e-9,-0.3953044058087214,0.06488725564955658,0.9826846739637822,-0.09973102361201182,-0.5001550922946049,0.01000305629237593,0.3225651072787201,1.064570715888644,-0.370257765915778,0.540090702385339,0.13222810674074464,0.5232496495537231,0.2299300942775784,1.061833400714681,0.7
0.4108216432865731,0.22470868572419164,0.016352134612243628,154.87513117447375,9.89624535870432e-10,-0.39530441454233944,0.06488716225123693,0.9826845864157925,-0.09973090096532823,-0.5001550439618648,0.010003125607609594,0.28914428463364616,1.0631835867164754,-0.370737816542187,0.5691298038664699,0.13166617022023108,0.523109824657666,0.14236698078938229,1.0520516107102658,0.7
0.4128256513026052,0.2247086857211572,0.016352134607744973,155.63062439775106,2.0769640982736666e-10,-0.3953043730876636,0.06488719111827185,0.9826846403542264,-0.09973093736732415,-0.5001551167752492,0.010003107307776841,0.29156988408418916,1.0603813953932075,-0.37172375352975545,0.5928954820047272,0.13119081871660232,0.523970291169288,0.48735586979817974,1.044647531814327,0.7
0.41482965931863724,0.22470868572029967,0.016352134607391277,156.38611762103963,-2.811619697904627e-10,-0.395304398696612,0.06488720658118682,0.9826846291235537,-0.09973090783570421,-0.5001550980096403,0.010003095978875476,0.3572446201763153,1.0573241827477207,-0.3728057274940192,0.6123453764782487,0.13083728403547315,0.5245732647120942,0.7519949407464195,1.0434276672240148,0.7
0.4168336673346693,0.22470868571930755,0.016352134604570096,157.1416108443614,5.76319552751223e-11,-0.39530439960640323,0.06488719409447019,0.9826846178735521,-0.09973093525859451,-0.5001550999340303,0.010003105398268488,0.4208616305102584,1.0549325004239798,-0.3736513030022464,0.6282632220513831,0.13059411530560128,0.5241337709861896,0.6049783010484125,1.0445674956539925,0.7
0.4188376753507014,0.22470868572049366,0.016352134603206062,157.89710406766213,-1.2500795618154477e-10,-0.39530439764572073,0.06488719613635648,0.9826846386975346,-0.09973093163929486,-0.5001551018202612,0.010003102585476188,0.42454613661740376,1.0528206071837323,-0.37439929269689703,0.6412904293729446,0.13043782673850005,0.5233097484379822,0.3038729693833814,1.0411278999654277,0.7
0.42084168336673344,0.22470868572070357,0.016352134602381795,158.6525972909707,-1.0858452525052241e-10,-0.3953043979746961,0.06488719465450346,0.9826846306697439,-0.09973092280856859,-0.5001551015788809,0.010003103911878992,0.39418683381282993,1.050019890423002,-0.37540217384459423,0.6519519306306732,0.13037777338840933,0.5231333821682982,0.2743763557061034,1.0337695458276777,0.7
0.4228456913827655,0.2247086857215362,0.016352134601012282,159.40809051427476,-2.0469509387745118e-10,-0.39530439685488894,0.06488719611727237,0.9826846287995322,-0.09973092807514165,-0.5001551027874599,0.010003102595798868,0.3937325930352041,1.046500736126742,-0.3766751129686661,0.6606773317287304,0.13044624315289996,0.5235975613594404,0.5204010538633191,1.0283988441485046,0.7
0.4248496993987976,0.22470868572278638,0.016352134600119514,160.16358373758027,-2.608283566462161e-10,-0.39530439854191757,0.06488719612510706,0.9826846298330005,-0.09973092732280524,-0.5001551012887078,0.010003102273416857,0.43615769544396366,1.0430662437422549,-0.3779230555338565,0.6678182232862465,0.13065702214586594,0.523819486217453,0.6866125475910387,1.0274358181253298,0.7
0.42685370741482964,0.22470868572411457,0.01635213459928906,160.91907696088757,-2.694297671446802e-10,-0.3953043979605455,0.06488719495107693,0.9826846286784849,-0.09973092756286546,-0.5001551013708164,0.010003102970521796,0.4746575753715193,1.040282251622664,-0.3789343669998458,0.6736623480047577,0.13099286901540586,0.5233231922089515,0.57298972706764,1.0277762288084658,0.7
0.4288577154308617,0.22470868572568298,0.016352134598581473,161.6745701841931,-3.2007663013076617e-10,-0.39530439736846934,0.06488719526608419,0.9826846283858491,-0.09973092717477933,-0.5001551012967707,0.010003102518667165,0.47241202747051786,1.0378000282510593,-0.3798382039507439,0.6784451952795487,0.13143179285750448,0.5226049864964417,0.37226684030240187,1.02486437537468,0.7
0.4308617234468938,0.2247086857273378,0.016352134597977977,162.43006340749938,-3.4971518551492827e-10,-0.39530439732160977,0.0648871951820066,0.9826846268694444,-0.09973092685927001,-0.5001551007339683,0.01000310243621947,0.44961324743985603,1.0349463724830923,-0.3808868577066645,0.6823594902605373,0.13197616493827546,0.5223518056046494,0.3640165493343773,1.0194131953548464,0.7
0.43286573146292584,0.2247086857296128,0.016352134597437378,163.18555663080187,-4.730412445289762e-10,-0.3953044021555381,0.06488719734285356,0.9826846328123636,-0.09973093125664584,-0.5001550943998059,0.010003099982177832,0.44915392290855893,1.0317094639691637,-0.3820867623618616,0.6855629597252313,0.13264390310698337,0.522520193421911,0.5359669306878251,1.015474762204563,0.7
0.4348697394789579,0.22470868574352323,0.016352134595928606,163.94104985408407,-1.1067870477839841e-9,-0.395304435852755,0.064887194383447,0.9826848956539357,-0.09973102275718715,-0.5001550708967695,0.010003088569241595,0.4688903953655451,1.0293792201244798,-0.38294815525892356,0.6312056993210005,0.13343267237159587,0.52208313178198,0.4696070429179155,1.0250052704801593,0.30000014143236364
0.4368737474949899,0.22470868575713196,0.016352134609552364,164.69654307747805,1.076484125912989e-9,-0.3953043685165391,0.06488709578995581,0.9826833722198571,-0.09973071004528805,-0.5001546470948961,0.01000313654872638,0.41967552777741807,1.0294617833149544,-0.38290536480588633,0.5710596279312512,0.13426244964148024,0.5205404228534672,-0.07562881206891715,1.0324613886556038,0.3000000000000001
0.438877755511022,0.22470868574275266,0.01635213458495932,165.45203630045532,-7.2396734703072195e-9,-0.3953044665135171,0.06488740420900106,0.9826848410871047,-0.09973141342987811,-0.5001550663473826,0.010002931008049427,0.295872432988485,1.0298975254873124,-0.3827334703518677,0.5218359239381413,0.1350751748682036,0.5197721865324701,-0.33894659522027054,1.0305764129690504,0.3
0.44088176352705405,0.2247086857319921,0.01635213461577725,166.20752952418948,3.4711549533299635e-9,-0.39530452511771363,0.0648870668620088,0.9826847119772709,-0.0997308017740688,-0.5001549912281075,0.010003196792726259,0.20381877822824843,1.0298774426666635,-0.3827325086287541,0.481551112504759,0.1358808759045691,0.5204745964035777,-0.022978378029516324,1.030008300912252,0.3
0.4428857715430861,0.22470868572684052,0.016352134602829516,166.9630227474065,1.1797511061882332e-9,-0.3953042841151606,0.06488715034295711,0.9826846485494442,-0.09973095759051272,-0.5001551845511307,0.010003137422865337,0.20361137577531238,1.0303936342087707,-0.3825345495829568,0.4485819152590804,0.1366809916813707,0.5213778368225064,0.3689986901872813,1.0363465225515618,0.3
0.4448897795591182,0.22470868572856692,0.016352134606985626,167.7185159705878,-1.97263532472961e-9,-0.39530439846577864,0.06488725640867604,0.9826846338699936,-0.09973084864863137,-0.5001550957965354,0.010003058086192678,0.2357463329953293,1.0324196251328435,-0.3817852920912781,0.42159983619712776,0.13743165715127686,0.5211902784616835,0.30691953773087893,1.046334214605624,0.3
0.44689378757515025,0.2247086857139481,0.01635213460670108,168.47400919407576,2.5264484825581706e-9,-0.39530376752432544,0.06488711289578827,0.9826832946477826,-0.09973082975223575,-0.5001549557236797,0.010003121399892904,0.2137427008566668,1.035555820627459,-0.38063885551875654,0.3995176302555625,0.13807483877655247,0.520290505678273,-0.07200856532509063,1.051580473613876,0.3
0.4488977955911823,0.22470868573445948,0.016352134605561383,169.22950241690688,-9.404015753244482e-9,-0.3953045467892948,0.06488750166486298,0.9826847712317153,-0.09973103242790513,-0.5001550383117908,0.01000286886970134,0.1409963995672601,1.0384484542629078,-0.3795840537684404,0.38144549467758987,0.13859335934803993,0.5199945244633157,-0.22459999971164338,1.050989255141238,0.3
0.4509018036072144,0.22470868571896102,0.01635213460925255,169.98499564075988,4.222917217845621e-9,-0.3953045632727483,0.0648870623028656,0.9826846142525494,-0.09973100662849767,-0.5001550306654016,0.010003208310671927,0.09294098032417633,1.040722576714844,-0.37875405694207204,0.366655210325438,0.13900966251196106,0.5206729522709899,0.012719110468399818,1.0516468551350036,0.3
0.45290581162324645,0.22470868572701036,0.01635213460391013,170.7404888639202,5.202013100273392e-10,-0.3953043152278133,0.06488716245358978,0.9826847820734051,-0.09973098636923561,-0.5001551628742198,0.010003121739433775,0.10529298025689737,1.0431502942022781,-0.37787336645171155,0.35455080209735157,0.13933490864347117,0.5213930561313995,0.26262071102590345,1.0570825257341012,0.3
0.4549098196392785,0.22470868572057065,0.01635213461150444,171.4959820871761,-7.679075647044387e-10,-0.39530439455468935,0.06488722313656746,0.9826846186005952,-0.09973080085868818,-0.5001550962372178,0.01000308484610433,0.13182945683478672,1.0463823737149314,-0.3767138781959235,0.34464452209965757,0.13954745943326802,0.5213441598364761,0.18490865876947976,1.064367924080763,0.3
0.4569138276553106,0.22470868571896488,0.016352134602592255,172.25147531051303,-5.799810506386521e-11,-0.3953043684800048,0.06488719445349042,0.9826845067366977,-0.09973096760137592,-0.5001550691930307,0.010003101555382895,0.11664648593469293,1.0500664128075612,-0.3754029269046897,0.336537196084869,0.13961857222934623,0.5208962492714792,-0.07667230631953605,1.0679950447687752,0.3
0.45891783567134264,0.22470868572172123,0.016352134603633724,173.0069685338098,-3.3633492757235235e-10,-0.39530440805452793,0.06488720136334622,0.9826846517400305,-0.09973093488499656,-0.5001550918945391,0.010003097636813793,0.07002813033657043,1.0533497879803553,-0.37423714765930055,0.32990213884883535,0.13954792179232348,0.5209365198328709,-0.1496022725651571,1.0681071015742545,0.3
0.4609218436873747,0.22470868572002328,0.016352134603123052,173.76246175714047,2.3351948222327625e-10,-0.39530438823117625,0.06488718576856141,0.982684613978571,-0.09973092064623922,-0.5001551060469573,0.01000311126348966,0.04493152162743662,1.056112118688599,-0.3732571120241428,0.32447199027942264,0.13935737149133431,0.5216011812592845,0.030718064830833648,1.0694976233436464,0.3
0.4629258517034068,0.22470868572184713,0.016352134601403823,174.51795498042833,-2.67190850571177e-10,-0.39530438974610005,0.06488719838207037,0.9826846339730297,-0.09973093417390376,-0.5001551051189381,0.010003100312252815,0.05920726065583152,1.058936812290018,-0.372261031800286,0.3200279421904753,0.1390570291036293,0.5221996342291817,0.17959279299405145,1.0741174507774194,0.3
0.46492985971943884,0.22470868572248365,0.01635213460126108,175.2734482037375,-2.3039533493787892e-10,-0.39530439938487627,0.06488719682339099,0.9826846242437789,-0.09973091954549992,-0.5001550968004577,0.010003101729939097,0.07647246358725078,1.0622116976826543,-0.3711169640424075,0.31639092136785835,0.138634595792235,0.5222609513219779,0.09518271333331658,1.0793963854580215,0.3
0.4669338677354709,0.22470868572900665,0.016352134600669952,176.02894142699643,-1.4515949455908348e-9,-0.3953044786974227,0.0648872280516149,0.9826847224130033,-0.09973097442067697,-0.5001550395149323,0.010003072477292704,0.06258889188279855,1.065603198468993,-0.3699397071784128,0.3239802793881548,0.1380763002567839,0.5221488034895778,-0.07476396661366641,1.0805832016861248,0.672462304180229
0.468937875751503,0.22470868568059746,0.016352134661012766,176.7844346505631,5.090342135612202e-9,-0.39530440354383534,0.0648871575432119,0.9826837672434116,-0.09973014111612305,-0.5001550515682338,0.010003185867730422,0.05895591580675639,1.067117050477223,-0.36940533951253957,0.39226445659526143,0.1374114274868649,0.5232010252572297,0.2537241058434113,1.0685699887849034,0.6999999993013696
0.47094188376753504,0.22470868571008493,0.016352134591014898,177.53992787351834,-3.8664310519597825e-9,-0.39530432725747866,0.06488733804383988,0.9826844927535884,-0.09973148044746886,-0.500155172120438,0.010003000576077297,0.1478162926795018,1.0668499771639148,-0.3694860215334955,0.4481484095531565,0.13672812414190869,0.524654036110857,0.7824475687201639,1.0643722345343327,0.7
0.4729458917835671,0.22470868572251973,0.01635213462083014,178.29542109697368,-1.367952853553806e-10,-0.39530454333351145,0.06488718402629431,0.9826848173659531,-0.09973085950558279,-0.5001549747659851,0.010003103795054143,0.2732750870826762,1.0665881912006359,-0.3695670032975754,0.4938839858767272,0.13605994563254983,0.5247728480968291,0.7831381446777168,1.0667711113263754,0.7
0.4749498997995992,0.22470868570621158,0.016352134613215,179.05091432040714,2.9794907832942416e-9,-0.3953043368796632,0.06488710549129169,0.9826845875760379,-0.09973092209862773,-0.5001551360584028,0.010003174988016662,0.3257010081120106,1.066638448740981,-0.3695415458779075,0.5313141036643113,0.13539326369064972,0.5237980302761922,0.33436943438367267,1.0655432825134228,0.7
0.47695390781563124,0.22470868571196634,0.016352134611682997,179.80640754353377,-1.5624893904450662e-9,-0.3953043880749053,0.06488724859869155,0.9826847070648186,-0.09973089583950662,-0.5001551377820795,0.010003063727642796,0.29850283947266476,1.0656658888115051,-0.36987397876366507,0.5619470119739634,0.13474039392239867,0.5233481927012671,0.11018226663835251,1.0565569145765352,0.7
0.4789579158316633,0.2247086857044882,0.01635213461009477,180.56190076691405,2.3651016875063367e-10,-0.39530441399424565,0.06488719555594119,0.982684570152745,-0.09973092012192797,-0.500155079911913,0.010003106532112739,0.28424825684644217,1.0631244793367627,-0.37076238316111293,0.5870170659943896,0.13415923435299779,0.5240540826182304,0.38188634071566063,1.0478207858874518,0.7
0.48096192384769537,0.2247086857065725,0.016352134605892295,181.31739399021635,8.415691995623212e-11,-0.3953043906346442,0.06488719134794452,0.9826846352714872,-0.09973095995245815,-0.5001550998242196,0.010003105864470173,0.3374244407369579,1.0599864740810607,-0.37186825744100843,0.6075344651191011,0.1336963588134044,0.5248645671174267,0.7218371952264873,1.0450341803064085,0.7
0.48296593186372744,0.22470868570659913,0.01635213460652716,182.07288721351952,-3.536850241247327e-11,-0.39530439482386165,0.06488719434438428,0.9826846346879925,-0.0997309102867614,-0.5001550951342806,0.010003103745318678,0.40981294413495145,1.0573793610566393,-0.3727873189128391,0.6243259593489426,0.13335102844245902,0.5246924669924271,0.6781374789763013,1.046286760710169,0.7
0.4849699398797595,0.22470868570587663,0.01635213460434016,182.82838043682776,-3.129674563803956e-11,-0.3953043905833667,0.06488719456041814,0.9826846126430885,-0.09973092461219357,-0.5001551001597426,0.010003104321973346,0.42995205580902945,1.055275816623438,-0.373528636594305,0.6380681630638132,0.13309754233902307,0.5238576601239666,0.36775384656677945,1.0443554872676168,0.7
0.48697394789579157,0.22470868570720248,0.016352134602846832,183.5838736601275,-2.3655090714323554e-10,-0.3953043949557489,0.06488719841397092,0.9826846233499025,-0.09973092931889545,-0.500155097899433,0.01000310058972868,0.40173478718074973,1.0526815550617927,-0.3744515240031085,0.6493148192789335,0.13293508128221393,0.5234693695080729,0.24544482560217,1.037410566702473,0.7
0.4889779559118236,0.22470868570764913,0.016352134602483102,184.33936688344272,-5.067399473668775e-11,-0.3953043933965232,0.06488719219837294,0.9826846130829392,-0.0997309176884263,-0.5001550993073789,0.010003105778905825,0.38919059762536923,1.0492585970920225,-0.37568278969621116,0.6585191127565763,0.13289419051918835,0.5238496477032766,0.4498446513220177,1.031038116139289,0.7
0.49098196392785565,0.22470868570943833,0.016352134600768318,185.09486010673996,-3.14628965127914e-10,-0.39530439346241036,0.06488719814876963,0.9826846229316892,-0.09973093185231219,-0.5001551007239873,0.0100031005313471,0.42376251163645196,1.0456922442061065,-0.37697351027926373,0.6660519311162943,0.1329964401484456,0.5242262929903915,0.6713742425817424,1.0290147260052427,0.7
0.4929859719438877,0.22470868571101685,0.01635213460028138,185.85035333004942,-2.699393187519893e-10,-0.3953043979378002,0.0648871952176836,0.9826846247455844,-0.0997309258773601,-0.5001550977395551,0.010003102563498682,0.46870490792737535,1.0427111727499256,-0.3780530101538006,0.6722168097762786,0.13323123537360756,0.5239058529814588,0.6240878213881401,1.0295190050974625,0.7
0.4949899799599198,0.2247086857126293,0.016352134599413558,186.60584655335734,-2.62973033420812e-10,-0.3953043952385853,0.06488719388857238,0.9826846245628535,-0.09973092804870819,-0.5001551005120086,0.010003103488132097,0.47712066795650626,1.0401982739661881,-0.37896373203605094,0.6772621629332857,0.13357412970361018,0.5231701124097834,0.41249179465863206,1.027600122649936,0.7
0.49699398797595185,0.22470868571454616,0.016352134598841297,187.3613397766615,-3.460015086726662e-10,-0.3953043957265191,0.06488719555275968,0.9826846259806956,-0.0997309262628196,-0.5001551005684599,0.010003102095155566,0.45499479881030963,1.0374457055736324,-0.379969307648102,0.6813912934292631,0.13402043753189102,0.522773692636395,0.3417920640489742,1.0223780218077003,0.7
0.4989979959919839,0.22470868571642175,0.016352134598272654,188.11683299996886,-3.510239744518535e-10,-0.39530439643451887,0.06488719503153151,0.9826846244685828,-0.09973092679828485,-0.5001551004241035,0.010003102471427532,0.4461011406212208,1.0342331794942834,-0.38115414201791104,0.6847705848529259,0.1345869952225237,0.5228933608696585,0.488553383242597,1.0177091570324097,0.7
0.501002004008016,0.22470868573000485,0.016352134600637527,188.87232622328068,-2.368056680141084e-10,-0.3953042191597055,0.06488715106258854,0.982683572704446,-0.09973083745159501,-0.5001547239515892,0.010003095284557442,0.4671093081324691,1.031340608941316,-0.3822239199907194,0.6494364377828266,0.13528218567305783,0.5227948188610672,0.5581123381611357,1.0228946980318676,0.30000952994209085
0.503006012024048,0.22470868572698427,0.01635213459121555,189.6278194464096,-4.726896684548808e-9,-0.395304469615342,0.06488732801026717,0.9826847500837809,-0.09973117788103815,-0.5001550554590831,0.010002993933498338,0.4435714664770288,1.0309179321658597,-0.38236833895149724,0.5859797146679419,0.1360457519236759,0.5213821515663052,0.07317260549062955,1.0331341473228624,0.30000000000009563
0.5050100200400801,0.22470868572074354,0.016352134607084085,190.38331267000788,2.5653980154504654e-9,-0.39530444129116643,0.06488709466753213,0.9826845928511015,-0.0997308721192104,-0.5001550136853637,0.010003173107737757,0.3308892422674196,1.0314136017878521,-0.38217410632540044,0.5340465620476073,0.13679994934526943,0.5202524438844622,-0.33246620687582823,1.0328437278156872,0.3
0.5070140280561122,0.22470868572090832,0.016352134600724693,191.13880589321428,2.4257830878286338e-11,-0.39530432781039426,0.06488718330781748,0.9826846560378637,-0.09973093441144477,-0.5001551490118188,0.010003110769266917,0.21964817620083643,1.0314315758758223,-0.3821584673248785,0.49154433139313103,0.1375431695542257,0.520638242030449,-0.14328603279162946,1.0309448086266146,0.3
0.5090180360721442,0.2247086857206166,0.01635213460371359,191.89429911647363,-1.1749877479621574e-9,-0.39530440322130417,0.06488722904162443,0.9826845964246476,-0.09973086685317659,-0.5001550894625227,0.010003079027036767,0.1968009564218661,1.0316535517246688,-0.3820690733428409,0.4567603922794062,0.138285833021554,0.5216666977035777,0.2991304987955172,1.0354388707938458,0.3
0.5110220440881763,0.22470868572083777,0.01635213459872844,192.6497923398266,-4.86603545809869e-11,-0.39530440482656765,0.06488719039260128,0.9826845878489435,-0.09973096347682253,-0.500155092702831,0.010003107416848652,0.23064128271137593,1.0332284387750632,-0.38148518763093076,0.42829312362772093,0.1389952067747865,0.5218081792679008,0.374172441449266,1.0452314231353377,0.3
0.5130260521042084,0.22470868572689554,0.01635213459902958,193.4052855631211,-3.750811031493066e-10,-0.3953044356956794,0.06488719478343738,0.9826847000478988,-0.09973093968304712,-0.5001551142666503,0.01000310207076673,0.2271869484010262,1.0361801654808243,-0.38040681263779297,0.40499543497931206,0.1396110842297519,0.5209701751570658,0.02594469550010372,1.0523394461394233,0.3
0.5150300601202404,0.2247086857252828,0.01635213460003362,194.1607787864445,2.0181885939376564e-11,-0.3953043850011533,0.0648871862201933,0.9826846255135127,-0.09973091915885643,-0.5001551045389988,0.0100031090696972,0.16121185730769153,1.0392166955702227,-0.3793025667833624,0.38592854432441964,0.14010221473410123,0.5204178716833622,-0.22910434854976733,1.052660328078351,0.3
0.5170340681362725,0.2247086857263514,0.016352134599761613,194.91627200973033,-5.235538476123754e-10,-0.3953043960243557,0.0648872052269295,0.9826846091933676,-0.0997309133497782,-0.5001550963199842,0.010003095395666389,0.09963764865178948,1.0415811670873252,-0.37844176306953875,0.3703241501242122,0.14048518200473933,0.5209015544787321,-0.07096250686508063,1.052347700859964,0.3
0.5190380761523046,0.2247086857276258,0.016352134598508705,195.67176523305614,-7.204040588635411e-11,-0.39530439410562684,0.06488718980660842,0.9826846089340867,-0.09973093289986863,-0.500155098775705,0.010003106770724763,0.09806847442690095,1.043856956828965,-0.3776163102826957,0.35755347224345957,0.14077833440768944,0.5217297226369982,0.2238624616115739,1.0565715058345257,0.3
0.5210420841683366,0.22470868573033692,0.01635213459802538,196.42725845635238,-3.573798900358089e-10,-0.3953043937860314,0.06488719705308243,0.9826846293296585,-0.09973092924097683,-0.5001550990037632,0.01000310022822233,0.1279399906685384,1.0468491430596922,-0.3765425954506131,0.3471019153652088,0.14096758869004422,0.5218961092016488,0.23802606227655745,1.0639396872485258,0.3
0.5230460921843687,0.22470868577094444,0.016352134599479297,197.18275167960243,-1.7918699258820755e-9,-0.3953053529814008,0.06488720528495066,0.9826856156582571,-0.09973094537404463,-0.5001554859139296,0.010003075652246701,0.12570671595915248,1.0504852597626104,-0.37525005400613387,0.33854833356779945,0.14102185491973437,0.5214608333266502,-0.014514493314581095,1.0688217482397409,0.3
0.5250501002004008,0.22470868574682618,0.016352134577967147,197.93824490297746,-1.6637675587053865e-10,-0.3953043949557107,0.06488715426873047,0.9826850027311004,-0.09973156392726269,-0.5001551222836923,0.010003109761860165,0.08224393157920395,1.0539078730051972,-0.37403773268401097,0.331548058912382,0.14093183734070072,0.5213175307467312,-0.16181487389125065,1.0693887234390345,0.3
0.5270541082164328,0.22470868573915037,0.016352134621912633,198.69373812635203,1.5703784304518188e-9,-0.395304422498666,0.06488712496898284,0.9826848372344521,-0.09973060385221744,-0.5001550560130258,0.01000314875396598,0.0472297440102633,1.0567426748346915,-0.3730339609900568,0.3258190156545922,0.14071690829599495,0.5218717489224923,-0.026794523131837018,1.0700421994610283,0.3
0.5290581162324649,0.22470868572053468,0.016352134605202615,199.4492313496293,7.728659775607274e-10,-0.395304304769545,0.06488718725289311,0.9826844617921277,-0.09973089746049585,-0.5001551646104275,0.010003118590628798,0.05334333295228585,1.059471745544401,-0.37207189525344325,0.32113035135453843,0.14039275896300712,0.5225639383624597,0.16204619169996495,1.073909880101585,0.3
0.531062124248497,0.22470868573041308,0.01635213460147344,200.20472457282372,-2.072288188187254e-9,-0.39530441357087576,0.06488726103984825,0.9826846313767928,-0.09973096135383003,-0.5001550858309041,0.010003052737049068,0.07456364966820701,1.062616023291934,-0.3709735584974609,0.3172931359715432,0.1399517492673693,0.5227608943507784,0.13692213017153337,1.079416234276704,0.3
0.533066132264529,0.22470868572952613,0.01635213460255663,200.9602177962699,1.3821864779168532e-9,-0.39530430020526636,0.06488714911268821,0.9826846451518886,-0.09973095160644775,-0.5001551586445977,0.010003136048247112,0.06929856713011784,1.0660308399603953,-0.36978975333840225,0.31415274865488274,0.1393776016847466,0.5226172172694479,-0.04362814091331311,1.0827416343923717,0.3
0.5350701402805611,0.22470868573490116,0.016352134609230462,201.7157110194508,-1.7906426851707383e-9,-0.3953043126211743,0.06488725826533703,0.982684728411873,-0.09973087928454068,-0.5001551537085378,0.010003052531113719,0.05195262834824311,1.0682453517468704,-0.36901767617439474,0.37535837703152775,0.13868120382914856,0.5232667364513424,0.10929602425424186,1.0723472338599715,0.6999999698683854
0.5370741482965932,0.22470868572598415,0.016352134610211195,202.47120424282457,-1.546475362535748e-10,-0.3953044282857316,0.06488721445638126,0.9826845314126967,-0.09973086683200114,-0.5001550714214263,0.01000309478999443,0.11568248795133665,1.0682363927331824,-0.3690085810078417,0.43431242888855165,0.1379457096973244,0.5248290040883499,0.6746398389534501,1.065760101387806,0.6999999999999998
0.5390781563126252,0.22470868573019864,0.01635213460195381,203.22669746614872,2.294389754240873e-10,-0.3953043933476259,0.06488718693996474,0.9826846089380683,-0.09973100192095731,-0.5001550958959301,0.01000310881502213,0.24354050394440144,1.067834130188334,-0.3691376252982674,0.4825605823656595,0.1372241632684455,0.525376282940368,0.8484709787261862,1.0671354715373882,0.7
0.5410821643286573,0.22470868573275338,0.0163521346048673,203.98219068944482,-6.43428172927071e-11,-0.3953043993621724,0.06488719408003371,0.982684666876882,-0.09973091142060156,-0.500155095536421,0.010003102678078475,0.3218804761584389,1.0678799057337391,-0.3691134263788529,0.5220469999845629,0.13650901455959338,0.5245454210057336,0.45871355527623275,1.0678796107994373,0.7
0.5430861723446894,0.22470868573309788,0.0163521346033704,204.73768391276252,1.752950117464786e-10,-0.3953044169902262,0.06488719027974504,0.982684670365915,-0.09973092421270745,-0.5001551265179774,0.010003108213915235,0.30844744212733494,1.06728382584788,-0.36931350620133363,0.5543627895728528,0.13579960162008475,0.52381788903113,0.11584474174923617,1.0603801641174777,0.7
0.5450901803607214,0.22470868573207717,0.01635213460296579,205.4931771360545,-2.2765808292700364e-10,-0.3953043957693527,0.06488720392133798,0.9826846099017048,-0.09973092032997223,-0.5001550960139929,0.010003097226286143,0.2813632528907603,1.0650810277256761,-0.3700791582217847,0.5808101181354726,0.13514592081512508,0.5242718476024747,0.2780957974748654,1.0506965385959373,0.7
0.5470941883767535,0.22470868573329486,0.016352134601148382,206.24867035937103,-1.7878548279870772e-11,-0.39530439812282453,0.06488719435188542,0.982684617523385,-0.09973093564669695,-0.5001550950966173,0.010003103621988838,0.317871506702752,1.0619448206327609,-0.37118073620056213,0.6024546824174907,0.1346034143664912,0.5251998420223956,0.6598382475100317,1.0461872298526063,0.7
0.5490981963927856,0.22470868573491345,0.01635213460041783,207.00416358267827,-3.5521985801109895e-11,-0.39530439440791126,0.06488719328471047,0.9826846274500669,-0.09973092764820124,-0.5001550976945921,0.010003103814781648,0.3936463011814882,1.059115432978627,-0.37217660628727584,0.6201686516218335,0.13418388342325688,0.5253179349240886,0.7317421767479805,1.046982681995627,0.7
0.5511022044088176,0.22470868573600936,0.016352134599702906,207.75965680598478,-7.310618631964564e-11,-0.39530439343065027,0.06488719462406925,0.9826846213839393,-0.0997309231589937,-0.5001550986391143,0.010003102985117258,0.43104284309585006,1.0569411197613665,-0.37294081320560707,0.6346658113190319,0.13386326142341384,0.524549273001583,0.4477377789267904,1.046460454445343,0.7
0.5531062124248497,0.2247086857373876,0.016352134598810374,208.51515002929756,4.6547834347254855e-11,-0.395304389910922,0.06488719024277285,0.9826846217532814,-0.09973092870254283,-0.5001551018862403,0.010003106144479662,0.41005024594264544,1.0545347975985295,-0.3737925046655963,0.6465303255259736,0.13363075784416933,0.5239581714031208,0.24036066825078486,1.0403930443893026,0.7
0.5551102204408818,0.2247086857392253,0.016352134598364033,209.27064325259516,-2.1343860188770785e-10,-0.39530439376260795,0.06488719810872787,0.9826846242049888,-0.09973092289561797,-0.5001550992181348,0.010003100015180292,0.3874598132382628,1.0512649035966486,-0.3749634254607185,0.6562402756339325,0.13351189864773352,0.5241826526871801,0.3775312297945439,1.0332703937829526,0.7
0.5571142284569138,0.22470868574061276,0.016352134597655502,210.02613647590724,-1.1049452774529736e-10,-0.39530439642259785,0.06488719476643513,0.9826846188028695,-0.09973092691614467,-0.5001550979559882,0.010003102677001115,0.41106566349495277,1.0476208659161665,-0.37627840668573853,0.6641869247301068,0.13353451511950054,0.5246565177198469,0.6341501935050305,1.03003354615765,0.7
0.5591182364729459,0.22470868574260702,0.016352134597018807,210.78162969921425,-1.3335918360396313e-10,-0.3953043952899672,0.0648871946349979,0.9826846245405986,-0.09973092906096702,-0.5001550993973276,0.010003102434679308,0.45905790049481865,1.0444316853174753,-0.37743130110022705,0.6706904835698205,0.13369617876174386,0.5245308085570797,0.6637059357229468,1.0303264464477173,0.7
0.561122244488978,0.22470868574441918,0.016352134596736123,211.53712292252197,-1.3732162178743316e-10,-0.39530439569347314,0.06488719462587708,0.9826846245793959,-0.09973092570466813,-0.5001550994539399,0.010003102443170783,0.47899704620254735,1.0418362949388948,-0.37836939879758424,0.6760130134902649,0.1339724938488777,0.5238261725589682,0.46448622618264795,1.0293741720629153,0.7
0.56312625250501,0.2247086857462317,0.016352134596294136,212.2926161458296,-1.4327954093594865e-10,-0.3953043955254684,0.06488719478107197,0.9826846237729946,-0.09973092686961352,-0.5001551001429013,0.010003102343290446,0.4609425727691022,1.0391767560398881,-0.37933670407706715,0.6803689861895604,0.13435159147105002,0.5232861612972627,0.3347498025705409,1.0246954470824177,0.7
0.565130260521042,0.22470868574818187,0.016352134595952632,213.04810936913694,-1.558745896853631e-10,-0.395304396069513,0.0648871950249294,0.9826846248970119,-0.09973092713701645,-0.5001551001649671,0.010003102086521382,0.4447597366142164,1.036030671257307,-0.38049242147293466,0.6839339258781362,0.13484700360103666,0.5233052533646841,0.4387035184486157,1.01946440615471,0.7
0.567134268537074,0.22470868575087896,0.01635213459568859,213.80360259244384,-1.7982843785763165e-10,-0.39530442929151677,0.06488719744949899,0.9826846862584818,-0.09973093050130544,-0.5001551277234303,0.010003101576040606,0.46077869694568585,1.0327993808826756,-0.38168682534646825,0.6685992615067878,0.13547319308438588,0.5234236066969671,0.5951909162580188,1.0198540793926683,0.3037992841574641
0.5691382765531061,0.22470868575113823,0.01635213459578972,214.55909581585703,2.445909612703511e-9,-0.3953043276109811,0.06488710915286165,0.9826846571794977,-0.09973097406076385,-0.5001551513232695,0.010003165649540426,0.4595181431875623,1.0317093578271497,-0.3820791855268184,0.6016626197643088,0.13619359701161096,0.5222814067573808,0.23026574561867968,1.032223156839046,0.3000000000121703
0.5711422845691382,0.2247086857528031,0.016352134619843046,215.31458903876168,-7.60329985159971e-9,-0.39530476359717387,0.06488747393757016,0.9826844966479551,-0.09973073621921999,-0.5001548100760099,0.010002899224526204,0.3656132252590749,1.0321627377125995,-0.38190008772914447,0.5468814935239079,0.136918599170468,0.5208772104618592,-0.278176650528776,1.034336862950604,0.3
0.5731462925851702,0.22470868574153158,0.01635213459393802,216.0700822626513,6.874814017989343e-9,-0.39530443871736665,0.06488697715535131,0.9826845189992486,-0.09973126242319066,-0.5001550773403741,0.010003270017073997,0.24194397925763053,1.0322838245384822,-0.3818457559757736,0.5020484735302013,0.13762911217916624,0.5208635118598534,-0.24605371378780366,1.0316810120902953,0.3
0.5751503006012023,0.22470868576182804,0.016352134606229515,216.82557548563568,-1.2029005077983443e-9,-0.3953043218217983,0.06488721028901401,0.9826849212325347,-0.09973087210367018,-0.5001551443999688,0.010003078415812942,0.19353961745432258,1.0323015849452197,-0.38183135090912645,0.46535701025300613,0.13834052380121722,0.5218898074924602,0.19777750352877,1.0342310094793756,0.3
0.5771543086172344,0.22470868574247485,0.01635213461079187,217.58106870901142,4.913630891994853e-10,-0.39530439241866305,0.06488719747466108,0.9826845058274639,-0.0997307764826266,-0.5001550906333586,0.010003108832223563,0.22161055592969953,1.0334280374767295,-0.38141121647208315,0.4353286187323975,0.13903263880685673,0.5223528001062243,0.40811917642185624,1.0431941711898998,0.3
0.5791583166332664,0.22470868574571423,0.016352134598122608,218.33656193228308,-4.4625426433819426e-10,-0.39530438417716934,0.06488721657119752,0.9826845803349665,-0.09973101172099179,-0.5001551084809956,0.010003088238938163,0.2351170074559852,1.036091492371094,-0.38043670890375353,0.4107533029292863,0.1396475602137439,0.5216731771139954,0.13308531406943308,1.051847567197836,0.3
0.5811623246492985,0.22470868572699595,0.016352134633994507,219.0920551554767,-3.2633216229935476e-9,-0.39530467262237645,0.06488738472061824,0.9826840965457736,-0.09973050577828947,-0.5001549003362945,0.010002992212755685,0.18150559422905496,1.0392192523757318,-0.37930035568853704,0.3906407988727161,0.14014134923772378,0.5209129493089562,-0.20103939066259255,1.053621674961546,0.3
0.5831663326653306,0.22470868573705194,0.01635213458762171,219.84754837902875,2.7359453988738726e-9,-0.3953044003052266,0.06488711592136648,0.9826844891527557,-0.09973142704977209,-0.5001550921708938,0.010003162411947885,0.11058555537645437,1.0417266494329838,-0.3783889478672743,0.37418067180445286,0.14052082602351645,0.5211361860861317,-0.14627947260764446,1.0527058099637205,0.3
0.5851703406813626,0.22470868575537448,0.016352134611698443,220.60304160220846,-4.47166547589521e-10,-0.3953044192019583,0.06488719014450968,0.9826849155319067,-0.0997308508274472,-0.5001550685497638,0.010003093789005692,0.09251005583970652,1.0439128063664107,-0.3775954630968623,0.360709659892688,0.14080909149249995,0.5219891691658514,0.16126773397059602,1.0555937481298445,0.3
0.5871743486973947,0.22470868573511252,0.016352134611044036,221.35853482560844,1.8364209891394437e-9,-0.39530435987661783,0.06488715481927963,0.9826845297651818,-0.09973082444998363,-0.5001551164977327,0.010003140131735729,0.12076989235584788,1.0466582423461215,-0.3766085571891488,0.34968494776513653,0.14100096990064243,0.5223755505244716,0.27081160451674274,1.0626009585364564,0.3
0.5891783567134268,0.22470868573927227,0.016352134602148172,222.11402804880515,-9.740268688561642e-10,-0.3953043732169066,0.06488723612745737,0.9826846096882754,-0.09973096556880684,-0.5001551145116824,0.010003073089766086,0.13114428796151228,1.0501793028410986,-0.37535597278975213,0.3406622939214142,0.14106605826922636,0.5220189606812579,0.05737999114399454,1.0686191715580258,0.3
0.5911823647294588,0.22470868571099847,0.016352134634092793,222.86952127242503,6.846642366448105e-9,-0.39530421818202566,0.06488705160832253,0.9826841354613625,-0.09973048434135684,-0.5001552066886239,0.010003243739224635,0.09491901849836767,1.0537186355175634,-0.37410337077450045,0.33327812992320366,0.14098645131224102,0.5217139405775003,-0.15234281322430213,1.07001585516484,0.3
0.5931863727454909,0.22470868573360867,0.016352134598929195,223.62501449525206,-5.259865482512602e-9,-0.39530432974318513,0.06488738620679077,0.9826845730323748,-0.09973113741435775,-0.5001551555988201,0.010002962005574574,0.05231624180199147,1.0566686001164285,-0.3730598415188401,0.32723491038955366,0.14077635743406533,0.5221051632400878,-0.08217895964828895,1.070148935737118,0.3
0.595190380761523,0.22470868572304242,0.016352134635624706,224.38050771857067,-4.956213387737673e-9,-0.3953048798228438,0.06488742020977643,0.982684291856075,-0.09973069438030181,-0.5001547184636915,0.01000295177319858,0.04798677231388002,1.0593425230391182,-0.37211659072091724,0.32228912338645105,0.14045571203876592,0.5228390376761383,0.12665487124101732,1.0731294842636478,0.3
0.597194388777555,0.22470868572096311,0.016352134597129777,225.13600094238123,7.506821287101094e-9,-0.39530439549997537,0.06488696006550455,0.9826845934919789,-0.09973139368933996,-0.5001551140125694,0.010003280449751671,0.07002411686184566,1.0623443542323694,-0.37106657790545433,0.3182414780966507,0.14002278775464752,0.5231833668107853,0.16736838930891412,1.0785694481441142,0.3
0.5991983967935871,0.22470868573824448,0.016352134618931237,225.89149416534087,-1.1888203234951642e-9,-0.3953043219659576,0.06488721859339784,0.9826849273779349,-0.0997307781502543,-0.5001551238706272,0.010003072296457149,0.07383652546247815,1.0657268695639157,-0.36989343224532295,0.3149288743818758,0.13946076642792715,0.5230660177016764,0.002905167033117455,1.0827165014813322,0.3
0.6012024048096192,0.22470868569960664,0.016352134620641806,226.6469873889528,6.376198895351453e-9,-0.3953033402762578,0.06488703548035926,0.9826833906449345,-0.09973081257083664,-0.5001553231844489,0.010003186333285112,0.05147091533235266,1.0685193227766436,-0.3689254231524801,0.35752943080188515,0.1387676657218103,0.5233411926945554,-0.0035084161613103404,1.0759885728976608,0.6999949140745293
0.6032064128256512,0.22470868572405928,0.016352134625417496,227.40248061150407,-1.2585222173521844e-8,-0.39530449880945967,0.06488763466027629,0.982684745428461,-0.09973098227455293,-0.500155014784364,0.010002770270664098,0.08824634025835502,1.0689167199811935,-0.36877606646315075,0.41972117069534515,0.13801121731430144,0.524851649728098,0.5330634823500211,1.0671083812610187,0.6999999999999378
0.6052104208416833,0.22470868569631539,0.016352134626520638,228.15797383555545,5.963000217522382e-9,-0.39530457471442887,0.06488703732622929,0.9826844535998679,-0.09973101241229404,-0.5001549593717861,0.010003233415981394,0.20925968938851064,1.068444687323308,-0.36892868203885915,0.4706190576871894,0.13726268053631285,0.5257999504775119,0.8687559187931077,1.0667905656720635,0.7
0.6072144288577154,0.22470868570720284,0.01635213461595263,228.91346705868128,1.358237942975936e-9,-0.3953042928732118,0.06488715269929032,0.9826848187515377,-0.0997310304399365,-0.5001551724083548,0.010003129462243035,0.31047659198679645,1.0683976708184213,-0.3689361956590079,0.5122740243107298,0.13652592556573326,0.525231131576781,0.588921641108193,1.0688835372643537,0.7
0.6092184368737474,0.22470868569760055,0.01635213462586075,229.6689602819247,-2.642778314046109e-10,-0.39530437429126775,0.06488722345868889,0.9826845631316952,-0.09973075483949449,-0.5001550649506236,0.010003083735112814,0.3173929307235637,1.068109575269919,-0.3690288156335008,0.5463645602589794,0.13579079973301106,0.5243038838694559,0.16240449630323167,1.0634427334872016,0.7
0.6112224448897795,0.2247086856898015,0.016352134614006877,230.42445350526626,5.276807590409542e-10,-0.3953043856606462,0.06488720407652517,0.982684557329932,-0.0997309788600145,-0.5001551096408129,0.010003102847647624,0.28344726822342853,1.0663113603004224,-0.36965046515901406,0.57426434584167,0.13509535327471853,0.5244397024999736,0.18967202252108464,1.05336373722754,0.7
0.6132264529058116,0.22470868569302235,0.01635213461291018,231.1799467285546,1.154678919984772e-11,-0.3953044109034922,0.06488720573515391,0.9826846650043719,-0.09973094442294794,-0.5001550893074302,0.010003095738218466,0.300967439253212,1.0632792762517853,-0.37071260551661633,0.5970976048933649,0.13450020501886317,0.5253801304380584,0.5714349225336983,1.0471334306936355,0.7
0.6152304609218436,0.22470868568968552,0.016352134611766614,231.9354399518919,7.246631880315638e-10,-0.3953043978336793,0.06488718280678768,0.9826846295667169,-0.09973091666943777,-0.5001550988659104,0.010003114633385603,0.37393606477431945,1.0602599388908003,-0.37177463183905934,0.6157844050715314,0.13403045012743783,0.5257842300553622,0.7576497066054086,1.0469496796202051,0.7
0.6172344689378757,0.22470868568937835,0.016352134608798273,232.69093317517616,1.1335251869669926e-10,-0.3953043885481252,0.06488719934314123,0.9826846323038063,-0.09973092717643478,-0.5001551070552235,0.01000310151073057,0.42734777690094156,1.0579485208547268,-0.37258642048593066,0.6310777322355168,0.13366755792512822,0.5251647331846627,0.5355797281848227,1.0475203857195552,0.7
0.6192384769539078,0.22470868568921362,0.016352134607274436,233.44642639848104,2.486805386957993e-11,-0.3953044000488216,0.06488719957076867,0.982684625622676,-0.09973092284010639,-0.5001550984581633,0.01000310116319771,0.4183099796602838,1.0556920837226416,-0.3733821800852729,0.6435938320232857,0.1333924563599351,0.5244135951549237,0.26265530182299707,1.0427402831039225,0.7
0.6212424849699398,0.22470868568968003,0.01635213460522995,234.20191962179143,7.5819241039555e-11,-0.39530439791267585,0.06488719453045762,0.9826846266608215,-0.09973093188353954,-0.5001551004452961,0.01000310442496562,0.3892477337108651,1.0526265620149236,-0.3744759121813303,0.6538370415104878,0.13322271007361555,0.5244296976195582,0.31279446351538126,1.0352380041129823,0.7
0.6232464929859719,0.2247086856908259,0.016352134604009593,234.95741284509432,-5.562786229711184e-11,-0.3953043968280303,0.0648871956544356,0.9826846311009267,-0.09973092688043025,-0.5001551007676237,0.010003103027958015,0.39986611085543444,1.0489767608374214,-0.375790078827545,0.6622201115065449,0.13319001564991106,0.5249320562211848,0.5777223574253085,1.0307503495693138,0.7
0.625250501002004,0.2247086856918439,0.016352134602848848,235.71290606840017,-1.087131381165432e-10,-0.3953043967212175,0.06488719537353721,0.9826846258930978,-0.09973092546536565,-0.5001551004800145,0.010003103163544547,0.4468009527975474,1.0455959808941089,-0.3770113660775279,0.6690808383760367,0.13330090411569892,0.5250043613981514,0.685973723771912,1.0304596457511503,0.7
0.627254509018036,0.22470868569336133,0.016352134601671973,236.46839929170483,-1.891978305590469e-10,-0.39530439656682864,0.06488719574427937,0.9826846253671171,-0.09973092762146928,-0.5001551002842095,0.01000310257151838,0.47777845293526267,1.0428730811000226,-0.37799456207570387,0.6746956755657358,0.13353375081962765,0.5243876351657072,0.5233456881385287,1.030306393504806,0.7
0.6292585170340681,0.22470868569511115,0.01635213460077878,237.22389251501073,-2.3485223330949326e-10,-0.3953043968374024,0.06488719527944903,0.982684625084481,-0.09973092702575469,-0.5001550995797243,0.01000310265087303,0.46708697245805725,1.040286016972737,-0.3789326314213047,0.6792908733146783,0.13387036108644518,0.523728376972377,0.3459844931574463,1.0264574083874685,0.7
0.6312625250501002,0.2247086856970023,0.01635213459997101,237.97938573831692,-2.71810215952129e-10,-0.3953043962603143,0.0648871949052149,0.9826846240939271,-0.09973092697349324,-0.5001550995446498,0.010003102729953387,0.4458345844820368,1.037246073084266,-0.38004584172516337,0.6830515954226342,0.13431889923970736,0.5236080498955499,0.39281782881618016,1.020918847081825,0.7
0.6332665330661322,0.22470868569900715,0.0163521345992785,238.73487896162285,-3.125062802355596e-10,-0.3953043956361444,0.06488719505447313,0.9826846239429007,-0.09973092681915423,-0.5001551001059049,0.010003102512107415,0.4532819098317141,1.0339204383630443,-0.38127336961079594,0.6861293804377193,0.13489674247416233,0.5237949601254649,0.5753715755917781,1.0176203541286852,0.7
0.6352705410821643,0.22470868569645644,0.016352134609866693,239.49037218483417,-2.702486801420991e-9,-0.39530454605129883,0.06488729734132406,0.9826844749579114,-0.09973081766033691,-0.5001549836683825,0.010003033706962332,0.46765255251138077,1.0320547495115213,-0.3819554646019923,0.6182184522382183,0.13558885182479177,0.5230412851421781,0.3775471771316067,1.0299268873483778,0.30000000339772576
0.6372745490981964,0.22470868572998712,0.01635213459143828,240.2458654083958,3.6020856109909616e-9,-0.39530403025530186,0.06488701051579597,0.9826853938100731,-0.09973130586753759,-0.5001553805538832,0.010003205502842318,0.3979867741340874,1.032324569838399,-0.3818434957400667,0.560430831028177,0.1363058483192031,0.5214910747225262,-0.1791051548248906,1.0349827688686237,0.30000000000000004
0.6392785571142284,0.22470868570091695,0.016352134639562067,241.00135863143734,-2.982515779700735e-9,-0.3953043786097535,0.0648873066765806,0.9826846239612995,-0.09973029431684426,-0.5001550774388068,0.010003026995178486,0.2702956983540733,1.0325859231194163,-0.3817368240573594,0.5131372875232517,0.1370069549474442,0.5210414595633336,-0.3171952323183517,1.0323520966750284,0.3
0.6412825651302605,0.22470868569043306,0.016352134606881848,241.75685185491423,1.1839302332211063e-9,-0.395303947495563,0.06488714478745312,0.9826826180024928,-0.09973092947391447,-0.5001546186070212,0.010003094572936449,0.196078484298501,1.0325018439415856,-0.38175955940090206,0.4744321243349636,0.13770708045548827,0.5219338562133047,0.07580786416073397,1.0330173874043893,0.3
0.6432865731462926,0.22470868571242372,0.016352134596007633,242.51234507779282,-9.581130566221074e-9,-0.39530457084217335,0.06488748080514269,0.9826849119142004,-0.09973136060445592,-0.5001549810607965,0.010002870488657068,0.2109521438638818,1.03322014239015,-0.38148845780113383,0.4427557170657865,0.1383986978582034,0.5226748574968504,0.4031015896062005,1.0406340300556238,0.3
0.6452905811623246,0.22470868569143707,0.016352134621508477,243.26783830172369,6.027162500116511e-9,-0.3953045298529934,0.06488699417198666,0.9826846573491302,-0.09973084731786491,-0.5001549855126173,0.010003254694626547,0.23746718853074736,1.0355133781049115,-0.38064671951849366,0.4168316600371675,0.1390303178096083,0.5222407455781355,0.23719839758346403,1.0502949989544712,0.3
0.6472945891783567,0.22470868573788041,0.016352134603514274,244.0233315247685,-5.96311786461973e-10,-0.39530425731587054,0.06488712256101352,0.9826857652602089,-0.09973126949176689,-0.5001552476207197,0.010003106304953548,0.20052961219903973,1.0386542861418895,-0.37950490420101746,0.395615342570643,0.13954828232749258,0.5213536977342075,-0.1409128940779143,1.0539207459307316,0.3
0.6492985971943888,0.2247086856794448,0.01635213464991114,244.7788247481821,2.103370317932236e-9,-0.395304370010679,0.06488715976925323,0.982684516159915,-0.09973027244271628,-0.5001550773366813,0.010003144642751463,0.1258054116083939,1.0413415416809353,-0.378528917352035,0.3782518516514298,0.1399465927157273,0.5212815759925192,-0.2026780301313522,1.052906323491701,0.3
0.6513026052104208,0.22470868566956156,0.016352134606261302,245.53431797136932,-1.0001872563508578e-9,-0.3953042999069682,0.06488726068336205,0.9826843727123296,-0.09973110410812366,-0.5001551753977987,0.010003067766190284,0.0904005705230023,1.0435133000610446,-0.37773993124654687,0.3640415243420733,0.14024967969428645,0.5220699669525017,0.08136170461073866,1.0544622337189073,0.3
0.6533066132264529,0.22470868568481384,0.016352134612045714,246.28981119464905,-1.7019505737964405e-9,-0.3953044757923433,0.0648872469813911,0.9826847063033163,-0.09973096742966023,-0.5001550339039657,0.01000306063681353,0.11184237254978763,1.0460332872962415,-0.3768316171782293,0.35241175452727264,0.14046171646096356,0.5226572560750182,0.2780306075096672,1.0607067267205132,0.3
0.655310621242485,0.22470868567713329,0.016352134611586938,247.04530441810687,2.0341387163294483e-9,-0.39530440090622193,0.06488713259702965,0.9826846154481812,-0.09973092943430699,-0.5001550895622059,0.010003151922694412,0.1327791426208566,1.0493825418872404,-0.37563767278920257,0.3428939198566884,0.14055600514264294,0.5224442422533659,0.1310795180846377,1.067580575328938,0.3
0.657314629258517,0.2247086856948533,0.01635213461873211,247.8007976410728,-6.5167463750944735e-9,-0.39530476562131117,0.06488739898443353,0.9826848862990201,-0.09973101149202616,-0.5001548146185694,0.010002935448178084,0.1072334324919252,1.052998775882755,-0.3743572865459019,0.335104498547552,0.14050752210501602,0.5220252445705436,-0.11999390652199413,1.0701159449461506,0.3
0.6593186372745491,0.22470868566780353,0.016352134615921898,248.5562908649743,8.291366164568311e-9,-0.3953044091655537,0.06488693273933566,0.9826845838121322,-0.0997310075545568,-0.5001550839475285,0.01000330462697093,0.06050300322537245,1.0560989485253216,-0.3732609474742072,0.32872961534852563,0.14032301932072075,0.5222203805271175,-0.12765053023895004,1.070044677310472,0.3
0.6613226452905812,0.22470868567841598,0.016352134614542407,249.31178408789353,-1.4396227847756477e-9,-0.39530425306857453,0.06488723441945478,0.9826847758067224,-0.09973087089180087,-0.5001551856928221,0.010003067728821593,0.04454296133581779,1.0587706870536338,-0.37231743794689975,0.3235123939143607,0.14002461308094394,0.5229370303707844,0.07683553177324431,1.072094844206029,0.3
0.6633266533066132,0.22470868566577434,0.0163521346175206,250.06727731122683,-8.069185465315157e-10,-0.3953044245073203,0.0648872397723946,0.9826845119418266,-0.09973081104550084,-0.5001550688935458,0.010003077569246701,0.06382616774960417,1.0616379517647845,-0.3713122169765475,0.31924260596447385,0.13961714748487983,0.5234257474882418,0.18193514211727518,1.0771727625546665,0.3
0.6653306613226453,0.22470868566746485,0.016352134605365828,250.82277053457952,2.8348588741526946e-10,-0.3953044022634779,0.0648871906134421,0.9826845846012082,-0.09973102636402584,-0.5001550967564535,0.010003108748115759,0.075934226134715,1.0649496293606353,-0.3701617262224664,0.3157482001035915,0.13908539168166256,0.523382415354836,0.054011064866608546,1.082020419131064,0.3
0.6673346693386772,0.22470868566369545,0.016352134616445357,251.5782637578913,3.935178710072323e-10,-0.39530438871351536,0.0648872009900565,0.9826845020063855,-0.09973079596631379,-0.50015509468349,0.010003107144590675,0.05603407615703071,1.0681398797230697,-0.3690582802823059,0.3387434527943935,0.13841926976158006,0.5233791286002037,-0.06843842411054597,1.079605946647251,0.6994785601857991
0.6693386773547093,0.22470868566392102,0.016352134604881604,252.3337569813658,4.511471791167614e-9,-0.39530428174676263,0.06488705712530558,0.9826846622824025,-0.09973123095264712,-0.5001552082601765,0.01000320824749579,0.06767853684237259,1.0690927837886677,-0.36871812552697053,0.40434667709502115,0.1376651418361852,0.5246792596985276,0.37362774127539394,1.0687037367517067,0.6999999999942355
0.6713426853707414,0.22470868567268762,0.016352134623099573,253.08925020439943,-2.3285595826495532e-9,-0.39530437711226424,0.06488726551534588,0.9826847931179548,-0.0997307615710826,-0.5001550992496404,0.01000304603048307,0.17325064913418492,1.0686595920843867,-0.36885675184527894,0.4580365310945412,0.1369072787027194,0.525954312401235,0.8390914864085343,1.0662475347159217,0.7
0.6733466933867734,0.22470868565531976,0.016352134615685333,253.8447434278443,1.0740726655596116e-9,-0.3953044007708478,0.06488717988071795,0.9826844775002248,-0.09973089983124493,-0.5001550911364241,0.010003124255387984,0.29147326713337524,1.0684687878486294,-0.36891355176148466,0.5019764509499204,0.13616524213882109,0.5257442679297987,0.708726041413348,1.06884737141747,0.7
0.6753507014028055,0.22470868566309496,0.016352134608134658,254.60023665108517,-6.196832716968277e-10,-0.3953043878306326,0.0648872138817981,0.9826846547250039,-0.09973099912239083,-0.5001551040055158,0.010003088231112685,0.3233359915176914,1.0683910344880931,-0.3689329496847548,0.5379369986899993,0.13542455087263425,0.5247302339565288,0.24677936355307611,1.0657720715521444,0.7
0.6773547094188376,0.22470868566177912,0.01635213461267849,255.3557298744266,2.206556369265999e-10,-0.39530438757165914,0.06488718647700617,0.9826845834627069,-0.09973088159514706,-0.5001550661313584,0.010003107799751252,0.2899406660815124,1.0670332602162045,-0.36939941370171697,0.5673672070093694,0.13470887695846606,0.5245221289144392,0.12893501100754434,1.0559802889740506,0.7
0.6793587174348696,0.22470868566082364,0.01635213460775106,256.1112230977277,3.82991412660148e-11,-0.3953043841678921,0.06488719378906724,0.982684614839134,-0.09973094796257848,-0.5001551052669104,0.010003105235952643,0.2885131276884727,1.0642110058544954,-0.37038551121730456,0.5914529680340309,0.13407937782768145,0.5253656993624244,0.4660274540211201,1.048183729037501,0.7
0.6813627254509017,0.22470868566244703,0.016352134607454917,256.8667163210234,-2.719356502453931e-10,-0.3953043977378761,0.06488720031376588,0.9826846308327564,-0.09973091939317856,-0.500155094144809,0.010003099306855924,0.35252730810293714,1.061063827800683,-0.371492072456136,0.611164819193328,0.13357397596926146,0.5260197319250065,0.7507959868734942,1.0466129444027594,0.7
0.6833667334669338,0.22470868566259003,0.016352134605670546,257.6222095443409,-3.3626437150237134e-11,-0.3953043946502249,0.06488719199869009,0.9826846144787463,-0.09973092660811697,-0.50015509755761,0.010003106049683892,0.4186749594772375,1.0585676984856343,-0.3723690917148403,0.6272970508172528,0.1331831065545375,0.5256236296636275,0.6206654395947624,1.047780268056945,0.7
0.6853707414829658,0.22470868566453797,0.01635213460418434,258.3777027676395,-2.621372580498514e-10,-0.39530439330328665,0.06488719662556129,0.9826846246430215,-0.09973092887875129,-0.5001550992754951,0.010003101797986502,0.42521811537545634,1.0564003342738162,-0.373131670558042,0.640499712255038,0.13288241316928026,0.5247828271491874,0.31169663372728357,1.0445491554695774,0.7
0.6873747494989979,0.2247086856661089,0.01635213460331909,259.13319599094723,-2.5665601811600483e-10,-0.3953043960213892,0.06488719514785397,0.9826846211060946,-0.09973092439297256,-0.5001550976819926,0.010003102916004791,0.39442118930832903,1.0535698661378596,-0.37413832155277116,0.6513048056298718,0.1326794544875992,0.5245642736498203,0.2645154723324706,1.0371262448481868,0.7
0.68937875751503,0.2247086856680839,0.01635213460215389,259.88868921425336,-2.9530637010464843e-10,-0.3953043948730157,0.06488719482737017,0.9826846216055,-0.09973092803723405,-0.5001550993922528,0.010003102958694682,0.3915604359934043,1.0499902100258511,-0.3754247137007786,0.6601477228999357,0.13260670018550086,0.5250212200394545,0.5077882310872286,1.0314714766345063,0.7
0.691382765531062,0.22470868567036142,0.016352134601376057,260.6441824375584,-3.554466212898221e-10,-0.3953043957576326,0.0648871953315664,0.9826846234696993,-0.09973092655296385,-0.5001550993073355,0.01000310237971667,0.4331789848122393,1.046455644792083,-0.376701127604505,0.6673847900063996,0.132679537087369,0.5252737394993161,0.6867418911332464,1.0302786701072824,0.7
0.6933867735470941,0.22470868567266677,0.016352134600632777,261.39967566086517,-3.723030901289382e-10,-0.3953043959784085,0.06488719482021327,0.9826846229016951,-0.09973092679793216,-0.5001550998100607,0.01000310270680887,0.4732886711809652,1.0435695367277569,-0.3777432957659464,0.6733076250509866,0.1328816578478445,0.524798785937738,0.5821332209212762,1.030625483203663,0.7
0.6953907815631262,0.22470868567519212,0.016352134599968943,262.155168884171,-4.1068047391326486e-10,-0.39530439613015417,0.06488719503567685,0.9826846240054572,-0.09973092719861329,-0.5001551003281303,0.01000310242339044,0.47261127418949445,1.0410173124823074,-0.3786669184611989,0.6781548890668323,0.13319033869931826,0.5240653930598962,0.37572030829565606,1.0278018514994844,0.7
0.6973947895791582,0.2247086856777914,0.01635213459942604,262.9106621074775,-4.3211788073274995e-10,-0.39530439654534405,0.06488719494723226,0.9826846244261319,-0.09973092696170438,-0.5001551005589825,0.01000310242151838,0.44937430141598855,1.038108428657825,-0.37972925637906507,0.6821219028807336,0.1336068511035222,0.5237845314718972,0.35717329775872075,1.0222716924087294,0.7
0.6993987975951903,0.2247086856804736,0.01635213459892858,263.6661553307841,-4.495589346039633e-10,-0.3953043966688745,0.0648871948879326,0.9826846248534828,-0.09973092721001395,-0.500155100942515,0.010003102401339356,0.4474490783882279,1.0347976470207159,-0.3809492843521618,0.685368517578892,0.1341492430430825,0.5239475321543476,0.5282688478964356,1.018126749952183,0.7
0.7014028056112224,0.22470868570381872,0.016352134596736182,264.42164855417167,1.5494258618727601e-9,-0.39530398849586157,0.06488709503803504,0.982685222610212,-0.09973106494653826,-0.5001554289513668,0.01000315390503702,0.4688236652340894,1.032247604269388,-0.38188787378153777,0.6356603526471254,0.13481791365359785,0.5235896110140017,0.4965321448661019,1.0266418583215244,0.30000118783270885
0.7034068136272544,0.22470868572373764,0.01635213463140856,265.1771417771836,-5.783444040980576e-9,-0.39530523469750506,0.06488735184199,0.9826849674991365,-0.09973044364169503,-0.5001552178606083,0.010002981459864337,0.4257464639743096,1.0321651877701379,-0.381905671828433,0.5747053301502874,0.13553659882097857,0.5220472765934062,-0.04494355223434522,1.0347514977446857,0.30000000000000254
0.7054108216432865,0.22470868568502197,0.01635213457803244,265.93263500066973,-1.432828325017451e-9,-0.39530446548472203,0.06488722073911385,0.9826847342189258,-0.09973175265351933,-0.500155087000893,0.010003073071358087,0.3031240896306168,1.0325573412607987,-0.3817501187194146,0.524819574670861,0.1362420045094708,0.5211783427371649,-0.34574254975559787,1.0330651420790147,0.3
0.7074148296593186,0.22470868569423372,0.01635213462413888,266.68812822410393,1.8033567741010657e-9,-0.3953044802918084,0.06488709990899394,0.9826849772887457,-0.09973073037151212,-0.5001550228168093,0.010003161082592827,0.205791816261656,1.0324719582429882,-0.3817728309309389,0.48399294023132905,0.13694216948800866,0.5218150781634939,-0.052455100169624555,1.0320868300729094,0.3
0.7094188376753506,0.2247086856709833,0.016352134614253833,267.44362144741933,1.9727762994906407e-9,-0.3953042868544905,0.06488714117402794,0.9826845316208358,-0.09973084005421631,-0.5001551797181545,0.010003152381839651,0.2010988623016571,1.0328509655817066,-0.3816259198426953,0.4505803135891108,0.1376408468820329,0.5227541384409782,0.3580241007519723,1.0379974751635153,0.3
0.7114228456913827,0.22470868567708666,0.016352134608545114,268.1991146705436,-2.6249935832300426e-9,-0.39530439349516705,0.0648872823471312,0.9826846078481498,-0.09973092240532386,-0.5001551044216488,0.010003040012386628,0.23464090897898227,1.0347221652309213,-0.38093593936034614,0.42323533072548114,0.13829623275470107,0.5226273206527134,0.3250082412104964,1.0479911763947451,0.3
0.7134268537074148,0.22470868567633615,0.016352134606802914,268.9546078939722,3.9310519577149864e-10,-0.3953044105988192,0.06488717712557988,0.9826845500732587,-0.0997309555015219,-0.5001550527151888,0.0100031151371703,0.21665641465337315,1.0377765778485664,-0.3798236561760378,0.4008561237072542,0.1388490876646366,0.5217164463369792,-0.0542149293429027,1.0536189490923884,0.3
0.7154308617234468,0.22470868567939797,0.01635213460581736,269.71010111726906,1.1782514369464727e-10,-0.3953043833660404,0.06488718321406615,0.9826846725083955,-0.09973094583924501,-0.5001551099524535,0.010003110514534393,0.14439902089028334,1.0406506547530106,-0.3787800293675432,0.38254092097064585,0.13927903198007766,0.5213505338983733,-0.2314115593987728,1.0531015138420683,0.3
0.7174348697394789,0.22470868567847696,0.016352134606836908,270.46559434056275,-2.328999993246317e-10,-0.3953043921904698,0.06488719854011439,0.9826846265788742,-0.09973089340340537,-0.5001551010466696,0.010003101282324863,0.09292394716640028,1.042883964079406,-0.3779681431760854,0.36755171012545895,0.13960771811978237,0.5219881569847397,-0.006391608453467757,1.053471285741228,0.3
0.719438877755511,0.22470868567902566,0.01635213460343542,271.2210875638728,-1.8137830177744655e-10,-0.3953043935621687,0.06488719601732688,0.9826846144632467,-0.09973094369267987,-0.500155102289016,0.010003102970837856,0.10281859881373323,1.0452224481550072,-0.3771227551180356,0.3552844999451562,0.1398480015965081,0.5227307161322884,0.25740237530853,1.0586398018324916,0.3
0.721442885771543,0.22470868568148178,0.016352134603172808,271.9765807871758,-2.947782783654612e-10,-0.39530439922384886,0.06488719673575814,0.9826846330296104,-0.09973092653881058,-0.5001550966884145,0.010003101293036857,0.13068831748487553,1.048359125005025,-0.37600136519567956,0.3452449823773582,0.13997950235949483,0.5227124024301094,0.19719174017044638,1.0659616883245706,0.3
0.7234468937875751,0.22470868568876506,0.016352134602873616,272.73207401060716,2.7867645574851766e-9,-0.395303849171754,0.06488709840667822,0.9826849115900437,-0.09973099926340016,-0.5001555061307138,0.010003167302058323,0.11802636663038986,1.0519947009697088,-0.3747124213564932,0.3370286143921644,0.1399725408393564,0.5222461902017285,-0.06722083727334308,1.0698053502453997,0.3
0.7254509018036072,0.2247086856798673,0.016352134629439855,273.4875672335249,-6.9273706521376726e-9,-0.39530444664470804,0.06488744540156414,0.9826845081842862,-0.09973050783754936,-0.5001550383835165,0.010002925165375641,0.07137515864375663,1.0552611164414363,-0.37355713173458416,0.33030431689343864,0.13982495310558735,0.5222364213730997,-0.1562383157698652,1.0699159075976348,0.3
0.7274549098196392,0.22470868566749247,0.016352134600865903,274.2430604571798,1.6994744143058404e-9,-0.3953044545036107,0.06488715685614924,0.982684295887919,-0.09973114687926818,-0.5001550273035351,0.010003140615755775,0.044015545496446554,1.0579864725806785,-0.3725937084865081,0.3248011338593577,0.13955841929847157,0.522875594056186,0.018413949425717953,1.0710978315526472,0.3
0.7294589178356713,0.2247086856889379,0.01635213460331282,274.99855368040795,-2.889926595332317e-10,-0.3953043970502038,0.06488717906404376,0.9826848208364849,-0.09973102717826805,-0.5001550973351648,0.01000310499707232,0.057052253266077685,1.0607437396239678,-0.37162455009372763,0.32029731417992213,0.13918423897209609,0.5234868473388687,0.17774140764317733,1.0755559930103822,0.3
0.7314629258517034,0.22470868568036237,0.016352134611872012,275.7540469037543,6.920765833799316e-10,-0.3953043853710483,0.06488716935282417,0.9826846286008334,-0.09973081290857472,-0.5001550976485574,0.010003123714049116,0.07546633928783904,1.0639527249468081,-0.3705070803084281,0.3166113761233644,0.13869077909561273,0.5235594454084295,0.1032862517758179,1.0808774454771002,0.3
0.7334669338677354,0.22470868568804872,0.016352134603312383,276.5095401269803,-1.3658259767459272e-9,-0.3953044259180628,0.06488722363275899,0.9826847720222606,-0.09973101172339474,-0.5001550835229158,0.010003074535123493,0.06303127744092261,1.0673202649981541,-0.36934215403935267,0.31889527966649167,0.13806349712540755,0.5234150621300003,-0.07511612784365618,1.0830363021300429,0.5944656119379467
0.7354709418837675,0.2247086856638308,0.016352134644380657,277.26503335033135,-2.2685787661247355e-10,-0.39530454903370144,0.06488726298423078,0.9826842209023392,-0.09973045255187533,-0.5001549485390808,0.010003077354009694,0.05494091928844754,1.0689636966155176,-0.36876584045486405,0.38810287926769044,0.1373268666846033,0.5243674898103045,0.21480816550026569,1.070768332470035,0.6999999984361469
0.7374749498997996,0.2247086856698512,0.01635213459982123,278.02052657368745,8.91729481823269e-10,-0.39530435404622644,0.06488717231892784,0.9826844959443211,-0.09973129648621196,-0.5001551331112302,0.010003124466505977,0.13828889429950633,1.0687015981602987,-0.36884477904987667,0.44474256355953884,0.13656902758244235,0.525854275213931,0.7608323478867914,1.0659537830852457,0.7
0.7394789579158316,0.2247086856845608,0.016352134617476602,278.7760197969169,-1.0396912268941151e-9,-0.3953044451049214,0.06488720966549547,0.9826848342238732,-0.09973087350767337,-0.5001550662440424,0.010003085046204823,0.2655495468470209,1.0683607849291135,-0.36895300990007796,0.4910966323887399,0.13582813874317307,0.526062658409615,0.8025722136791787,1.0681583162277024,0.7
0.7414829659318637,0.22470868566909497,0.016352134615170526,279.53151302032575,1.4802866472495565e-9,-0.3953043714269307,0.06488715421488589,0.9826845554261663,-0.09973087381986465,-0.5001551114102174,0.010003139802090577,0.32428420868464686,1.0683805233867103,-0.3689383020254844,0.5290329261407144,0.13509137122062223,0.5250935882885561,0.3603088034839804,1.0673987477618987,0.7
0.7434869739478958,0.22470868567306343,0.016352134609471818,280.2870062435343,-1.0139090612046612e-9,-0.395304362014415,0.06488722694435212,0.9826846166999822,-0.09973094616993004,-0.500155111314681,0.010003078983489958,0.2993632947334938,1.0674588598062782,-0.36925199411574283,0.560080090241805,0.13436777209449355,0.5245593781333087,0.10480222465954113,1.0586311047609334,0.7
0.7454909819639278,0.22470868567167018,0.016352134610317755,281.0424994668871,1.126643876680029e-10,-0.3953044097540025,0.06488719214181136,0.9826846092707113,-0.0997309183217134,-0.5001550855134651,0.01000310709223449,0.28150194743830964,1.0649433147951175,-0.37012836311660424,0.5854891722272755,0.13371399147463006,0.5252051736118898,0.3554835672450049,1.0495715055282537,0.7
0.7474949899799599,0.2247086856725935,0.01635213460719487,281.7979926901927,4.913576988043368e-11,-0.39530438925798245,0.0648871907270101,0.9826846283745868,-0.09973094101531618,-0.5001551031083324,0.010003106860896028,0.33131118630586975,1.0617507057019853,-0.3712501907301699,0.6062840327800622,0.13317905500540264,0.5260426809104578,0.7102582583429072,1.0463553114189912,0.7
0.749498997995992,0.2247086856736259,0.016352134606755647,282.55348591349053,-2.0257685940311116e-10,-0.39530439494310016,0.06488719799775985,0.9826846304766793,-0.09973091774046212,-0.500155098755721,0.010003101197979241,0.4052696015931787,1.0590476702943175,-0.37220067347917224,0.6233026021836189,0.13276494668044156,0.5259226406518264,0.6921255463244698,1.0475275193650715,0.7
0.751503006012024,0.22470868567414298,0.016352134605063236,283.3089791368021,-1.1322585339629017e-10,-0.39530439534652423,0.06488719495284152,0.982684618030108,-0.09973092662553829,-0.5001550998940877,0.01000310381671404,0.429359167895763,1.0568927332370381,-0.37295798188895085,0.6372306448270751,0.13244586616582904,0.5250794816834312,0.38280388621937034,1.045893032271993,0.7
0.7535070140280561,0.22470868567604635,0.0163521346037494,284.0644723601056,-2.2369377331300192e-10,-0.3953043959649414,0.06488719641815027,0.9826846266386131,-0.09973092975384704,-0.500155100241336,0.010003102058451849,0.4021239027984657,1.0542994249617452,-0.37387751792443236,0.6486293921176404,0.1322186443486626,0.5246293527120254,0.23951649252297713,1.0390453299812932,0.7
0.7555110220440882,0.22470868567774793,0.01635213460295433,284.819965583414,-2.0669103012050339e-10,-0.3953043968542166,0.0648871947885081,0.9826846256784108,-0.0997309259773724,-0.5001550998960358,0.010003103188067526,0.38697642459808296,1.050859472156114,-0.3751111152492716,0.657958157337591,0.13211308990856474,0.5249700115928566,0.43203618480121125,1.0324234627223225,0.7
0.7575150300601202,0.22470868567970856,0.01635213460200237,285.57545880671995,-2.478218196532561e-10,-0.39530439636595077,0.06488719510175822,0.9826846264715743,-0.09973092745638093,-0.5001551017093928,0.010003102850667552,0.41947511413877286,1.0472240879131562,-0.37642333814354834,0.6655928437033803,0.13215240271684336,0.5253633556349008,0.6645849851410401,1.030101842462623,0.7
0.7595190380761523,0.22470868568191546,0.0163521346012746,286.3309520300256,-2.944165391671388e-10,-0.39530439795777017,0.06488719565304191,0.982684628643391,-0.09973092706846902,-0.5001551022243592,0.010003102337883617,0.46560571269560286,1.0441532401834666,-0.37753272755615863,0.671841091411494,0.13232763394830951,0.5250711762881748,0.633393739844633,1.0305648591485408,0.7
0.7615230460921844,0.22470868568421154,0.016352134600602128,287.0864452533327,-3.0692986934120894e-10,-0.3953043987293667,0.06488719523394856,0.9826846294964566,-0.09973092758955081,-0.5001551028663116,0.010003102587052502,0.47653483283721804,1.041584760858853,-0.37846120494903857,0.6769546740202023,0.13261400731514988,0.524322102776921,0.4212800777720752,1.0288268466451906,0.7
0.7635270541082164,0.22470868568666746,0.016352134600022373,287.8419384766392,-3.33552115736542e-10,-0.3953043990373091,0.06488719528067909,0.9826846307295395,-0.0997309276946292,-0.5001551033730696,0.010003102443677801,0.45486321803240365,1.0388109368842269,-0.37947167017255445,0.6811396436816969,0.1330052112859716,0.5238795171513547,0.33671601245696786,1.023644278714203,0.7
0.7655310621242485,0.2247086856891826,0.016352134599533732,288.597431699946,-3.5191209530885715e-10,-0.39530439932955597,0.06488719524358008,0.9826846308734004,-0.09973092745745253,-0.5001551034917117,0.010003102395329595,0.4441779478528792,1.0355650386304405,-0.3806656624239643,0.6845646340275506,0.1335176129072229,0.523969913823806,0.47637833461886653,1.0187877476294345,0.7
0.7675350701402806,0.22470868571540176,0.016352134600484305,289.3529249232217,-1.1454656330977835e-9,-0.3953047736292654,0.06488719410875884,0.9826847202381578,-0.09973092566906167,-0.5001551110277547,0.010003095563950135,0.4647563202741748,1.032525464327469,-0.38178802144587665,0.6541074049453841,0.1341613636622837,0.5239236615340761,0.5724755087028325,1.0228020755130494,0.30006841406156687
0.7695390781563125,0.22470868570099722,0.01635213458969037,290.1084181464994,-1.918194487947724e-9,-0.3953044273140244,0.06488722952128918,0.9826847837784984,-0.09973122134202284,-0.5001550864901171,0.01000306571503665,0.4472180576224725,1.031914979472525,-0.38200148608614937,0.5898024452329254,0.1348817318475255,0.5225476291438956,0.11011003897542317,1.0336175886823868,0.3000000000003057
0.7715430861723446,0.22470868569740748,0.016352134609951607,290.8639113699392,1.4195970713840474e-9,-0.3953044155484513,0.06488713223443003,0.9826846697236745,-0.09973080436206214,-0.5001550562826668,0.010003145637372899,0.33828114917518975,1.032373374664741,-0.38182087222932043,0.5371750949911456,0.1355970610903222,0.5213249835301452,-0.3261217900855516,1.0337983946883458,0.3
0.7735470941883766,0.22470868569358515,0.016352134602059844,291.6194045931887,-4.6564955231865566e-11,-0.3953043414507118,0.06488719199272663,0.9826845876845517,-0.09973092185659267,-0.5001551385644698,0.010003107252386347,0.2231226694336349,1.0323713889687258,-0.38181226725437106,0.4941047310761404,0.13630202392718385,0.5216075671903447,-0.1721869468290085,1.0316110574150177,0.3
0.7755511022044087,0.22470868569731034,0.016352134602473443,292.37489781644695,-1.2775253900057652e-9,-0.3953044099303268,0.0648872299277425,0.9826846068966819,-0.09973091022947837,-0.5001550870593904,0.010003077134359117,0.19430782989691606,1.0324963028001408,-0.38175852467416144,0.4588558302177253,0.13700869525040585,0.5226367978356465,0.276706499979556,1.0356129267980558,0.3
0.7775551102204408,0.22470868569835967,0.016352134600189073,293.13039103980987,1.0112227074728819e-10,-0.39530440865061733,0.06488718320922257,0.9826846062773643,-0.09973095230037181,-0.5001550904031958,0.010003111907735365,0.22764232733642104,1.0339259804781207,-0.38122816513241997,0.4300080356324371,0.13768718904208815,0.5228443502529916,0.3853836328041295,1.0452462971927667,0.3
0.7795591182364728,0.22470868570216698,0.016352134600113536,293.8858842631033,-2.519195607851731e-10,-0.39530439084196983,0.06488719112452088,0.9826846469244847,-0.09973093181101894,-0.5001551031328741,0.010003104183133289,0.22856061176699785,1.0367852267010322,-0.3801842620691634,0.40639892351349716,0.1382772946350413,0.5220194347978836,0.04992386219162267,1.0527425651350726,0.3
0.7815631262525049,0.22470868568822763,0.0163521346158635,294.6413774867843,9.08821826605787e-9,-0.3953041187872264,0.06488691887860049,0.9826844943733052,-0.09973078805945382,-0.5001552962838219,0.010003322809694947,0.1649379713595874,1.039817468585247,-0.3790829154000804,0.38707716311369655,0.13874444249069917,0.5213960334464645,-0.22746124953467783,1.0533270867774756,0.3
0.783567134268537,0.22470868570400404,0.016352134609493002,295.3968707094676,-6.5379860642305564e-9,-0.3953043033253452,0.06488740910033915,0.982684665211438,-0.09973083585772001,-0.5001551633096307,0.010002942383245214,0.10056229707613444,1.0421785464931983,-0.3782243916821238,0.37126418280866785,0.13910324838620772,0.5218097327114882,-0.09165221708582381,1.0527955248482206,0.3
0.785571142284569,0.22470868569239452,0.016352134608897534,296.15236393304906,3.028060761142434e-10,-0.39530450613536106,0.06488719942844012,0.9826844437156297,-0.09973092623899395,-0.5001550163034724,0.010003108745712027,0.09527613336117773,1.0443942984305246,-0.3774212210874243,0.35832279750264906,0.13937347324853314,0.5226399163383808,0.21027829948627474,1.0566850228791322,0.3
0.7875751503006011,0.22470868570227773,0.01635213459960392,296.9078571563735,6.994582082462043e-10,-0.395304384126209,0.06488715979478488,0.9826846900968009,-0.0997310595781381,-0.5001551131973121,0.010003125785718386,0.12536213847348052,1.0472975151395496,-0.37637990911656044,0.34773153321164546,0.1395429918437366,0.5228452509014109,0.24728924803286104,1.063991922880337,0.3
0.7895791583166332,0.22470868570264982,0.016352134607803447,297.66335037964626,-1.649729834024523e-10,-0.3953043836459593,0.06488719387671214,0.9826846680059946,-0.09973085381811257,-0.5001551043763761,0.01000310294326561,0.12624399412278603,1.0508844947761635,-0.3751057360204663,0.33906361423470566,0.13958048879042928,0.5224070215784762,0.0005773686783684048,1.0691387199613116,0.3
0.7915831663326652,0.22470868570979516,0.01635213458776396,298.4188436031299,4.1755731188488216e-9,-0.39530429260019273,0.06488702422327647,0.9826849518672314,-0.09973148274226964,-0.5001551980509192,0.01000321348968443,0.08404482087522733,1.0543096749215024,-0.3738937693894861,0.331969766199,0.13947450559242672,0.5222077084819533,-0.1633783680843245,1.0698369180377294,0.3
0.7935871743486973,0.22470868570752375,0.01635213462756368,299.1743368262303,-9.518582063384345e-10,-0.395304366949822,0.06488721467424523,0.9826848426374165,-0.09973056891098243,-0.5001551012667738,0.010003083154998703,0.046906619215283635,1.0571394759011097,-0.37289272955862324,0.32616414202416893,0.1392434540003825,0.5227147753979897,-0.04168707510609239,1.0703143323818523,0.3
0.7955911823647294,0.2247086856852205,0.016352134610982547,299.92983004960246,6.19645443537191e-10,-0.39530436098372207,0.06488720211882822,0.9826843992136036,-0.09973089880416265,-0.5001551280720808,0.010003111468336821,0.05077209473309129,1.0598235342867937,-0.3719470248603443,0.32141280369702413,0.13890418270168187,0.5234094726302324,0.15446893187730543,1.0739617596397497,0.3
0.7975951903807614,0.22470868569795635,0.01635213460357432,300.68532327282753,-1.4664399617425095e-9,-0.3953044164930207,0.06488724006556232,0.982684660221553,-0.09973102053095914,-0.5001550914198728,0.010003067848550543,0.07257905491218114,1.0629087426412631,-0.3708697268038015,0.3175242957228482,0.13845029468832498,0.5236268088904229,0.14449112371478628,1.0794640736845753,0.3
0.7995991983967935,0.22470868569062183,0.016352134609186497,301.44081649624655,1.3147794530584338e-9,-0.3953042767486621,0.06488715798421718,0.9826843592299219,-0.09973088507519508,-0.5001550789333757,0.010003126565741614,0.06946572994779956,1.0662952425288754,-0.36969641459989605,0.31434193040337366,0.13786512393477854,0.5234703871485905,-0.03469632246443033,1.0829661394789813,0.3
0.8016032064128256,0.22470868576330888,0.01635213460147354,302.19630971933833,-4.123389286608658e-9,-0.39530415041414435,0.06488717685171658,0.9826854437188853,-0.09973137945452018,-0.5001549038145294,0.010003009094167906,0.049954473240536645,1.0686431553886364,-0.368879754506003,0.37096772694477337,0.13715589641877018,0.524007834752347,0.07588011934741867,1.073392417584322,0.6999998013522698
0.8036072144288576,0.22470868568360838,0.01635213466078476,302.9518029429902,4.5326985433038685e-9,-0.3953044145359304,0.06488708641984234,0.9826845397205718,-0.09973020178205336,-0.5001550448741309,0.010003201134471345,0.10702376397141446,1.0686961807236988,-0.3688494248733163,0.4307191084851163,0.13640276167356016,0.5255612438315577,0.6412148800420903,1.0661967075362138,0.6999999999999988
0.8056112224448897,0.22470868567267988,0.01635213461047765,303.7072961660837,-9.327280264763624e-10,-0.3953042642729881,0.06488726206530902,0.9826843979779031,-0.09973112097637513,-0.5001552089404325,0.01000306756168205,0.23416848489667286,1.0682446522718199,-0.3689954968364129,0.47961979934162824,0.13566354484791943,0.5262001546789234,0.8574866164032451,1.0671920126451926,0.7
0.8076152304609218,0.22470868568662267,0.0163521346182552,304.46278938934637,-2.0611205596598547e-9,-0.395304487724328,0.06488726446634371,0.9826847101540837,-0.09973093956462091,-0.5001550297908486,0.010003049241790832,0.31866723824408366,1.0682526573519606,-0.36898440496480406,0.519640255315117,0.13493299709620232,0.5254095158120337,0.49003943138721034,1.0683249827598245,0.7
0.8096192384769538,0.22470868567869598,0.01635213461522442,305.2182826128321,2.3650838659748e-9,-0.395304433804149,0.06488712861992375,0.9826846967370166,-0.09973095884685404,-0.5001551345221158,0.010003157444246295,0.3096805888054702,1.0677190266558976,-0.3691626560927423,0.5523931032910103,0.13420765187777328,0.5246093472196712,0.12200214788810468,1.0612640037956647,0.7
0.8116232464929859,0.22470868567963453,0.016352134614319194,305.97377583603605,-2.5234091631761126e-10,-0.3953043595892958,0.06488720805410594,0.9826846786646114,-0.09973090979999917,-0.5001551256590904,0.010003093705566925,0.280195370446893,1.0655884679138652,-0.3699022116540259,0.5791981216356227,0.13353490257616302,0.5249767083898844,0.25281843021262235,1.0513971803043258,0.7
0.813627254509018,0.22470868567540625,0.016352134613370907,306.7292690593505,-9.999136669655756e-11,-0.39530440433473485,0.06488720777051808,0.982684595950397,-0.09973089462460949,-0.5001550923039204,0.01000309725695581,0.312148071766763,1.0624451752055104,-0.37100542251592106,0.6011354201779593,0.1329718964656534,0.5259064910998118,0.6392367945691658,1.0464354471062625,0.7
0.81563126252505,0.22470868567594315,0.01635213460849915,307.48476228266685,9.552904902487196e-11,-0.3953043983000826,0.06488719535871074,0.982684617234452,-0.0997309550019249,-0.5001550996809195,0.010003104507395317,0.3879083740283786,1.0595426975609399,-0.3720267298478904,0.6190889638826476,0.13253368061639703,0.526084692584203,0.7403225905198618,1.0470203838286802,0.7
0.8176352705410821,0.22470868567753566,0.0163521346080608,308.24025550597,-2.8865434121674252e-11,-0.39530439908478837,0.06488719475432357,0.9826846421638825,-0.09973092577296626,-0.5001550973154701,0.010003103520213384,0.4295204479483024,1.0573198697656752,-0.37280770294040605,0.6337821919906389,0.13219714354668255,0.5253317637124504,0.46810855399933443,1.046791633223014,0.7
0.8196392785571142,0.2247086856774092,0.016352134606687857,308.99574872927974,1.5423242426761666e-11,-0.39530439402715584,0.06488719292927954,0.9826846227033184,-0.09973092127025958,-0.5001551008855839,0.010003105538052578,0.4110473130678098,1.054935223712272,-0.37365083666888194,0.64580716910849,0.1319491902471865,0.524682428306491,0.24191201602583587,1.0409866598669086,0.7
0.8216432865731462,0.2247086856787492,0.016352134604994704,309.7512419525786,-2.1135493315092916e-10,-0.3953043946555641,0.06488719783787131,0.9826846236693205,-0.09973092777871165,-0.5001551005074412,0.010003101349983523,0.38642382223884547,1.0516912054544463,-0.3748113475981379,0.6556484424911629,0.13181363755408695,0.5248471320515099,0.3591917345832075,1.0337085019959786,0.7
0.8236472945891783,0.22470868568025967,0.016352134603922677,310.50673517588626,-2.1178731259152303e-10,-0.39530439754769986,0.0648871956827849,0.9826846231000539,-0.09973092694920765,-0.500155097977693,0.010003102658488874,0.4069656514885359,1.0480182139696,-0.3761360007093694,0.6637025669059763,0.1318195435539589,0.525323307566036,0.6209191012197413,1.0301435959486807,0.7
0.8256513026052104,0.2247086856820352,0.016352134602843054,311.2622283991931,-2.345892521886188e-10,-0.39530439571383214,0.06488719442143061,0.9826846235407837,-0.0997309279280957,-0.5001550991028861,0.010003103305905458,0.4551587774874166,1.044759789598077,-0.37731367309893227,0.6702940838333981,0.13196663169236067,0.5252350472274034,0.670290169050573,1.0303132894820635,0.7
0.8276553106212424,0.22470868568402566,0.016352134602029497,312.01772162249785,-3.073947309090305e-10,-0.3953043954213813,0.06488719514922345,0.9826846232070816,-0.09973092610211737,-0.5001550989810398,0.010003102545219368,0.4779724149523183,1.0421187373723955,-0.3782679597590246,0.6756885988876447,0.13223088557216128,0.5245339633284047,0.47769980702932835,1.029567050878888,0.7
0.8296593186372745,0.22470868568610144,0.016352134601243632,312.7732148458038,-3.435812677347524e-10,-0.39530439554989266,0.06488719499609732,0.9826846214008256,-0.09973092647943034,-0.5001550987131609,0.010003102535242022,0.4614361897159775,1.039462149845715,-0.3792334219896519,0.6801034844126195,0.132598713403237,0.5239484972098296,0.3345742394971904,1.0250516630464697,0.7
0.8316633266533066,0.22470868568862865,0.016352134600177298,313.52870806911164,-3.3626794351098206e-10,-0.395304394846144,0.06488719272407384,0.9826846284917982,-0.09973093818212168,-0.5001550995438532,0.010003103641924816,0.4437243638550736,1.0363212502830694,-0.3803863897691795,0.6837166385150057,0.13308249521641535,0.5239241761155511,0.42558099017064094,1.019699057382593,0.7
0.8336673346693386,0.2247086856911125,0.016352134600397045,314.2842012924164,-3.991973904888327e-10,-0.3953043974662675,0.06488719399546211,0.9826846271515369,-0.09973092055132292,-0.50015509774736,0.010003102748321762,0.45784270135202215,1.0330271872351398,-0.3816038533058519,0.6735288172739187,0.1336976564104327,0.5240627982108735,0.5947463630970043,1.0188646532013796,0.314124685545538
0.8356713426853707,0.22470868568975536,0.01635213460279111,315.03969451580366,1.5986053920505204e-9,-0.3953043372393664,0.0648871357250658,0.9826845900547809,-0.09973089743225386,-0.5001551420836677,0.010003149875446331,0.4612587118234584,1.0317337468755128,-0.3820719690698075,0.6056969814673312,0.13441340389167222,0.5229959211323761,0.2678303451481479,1.0315955412231788,0.3000000000409033
0.8376753507014028,0.22470868570733252,0.016352134613067077,315.7951877387224,-8.104232350115707e-9,-0.3953047877503906,0.06488744805532272,0.9826847735645206,-0.09973095909346583,-0.5001548022039687,0.010002902938015349,0.373019138449293,1.0321401139367288,-0.3819098914917532,0.5501832259159617,0.13513887337981714,0.5215297244704356,-0.25832855654223114,1.0343914913179322,0.3
0.8396793587174348,0.2247086856861245,0.016352134605421648,316.55068096267445,7.981314419601416e-9,-0.3953044325694723,0.06488692805050603,0.9826845717507083,-0.09973109257371084,-0.5001550755243518,0.010003306554704022,0.2475073207620081,1.032278249467027,-0.3818490044685131,0.5047506201373859,0.13584986979810532,0.5213966970102906,-0.26833602384509236,1.0316444448045947,0.3
0.8416833667334669,0.2247086857021754,0.016352134608478203,317.3061741855908,-1.7955768461178254e-9,-0.39530427540130303,0.06488722662003156,0.9826848609810976,-0.09973087450538051,-0.5001551839384959,0.010003070053182248,0.19255581385364468,1.0322448225582044,-0.38185330579051213,0.46756845425240995,0.13656222629465525,0.5223905143681308,0.16771240487212985,1.0336972541346683,0.3
0.843687374749499,0.2247086856872378,0.01635213461336967,318.0616674089424,-6.847988486317579e-10,-0.39530441543099953,0.06488722538536941,0.982684506654897,-0.09973078612599133,-0.5001550781617552,0.010003088077352196,0.21801578427801474,1.0332488419829795,-0.3814776990731907,0.4371384704069601,0.1372589420882608,0.5229176697888651,0.4098163756717084,1.0423549996275763,0.3
0.845691382765531,0.22470868569052788,0.016352134600578785,318.8171606322661,-3.0367895764747543e-10,-0.39530439725455196,0.06488720069861141,0.9826845825245132,-0.09973102784458865,-0.5001551048074246,0.010003100588041106,0.23527656451375975,1.0358118764939181,-0.3805388861735695,0.4122344903734025,0.13788333353764867,0.5222809098023825,0.1592178238980698,1.051307784235895,0.3
0.8476953907815631,0.22470868569605162,0.01635213460548288,319.57265385557037,-3.7899698765141826e-10,-0.39530441084131,0.06488719602023352,0.982684679187929,-0.0997309165354522,-0.5001550896732043,0.01000310029392122,0.18553690412250026,1.0389374888825968,-0.3794027871405049,0.3918530066145767,0.13838866496383345,0.5214687167770133,-0.1896826701296367,1.0535044673452159,0.3
0.8496993987975952,0.22470868569398228,0.01635213460407414,320.3281470789035,2.560689559473972e-10,-0.39530438921981076,0.06488717998622968,0.9826846229871576,-0.09973092351523831,-0.5001551081231921,0.01000311522254551,0.11310187557269695,1.0414737996561834,-0.37848069573631177,0.37517274588267263,0.13877876979515452,0.5216084640620905,-0.16356878137358666,1.052497980976433,0.3
0.8517034068136272,0.22470868573980673,0.016352134598566905,321.0836403020713,-3.2566826358316207e-9,-0.39530451468317224,0.06488720975431765,0.982685576455988,-0.09973125596070058,-0.5001550174933583,0.010003042829644619,0.0906640790619148,1.0436353817100308,-0.37769556172769697,0.36152157595940326,0.13907743751479823,0.5224429887158808,0.14154041063010692,1.0550331904924282,0.3
0.8537074148296593,0.22470868568857627,0.016352134632901315,321.83913352575235,6.115757608506256e-9,-0.395304359992466,0.06488700561793463,0.9826845839263304,-0.09973049634866656,-0.5001551052088458,0.010003254583114714,0.11770612188370293,1.0463079440154315,-0.37673381378361825,0.35034942204212854,0.13928182992783955,0.5228724366522485,0.2744009957738739,1.0618734072542153,0.3
0.8557114228456913,0.22470868568720104,0.016352134604684182,322.594626748722,-2.3855523536611604e-9,-0.39530426660223644,0.06488728487347777,0.9826845187538227,-0.0997309764124746,-0.5001552034476386,0.010003043125334813,0.13103639594311572,1.0497781595089826,-0.3754982171051636,0.3412061014439003,0.1393621775072862,0.5225357797727507,0.07545542601081938,1.068130727931321,0.3
0.8577154308617234,0.22470868569222904,0.016352134609753377,323.3501199720561,-1.7165911760587183e-9,-0.39530447486587833,0.0648872527395296,0.9826845970561896,-0.09973091386295506,-0.5001550423925821,0.010003062034755124,0.09724971500836425,1.0533296145779374,-0.37424070569407075,0.33372318345148105,0.13929857064728476,0.522185880184166,-0.1470662942751282,1.0697800722180393,0.3
0.8597194388777555,0.22470868569163271,0.016352134604119155,324.10561319548486,1.2971516153198286e-9,-0.3953044084430332,0.06488714730600491,0.982684629582941,-0.09973100410568311,-0.5001550959623706,0.010003139232803687,0.05324402441003608,1.05630317761698,-0.37318844224859965,0.32759914338533347,0.13910351192438455,0.5225192240361257,-0.09579187860158804,1.0698170252824097,0.3
0.8617234468937875,0.22470868569592642,0.01635213460673875,324.8611064187244,-4.0920588606698606e-10,-0.3953043819032487,0.0648871983105359,0.982684697942223,-0.09973090385225182,-0.5001551105674559,0.01000309821994255,0.04602653914767721,1.0589597300152476,-0.37225059009409084,0.32258721264258744,0.13879770425159665,0.5232444452249393,0.11435112135504612,1.072551754586272,0.3
0.8637274549098196,0.22470868569220578,0.016352134606171798,325.61659964204523,-8.296788670821991e-11,-0.3953043950248215,0.06488719637677386,0.9826845972280431,-0.09973089531875914,-0.5001551010007732,0.010003104339442665,0.0677232077457744,1.0619148488563332,-0.3712158427569699,0.31848543513971,0.13838103996215484,0.5236166874470457,0.17200140245928325,1.0779185082149718,0.3
0.8657314629258517,0.22470868569478017,0.01635213460257358,326.3720928653409,-3.9007653483896296e-10,-0.3953044065886288,0.06488720253576115,0.9826846380381254,-0.0997309483654355,-0.5001551103330768,0.010003098335664724,0.07379815194033654,1.0652723596559286,-0.37005036121092594,0.31512852948015274,0.1378368806761231,0.5235039024871776,0.015056825599352805,1.0822522316764296,0.3
0.8677354709418837,0.22470868572003924,0.016352134609050363,327.1275860887665,2.56092045154191e-9,-0.3953037760330454,0.06488703317146244,0.9826822468484082,-0.09973079689672225,-0.5001544257923355,0.010003132503301584,0.0514823674993247,1.0681728947329796,-0.36904516159805667,0.3529495752662107,0.13716076959454493,0.5236884380207013,-0.025312300477040403,1.0765382343406849,0.7000023626366336
0.8697394789579158,0.22470868571024913,0.016352134599008417,327.88307931156567,-1.0210564948420372e-8,-0.3953044912012883,0.06488750740037828,0.9826849605436683,-0.0997314415579815,-0.5001550417928621,0.010002849253442508,0.08165650972104073,1.0686859396639332,-0.36885597127901965,0.4159730036693201,0.1364154406560126,0.5251504550375948,0.4932502073721637,1.0671146643100506,0.6999999999997464
0.8717434869739479,0.2247086856864724,0.016352134632303308,328.6385725355014,5.527426435360716e-9,-0.39530455372157053,0.06488701638965162,0.9826846593060519,-0.09973077799054866,-0.5001549623728345,0.010003239657608805,0.19952013769969035,1.0682033677857645,-0.36901226549355925,0.46755154778440106,0.13567602217985797,0.5261798868612428,0.8651534250007478,1.0662877430906235,0.7
0.8737474949899798,0.2247086856826229,0.01635213461402844,329.39406575863984,1.248032444492498e-9,-0.3953042505257488,0.06488715650361213,0.9826846696706685,-0.09973097730104694,-0.5001552040888603,0.01000313350072321,0.30565304872102456,1.0681150172573397,-0.36903403564290765,0.5097635660149314,0.13494993937572286,0.5256843848132775,0.6200301645009122,1.0685866664346364,0.7
0.8757515030060119,0.2247086856807378,0.01635213461975432,330.1495589818212,-1.9139857265805926e-9,-0.39530439593073363,0.06488726704962304,0.9826846002095083,-0.09973081768988296,-0.5001550852821516,0.0100030526110769,0.3185527019125282,1.0678823134431379,-0.3691074494095591,0.5443099944551456,0.13422539417295984,0.5247145146982343,0.1799065204049427,1.0637221208552865,0.7
0.877755511022044,0.2247086856761952,0.016352134611575878,330.9050522052333,6.683511831713866e-10,-0.39530441114854,0.06488718301130904,0.9826845681312265,-0.09973098562507789,-0.5001550873708536,0.010003116411559074,0.2840466433062121,1.066186312134099,-0.36969337705058264,0.5725828837297035,0.13353693498951683,0.5247547485498734,0.1707191437847104,1.0536444727590453,0.7
0.879759519038076,0.22470868568052144,0.016352134610375685,331.6605454285143,-1.5484887926813656e-11,-0.3953043935412949,0.06488719224687622,0.9826846806796431,-0.09973095454688181,-0.5001550994193683,0.010003103862535109,0.29666758053311226,1.0631909624129847,-0.37074273569068567,0.5957214918108883,0.13294575104575018,0.5256714347371276,0.5451224469620195,1.0469939569765436,0.7
0.8817635270541081,0.22470868567774407,0.016352134611224957,332.4160386518312,2.0577644594625545e-10,-0.3953043927449362,0.06488718940958622,0.9826846262424641,-0.09973089438259208,-0.5001550986301129,0.01000310892557129,0.36790077351011674,1.0601263467683792,-0.37182135896181456,0.6146581904500827,0.13248025207570394,0.5261347070605406,0.7583371623187473,1.046487472712692,0.7
0.8837675350701402,0.22470868567749794,0.016352134607588102,333.17153187512514,-1.4912097559801283e-10,-0.3953043884341953,0.06488719989873223,0.9826846132100087,-0.09973093124719991,-0.5001551047741918,0.010003101009167556,0.4249342620858875,1.0577660394326625,-0.37265094705816426,0.6301560351818679,0.1321238669243,0.5255571603632535,0.5573563400392797,1.0472587429769054,0.7
0.8857715430861722,0.22470868567900687,0.01635213460630546,333.92702509842934,-2.413098573400266e-10,-0.3953044008145899,0.06488719948308144,0.9826846285948712,-0.0997309291824387,-0.5001550974656195,0.010003100343683303,0.4196129202555861,1.055533884097025,-0.37343816347222364,0.6428395126926622,0.13185583532547474,0.5247670578968594,0.2722973919845404,1.0428543715798897,0.7
0.8877755511022043,0.22470868567997987,0.016352134605009182,334.6825183217435,-8.469177834346603e-11,-0.39530439846527055,0.06488719260113958,0.9826846288965163,-0.09973092908208002,-0.5001551010049042,0.010003105419610107,0.38965249114627754,1.052522072253153,-0.3745126092349062,0.6532197045555287,0.13169129570065843,0.5247157398017311,0.29802205610565347,1.0353248032602336,0.7
0.8897795591182364,0.2247086856816004,0.01635213460389736,335.4380115450449,-2.3860717055376834e-10,-0.3953043965560679,0.0648871957431307,0.9826846325605271,-0.09973092673731297,-0.5001551035955109,0.01000310277185317,0.3967978413774348,1.0488790595754094,-0.37582463342851,0.6617148812937986,0.13166243421633717,0.5252047959970417,0.5601020861487387,1.0305236448899417,0.7
0.8917835671342684,0.22470868568318608,0.016352134602965092,336.1935047683505,-2.8890376289152776e-10,-0.3953043987694975,0.0648871961786584,0.9826846293776814,-0.09973092575706967,-0.5001551027130371,0.010003102446214659,0.44274997939021915,1.0454508205761854,-0.3770638606482618,0.668667356620606,0.1317780799986235,0.5253176739355943,0.6876440463554251,1.0300262198103836,0.7
0.8937875751503005,0.2247086856851498,0.016352134601961762,336.94899799165705,-3.1956333655145773e-10,-0.3953043990509805,0.06488719560691977,0.9826846301016726,-0.09973092863227379,-0.5001551030350773,0.010003102652268166,0.4763164807709803,1.042685556141101,-0.37806303496545834,0.6743572809928561,0.13201773363227912,0.5247247251846917,0.538270082314035,1.0300328225890554,0.7
0.8957915831663326,0.22470868568733263,0.016352134601246012,337.7044912149631,-3.5664951986738794e-10,-0.39530439920239313,0.06488719538517183,0.9826846312870788,-0.09973092764444523,-0.5001551029305216,0.010003102599591437,0.4680183603320621,1.0401088818134834,-0.37899747532768235,0.6790139302925632,0.1323618168314633,0.5240333792603677,0.35151819858395755,1.0264341145106075,0.7
0.8977955911823646,0.22470868568955527,0.01635213460059657,338.4599844382695,-3.8294215700976367e-10,-0.3953043989029218,0.0648871951871249,0.9826846301648046,-0.09973092725118937,-0.5001551029521437,0.010003102635795649,0.4459542829710036,1.0370988098590554,-0.38009977585402266,0.6828249445137974,0.13281681380125782,0.5238646390849335,0.3818697827966337,1.0208657166197532,0.7
0.8997995991983967,0.22470868569196897,0.016352134600006386,339.2154776615754,-4.180600116734562e-10,-0.39530440221318963,0.06488719572375184,0.9826846360633282,-0.09973092793472636,-0.5001551060167619,0.010003102357741774,0.45097813387266117,1.0337697533728953,-0.38132897126961346,0.6859438887282415,0.13340047395628105,0.5240421581371062,0.5632894562847914,1.0173390419442596,0.7
0.9018036072144288,0.2247086857636087,0.01635213459897382,339.97097088459816,-7.588091131546957e-9,-0.3953048133867651,0.06488730833780193,0.9826860559366324,-0.09973144713147629,-0.5001547945641426,0.010002941496990374,0.4678647093062986,1.031714706394848,-0.38208250727430226,0.6224705095833413,0.13410223555873144,0.5233859961624648,0.4099668290367371,1.0287750328699494,0.3000000465317206
0.9038076152304608,0.22470868568197044,0.016352134646620563,340.7264641088413,1.584285343319096e-8,-0.39530378616432243,0.06488670515655556,0.9826847478469887,-0.0997304471712353,-0.5001555221871125,0.010003481386477348,0.4048281752381067,1.0319101820574252,-0.38199778670371903,0.5639107261134944,0.13483493639332542,0.5218162519063263,-0.1484022120689202,1.0346021274577204,0.3000000000000004
0.9058116232464929,0.22470868568127,0.016352134633506415,341.4819573310575,-1.1485839674612971e-8,-0.3953042108834691,0.06488760855606934,0.9826844861395277,-0.09973059144716165,-0.5001552206447885,0.010002807609278576,0.27764758802275485,1.0322053593109326,-0.38187836760770577,0.5159852429531493,0.1355520456465648,0.521250142087897,-0.32890279053544896,1.0321203244935429,0.3
0.907815631262525,0.22470868570679217,0.016352134619597346,342.2374505547564,-1.7323433446199204e-9,-0.39530518304977025,0.06488723226963403,0.9826841208730281,-0.09973105292545809,-0.5001548573359658,0.010003074955577179,0.1972679646189394,1.0321099913747278,-0.38190515684978715,0.4767628999317479,0.1362673510471839,0.5220807906222544,0.042810963886013534,1.0323387136027113,0.3
0.909819639278557,0.22470868569703603,0.01635213458923083,342.99294377807547,-1.5298222045208074e-9,-0.3953044779608886,0.06488719321939296,0.9826851259989259,-0.09973174786249563,-0.500155065034741,0.010003075797161535,0.20769719032764952,1.0327330695292534,-0.3816686744371429,0.44466322899969796,0.13697636660662593,0.522873290013075,0.39456076224475156,1.0395465347811037,0.3
0.9118236472945891,0.2247086856805753,0.016352134642240123,343.74843700160164,4.002361321699718e-9,-0.39530443186386754,0.06488705023512865,0.9826848882677353,-0.09973054938172769,-0.5001550420144358,0.010003206366518982,0.2365969942666435,1.0349204190771664,-0.3808643241056293,0.4183927728972096,0.13762980166609723,0.5225062001580298,0.26094109559007267,1.0493525409374025,0.3
0.9138276553106212,0.2247086856589243,0.01635213461995218,344.50393022477385,5.60859434047846e-10,-0.39530425262593466,0.06488720059685273,0.9826844826050987,-0.09973088600076067,-0.5001551932420693,0.010003109846927795,0.20439395878368885,1.038046771317797,-0.37972651819055986,0.3968929614708379,0.138172182442219,0.52159678257276,-0.12127131046189499,1.0534824386542188,0.3
0.9158316633266532,0.2247086856646888,0.016352134616460855,345.2594234479659,-2.35081449907861e-9,-0.39530442830994583,0.06488728035827865,0.9826846049046868,-0.0997309362261739,-0.5001550690847371,0.010003041856286378,0.1297639476696261,1.0407801457184642,-0.37873308413046886,0.37929745839691986,0.13859392968399245,0.5214415352934705,-0.21313592566823805,1.0525367835378006,0.3
0.9178356713426853,0.2247086856608219,0.016352134613467097,346.01491667141477,1.1645128949993311e-9,-0.3953044194167757,0.06488716238202802,0.9826845906312024,-0.09973096636862419,-0.5001550774591481,0.010003130739314286,0.09007650520938285,1.0429586881320752,-0.3779408413820767,0.3648972516945978,0.1389191544894714,0.5221921847987834,0.05870959533294175,1.0537686569435398,0.3
0.9198396793587174,0.22470868566373794,0.016352134611527205,346.77040989467713,1.9888441979004767e-11,-0.39530437688452563,0.06488719084056734,0.982684667582315,-0.09973093507687086,-0.5001551085029154,0.010003105575389578,0.10895060996340206,1.045425234755196,-0.3770504140914663,0.35311208407757194,0.1391543532109211,0.5228180686960825,0.27472080374025065,1.0597594027894865,0.3
0.9218436873747494,0.22470868566158697,0.01635213461147953,347.5259031179814,-7.380790565284827e-11,-0.39530438288068265,0.06488719748561975,0.982684618321181,-0.09973089606697728,-0.5001551034561903,0.010003102961022659,0.13205519070301422,1.0487207632981943,-0.37587389162092916,0.34346707143069954,0.13927423211602835,0.5226452702778945,0.14870615786510524,1.0667869698195551,0.3
0.9238476953907815,0.22470868566188357,0.016352134608738318,348.28139634127604,-4.0857423340177225e-10,-0.3953043820938066,0.06488720551460335,0.9826845868060696,-0.09973092971766577,-0.5001550892966403,0.010003094956834834,0.10971330309246738,1.052345851777191,-0.37458901647815745,0.33557356732223165,0.13925231527101772,0.522201681227716,-0.10837730686225841,1.069649164706038,0.3
0.9258517034068136,0.22470868566268357,0.016352134607534718,349.03688956459627,-9.993081752696594e-11,-0.3953043992056876,0.06488719362761078,0.9826846184001236,-0.09973093406439217,-0.5001550944564868,0.010003104931546493,0.06263666778314426,1.055486521544151,-0.37347747675500287,0.3291135024894142,0.13909314656008065,0.5223377790900087,-0.1371360402190335,1.0695868729164815,0.3
0.9278557114228456,0.2247086856663589,0.016352134606147022,349.79238278789893,-2.293140055475756e-10,-0.39530440567895625,0.0648871907591458,0.9826846391508441,-0.09973093109411799,-0.500155095116573,0.010003104760592877,0.04366141700637731,1.0581653347473392,-0.3725304584801571,0.323826568177917,0.1388189780012389,0.5230338603077314,0.06177846275417835,1.0714012484153612,0.3
0.9298597194388777,0.22470868566545737,0.01635213460543597,350.5478760111994,-4.0847123444872776e-10,-0.39530439551760793,0.06488719917306783,0.9826846259574471,-0.09973092193184732,-0.500155098337938,0.010003100115822238,0.06162684665034255,1.0609995632396056,-0.3715353797348764,0.31949972701873586,0.13843636273878668,0.5235515147004354,0.18216477002198433,1.076338237185891,0.3
0.9318637274549098,0.22470868566670837,0.01635213460405449,351.30336923451136,-2.99288120349814e-10,-0.3953043965531884,0.06488719432646235,0.9826846189847316,-0.0997309276453335,-0.5001550987337748,0.010003103884275099,0.07560834402425233,1.0642855579464667,-0.37039226861622804,0.3159586286609732,0.13793082723769134,0.523529627387583,0.0669246561957061,1.081332427258076,0.3
0.9338677354709418,0.2247086856671197,0.01635213461028236,352.0588624577819,-1.213464885295802e-9,-0.39530455255482366,0.06488724240582186,0.9826846502829893,-0.09973083627478406,-0.5001551282407061,0.010003077414495562,0.05734414411157007,1.067541262282219,-0.3692654837493293,0.3338841763352727,0.13729085002697028,0.5234711220958402,-0.07574736049929437,1.0800842861721103,0.6980363049445545
0.9358717434869739,0.22470868565489277,0.016352134614253926,352.81435568119196,1.3487197775572828e-9,-0.39530437465138185,0.06488717966155144,0.9826843187250576,-0.09973082835389799,-0.500155109986108,0.01000313207191502,0.06342068136913584,1.0686555740617778,-0.36886973034160075,0.400369832577439,0.13655706872985432,0.5246891537438273,0.3324201906804251,1.0687444278137965,0.6999999999905716
0.937875751503006,0.22470868567228353,0.01635213460058537,353.5698489043649,-2.0373500976674597e-9,-0.3953043867519215,0.06488724582023908,0.9826846298212827,-0.09973106879849374,-0.5001550939173914,0.010003061241889766,0.16387721767561822,1.0682521487837071,-0.3689980342592797,0.45478187092523137,0.1358157158704009,0.5260240283635618,0.8230012278259113,1.0657070602317968,0.7
0.939879759519038,0.22470868567319877,0.01635213460886745,354.3253421277613,1.999007545433124e-10,-0.395304448160762,0.06488717529775842,0.9826846872738856,-0.09973089535911961,-0.5001550818757472,0.010003117903582813,0.2851483366351989,1.0680219535134876,-0.3690684050041597,0.4993128283220603,0.13509081372572446,0.5259113268183633,0.7350589253708524,1.0682903280145326,0.7
0.9418837675350701,0.22470868567232624,0.01635213460475971,355.0808353510664,1.358090679560013e-10,-0.39530437842991006,0.06488717964822377,0.9826846384830425,-0.0997309369103248,-0.500155124935912,0.010003115731653543,0.3237872835138086,1.0679799064134516,-0.36907536940926283,0.5357570828299467,0.1343677174544644,0.524891615385469,0.2732852049501926,1.065826117817881,0.7
0.9438877755511021,0.22470868567428637,0.016352134606056792,355.83632857432735,-1.0230163422187198e-9,-0.3953043797299376,0.06488721639346369,0.9826845823096385,-0.0997308985481044,-0.5001550836496479,0.010003085290889209,0.29186451773384103,1.066736184907985,-0.369502159932059,0.5655831580539349,0.13366629017821255,0.5245921397562404,0.11905812147906362,1.0562321965087267,0.7
0.9458917835671342,0.2247086856749068,0.016352134603381946,356.5918217976672,-2.1401180168314258e-10,-0.39530440245538495,0.06488719080554245,0.9826846063746532,-0.09973094708677348,-0.500155093382836,0.010003106750312393,0.28592974117014003,1.063985248328974,-0.37046343734109854,0.5899928976103275,0.13304697911021804,0.5253886448423393,0.43742949358586036,1.0480838948926263,0.7
0.9478957915831663,0.2247086856781198,0.016352134602884035,357.34731502096764,-3.8815301758933793e-10,-0.3953043942884273,0.06488719275084075,0.98268463749228,-0.09973093106081754,-0.5001550987147005,0.010003103711843521,0.34671551904309966,1.0608200104256713,-0.37157709938972444,0.6099698936598547,0.13255072589654604,0.5260918809583336,0.7430082189798733,1.0461130246144197,0.7
0.9498997995991983,0.2247086856793496,0.01635213460258202,358.1028082442754,-3.7529901148962807e-10,-0.39530439362152586,0.06488719373999802,0.9826846204502719,-0.09973091759827073,-0.5001550990262393,0.0100031037641885,0.41535357425901376,1.0582738411256605,-0.3724725855382811,0.6263191205699389,0.1321707077289675,0.5257583919816519,0.6403731336786315,1.0473409785878791,0.7
0.9519038076152304,0.22470868568143051,0.016352134601261784,358.858301467579,-4.704213218282112e-10,-0.39530439391108696,0.06488719649436618,0.9826846179060421,-0.09973092817169202,-0.50015509975485,0.010003101566287663,0.4263175150955993,1.0561196146926954,-0.37323083251444666,0.6396993715293419,0.1318818110278183,0.5249042363012215,0.3281095445498204,1.0445299521213374,0.7
0.9539078156312625,0.22470868568395366,0.016352134600626955,359.6137946908865,-4.67491145281385e-10,-0.3953043968028994,0.06488719551914304,0.9826846222327822,-0.09973092774796156,-0.5001550979288266,0.010003101957333184,0.39597255097990625,1.0533541756646039,-0.37421435602501885,0.6506498046428705,0.13168882769683682,0.5246199850095119,0.25557318029196757,1.0372147742576838,0.7
0.9559118236472945,0.22470868568635038,0.016352134600046805,360.36928791419547,-4.275914180032273e-10,-0.3953043957323968,0.0648871938905855,0.9826846225644315,-0.0997309271891545,-0.5001550991637101,0.010003103108329046,0.38976765275880854,1.0498077860525585,-0.37548913420432245,0.6596116683431713,0.1316238451410463,0.5250484644204793,0.48810751185308165,1.031291951495607,0.7
0.9579158316633266,0.22470868568889119,0.016352134599537396,361.1247811375012,-4.6436719609202067e-10,-0.39530439535525136,0.06488719485857111,0.9826846232573496,-0.09973092647874902,-0.5001550999201874,0.01000310230638986,0.4293281139887777,1.0462451065107579,-0.37677658935065084,0.6669460815257545,0.13170438996947087,0.5253375499662395,0.6827527787614946,1.0298274898650686,0.7
0.9599198396793587,0.22470868569144234,0.01635213459908365,361.88027436080824,-4.69537673552144e-10,-0.39530439609858076,0.06488719496123248,0.9826846228269298,-0.09973092659231195,-0.5001550998913921,0.010003102217452835,0.4713190551731857,1.0433159275497308,-0.37783523912702943,0.6729485848589731,0.13191589163521145,0.5249029869748898,0.5961960880229159,1.0302461815147985,0.7
0.9619238476953907,0.22470868569409444,0.016352134598653055,362.6357675841156,-4.67932858618817e-10,-0.3953043963347631,0.06488719478169316,0.9826846237054784,-0.09973092735213841,-0.5001551002539991,0.010003102289378143,0.47357832598720745,1.0407684066995402,-0.37875753647391164,0.6778610496149671,0.13223483867796323,0.524155888003401,0.3861661888527178,1.0277106696074698,0.7
0.9639278557114228,0.22470868569678534,0.016352134598319145,363.39126080742295,-4.677125773141356e-10,-0.3953043965138615,0.06488719473597875,0.9826846245721691,-0.09973092708828374,-0.5001551005727973,0.010003102280100467,0.45043450887826486,1.0378993534432115,-0.3798054291904098,0.6818814238887062,0.13266054501420463,0.5238281186732994,0.3501271053309959,1.0222453554688424,0.7
0.9659318637274549,0.22470868569947536,0.01635213459801756,364.1467540307302,-4.648302159459917e-10,-0.395304396619577,0.06488719474124414,0.9826846248505997,-0.09973092705479532,-0.5001551008946057,0.010003102261784788,0.4461213166805859,1.0346054860728613,-0.38101961233422765,0.6851717089296802,0.1332108310886991,0.5239724296258785,0.5146588970168516,1.017903596362371,0.7
0.9679358717434869,0.22470868570719638,0.016352134597968165,364.9022472541029,1.165163651093518e-9,-0.3953041256041195,0.06488714391109078,0.9826848013002488,-0.09973096778228563,-0.500155327842661,0.010003136040247275,0.4678773367843945,1.0319162075750612,-0.38201123086548006,0.6401738962635664,0.13388908294037744,0.5236995253176473,0.5196211823483929,1.0253434817548472,0.30000292304130893
0.969939879759519,0.22470868570242716,0.016352134612160053,365.65774047719384,-4.225367343735932e-9,-0.39530441324352855,0.06488733501526898,0.9826845250543137,-0.09973070575336067,-0.5001550555850224,0.010003000806324634,0.4314838638141465,1.0317205479504543,-0.3820709435809028,0.5783992249648989,0.13462390561411774,0.5221820885917349,-0.0071285187208993475,1.034185990790032,0.30000000000000593
0.9719438877755511,0.22470868569813118,0.01635213459737254,366.4132337007072,8.969719767884997e-10,-0.395304429340187,0.06488716616171306,0.9826844932943998,-0.09973106186565196,-0.5001550795233023,0.010003129488762433,0.31164085002097225,1.032141579098151,-0.38190450162552275,0.5278426691293444,0.13534680051018422,0.5212127116189403,-0.3452031780485031,1.032894702317651,0.3
0.9739478957915831,0.22470868571082026,0.016352134600118782,367.1687269239572,-5.362045270109482e-10,-0.3953043955499183,0.06488719044677645,0.9826847328920746,-0.0997309620768526,-0.5001550985959715,0.010003100278150098,0.20925993801676987,1.0320743571398576,-0.381920404203517,0.4864670488086314,0.13606300869444354,0.52176374502258,-0.08435021807774847,1.03156523786056,0.3
0.9759519038076151,0.22470868570652308,0.016352134604165153,367.9242201472989,3.263741289677498e-10,-0.3953043858582207,0.06488717670204311,0.9826846112962223,-0.09973086467407694,-0.5001551026854929,0.010003117659668204,0.19875995492623913,1.0323841512158358,-0.38179877712205335,0.452605130655651,0.1367787343546665,0.5227328355002211,0.3400111819076724,1.0370045503133742,0.3
0.9779559118236472,0.22470868570824495,0.01635213459970126,368.6797133705684,-6.296276379360405e-10,-0.3953043818536842,0.06488720798016206,0.9826846047929564,-0.09973093752160313,-0.5001551103539497,0.010003093663683833,0.23291797980091958,1.034146621698666,-0.3811475624155832,0.42489244642002993,0.13745506078754238,0.5226872652527322,0.3429597303019886,1.0469684745000452,0.3
0.9799599198396792,0.22470868571225786,0.016352134599996234,369.4352065938827,-4.595362505516522e-10,-0.3953044065192521,0.06488719815249008,0.9826845933762912,-0.09973092597651399,-0.5001550808099827,0.010003098496630692,0.21987043591213057,1.0371641493413104,-0.3800473195750852,0.40221231163530974,0.13803209588185944,0.5217858188894198,-0.02885551490793534,1.0530982510305842,0.3
0.9819639278557113,0.22470868571337144,0.016352134599514526,370.19069981720247,-1.5606919456927782e-10,-0.39530439712157106,0.06488718988684579,0.9826846391960459,-0.09973094405533497,-0.5001550995237908,0.010003105473662552,0.14932423782033882,1.0400856430306633,-0.3789857343273848,0.3836508287788415,0.1384857598461748,0.5213467038103407,-0.23348995615066406,1.0528123045129854,0.3
0.9839679358717434,0.22470868571490313,0.016352134600183192,370.9461930405074,-2.2028091426580196e-10,-0.3953043942975348,0.06488719275025966,0.9826846317229888,-0.09973091599342479,-0.5001551009044701,0.01000310392330795,0.09421382599121217,1.0423490911963926,-0.3781622621341081,0.36846006163988354,0.13883628744740453,0.5219298624023245,-0.029050214595894363,1.0529223797100027,0.3
0.9859719438877754,0.22470868571602168,0.016352134599506973,371.70168626381405,-2.441138883840747e-10,-0.39530439534864087,0.06488719552819001,0.9826846144779446,-0.09973092638082595,-0.5001551011088228,0.010003102586934421,0.10048204540558268,1.0446529684116195,-0.3773282208638197,0.35602789725042855,0.13909851147513527,0.5226989450652196,0.24729798933406316,1.0577778514350435,0.3
0.9879759519038075,0.22470868571860947,0.016352134598775676,372.4571794871186,-3.230167965102749e-10,-0.3953043972153195,0.06488719648601714,0.9826846271339488,-0.0997309317361963,-0.500155100129481,0.010003101091654582,0.12937346982736064,1.047733173811318,-0.37622539023050444,0.34585338071727356,0.13925403462399122,0.5227341259267125,0.2116460886044801,1.0651400686521013,0.3
0.9899799599198396,0.22470868571152813,0.01635213460372696,373.2126727105145,1.887979632578056e-9,-0.39530375599988726,0.06488711875248736,0.9826832635190869,-0.09973079052096247,-0.5001549096666646,0.01000310824656881,0.12022369266687848,1.0513651130562698,-0.3749363184030316,0.33752652905972935,0.13927247599239753,0.5222659612532536,-0.05087817616801828,1.069329839026023,0.3
0.9919839679358716,0.2247086857272205,0.016352134602278284,373.9681659333742,-9.327750898668439e-9,-0.39530452048042475,0.0648874976744313,0.9826846903858008,-0.09973103207274982,-0.5001550128226843,0.010002871100433762,0.07436127053840441,1.0546767236068573,-0.37376416785556565,0.33071181171730857,0.13914926511923684,0.5222025449370521,-0.1601871539120024,1.069558755043215,0.3
0.9939879759519037,0.22470868571461766,0.016352134606478393,374.72365915722065,4.138512530652869e-9,-0.39530455094183065,0.06488706230460366,0.9826845916917467,-0.09973100543036319,-0.5001550218522042,0.010003206878529215,0.04428800027993181,1.0574273421604408,-0.37279098020767704,0.3251346287224828,0.13890549333757105,0.5228096518936043,0.0025791315887755033,1.0705420670063566,0.3
0.9959919839679358,0.22470868572361055,0.016352134602244245,375.4791523803888,6.337231072219078e-10,-0.3953043127441621,0.06488715853314876,0.9826847734075487,-0.09973097872859653,-0.5001551659296853,0.01000312449127238,0.055178229895647316,1.0601643291154066,-0.3718277052418911,0.320570247257555,0.13855401017469524,0.5234444177980542,0.17320302885966019,1.0748061579162254,0.3
0.9979959919839678,0.22470868571859776,0.01635213460973372,376.23464560363533,-8.873909853635588e-10,-0.39530439397452144,0.06488722652580528,0.9826846189285859,-0.09973080445332383,-0.5001550987474412,0.010003081688923898,0.07476688114077776,1.063344971000538,-0.3707186417648629,0.3168347452829335,0.13808441397404164,0.5235506455153561,0.11484435553035081,1.0802050225531503,0.3
1.0,0.22470868572046804,0.01635213460083747,376.9901388269812,4.357208733876423e-11,-0.39530437477789016,0.06488718902782507,0.9826846623772648,-0.09973099592482583,-0.5001551176132408,0.010003105603209947,0.06471636572409342,1.0667255678662875,-0.3695480505531481,0.31377760049185416,0.13748142594064822,0.5233938717071563,-0.0667137071204218,1.0830478747904735,0.3
