time,angle,w,q_f,z_vc_d,z_vc_q,z_cc_d,z_cc_q,i_vsc_d,i_vsc_q,v_sh_d,v_sh_q,i_bus_d,i_bus_q,i_L_f,v_dc_f,i_dc_f,i_load_f,x_1,x_2,i_L,v_dc,i_load,p_vsc,p_sh,p_load
0.0,-0.0017823570497950143,1.0,0.04005103695221772,-0.0009485724835955883,-0.008109693717324354,0.9857332395646088,0.0001232093552425706,-0.39983582990362865,0.02464187104851061,0.9877324187141269,0.0,-0.4986090717750412,-0.04054846858662178,0.26174313640827224,1.05,-0.3753604112341561,0.5,0.13710354764242827,0.5238095238095238,0.26174313640827224,1.05,0.5,-0.3941284317958639,-0.49249234445716716,0.525
0.002004008016032064,0.011403487173597165,1.0000000000041298,0.040051127047971966,-0.0009486261581507983,-0.00810970409598795,0.985733234184213,0.00012321032159567585,-0.3998356137291226,0.024641833611234475,0.987731445156452,-3.8769333912795445e-8,-0.49860853858689735,-0.04054850650842953,0.26174313730705273,1.0499999996406006,-0.37536039532484106,0.5,0.13710354764225224,0.5238095240205434,0.2617432264333526,1.0499999966193938,0.5,-0.39412783083918124,-0.4924913308137441,0.5249999983096969
0.004008016032064128,0.024589331396640334,0.9999999999967081,0.04005113315538217,-0.0009486278530991261,-0.008109704337194434,0.9857332323975428,0.0001232105405265276,-0.3998356600699109,0.02464183458622843,0.9877314288363817,-4.014466075898607e-8,-0.49860861436581927,-0.04054850362973243,0.2617431649134247,1.0499999990427054,-0.37536039561138385,0.5,0.13710354767034277,0.5238095241947022,0.2617433113618735,1.0499999984953865,0.5,-0.39412786993445237,-0.49249139746987314,0.5249999992476932
0.0060120240480961915,0.03777517561983263,1.0000000000205043,0.040051105207931585,-0.0009486331190583607,-0.00810970068924021,0.9857332310503728,0.00012321080112434563,-0.3998356580820113,0.024641864741064445,0.9877314026691756,-4.289191841988381e-8,-0.4986086456050079,-0.040548472011107915,0.2617431783290189,1.0499999991647944,-0.37536040697052064,0.5,0.13710354770869362,0.5238095237437501,0.26174313571282154,1.0500000021957157,0.5,-0.39412785757657587,-0.49249141516721057,0.5250000010978578
0.008016032064128256,0.050961019843438246,1.0000000000545188,0.040051070098168946,-0.0009486336645170015,-0.00810969458642789,0.98573322994275,0.0001232110157450558,-0.3998356227379509,0.024641898679857218,0.9877313775412003,-4.289306219298765e-8,-0.49860864393604004,-0.040548436839236035,0.2617431474421643,1.0499999996708125,-0.37536042036030565,0.5,0.1371035477319895,0.5238095231998616,0.2617429105055973,1.0500000026841039,0.5,-0.3941278127520625,-0.49249140098964805,0.5250000013420519
0.01002004008016032,0.0641468640674864,1.0000000000835312,0.04005104133913946,-0.0009486288931976698,-0.008109688621997437,0.9857332290151061,0.00012321118816498047,-0.39983556244122054,0.02464192367723898,0.987731354794834,-4.0389106766029154e-8,-0.4986086175912912,-0.04054841079191934,0.26174310157022207,1.049999999875732,-0.37536043034420025,0.5,0.13710354773948102,0.5238095232647504,0.2617429281305365,1.0500000005697854,0.5,-0.3941277442735105,-0.49249136372811125,0.5250000002848927
0.012024048096192383,0.07733270829184127,1.0000000000980163,0.040051026445821154,-0.0009486206828239563,-0.008109684714755747,0.9857332281988018,0.00012321133561574637,-0.3998354897803005,0.024641933259853983,0.9877313344046074,-3.638657052739781e-8,-0.49860857915274037,-0.04054840019458836,0.2617430899680532,1.0499999997296443,-0.3753604340566093,0.5,0.13710354774698513,0.5238095238257304,0.26174315128481995,1.0499999997927396,0.5,-0.3941276645408382,-0.4924913157567043,0.5249999998963698
0.014028056112224447,0.0905185525162866,1.0000000000953446,0.040051026713842856,-0.0009486116527347178,-0.008109683672774145,0.9857332274158802,0.00012321147689998667,-0.39983541851026533,0.02464192734612757,0.9877313163132465,-3.2101165175336026e-8,-0.4986085424108491,-0.040548404989240186,0.2617431177425155,1.0499999997291447,-0.37536043123922114,0.5,0.13710354775913325,0.5238095241802099,0.261743294576732,1.0500000016102353,0.5,-0.3941275870924437,-0.4924912706188462,0.5250000008051177
0.01603206412825651,0.10370439674061355,1.0000000000789848,0.04005103829859866,-0.0009486041260973128,-0.00810968519620472,0.9857332266046835,0.00012321162646333807,-0.3998353590861322,0.024641910804387226,0.9877313005235319,-2.8558220120840755e-8,-0.4986085178623354,-0.040548420254565114,0.2617431457509107,1.0500000000930982,-0.37536042388540747,0.5,0.13710354776361852,0.5238095240046358,0.26174322147676915,1.050000003219925,0.5,-0.3941275222384497,-0.4924912386422845,0.5250000016099625
0.018036072144288574,0.1168902409646862,1.0000000000560278,0.0400510545919169,-0.0009485994036286862,-0.008109688225015498,0.9857332257344217,0.00012321179173605158,-0.3998353162199177,0.024641890795092034,0.9877312871957398,-2.629394564694864e-8,-0.49860851018392766,-0.04054843884573111,0.2617431462524877,1.0500000004400445,-0.37536041519870605,0.5,0.13710354775202918,0.5238095236905796,0.26174309009687635,1.0500000021311044,0.5,-0.3941274746897543,-0.4924912245045425,0.5250000010655522
0.02004008016032064,0.13007608518846908,1.0000000000341098,0.040051068936079716,-0.0009485976018635116,-0.008109691453001654,0.9857332248084053,0.0001232119715388279,-0.39983528853149786,0.024641873962019594,0.9877312764962967,-2.5303954022340025e-8,-0.49860851795508937,-0.04054845416944006,0.26174313401733856,1.050000000345006,-0.3753604081774013,0.5,0.1371035477347209,0.523809523703776,0.2617430943163786,1.0499999995959683,0.5,-0.3941274431534812,-0.4924912268856709,0.5249999997979842
0.022044088176352703,0.14326192941201596,1.0000000000188112,0.040051076801338285,-0.0009485978822894869,-0.008109693803903948,0.9857332238534329,0.0001232121591933062,-0.3998352704466328,0.024641864396157464,0.9877312685208502,-2.5164852829093047e-8,-0.4986085355739893,-0.04054846220066502,0.2617431368122118,1.0499999999150327,-0.3753604045285207,0.5,0.1371035477292463,0.5238095239577373,0.26174320223571046,1.049999998607667,0.5,-0.3941274221728685,-0.49249124031742386,0.5249999993038335
0.024048096192384766,0.15644777363543289,1.0000000000123752,0.040051076724636474,-0.0009485989046029317,-0.008109694721595806,0.9857332229081764,0.00012321234499622878,-0.3998352549815244,0.024641862975524176,0.9877312633950371,-2.5293207951375452e-8,-0.49860855593905534,-0.04054846214790473,0.26174315426473593,1.0499999996081857,-0.37536040443630525,0.5,0.13710354773998842,0.5238095240253012,0.26174323714852465,1.0499999998350698,0.5,-0.39412740491336445,-0.4924912578716575,0.5249999999175349
0.026052104208416832,0.16963361785883288,1.000000000013708,0.04005107013569554,-0.0009485994051087101,-0.008109694228372776,0.9857332220058341,0.00012321252113194113,-0.39983523622056866,0.024641867716675606,0.9877312611263351,-2.513084419466253e-8,-0.49860857301275446,-0.04054845604122924,0.2617431618121312,1.0499999996261824,-0.375360406958488,0.5,0.13710354775635422,0.5238095237780952,0.2617431413247142,1.050000001134374,0.5,-0.39412738554531873,-0.4924912736112734,0.525000000567187
0.028056112224448895,0.18281946208229788,1.0000000000194704,0.040051060221560755,-0.0009485985607374831,-0.008109692798373027,0.9857332211659801,0.0001232126830080988,-0.39983521096296293,0.024641875084336243,0.9877312616068861,-2.434985420933666e-8,-0.49860858359043925,-0.04054844741329506,0.2617431478031396,1.0499999997286158,-0.375360410644469,0.5,0.13710354776912229,0.5238095235356831,0.2617430433313848,1.0500000007765438,0.5,-0.39412736086966155,-0.4924912843304583,0.5250000003882719
0.03006012024048096,0.19600530630586002,1.0000000000256755,0.04005105052724431,-0.0009485961661684943,-0.008109691097349601,0.9857332203898924,0.00012321283016234423,-0.3998351793170495,0.024641881498907486,0.9877312647931353,-2.2902342648470596e-8,-0.4986085876447292,-0.04054843983390438,0.2617431291214403,1.0499999996423786,-0.375360414028616,0.5,0.13710354778115402,0.5238095235902483,0.26174306541928977,1.0499999996024652,0.5,-0.39412733097525965,-0.492491289982393,0.5249999998012326
0.03206412825651302,0.2091911505295022,1.0000000000290896,0.04005104373489327,-0.0009485925645698181,-0.00810968972929087,0.9857332196646785,0.00012321296589804103,-0.3998351437632655,0.024641884449233986,0.9877312705720447,-2.0966661054469505e-8,-0.4986085876067276,-0.040548435763699,0.2617431267828533,1.0499999994339186,-0.37536041600142367,0.5,0.13710354779988904,0.5238095238244024,0.261743162716079,1.0499999994364493,0.5,-0.3941272982620174,-0.4924912929047604,0.5249999997182246
0.03406813627254509,0.22237699475317518,1.0000000000281033,0.040051041014236885,-0.0009485884070007749,-0.008109689055888344,0.985733218970139,0.00012321309518897343,-0.39983510790728877,0.02464188307888124,0.9877312788328456,-1.8851944476748806e-8,-0.4986085870857319,-0.04054843602573995,0.26174313897204665,1.0499999993588218,-0.3753604160987715,0.5,0.13710354782503434,0.5238095239184771,0.2617432042338469,1.0500000004389252,0.5,-0.39412726624049804,-0.4924912965948114,0.5250000002194626
0.03607214428857715,0.23556283897682012,1.0000000000229112,0.04005104195729348,-0.000948584377298099,-0.00810968913494173,0.9857332182873796,0.00012321322215151775,-0.3998350751055223,0.02464187812418287,0.987731289566346,-1.6880874338214112e-8,-0.49860858937564684,-0.04054843986726556,0.2617431472809723,1.0499999994729285,-0.37536041461237657,0.5,0.1371035478490387,0.5238095237911968,0.2617431544356079,1.050000001088531,0.5,-0.3941272382166002,-0.49249130428837123,0.5250000005442655
0.038076152304609215,0.24874868320039048,1.000000000015005,0.04005104509096924,-0.0009485809857668777,-0.008109689769573025,0.9857332176026563,0.00012321335082648573,-0.39983504742646575,0.02464187126024695,0.987731302718351,-1.525644813326906e-8,-0.4986085965096201,-0.04054844559498168,0.2617431431403953,1.0499999995639653,-0.3753604123398724,0.5,0.13710354786806822,0.523809523661519,0.261743102457482,1.050000000437139,0.5,-0.39412721620809543,-0.4924913179583904,0.5250000002185695
0.04008016032064128,0.2619345274238637,1.0000000000064537,0.040051048550691234,-0.0009485784143842931,-0.008109690631332211,0.9857332169115912,0.00012321348105800528,-0.39983502531184734,0.02464186442778572,0.98773131829579,-1.4062273471787032e-8,-0.4986086088929246,-0.04054845127501774,0.26174313683800104,1.0499999994563218,-0.37536041017221183,0.5,0.13710354788726664,0.5238095237075042,0.2617431232358656,1.049999999323854,0.5,-0.39412720065387913,-0.4924913380052349,0.524999999661927
0.04208416833667334,0.275120371647244,0.999999999999092,0.0400510508016794,-0.0009485765542907765,-0.00810969138354093,0.9857332162184784,0.00012321361262550867,-0.39983500775474967,0.02464185911544187,0.9877313362915155,-1.3241320621372103e-8,-0.4986086254369473,-0.04054845545127606,0.2617431400615021,1.0499999992347389,-0.3753604087150045,0.5,0.13710354791373802,0.5238095238336611,0.26174317925623203,1.0499999990560929,0.5,-0.3941271905587836,-0.49249136335239657,0.5249999995280464
0.044088176352705406,0.28830621587055505,0.9999999999939787,0.04005105103387827,-0.0009485750933279907,-0.00810969180769119,0.9857332155328227,0.00012321374241969582,-0.3998349929779037,0.024641855985106112,0.9877313566853277,-1.2654831934820333e-8,-0.49860864432727253,-0.04054845747570903,0.2617431493355618,1.0499999991005786,-0.3753604081771206,0.5,0.1371035479478876,0.5238095238397911,0.2617431875313739,1.0499999996572187,0.5,-0.3941271841627917,-0.49249139220327504,0.5249999998286093
0.04609218436873747,0.30149206009382795,0.9999999999912357,0.04005104929340546,-0.0009485736772463553,-0.008109691831737096,0.9857332148643632,0.00012321386858399818,-0.3998349791903185,0.024641854840533467,0.9877313794233081,-1.2144117912192525e-8,-0.4986086636877692,-0.040548457567692535,0.26174315239194756,1.0499999991001234,-0.3753604084549723,0.5,0.13710354798450913,0.5238095237074862,0.26174313824779144,1.0500000000487189,0.5,-0.3941271796786261,-0.49249142268430735,0.5250000000243594
0.04809619238476953,0.3146779043170902,0.9999999999902197,0.040051046230461795,-0.0009485720233349431,-0.00810969153444633,0.9857332142188843,0.00012321398940062632,-0.399834965170824,0.024641854909339973,0.9877314044412295,-1.1593862759589848e-8,-0.498608682226754,-0.04054845649972273,0.2617431457844232,1.0499999990983948,-0.37536040925238146,0.5,0.13710354802063998,0.5238095236049651,0.2617430996598761,1.049999999644102,0.5,-0.39412717587664975,-0.49249145349230916,0.524999999822051
0.0501002004008016,0.32786374854035805,0.9999999999899009,0.04005104279145258,-0.0009485699904260046,-0.008109691076225329,0.9857332135989395,0.00012321410433660128,-0.39983495053739515,0.024641855200204163,0.987731431641331,-1.0959884938775793e-8,-0.4986086995121198,-0.040548455260913954,0.26174313864788085,1.0499999989939015,-0.37536041017329475,0.5,0.13710354805884933,0.5238095236419251,0.26174311806794104,1.0499999990431288,0.5,-0.39412717234111927,-0.4924914841535219,0.5249999995215644
0.052104208416833664,0.34104959276363345,0.9999999999892861,0.04005103984253375,-0.0009485676060207956,-0.008109690631389988,0.985733213002875,0.0001232142139153593,-0.3998349356707317,0.024641854879889475,0.9877314609367812,-1.0265132332341811e-8,-0.4986087158399516,-0.04054845468405691,0.2617431393369756,1.0499999988527478,-0.37536041083528304,0.5,0.13710354810243142,0.5238095237341642,0.2617431601143308,1.0499999990402222,0.5,-0.39412716941259396,-0.49249151491617255,0.5249999995201111
0.05410821643286573,0.3542354369869076,0.999999999987721,0.04005103789915714,-0.000948565018712468,-0.008109690332607968,0.9857332124255651,0.00012321431929509727,-0.3998349214161784,0.024641853507593268,0.987731492222151,-9.584378474007896e-9,-0.4986087320239717,-0.040548455197959174,0.26174314495130974,1.0499999987953919,-0.3753604109983815,0.5,0.13710354815027392,0.523809523742323,0.2617431682227137,1.0499999995157194,0.5,-0.3941271678824643,-0.49249154652840044,0.5249999997578597
0.05611222444889779,0.367421281210166,0.9999999999850246,0.04005103705215348,-0.0009485624194332418,-0.00810969023601644,0.9857332118608982,0.00012321442206501926,-0.3998349088026287,0.024641851085056253,0.9877315254039809,-9.004259338542513e-9,-0.49860874900728225,-0.040548456790709106,0.2617431470732828,1.0499999988238,-0.37536041066078907,0.5,0.13710354819845327,0.5238095236618473,0.26174313939198063,1.0499999997089033,0.5,-0.3941271687276531,-0.49249157987162473,0.5249999998544517
0.058116232464929855,0.380607125433395,0.9999999999814647,0.04005103701230079,-0.0009485599644051795,-0.00810969031868467,0.9857332113040526,0.0001232145226904498,-0.39983489851643245,0.02464184797931987,0.9877315604092415,-8.608275740092629e-9,-0.4986087674560104,-0.04054845909115702,0.2617431437383454,1.0499999988295494,-0.37536041001626064,0.5,0.13710354824556964,0.5238095236063856,0.26174312016825496,1.0499999993134994,0.5,-0.39412717259611296,-0.49249161556400145,0.5249999996567497
0.06012024048096192,0.3937929696565859,0.9999999999775316,0.04005103733737362,-0.0009485577580900852,-0.008109690502741901,0.9857332107520415,0.00012321462250043308,-0.399834890853266,0.024641844679779076,0.9877315971234402,-8.422139473509341e-9,-0.4986087875979214,-0.04054846161941608,0.2617431409210091,1.0499999987481305,-0.37536040929744996,0.5,0.13710354829420685,0.523809523637393,0.2617431367780249,1.0499999988213295,0.5,-0.3941271797334456,-0.49249165377237225,0.5249999994106648
0.06212424849699398,0.4069788138797371,0.9999999999737547,0.04005103755542652,-0.0009485558018665138,-0.008109690700924951,0.9857332102051869,0.00012321472135561756,-0.39983488577986437,0.0246418416610441,0.9877316354648227,-8.457870204974698e-9,-0.49860880930748097,-0.040548463899088484,0.26174314319485653,1.0499999986354536,-0.37536040868539955,0.5,0.13710354834706828,0.5238095236890745,0.26174316291039607,1.0499999987701594,0.5,-0.39412719007441827,-0.4924916943314924,0.5249999993850797
0.06412825651302605,0.42016465810285314,0.9999999999705421,0.04005103734914016,-0.000948554039337292,-0.008109690834026502,0.9857332096646636,0.00012321481879690803,-0.39983488288397606,0.024641839227373064,0.9877316753472265,-8.685949234583814e-9,-0.4986088321245424,-0.04054846564016463,0.26174314759623035,1.0499999985769788,-0.3753604082777984,0.5,0.137103548403549,0.5238095236738036,0.26174316207468296,1.0499999990377582,0.5,-0.3941272031782328,-0.49249173674509633,0.5249999995188791
0.06613226452905811,0.4333505023259427,0.9999999999680476,0.04005103660328545,-0.0009485523837886038,-0.00810969086707753,0.9857332091329057,0.00012321491402354673,-0.3998348816545305,0.02464183743847239,0.9877317166549007,-9.06618847576422e-9,-0.49860885548971123,-0.040548466772725486,0.2617431484555423,1.0499999985726227,-0.3753604080952321,0.5,0.13710354846112208,0.5238095236028295,0.26174313790199805,1.0499999991074183,0.5,-0.39412721849484583,-0.4924917804045677,0.5249999995537091
0.06813627254509018,0.4465363465490145,0.9999999999661935,0.04005103543641395,-0.0009485507394738205,-0.008109690799014625,0.9857332086122694,0.0001232150064869179,-0.3998348816426105,0.024641836158526456,0.9877317592789152,-9.559396732897777e-9,-0.49860887889058403,-0.04054846745250049,0.2617431452717581,1.0499999985524964,-0.37536040810177423,0.5,0.13710354851895565,0.5238095235590925,0.26174312431570457,1.049999998816166,0.5,-0.3941272355381565,-0.49249182475106523,0.524999999408083
0.07014028056112225,0.4597221907720751,0.9999999999647479,0.04005103406733833,-0.0009485490563755154,-0.008109690664628508,0.9857332081025886,0.00012321509582912215,-0.39983488267343664,0.024641835150499322,0.987731803094812,-1.0143550554580395e-8,-0.49860890205980163,-0.0405484679141595,0.2617431427100544,1.049999998482908,-0.3753604082019091,0.5,0.1371035485786239,0.5238095235782777,0.2617431366071416,1.0499999985185606,0.5,-0.3941272540859816,-0.492491869459347,0.5249999992592803
0.0721442885771543,0.4729080349951278,0.9999999999634293,0.04005103275310552,-0.0009485473228397987,-0.008109690509492451,0.9857332076044554,0.000123215182178845,-0.3998348846725581,0.02464183415050326,0.9877318479712506,-1.0816172923696944e-8,-0.4986089248842249,-0.04054846841564935,0.2617431438078843,1.049999998407685,-0.3753604082698091,0.5,0.13710354864142038,0.523809523609204,0.26174315418401506,1.0499999985358162,0.5,-0.3941272740125709,-0.4924919143522747,0.5249999992679081
0.07414829659318636,0.48609387921817226,0.9999999999619993,0.0400510316967047,-0.0009485455685445834,-0.00810969037714183,0.9857332071161258,0.00012321526626806487,-0.39983488785408444,0.024641832988646244,0.9877318937590059,-1.1578285312961809e-8,-0.49860894747613427,-0.040548469139014776,0.26174314633509327,1.049999998379132,-0.3753604082069409,0.5,0.13710354870638888,0.5238095235945096,0.2617431531244624,1.0499999987273427,0.5,-0.3941272954689531,-0.4924919594663051,0.5249999993636714
0.07615230460921843,0.4992797234412056,0.9999999999603483,0.04005103097140176,-0.0009485438395085124,-0.008109690294520522,0.9857332066362062,0.0001232153482598042,-0.399834892445674,0.02464183160880536,0.9877319403196418,-1.2460025617680192e-8,-0.4986089700230849,-0.04054847012795519,0.2617431466130399,1.0499999983864912,-0.3753604079914987,0.5,0.13710354877163652,0.52380952354694,0.26174313817066325,1.0499999987378734,0.5,-0.39412731862448835,-0.4924920049164448,0.5249999993689367
0.0781563126252505,0.5124655676642246,0.9999999999584951,0.04005103055187467,-0.0009485421891597713,-0.008109690264790127,0.9857332061620624,0.00012321542845551123,-0.399834898695443,0.024641830079365826,0.9877319875199274,-1.3475524061569419e-8,-0.4986089926877354,-0.04054847132580337,0.26174314464125115,1.0499999983775825,-0.37536040766339107,0.5,0.13710354883675607,0.5238095235216035,0.26174313198944954,1.0499999984955752,0.5,-0.394127343670318,-0.49249205079635394,0.5249999992477876
0.08016032064128256,0.5256514118872266,0.9999999999565513,0.04005103032049709,-0.0009485406574644311,-0.008109690274262182,0.9857332056927581,0.00012321550714514118,-0.39983490669752925,0.02464182851618979,0.9877320352113665,-1.4644292752772068e-8,-0.49860901553678016,-0.04054847259710039,0.2617431435401095,1.0499999983323363,-0.37536040728654896,0.5,0.13710354890299867,0.523809523535897,0.2617431422098081,1.049999998267359,0.5,-0.3941273706401274,-0.49249209709707603,0.5249999991336795
0.08216432865731463,0.5388372561102114,0.9999999999546696,0.04005103014669774,-0.0009485392488406856,-0.008109690298131798,0.985733205227596,0.00012321558437929024,-0.3998349164917816,0.02464182707933004,0.9877320832450994,-1.5957975408989543e-8,-0.4986090385225345,-0.04054847380291952,0.2617431448964483,1.0499999982836656,-0.3753604069077496,0.5,0.13710354897127797,0.5238095235514743,0.2617431533324947,1.0499999982579447,0.5,-0.39412739951335246,-0.4924921436976275,0.5249999991289723
0.08416833667334668,0.5520231003331797,0.9999999999529803,0.0400510299307937,-0.0009485379636909237,-0.008109690310273312,0.9857332047671294,0.00012321566042194996,-0.3998349279326182,0.02464182585932622,0.9877321314627981,-1.7408054401296953e-8,-0.4986090614205489,-0.040548474849673694,0.2617431467965141,1.049999998265935,-0.37536040655853053,0.5,0.13710354904093752,0.5238095235328097,0.2617431504674779,1.049999998351264,0.5,-0.3941274300832427,-0.49249219029771396,0.524999999175632
0.08617234468937875,0.5652089445561344,0.9999999999515463,0.04005102962488227,-0.0009485367873661326,-0.00810969029879811,0.9857332043110105,0.0001232157349030024,-0.39983494088131344,0.02464182490793039,0.9877321797029815,-1.8973745763249024e-8,-0.49860908402620413,-0.04054847569667991,0.26174314680798577,1.0499999982694566,-0.3753604062568491,0.5,0.13710354911077582,0.5238095234944564,0.26174313916807906,1.0499999983129502,0.5,-0.39412746214823846,-0.4924922366155532,0.5249999991564751
0.08817635270541081,0.5783947887790784,0.9999999999503691,0.04005102923447356,-0.0009485356894119235,-0.0081096902603674,0.9857332038598964,0.00012321580783483647,-0.39983495519758055,0.024641824188857454,0.9877322278084082,-2.0648423189483523e-8,-0.4986091061682479,-0.04054847635780864,0.26174314526336634,1.0499999982604977,-0.37536040600706166,0.5,0.13710354918062514,0.5238095234748064,0.2617431352780488,1.0499999981213857,0.5,-0.3941274955073101,-0.4924922824038605,0.5249999990606928
0.09018036072144288,0.591580633002014,0.999999999949415,0.04005102879967203,-0.0009485346608153649,-0.008109690199176562,0.985733203413375,0.00012321587910253944,-0.3998349708094888,0.02464182369087541,0.9877322755868737,-2.2403583643467854e-8,-0.4986091276210354,-0.04054847687930208,0.26174314442156393,1.0499999982304407,-0.37536040579217067,0.5,0.13710354925129398,0.523809523482222,0.2617431424995349,1.0499999979658812,0.5,-0.39412753001214756,-0.49249232734508,0.5249999989829406
0.09218436873747494,0.6047664772249437,0.9999999999486103,0.04005102839354986,-0.0009485336881752864,-0.008109690124259782,0.9857332029713703,0.00012321594905143114,-0.3998349875964262,0.024641823331142027,0.9877323228765562,-2.4225630664229098e-8,-0.49860914826470787,-0.04054847733643437,0.2617431452226326,1.049999998204189,-0.37536040557083145,0.5,0.1371035493231902,0.5238095234886003,0.26174314942167076,1.0499999979627737,0.5,-0.39412756547908423,-0.4924923712406887,0.5249999989813868
0.09418837675350701,0.6179523214478679,0.9999999999478834,0.04005102806733319,-0.0009485327751457231,-0.008109690053100055,0.9857332025336122,0.00012321601690754364,-0.3998350056021604,0.024641823054494544,0.9877323694931801,-2.6119699455041093e-8,-0.4986091680562501,-0.04054847777449021,0.2617431462803009,1.0499999982024777,-0.3753604053115417,0.5,0.13710354939566133,0.5238095234721397,0.26174314688995387,1.0499999980116421,0.5,-0.3941276018776362,-0.4924924139561091,0.5249999990058211
0.09619238476953906,0.631138165670787,0.9999999999471931,0.04005102787044171,-0.0009485319385350106,-0.008109689989401588,0.9857332020993188,0.0001232160834178366,-0.3998350248005431,0.024641822822217222,0.9877324152384764,-2.8064704400351478e-8,-0.4986091868860163,-0.04054847823999046,0.261743146079133,1.0499999982149761,-0.3753604050043832,0.5,0.13710354946782966,0.5238095234451005,0.2617431397067113,1.0499999979566277,0.5,-0.3941276391022958,-0.4924924552850367,0.5249999989783138
0.09819639278557113,0.6443240098937006,0.999999999946515,0.04005102782022039,-0.0009485312007400724,-0.008109689938703651,0.9857332016674574,0.00012321614898700255,-0.399835045252407,0.0246418226333331,0.9877324599124903,-3.005287209015424e-8,-0.4986092047562565,-0.04054847874153255,0.26174314502325263,1.0499999982177999,-0.37536040465109366,0.5,0.1371035495396205,0.5238095234327312,0.26174313828500356,1.0499999977984642,0.5,-0.3941276771327659,-0.4924924951303095,0.5249999988992321
0.1002004008016032,0.6575098541165887,0.9999999999735558,0.04005107792954439,-0.0009485904524320187,-0.008109678154658129,0.9857331983240073,0.00012321909484320167,-0.39983616545272926,0.024641907372031004,0.9877325684854806,1.797448036790704e-8,-0.49860908403815307,-0.04054848207915518,0.26173245029966813,1.050003227716317,-0.37535924526656783,0.4960487117575047,0.13710354611379705,0.5238055720213647,0.26011932682178257,1.0504272763255398,0.32719083781193575,-0.39412882131907,-0.4924924319760357,0.3436901806014631
0.10220440881763526,0.670695698340963,1.0000000007754473,0.04005180497079237,-0.0009503213158372723,-0.008109846521932612,0.9857332252285079,0.00012322517095378346,-0.3998440313980145,0.024640504760249878,0.9877316551773561,3.6939564427603246e-7,-0.4986101456128614,-0.040549063261606184,0.24918413739714854,1.0507228277021194,-0.37510364246789024,0.46044680079448735,0.13709286086528708,0.5234258070502794,0.09404134246709316,1.0568159440711868,0.3000000017933014,-0.3941361858238552,-0.49249303939306144,0.31704478511654555
0.10420841683366733,0.6838815425633916,1.0000000003114364,0.0400517488421303,-0.0009493691018443386,-0.008109674255478067,0.9857332065758991,0.00012328118155204395,-0.39983925152256045,0.02464261823762768,0.9877260432882748,-4.1866540775646526e-7,-0.4986061496827385,-0.04054842803296458,0.19963548861243904,1.0521109947547538,-0.37461122300636657,0.43131008040863356,0.1370366805537814,0.5230019588214473,-0.11002957385329461,1.059183815958378,0.29999999999014965,-0.39412925874627713,-0.4924862624091084,0.31775514477708006
0.1062124248496994,0.6970673867863949,0.9999999999729626,0.04005057849365335,-0.0009484534605613577,-0.008109733469229313,0.985733235947039,0.00012332064322279076,-0.3998267000873736,0.02464216526187155,0.9877195902834309,1.377822866527307e-7,-0.49860382854422153,-0.04054794072050089,0.14225772120121213,1.053445587455081,-0.3741386309222944,0.40746451452068755,0.13692481922778083,0.5231787043828602,-0.07962345376950405,1.0598339357557993,0.299999999999978,-0.3941143178673652,-0.4924807748302365,0.3179501807267165
0.10821643286573146,0.7102532310091814,0.9999999994950118,0.040049972659778665,-0.000947523807327517,-0.00810969669306028,0.9857332511787037,0.00012338015501656296,-0.39982407879580856,0.024641350555327558,0.9877290432553246,8.085304272555596e-8,-0.49860796746552427,-0.040547900654970326,0.11907323268570026,1.0548288497510654,-0.37364972344618413,0.3879492468652163,0.13676001294901471,0.523745413527515,0.10461949132923064,1.0627251683432892,0.3,-0.3941155203763868,-0.49248957394262544,0.31881755050298677
0.11022044088176351,0.723439075227427,0.9999999994435803,0.04005049809854231,-0.0009484090397010998,-0.008109541800826854,0.9857332542077587,0.00012341910250990298,-0.3998340183117255,0.024642325914091864,0.9877313746749937,1.2369314829056475e-7,-0.4986076451265237,-0.04054799680817577,0.12578912234899603,1.056746594419932,-0.3729758727836683,0.3719779012805637,0.13653037947874566,0.524039552747909,0.1686314554042843,1.0680743612556847,0.3,-0.3941262290686516,-0.4924904197597921,0.3204223083767054
0.11222444889779558,0.7366249194401474,0.9999999989314767,0.040050908649728365,-0.0009483586366013426,-0.008109655552918772,0.9857332540374324,0.00012341493869694412,-0.3998338483601657,0.02464189551538446,0.9877313829468544,9.490157256964131e-8,-0.4986075094067195,-0.04054842804342438,0.12316396217343364,1.0592766320383549,-0.37209231966079204,0.3589069066100238,0.13621070793992412,0.5238951263001526,0.03764230868657759,1.072716175558935,0.3,-0.3941260660046493,-0.4924902886620953,0.32181485266768045
0.11422845691382764,0.7498107636470519,0.9999999985262054,0.04005199155283343,-0.0009484469231346841,-0.008109383280442608,0.9857332518578752,0.00012351666808489546,-0.39983650061420484,0.024641767349250145,0.98773285235424,6.33631465090562e-7,-0.4986078064173844,-0.040548954621770564,0.09376593452462133,1.0619288068188975,-0.3711697646714165,0.34820956984346024,0.13578519483860016,0.5237924096817262,-0.0896739507842282,1.0745899945543587,0.3,-0.39412924939359967,-0.49249133653182736,0.32237699836630757
0.11623246492985971,0.7629966078501421,0.9999999979383997,0.04005140801848727,-0.0009476577840646271,-0.00810957558586891,0.9857332375903975,0.00012357563436289447,-0.39983833597664337,0.024642363311790417,0.9877419704918197,-1.057881769795413e-6,-0.4986113658524892,-0.04054845922079061,0.061826222875191614,1.0643163530617956,-0.3703405168242823,0.3394548408969353,0.13525833069714815,0.5241165431420775,-0.04755488371899299,1.0756637897741435,0.3,-0.39413474221951605,-0.4924993301212795,0.322699136932243
0.11823647294589178,0.7761824520485413,0.9999999979333946,0.04005195942411893,-0.0009481993050758951,-0.008109616566173919,0.9857332294989238,0.00012361702793691634,-0.3998487776130525,0.024642352500548702,0.9877508714264771,-5.882237355148165e-7,-0.49861503804950674,-0.04054928186772329,0.05396673122817629,1.066604732187853,-0.3695482626072812,0.3322899489220515,0.13463900153816194,0.5246494110611822,0.07679194207171816,1.078435591915859,0.3,-0.3941485615688438,-0.49250741448769625,0.3235306775747577
0.12024048096192384,0.7893682962426884,0.9999999975964027,0.04005162623477159,-0.0009483444676498124,-0.008109533801223041,0.9857332650897285,0.00012365930406514047,-0.3998402415131097,0.02464299312197766,0.9877357019430768,-3.108394461086057e-7,-0.49860826508495254,-0.04054864225170363,0.062465808182966646,1.0691410573817013,-0.3686752758455606,0.32642617880235925,0.13392379251118008,0.5249500757669932,0.09781451613641169,1.0826288466405125,0.3,-0.3941340917968388,-0.4924931721041878,0.32478865399215373
0.1222444889779559,0.8025541404323588,0.9999999973103672,0.04005108359696612,-0.0009484673443541598,-0.0081097245853812,0.9857332932816739,0.000123647546314708,-0.3998346578850932,0.024641794467147128,0.9877313104763659,7.481069490382155e-8,-0.4986078129253105,-0.0405485400481725,0.06025628182459207,1.0719312066293416,-0.36772054652262876,0.32162725525238967,0.1331010675040521,0.5249813655523338,-0.003788552707830996,1.0859541414603153,0.3,-0.3941268339048395,-0.492490551507936,0.32578624243809456
0.12424849699398796,0.8157399846195896,0.9999999971012766,0.04005105563004442,-0.0009484749423229178,-0.008109528946769596,0.9857333042063561,0.00012375037915448995,-0.39983394308976977,0.02464169016114256,0.987731253660453,3.7034839131546627e-7,-0.49860808678236906,-0.04054848414193698,0.040097267176804785,1.0746378415778062,-0.3667975865077052,0.31769980345719456,0.1321669825140006,0.5251001395732688,-0.07761905284406372,1.087446706082626,0.3,-0.39412610076334664,-0.4924908056598552,0.3262340118247878
0.12625250501002003,0.8289258288034548,0.9999999968918318,0.04005085585323452,-0.0009484409348799314,-0.008109704644294455,0.9857333002255321,0.00012374293095576038,-0.3998342158241353,0.024641961168773558,0.9877315852901426,9.341053171485202e-8,-0.4986080827481463,-0.040548351057261726,0.021380865604019007,1.0770693104258864,-0.36597008088471816,0.3144855664139043,0.13112996353635353,0.5255135489440027,-0.032640052399795914,1.0887026678832579,0.3,-0.39412650841542574,-0.49249095579894814,0.32661080036497736
0.1282565130260521,0.8421116729865271,0.999999997209203,0.04005203383117151,-0.000949267508355619,-0.00810946878960069,0.9857333046979353,0.0001238726896985914,-0.3998388494644695,0.024642912914518065,0.9877250432021725,1.3638058182145877e-7,-0.498604719993408,-0.04054840381531687,0.019648960488389017,1.0793965358064745,-0.36518095632412545,0.31185502618934213,0.12999851426158837,0.5260171185011125,0.04707552639398069,1.0912096929033526,0.3,-0.3941284496068954,-0.4924843741263109,0.32736290787100575
0.13026052104208416,0.8552975171666273,0.9999999965670434,0.040050328754142606,-0.0009482858586983149,-0.008109718513662937,0.9857333394922168,0.00012391229950403353,-0.3998258659722578,0.02464233755083719,0.9877198252470122,2.92005169823416e-7,-0.4986029947370782,-0.04054778964757272,0.02581653261584328,1.081845618081063,-0.36435480736370857,0.3097021846153514,0.12877175313916941,0.5263319130110444,0.04235462560290236,1.0944298286085992,0.3,-0.3941135874321616,-0.492480074669508,0.3283289485825797
0.13226452905811623,0.8684833613424292,0.9999999958369026,0.04004981176479888,-0.0009473411606031949,-0.008110030143304853,0.985733349416123,0.00012392479908535258,-0.3998187041989223,0.02464152096814676,0.987720338594928,-1.1422077671910365e-7,-0.4986034073767961,-0.04054785035078016,0.021984595059710278,1.0843735463171273,-0.3635062001437117,0.30794029359469055,0.12744460411824293,0.5264943209492399,-0.03349302367596782,1.0967902998342587,0.3,-0.3941067576986039,-0.4924807217273869,0.3290370899502776
0.1342685370741483,0.881669205509765,0.9999999955693224,0.04005105053764689,-0.0009483768536036591,-0.008109746425845832,0.985733338911879,0.00012395220639756688,-0.3998341065736597,0.024641687538231663,0.9877313405453474,1.770301215899638e-7,-0.49860729995059855,-0.040548589273763536,0.00932964116054486,1.086497434359961,-0.36279381844731223,0.3422064427807356,0.1260199221610982,0.5269238494780499,0.0012366812149972317,1.0919202439315459,0.6999828554423368,-0.39412630109170976,-0.4924900639642225,0.7643254502624964
0.13627254509018036,0.894855049672346,0.999999995335851,0.04005104750870729,-0.0009488412159824402,-0.008109283103594314,0.9857332573083143,0.00012425069245417604,-0.39984588885991545,0.02464184348156867,0.9877454935380064,9.170028411726026e-7,-0.49861377044268745,-0.04054875497996183,0.05059780837396563,1.086491307874401,-0.3627880869846526,0.4071807770012195,0.12455096135156854,0.5283699246707332,0.4929111998353211,1.0825908221088079,0.699999988207071,-0.3941435324579978,-0.4925035419540821,0.7578135627092488
0.13827655310621242,0.9080408938300992,0.999999995564055,0.04005072304002839,-0.0009499976373742926,-0.00810965305524031,0.9857333090723732,0.000124265383915995,-0.3998458720260632,0.0246412610096621,0.9877369691526084,1.0752689266193556e-6,-0.498611361188653,-0.04054842828012376,0.16790514985043115,1.0855383324717245,-0.363101795365679,0.4603559591712754,0.12310718395543208,0.5292985919139702,0.8009882686951657,1.081072450423062,0.6999999999999061,-0.394140103701621,-0.4924969182860016,0.7567507152960419
0.1402805611222445,0.9212267379794554,0.9999999940832975,0.040050706385995574,-0.0009482871866042319,-0.008109672607257942,0.9857332917336111,0.00012425681334717804,-0.39983370721720174,0.024642079020484157,0.987731423171959,2.3456236882869388e-7,-0.49860667687832677,-0.040548279742221534,0.2656337745765262,1.0848308283202657,-0.36333323430741726,0.5038746964270071,0.12169792748343837,0.5288362221265777,0.5423621453216405,1.0816057369179832,0.7,-0.3941259397542351,-0.4924894920671714,0.7571240158425883
0.14228456913827653,0.9344125821213919,0.9999999942798854,0.04005192464786304,-0.0009498806468560151,-0.00811004284582515,0.9857333163039005,0.00012424853962229025,-0.3998430384341003,0.024640342156835037,0.9877320224654567,4.419886463464092e-7,-0.49860907173929014,-0.04054929669202019,0.2761408188465933,1.0837779312908191,-0.36368363869071446,0.5394905155818401,0.120319464696828,0.5280514841721011,0.15561030048716448,1.0753590602802001,0.7,-0.39413535412126666,-0.4924921647710018,0.75275134219614
0.1442885771543086,0.9475984262561569,0.9999999935085327,0.040052340193850226,-0.0009491117030545093,-0.008110001863186994,0.985733300883933,0.00012427571215186886,-0.3998371431603168,0.024641761897535485,0.9877248079584601,-3.222967771606964e-7,-0.49860473612302947,-0.040549167807840965,0.24983496870289762,1.081279659463262,-0.364528875313861,0.5686386197757772,0.11901042248848398,0.5282329291100123,0.19003298797963936,1.065106455578422,0.7,-0.3941266885972436,-0.49248425416543185,0.7455745189048953
0.14629258517034066,0.9607842703867674,0.9999999929896677,0.04005177525292927,-0.0009484714804096091,-0.008109971748500965,0.9857332995917677,0.00012427424769041677,-0.3998354296036048,0.02464101967520961,0.9877331247547912,1.0360022169333875e-7,-0.4986091699516563,-0.04054929859844443,0.27101512884005113,1.0776339651074214,-0.36577616072868774,0.5924934946839653,0.11782780284916933,0.529116543660799,0.5417888938133316,1.0585029731774507,0.7,-0.39412831796414316,-0.49249279766865856,0.7409520812242154
0.14829659318637273,0.973970114519247,0.9999999932511583,0.04005169774118117,-0.0009485986914147558,-0.00811002768569425,0.9857332933704955,0.000124250017076138,-0.3998361243769712,0.024641153150747643,0.9877332287361447,1.0083292545267086e-9,-0.49860979031285535,-0.04054917021115959,0.34122432426224253,1.0739920740547388,-0.3670281357164047,0.6120163889240917,0.11679495776294654,0.5294765793167552,0.7025484073840679,1.0573614718457605,0.7,-0.3941290455074391,-0.4924934581060556,0.7401530302920323
0.1503006012024048,0.9871559586567499,0.9999999937427424,0.04005153272945374,-0.0009486985568162563,-0.008110013906551939,0.9857332879355087,0.00012422497021062978,-0.39983664802522567,0.02464135624831448,0.9877333263165828,-3.578562668649438e-8,-0.49861024115505576,-0.040548969916538294,0.3910835674117654,1.0709565455024852,-0.368072221466916,0.6279939777151428,0.11589581258213008,0.5289053161271379,0.49207168143306046,1.0566603999197737,0.7,-0.39412960051132623,-0.4924939505805265,0.7396622799438415
0.15230460921843686,1.0003418028016797,0.9999999943639777,0.04005128181414412,-0.0009487564712532407,-0.00810996863356297,0.9857332837154473,0.0001242001010084949,-0.39983694209125864,0.024641626759321175,0.9877334198495629,-4.7761401130125475e-8,-0.49861046366091566,-0.04054870402139219,0.3837061464013096,1.0679147125542954,-0.3691240729337906,0.6410700790565067,0.11511510248512442,0.5282417132727134,0.2504026996433543,1.0511150629010753,0.7,-0.394129927420758,-0.4924942165079095,0.7357805440307527
0.15430861723446893,1.0135276469549797,0.9999999949986341,0.04005103470419848,-0.0009487681063017687,-0.00810991431602228,0.9857332808263924,0.0001241755326823998,-0.3998370030933535,0.024641873539486703,0.9877335061614907,-3.959133332796486e-8,-0.4986104542378335,-0.04054846351910602,0.3601086480019549,1.0641243569669303,-0.3704495919552108,0.6517715953188011,0.11447032752973997,0.5282787890698162,0.30973118013234735,1.043369426116278,0.7,-0.39413002167923444,-0.49249425056774104,0.7303585982813946
0.156312625250501,1.026713491116154,0.9999999955506096,0.04005086934865957,-0.0009487431090139036,-0.00810986910805838,0.9857332789394602,0.0001241513535488095,-0.3998368998268545,0.024642023471741794,0.9877335829404774,-1.688124355526885e-8,-0.49861028191670465,-0.04054832044469621,0.3737241729252811,1.059837574049632,-0.3719627831812106,0.6605297448096927,0.11398977452397213,0.5287187025222162,0.5530206416166781,1.0385530571928705,0.7,-0.3941299501948601,-0.49249411956404215,0.7269871400350093
0.15831663326653306,1.0398993352837278,0.9999999959703529,0.040050821352327105,-0.0009487002642542272,-0.008109843971880831,0.9857332774939279,0.00012412768725319562,-0.3998367364990123,0.024642049673890574,0.9877336487876837,1.1634525563617201e-8,-0.49861005131546665,-0.04054830053963578,0.4186415049873964,1.0558355849356098,-0.3733812096007266,0.6676974377440937,0.11367769943176118,0.5287298103338594,0.6402215805130655,1.0374821712624336,0.7,-0.3941298151424989,-0.4924939257798003,0.7262375198837034
0.16032064128256512,1.0530851794559228,0.9999999962604078,0.04005088083613621,-0.0009486596972819206,-0.008109840988818161,0.9857332759351913,0.00012410465162754862,-0.39983661084069433,0.024641970956045128,0.9877337035571744,3.711078436835269e-8,-0.4986098608281951,-0.040548384208561376,0.4466501380707632,1.0524307131901336,-0.37458948497359146,0.6735634967846007,0.11351356624182385,0.5281206559867604,0.4848846429749238,1.036298248773562,0.7,-0.39412971281843895,-0.49249376597074274,0.7254087741414933
0.1623246492985972,1.0662710236312753,0.9999999964628324,0.040051005669760935,-0.000948636163040922,-0.008109854694537904,0.9857332738908684,0.00012408232296561567,-0.39983658443724723,0.024641835726199986,0.9877337480750993,5.3362831740885784e-8,-0.4986097725573823,-0.04054852277967198,0.4368840649772393,1.0491245793891069,-0.37576934222247854,0.6783642951697838,0.113481545450666,0.5275029926961305,0.3315108658743037,1.03177381914674,0.7,-0.394129704277178,-0.49249370163876,0.7222416734027179
0.16432865731462926,1.0794568678090157,0.9999999966367957,0.04005114200080617,-0.000948635520838878,-0.008109875535317656,0.9857332712501711,0.0001240607102711279,-0.3998366710929383,0.02464169988651062,0.9877337836592301,5.832838424792929e-8,-0.498609800509435,-0.0405486605928318,0.41967248497442733,1.0454170102145581,-0.377106130784906,0.6822932813894744,0.1135894872282395,0.527376737495117,0.38658951733264896,1.0259698511191082,0.7,-0.39412980366240863,-0.49249374719189604,0.7181788957833757
0.16633266533066132,1.0926427119902693,0.9999999965723753,0.040053165328344895,-0.0009476404778406016,-0.008109485597305063,0.9857332132826289,0.0001241871256389757,-0.3998446584586788,0.024643990690186454,0.987746372638007,-1.9049790607898233e-6,-0.49861288397792447,-0.04054864145963398,0.4295038891949579,1.0415005795105368,-0.3785297385118916,0.6855087742894672,0.11385187670481275,0.5274930724860799,0.5534469704466899,1.0223731747182034,0.7,-0.3941427425716536,-0.4925029902554574,0.7156612223027423
0.16833667334669336,1.1058285561736623,0.9999999971011901,0.0400507188961845,-0.0009487759226293956,-0.008109696172564506,0.9857332637082855,0.00012414924756314709,-0.3998379109604998,0.02464273279569752,0.9877351938392595,-4.196467197823923e-7,-0.49860841917611476,-0.0405482344177803,0.44827979404401924,1.0387754654130918,-0.37951623839541604,0.6265692001865352,0.11425687373538294,0.5268063783510852,0.3993925896570814,1.0325004733507896,0.3000003212569338,-0.39413159873149134,-0.49249306654887287,0.30975047370317316
0.17034068136272543,1.119014400358185,0.9999999966332489,0.04004969284475758,-0.0009476451014913537,-0.008110374758008231,0.985733284807501,0.00012409176683063054,-0.3998197704129819,0.024641086811278915,0.9877193544108209,-3.297066668391836e-7,-0.49860411049096914,-0.04054820240999079,0.3859689269598943,1.038333016105965,-0.3796602053952341,0.5672650825495078,0.11471953124451864,0.5251788815250549,-0.1698999942407334,1.0379503600338686,0.29999999999863497,-0.39410741847746206,-0.492480916751709,0.31138510800874375
0.1723446893787575,1.1322002445396746,0.9999999968516534,0.040050605705723094,-0.0009485793209921329,-0.00810957945106178,0.9857332918175685,0.00012427374472960098,-0.3998344864940118,0.024642152915385695,0.9877309757710891,3.512647977721281e-7,-0.49860809619869134,-0.04054804488152521,0.2573585693529124,1.038019858971482,-0.3797600395131964,0.5187304744008975,0.11519144454851042,0.5245554313658081,-0.35854636289026653,1.0349252919902814,0.3,-0.39412652457429065,-0.4924906756287993,0.3104775875970844
0.17434869739478956,1.1453860887204337,0.999999996678869,0.04005066542072973,-0.0009484794654377066,-0.008109762788925974,0.9857332895190711,0.0001242522252110014,-0.3998344431513042,0.024642162241607257,0.9877312806255468,1.0824377145484844e-7,-0.4986078240893885,-0.040548170206016414,0.1756224632137607,1.0373305891521705,-0.3800007389138509,0.47900960430765865,0.11568567934187338,0.525355854943455,0.018636702067264005,1.0346595372128404,0.3,-0.3941266098142292,-0.49249054900681594,0.3103978611638521
0.17635270541082163,1.1585719328994406,0.9999999964334655,0.04005119088360937,-0.0009484491146352378,-0.008109781830927502,0.9857332978347333,0.00012425686662152706,-0.3998336920184254,0.02464145770909192,0.9877313155800931,2.7102108751858536e-7,-0.49860793218485155,-0.04054872088181318,0.1865129162503427,1.037391320501998,-0.379968521276669,0.4465019383483222,0.11619685522643707,0.5261241862426209,0.37947864838535467,1.0415033701643788,0.3,-0.39412588103869484,-0.4924906798051717,0.3124510110493136
0.1783567134268537,1.171757777074369,0.9999999962377712,0.040051431404868734,-0.0009484657438735372,-0.00810993052390301,0.9857332908186236,0.00012423420681109432,-0.399834444983826,0.024641352401888885,0.9877316612215843,9.434130608555972e-8,-0.49860838430299326,-0.04054895583825094,0.21670297497438545,1.0390599424102984,-0.3793548166859518,0.41989757755705376,0.11667413025152752,0.525709903505237,0.2460122354727005,1.0510088366877637,0.3,-0.3941267643345686,-0.4924912915520471,0.3153026510063291
0.18036072144288576,1.1849436212496394,0.9999999957186118,0.04005153410862614,-0.0009468037682360505,-0.008110184175513084,0.9857332633917745,0.00012425181310022468,-0.39982944909816215,0.024641108929972167,0.987741962926014,-1.7891566945760067e-6,-0.4986134728623522,-0.04054899605628942,0.18477927746759762,1.0417015855563212,-0.37839581335872846,0.3981244957859065,0.11706038003338905,0.5247344543473829,-0.14302739582064194,1.0547582025392603,0.3,-0.3941260151115733,-0.4925013778779088,0.3164274607617781
0.18236472945891782,1.1981294654266792,0.9999999963941055,0.04005137865294754,-0.0009480193480512168,-0.008109682164538052,0.9857332677660076,0.00012439414465558498,-0.39984178634057765,0.024642966585474588,0.9877419895563259,-9.685008989617424e-7,-0.4986119210004658,-0.04054835643626553,0.10938203956187259,1.043960629063701,-0.3775769239696511,0.3803053515987981,0.11734516253662601,0.5245198978140817,-0.23759652176299192,1.0533634157274032,0.3,-0.394138141765002,-0.492499891594382,0.31600902471822095
0.1843687374749499,1.2113153096064784,0.9999999973248934,0.04005162202986679,-0.0009498474211674828,-0.008109731151446866,0.9857333261700376,0.00012439735705437513,-0.3998477139206943,0.024640444209966125,0.9877425905201331,1.8196384249782677e-6,-0.4986148378511456,-0.040549473639370316,0.06931438722617746,1.0456744695810112,-0.3769550682422126,0.36572212051061403,0.11755227922008708,0.525226418101057,0.03894282944515644,1.054214502538188,0.3,-0.3941441451957882,-0.492503185396247,0.31626435076145637
0.18637274549098196,1.2245011537874921,0.9999999967230746,0.040051048333841634,-0.0009483847425167005,-0.00810947828310715,0.985733295908576,0.00012451322401203115,-0.3998413375242902,0.02464372385844744,0.9877369516857228,-4.0052628923454865e-7,-0.4986090245401432,-0.040548022781720885,0.08888989542630038,1.0477003041402213,-0.37622471453603223,0.3537871534285925,0.11768756099052416,0.5258065875721843,0.25980603208539255,1.0599111273138506,0.3,-0.39413567171304975,-0.49249454174172375,0.3179733381941552
0.18837675350701402,1.2376869979666374,0.999999996530762,0.040050511529497276,-0.0009484872829384134,-0.008109745639164875,0.9857333302177339,0.00012448107095442524,-0.39983487485757946,0.024642332427481477,0.987731612629363,1.3671368290291986e-7,-0.49860768215944895,-0.0405480252043452,0.11293175566521754,1.0505850847409843,-0.3751973165383766,0.34401954990279116,0.11772457949831852,0.5255722793843294,0.13284322684914002,1.0666658107079439,0.3,-0.3941271665010933,-0.49249057551221126,0.31999974321238317
0.1903807615230461,1.250872842143332,0.9999999967235907,0.04005224090263087,-0.00094932343392943,-0.008109815775990641,0.9857333133478213,0.00012449880242622035,-0.39984777065406085,0.02464259265467326,0.98773729850535,-2.2024353599822733e-7,-0.49860930402628545,-0.040549074388114406,0.09079211629109143,1.053819325954136,-0.3740533047311663,0.3360257189564187,0.1176358105334039,0.5250578916900472,-0.1283518586254813,1.0691929842106618,0.3,-0.39414213474125176,-0.4924949980378844,0.32075789526319853
0.19238476953907813,1.2640586863138674,0.999999995854862,0.04005143801881261,-0.0009484194673699488,-0.008109915250361217,0.9857333407496894,0.00012448272858306522,-0.3998341760755992,0.024641305963843656,0.9877317397268818,1.876082866707445e-7,-0.4986081579064043,-0.040549001680803866,0.043365041596833756,1.0565749770956105,-0.3730793222762493,0.32948354313293093,0.11742531362961821,0.5251295797175032,-0.15799765612783917,1.068765895764003,0.3,-0.3941265289029145,-0.4924911108582372,0.32062976872920085
0.1943887775551102,1.277244530483128,0.9999999962503123,0.04005195005745902,-0.0009493156837081004,-0.008110218352272023,0.9857333569306254,0.00012446222302185444,-0.3998339028050726,0.024640998642639765,0.987720586905459,-2.793612610316438e-7,-0.498605086293118,-0.040548774183894465,0.024373945755481043,1.0588766934939815,-0.3722666159412526,0.3241294102229164,0.11711512048746225,0.5257702935976967,0.04420849336548182,1.0702682426928993,0.3,-0.3941218123838348,-0.49248249713972886,0.3210804728078698
0.19639278557114226,1.290430374651915,0.9999999957902124,0.04005262021433231,-0.0009489429172240383,-0.008110208209594702,0.9857333310184426,0.00012443767225743201,-0.39982846972081104,0.02464055465481542,0.9877185687578247,1.295169916831385e-7,-0.4986034735627437,-0.04054992382581263,0.042975439253238996,1.0613517001146369,-0.37139796936761055,0.31974757292770106,0.11671126539878919,0.526230451313342,0.16759571132993561,1.0749530708660697,0.3,-0.39411565085923533,-0.49247991453697726,0.3224859212598209
0.19839679358717432,1.303616218819847,0.999999996210919,0.04005193719543423,-0.000948969511703476,-0.008110067425966408,0.9857333102663426,0.0001244524418552676,-0.39983835589919525,0.024641067212796033,0.9877329851259793,1.818450822115407e-8,-0.49861077261651604,-0.04054928451147158,0.0576990372593047,1.064299973707222,-0.3703726443241217,0.3161614673572946,0.11619845086139938,0.5261406945357586,0.051751000020250126,1.0797072063781357,0.3,-0.3941311429268824,-0.4924943075898511,0.3239121619134407
0.2004008016032064,1.316802062998807,0.9999999971212444,0.04005123972933816,-0.0009489614836391613,-0.008110017974736882,0.9857333069555416,0.0001244234155848278,-0.3998375949869769,0.024641760717388696,0.9877323515010076,-8.184507793344341e-8,-0.498610849357066,-0.04054856140056521,0.03944455301698769,1.0672684291095051,-0.36934560371896347,0.3289382624131991,0.11556425889772518,0.5259844634265664,-0.10400649627400656,1.0791531555999756,0.69277834487213,-0.3941301433381199,-0.4924940634006693,0.7476139370000873
0.20240480961923846,1.329987907190946,0.9999999981965636,0.04005165688692997,-0.0009493710819563807,-0.008109981434276176,0.9857332834526804,0.00012438375041321173,-0.39984584655884925,0.024642675049629446,0.9877365701575863,-5.73064073474155e-7,-0.4986110750681536,-0.04054872643559951,0.04062699895744279,1.068204873337384,-0.3690134756049015,0.39632207583749013,0.1148446350065752,0.527084976752939,0.28026845804815026,1.0671447259168478,0.6999999697825514,-0.3941399593814062,-0.4924963698933865,0.7470012758954026
0.20440881763527052,1.3431737513916047,0.9999999986266861,0.04005111053192375,-0.0009489764971594892,-0.0081098275483092,0.9857333097475386,0.00012437241335025507,-0.3998381058114706,0.024641854759875875,0.9877333143428607,2.5757974936469813e-7,-0.49861052777575315,-0.04054842509399563,0.13765410848118936,1.0675254779831815,-0.36924017811788945,0.4514691802045347,0.11412660063071768,0.5284230752664467,0.797409630998474,1.0634255680078892,0.6999999999915473,-0.39413102244716797,-0.49249423961064087,0.7443978975965336
0.2064128256513026,1.3563595955998236,0.9999999991221822,0.04005068189857916,-0.0009488452306238044,-0.008109849762590356,0.9857333062304423,0.0001243462986989838,-0.39983777757398825,0.02464224540602808,0.9877337612927859,2.290145794062244e-8,-0.49861040194343503,-0.04054813196333797,0.2627413534290234,1.0669856611737518,-0.36941994809900763,0.4966017134600585,0.11343712223548517,0.5283294860117934,0.7453514555368693,1.0658385131428911,0.7,-0.3941308839425906,-0.4924943286599082,0.7460869592000238
0.20841683366733466,1.3695454398135218,0.9999999994354587,0.04005073408248403,-0.0009487655059926925,-0.00810985036323876,0.9857333048412825,0.00012431789088643454,-0.39983739753444336,0.02464216266297903,0.9877337301910306,4.1592695996285783e-8,-0.4986099916865893,-0.04054821965180896,0.3076753886577559,1.066714578533862,-0.369507700553172,0.533538299191513,0.11276051703917775,0.5272294502481679,0.27968039591056487,1.0636723656024714,0.7,-0.3941304972083966,-0.4924939086856234,0.7445706559217299
0.21042084168336672,1.3827312840323613,0.999999999543664,0.040050685977196625,-0.0009482976215819149,-0.008109968483503299,0.9857333266278738,0.00012430847651800976,-0.39982574027754403,0.024641415528866856,0.9877220276139922,4.86714783398934e-7,-0.4986052578643298,-0.04054832285151797,0.276785772850217,1.0653078365167905,-0.36999389397792176,0.5637673078586803,0.11211309612849374,0.5267811693584519,0.09215711110341229,1.0539584449215171,0.7,-0.3941143397761212,-0.49248341601222145,0.7377709114450619
0.2124248496993988,1.3959171282508602,0.9999999996411802,0.04005087484803306,-0.0009486044327767265,-0.008109772141926043,0.9857333277310784,0.00012434408548887499,-0.3998346196052319,0.02464188452958286,0.9877313293043642,1.8801701730033408e-7,-0.4986086356349696,-0.040548349874695584,0.26681321866344176,1.0623541085417265,-0.3710310710918856,0.5885067954005642,0.11155485418841113,0.5274786638765733,0.3965643242830184,1.045254559257852,0.7,-0.39412680096394676,-0.4924913781021437,0.7316781914804963
0.21442885771543085,1.4091029724703716,0.9999999996790969,0.04005167684786661,-0.0009486451881897103,-0.00810970696290671,0.9857333174048609,0.00012434879018582883,-0.3998378126414701,0.02464211155150257,0.9877330372187055,3.7273217420114965e-7,-0.49860843564403134,-0.04054879339241663,0.3253046163600276,1.0589183691326343,-0.37224615694706165,0.6087536634118971,0.11112922480568856,0.528169280112291,0.7238981450413458,1.0427609982401915,0.7,-0.39413062033993707,-0.49249203963538646,0.729932698768134
0.21643286573146292,1.4222888166885346,0.9999999995570682,0.04005117578996967,-0.0009485545668385274,-0.00810990034221885,0.9857333262363125,0.00012432337401259227,-0.3998348472991639,0.024641610613654788,0.9877320330460847,7.677492673035324e-8,-0.4986089528279482,-0.04054869237532336,0.3970140546536782,1.0560927324707472,-0.37324561945368784,0.625323754516577,0.11083115860665016,0.5278258137599172,0.6464573960038055,1.0439049622436598,0.7,-0.39412730914317423,-0.4924920377848515,0.7307334735705618
0.21843687374749496,1.435474660906331,0.9999999995860657,0.04005138231360427,-0.0009485870494058369,-0.008109965393629787,0.9857333212064302,0.0001242965821465306,-0.39983509431325814,0.024641423660756622,0.9877320767398257,3.1672353337966064e-8,-0.4986092138329761,-0.04054887788676012,0.4124553870200755,1.053731078541754,-0.3740814034449062,0.6388847612818938,0.11063412526265742,0.5268850007008019,0.32913150540153113,1.0413025469323065,0.7,-0.39412757076702404,-0.4924923155451357,0.7289117828526145
0.22044088176352702,1.4486605051253898,0.9999999997546916,0.040051491648616565,-0.0009486460801632609,-0.008109996719425973,0.9857333156323931,0.000124270096998384,-0.39983543804219696,0.024641341283473762,0.9877321190651064,-1.1540003132185702e-9,-0.49860957009374385,-0.040548956732708905,0.38249643019418955,1.050809430909707,-0.37512581146536905,0.6499831254317657,0.11054002979393399,0.5264680413388626,0.23168927900774747,1.0338707606664712,0.7,-0.39412792665710716,-0.4924926872080418,0.7237095324665298
0.2224448897795591,1.4618463493477185,1.0000000000787044,0.04005146023653175,-0.0009487088409848603,-0.008109998299557,0.9857333101454689,0.00012424420317250884,-0.39983576454204606,0.02464140040860495,0.987732165399258,-3.179142349769979e-8,-0.4986099077880782,-0.040548894998798726,0.37311403663087445,1.0470782430955783,-0.37647459528543664,0.6590660562889818,0.11058056421311238,0.5268058792274847,0.4551685309063513,1.027500995015068,0.7,-0.3941282671124631,-0.4924930426199357,0.7192506965105475
0.22444889779559116,1.4750321935751598,1.0000000005189784,0.04005132439668615,-0.0009487544811179982,-0.008109975414365493,0.9857333053247898,0.00012421881550836033,-0.3998359764344557,0.024641555483275755,0.9877322150321605,-5.3693073860615024e-8,-0.4986101290759418,-0.040548738966782294,0.4110629165295686,1.0432814822146221,-0.3778553272014839,0.6664995511575172,0.11077508492516881,0.527068577263443,0.6670583912621258,1.025634990214573,0.7,-0.39412849590469284,-0.49249328505246504,0.717944493150201
0.22645290581162322,1.4882180378087917,1.0000000010038188,0.04005114973860479,-0.0009487715258802854,-0.008109939137565001,0.9857333014348328,0.0001241938647556093,-0.39983603530270934,0.024641736443420558,0.9877322662629101,-6.251458183602746e-8,-0.4986101942225233,-0.04054855881412733,0.45549754248910285,1.0401190044134072,-0.3790059925394581,0.6725831432082888,0.11111017439197854,0.5266063812314633,0.5990848683600573,1.0260105075431873,0.7,-0.3941285744720822,-0.49249337458632647,0.718207355280231
0.2284569138276553,1.5014038820487015,1.000000001459333,0.04005100024251769,-0.0009487602182665028,-0.008109902265761328,0.9857332984018926,0.0001241693570281204,-0.39983596032698226,0.024641879888468124,0.9877323173990564,-5.895283694583349e-8,-0.4986101225379472,-0.0405484172521725,0.46111508229355114,1.0373986466691278,-0.3799972654296444,0.6775619711882372,0.11156094659171552,0.5257725985807475,0.3845381630023483,1.0236340553300876,0.7,-0.3941285210388809,-0.49249332942258983,0.7165438387310612
0.23046092184368736,1.5145897262941257,1.0000000018336361,0.04005091744441947,-0.0009487295278675365,-0.008109874975847956,0.9857332959313485,0.0001241453507271562,-0.39983580885297765,0.024641948736040305,0.9877323670998794,-4.74988811607535e-8,-0.49860997179112354,-0.0405483505516991,0.4381689884841322,1.0343982335344302,-0.38110016269672137,0.6816366573024698,0.1121243728596377,0.5253249051430949,0.32956671467724863,1.018079408150983,0.7,-0.3941283916017184,-0.49249320577084926,0.712655585705688
0.23246492985971942,1.527775570543834,1.000000002108347,0.04005091246625031,-0.0009486927796905908,-0.008109862147856103,0.9857332936372671,0.00012412192236425855,-0.39983565096874696,0.024641938019914357,0.9877324141238646,-3.413193760858443e-8,-0.4986098119302879,-0.04054836308527262,0.4314006018042989,1.0309526267795022,-0.38237912020248294,0.6849713912993834,0.11281788810332542,0.5253830334572422,0.4875528060296419,1.0133869005962262,0.7,-0.39412825476074953,-0.49249307185975516,0.7093708304173583
0.2344689378757515,1.5409614147966393,1.0000000024081592,0.04005126090286153,-0.0009488886433073317,-0.00810979940556059,0.9857332908538069,0.00012411484146801214,-0.3998381053174889,0.02464161019865221,0.987734975946937,4.3989533411791655e-7,-0.498610907722228,-0.04054867565947143,0.4534100335986674,1.0279709650431126,-0.38348793880665005,0.6447573245480406,0.11364744228694221,0.525128569927214,0.5298164159432996,1.0195927272344099,0.30000927305680036,-0.3941316819016242,-0.49249545078306856,0.30588727291159584
0.23647294589178355,1.5541472590530516,1.000000002476499,0.04005023255879552,-0.0009485590495105897,-0.008109105600233231,0.985733220358961,0.0001244388606087441,-0.39984285309982626,0.024644689717728714,0.9877381658287574,-3.172417536267168e-7,-0.4986101484475072,-0.040547101855633996,0.4244595712393827,1.027496921031369,-0.3836502139661824,0.5821503099254891,0.11454658555549951,0.5235782437176608,0.02426265851858706,1.0290500153993094,0.3000000034500623,-0.3941376458193528,-0.49249626062791146,0.30871500817007946
0.23847695390781562,1.5673331033108977,1.0000000031018401,0.04004962728008861,-0.000949990032190231,-0.008109497123591653,0.9857333060678186,0.0001244845354141933,-0.3998397242921342,0.02464276356418207,0.9877269743375283,3.309162971768104e-7,-0.49860723886863856,-0.04054668008952916,0.30860503383255306,1.0277973167555425,-0.3835263543116637,0.5309125778289052,0.11544148270414997,0.5224335575796129,-0.35210482537520726,1.028082454603951,0.2999999999999757,-0.3941300775857387,-0.49248783284806685,0.3084247363811603
0.24048096192384769,1.5805189475579555,1.0000000013045927,0.04004988720688726,-0.0009481895457069537,-0.00810953425537591,0.9857332857204189,0.00012446889931048014,-0.39983257027006985,0.024642750931422926,0.9877315294823042,3.3124851192881223e-7,-0.4986063748290614,-0.040547588038767034,0.20124687584715076,1.0276048723384776,-0.3835871493500274,0.4889794605747528,0.1163340521500063,0.5228149072759516,-0.1310833565819402,1.026241791249103,0.3,-0.3941248612597112,-0.4924892506508641,0.3078725373747309
0.24248496993987975,1.5937047917915201,1.0000000001551566,0.040051943832223075,-0.0009481857179648667,-0.00810935610639609,0.9857332837534801,0.00012457466414822718,-0.3998356548055511,0.024642005174850625,0.9877330201056771,9.205979949562536e-7,-0.4986061753284824,-0.04054893335851175,0.1839828323614556,1.0276948398073842,-0.3835448728155571,0.4546612955446717,0.11723301797364172,0.5237466565199824,0.30515434230687294,1.0310176296420508,0.3,-0.39412847728527334,-0.4924898207298094,0.3093052888926152
0.2444889779559118,1.606890636010773,0.9999999996677315,0.040051516582821925,-0.0009491548372692453,-0.00811015588186444,0.9857333233437303,0.00012455540989395172,-0.39983109429261465,0.024641041875399016,0.9877183338962552,-2.9123781781972876e-7,-0.49860232626148954,-0.04054852303089384,0.2185839303692807,1.0291927571852617,-0.38298410232049906,0.42657521587152847,0.11810264773315347,0.523735247816098,0.3517715193320732,1.0407995790921654,0.3,-0.39411814904648146,-0.49247864716253215,0.3122398737276496
0.24649298597194386,1.620076480215392,0.9999999982738753,0.040052112227301186,-0.0009482699154583529,-0.008110039348217359,0.9857332929630352,0.00012455101607837345,-0.3998339602444645,0.0246405535256618,0.9877325465692068,2.1480020980226454e-7,-0.4986080826293251,-0.04054975180864376,0.2118628118826311,1.0320302193906565,-0.3819373839031945,0.403589495962923,0.1188823012424325,0.52278924696647,-0.005928782502457819,1.047411797664512,0.3,-0.39412663870110576,-0.492491439905548,0.3142235392993536
0.24849699398797592,1.633262324417347,0.9999999983753393,0.040051630642142164,-0.0009486498714332039,-0.008110221127682489,0.985733327303097,0.00012465587722485067,-0.3998239160555072,0.024640493531221563,0.9877134994757233,-5.1532642770166164e-8,-0.49860199439414754,-0.04054875704217265,0.14436590812333833,1.0348822678037517,-0.38089053478119544,0.38477791446051685,0.1195433159117411,0.5221977463705384,-0.24249741581507167,1.0473403370085714,0.3,-0.3941091489822055,-0.49247591863903384,0.3142021011025714
0.250501002004008,1.6464481686159453,0.9999999983064127,0.040051606488853,-0.0009487044981057276,-0.008110006809526496,0.9857332925178616,0.0001246506315772249,-0.39983736440909695,0.024641257111611997,0.987733797706929,1.5282247986755696e-7,-0.49861003570420276,-0.04054911055763566,0.08526222569797717,1.037064222403424,-0.3800881005505367,0.36938247672583113,0.12010379677052811,0.5226420466136411,-0.06758372097234053,1.0470363993449132,0.3,-0.39413048909954035,-0.4924939903377153,0.31411091980347394
0.25250501002004005,1.6596340128209657,0.9999999986501094,0.04005104813652443,-0.0009484473768434559,-0.008109898396395313,0.9857333169455476,0.00012474068930016656,-0.39982619025603927,0.024641306675477457,0.9877204371344748,7.448355374613744e-7,-0.4986050744732911,-0.04054848729194719,0.08671754148869054,1.039208126459388,-0.37930330220486885,0.35678280049464495,0.12058080705316654,0.5233781210508881,0.22161258359769856,1.051382172471636,0.3,-0.39411414018173924,-0.4924824523181808,0.31541465174149075
0.2545090180360721,1.6728198570283042,0.9999999989727275,0.04005049404568226,-0.0009487293952931622,-0.008109807175294425,0.9857333108977491,0.00012475654295598013,-0.39983637134289696,0.024642452027239737,0.9877319492931043,7.893172466610502e-8,-0.4986089897062377,-0.040547904089749454,0.11673760035674921,1.0420996864352814,-0.37825614575606686,0.3464711982213587,0.12095842138183135,0.5234272266420361,0.22026281847816154,1.0586757850630637,0.3,-0.394128774648277,-0.4924920325381235,0.3176027355189191
0.2565130260521042,1.6860057012393868,0.9999999998377933,0.04005161243401502,-0.0009502476785631228,-0.008109891424695348,0.9857333379540503,0.00012475599770099386,-0.39984702075458367,0.02464089440224053,0.9877366973628575,9.442234687884242e-7,-0.49861250917377337,-0.04054881062738237,0.11276562000109065,1.0456149433011834,-0.3769950955719331,0.3380321563281036,0.1212053411975993,0.5229039208385294,-0.03516151821373152,1.0632500884649125,0.3,-0.39414112839558335,-0.492497911362249,0.31897502653947374
0.25851703406813625,1.6991915454491067,0.9999999989111469,0.04005097878658874,-0.0009485164953265791,-0.00810956274867227,0.9857333154624105,0.00012485450176522622,-0.3998380878976136,0.02464305277053281,0.9877336236336265,1.8673988124959542e-7,-0.49860821392335875,-0.04054813284734564,0.06884713706092938,1.048886063072468,-0.37582443481464206,0.3311256152768421,0.12131351663294078,0.5227076028981293,-0.17142922904939092,1.0635977061418023,0.3,-0.39413112994109223,-0.49249210548396305,0.3190793118425407
0.2605210420841683,1.7123773896560304,0.9999999985682442,0.040050615025675626,-0.0009484270179832597,-0.008109846381159741,0.9857333328407908,0.00012481680450218566,-0.3998340200820227,0.024642141007077577,0.9877315141470893,1.6663608341069009e-7,-0.498607794125088,-0.04054818398071154,0.03540491293741144,1.051577759898374,-0.37486165773286906,0.3254732866283009,0.12130281945336949,0.5232041218943735,-0.028805907109765286,1.0642374289426009,0.3,-0.39412628556322227,-0.49249063821350386,0.31927122868278024
0.2625250501002004,1.7255632338587794,0.999999998172837,0.040051231642990404,-0.000948384037945371,-0.008109941006846729,0.9857333337492049,0.00012479655307770618,-0.3998342802287816,0.024641466315461675,0.9877326946221056,1.4774808164287067e-7,-0.49860837942596425,-0.04054883027217035,0.043040423927469804,1.0541940798587497,-0.3739299976045699,0.32084740589425603,0.12118803604758385,0.5238114196915292,0.1556973194904182,1.068132919989946,0.3,-0.3941270141043939,-0.49249180416258076,0.3204398759969838
0.26452905811623245,1.7387490780562207,0.9999999979008659,0.04005166030085632,-0.0009484479006977358,-0.008110086389262677,0.9857333265895678,0.00012475907660151604,-0.3998349180217957,0.02464109113613288,0.9877327884876924,5.940131022676501e-8,-0.4986088945932015,-0.04054922174141482,0.06423162100588599,1.057241751886118,-0.3728546778757494,0.3170615726519773,0.12096049763521241,0.5239153766306063,0.12325425069775468,1.0735518999736853,0.3,-0.3941276813234937,-0.4924923562299857,0.32206556999210556
0.2665330661322645,1.7519349222519525,0.9999999979571307,0.040051933058305046,-0.0009486404437406148,-0.008110155186719653,0.9857333182937154,0.00012472157070821013,-0.3998361424236038,0.024640935140944904,0.9877323077677,6.366474796383576e-8,-0.498609318053922,-0.04054940351482086,0.058247665519497636,1.0605507441022928,-0.371695839989562,0.31396323661353176,0.12060381961522623,0.5236962342956882,-0.05703823322499622,1.0766959138014454,0.3,-0.394128693533878,-0.4924925349774471,0.3230087741404336
0.2685370741482966,1.765120766451363,0.9999999980904068,0.04005170448210646,-0.0009481378282207346,-0.008110307879728957,0.9857333164387676,0.00012468165586793648,-0.3998261351864622,0.02464040830354408,0.9877261274887613,-1.7353701980748492e-7,-0.49860782082747757,-0.04054936445493484,0.04397302542286836,1.0625105724022947,-0.37100417959490467,0.3796625937220313,0.1201319706653176,0.5243554120044476,0.13164554008765514,1.0654625509254905,0.7000000832742403,-0.39411638401204774,-0.4924879649647187,0.7458238743734279
0.27054108216432865,1.778306610656403,0.9999999987410596,0.04005198985414152,-0.0009482735001033081,-0.00811009965630802,0.9857332782563398,0.0001246718864565549,-0.3998410140036751,0.024641874585962883,0.9877409762170104,-1.056078533012213e-6,-0.49861342142546694,-0.04054904860190725,0.11320045471434524,1.0623382867564206,-0.3710530774782992,0.4378349978349706,0.11963004072736594,0.5258261634244877,0.6888024680368415,1.059365915942291,0.6999999993555046,-0.39413697923503116,-0.4925008648107146,0.7415561404768473
0.2725450901803607,1.7914924548712263,0.9999999998028017,0.04005113971660981,-0.0009489903190764607,-0.008110021589565121,0.9857333048825705,0.0001246333271740941,-0.39983861233904416,0.02464184393643996,0.9877338210890234,-2.8701366058709783e-8,-0.49861133973343413,-0.040548519079991935,0.24077597595444314,1.0618763544173018,-0.3712057911760684,0.48544346155665796,0.11914628614054426,0.5262148013145383,0.8276528206745888,1.060971508753164,0.6999999999999998,-0.3941317304098824,-0.4924952826694242,0.7426800561272145
0.2745490981963928,1.8046782990967898,1.0000000005498626,0.040050757872584525,-0.000948945346720228,-0.008109950146963108,0.9857333028294547,0.00012459812588050523,-0.39983829545242583,0.0246422090695026,0.9877338141516411,-3.200028033673882e-8,-0.49861098795143277,-0.040548162629189165,0.3142523396204387,1.0618555392990567,-0.3712054274157988,0.5244063560270391,0.1186710406976815,0.5252810221108699,0.42761095239342073,1.0613375202330841,0.7,-0.3941314158947823,-0.4924949316096341,0.7429362641631588
0.27655310621242485,1.8178641433325826,1.0000000011312817,0.040049496294880554,-0.0009484916705953303,-0.008110410536937002,0.9857333278720058,0.00012453301221643437,-0.3998228855964029,0.024641958131051106,0.987714734015474,-4.884158309499744e-7,-0.4986033087288778,-0.04054739124087352,0.2984288696066927,1.0611283919436207,-0.37145472490542863,0.5562937053261549,0.11820558035886479,0.5245309272871445,0.10756351215967742,1.0535200333176662,0.7,-0.394108639305937,-0.49247781465639107,0.7374640233223663
0.2785571142284569,1.8310499875720763,1.0000000013274417,0.04005103807987213,-0.0009484647330687135,-0.008109425266644307,0.9857332750890557,0.00012473780655271533,-0.3998446307896068,0.02464472049343383,0.987739272040803,-6.203357467122217e-7,-0.4986099634359412,-0.04054765861820292,0.2737352276643965,1.0588058924839117,-0.37227222592398007,0.5823903753346611,0.11780118816357978,0.5249581641151555,0.288198171860461,1.0439784036161073,0.7,-0.3941398443784536,-0.4924966171633459,0.730784882531275
0.280561122244489,1.8442358318125078,1.0000000011760954,0.04005001694204518,-0.0009485619654009593,-0.008109693737062771,0.9857333261945658,0.0001246975582498119,-0.399835227805275,0.024642844068142666,0.9877317948903686,1.2883896063989413e-7,-0.4986079246123002,-0.040547521209230164,0.31305061684791885,1.055617011845715,-0.37340638914059676,0.6037479693292397,0.11751147917391253,0.5257980656468051,0.6617457675670664,1.0397596728293965,0.7,-0.39412758664975595,-0.4924909055479693,0.7278317709805775
0.282565130260521,1.857421676047628,1.0000000006271828,0.04005072572084078,-0.0009484391377395756,-0.00810985286764052,0.9857333256170875,0.0001246611593112401,-0.39983473997016145,0.024642088333670972,0.9877317266820472,1.209869295395298e-7,-0.4986074606014194,-0.040548278720832547,0.388307257722662,1.0527833745047823,-0.3744156301705591,0.6212270811023195,0.11734571901909895,0.5258031103870985,0.7160704457077895,1.0406481761426192,0.7,-0.3941270798578021,-0.4924904129022026,0.7284537232998334
0.28456913827655306,1.8706075202749415,1.0000000000484848,0.04005149786923425,-0.0009484457465884869,-0.008110007549764157,0.9857333210601492,0.0001246254209638741,-0.39983494766053923,0.024641325098919552,0.9877316583299246,1.0393891564039923e-7,-0.498607695088729,-0.040549033641930535,0.42332663443725344,1.0505927470510004,-0.37519480447921927,0.6355320328467718,0.11727909090050766,0.524957166039048,0.4301192807519664,1.0399344195697344,0.7,-0.39412725744844374,-0.49249060974067427,0.727954093698814
0.2865731462925851,1.8837933644961404,0.9999999997363499,0.04005200126940274,-0.000948560012012099,-0.008110124978130283,0.9857333137026492,0.00012459110452071116,-0.39983563045936865,0.024640877576572868,0.9877315972436251,4.688730566446689e-8,-0.4986084093663359,-0.04054947001225264,0.40163889871415775,1.0481396211479417,-0.37607389661873997,0.6472392435488428,0.11730192189584839,0.5243259407658643,0.23528743540842076,1.03375118218413,0.7,-0.3941279062320368,-0.4924912824837696,0.723625827528891
0.2885771543086172,1.8969792087158692,0.9999999998327626,0.0400521231412856,-0.0009487225244685521,-0.008110175606372944,0.9857333054433383,0.00012455787536297107,-0.39983644704379234,0.02464082999456638,0.9877315462934271,-2.7758358714946442e-8,-0.4986092607249865,-0.04054950763605607,0.3805392667343764,1.0448326699719788,-0.3772729804034096,0.6568204560458962,0.11744022474451318,0.5245025157411946,0.37973703729589636,1.0267365396840136,0.7,-0.39412869101258685,-0.4924920949665257,0.7187155777788095
0.29058116232464926,1.9101650529395158,1.0000000003123704,0.04005190726384937,-0.0009488698641485593,-0.008110155883566261,0.9857332980400278,0.00012452530857091606,-0.399837089678461,0.024641110218478604,0.9877315067709272,-9.249920660688297e-8,-0.49860993861820474,-0.04054922126682115,0.40542092151517095,1.041186251013369,-0.37860525937715633,0.6646617459355686,0.11772080732577578,0.5248992471081337,0.6307652130075844,1.023663918178669,0.7,-0.39412930891731507,-0.4924927422115481,0.7165647427250683
0.2925851703406813,1.9233508971725166,1.000000001055707,0.0400515673049985,-0.0009489731491780681,-0.00810998286856114,0.9857333042437832,0.0001245225942143142,-0.3998363737021311,0.024641305002449057,0.9877307817748548,1.1158769264909337e-7,-0.49861000153875706,-0.04054882302506617,0.45302894277092653,1.0380159787163254,-0.3797655799325102,0.6710790785546795,0.11814001257955047,0.5246901335334071,0.6527157575225992,1.0240063263898949,0.7,-0.3941283096309251,-0.4924924511453877,0.7168044284729264
0.2945891783567134,1.9365367414143246,1.0000000017645327,0.0400509182977832,-0.0009489339763566262,-0.008109956000679708,0.9857332977001558,0.00012449329674501074,-0.39983676298391824,0.024642098868099625,0.9877312480459406,-9.078111835418781e-8,-0.49861004457563135,-0.04054821818242059,0.47200778351843237,1.035432462439942,-0.38071099636510225,0.6763310406648835,0.11867317927684178,0.523921740275868,0.4543683849520354,1.0229904492575501,0.7,-0.3941288838034414,-0.4924927179359178,0.716093314480285
0.29659318637274545,1.9497225856647684,1.0000000023257152,0.040050651776947326,-0.0009488620114262309,-0.008109897103436856,0.9857332966230081,0.00012446126387260836,-0.39983630873026565,0.02464233155077735,0.9877312541623267,-7.351277671677664e-8,-0.49860962473741993,-0.04054799106893748,0.45394691608319054,1.0327738233554524,-0.38169008585569203,0.6806292604793622,0.11930891718110918,0.5233326148030538,0.3306113663970456,1.0183003415243348,0.7,-0.3941284389018902,-0.49249230699850344,0.7128102390670343
0.2985971943887775,1.9629084299210404,1.0000000026441656,0.040050620595573634,-0.0009487682908611057,-0.008109868354637152,0.9857332959993509,0.00012442959951469774,-0.3998358114016224,0.024642318767950203,0.9877312561667859,-3.36820192341801e-8,-0.4986091608114988,-0.040548006895445764,0.43856703736301994,1.0296359973908111,-0.38285707876791536,0.684146935052434,0.12006084513490171,0.523296707459441,0.4365221400715804,1.0131515952069445,0.7,-0.3941279494864264,-0.4924918513788699,0.7092061166448611
0.3006012024048096,1.9760942741800076,1.0000000027515412,0.04005074400666271,-0.0009486904385008342,-0.008109867939826172,0.9857332943957616,0.0001244007893947771,-0.39983611322640417,0.02464212725286121,0.987732336086848,4.1199594498805376e-8,-0.49860932820243875,-0.040548201612025894,0.4547574652769314,1.0264717137212738,-0.38404059707381116,0.6637212969829372,0.12094269885743635,0.5233221579431376,0.5786844949857393,1.014632448966013,0.3009748095713868,-0.39412867639437826,-0.4924925582106582,0.30537880811249557
0.30260521042084165,1.9892801184405835,1.000000002788363,0.040051570786132015,-0.0009486999696629266,-0.008109749260256484,0.985733289671345,0.00012439628851043752,-0.39983751182898114,0.024642027227334492,0.9877328582185757,3.6741587334256797e-7,-0.49860871030097476,-0.040548714693040146,0.4487438609000258,1.025550001705822,-0.3843740634926873,0.5976704803083969,0.12191290452373904,0.5220683208830622,0.19131257198288687,1.0265368200844334,0.3000000078923475,-0.3941302530011138,-0.492492221456501,0.3079610541271153
0.3046092184368737,2.002465962701852,1.0000000030773477,0.04005160482017766,-0.0009491666647546825,-0.008109624892391854,0.9857333108879284,0.0001245090588380959,-0.39983457798035255,0.024642726605702322,0.9877212871860153,3.5995238229725997e-7,-0.49860405590831125,-0.040548229109489936,0.3515330963437946,1.0260313566247634,-0.38418264274249725,0.5436143085172717,0.12288383530798139,0.5206684921454461,-0.29228933756482645,1.0281287766705776,0.2999999999989876,-0.3941227403854064,-0.4924818544933568,0.30843863300013236
0.3066132264529058,2.015651806960607,1.0000000026370308,0.04005054287946047,-0.0009486600070904388,-0.008109609761571277,0.9857333262151335,0.00012454593492864405,-0.3998360113440501,0.024642276450824577,0.9877323761500308,4.280752442331464e-7,-0.4986085177913426,-0.04054796068092678,0.2310183881919942,1.02614396397176,-0.3841307487817025,0.49937460758105756,0.12384037398936262,0.5206782082410771,-0.2301782354442468,1.025614322260678,0.3000000000000001,-0.3941285826176798,-0.4924917934042659,0.30768429667820346
0.30861723446893785,2.0288376512177937,1.000000002013262,0.040050214355655374,-0.0009477628977744114,-0.008109937565204124,0.9857333467747897,0.00012453530192878005,-0.3998231551649848,0.024641136163213537,0.9877247502678919,5.271766968438601e-7,-0.4986056558518657,-0.040548175367424916,0.18765667846893241,1.0262094258388335,-0.3840982373576995,0.46316870219105155,0.12479713183582082,0.5216488479209075,0.20951595806368267,1.028524778736545,0.3,-0.39411288439143494,-0.4924851682844957,0.3085574336209635
0.3106212424849699,2.042023495466125,1.0000000016564619,0.0400509880466249,-0.0009484329824787308,-0.008109846294582196,0.9857333401308448,0.00012455222620972765,-0.39983433214265407,0.024641811045991995,0.9877312881604593,1.6916386554024148e-7,-0.4986075296324072,-0.040548527223968574,0.21659178725280548,1.0274247610011094,-0.3836401593090435,0.43353770794133534,0.12573167299313323,0.5220038935685511,0.3947777851305539,1.0376232099010858,0.3,-0.3941265022094787,-0.49249026438966753,0.3112869629703257
0.312625250501002,2.05520933970774,1.000000001164497,0.04005151144446146,-0.0009484661583838529,-0.008109997753423883,0.9857333349155093,0.0001245203982174398,-0.399834609014942,0.024641309569363078,0.9877312616898454,9.649915821082749e-8,-0.4986078458349669,-0.04054902471701539,0.2273071020082609,1.030145561097167,-0.38263329760482195,0.4092876167487392,0.12658583091863979,0.5212532874482356,0.11078061343435171,1.0460062052049208,0.3,-0.3941267659082119,-0.4924905605679745,0.3138018615614762
0.31462925851703405,2.068395183945348,1.0000000009899317,0.04005284013327005,-0.0009485821487746547,-0.008109648181755413,0.9857333167882107,0.00012461386529376864,-0.39983976581924935,0.024641920273461296,0.9877341347738896,3.892811294725709e-7,-0.49860859200161156,-0.04054948685117196,0.17232017718292536,1.0332660155883937,-0.3814862745675325,0.38944127757571156,0.12731793020737886,0.5204823968568789,-0.20759398023440118,1.0475532608082436,0.3,-0.39413298023421056,-0.4924927419966892,0.3142659782424731
0.3166332665330661,2.0815810281826184,1.0000000009852819,0.040051286519014,-0.0009486157607001194,-0.008109875379396028,0.9857333420976822,0.0001246058202866612,-0.39983484417116416,0.0246414624609871,0.9877319387511148,1.8716514181259002e-7,-0.4986091755838188,-0.040548763731537804,0.10346320400508181,1.035758797428854,-0.3805697312370786,0.37319898045440847,0.12793639211946942,0.5206964891902064,-0.13852211634125497,1.0467439805136678,0.3,-0.394127265679983,-0.49249221526781545,0.31402319415410035
0.3186372745490982,2.0947668724209856,1.0000000005384322,0.04005092134814723,-0.0009469780212609977,-0.008110120345963503,0.9857333017661634,0.00012459322898895274,-0.39983341217745744,0.024642026486642155,0.9877452719334766,-2.0785394752497085e-6,-0.49861458996122704,-0.04054839028704841,0.08787788395070595,1.0379650074272846,-0.3797595443070305,0.3599062405753346,0.12846356652852747,0.5214967336645607,0.16382628664522442,1.049824505822407,0.3,-0.39413124372392316,-0.49250411946982126,0.31494735174672206
0.32064128256513025,2.107952716659211,1.0000000011767365,0.04005109979539295,-0.0009486269795392672,-0.008109943507097976,0.9857333377152177,0.0001245734108847546,-0.39983550271862284,0.024641723242443785,0.987732679582507,2.174943070371823e-8,-0.49860958961308866,-0.04054857880991019,0.11616714318466713,1.0407499658488593,-0.378747683045742,0.34902742775329343,0.12889304126545106,0.5218109997386642,0.2603776332466239,1.0568706783017905,0.3,-0.3941282137377476,-0.4924929868959787,0.3170612034905371
0.3226452905811623,2.121138560899076,1.0000000012899146,0.040051131621780665,-0.0009486292365088064,-0.0081099784518994,0.9857333332611249,0.00012454046109870625,-0.39983557469057235,0.024641701790548105,0.9877327161894427,-2.4101132498604145e-8,-0.49860964265013025,-0.040548603971861254,0.12509554337008524,1.0442914289775689,-0.37747370167931676,0.34012417779164383,0.12919441512382682,0.5214080411773738,0.045380983672195646,1.0627501301006554,0.3,-0.3941283003109024,-0.49249305567579327,0.3188250390301966
0.3246492985971944,2.1343244051420327,1.0000000019161852,0.04005188016116818,-0.0009495703152709719,-0.008109656621648954,0.9857333472233684,0.00012463108495662135,-0.3998450950574424,0.024640279180688018,0.987740389234807,2.057794912512066e-6,-0.4986137908262974,-0.04054971415103402,0.08862098296015487,1.0478250948979728,-0.3762091340276325,0.3328377366389536,0.12935086665459772,0.5210840423040529,-0.15488733683544192,1.0640782247898755,0.3,-0.39414068290402743,-0.49250106327160514,0.3192234674369626
0.32665330661322645,2.147510249387825,1.0000000020790494,0.040051552435544806,-0.000949409867267244,-0.008109729797818504,0.98573333456652,0.00012466909309684414,-0.3998500609096909,0.024642020850918017,0.9877444802140689,3.0475984550777646e-7,-0.4986142811337405,-0.04054886249418874,0.04735562922312071,1.050773544493396,-0.3751542666095239,0.3268744914983779,0.129377076636949,0.5214503084794807,-0.079428268110179,1.0642952672321413,0.3,-0.3941472465649024,-0.4925035163034232,0.3192885801696424
0.3286573146292585,2.1606960936333435,1.0000000020425326,0.04005121898571467,-0.0009494752506445464,-0.008109780853044134,0.9857333654763082,0.00012469021535190967,-0.3998421742310791,0.02464308200303693,0.9877295544703447,-2.906534580313548e-7,-0.49860717385241177,-0.040547984230344766,0.044096175644134504,1.053464892788112,-0.3741943802551364,0.32199415430788464,0.12929241152970367,0.5221380079334424,0.1247310094741378,1.0673717579941149,0.3,-0.3941335345453925,-0.49248902989954857,0.32021152739823444
0.3306613226452906,2.1738819378757186,1.000000001392889,0.04005068910482952,-0.0009486903025320556,-0.008109917819731024,0.98573339507398,0.0001246993470545468,-0.3998290818606564,0.024642588579758987,0.9877192663300803,5.043673367978945e-8,-0.498602665739498,-0.040547880511947805,0.06589499233929964,1.0564905234791913,-0.3731242354131542,0.31800007341549713,0.1290945730846566,0.5224337351159455,0.15993002129319547,1.0728162421857081,0.3,-0.3941165333905783,-0.4924794612395419,0.32184487265571243
0.33266533066132264,2.1870677821105597,1.0000000006564307,0.040050949477853544,-0.0009484314371723633,-0.00810986019832305,0.985733386513118,0.0001247004812975049,-0.399835401444677,0.024641869261035034,0.987733083288331,1.6702339478007984e-7,-0.49860821818692097,-0.040548531322997225,0.06915791482109736,1.0598865330691736,-0.37193307232135847,0.3147313088812661,0.1287668613827063,0.5222839426744358,-0.0028381844679676565,1.0769145208926243,0.3,-0.39412827191116423,-0.4924918394752217,0.3230743562677873
0.33466933867735466,2.200253626339509,1.0000000002630236,0.04005121562339194,-0.000948583670067794,-0.00811013699811523,0.9857333981090934,0.00012465185949804737,-0.3998315805111966,0.024641255416401855,0.9877256989781279,-2.9421456738737382e-8,-0.49860557698399605,-0.04054867397850491,0.04870398324548424,1.0625814353777998,-0.3709875767601506,0.36208540234036163,0.12830900140438387,0.5225929372627677,0.020331555541008996,1.0693455645430516,0.7000035493958197,-0.39412156563772005,-0.4924855408479092,0.7485456907108127
0.3366733466933867,2.2134394705635514,0.9999999999476095,0.040050635308527364,-0.0009486582053574408,-0.00810969023383871,0.9857333115642658,0.00012487908341780329,-0.3998347008458547,0.024642112943687962,0.9877309290922143,3.7673522608758365e-7,-0.4986081176067648,-0.040548085068510736,0.0913849014820021,1.062902156916858,-0.3708627111544376,0.42344978631010965,0.12779251561508193,0.5240762459685055,0.5592920839670614,1.061031026116978,0.6999999999730518,-0.39412671615757755,-0.49249067453254186,0.7427217182532917
0.3386773547094188,2.2266253147845734,0.9999999997116746,0.040050659873664435,-0.0009485301524248473,-0.008109883903232284,0.9857333075038938,0.00012484307935757314,-0.3998347533718826,0.02464218809501995,0.9877312953117184,9.90201457260116e-8,-0.49860793825819116,-0.040548149901126186,0.21347119559933078,1.062464797621605,-0.37100490064945507,0.4736705666819175,0.12728461230546714,0.5249063923742099,0.8598833066655064,1.061132211352502,0.7,-0.39412692108138775,-0.4924906687235522,0.7427925479467513
0.34068136272545085,2.239811159001934,0.9999999994030522,0.04005113511609764,-0.0009484979603749807,-0.0081099943396512,0.9857333048267306,0.0001248030973696963,-0.39983469778740305,0.024641704360428486,0.9877312732332181,7.499496872182382e-8,-0.4986079173773711,-0.04054863199640217,0.3099557339349396,1.0624671636407306,-0.3709952352634888,0.5147713874336807,0.12678637351587807,0.5242553327246857,0.5612272792214579,1.0630344955308648,0.7,-0.39412685828462407,-0.4924906361162573,0.7441241468716053
0.3426853707414829,2.252997003217163,1.000000000039702,0.040052019230241445,-0.0009500810560797678,-0.008110264925052915,0.9857333288986777,0.00012477792171074266,-0.39984230606963994,0.02464049050469612,0.9877289299439781,6.176648749718683e-8,-0.4986090192142581,-0.04054911879266319,0.31331155641282077,1.0621591138851774,-0.37109637701152715,0.5484083995980471,0.1262891410226267,0.5233359274780118,0.15377341367135092,1.0572802782550985,0.7,-0.3941334064810645,-0.4924905555134922,0.7400961947785689
0.344689378757515,2.266182847430911,0.9999999996442035,0.0400520147065616,-0.0009492382679806346,-0.008110127629715335,0.9857333146232476,0.00012478983132215523,-0.3998359610753409,0.024642015345782177,0.987722780164724,-3.559408105481992e-7,-0.498605055903149,-0.04054881616938511,0.2810291357262845,1.0603307765615537,-0.37173559494689457,0.5759370388634804,0.12583292778126648,0.5234954995992751,0.20458673476178635,1.0473601925627691,0.7,-0.3941247157308223,-0.4924835575878675,0.7331521347939384
0.34669338677354705,2.2793686916449536,0.9999999994413822,0.04005135612624025,-0.0009486897366050345,-0.008110016892961045,0.9857333110867158,0.00012477791528795528,-0.3998369107553063,0.024641491632382013,0.9877337237702276,1.0644083096772155e-7,-0.49861012177619657,-0.04054885653636478,0.30180254012648505,1.0573295422254791,-0.3727985844045796,0.59846653873758,0.12547709834595505,0.5243983181843193,0.5828315372033622,1.0415064815416328,0.7,-0.394130014346701,-0.4924940366075833,0.7290545370791429
0.3486973947895791,2.292554535862609,0.9999999997178634,0.04005124156521289,-0.0009487253327048893,-0.008110043823327284,0.9857333068680603,0.00012474044968261385,-0.39983709648835214,0.024641626101475706,0.9877337640224607,3.723317866896147e-8,-0.4986102511088388,-0.04054872903464709,0.3748552371678243,1.0543950352229368,-0.373841978719651,0.6169047441594836,0.12524420860694713,0.5247249555738659,0.7494337458956203,1.0415519989116597,0.7,-0.39413021482544003,-0.4924941816176757,0.7290863992381618
0.3507014028056112,2.3057403800840968,1.0000000000223066,0.0400511999964119,-0.0009487454781840251,-0.008110037116683518,0.9857333029671358,0.00012470265357910251,-0.39983721961814817,0.024641676470464887,0.9877337960390459,2.5800977829848975e-8,-0.49861031832187924,-0.0405486816388871,0.42563674221810305,1.0521631830066922,-0.3746342467551309,0.6319946207183628,0.12511466605677368,0.524057420414176,0.5206441731057598,1.0420276896201326,0.7,-0.3941303490232956,-0.49249426350650244,0.7294193827340928
0.35270541082164325,2.318926224309647,1.0000000003349068,0.04005115901864264,-0.0009487561446965712,-0.0081100230001813,0.9857332993096769,0.0001246655939598401,-0.3998373020647824,0.024641722999972162,0.9877338235919378,2.400208565930447e-8,-0.498610347011899,-0.04054863775084804,0.41517566956827745,1.0499475565017937,-0.3754242736906226,0.6443442159930265,0.12507052975348373,0.5233047225898075,0.259909721974966,1.0371517083544322,0.7,-0.39413044117850515,-0.4924943055098178,0.7260061958481024
0.3547094188376753,2.3321120685392525,1.0000000006383931,0.04005112107778453,-0.0009487589877383508,-0.008110007523129303,0.985733295937168,0.00012462939268800865,-0.39983734468968174,0.024641763612172383,0.987733844487205,2.5660425351077044e-8,-0.49861033771512836,-0.04054859984765675,0.38739380054702266,1.0469216092640905,-0.37651577937745023,0.6544511577460665,0.12513031120244344,0.5233200627427007,0.3209543281356018,1.02980312430032,0.7,-0.3941304914139649,-0.49249430681292167,0.720862187010224
0.3567134268537074,2.345297912772695,1.0000000009185532,0.040051096458940394,-0.0009487559446192816,-0.008109993686341384,0.9857332927993867,0.000124594063798977,-0.39983735743932974,0.02464178876750677,0.9877338591573255,2.915255952482597e-8,-0.4986103009886592,-0.04054857729289794,0.39966365349693606,1.0433444691804152,-0.3778175825631911,0.6627227058675259,0.12532493612292758,0.5237879288548334,0.5818636169056931,1.0255641670961912,0.7,-0.3941305097296563,-0.4924942779932188,0.7178949169673339
0.35871743486973945,2.358483757009612,1.000000001168207,0.04005108997566854,-0.000948750041966542,-0.008109983171401849,0.9857332898062479,0.00012455960741826984,-0.3998373573733736,0.02464179503457387,0.9877338675043871,3.298179749524555e-8,-0.49861025387086716,-0.04054857336996408,0.4463993217051126,1.0400606550011342,-0.3790162033531139,0.6694921629391661,0.12565965437780505,0.5238105218606149,0.680003249803708,1.0254144031475951,0.7,-0.39413051290633616,-0.49249423577058077,0.7177900822033165
0.3607214428857715,2.371669601249595,1.0000000013819343,0.0400510933276409,-0.0009487311728230968,-0.008109975813885166,0.9857332869438139,0.0001245260424325212,-0.3998372383177044,0.02464181252873478,0.9877336456442902,3.1456463348262976e-8,-0.4986101372003321,-0.04054856708507798,0.4760280095213101,1.037426675805854,-0.37997709314336764,0.6750323047154442,0.12611250353307976,0.5231638749616682,0.5157115192694015,1.0252462741664172,0.7,-0.3941303071123956,-0.4924940098475983,0.717672391916492
0.3627254509018036,2.384855445492296,1.0000000015741475,0.040051209971847974,-0.0009488150425930353,-0.008109969396199092,0.9857332833070647,0.00012449109500836127,-0.39983713216690625,0.024641709078069566,0.987732894942421,2.6841213109864e-8,-0.49860955372283405,-0.040548651674144655,0.46487516834613674,1.0349090242073502,-0.3808994859695162,0.6795663715469066,0.126665976256908,0.5224970306044665,0.3453910858303145,1.0214093321962563,0.7,-0.3941299026688516,-0.49249305903297846,0.7149865325373793
0.36472945891783565,2.3980412897368057,1.0000000017256638,0.04005122284141484,-0.0009487838358719257,-0.008109980728444093,0.9857332781617505,0.0001244598328114003,-0.39983734183713765,0.02464173662532399,0.9877329393938449,-1.6044878108120966e-8,-0.4986097576409871,-0.04054863541969088,0.4444559043998251,1.0319401734525333,-0.38199785041480416,0.6832770639161757,0.127328645655894,0.5223659252709799,0.3967601491740234,1.0160071609662975,0.7,-0.39413012775203465,-0.4924932808745869,0.7112050126764082
0.3667334669338677,2.4112271339838007,1.0000000019048232,0.04005118900404571,-0.0009487281561601723,-0.008109963792667657,0.9857332740870066,0.00012442833125730609,-0.39983679108650494,0.02464184297159151,0.9877329721048002,-9.363811131767619e-8,-0.4986096575973202,-0.04054860925259198,0.45266531681496047,1.0287027446859152,-0.38320484412953043,0.6836332039527933,0.1281174444000951,0.522524339941103,0.575822777829066,1.013016934768309,0.5044179707866564,-0.39412960092447824,-0.49249319522186263,0.510983946608349
0.3687374749498998,2.4244129782350567,1.0000000015160293,0.04005053401543501,-0.0009470501119330507,-0.008110245272679766,0.985733260773566,0.000124391802506433,-0.3998262892731204,0.024641070814847493,0.987737425382173,-1.2555423060461347e-6,-0.498612215086407,-0.040548504369929385,0.4633461457735783,1.0270923995797816,-0.383797350755919,0.6139664265937775,0.12901342138688665,0.5216661044907435,0.34239592109533257,1.0259801218534563,0.300000311914201,-0.3941210792848227,-0.4924978946831873,0.3077943565738069
0.37074148296593185,2.4375988224879546,1.0000000017051254,0.04005105370584001,-0.0009469703687716865,-0.008110080277055206,0.9857332529628745,0.00012443825472714475,-0.39983036766859065,0.02464177533309456,0.9877423315051013,-1.8367476105922048e-6,-0.4986141637537721,-0.040548371225978784,0.3886508324482616,1.0274852824584375,-0.3836391537212006,0.5569509661911994,0.12992634201305978,0.5201333875847386,-0.20023260074764032,1.0304306871512265,0.3000000000128423,-0.39412706712822976,-0.49250224215049326,0.30912920615860107
0.3727454909819639,2.450784666743777,1.0000000023209972,0.04005065520994791,-0.0009480827050657096,-0.008109572279595294,0.9857332615248385,0.0001245752019717289,-0.3998419479173584,0.02464374745366866,0.9877418546769292,-9.526670523295942e-7,-0.4986117945991083,-0.04054762257960535,0.26237241745189466,1.0277918758909574,-0.38351536194038455,0.5102893624035783,0.13082050704227213,0.5197596911886188,-0.3017269798252297,1.027841740700753,0.3000000000000116,-0.3941382462027994,-0.49249970013273126,0.3083525222102378
0.374749498997996,2.4639705109996055,1.0000000029166365,0.0400507062925352,-0.000949796503510914,-0.008109757567118415,0.9857333225808588,0.0001245540383308151,-0.39984737922163055,0.024640887612983033,0.9877425560156337,1.7512713033660608e-6,-0.4986143213064728,-0.040548988927897656,0.1937446463281663,1.0277989317469123,-0.383505214844232,0.47210139252895306,0.13171118409226923,0.5206607062714065,0.0988659426090758,1.0289420055665195,0.3,-0.39414380371558255,-0.4925026552055366,0.3086826016699558
0.37675350701402804,2.477156355250039,1.0000000017870367,0.04005074422735817,-0.0009484832350044057,-0.008109760529126984,0.985733311956089,0.00012453793910920246,-0.39983550930134976,0.0246420898371988,0.9877327085096657,1.9442106174794725e-7,-0.498607955969166,-0.0405482985044725,0.211121431500031,1.0286648357550612,-0.3831769066633805,0.4408482251071899,0.13258844609837134,0.5213300541171106,0.4010372399813553,1.0368611288445733,0.3,-0.3941282274341735,-0.4924913947173357,0.31105833865337196
0.3787575150300601,2.4903421994924417,1.000000001186802,0.04005127509284261,-0.0009484630760711954,-0.008109932402339282,0.9857333080563908,0.0001245068766256938,-0.399835645863991,0.024641560442421773,0.987732662310498,1.1638004030842639e-7,-0.49860807045510996,-0.040548820347839395,0.2350408925222028,1.03109269038452,-0.3822788271447599,0.41527056349078456,0.13339974747532427,0.5208381928079787,0.21599331463518048,1.046368129611899,0.3,-0.3941283453570689,-0.4924914815991995,0.3139104388835697
0.3807615230460922,2.503528043729356,1.0000000005089424,0.040050660047789836,-0.0009475304570380368,-0.008110455349439348,0.9857333170355427,0.00012445328616139567,-0.3998218805768322,0.024640488454034725,0.9877232279249132,-2.923805838760785e-7,-0.4986054992768025,-0.0405489779808252,0.19531539817879756,1.0342920923990426,-0.3811061565441623,0.3943377304262061,0.13409347471083216,0.519966204428595,-0.15109763727403608,1.0496982882520158,0.3,-0.39411104223346205,-0.49248422135106246,0.31490948647560474
0.38276553106212424,2.516713887962923,1.000000001250221,0.04005251013170979,-0.0009495416967657656,-0.008109889521101999,0.9857332945440529,0.00012458690873461722,-0.39984804056716805,0.02464236309262746,0.9877357959710901,-2.369723189537983e-7,-0.49860974296431315,-0.040549240112194275,0.12177129225792116,1.03700612336752,-0.3801124407715835,0.37720625889852394,0.1346661221352883,0.5199353135664092,-0.19200980049508012,1.0487592930326155,0.3,-0.3941417999486294,-0.49249468173674904,0.31462778790978463
0.38476953907815625,2.529899732196825,1.0000000013845929,0.04005134286564209,-0.0009497274177139314,-0.008110179211561049,0.9857333508552614,0.00012457889406355068,-0.39983474219867826,0.024641441987001585,0.98771967703783,-4.5175515531011053e-7,-0.4986051279255752,-0.04054811512723179,0.089567205296384,1.0392378933720445,-0.3792956132587454,0.3631858056579217,0.13514192164624422,0.5207209695574884,0.09360431897945568,1.0505935012201422,0.3,-0.39412227845621955,-0.492482077606235,0.31517805036604263
0.3867735470941883,2.543085576429283,1.0000000007482903,0.040051071206253175,-0.0009485977682305623,-0.00810990284175942,0.9857333242738602,0.00012457230254594987,-0.39983516083962434,0.02464174482221124,0.9877323821775328,7.877749248202063e-8,-0.4986093188030358,-0.040548553164982175,0.11199825539239612,1.0418504031076012,-0.37834644041978904,0.3517114321492486,0.13552350975446772,0.5212640505563961,0.27456846498740944,1.0569980701100232,0.3,-0.3941277570960866,-0.4924925734315528,0.317099421033007
0.3887775551102204,2.5562714206630535,1.0000000007936725,0.04005106860411366,-0.0009485919821422695,-0.008109959117352223,0.9857333204448083,0.0001245400865200496,-0.39983520248900783,0.024641754642599253,0.9877324358067945,2.6639160148737737e-9,-0.49860936021782565,-0.04054854721577509,0.13118274413930575,1.0452796220539737,-0.3771146578882194,0.34232077415961637,0.13578372287959048,0.521022629184327,0.1187569670425513,1.0637725923675398,0.3,-0.3941278213840206,-0.49249263799203824,0.31913177771026197
0.39078156312625245,2.569457264898631,1.0000000004570668,0.04005238881555103,-0.0009472750954180604,-0.008109802864007126,0.9857332787558517,0.00012461043747402525,-0.39983777386023234,0.024642819409657304,0.9877459831196154,-2.067627584916836e-6,-0.49861422289620844,-0.04054846290241801,0.10429221954659867,1.0489355332369064,-0.375809768009928,0.3346354345832665,0.13589877988707705,0.5206169119350805,-0.12376461333210242,1.0661867556941762,0.3,-0.394135818412337,-0.492504111952918,0.31985602670825286
0.3927855711422845,2.5826431091364737,1.000000001130062,0.040050670230312474,-0.0009486485709844991,-0.008109923464701992,0.9857333408779126,0.00012460637673321047,-0.39982790295048765,0.024642214251485828,0.9877195051850663,4.1155895132037694e-7,-0.4986036938293275,-0.04054800747118098,0.05858144059133536,1.0520656879911279,-0.3746946881321889,0.3283457306338776,0.13587657566348418,0.5208335139438368,-0.1202429705788838,1.0662071725226856,0.3,-0.39411546036620954,-0.4924806104404451,0.31986215175680566
0.3947895791583166,2.5958289533738035,1.0000000006128154,0.04005003446097814,-0.0009476210922693737,-0.008109946335739601,0.9857333565679758,0.0001246381295854519,-0.3998241620540994,0.024641304395460906,0.9877283684567647,1.7223182253441846e-7,-0.49860775374499255,-0.040547980653733294,0.044390412576464894,1.0547900917045445,-0.3737251800448122,0.32319822186909886,0.13573885448782302,0.521543275142541,0.08278573465310723,1.068436597419982,0.3,-0.39411533023904904,-0.49248903009008643,0.3205309792259946
0.39679358717434865,2.6090147976066143,1.000000000564119,0.04005066502567485,-0.0009484668604328879,-0.008109824781453234,0.9857333549984592,0.00012464526180440823,-0.39983422864443946,0.024642137897673458,0.9877313388677261,1.42326111854344e-7,-0.4986078090573766,-0.04054818647795677,0.06390614310815614,1.057726030014763,-0.37268834343977697,0.3189854874790873,0.13548956514480973,0.5220064400745908,0.17850627768941865,1.073597635939235,0.3,-0.39412642125011776,-0.4924905645812119,0.3220792907817705
0.3987975951903807,2.622200641834561,1.0000000001353402,0.04005114300612379,-0.0009484433196073924,-0.008109951580660722,0.9857333511884655,0.00012461061731730994,-0.3998342117515531,0.024641653336104533,0.9877313410320221,1.0006054702367798e-7,-0.49860782793022523,-0.04054867002956291,0.07491919164406498,1.061095245223114,-0.3715092023581189,0.31553777364946856,0.13511337179507002,0.5219520404119737,0.047493224972876516,1.0783944674211747,0.3,-0.3941264066583551,-0.4924905825879072,0.3235183402263524
0.4008016032064128,2.635386486057343,0.9999999998602811,0.040051534965226024,-0.0009485782481771115,-0.008110062495910451,0.9857333438296731,0.00012457355578404333,-0.39983640561661377,0.024641147176796642,0.9877338799007825,2.1130429013559774e-7,-0.49860924378178534,-0.040549186297636944,0.05510496338663962,1.0642626116824374,-0.3704050051962495,0.3435341365889942,0.1346013437043371,0.5219964996760897,-0.05289194176942777,1.075009657693162,0.6998428848797152,-0.39412957735154786,-0.492493251483195,0.7523378601135376
0.40280561122244485,2.648572330278068,0.999999999473257,0.040051904184003465,-0.0009482541680772834,-0.008110257676983174,0.9857333440175243,0.0001245126303068121,-0.39982725533559194,0.024640172330473203,0.9877258740526667,1.7857025487892957e-7,-0.4986069802900892,-0.04054959035484649,0.0725555786136146,1.065130584730554,-0.3700911790968967,0.4082673997229558,0.13400474365958873,0.5233414334215517,0.4099232061661917,1.0646409852583134,0.700000004896047,-0.3941173759854161,-0.49248702265673977,0.7452486948933517
0.4048096192384769,2.661758174497888,0.9999999999093775,0.04005184685682418,-0.000948768747514159,-0.008110073569448033,0.9857333328570188,0.0001245221080603493,-0.39983585041341285,0.024641011455819,0.987731972061412,2.4310698509154454e-8,-0.49861011265596006,-0.0405492315458979,0.18153142868366848,1.0647351479503835,-0.37021755224702,0.46124525187899723,0.13340528092208975,0.5245402127743187,0.8454988644433181,1.0627399197259646,0.6999999999996566,-0.39412827299704484,-0.49249315084921436,0.7439179438078103
0.406813627254509,2.674944018724137,1.0000000005183902,0.04005130334604389,-0.0009488292808844147,-0.00811004098647101,0.9857333258243316,0.00012449181289577577,-0.39983631416212856,0.024641629986397216,0.9877321556231857,-9.133402762052188e-8,-0.4986104607579323,-0.040548658623318794,0.2959828444055715,1.0646307629032903,-0.3702446883411496,0.5046024765703127,0.13281873833311741,0.5242483200580186,0.6831844779123933,1.0653310018734987,0.7,-0.3941288052941521,-0.49249358151723005,0.7457317013114491
0.40881763527054105,2.688129862958748,1.0000000011469903,0.04005089328923168,-0.0009488247918525364,-0.008109963856049054,0.9857333220186072,0.0001244597377359302,-0.3998363516116872,0.02464199309455607,0.987732745692288,-1.396262750286866e-7,-0.4986104935008737,-0.040548263831493854,0.32256676255490635,1.0645704873699116,-0.3702581933224799,0.5400861447544715,0.1322312191676245,0.5232491891069899,0.22999113668745114,1.0618341812837686,0.7,-0.3941290791661995,-0.49249390611500166,0.743283926898638
0.4108216432865731,2.7013157072026033,1.0000000017696022,0.040050889533806165,-0.0009489213188941083,-0.008109967401152442,0.985733333460192,0.00012444727249646118,-0.3998300378442261,0.02464235154523897,0.9877202152210842,2.1805340408696144e-7,-0.4986046712597869,-0.04054804860717201,0.28915427925409354,1.0631835720431722,-0.3707384031597568,0.5691260803143277,0.1316692878740316,0.5231092912955467,0.14239104035279035,1.0520533167819528,0.7,-0.3941178491347437,-0.4924819220485947,0.7364373217473669
0.4128256513026052,2.7145015514493647,1.0000000018971407,0.040050540438676493,-0.0009487913457317566,-0.008109710069063749,0.9857333406043244,0.00012448154507096389,-0.39983573633919844,0.024642325004466767,0.9877311833183563,2.0584508878385062e-7,-0.4986088233341998,-0.040547870156804174,0.2915705459939784,1.0603816645357615,-0.3717242217605998,0.5928924296851011,0.13119392920510453,0.5239695832161227,0.48730065694976843,1.0446486159884099,0.7,-0.39412784061360356,-0.4924914914314424,0.7312540311918868
0.41482965931863724,2.727687395697262,1.000000001837197,0.04005046268373272,-0.0009486422939720228,-0.008109797067558515,0.9857333371455529,0.00012445305753929905,-0.39983554311568736,0.024642460833413482,0.9877315626190118,2.2503137495061674e-8,-0.4986083857336792,-0.040547890653699105,0.35723617311337535,1.0573245125618236,-0.37280606951072964,0.6123428784696966,0.13084038186765984,0.5245726368577935,0.7519637939892357,1.043427831858751,0.7,-0.39412780667567376,-0.49249124088812474,0.7303994823011257
0.4168336673346693,2.740873239942962,1.0000000015740667,0.040050829205866285,-0.0009485635002449538,-0.008109864842136851,0.9857333351544982,0.0001244221468764488,-0.3998352088534499,0.02464206216086982,0.9877315164850837,3.580463834729191e-8,-0.49860808022417763,-0.04054828928145842,0.42085520860742776,1.0549327620034168,-0.37365151952681736,0.6282611776883258,0.13059720118248433,0.5241333169454079,0.605011468501888,1.0445674556798488,0.7,-0.39412745917531605,-0.4924909166633601,0.7311972189758941
0.4188376753507014,2.754059084184709,1.0000000012664174,0.040051233873630715,-0.0009485532612793553,-0.00810994005613385,0.9857333311653816,0.00012439211102468722,-0.39983524076559357,0.024641655892766935,0.9877314711038985,3.410417023887335e-8,-0.4986081428276089,-0.04054869082081818,0.42454943172655785,1.052820886684389,-0.3743993572511619,0.64128875627133,0.1304409023334556,0.5233093433633086,0.3039208267675507,1.041128715238841,0.7,-0.3941274725653819,-0.49249095580237634,0.7287901006671887
0.42084168336673344,2.7672449284230294,1.0000000010737002,0.04005151429799013,-0.0009486018556010234,-0.008110000724368294,0.9857333257005989,0.0001243631514764598,-0.3998355365626649,0.02464139966883952,0.9877314300489414,8.952643844289561e-9,-0.498608471857814,-0.04054894079145912,0.39419426455198225,1.050020330045455,-0.3754020939850621,0.6519505613678992,0.1303808348247345,0.5231328752718931,0.27437661644884037,1.0337708860503398,0.7,-0.3941277478184411,-0.4924912593056562,0.7236396202352379
0.4228456913827655,2.780430772660092,1.0000000010806238,0.04005160401394761,-0.0009486800522602873,-0.00811002927295039,0.9857333196892141,0.00012433507097775015,-0.3998359265432899,0.024641345775160813,0.9877313952201203,-2.7558952497930095e-8,-0.49860889688531246,-0.0405489888541858,0.3937344055028353,1.0465013164654093,-0.37667497776525655,0.6606762111265281,0.13044928382240376,0.5235969768237616,0.5203626321894692,1.0283998345657221,0.7,-0.3941281184424412,-0.49249166027220714,0.7198798841960055
0.4248496993987976,2.7936166168986114,1.0000000012860357,0.040051515563287815,-0.0009487549854696199,-0.008110021754256175,0.9857333140437629,0.00012430763593473024,-0.3998362490613632,0.024641466844732063,0.9877313673260321,-6.095831973302755e-8,-0.4986092553101659,-0.040548863709072666,0.4361531000008774,1.0430668363580906,-0.3779229846850045,0.6678173061870175,0.13066003887020922,0.5238189660021546,0.68659236982823,1.0274361673927228,0.7,-0.39412842535423603,-0.4924919990371342,0.7192053171749059
0.42685370741482964,2.806802461140816,1.0000000016227277,0.04005131607912853,-0.0009488020317148461,-0.008109986667697867,0.985733309391951,0.00012428067543645709,-0.3998364004990562,0.02464168515196913,0.9877313456550615,-8.082779681638967e-8,-0.49860944267663065,-0.040548643460247995,0.47465432667267937,1.040282779224645,-0.37893442809078576,0.6736615974517497,0.13099586327351012,0.5233227950556059,0.5730127836518403,1.0277764987282774,0.7,-0.39412856609948616,-0.49249217249385113,0.7194435491097941
0.4288577154308617,2.81998830538781,1.000000001993754,0.040051093608236936,-0.0009488109148420613,-0.008109939433055786,0.9857333059265193,0.0001242541345279394,-0.3998363553283789,0.024641909046405914,0.9877313286680216,-8.340777097814483e-8,-0.49860943260657337,-0.04054841961218751,0.4724151001663821,1.037800561721251,-0.37983836957176004,0.6784445810275269,0.13143476625823552,0.5226046232645113,0.37229805403743205,1.0248652548525825,0.7,-0.39412851487998696,-0.4924921539728458,0.7174056783968077
0.4308617234468938,2.833174149639431,1.0000000023102171,0.040050923651273856,-0.0009487859533482847,-0.008109896038289929,0.9857333034472459,0.00012422804210412272,-0.39983615713078624,0.02464206550506115,0.9877313141829744,-7.125110865524441e-8,-0.49860926886391393,-0.04054826415264357,0.4496186721076421,1.0349470128704383,-0.3808870573885655,0.68235898755693,0.13197911499720588,0.5223513759640385,0.36401499452777947,1.019414446107999,0.7,-0.3941283137767289,-0.49249198550965695,0.7135901122755993
0.43286573146292584,2.8463599938945965,1.0000000025388995,0.040050852163007945,-0.000948778504762565,-0.008109875643962589,0.9857333023244416,0.0001242023231671465,-0.3998358222190451,0.02464211196399674,0.9877307393433927,-7.198455095013908e-8,-0.49860879673480407,-0.04054818523384914,0.44915527569538954,1.0317101991087314,-0.3820869652347667,0.6855625483268178,0.13264682538892056,0.5225197181096076,0.5359402018343992,1.0154757685778328,0.7,-0.394127754478184,-0.49249123252314453,0.7108330380044829
0.4348697394789579,2.8595458381524166,1.0000000027025584,0.040050301722548996,-0.0009486749271183701,-0.008110091565051885,0.9857333189416374,0.00012416134204371423,-0.3998294566230204,0.02464189202226525,0.9877221713513209,-2.780965966472668e-7,-0.4986054653667358,-0.04054784883708854,0.46888210461075375,1.029380121646296,-0.38294840470223884,0.6312019526708843,0.13343556164660023,0.5220826083577106,0.46955047425630003,1.0250061524202756,0.29999869263411794,-0.3941180718326053,-0.4924836616234493,0.30750050566801007
0.4368737474949899,2.8727316824109246,1.0000000033623166,0.04005111670731714,-0.000950123688821837,-0.00810956578192836,0.9857333044285751,0.00012434656879253692,-0.3998482977984397,0.024641155045073065,0.9877407909135641,1.5634669485144932e-6,-0.49861428389316403,-0.040548657647634906,0.4196746529834928,1.029462819281708,-0.38290568195436236,0.5710566009605414,0.134265311033675,0.5205398952818142,-0.0756951030105769,1.0324630277585485,0.3000000000031933,-0.39414400614837036,-0.4925017305299203,0.30973890833086154
0.438877755511022,2.885917526669054,1.0000000019515012,0.04004899404940305,-0.0009471257320137921,-0.008109801500753898,0.9857333062805179,0.00012440876946945477,-0.3998198449819777,0.02464227861537791,0.9877257206409303,-1.8876899157315398e-7,-0.4986061215157694,-0.040547110728004,0.2958721937541015,1.0298982410555388,-0.38273332756233513,0.5218334069687819,0.135077999675943,0.5197720416386109,-0.3388637367797826,1.0305779038953902,0.3,-0.39411003341138323,-0.4924860830361054,0.30917337116861704
0.44088176352705405,2.899103370918359,1.0000000016373758,0.040050212620669975,-0.0009483385782907035,-0.008109640182604634,0.9857333058010997,0.00012441159588955954,-0.3998337085459068,0.024642563461692333,0.9877313281547574,2.0777305202411907e-7,-0.49860685126404036,-0.040547784308021736,0.20382304581498198,1.0298783608791648,-0.382732148863637,0.4815490649479889,0.13588366584535325,0.5204743052879706,-0.02296066794634448,1.030009861841782,0.3,-0.3941259036109123,-0.49248961585082907,0.30900295855253457
0.4428857715430861,2.9122892151583106,1.00000000073509,0.040051090992682864,-0.0009482764862400382,-0.008109746081974695,0.9857333151311217,0.00012441278358547918,-0.3998327427268894,0.024641498612506377,0.9877309576859009,3.7182134656961633e-7,-0.49860666573649615,-0.04054867747877205,0.2036142031995121,1.030394678928053,-0.3825338803367531,0.4485802395051419,0.13668374219958748,0.5213774587795337,0.3689746903734942,1.0363480184593798,0.3,-0.39412480159752383,-0.4924892545333471,0.31090440553781395
0.4448897795591182,2.925475059387715,0.9999999995634256,0.040051437069532604,-0.00094717852070385,-0.008109989490529749,0.9857333081032232,0.0001244310526386463,-0.3998294613804028,0.024640283167092665,0.9877392338386951,-7.102614687002988e-7,-0.498611136059228,-0.04054905110813098,0.23574248842720585,1.032420706065838,-0.38178421429665327,0.4215984643856174,0.13743436447350602,0.5211899092507164,0.30689120658150176,1.0463349870712504,0.3,-0.3941249096423494,-0.49249775271415464,0.3139004961213751
0.44689378757515025,2.9386609036084206,0.9999999999508038,0.04005138359510536,-0.000949042961303046,-0.008110381761048203,0.9857333464679934,0.0001244151593124737,-0.3998282212503775,0.024640882545005613,0.9877152370269857,-5.013742602018555e-7,-0.4986021966590067,-0.04054857363681986,0.21373581607125403,1.0355567973279936,-0.3806382713224774,0.39951650468258315,0.13807750311508848,0.5202902708657603,-0.07198841238748382,1.051580871385578,0.3,-0.3941140897786948,-0.49247696652521544,0.3154742614156734
0.4488977955911823,2.951846747824748,0.9999999993990559,0.040050996676716195,-0.0009483107802358427,-0.008109979124687685,0.9857333450191381,0.00012455820084772613,-0.39982584355505923,0.024641556945893726,0.9877198991923016,3.087880800924357e-7,-0.4986039229158214,-0.04054848402987648,0.1409998212207445,1.038449365798767,-0.3795833435013413,0.381444571679184,0.1385959867653328,0.5199944013372464,-0.22453936210583703,1.0509906149475807,0.3,-0.39411359472414487,-0.49248102900018975,0.3152971844842742
0.4509018036072144,2.965032592038875,0.999999999325852,0.040050951083656854,-0.0009486121207159864,-0.008109863189521112,0.9857333360915094,0.0001245695127140879,-0.3998361002926284,0.02464197194825756,0.9877322522870808,8.732644730285776e-8,-0.49860861027508524,-0.04054839192610063,0.09294651635768039,1.0407236148417287,-0.37875329744559316,0.36665445892342247,0.13901224947752575,0.5206727074608454,0.012724323755181344,1.0516483471534874,0.3,-0.39412862906643154,-0.49249180917768826,0.31549450414604624
0.45290581162324645,2.978218436252097,0.9999999991989386,0.04005111129567118,-0.0009486053208659427,-0.008109945226529837,0.9857333328108828,0.0001245371964668905,-0.3998360214471588,0.024641811795995568,0.9877321757412523,2.2486635847853604e-8,-0.49860855366874324,-0.04054855396775166,0.10529516281337625,1.0431514017965113,-0.37787260347534124,0.3545501871500697,0.1393374524146689,0.5213927514874407,0.26259516342357136,1.0570837957761423,0.3,-0.3941285225349403,-0.49249171247022727,0.3171251387328427
0.4549098196392785,2.9914042804637706,0.9999999991067411,0.04005133803117083,-0.0009486284790669278,-0.008109995791079308,0.9857333282728934,0.00012450458616187696,-0.3998361466619936,0.02464159688889436,0.9877321045416532,1.1674544158708757e-9,-0.4986086986705009,-0.04054876500621668,0.1318267668035021,1.046383464141897,-0.3767131449929937,0.34464401881259116,0.13954995882511162,0.5213438923610417,0.18489193409997362,1.0643687074022803,0.3,-0.3941286178231343,-0.4924918193279277,0.3193106122206841
0.4569138276553106,3.004590124676754,0.9999999988189782,0.04005005576827745,-0.0009474233200536439,-0.0081105602989819,0.9857333351278236,0.00012444299913471902,-0.3998204278016518,0.02464069991309535,0.9877226092522872,-4.974081189811826e-7,-0.498605951414202,-0.04054860067721392,0.11664103764556631,1.050067389428663,-0.3754022403597859,0.3365367813487939,0.13962102767069046,0.520896114869832,-0.07663957358732278,1.067995437654112,0.3,-0.39410937074419883,-0.49248435115035155,0.32039863129623364
0.45891783567134264,3.0177759688905024,0.9999999988976103,0.040050316147359065,-0.0009474620808731996,-0.008109870471513679,0.9857333408260417,0.00012461577714796923,-0.3998288162026543,0.02464131537012868,0.9877370379528988,-5.047200981453479e-7,-0.49861183287453625,-0.04054800279808757,0.07003104504270723,1.053350783140377,-0.3742364969633062,0.3299018012375834,0.13955033869003966,0.5209363913298083,-0.14957190180110091,1.0681082970890474,0.3,-0.39412339165774496,-0.4924973544263683,0.32043248912671424
0.4609218436873747,3.0309618131057623,0.9999999991024499,0.040050846473323534,-0.0009479014709547953,-0.008109677410531207,0.9857333257220503,0.00012467736844431755,-0.39984092537163207,0.02464344134844677,0.987742206513308,-1.0307576093422619e-6,-0.4986113839060569,-0.04054786174286786,0.044935884291154124,1.0561131846747949,-0.3732564206197195,0.32447171454659124,0.13935974685978866,0.5216009864812883,0.030715705496703036,1.0694989742520502,0.3,-0.3941373829582958,-0.49249946673700573,0.32084969227561505
0.4629258517034068,3.0441476573199915,0.9999999989434466,0.04005032412894171,-0.0009480826592498521,-0.008109947190944796,0.9857333876676685,0.00012464818758745137,-0.3998241219915781,0.024641650363355236,0.9877213495212434,5.748087119927798e-7,-0.4986038416355427,-0.04054806922770198,0.05920809352257068,1.058937959476671,-0.3722605533496336,0.3200277152785955,0.13905936085735746,0.5221993594325047,0.17955133704331266,1.0741186656232775,0.3,-0.3941124744831376,-0.492481682644118,0.32223559968698323
0.46492985971943884,3.0573335015263834,0.99999999852068,0.04005091314078228,-0.0009484487072493577,-0.008109855447824199,0.9857333781822506,0.00012466107614506492,-0.3998348162234809,0.024641928772314498,0.9877317224379558,1.4482379201426826e-7,-0.4986075386035305,-0.04054842984643391,0.07646947984110365,1.0622127708591156,-0.37111633435370395,0.3163907365683151,0.13863688321249293,0.5222607710182662,0.09517509876827851,1.079397090161442,0.3,-0.3941271526257543,-0.4924904887977921,0.3238191270484326
0.4669338677354709,3.0705193457266495,0.9999999980383288,0.04005139219571772,-0.0009484385849446615,-0.008109994473238782,0.9857333720469341,0.00012462571448534676,-0.39983506615771536,0.024641426557240855,0.9877325192065791,1.1742986027673392e-7,-0.4986081555514036,-0.04054894981648407,0.06258810402514993,1.0656041933364253,-0.36993896814592353,0.32398438160969806,0.1380785461697828,0.5221487126116231,-0.07473860630784115,1.0805831346542183,0.6724313065705693,-0.3941277178692895,-0.4924914943413912,0.7266179290936574
0.468937875751503,3.0837051899225263,0.9999999978223723,0.04005243476514368,-0.0009487515472193838,-0.008110182557952334,0.9857333461373946,0.00012457449319544555,-0.39984477992955453,0.02464065544477226,0.9877426454900656,-9.311590869301432e-8,-0.49861216104961437,-0.040550250116124925,0.05895753389918956,1.067117916601286,-0.3694045407581232,0.39226779980073784,0.1374136341979112,0.5232010009790647,0.2537751677893627,1.0685704317872775,0.699999863239049,-0.39414132795776,-0.4925004912527914,0.7479991561123858
0.47094188376753504,3.0968910341145683,0.9999999976798176,0.04005254759542638,-0.0009486972505957946,-0.00811011198990949,0.9857333626621547,0.00012455731452176429,-0.39983660937590004,0.02464054220314591,0.9877325628708309,2.248939985726272e-7,-0.4986095221660785,-0.04054983052111635,0.1478271128932248,1.0668508676076371,-0.3694853352963197,0.44815115717376647,0.13673029852006327,0.5246538924992612,0.7824471379913525,1.0643734102447548,0.6999999999810318,-0.3941292510143446,-0.49249287032031464,0.7450613871511391
0.4729458917835671,3.1100768783103088,0.9999999981809964,0.04005181295231009,-0.0009487845115551605,-0.008110139813537563,0.985733355698831,0.00012452739135929773,-0.39983652652673357,0.024641109835789193,0.9877326974889044,-1.0336131253884659e-7,-0.4986105962635547,-0.04054918064042934,0.2732795511742754,1.066589122199446,-0.3695665222074613,0.49388623452615704,0.13606208329275502,0.5247726226542623,0.7830993402397138,1.0667720124972278,0.7,-0.39412923128658733,-0.49249398505273534,0.7467404087480594
0.4749498997995992,3.123262722514858,0.9999999989413144,0.04005128953261514,-0.0009488580536381866,-0.008110055871642473,0.9857333493624344,0.00012449535901077133,-0.3998367811733152,0.024641665716326384,0.9877327377824723,-1.4858937749435733e-7,-0.49861083113371746,-0.040548628534157166,0.3256985582036982,1.0666393062147383,-0.36954135402043,0.5313159439517678,0.13539536507010977,0.5237978620396209,0.3343498345110116,1.0655435058868772,0.7,-0.39412949887959814,-0.49249423529860525,0.7458804541208139
0.47695390781563124,3.1364485667307545,0.9999999992919539,0.040052671981140826,-0.0009475041918237989,-0.008109647636597092,0.9857333011940534,0.00012459937273487216,-0.39984097652007106,0.024643729513527095,0.9877474218627028,-2.3687180604262792e-6,-0.49861545422956866,-0.04054802215287066,0.2985017013002122,1.0656666197571634,-0.3698736508091707,0.5619485180849388,0.1347424636463664,0.5233481404791439,0.11020763884110102,1.056557133320807,0.7,-0.3941395514872686,-0.4925060333693245,0.7395899933245649
0.4789579158316633,3.149634410955332,1.0000000003274707,0.04005012925728162,-0.0009489111031199489,-0.008109479603131159,0.9857333666852897,0.00012463360694395622,-0.3998371384195875,0.0246427920841068,0.9877327231672243,5.293979089610464e-7,-0.4986095855439777,-0.040547378684640645,0.2842528982582812,1.0631251812328255,-0.370762660191958,0.5870182979608459,0.1341612757349045,0.5240540414120716,0.3819140210129386,1.0478216503919384,0.7,-0.3941298274864206,-0.4924930251923317,0.7334751552743568
0.48096192384769537,3.1628202551824227,1.0000000002348124,0.04004973816544974,-0.0009486111772475136,-0.008109651010326405,0.9857333657820464,0.00012460465212968817,-0.3998362369840156,0.02464312928725385,0.9877333565115725,1.1719474544692972e-7,-0.4986086738692947,-0.0405472644120538,0.33743027080236,1.0599872354080184,-0.37186838950425494,0.6075354733856027,0.13369837100660364,0.5248644494028236,0.7218306791776429,1.0450352774444804,0.7,-0.39412920402199997,-0.49249242377862873,0.7315246942111363
0.48296593186372744,3.176006099405199,0.999999999690115,0.040050413653266365,-0.0009484401427228465,-0.008109777786636107,0.9857333656552131,0.00012456983965427454,-0.399835514636013,0.02464238551476112,0.9877332787363982,1.4748303078258608e-7,-0.49860793774202816,-0.04054801206780445,0.40981413727844673,1.0573801599052173,-0.37278718177895764,0.6243267845356879,0.1333530091101961,0.5246923126230273,0.6781118756037945,1.0462875173268804,0.7,-0.39412846176271005,-0.4924916591300711,0.7324012621288163
0.4849699398797595,3.189191943619399,0.9999999989965681,0.04005122988690548,-0.0009484013306166596,-0.00810992975861616,0.9857333614401672,0.00012453604170858788,-0.3998355235563421,0.024641561080572555,0.987733195747291,1.505626331132768e-7,-0.49860793752541177,-0.04054883057381078,0.429949809564129,1.0552765591037683,-0.37352824413803315,0.6380688384148219,0.1330994918078604,0.5238575658605932,0.3677489243977646,1.0443557787580253,0.7,-0.3941284374833484,-0.4924916176620793,0.7310490451306176
0.48697394789579157,3.2023777878253585,0.9999999984868246,0.04005184420489146,-0.0009484855707328273,-0.008110062783238857,0.9857333539791211,0.00012450377468953313,-0.39983609960029126,0.024640993148343483,0.9877331143465389,1.0403257824994805e-7,-0.49860851009464946,-0.040549388594414246,0.4017349364679087,1.0526822151198665,-0.3744509849902852,0.6493153720015322,0.13293700277178777,0.5234693494112689,0.2454675900810311,1.0374109578331747,0.7,-0.394128972897468,-0.4924921407339332,0.7261876704832223
0.4889779559118236,3.2155636320269814,0.9999999983580051,0.04005209735546224,-0.000948640103953792,-0.00811013764777581,0.985733344997666,0.00012447270132114939,-0.39983692224556167,0.02464081493255002,0.9877330384681569,2.9604104063615918e-8,-0.4986093338053981,-0.040549556990538124,0.38919505884002636,1.0492592468628161,-0.37568223427645986,0.6585195651176283,0.13289608605762365,0.5238496225851186,0.44986331414630965,1.031038913365447,0.7,-0.39412975370113884,-0.4924929134886227,0.7217272393558128
0.49098196392785565,3.228749476230586,0.9999999993589573,0.040052564754092836,-0.0009502008102542436,-0.00811020670870937,0.9857333574816072,0.0001244587661766361,-0.3998495676046973,0.024639222060665024,0.9877416281140763,1.4229081103382e-6,-0.49861564719978735,-0.04055055618502326,0.4237682868310125,1.04569286146621,-0.37697348341973275,0.6660522978312761,0.1329983084407769,0.5242262917353003,0.6713999053908912,1.0290155822544411,0.7,-0.3941455940073371,-0.4925034888679871,0.7203109075781088
0.4929859719438877,3.2419353204394934,0.9999999992320261,0.040051595331735496,-0.0009489145388055461,-0.008110007308673542,0.9857333374912357,0.00012444378940721965,-0.3998375909439115,0.024641455579598973,0.987732181659741,-3.209000334879493e-8,-0.4986101338208115,-0.04054889756279961,0.46870506471518897,1.0427119016632138,-0.37805279535120645,0.6722171128623498,0.13323307507742124,0.5239057438295726,0.6240662013370504,1.0295196655088688,0.7,-0.39413007030102465,-0.49249327397527126,0.7206637658562081
0.4949899799599198,3.255121164656576,0.9999999998795723,0.040051055393093685,-0.0009489290789200726,-0.00810996638256757,0.9857333327028047,0.00012441492493852748,-0.39983759110561146,0.02464200239608927,0.9877321633510087,-1.0942434711377038e-7,-0.49861013149949274,-0.04054835006678003,0.47711836073363195,1.0401989585520641,-0.37896374444240416,0.6772624109863545,0.1335759409009541,0.523170059464529,0.41248941232733816,1.0276005041160394,0.7,-0.3941300649105205,-0.49249325941774813,0.7193203528812275
0.49699398797595185,3.2683070088816915,1.000000000421283,0.040050757932494574,-0.0009488806387937483,-0.008109901205593337,0.9857333302945639,0.00012438487568811868,-0.39983722398992344,0.02464227728224021,0.9877321113387276,-9.79479109018762e-8,-0.49860978309318194,-0.04054807939010469,0.4549945672888639,1.0374463438658228,-0.3799694847345446,0.6813914964418861,0.13402222236168326,0.5227736941814418,0.341808977020168,1.0223785641037233,0.7,-0.3941296826194543,-0.49249288981717393,0.7156649948726063
0.4989979959919839,3.2814928531126486,1.0000000007573604,0.04005066266146115,-0.0009488005597988183,-0.008109861697230344,0.9857333286411974,0.00012435518209797197,-0.3998367586143485,0.024642336542027504,0.9877320569499263,-6.430912778947823e-8,-0.49860933581173356,-0.04054802320062862,0.44610389315636917,1.0342338310508001,-0.38115436896686816,0.6847707510032747,0.1345887544193719,0.5228933538793685,0.48856453757785073,1.0177100143830187,0.7,-0.39412920222362136,-0.4924924222681521,0.7123970100681131
0.501002004008016,3.2946786973466393,1.00000000088383,0.0400506840025861,-0.0009487002610290391,-0.008109856730392962,0.9857333299265851,0.0001243282467700244,-0.3998356911789996,0.02464218531145665,0.9877314497506836,2.263884286289978e-9,-0.49860886330703597,-0.04054809355594213,0.46710976148468847,1.0313414797533484,-0.38222404071157584,0.6494269458395068,0.13528391618848665,0.5227946765057792,0.5580643980279925,1.022897522407275,0.30001012707519686,-0.39412790776832524,-0.4924916555045953,0.3068796156823106
0.503006012024048,3.3078645415825596,1.000000000872545,0.04005098549839815,-0.0009486569119802167,-0.008109784207236443,0.9857333360584504,0.00012432631848770267,-0.3998345001037234,0.024641748855412655,0.9877308271636615,2.2351838460436462e-7,-0.49860832314612624,-0.04054839788816884,0.44355743082069204,1.030919023231968,-0.38236834441565976,0.5859719448708719,0.13604744104439084,0.5213819718058899,0.07309987947714164,1.0331353500128562,0.3000000000361161,-0.3941264817918367,-0.4924908205151219,0.30994060504116966
0.5050100200400801,3.3210503858186944,1.0000000004173708,0.04005038909929749,-0.0009474857101747642,-0.008109656342949741,0.9857333396983206,0.0001244524281461181,-0.3998298212879912,0.02464128618597103,0.9877382550821914,-4.4843757840283755e-7,-0.4986119929851845,-0.04054789814597388,0.33087147213240325,1.031414606782308,-0.3821738983573559,0.5340402021167995,0.13680159558239802,0.52025250171432,-0.3324495389982034,1.0328442743005288,0.300000000000563,-0.3941248656640231,-0.49249812173103874,0.3098532822907401
0.5070140280561122,3.3342362300517077,1.0000000005600613,0.04005028429999192,-0.0009484910300760041,-0.008109631338540915,0.9857333586560247,0.00012448049972893608,-0.399835660523785,0.024642479778798118,0.9877338047818661,2.753218354608826e-7,-0.49860879735075564,-0.04054788525685954,0.21964175444170664,1.031432582189574,-0.38215833644743336,0.49153912953349593,0.13754477584447408,0.5206384305985066,-0.14322098462891075,1.0309461993620972,0.3,-0.39412881243583525,-0.4924927756686905,0.30928385980862916
0.5090180360721442,3.3474220742800322,0.9999999997745477,0.04005134584626703,-0.0009474587887762675,-0.008109748966271826,0.9857332998988313,0.00012449354117505812,-0.3998431247352085,0.02464388164482555,0.9877464419565695,-1.7592069616239496e-6,-0.49861160583003844,-0.0405482892398169,0.19680555387000845,1.0316547244635093,-0.3820682621852174,0.45675613484299793,0.13828739632078432,0.5216667963181438,0.299155619183937,1.035441023229827,0.3,-0.39414125792518445,-0.49250176824403924,0.3106323069689481
0.5110220440881763,3.3606079184998086,0.9999999994639706,0.04005128247049028,-0.0009484401796527937,-0.008109898320048863,0.9857333580005032,0.00012445329504811196,-0.39983589254202295,0.02464149051156017,0.9877337029022965,2.0021485414983337e-7,-0.4986084581104659,-0.040548896478608015,0.23064307242821358,1.0332298031742275,-0.3814845061821382,0.4282896395885699,0.13899671903310207,0.5218081290312093,0.374131588061308,1.0452334939392605,0.3,-0.39412900204008705,-0.49249238674634643,0.31357004818177814
0.5130260521042084,3.373793762712713,0.9999999990559969,0.040051731904082684,-0.0009485178323008618,-0.008110027651296583,0.9857333509030914,0.00012442383125845405,-0.39983642215766024,0.024641089540345603,0.9877336534315648,1.224687519595318e-7,-0.49860896563696944,-0.040549293355269786,0.22717931532008673,1.036181567246394,-0.38040599687533333,0.4049925835884197,0.13961254028808495,0.5209701335261143,0.025900500522747234,1.0523405059364757,0.3,-0.3941295052761399,-0.49249286022835875,0.3157021517809427
0.5150300601202404,3.3869796069243048,0.9999999998312962,0.04005252771957696,-0.00095026274630368,-0.008109947991153074,0.9857333792784481,0.00012450304391742873,-0.3998479780717267,0.024639394631849415,0.98773827939115,1.4676188317715637e-6,-0.4986135592126976,-0.04055015272150321,0.1611989462798859,1.039218062623855,-0.3793022493249605,0.38592621892553053,0.14010361541530258,0.5204178807078695,-0.22913287284550934,1.0526606487175019,0.3,-0.39414269019067866,-0.492499758570015,0.31579819461525055
0.5170340681362725,3.400165451135677,0.9999999991835716,0.040051809779490195,-0.0009486396558942852,-0.008109789353457238,0.9857333430142373,0.0001245205004228041,-0.3998396388053852,0.024642515441762772,0.9877340866268046,-1.4192068104882255e-7,-0.49860907565265655,-0.04054883275846914,0.09963772453799696,1.041582402665433,-0.37844108809318333,0.3703222396386766,0.14048653449872636,0.5209017479127392,-0.07091803475929317,1.0523491394592546,0.3,-0.3941328489782746,-0.4924931741688941,0.31570474183777636
0.5190380761523046,3.4133512953503655,0.9999999994255916,0.04005171554513623,-0.0009487155660291408,-0.008109741516926611,0.985733348092175,0.00012452125273204023,-0.39983953077185586,0.024642573125737595,0.9877337247407884,1.547473465322261e-7,-0.4986088385692291,-0.040548689737061154,0.09807331984038821,1.043858290509644,-0.3776157263467309,0.3575519087469123,0.14077963571781543,0.5217298180980993,0.22386339853845155,1.0565734168174936,0.3,-0.39413259068063083,-0.49249277158346527,0.3169720250452481
0.5210420841683366,3.426537139566464,0.9999999994819533,0.04005087208459363,-0.0009486296985155238,-0.008109892504068622,0.9857333646119768,0.00012449018072394004,-0.39983502308691216,0.024641980596403698,0.9877316566786288,4.063897367429509e-8,-0.49860896022543794,-0.040548324398805985,0.12793969552374115,1.046850562031304,-0.3765421027064998,0.34710063575386385,0.1409688345165283,0.5218961196521371,0.23798693624406933,1.0639412298028783,0.3,-0.39412733238587566,-0.49249185596612266,0.3191823689408635
0.5230460921843687,3.4397229837852517,1.0000000002632103,0.04005118679449895,-0.000949798212083714,-0.008110182671944997,0.9857333905831309,0.0001244666506648499,-0.39983559587967005,0.024641600902334065,0.9877206050058422,-5.027231359359085e-7,-0.4986054616080888,-0.04054796565731289,0.12569953139685597,1.0504866464158191,-0.37524999855306285,0.3385472863848717,0.1410230440984378,0.5214608846464713,-0.014541693362653776,1.0688226469753395,0.3,-0.3941234904919046,-0.49248286781435824,0.32064679409260183
0.5250501002004008,3.452908828004159,0.9999999998489393,0.040051080707832976,-0.000948833661705964,-0.008110004650077187,0.9857333812815191,0.000124484663377067,-0.39982984997706345,0.024642285641933732,0.9877193310860696,-9.939397571239257e-8,-0.49860358920175973,-0.04054818352769371,0.08223936967831041,1.0539091055185452,-0.37403752069821894,0.3315472004711712,0.14093297402550284,0.521317750239417,-0.16177526403348946,1.0693897091233289,0.3,-0.3941173186610117,-0.49248039957323037,0.32081691273699864
0.5270541082164328,3.466094672223802,0.9999999994235613,0.04005038130435803,-0.0009478337232349441,-0.00811001903945311,0.9857333954480029,0.00012450581489016277,-0.399823926705103,0.02464121564436843,0.987724994008039,2.47690641693976e-7,-0.498606491678672,-0.040548250124693035,0.04723409736822732,1.0567439230691662,-0.3730336154359064,0.32581831294789515,0.14071799595070839,0.521871953018889,-0.026763613248965742,1.0700438216440111,0.3,-0.3941137476962984,-0.49248610404910775,0.32101314649320334
0.5290581162324649,3.4792805164419804,0.9999999995258918,0.04005079837296572,-0.0009485387231104469,-0.008109766639169985,0.9857334013753535,0.00012454831580132524,-0.3998341853402162,0.024641936914990996,0.9877313697386652,2.3521688283083053e-7,-0.4986082812407326,-0.040548281841148164,0.05334669275130127,1.059473062822856,-0.3720715489918465,0.32112977731323955,0.14039379434279461,0.5225640504646929,0.1620354368138109,1.0739115174437246,0.3,-0.3941263887541275,-0.49249105013059086,0.32217345523311736
0.531062124248497,3.4924663606591997,0.9999999987425251,0.04005040862806061,-0.0009467641323058867,-0.008110131963134174,0.9857333739611971,0.00012452456877680746,-0.39982795252151554,0.02464161218072172,0.9877409810124513,-1.5526843524301745e-6,-0.4986124820644205,-0.040548292944950874,0.07456106891433088,1.0626173763043227,-0.370972785244999,0.3172926657905128,0.13995273072330286,0.5227609572323666,0.13688655872612263,1.0794172968893156,0.3,-0.3941241443171052,-0.492499919220664,0.3238251890667947
0.533066132264529,3.505652204871706,0.9999999990943764,0.040051215147259206,-0.0009485247607774346,-0.008109920566057484,0.9857333947701802,0.00012451781341098658,-0.39983512205155164,0.02464157524022158,0.9877326613323043,9.470421673636676e-8,-0.49860871113666205,-0.04054874180675694,0.0692935410060591,1.066032104513385,-0.36978924847680955,0.31415236423769993,0.13937853102926565,0.5226173602228508,-0.0436332383152511,1.0827424113240884,0.3,-0.39412783020416325,-0.4924921130546222,0.3248227233972265
0.5350701402805611,3.518838049082956,0.9999999987666127,0.04005117156102392,-0.0009479443844509139,-0.008110126338339668,0.9857333939323288,0.0001244868891520181,-0.3998265121200406,0.02464095314552326,0.9877277034424549,-1.6420171585533136e-7,-0.49860752229319855,-0.040548883877733144,0.051950718883610206,1.0682467244889147,-0.369017051389697,0.3753510269162678,0.13868208236388638,0.5232668886746026,0.10928918674863944,1.0723495965987306,0.7000000260654463,-0.3941173845559914,-0.4924884562555973,0.7506447455703823
0.5370741482965932,3.5320238932935473,0.9999999989107395,0.040051901530913696,-0.000948121599258663,-0.008109989777195327,0.9857333530824556,0.00012448614515193955,-0.3998408958681881,0.024642109728791568,0.9877408912296138,-9.453998250004988e-7,-0.4986119371682944,-0.040549022965799424,0.11567262584966964,1.0682378836733508,-0.36900779036846376,0.43430640170958534,0.1379465281224344,0.5248291354328266,0.6746195482173205,1.0657617476743653,0.699999999049054,-0.3941368262536348,-0.4924993608612961,0.7460332223585738
0.5390781563126252,3.5452097375063065,0.9999999993777132,0.04005138749215427,-0.0009487911020309522,-0.008109998907782214,0.9857333800387058,0.00012445160977358075,-0.39983765015516665,0.02464154474345045,0.9877336621589808,3.0709004504345e-8,-0.49861020851791704,-0.04054882787351443,0.24353153490366583,1.0678356226288794,-0.3691371554491761,0.4825556493499102,0.13722492173674064,0.5253764964127928,0.8484801020327287,1.0671369214102104,0.6999999999999997,-0.3941307189390421,-0.4924940884944694,0.746995844987147
0.5410821643286573,3.5583955817233868,0.9999999997363791,0.040051217333664436,-0.0009488190804041886,-0.00810998378952237,0.9857333742204566,0.00012442143644832837,-0.3998377360457395,0.024641732033538845,0.9877336233334623,-6.027113253860112e-9,-0.4986102733896563,-0.04054864308782157,0.32187606391770424,1.0678814168084019,-0.3691130562159565,0.522042962827125,0.13650971300598702,0.5245456670409403,0.4587314194329781,1.0678813656269777,0.7,-0.39413078876780633,-0.49249413172206213,0.7475169559388843
0.5430861723446894,3.5715814259471186,1.0000000000817113,0.04005039798294204,-0.0009482856657336137,-0.008110331758081856,0.9857333950759402,0.00012438162069794634,-0.39982184138303933,0.024641500624282015,0.987715452363488,-3.443175448646238e-7,-0.49860341495483734,-0.04054790065634317,0.30844501779633393,1.067285272742677,-0.36931337510560497,0.5543594986031063,0.13580023772334163,0.5238182340906633,0.11589923702040103,1.060382149814753,0.7,-0.39410789586895273,-0.49247828359074347,0.742267504870327
0.5450901803607214,3.584767270174498,1.0000000000935305,0.0400503441842927,-0.0009477648641634668,-0.008110005285499815,0.9857333913535602,0.00012441333413175376,-0.3998256281052162,0.024641123857508718,0.9877296439573655,-3.023279283172134e-8,-0.49860922214520437,-0.040548189976954134,0.28136426414663795,1.0650826356730358,-0.37007887753478264,0.5808074197198547,0.1351464950438153,0.5242720553242145,0.2780886970041008,1.0506985866966456,0.7,-0.39411728744899177,-0.4924911082374567,0.7354890106876519
0.5470941883767535,3.597953114403888,1.0000000005336753,0.040050598244117476,-0.0009486563398461507,-0.00810980721206882,0.9857333898620605,0.00012442172926247646,-0.39983507512455424,0.02464227977562607,0.9877313839863407,5.616570706171366e-8,-0.49860875114528275,-0.040548034295156674,0.3178661858661775,1.0619464638323837,-0.37118053313461646,0.6024524705038923,0.13460392180094338,0.5252000246956166,0.6598168552142518,1.0461887888275667,0.7,-0.3941272740887454,-0.4924915141138401,0.7323321521792967
0.5490981963927856,3.6111389586341023,1.0000000004769867,0.04005076977738044,-0.0009485860048594626,-0.008109860347730705,0.9857333865439268,0.0001243922008011141,-0.39983475481376163,0.024642079176039142,0.9877314046188002,4.151190275751843e-8,-0.49860846354947425,-0.04054823859469462,0.393639788574034,1.0591170276910462,-0.37217634070297134,0.6201668413788848,0.1341843257885134,0.5253181784312673,0.731741529215962,1.0469839230822628,0.7,-0.3941269676485552,-0.49249123973977854,0.7328887461575839
0.5511022044088176,3.6243248028628607,1.0000000003329976,0.04005106949915029,-0.0009485585934489383,-0.008109914143270251,0.9857333818671267,0.00012436284234713805,-0.39983469434780483,0.02464176726118154,0.9877314226432027,4.532898955669946e-8,-0.49860843427243096,-0.04054854822568955,0.4310392850043182,1.0569426507039001,-0.3729404712384497,0.6346643298050796,0.1338636412386309,0.5245495662182542,0.4477541143611566,1.0464617754146341,0.7,-0.3941269153557912,-0.49249121996383277,0.7325232427902438
0.5531062124248497,3.63751064708988,1.0000000002301939,0.040051319338772866,-0.0009485787570741038,-0.008109963347254659,0.9857333759411739,0.0001243344182987408,-0.3998348680175878,0.024641527056331727,0.9877314443049586,3.269942630965242e-8,-0.49860863940086564,-0.04054878429954326,0.4100498693853895,1.054536316826341,-0.3737920952645281,0.6465291130453789,0.13363107671993918,0.5239584514804121,0.2403685413122828,1.0403946257449235,0.7,-0.39412709523203915,-0.49249143286426933,0.7282762380214464
0.5551102204408818,3.650696491316334,1.000000000254817,0.04005144150189466,-0.0009486298256792769,-0.008109993008516288,0.9857333693779828,0.00012430687195355065,-0.39983516275771297,0.024641427427325373,0.9877314701519707,7.70555689031449e-9,-0.498608966255641,-0.04054887943774396,0.387459087676812,1.051266434699925,-0.3749629940930953,0.6562392833315994,0.13351215635879954,0.5241828931880175,0.3775200573069727,1.0332719290609775,0.7,-0.3941273961526367,-0.4924917675830903,0.7232903503426842
0.5571142284569138,3.6638823355441295,1.000000000430329,0.04005142358658071,-0.0009486876619048246,-0.008109996130213527,0.985733362885637,0.00012428003061893013,-0.39983545205872184,0.024641469941290302,0.9877315012761949,-1.9184109886141855e-8,-0.4986092870806491,-0.04054883360853886,0.4110623660353244,1.0476223746660724,-0.37627802210201927,0.6641861126228571,0.13353471175451007,0.5246567562748723,0.634135301563738,1.0300348220678905,0.7,-0.3941276938443127,-0.49249209890052953,0.7210243754475233
0.5591182364729459,3.677068179775087,1.0000000007236383,0.040051301732524525,-0.0009487310345947371,-0.008109975740830019,0.985733357029059,0.000124253745290574,-0.39983563991624604,0.02464160892038477,0.987731537378715,-3.8808356127212715e-8,-0.4986095055847362,-0.0405486928379696,0.45905362777891023,1.0444331290430515,-0.3774310173137548,0.6706898189352665,0.13369631612924623,0.5245310876456845,0.6637045748668344,1.0303275113128525,0.7,-0.39412789353038924,-0.49249233192922437,0.7212292579189967
0.561122244488978,3.6902540240103474,1.0000000010686962,0.040051137483181475,-0.0009487480968058131,-0.008109941744758178,0.9857333520712916,0.0001242279340808487,-0.39983568496381555,0.024641778159930218,0.9877315772052608,-4.6424377013296006e-8,-0.4986095794005837,-0.040548523437536725,0.4789945055973322,1.04183767145102,-0.3783692261770866,0.6760124695482658,0.1339725747828399,0.5238264838889538,0.46449557736942926,1.029375300468005,0.7,-0.3941279539152277,-0.49249242438855034,0.7205627103276036
0.56312625250501,3.703439868250116,1.0000000013949262,0.040050992389500946,-0.0009487379861529511,-0.008109906240914146,0.9857333479791731,0.00012420259217075908,-0.39983560051608735,0.02464191618713363,0.9877316191884846,-4.217076879099745e-8,-0.49860952208697207,-0.04054838625959869,0.4609418872451038,1.039178104307254,-0.3793366113108337,0.6803685410231244,0.13435161793287917,0.5232864636682905,0.3347534510882994,1.0246967407954668,0.7,-0.39412788748875643,-0.4924923888838048,0.7172877185568267
0.565130260521042,3.716625712493774,1.0000000016509922,0.04005090810524781,-0.0009487087271817816,-0.00810987915191411,0.9857333444688087,0.0001241777725689933,-0.3998354398770832,0.024641985473081968,0.9877316619971518,-3.007812859744463e-8,-0.4986093867396121,-0.04054831813919839,0.44475865307004775,1.036032009812999,-0.38049236844914214,0.6839335615502874,0.1348469762049351,0.5233055305411574,0.4386950188990536,1.0194656661831387,0.7,-0.39412774626418967,-0.49249227703208015,0.7136259663281971
0.567134268537074,3.729811556740192,1.0000000018364945,0.040050893883800516,-0.0009487102277170503,-0.008109859469584124,0.9857333396237326,0.0001241557245227685,-0.3998362527465252,0.024642010339643684,0.9877323942223334,8.193630768472749e-9,-0.49860949129525534,-0.04054832030466337,0.4607778006233093,1.0328003682453746,-0.38168690370511404,0.668643496553658,0.13547311377366567,0.5234240960681714,0.5952679779208603,1.0198463326749598,0.30380808234032786,-0.394128837731884,-0.4924927469512802,0.30983755861179557
0.5691382765531061,3.7429974009886053,1.0000000019448547,0.04005079837297621,-0.000948695444377557,-0.008109757811019446,0.9857333319569331,0.0001241846316893392,-0.3998352762161095,0.024642092805375417,0.9877311271050108,9.835851608447835e-8,-0.4986087976342515,-0.040548175585949885,0.4595563118335465,1.031709043436106,-0.3820797070752163,0.6016988203359124,0.13619350749794026,0.5222823620697433,0.23055384721586028,1.0322192900129294,0.30000000017328915,-0.3941273682052982,-0.4924914336600118,0.30966578718275123
0.5711422845691382,3.756183245239576,1.0000000025210898,0.040052027624636166,-0.0009495512953315248,-0.008109449831079498,0.9857333283733253,0.00012431002321694124,-0.39984425422908937,0.02464337394558866,0.9877303633700933,4.84360664446708e-9,-0.4986074639209219,-0.040548206689924066,0.36568329061077176,1.032162315940528,-0.38190077931383165,0.5469111258491047,0.13691852794253867,0.5208776187643217,-0.2780917291250378,1.0343374694391496,0.2999999999999569,-0.3941358967841824,-0.49248973171405247,0.3103012408317003
0.5731462925851702,3.7693690894883054,1.0000000018156514,0.040050392093402144,-0.0009485830550160486,-0.008109487338421829,0.9857333578597686,0.00012433820490035272,-0.39983607565896506,0.024642523357193274,0.9877334168633914,5.48647682895818e-7,-0.4986086123382382,-0.040547812151865426,0.24199084547253708,1.0322835232117529,-0.38184620197185576,0.5020727223029334,0.13762905540286874,0.5208632194565753,-0.24624194092045434,1.0316803218161188,0.30000000000000004,-0.3941290589690369,-0.49249241058882537,0.3095040965448357
0.5751503006012023,3.782554933733932,1.0000000013607977,0.040050415288154374,-0.0009483595701672394,-0.008109813540814925,0.9857333787807,0.00012433593315253113,-0.39982603237729053,0.02464229357907437,0.9877192572542617,4.932351302472947e-7,-0.49860226843896693,-0.04054789920653878,0.19354397952245056,1.0323009127248475,-0.3818318345530174,0.4653768452390437,0.1383404870524956,0.5218894598676832,0.1975736114376341,1.0342271845436743,0.3,-0.3941135190821739,-0.4924790822474748,0.3102681553631023
0.5771543086172344,3.795740777968364,1.00000000052955,0.04005094215430642,-0.0009483900449082797,-0.008109773585398978,0.9857333707070924,0.0001243551981763368,-0.39983512295156154,0.024641861636350515,0.9877326156215113,1.9976503660480412e-7,-0.4986075508555782,-0.04054852037658377,0.22159828379800534,1.0334265046171756,-0.38141166088523654,0.43534485965444353,0.13903264445655236,0.5223530864987302,0.4081806524041222,1.0431884524517383,0.3,-0.39412781015325904,-0.4924909484753926,0.31295653573552146
0.5791583166332664,3.8089266221935754,0.9999999998531848,0.040051558068014685,-0.0009484270228419444,-0.008109950545319723,0.9857333646915728,0.0001243284960375551,-0.3998354353674301,0.024641274300057293,0.9877325292101384,1.1550427372467248e-7,-0.4986078775963954,-0.04054910339372573,0.23513561068128475,1.036089413384541,-0.3804371351578355,0.4107665945101619,0.1396476405508892,0.5216737693270238,0.13328902843904053,1.0518446852899674,0.3,-0.39412808515826314,-0.4924912247059815,0.31555340558699024
0.5811623246492985,3.82211246641251,0.999999999462073,0.040053273849832885,-0.0009483071371116533,-0.00810964112801037,0.9857333227916993,0.00012442670122486706,-0.39984349054675544,0.02464275389317465,0.987738342095693,-4.121495502342194e-7,-0.498609121000146,-0.040549581463804045,0.18154775553423694,1.0392173406077139,-0.379300428717626,0.3906516764852751,0.14014151116961832,0.520913169802553,-0.20097502593019817,1.0536216231583806,0.3,-0.3941383461956468,-0.4924953298179832,0.3160864869475142
0.5831663326653306,3.835298310629684,0.9999999994681037,0.040051499083288485,-0.0009486489931362422,-0.008109850258872883,0.9857333719844614,0.00012441761909999134,-0.39983470227340323,0.024641238686905154,0.9877308092354088,2.8253014416766273e-7,-0.49860841797143807,-0.04054889780120063,0.11061176660725291,1.0417250401927254,-0.3783892323238982,0.37418957381781387,0.1405210578247746,0.5211359064369294,-0.14641328513982135,1.0527048803590484,0.3,-0.39412667217608416,-0.4924909076308014,0.3158114641077145
0.5851703406813626,3.848484154847768,0.9999999990103959,0.04005045250044963,-0.0009469893865536992,-0.008110261013580334,0.9857333565714156,0.0001243884053910423,-0.39982411782626237,0.0246410089014178,0.9877339339795854,-9.732773250199934e-7,-0.4986106051171024,-0.04054852037663478,0.0925066467392414,1.043911106724861,-0.3775956086264575,0.36071694259702225,0.1408093894685236,0.5219888707986026,0.16113137763311913,1.0555904939640184,0.3,-0.3941175402604105,-0.49249457505130173,0.3166771481892055
0.5871743486973947,3.861669999065435,0.9999999996695588,0.04005112602806693,-0.0009486579067601087,-0.008109911055872207,0.9857333656518564,0.0001243955225667997,-0.3998352029126741,0.024641751867522467,0.9877314497547747,4.6515260588632186e-8,-0.49860898336213244,-0.04054855320173597,0.12075817211439051,1.0466560975345929,-0.37660918375419755,0.34969091020638227,0.14100134402815928,0.5223756906564766,0.27086342971232347,1.0625967440995943,0.3,-0.394127426462596,-0.4924917758831599,0.3187790232298783
0.5891783567134268,3.874855843285454,0.9999999998143536,0.04005108166103813,-0.000948656024431394,-0.008109935862144995,0.9857333609081363,0.00012436709627060361,-0.39983520961097596,0.024641800899241884,0.9877314893586747,2.2365535298524236e-11,-0.4986090233468112,-0.040548506667270064,0.13115551259674416,1.050176947558914,-0.37535674131627267,0.3406671736039715,0.1410665241563387,0.522019285790886,0.057520723855641435,1.0686170420877774,0.3,-0.394127450020555,-0.4924918332389269,0.3205851126263332
0.5911823647294588,3.888041687508281,1.000000000029889,0.040051681442090745,-0.000948733694988217,-0.008109584874107387,0.9857333590504187,0.00012444228696937358,-0.3998371929670715,0.024641931374666217,0.9877326538635909,5.884350301186592e-7,-0.4986090700307524,-0.040548619066615714,0.09494572586722914,1.053716528799365,-0.3741041099540112,0.33328212359702714,0.1409870076822007,0.5217139814503523,-0.15231116969398686,1.0700155519487924,0.3,-0.3941298521942503,-0.49249248384216,0.3210046655846377
0.5931863727454909,3.9012275317345484,1.0000000001353677,0.040051193443444606,-0.0009484152418608083,-0.008109695021532663,0.9857333503463549,0.00012448504736291922,-0.39984407559892077,0.024641932620286477,0.9877462445425991,-9.097207367611529e-8,-0.4986146897590448,-0.040548627137628794,0.05232781533382954,1.0566667799976643,-0.3730604636495619,0.3272381801586213,0.14077699091936802,0.5221048738867574,-0.08228022498388098,1.0701476787011852,0.3,-0.3941420737689947,-0.49250478359447697,0.3210443036103556
0.595190380761523,3.9144133759596778,0.9999999999805574,0.040051040834034886,-0.0009483863922646515,-0.008109607122659002,0.9857333587570172,0.00012451262082423245,-0.39984110695739106,0.024643668914592763,0.9877367390411821,-4.640404302259239e-7,-0.49860877736673087,-0.040548049048736816,0.04797970498072071,1.0593406778470607,-0.3721171643072376,0.32229179827291704,0.1404564188814912,0.5228387944939906,0.12657667567110337,1.0731266970919282,0.3,-0.3941353614502162,-0.4924941889975914,0.3219380091275785
0.597194388777555,3.927599220180577,0.9999999996237964,0.040050712831271935,-0.0009484896134295826,-0.008109809369752821,0.9857333901078944,0.0001244781864041585,-0.39983476740605484,0.02464214259556141,0.9877315054791487,1.0340763152245173e-7,-0.49860765719105554,-0.040548209513548907,0.0700159788931087,1.06234228052511,-0.3710672566741447,0.31824366719135055,0.1400235730753935,0.5231834150825062,0.16741834612437806,1.0785663662097955,0.3,-0.3941270188226104,-0.4924904960737469,0.32356990986293865
0.5991983967935871,3.94078506439571,0.9999999991784724,0.04005123247046209,-0.0009484759296320011,-0.008109932170940085,0.9857333851056436,0.0001244474014974889,-0.3998347921192671,0.024641620938982856,0.9877314549011039,7.379645694978431e-8,-0.49860771382028757,-0.040548728078416196,0.07384575056268565,1.0657247430065486,-0.3698939793541149,0.3149306659416627,0.1394616370209297,0.5230661607795558,0.003003448407513737,1.0827149703861456,0.3,-0.39412702376922204,-0.4924905255889784,0.32481449111584365
0.6012024048096192,3.953970908605808,0.999999999003401,0.04005161972921677,-0.000948771472555962,-0.008110068068592203,0.9857333831056012,0.00012441007554924742,-0.3998379290448633,0.02464046482128711,0.9877371774492039,5.30984717330587e-7,-0.4986107606229842,-0.04054961739555718,0.05148378832251582,1.0685175518282493,-0.3689258277940185,0.35752609632917487,0.13876861454538983,0.5233410208438262,-0.0035369087088407934,1.0759887177328542,0.6999908987373465,-0.3941323867781506,-0.4924964068747742,0.7531823095570657
0.6032064128256512,3.967156752814918,0.9999999992920686,0.040052402532836734,-0.00094946693064463,-0.008110139275696843,0.9857333741454961,0.00012439872800714243,-0.3998410041404257,0.024641399804409134,0.9877289557047484,-3.628392162957284e-7,-0.4986078917709816,-0.04054927815302454,0.08824709531644967,1.0689152471657066,-0.36877652192243016,0.41971844737469943,0.13801223161489276,0.5248513244052149,0.5329708314835003,1.0671078624401118,0.7000000009910237,-0.39413214627254517,-0.4924894375322295,0.7469755047656074
0.6052104208416833,3.980342597024261,0.9999999991236509,0.04005158773791481,-0.0009487099133883024,-0.00811001907118495,0.9857333712632205,0.00012438289945423186,-0.3998360009286087,0.0246412920442638,0.987732633043847,-2.6796604467226416e-8,-0.4986101119538839,-0.040549000567616574,0.20924551339846975,1.0684432531426469,-0.3689290834511487,0.4706168322465428,0.1372637524107196,0.5257997435178137,0.8687124917020577,1.0667885003412756,0.6999999999999797,-0.3941286865386787,-0.4924934776559215,0.7467519502388713
0.6072144288577154,3.993528441239463,0.9999999996115663,0.04005123426798184,-0.0009487614430454915,-0.00810999139192461,0.985733365000783,0.00012435503998959032,-0.39983621254410345,0.0246416732419653,0.9877326766701444,-9.416377230484388e-8,-0.4986103071254553,-0.040548624029368825,0.3104686152398845,1.0683960860875996,-0.36893682400693706,0.512272202983958,0.13652705805208257,0.5252311916252786,0.5889938056899064,1.0688815045532567,0.7,-0.3941289137215841,-0.49249368945413735,0.7482170531872796
0.6092184368737474,4.006714285461261,1.0000000001021838,0.040050965630433234,-0.0009487598035676135,-0.008109936669444756,0.9857333604270156,0.00012432666367688983,-0.39983615307780007,0.02464193942363568,0.9877327142264982,-9.952507124951967e-8,-0.49861022885569,-0.0405483608449615,0.31740215377830455,1.0681080690950824,-0.36902956464856984,0.5463630696307477,0.13579199531008904,0.5243039409515008,0.1624809254053562,1.0634424352494352,0.7,-0.39412887030547483,-0.4924936306531476,0.7444097046746045
0.6112224448897795,4.019900129692004,1.0000000006881662,0.04004968668923688,-0.0009486256350691658,-0.008109979975105772,0.9857333967459873,0.00012441883922152433,-0.39982365660922237,0.024642102784116875,0.9877149943186685,-1.199572984235603e-7,-0.49860319185262436,-0.04054714660791215,0.2834654752714231,1.066310107895791,-0.3696514496406665,0.5742631349106119,0.13509660536412355,0.5244395939176348,0.1896819459028613,1.053364475226149,0.7,-0.39410949272417745,-0.4924778439440587,0.7373551326583043
0.6132264529058116,4.0330859739230664,1.000000000670317,0.040049904279668265,-0.0009486739929945778,-0.00810960350356326,0.9857333749172115,0.0001244741560584256,-0.39983663440080197,0.02464298078906715,0.9877334444635751,1.6925967352412583e-7,-0.4986090861194658,-0.04054740385232547,0.300967780847417,1.0632783041573841,-0.37071328626221034,0.5970966059287074,0.1345014979837689,0.5253798133330251,0.5713591428065441,1.0471330053260213,0.7,-0.3941296288948088,-0.49249287693665567,0.7329931037282148
0.6152304609218436,4.046271818152678,1.0000000002835725,0.040050299425371014,-0.0009485046169288754,-0.008109732455740792,0.9857333748663244,0.0001244440735896844,-0.3998358470109564,0.02464252338994487,0.9877333778238447,1.345933772817936e-7,-0.49860828649561506,-0.040547872445412865,0.3739263558008765,1.0602589492394727,-0.3717751380993695,0.6157835875353951,0.13403178163755491,0.5257840477090254,0.7576286378844115,1.046948099788987,0.7,-0.3941288286338996,-0.4924920524887483,0.7328636698522909
0.6172344689378757,4.059457662375368,0.999999999673587,0.04005101870914411,-0.0009484366545412582,-0.008109867563694558,0.9857333714301941,0.0001244134089063437,-0.39983567239785345,0.024641781582284517,0.9877332975619785,1.4318988463918912e-7,-0.49860809974855497,-0.04054861112233696,0.42734413537104393,1.057947416164291,-0.3725867314305815,0.6310770631781613,0.13366893160256102,0.5251647389628056,0.5356385259816159,1.0475190002780679,0.7,-0.3941286247403819,-0.49249182836190303,0.7332633001946475
0.6192384769539078,4.072643506592144,0.9999999990498918,0.040050869107269814,-0.0009477436852263757,-0.00811037589830161,0.98573338803942,0.00012437320694240505,-0.3998196428821613,0.024640721533735366,0.9877168478146419,-1.7006648567045627e-7,-0.4986024471991665,-0.04054866861496714,0.4183170630829369,1.0556909600698583,-0.3733824018371638,0.6435932895163684,0.13339387260129054,0.524413666289942,0.2627444821656069,1.042739937346248,0.7,-0.3941062869925445,-0.4924780305642576,0.7299179561423735
0.6212424849699398,4.085829350801507,0.9999999989422215,0.04005186930848047,-0.0009486096741383938,-0.008110018301828907,0.9857333639775414,0.00012438759160590074,-0.3998363326141861,0.024641036415219756,0.9877324178691287,8.280066536826578e-8,-0.49860879138240755,-0.040549325061632856,0.3892588306598684,1.0526257377068535,-0.37447591549240666,0.6538365935558738,0.13322416519479874,0.5244295079983669,0.3127786884374772,1.03523831780122,0.7,-0.3941289241568711,-0.49249207044046045,0.724666822460854
0.6232464929859719,4.0990151950108,0.9999999990454326,0.040051817359444804,-0.0009487322717706332,-0.008110070607447124,0.9857333556850267,0.00012436031968602395,-0.3998369377510619,0.02464115519610381,0.9877323586628023,-2.676587165407554e-8,-0.49860941735621667,-0.04054920382049432,0.39986744988924333,1.048976095276614,-0.37579009515079026,0.6622197449103749,0.13319150009758518,0.5249317707443758,0.577667048650374,1.0307500283744915,0.7,-0.3941294984483127,-0.4924926547714067,0.721525019862144
0.625250501002004,4.11220103922333,0.999999999414304,0.04005161971612851,-0.0009488323436030104,-0.008110051717736877,0.9857333485641631,0.00012433254243759926,-0.39983734295490636,0.02464139805539512,0.9877322951460515,-7.867160701669945e-8,-0.4986098410622537,-0.04054895746300631,0.4467948265174826,1.0455952949536695,-0.3770115469915847,0.6690805383617505,0.13330241511672747,0.5250041773132043,0.6859586134910439,1.0304585205640326,0.7,-0.39412987288393014,-0.4924930395047762,0.7213209643948228
0.627254509018036,4.1253868834418235,0.9999999999265021,0.040051320393266254,-0.0009488851946668433,-0.008109997854450199,0.9857333429244897,0.00012430499384352939,-0.3998374829859568,0.024641719947253022,0.9877322366015403,-1.0262602418811747e-7,-0.4986099995112955,-0.04054863480772525,0.4777764545316713,1.042872315249285,-0.37799495948075484,0.6746954300405361,0.1335352910922382,0.5243875871094986,0.5233868935880189,1.030305465629664,0.7,-0.39412998773991864,-0.49249316584783964,0.7212138259407648
0.6292585170340681,4.138572727667269,1.0000000004462162,0.04005102870039949,-0.0009488847173796665,-0.008109934393967346,0.9857333388711953,0.00012427776253310632,-0.39983736092363537,0.02464201014015856,0.9877321815893894,-1.0185510510118645e-7,-0.4986098953963273,-0.0405483458270362,0.4670935272793787,1.0402853074818208,-0.37893317300156887,0.6792906723821001,0.133871931509451,0.5237283144893167,0.3460216305043141,1.026457401086672,0.7,-0.39412984557669034,-0.4924930356118155,0.7185201807606704
0.6312625250501002,4.151758571898992,1.0000000008633816,0.04005083467911234,-0.0009488423618565111,-0.008109882156558692,0.9857333360024758,0.0001242509501767907,-0.39983705921928675,0.024642184824176138,0.9877321268130058,-8.32779890588733e-8,-0.49860961195112147,-0.04054817334722698,0.44584210827356296,1.0372455381224261,-0.3800464258619418,0.6830514309836412,0.13432049472577307,0.523607860667356,0.3928042128771741,1.0209191909130308,0.7,-0.3941295263774853,-0.4924927290851184,0.7146434336391215
0.6332665330661322,4.164944416135189,1.0000000010821692,0.040050769238287744,-0.0009486844580913668,-0.008109843182470966,0.9857333311386325,0.00012422699328173647,-0.399836854311219,0.024642290034405514,0.9877331407356009,-8.220438063935041e-8,-0.49860969549566664,-0.04054816436681951,0.45328241963858085,1.0339200278009604,-0.3812739155049082,0.6861292458546164,0.13489835650146337,0.5237947126781414,0.5753332511525432,1.0176202250850577,0.7,-0.3941297301537493,-0.4924933171999197,0.7123341575595403
0.6352705410821643,4.178130260375372,1.0000000008190941,0.040050045057266524,-0.0009473499286949583,-0.008110145223629277,0.9857333377920477,0.00012419360348235294,-0.3998228305659612,0.024641436180101707,0.9877285223910507,-5.389967061043825e-7,-0.49860833000772115,-0.040548056384869045,0.46763829680604035,1.032054559457721,-0.38195581050300303,0.6182142754109056,0.13559047574379604,0.5230409865056307,0.3774816787836832,1.0299261213541937,0.3000000959287815,-0.3941140994536832,-0.49248964719512694,0.308977935205816
0.6372745490981964,4.191316104615911,1.000000000694161,0.04004997711033284,-0.0009469343744777479,-0.008110213814661673,0.9857333283974061,0.00012420046059300778,-0.39982418787701685,0.02464134518969984,0.9877343836555336,-1.1110518642870007e-6,-0.4986106261280432,-0.0405482318948497,0.397974040450034,1.0323242085816853,-0.3818437568621509,0.5604274156459177,0.1363074838305015,0.5214910376056147,-0.17906357042442558,1.034981851776495,0.30000000000970317,-0.39411779227557064,-0.4924948144314938,0.3104945555429911
0.6392785571142284,4.204501948855918,1.0000000008291898,0.04005050451782181,-0.00094756249840435,-0.008109562596954233,0.9857333312131281,0.0001243827521255304,-0.3998367444824219,0.02464299709888953,0.9877424333437147,-1.1474877531260012e-6,-0.49861224939508225,-0.04054756712184799,0.27029590857166785,1.0325856785768799,-0.3817369907131957,0.5131345027229637,0.13700860427921888,0.5210414411931504,-0.317147515992209,1.0323524601981946,0.3000000000000268,-0.39413336371511226,-0.492500429984645,0.30970573805948604
0.6412825651302605,4.217687793091929,1.000000000739655,0.04005035604057898,-0.000948438080022704,-0.008109692743170598,0.9857333628197708,0.00012435505243754588,-0.3998354341223627,0.024642386956876303,0.9877338215037066,2.0856008318397338e-7,-0.49860856089401756,-0.0405479854694883,0.19608329686198792,1.0325017693361578,-0.3817597355283176,0.4744298471739456,0.1377087359715211,0.5219337483149724,0.07581785707438528,1.033018215883282,0.3,-0.3941285980707828,-0.4924925477430028,0.30990546476498454
0.6432865731462926,4.230873637320873,1.0000000001198897,0.040050997839421,-0.0009483837234783291,-0.008109844090672213,0.9857333596671982,0.0001243274662970995,-0.3998353477779866,0.024641727682104864,0.9877338311007439,1.8553875686823738e-7,-0.4986084172959836,-0.04054864786866954,0.21095393426504055,1.0332202217517579,-0.38148835655092733,0.4427538527315056,0.13840035314175578,0.5226746550878163,0.40307099700241317,1.0406346103862032,0.3,-0.394128517697874,-0.492492409758186,0.31219038311586095
0.6452905811623246,4.2440594815418615,0.9999999995826404,0.04005160331224206,-0.0009484350803295969,-0.008109973692772963,0.9857333532978322,0.000124300318543187,-0.3998358078755915,0.02464115118311477,0.9877338366199909,1.550618590928073e-7,-0.49860882504519377,-0.04054921964847373,0.23746311289384808,1.0355134912148485,-0.3806464231267296,0.4168301342866201,0.139031968800387,0.522240571918323,0.23717669472144576,1.0502949789665905,0.3,-0.394128973412153,-0.4924928140221124,0.31508849368997716
0.6472945891783567,4.257245325758938,0.9999999993303025,0.040052730257335765,-0.0009480971513929124,-0.00810999931158323,0.9857333021190335,0.00012432250130943145,-0.39984798684321354,0.024641639037093363,0.9877505959621983,-9.067782751964523e-7,-0.4986154841685482,-0.04054999618313803,0.20052637856278618,1.0386544049057678,-0.37950433574924225,0.39561409793443447,0.13954992990267398,0.5213535776741248,-0.14091485676614648,1.0539205983447075,0.3,-0.3941476815283873,-0.4925077048736079,0.31617617950341226
0.6492985971943888,4.270431169975138,0.9999999994937956,0.04005224144504964,-0.0009485775045420966,-0.008109851667834218,0.9857333341610814,0.0001243440386195255,-0.39984130109861854,0.02464238396590144,0.987735559029987,-3.764941393620475e-7,-0.49860946951532437,-0.04054919670338416,0.12580861016446676,1.0413416126760635,-0.37852860480462563,0.37825082903527146,0.1399482377205621,0.5212815505072484,-0.20264193027380165,1.0529068098325167,0.3,-0.39413507877587567,-0.4924942878428293,0.315872042949755
0.6513026052104208,4.283617014195035,1.0000000006418213,0.040051779511167035,-0.000950312480625383,-0.008110124921357471,0.9857333868038066,0.00012432986252064744,-0.39984393919100863,0.024640783943035014,0.9877299469803366,8.183000410378456e-8,-0.49861041200054484,-0.04054882177529121,0.09040360247436725,1.043513456797064,-0.37774032412486935,0.3640406915606514,0.1402513183269815,0.522069900153596,0.08137831870271495,1.0544629377184709,0.3,-0.39413541912148287,-0.49249243912725216,0.3163388813155413
0.6533066132264529,4.296802858417386,1.0000000001149179,0.04005103647810107,-0.0009487461020221405,-0.008109862327150802,0.9857333617994429,0.00012432008880729423,-0.39983560768156173,0.024641895234948863,0.9877313067199182,3.929849654143894e-8,-0.4986092176922113,-0.040548417468313225,0.11184308179608692,1.046033576999354,-0.37683163087345306,0.3524110694845055,0.14046334650866832,0.5226570684017621,0.27799552742386857,1.0607072286392751,0.3,-0.3941277675992178,-0.49249193572721583,0.31821216859178253
0.655310621242485,4.309988702643974,1.0000000003609164,0.040050852056247664,-0.0009487088075623882,-0.008109877547280259,0.9857333579698643,0.00012429392746433917,-0.3998354317025657,0.024642064346203245,0.9877313458798177,-1.5213503121348385e-8,-0.4986090714308607,-0.04054824872326237,0.13277466792418627,1.0493828147008442,-0.3756377595247509,0.34289335921859515,0.14055762355184342,0.522444113587501,0.13106600558047177,1.0675805408650225,0.3,-0.3941276114420052,-0.4924918085754093,0.3202741622595067
0.657314629258517,4.323174546874418,1.0000000000207052,0.04005055201723564,-0.0009471383922256593,-0.008110070005852532,0.9857333402856647,0.0001242931352048778,-0.39982906789632655,0.024641818225474184,0.9877392851739885,-1.426735289461098e-6,-0.49861267085729977,-0.04054817889951009,0.10723044910908407,1.0529989812165534,-0.3743571659755883,0.33510403905865105,0.14050913044093372,0.5220252251005302,-0.11996372988063857,1.0701159380664125,0.3,-0.39412456035934984,-0.49249926523976467,0.32103478141992375
0.6593186372745491,4.33636039110696,1.0000000009813985,0.04005092403902479,-0.0009491823030657718,-0.008109765320798953,0.9857333700470445,0.00012437264691855153,-0.3998346243454293,0.024643174724034926,0.9877215010898405,1.7003449974688797e-8,-0.49860386967099757,-0.04054777517691272,0.06050745807675967,1.0560991812721592,-0.3732612563583275,0.32872923913013646,0.14032461940041285,0.5222203729060545,-0.12761684896412098,1.0700454144081766,0.3,-0.3941228798627113,-0.49248176329009297,0.32101362432245295
0.6613226452905812,4.349546235338479,1.000000000340793,0.04005008996644413,-0.0009480821483472952,-0.008109865319995723,0.9857333979593373,0.0001243988393320083,-0.3998242223354045,0.024642017069113512,0.9877213012789702,3.61153482479568e-7,-0.4986041201100121,-0.04054779114022829,0.04454998441522988,1.058771046211738,-0.3723175474467352,0.3235120853276299,0.140026202098953,0.52293690478948,0.07681841671074498,1.0720958441838615,0.3,-0.39411255907957105,-0.4924819249820931,0.32162875325515844
0.6633266533066132,4.362732079563814,0.9999999999652798,0.04005066477325934,-0.0009484685935518415,-0.008109756454973905,0.9857333897341144,0.0001244144112959829,-0.39983485853569295,0.024642183698528317,0.9877317434312141,1.403522639180445e-7,-0.49860757476875384,-0.04054817716907339,0.06382597721796682,1.0616383489013304,-0.371312110212038,0.3192423545157305,0.13961872037311848,0.5234256068587382,0.18190842991456,1.0771731702970435,0.3,-0.3941272026908581,-0.49249053480537913,0.32315195108911304
0.6653306613226453,4.375917923782757,0.9999999994242575,0.04005121697499895,-0.0009484503930136723,-0.008109904863577478,0.9857333848909268,0.00012438572376200405,-0.3998348639475255,0.02464163042604681,0.9877316787165593,8.909971264017935e-8,-0.4986076099678508,-0.04054872864347232,0.07593107371369025,1.0649499877054505,-0.37016144409972424,0.31574799431364015,0.13908694919643558,0.5233823391810365,0.05400898329177077,1.0820204644975486,0.3,-0.3941271835388443,-0.4924905352272768,0.3246061393492646
0.6673346693386772,4.389103767995264,0.9999999990188133,0.04005165576381915,-0.0009484908432042713,-0.008110012544435597,0.9857333783252437,0.00012435680941963603,-0.3998353199704102,0.02464115152534652,0.9877322632147967,9.565306042781752e-8,-0.49860846430921985,-0.04054917714186914,0.05602998985715977,1.0681406425305717,-0.3690577441260522,0.3387019477437745,0.13842081133523668,0.5233788407975776,-0.06853591238845003,1.0796141873343286,0.6995194945430212,-0.39412786580336245,-0.4924916707888528,0.7552111706255841
0.6693386773547093,4.40228961220607,0.999999999522477,0.04005213493101509,-0.0009496280834305986,-0.008109983320579628,0.9857333507050239,0.00012443556597318124,-0.3998445051081789,0.02464153900615758,0.9877330233280218,-7.314043470701878e-8,-0.49860963062928493,-0.04054911104512439,0.06763312806720256,1.069094598310617,-0.3687173642004177,0.4043126974291012,0.13766662648093253,0.5246786870508238,0.3733895045975941,1.0687085037264816,0.6999999975346325,-0.39413720952534215,-0.49249319495615224,0.7480959499737779
0.6713426853707414,4.415475456416345,0.9999999990985264,0.04005122109812596,-0.0009486334605775739,-0.008109919453180802,0.9857333550141677,0.0001244213487541858,-0.3998352098139386,0.024641631332585297,0.9877318882422464,6.191074986892476e-8,-0.49860926866986777,-0.04054866613549041,0.17318545141185268,1.068661636002836,-0.368855823817484,0.4580087323865243,0.13690868561608385,0.5259542151328038,0.839031724134526,1.0662490416432508,0.6999999999999218,-0.3941276082246661,-0.4924922769487724,0.7463743291501922
0.6733466933867734,4.428661300629297,0.9999999992973104,0.04005111080071697,-0.0009486471171919776,-0.008109948428388363,0.9857333503633001,0.00012439272096352306,-0.399835265508759,0.02464174916847208,0.9877319370595558,-6.586045757949573e-9,-0.49860934318673544,-0.040548550453547036,0.29143443234436134,1.0684706947791978,-0.36891276673591505,0.5019537003757916,0.13616657028624377,0.5257447794636251,0.708908455405068,1.0688493396773782,0.7,-0.3941276841912473,-0.4924923721147724,0.7481945377741647
0.6753507014028055,4.4418471448449255,0.999999999500135,0.04005109873052424,-0.000948650834220594,-0.008109947979098826,0.985733345946463,0.00012436355378617133,-0.3998352854870567,0.0246417614179867,0.9877319819924465,-1.7415429557350815e-8,-0.4986093804093971,-0.04054853859873235,0.32333812337328044,1.0683933035794784,-0.3689321256293319,0.537918379527713,0.13542579764492274,0.5247306635767218,0.24691800145101084,1.0657777336150525,0.7,-0.3941277220741616,-0.4924924308456293,0.7460444135305366
0.6773547094188376,4.45503298906433,0.9999999997970223,0.04005173672806451,-0.0009487763507390689,-0.008109495985675348,0.9857333476672712,0.0001244659574100646,-0.39983731874868644,0.024641876937071684,0.987732627183089,7.432874654316667e-7,-0.4986091434761914,-0.04054859118135543,0.2899464447128881,1.067036267323259,-0.36939841465593676,0.5673519686269797,0.13471001794786971,0.5245220441610893,0.12884608309113937,1.0559865456546196,0.7,-0.39412996145966833,-0.49249254936250786,0.7391905819582336
0.6793587174348696,4.468218833286694,0.9999999999025938,0.040050293618214924,-0.0009486544793473302,-0.00810961506912225,0.9857333573416903,0.00012450929208448724,-0.39983651907805895,0.024642546107362405,0.9877338413487323,2.6779315154678516e-7,-0.49860953730229896,-0.040547816759639733,0.2884899744563188,1.064214392062859,-0.3703844255551149,0.5914404962018428,0.13408038867038544,0.5253654578336143,0.465857650441635,1.0481875137594636,0.7,-0.3941296718160362,-0.4924935244711414,0.7337312596316244
0.6813627254509017,4.481404677507442,0.9999999996840978,0.04005038571524242,-0.0009485243695614655,-0.008109760820136494,0.9857333563908164,0.00012448027532360506,-0.39983600659098734,0.02464240147365178,0.9877339015569487,1.5721837869041845e-7,-0.49860892379200566,-0.04054797946292567,0.35248938806415175,1.0610670386937608,-0.3714909511637344,0.6111546121997944,0.13357485312402642,0.5260198933402782,0.75077647593502,1.0466143855211225,0.7,-0.3941291944982423,-0.4924929440230767,0.7326300698647857
0.6833667334669338,4.494590521723666,0.9999999992555195,0.040050944088170955,-0.0009484612426019513,-0.00810987324723921,0.985733353511665,0.00012444892939110307,-0.3998358469025247,0.02464182029179035,0.9877338881894405,1.5887523080790411e-7,-0.49860871608912477,-0.04054856207348547,0.41865669329081057,1.0585706019846837,-0.3723679212839559,0.6272886973784739,0.13318386188403275,0.525624179459668,0.6207967030162517,1.047782426680456,0.7,-0.39412903216469597,-0.4924927322700182,0.7334476986763192
0.6853707414829658,4.507776365934181,0.9999999988615889,0.04005147418655563,-0.0009484913334453324,-0.00810998020017766,0.9857333478513919,0.00012441850784170196,-0.3998361672685485,0.024641309819792335,0.9877338701465233,1.3953646365967738e-7,-0.4986089926662226,-0.040549068374981956,0.4252255600255343,1.0564033372172876,-0.37313033549994634,0.6404928757737768,0.13288305170372947,0.5247832768720572,0.31177939916396263,1.04455370005916,0.7,-0.3941293407083266,-0.49249299567414107,0.731187590041412
0.6873747494989979,4.520962210140835,0.9999999986957246,0.0400517801491965,-0.0009485904363996895,-0.008110054396844622,0.9857333404987187,0.00012438921139735408,-0.3998367731748182,0.02464105383247137,0.9877338534182629,9.216283756687086e-8,-0.49860955994854417,-0.040549318824979065,0.394427646171171,1.0535732104923932,-0.3741368262070266,0.6512992106330224,0.13267996571047466,0.524564371329493,0.2644443827233322,1.0371309808216311,0.7,-0.39412993130171353,-0.49249354573630016,0.7259916865751418
0.68937875751503,4.534148054347262,0.9999999988319366,0.04005180974443838,-0.0009487134870630431,-0.008110078129830757,0.9857333328535659,0.0001243607430719147,-0.39983741566774444,0.02464108265162535,0.987733835751526,3.689490697864158e-8,-0.49861016701065675,-0.040549285740280105,0.39154617021812765,1.0499936497238416,-0.3754232552856368,0.6601431439388206,0.13260707414304404,0.5250212436466665,0.5076750016401352,1.031474381348543,0.7,-0.3941305576357375,-0.49249413430220707,0.72203206694398
0.691382765531062,4.547333898557281,0.9999999992280654,0.040051614665899106,-0.0009488165149279341,-0.008110053199604525,0.9857333260971484,0.00012433281232787858,-0.39983788888777194,0.024641325164024376,0.9877338189975627,-8.459218227481256e-9,-0.4986106069632389,-0.04054904162488813,0.4331554092827468,1.046458820510165,-0.3766999207516907,0.6673810425726735,0.13267977760936164,0.5252740515974881,0.6867349043136762,1.0302800463726451,0.7,-0.39413101751800816,-0.49249455866547953,0.7211960324608515
0.6933867735470941,4.560519742773593,0.9999999997659534,0.04005130722114815,-0.0009488713499799916,-0.008109996519998539,0.9857333209254576,0.00012430522996858984,-0.3998380868838866,0.0246416577990361,0.9877338030904873,-3.082860645439448e-8,-0.498610772765875,-0.040548710473527635,0.47327856492765413,1.0435724119352046,-0.3777423844387393,0.6733045581421372,0.13288177775215343,0.52479934739212,0.5822209899222864,1.0306274969886349,0.7,-0.39413120640280375,-0.4924947135958643,0.7214392478920444
0.6953907815631262,4.573705586997143,1.0000000003053884,0.04005101170798127,-0.0009488720589335576,-0.008109931357501002,0.9857333173727082,0.00012427798309241116,-0.39983801116953993,0.024641954020858153,0.9877337836774027,-3.0087097966502575e-8,-0.4986106654136183,-0.040548417835582475,0.47261723100461916,1.0410201881962762,-0.3786661673924913,0.678152379101725,0.13319034443073763,0.5240658704445273,0.37576868649428863,1.0278054418390672,0.7,-0.3941311240665723,-0.4924945979109165,0.719463809287347
0.6973947895791582,4.586891431227157,1.0000000007347314,0.040050820364640624,-0.0009488306306448515,-0.008109878652619616,0.9857333149869726,0.0001242511733005216,-0.39983775275617606,0.024642128297265045,0.9877337596907336,-1.1860681171085963e-8,-0.49861037617126275,-0.040548247911908794,0.4493781112287577,1.0381114695442588,-0.37972854275085766,0.6821198487200475,0.13360673819093652,0.5237847736075437,0.35711954820297287,1.022275345598916,0.7,-0.39413085977334356,-0.4924943009955225,0.7155927419192412
0.6993987975951903,4.600077275461782,1.0000000010237133,0.04005079633055081,-0.0009488183977160345,-0.008109851719424264,0.9857333133243222,0.00012422563093080207,-0.3998380007166886,0.02464209424201422,0.9877342147331453,7.771100617852573e-8,-0.4986102931869695,-0.04054827290160223,0.447438364279829,1.0348006832047059,-0.38094861013102516,0.6853668363874478,0.13414900735661014,0.5239477406155734,0.5281928674574562,1.0181290653871469,0.7,-0.3941312834452785,-0.4924944495499417,0.7126903457710028
0.7014028056112224,4.6132631196992895,1.000000001240026,0.04005068355290034,-0.0009488703622974775,-0.008109951567232003,0.9857333273051274,0.00012419694577623668,-0.3998328847974728,0.024642016154738756,0.9877253467378665,-1.805239387065669e-7,-0.49860657821273885,-0.0405479236631248,0.46881252872690793,1.0322500015596232,-0.381887537818356,0.6356761045115834,0.1348175659846865,0.5235902128413933,0.49661159286015505,1.0266398312312999,0.299998328375397,-0.3941227113986309,-0.49248634803108776,0.3079902332129897
0.7034068136272544,4.626448963937872,1.000000001818941,0.040051558645885686,-0.000950032526812042,-0.00810968348932611,0.9857333250859146,0.00012428897655129983,-0.39984850301051106,0.02464059307161395,0.9877421348102754,1.7257939838559257e-6,-0.498614857390167,-0.04054925970872434,0.42577266776552186,1.032167209537941,-0.38190560737978924,0.5747182547983378,0.13553617470575108,0.5220479124294028,-0.04484484854390496,1.0347535816646765,0.30000000000540833,-0.39414474151877443,-0.492502973666353,0.3104260745049992
0.7054108216432865,4.639634808176826,1.0000000015776576,0.04005114327991344,-0.0009495284120425705,-0.008109509067993938,0.9857333176032208,0.0001244146178411851,-0.39984731796174466,0.024642925539304278,0.9877376284283822,7.98732937659239e-8,-0.49861070673834995,-0.04054810958918748,0.3031529878900367,1.0325592902085754,-0.3817498781858983,0.5248301422212189,0.13624150099279647,0.5211786721173798,-0.3457644970419342,1.0330673728286308,0.30000000000000304,-0.39414181385136965,-0.49249656022144844,0.30992021184859236
0.7074148296593186,4.652820652410612,1.0000000005402718,0.040050205353720066,-0.0009483778428137528,-0.008109626000290414,0.9857333396429373,0.00012440305160531817,-0.3998336702774719,0.024642549296849323,0.9877315189208823,2.2697535278069297e-7,-0.49860746094757746,-0.040547775166737215,0.20580558152469505,1.0324739029401846,-0.3817722491141287,0.4840015774651924,0.13694158982362864,0.5218151305942169,-0.052589407655187645,1.0320881865839697,0.3,-0.3941259417700102,-0.4924903139503808,0.3096264559751909
0.7094188376753506,4.666006496636594,0.999999999828679,0.04005085829133385,-0.0009482982703511856,-0.008109816622720199,0.9857333380067467,0.0001243751064158101,-0.3998334147754816,0.024641863830933326,0.9877315283620738,1.6589872736594982e-7,-0.49860723152694963,-0.040548460916408915,0.20108703520078305,1.032852591266284,-0.38162518488265723,0.4505873823428304,0.1376401944030565,0.522754310469941,0.3579364131069816,1.0379966509439298,0.3,-0.39412569587323915,-0.4924900895754344,0.31139899528317894
0.7114228456913827,4.67919234085322,0.9999999991722546,0.0400515732806216,-0.0009483365001613521,-0.008109971841378513,0.9857333326361574,0.00012434683354185807,-0.39983379249761664,0.02464116885718384,0.9877315382226253,1.30916615912522e-7,-0.49860763859908325,-0.04054914754769846,0.23463004402249635,1.034723259722223,-0.3809351879838885,0.42324111582872814,0.1382955258043073,0.5226278701861209,0.3250764564177432,1.0479898971975172,0.3,-0.39412607242699005,-0.4924904951515805,0.31439696915925514
0.7134268537074148,4.692378185064782,0.9999999995849244,0.04005224048689809,-0.0009497334341124546,-0.008110301835262535,0.985733354968215,0.00012433093292539934,-0.39983625212935675,0.02464051155845628,0.987721621056079,-3.8564553449853656e-7,-0.4986055682727547,-0.04054902734511035,0.21666666447087693,1.0377774470837302,-0.379823354917654,0.4008608598732881,0.13884834356302925,0.5217170608609296,-0.05411518823415354,1.0536198012104196,0.3,-0.39412453969606503,-0.49248348452440144,0.3160859403631259
0.7154308617234468,4.705564029274411,0.9999999992461671,0.0400515168115683,-0.0009489502876163227,-0.008109955936767903,0.9857333475937008,0.00012446112735365033,-0.39983136532379915,0.02464206637093551,0.9877196561634402,-5.793844268418545e-8,-0.49860397568437687,-0.04054850215116908,0.144419794058394,1.0406515654476036,-0.378779576897887,0.3825447925458815,0.1392782529519322,0.5213509526448217,-0.23138949008210077,1.0531035190257811,0.3,-0.39411893834804607,-0.49248094507537993,0.31593105570773433
0.7174348697394789,4.71874987348563,0.9999999992084158,0.04005100410166363,-0.0009487453115809494,-0.008109755970480737,0.9857333531640395,0.00012449564661643877,-0.39983630022319505,0.024641871715907468,0.9877319767302737,2.9545374629591456e-7,-0.4986089400786043,-0.04054834635063768,0.09292971763356646,1.0428850080398984,-0.3779676618833823,0.36755488163154787,0.13960689814703134,0.5219882814622955,-0.006490244282788604,1.0534721343484588,0.3,-0.3941287104633531,-0.49249200597938725,0.31604164030453763
0.719438877755511,4.731935717698247,0.999999999221133,0.04005081435569274,-0.000948663178613008,-0.008109865718649939,0.9857333479796954,0.00012446794071699674,-0.3998363353565706,0.02464212084066887,0.9877323757915969,2.64526781674212e-8,-0.4986088178533281,-0.040548249035078525,0.10280721849856353,1.0452233046453316,-0.3771223482710171,0.3552870954980236,0.13984714262974943,0.5227309432515735,0.2573457210049862,1.0586391175845333,0.3,-0.39412891115174653,-0.4924920733215172,0.31759173527536
0.721442885771543,4.745121561910481,0.9999999991502844,0.040051053573179445,-0.0009486343088923664,-0.008109919841781167,0.9857333445546359,0.00012443700497686682,-0.3998361945817777,0.024641870542545657,0.987732301093027,1.5715678274644262e-8,-0.49860869175332145,-0.040548498464859264,0.13067935688486337,1.0483596602780245,-0.3760010574504601,0.3452471065715994,0.13997861563917585,0.5227128900780219,0.1972456207159688,1.0659608954097333,0.3,-0.3941287431258675,-0.49249191108773915,0.31978826862292
0.7234468937875751,4.7583074061235395,0.9999999988077659,0.04004988821582049,-0.0009474652175666135,-0.0081105085684193,0.9857333537861093,0.00012437541605638138,-0.3998200542598011,0.024640860555536877,0.9877214604664208,-4.362830406505476e-7,-0.49860520939398506,-0.04054843700467686,0.1180293259604047,1.051995076978058,-0.37471212986031915,0.3370303498343418,0.13997163420286582,0.5222467623243363,-0.06712782886402105,1.0698055725293631,0.3,-0.39410854242865784,-0.49248304792819714,0.32094167175880894
0.7254509018036072,4.771493250335826,0.9999999987265572,0.040050275924694186,-0.0009474239051974562,-0.008109851405627736,0.9857333592276187,0.00012454903138294185,-0.39982788395102264,0.02464123833579954,0.987736113537963,-3.8061727846504454e-7,-0.49861122175857353,-0.04054804233605675,0.07138786494313366,1.0552616406062387,-0.37355674166084035,0.33030573899526255,0.13982402957834292,0.5222367648600308,-0.1562378472878503,1.0699172056752368,0.3,-0.3941221019197145,-0.4924962949129433,0.32097516170257107
0.7274549098196392,4.784679094548251,0.9999999990233888,0.04005113258053311,-0.0009482699350502117,-0.008109687786392447,0.9857333543368011,0.00012461968847441243,-0.3998441580836389,0.02464210924885911,0.9877468439870277,-7.45516985163192e-8,-0.498614222043661,-0.04054862391766006,0.04401534966468787,1.0579870717225817,-0.37259334774690656,0.3248022994518599,0.13955747128716603,0.5228757798989023,0.01834903665780651,1.0710981536712263,0.3,-0.39414239414936636,-0.49250462116770444,0.3213294461013679
0.7294589178356713,4.797864938756608,0.9999999986672643,0.04005071222733746,-0.0009484948363511307,-0.00810976427337457,0.9857333894253723,0.0001246074822001669,-0.3998355281462909,0.024642137062414023,0.9877325846432313,1.9259741957212644e-7,-0.49860798715172117,-0.04054824391475422,0.05704259397702225,1.0607442223616508,-0.37162426397513737,0.32029826715068677,0.1391832691454792,0.5234871033550506,0.17770695827950012,1.0755554051780023,0.3,-0.3941281964796803,-0.49249136368261576,0.3226666215534007
0.7314629258517034,4.811050782958805,0.9999999981961327,0.04005118879322609,-0.0009484756272589479,-0.00810993150262633,0.9857333845366879,0.0001245748154602457,-0.3998355419838891,0.02464165553198258,0.9877325173413718,1.0762514574295537e-7,-0.49860798867035866,-0.040548722997913005,0.0754599727335415,1.0639529954880367,-0.3705067093139688,0.3166121560322245,0.1386897943463527,0.5235598831657347,0.10333100191094306,1.080876907070019,0.3,-0.3941281853951322,-0.4924913281799538,0.3242630721210057
0.7334669338677354,4.82423662715537,0.9999999978255281,0.04005164132865575,-0.0009484898473704128,-0.008110040007846011,0.9857333793353437,0.00012454107992650556,-0.399835270712164,0.024641159858359026,0.9877323603364724,1.1362533414853081e-7,-0.4986084991736513,-0.04054917573044161,0.06303635312615354,1.0673204897938906,-0.36934170785020365,0.31888701580561496,0.13806250334806147,0.5234154971484661,-0.07506873313782023,1.0830379895488056,0.5942172849384328,-0.39412785573411496,-0.4924917543800303,0.6435598936348701
0.7354709418837675,4.8374224713499805,0.9999999977346964,0.04005220562537843,-0.0009484501104237421,-0.008110145285838966,0.9857333432887928,0.0001245042745317351,-0.39984322766481806,0.02464084257170744,0.9877440642889019,-2.532684052805465e-7,-0.498613621160748,-0.04054999029670898,0.05493789788244528,1.068964270961369,-0.36876515286480793,0.388096104720963,0.13732585464208769,0.524367658976606,0.21474299514898043,1.0707700917803185,0.6999996804414188,-0.3941403721236267,-0.4925026344050927,0.7495387220724516
0.7374749498997996,4.850608315545671,0.9999999980788212,0.04005227301237263,-0.0009487679550894054,-0.008110009094296853,0.9857333560343987,0.0001244998934409939,-0.3998389367526699,0.024641587614235187,0.9877332043352169,-4.456770440008569e-8,-0.4986096208034838,-0.04054937979454477,0.13827494011334096,1.0687023176975377,-0.3688442836422785,0.44473702938716914,0.1365679909346094,0.5258544034104381,0.760747575222994,1.0659544676547779,0.6999999999827907,-0.3941318033990015,-0.49249327666139975,0.7461681273400002
0.7394789579158316,4.863794159747256,0.9999999986489834,0.04005138144355404,-0.0009488312244955482,-0.008110037499520738,0.9857333640118002,0.0001244688412644948,-0.3998361561409608,0.02464157034900209,0.9877315125669305,-6.014484984513994e-8,-0.4986100082555286,-0.040548725257172825,0.2655306835382221,1.0683613845991102,-0.36895283472502033,0.4910921034419657,0.13582707504299998,0.5260630151325096,0.8025809444389914,1.0681579636001062,0.7,-0.3941283919723879,-0.49249281519644594,0.7477105745200743
0.7414829659318637,4.8769800039572,0.9999999992935633,0.040051001991591006,-0.0009488386637281734,-0.008109973190550315,0.9857333593236215,0.00012443793621574198,-0.39983608840641566,0.02464194974615402,0.9877315575040714,-7.937932638871273e-8,-0.4986099701648236,-0.040548349484903955,0.324278073737178,1.068380998830205,-0.36893836908529465,0.5290292196010301,0.1350902866189143,0.5250940984616225,0.36038345147131085,1.0673992128402754,0.7,-0.3941283436876687,-0.49249279919925915,0.7471794489881928
0.7434869739478958,4.890165848176528,0.9999999992884475,0.04005051140080177,-0.0009470627172013176,-0.008110119768989165,0.9857333361434684,0.0001244426907151419,-0.3998296876041772,0.024642027308311304,0.9877410798328581,-1.7833402887899145e-6,-0.498614023988735,-0.04054799607508975,0.29936915643340517,1.0674594319649153,-0.3692518510342936,0.5600770596916549,0.1343666667318135,0.5245598048603493,0.10484340030915165,1.0586327659187527,0.7,-0.3941258962855068,-0.4925014821635647,0.7410429361431268
0.7454909819639278,4.903351692401197,1.0000000002530844,0.04005043311491449,-0.0009487909162721753,-0.008109446574087034,0.9857333730147186,0.00012457491683943466,-0.39983666779887034,0.024642617762310536,0.9877329134320508,6.683752878569182e-7,-0.4986092619897791,-0.0405476371708214,0.2815034168876827,1.064944112171178,-0.37012854603913065,0.5854866887600297,0.13371285778402311,0.5252053713605239,0.355429835708101,1.0495730038644515,0.7,-0.3941294372137911,-0.4924928061104079,0.734701102705116
0.7474949899799599,4.9165375366268735,1.0000000000493727,0.040049930885754925,-0.0009485021094076042,-0.008109670555147306,0.9857333739722041,0.00012454813542928081,-0.399835262003811,0.02464282973681085,0.9877334956213913,1.4692749083615057e-7,-0.49860875389285236,-0.040547524061099176,0.33130093534881555,1.0617515337034997,-0.37125022069560154,0.6062820002532857,0.13317788796622285,0.5260428800046265,0.7102031994785352,1.0463557190024186,0.7,-0.3941282998620145,-0.49249257338755903,0.732449003301693
0.749498997995992,4.929723380847646,0.9999999995158196,0.04005060468622774,-0.0009483754373019075,-0.008109808161813024,0.9857333723874216,0.00012451508817351096,-0.3998348584356085,0.02464210438990069,0.9877335549812313,1.6615790380380488e-7,-0.49860827654763296,-0.04054825688160643,0.40525743358519095,1.05904834141497,-0.3722005169013063,0.6233009387205927,0.13276374925212817,0.5259230116204288,0.6921406892122713,1.0475272649813736,0.7,-0.3941279262968956,-0.49249213227487176,0.7332690854869615
0.751503006012024,4.942909225060546,0.9999999989170111,0.040051354704091456,-0.0009483731506402136,-0.008109953619290856,0.9857333669812544,0.00012448288643669773,-0.39983512125172854,0.02464135783229533,0.9877336036859473,1.6398988059015053e-7,-0.49860847096039723,-0.0405490008120838,0.4293568450292115,1.0568932826480781,-0.37295763401824894,0.6372292834165482,0.1324446448161135,0.5250799441218619,0.3828585742299986,1.0458934297767857,0.7,-0.3941282045497332,-0.492492348499679,0.7321254008437499
0.7535070140280561,4.956095069266764,0.9999999985456494,0.0400518703153263,-0.0009484776030406582,-0.008110070129007023,0.9857333588355172,0.00012445204507071042,-0.3998358593992638,0.024640893724336546,0.9877336475860596,1.193336360464148e-7,-0.49860914598941924,-0.040549459538125575,0.4021291931436524,1.054300028762169,-0.37387702456319977,0.6486282779150331,0.13221740037028323,0.5246297146687184,0.23953200106808686,1.0390464832986164,0.7,-0.3941289494591289,-0.49249303532681366,0.7273325383090314
0.7555110220440882,4.96928091347048,0.9999999985538345,0.04005203147349759,-0.0009486349583804323,-0.008110126150774097,0.9857333496484312,0.0001244222629514427,-0.39983675400473584,0.024640804847427866,0.9877336900233431,5.350460398523655e-8,-0.4986099823612672,-0.04054954328187366,0.3869779237368523,1.0508601733412037,-0.37511060998791657,0.6579572454561252,0.13211181958316037,0.5249702368475242,0.431996605475783,1.0324244342917572,0.7,-0.3941298481260741,-0.49249387992975574,0.72269710400423
0.7575150300601202,4.98246675767682,0.9999999989345228,0.04005186448416132,-0.0009487842626845149,-0.008110115467858555,0.9857333411247625,0.00012439308930994145,-0.39983750861690115,0.024641038411371538,0.9877337327757613,-6.402139954900012e-9,-0.49861068157646277,-0.040549308125715465,0.4194682988606778,1.0472247675286976,-0.3764229941289174,0.6655920974064377,0.13215110420071927,0.5253635872030897,0.6645474516067521,1.0301020356279134,0.7,-0.39413060897733293,-0.4924945894557837,0.7210714249395394
0.7595190380761523,4.995652601889949,0.9999999995601501,0.04005149680119321,-0.000948880588706748,-0.008110054200735652,0.9857333344258542,0.00012436425558680437,-0.3998379348593068,0.024641446973029314,0.9877337751053031,-4.2298961658943866e-8,-0.49861105386845644,-0.04054890142287976,0.465597590647935,1.0441537832928953,-0.3775326551025306,0.6718404806325119,0.1323263107668095,0.5250715237829878,0.6334037442560877,1.030564680526466,0.7,-0.3941310459958916,-0.4924949768315477,0.7213952763685262
0.7615230460921844,5.008838446111929,1.0000000002500995,0.04005109156088387,-0.0009489061463083956,-0.00810997122752329,0.9857333298549118,0.00012433567589972965,-0.3998379891757594,0.02464186132277382,0.9877338138331672,-4.62237013372745e-8,-0.4986110549207571,-0.0405484924471566,0.47653305385649536,1.0415852103992198,-0.378461382613963,0.6769541741516709,0.13261266464242996,0.5243225047375708,0.4213141421713837,1.0288271617036397,0.7,-0.3941311149084077,-0.49249499702195676,0.7201790131925477
0.7635270541082164,5.022024290342476,1.000000000840648,0.040050786723883264,-0.0009488690437066328,-0.008109896218474336,0.98573332706299,0.00012430741713479162,-0.3998377578168642,0.02464214844166856,0.9877338451520701,-2.4268833681593046e-8,-0.4986107703254836,-0.04054821227881555,0.4548659472979825,1.0388114184358466,-0.3794719886176778,0.6811392345841968,0.1330038502882228,0.5238798461878722,0.3367225014257672,1.0236451139185923,0.7,-0.39413089922319045,-0.4924947324237678,0.7165515797430145
0.7655310621242485,5.035210134579549,1.000000001233962,0.040050658446465576,-0.0009487962894520661,-0.008109849286454753,0.98573332521337,0.00012427966977680602,-0.39983739353473036,0.02464224451137852,0.9877338659634576,1.1135526603101288e-8,-0.49861035360263717,-0.04054812266521721,0.444177681332074,1.035565581541994,-0.3806660213329611,0.6845642992184986,0.1335162312395367,0.5239701527458045,0.47634935314182714,1.0187884395618225,0.7,-0.3941305482909912,-0.4924943326248641,0.7131519076932757
0.7675350701402806,5.0483959788203405,1.0000000014201145,0.04005067074350802,-0.0009487263287114771,-0.008109835605433635,0.9857333259371274,0.00012425458394876482,-0.3998362586742583,0.024642215987363564,0.9877321789239312,1.4621508434562502e-8,-0.49860927596522914,-0.040548096456086286,0.4647468666341266,1.032526328310512,-0.38178824399124683,0.6540847650189682,0.13415995763494792,0.5239237100491337,0.5723665728928303,1.0228066446987658,0.30006211769403274,-0.3941287572700144,-0.4924924271736938,0.3069055277998398
0.7695390781563125,5.061581823064293,1.000000001051501,0.04004959399084886,-0.0009475263576036554,-0.008109354214775506,0.9857332953073321,0.0001245150170986272,-0.39982900788157494,0.024642086102925714,0.9877377483514486,-2.502065390577268e-7,-0.498612083231386,-0.040547134979874846,0.4471819470060391,1.031916255843954,-0.3820011876732775,0.5897839125985779,0.13488027909948758,0.5225476441636375,0.10997461416113724,1.0336188615783193,0.30000002894729483,-0.39412385779639614,-0.49249796624663594,0.3100856883939657
0.7715430861723446,5.074767667306299,1.0000000014609882,0.04004986858055556,-0.0009490378634006664,-0.008109288938883099,0.985733324080146,0.00012458520430563293,-0.39984082103935903,0.024642280807196243,0.9877385352870149,1.7603401051625918e-6,-0.498610948334164,-0.04054781322418602,0.33823995814563745,1.0323746055614782,-0.38182080322775075,0.5371599440248472,0.13559555921847094,0.5213253147589798,-0.32613591995736607,1.033798372675752,0.3000000000005856,-0.39413574392171474,-0.4924973191635984,0.310139511803331
0.7735470941883766,5.087953511540297,1.0000000002596625,0.040049989689969125,-0.0009482559492129749,-0.008109548170394838,0.9857333257546883,0.00012457486747920033,-0.39983452071393355,0.02464267507928035,0.987733782726171,3.8196104614861023e-7,-0.49860720153412685,-0.04054772809787188,0.22310636052750915,1.0323725255381928,-0.3818117497511065,0.4940923226713429,0.1363004779672707,0.5216082408149484,-0.17206521089297666,1.031612978847153,0.3,-0.3941276796697892,-0.49249119275346603,0.3094838936541459
0.7755511022044087,5.101139355759728,0.9999999988835202,0.04005182473653807,-0.0009474638808198407,-0.008109749337181458,0.9857332672751198,0.00012458529130729234,-0.3998432566211286,0.024643593422201737,0.9877446370585021,-1.3377495651359895e-6,-0.49860935342349194,-0.04054885579453814,0.19431206890829514,1.0324977478462234,-0.38175712625831404,0.45884567479593086,0.1370070985855966,0.5226372792349385,0.27674905100404884,1.0356162694866629,0.3,-0.3941406556756718,-0.4924986605870473,0.3106848808459988
0.7775551102204408,5.114325199963384,0.9999999980629046,0.04005201041384454,-0.0009482871796142091,-0.008110029427680526,0.9857333227516427,0.0001245436135070683,-0.39983519290191627,0.024640729638622065,0.9877331347422265,2.3488658312796037e-7,-0.49860759688773815,-0.040549656785334065,0.22764075252620986,1.03392777979179,-0.3812267310878339,0.42999972438604167,0.13768552688461339,0.5228445316529273,0.38529923011638256,1.0452493078511125,0.3,-0.3941280859422956,-0.49249125420478435,0.31357479235533375
0.7795591182364728,5.127511044156917,0.9999999975872561,0.040052519211256174,-0.0009484985870576634,-0.008110196339578062,0.9857333127623973,0.00012451276023378238,-0.3998363879735752,0.024640329229205345,0.9877330545202491,9.79530820798935e-8,-0.49860879487947496,-0.040550045133181896,0.22854139024768358,1.036787064653811,-0.3801827544407589,0.40639212153825627,0.13827555816042345,0.5220196308472531,0.0498385745311324,1.0527435997914807,0.3,-0.3941292329730252,-0.49249239194896605,0.3158230799374442
0.7815631262525049,5.140696888350759,0.9999999986318497,0.04005307318752217,-0.0009503924966132856,-0.008110014592637183,0.9857333443452843,0.0001246247547186687,-0.3998477584956355,0.024639018598777818,0.987736330888789,1.3499084232135672e-6,-0.49861338895757334,-0.04055044408848154,0.16491346782873556,1.0398191475746519,-0.3790821344369462,0.38707160428069876,0.1387426358084399,0.5213964055780472,-0.22747776409288273,1.053327173890845,0.3,-0.39414169807410937,-0.49249861408036416,0.31599815216725347
0.783567134268537,5.15388273254784,0.999999998324542,0.04005138934188002,-0.0009488437152211288,-0.008109967063592459,0.985733316577709,0.00012460496630344216,-0.39983662155900673,0.02464161906863359,0.9877313665869996,2.5229911611986492e-8,-0.49860962543269904,-0.04054870967217729,0.10055745001025533,1.0421800282424607,-0.3782235071631754,0.3712596263972472,0.1391013824253303,0.5218103429161973,-0.09157102604195098,1.0527972085402186,0.3,-0.3941287893356506,-0.4924923677451122,0.31583916256206557
0.785571142284569,5.167068576753646,0.9999999989345254,0.04005174759630502,-0.0009487772956328258,-0.008109791628831898,0.9857332875095856,0.00012460764246401186,-0.39984267702193355,0.024643322872843064,0.9877355735705178,-3.2291705409957597e-7,-0.4986096953299487,-0.040548545395765856,0.09528138983441148,1.0443959229912685,-0.37742039826431556,0.35831906857510243,0.1393715456162851,0.5226403470678183,0.2102850233201781,1.0566875858813127,0.3,-0.39413643658532865,-0.49249452031073115,0.31700627576439383
0.7875751503006011,5.180254420965454,0.9999999993067561,0.04005066632315202,-0.0009487601475984467,-0.00810988509149554,0.9857333195237449,0.00012457079469663525,-0.3998357202096834,0.024642272211437635,0.9877312673825458,-9.387927092494167e-9,-0.4986091761750646,-0.04054804519988987,0.1253590909808325,1.047299283593,-0.3763793422404686,0.3477284813638263,0.13954099570489226,0.5228454970664702,0.2472162282840799,1.063993899920907,0.3,-0.3941278636751867,-0.49249187313130155,0.3191981699762721
0.7895791583166332,5.193440265181249,0.9999999995234959,0.04005069514264797,-0.0009486803082268666,-0.00810989321602479,0.9857333180543605,0.0001245370945083189,-0.39983532378414505,0.024642209733505026,0.9877312813294216,-2.921683039607134e-9,-0.4986088130494699,-0.04054811210935786,0.126228852288842,1.0508861684636381,-0.37510526436423597,0.3390611165948957,0.1395784227988088,0.5224073351527817,0.000528823714475303,1.069139358332993,0.3,-0.39412747913084384,-0.4924915216770262,0.32074180749989784
0.7915831663326652,5.206626109401723,1.0000000002923108,0.040050761543655215,-0.0009497075825308657,-0.008109897464471667,0.9857333615138946,0.00012462964178926148,-0.3998334356927492,0.024641842514688806,0.9877187784432794,-1.70701311969235e-7,-0.49860462564171487,-0.040547479386404024,0.08403064247253295,1.054311120098771,-0.3738938325572037,0.331967722095791,0.1394723766745536,0.5222082275588334,-0.16334236488546344,1.0698374778257027,0.3,-0.39412062690611466,-0.4924811448434953,0.3209512433477108
0.7935871743486973,5.219811953620788,0.9999999997508601,0.040050450257839876,-0.0009487126594762341,-0.008109878654009679,0.9857333521615487,0.0001246422673276937,-0.399828720803097,0.024642808516445312,0.9877188742873252,1.493443936250544e-8,-0.4986028202838314,-0.04054764068650451,0.04690778134918297,1.0571408408309786,-0.37289251577906607,0.326162467966267,0.1392412705743948,0.522715343211397,-0.04162979562489443,1.0703159806297824,0.3,-0.3941160222813966,-0.49247941697278774,0.3210947941889347
0.7955911823647294,5.232997797835874,0.9999999992142503,0.040050742661879246,-0.0009485250877497866,-0.00810970640703821,0.9857333589100603,0.00012467534288126996,-0.39983485424796306,0.0246420115048538,0.9877316452297806,3.8457698974494986e-7,-0.49860762655998475,-0.040548204317623016,0.05077560291613001,1.0598249772092996,-0.3719465665715849,0.3214114347188767,0.13890194226323868,0.5234098820346962,0.15445986545086451,1.073963640903518,0.3,-0.394127153232787,-0.4924905469001162,0.3221890922710554
0.7975951903807614,5.246183642045976,0.9999999987000046,0.04005192441356372,-0.0009482312049087307,-0.008109755083242106,0.9857333135483131,0.0001246812627436007,-0.39984306116714413,0.024643513929426198,0.9877383663408086,-5.979580550317145e-7,-0.49860829767027764,-0.040548836935227435,0.0725747802721412,1.062910216716669,-0.3708688560212834,0.31752317533352653,0.13844799521266046,0.5236271137189716,0.1444366935355479,1.0794652089615853,0.3,-0.39413793788401913,-0.492494521138308,0.3238395626884756
0.7995991983967935,5.259369486249148,0.999999998264443,0.040051509761947976,-0.000948449875225691,-0.008109989754217067,0.9857333531020491,0.00012464031384374583,-0.39983538673632124,0.024641346942252527,0.9877326593799582,1.3414254115890795e-7,-0.4986083293158548,-0.04054905912581973,0.06945459988265208,1.066296574454278,-0.36969566710729124,0.3143410135066301,0.1378627677952275,0.5234707737621377,-0.03471722952452173,1.0829664866463073,0.3,-0.39412808888749923,-0.4924917365435011,0.3248899459938922
0.8016032064128256,5.272555330449071,0.9999999983208738,0.04005178454716481,-0.0009488664488890533,-0.00811026837335013,0.9857333650340545,0.00012460231779001134,-0.399830444296675,0.024640981106709856,0.9877212107030917,-3.569226325413834e-7,-0.49860436924781165,-0.04054901903487124,0.04996046514156571,1.068643766014929,-0.3688794154374285,0.37098537003344456,0.13715350045555422,0.5240086568614385,0.07604926319142744,1.0733899210010567,0.7000011788285909,-0.3941186615009089,-0.4924820967824373,0.7513742100434677
0.8036072144288576,5.285741174648436,0.9999999979476539,0.04005156267299049,-0.0009478099539142531,-0.008110263948292475,0.9857333487976947,0.0001245700653606672,-0.3998277850341447,0.02464016312632034,0.9877318071989903,-2.3098581765259603e-7,-0.4986102646283946,-0.04054932903727454,0.10705827099920488,1.068696470948817,-0.36884902449734075,0.43073354719159335,0.1364003497161051,0.5255618930609658,0.6413252095126263,1.0661968049428963,0.6999999991815091,-0.39412027939505234,-0.49249320840305105,0.7463377625873551
0.8056112224448897,5.2989270188515505,0.9999999987533644,0.040051545574493995,-0.0009487944653229621,-0.008110071195106365,0.9857333427940007,0.00012456211977334482,-0.3998360427658742,0.02464137840313077,0.9877316179420537,-2.9906427093637187e-8,-0.498609973558218,-0.04054891457305737,0.23419875415137353,1.0682450268607404,-0.36899536066570326,0.47963161034088236,0.13566111926186827,0.5262003485232972,0.8574144986376766,1.0671931032843904,0.6999999999999997,-0.39412832187649927,-0.4924928346920301,0.747035172299073
0.8076152304609218,5.312112863062738,0.9999999993849131,0.04005116969308551,-0.0009488305272434399,-0.00811002243290992,0.985733337769954,0.0001245293266452931,-0.39983612930848694,0.02464176930372391,0.9877316684175941,-7.380715955372047e-8,-0.49861008903629567,-0.04054852679758554,0.3186687818668684,1.0682529915593941,-0.3689844888600962,0.5196499214398168,0.13493055578534557,0.5254095334558907,0.4898961845593927,1.0683238762033915,0.7,-0.39412842817876964,-0.4924929721408939,0.747826713342374
0.8096192384769538,5.325298707283811,1.0000000006856464,0.0400510441073246,-0.0009499859453182147,-0.008110207650299494,0.9857333642120913,0.00012450423764388108,-0.399836362591061,0.024641799481804942,0.9877203984538084,-5.787586810452406e-7,-0.49860638042817873,-0.04054772818226405,0.3096644537759841,1.0677188902015384,-0.3691634852453086,0.5524010132419607,0.13420520502309963,0.5246096564126583,0.12198534143066742,1.0612610303517584,0.7,-0.3941241639607608,-0.4924836692807822,0.7428827212462309
0.8116232464929859,5.338484551510858,1.0000000000491003,0.040050807711775376,-0.0009474397784827213,-0.008109602189861597,0.9857332993547709,0.0001246674631920056,-0.3998395750962357,0.024644070443617213,0.9877465106088195,-2.07096692688736e-6,-0.49861448259828084,-0.040547413074071975,0.28019531121382646,1.0655878909552565,-0.3699024949788289,0.5792045953714335,0.1335324719875099,0.5249773067344518,0.2529301150504022,1.0513952563080748,0.7,-0.3941378010615688,-0.4925046313531224,0.7359766794156524
0.813627254509018,5.351670395741094,1.0000000005068252,0.040049874327460315,-0.0009485899159867257,-0.008109662721983492,0.9857333515167362,0.00012463433432057203,-0.39983591266953944,0.024642914951697664,0.9877337049121717,1.6830189522153894e-7,-0.49860919931818376,-0.040547446056814936,0.31216633640296904,1.0624445380823546,-0.37100606736244596,0.601140717771707,0.13296949129750205,0.5259069594308713,0.639304607973129,1.0464353771093735,0.7,-0.39412902307898645,-0.4924931185700531,0.7325047639765614
0.81563126252505,5.3648562399687245,1.0000000000980063,0.040050417788308035,-0.0009484361773360481,-0.00810979146709812,0.9857333513460342,0.00012459953605254624,-0.39983531840585046,0.02464231088330197,0.987733743363035,1.706324350232342e-7,-0.49860853934225424,-0.0405480608896508,0.38792345659540817,1.0595422383380473,-0.3720271033090611,0.6190932994182294,0.13253129759980276,0.5260848351104067,0.7402631066251956,1.0470207455346465,0.7,-0.3941284539463323,-0.4924924859561143,0.7329145218742525
0.8176352705410821,5.378042084189505,0.9999999995281527,0.04005116561009259,-0.0009483970510123812,-0.008109932040585438,0.985733347509044,0.00012456504896174567,-0.3998353773674992,0.024641551183025186,0.9877337665833138,1.784615687219329e-7,-0.4986085361348645,-0.040548819124735784,0.4295167946152095,1.0573194267412762,-0.37280783282883206,0.6337857401832968,0.13219477748050232,0.5253318241831105,0.46801854355373607,1.0467903871255757,0.7,-0.39412852122769415,-0.4924924946834879,0.732753270987903
0.8196392785571142,5.391227928403431,0.9999999991066826,0.04005175043672978,-0.0009484722018548427,-0.008110056403393809,0.9857333405684999,0.0001245319860088253,-0.3998359690769414,0.024641006107757508,0.9877337853959695,1.434169501299573e-7,-0.4986090718843673,-0.04054935862286924,0.41103578344371483,1.0549345022641923,-0.37365091129170974,0.6458100729436126,0.13194684695406547,0.5246827051210792,0.24191590144887715,1.0409843146244822,0.7,-0.3941291118331467,-0.4924930318205825,0.7286890202371374
0.8216432865731462,5.404413772613888,0.9999999990250715,0.04005200857865615,-0.0009486153591086908,-0.008110128891796754,0.9857333321096617,0.00012450012376245904,-0.3998368068969572,0.024640816299818583,0.987733802673436,8.068375437535289e-8,-0.49860985851392786,-0.04054954262115041,0.38642356195437,1.051690244212758,-0.37481149484718485,0.655650818986828,0.1318113287107872,0.5248475733181002,0.359270271040414,1.0337069663853382,0.7,-0.3941299445271349,-0.4924938148721152,0.7235948764697367
0.8236472945891783,5.417599616825771,0.999999999319984,0.040051928542345974,-0.0009487669829118711,-0.008110135789613187,0.9857333238761943,0.00012446903396556548,-0.39983758386458546,0.02464096565568075,0.987733821267562,1.5954889809317807e-8,-0.4986105877469249,-0.04054938970606274,0.4069775652418939,1.0480172751837304,-0.3761362613128762,0.6637045118289192,0.13181727364812773,0.5253236304420332,0.6209576544684086,1.030143342307481,0.7,-0.39413071785051684,-0.4924945418066962,0.7211003396152367
0.8256513026052104,5.430785461043523,0.999999999894613,0.040051611946112585,-0.0009488776636500779,-0.008110087386948881,0.9857333171197702,0.00012443840721164485,-0.3998380812113825,0.02464133101345592,0.9877338396355535,-2.8723175231745572e-8,-0.49861103892278646,-0.040549024564015844,0.45516707813665724,1.044759018160938,-0.37731407768172637,0.6702956755584866,0.13196439608010427,0.525235142989516,0.6702422111581962,1.0303132292185917,0.7,-0.39413121546330376,-0.49249499479517955,0.7212192604530141
0.8276553106212424,5.443971305269769,1.0000000005817384,0.04005121320891688,-0.000948921704574665,-0.008110009339628785,0.985733312411967,0.00012440809452430663,-0.3998382170652433,0.0246417481817885,0.9877338567677251,-4.3403140406674315e-8,-0.4986111293103892,-0.04054861115448674,0.47796756992179024,1.0421180002011934,-0.37826857125329744,0.6756899015564152,0.13222867939197822,0.5245340160832452,0.4776377092209907,1.0295658783675645,0.7,-0.39413135621661605,-0.49249509202112457,0.7206961148572951
0.8296593186372745,5.457157149504845,1.0000000012120476,0.04005087813850661,-0.0009489004465628123,-0.008109931249426208,0.9857333095766617,0.00012437811671846358,-0.3998380417480714,0.02464207334152295,0.9877338692028536,-2.9906929758737834e-8,-0.4986109089108534,-0.040548291970130025,0.4614266178152772,1.0394612510364734,-0.37923426588480574,0.6801045505181796,0.13259653966087426,0.5239487036751166,0.3345788037665471,1.0250498241841604,0.7,-0.39413118831024596,-0.49249488107259387,0.7175348769289122
0.8316633266533066,5.4703429937471535,1.0000000016687016,0.0400507006813333,-0.0009488358312663078,-0.008109875978247843,0.9857333078933517,0.00012434864121139774,-0.39983769085495946,0.024642222894966592,0.9877338725207474,1.4831214458107814e-9,-0.49861051338745693,-0.04054814866035318,0.44372294680885804,1.0363202243483136,-0.38038737150569013,0.6837175110174869,0.1330803605621928,0.5239244875845271,0.4256339996593411,1.0196978334222606,0.7,-0.394130843640488,-0.49249449332788864,0.7137884833955824
0.8336673346693386,5.483528837994038,1.0000000018994197,0.040050683359331894,-0.0009487336867897462,-0.00810984434605348,0.9857333086034537,0.0001243216483891429,-0.39983637413213036,0.02464224263290543,0.9877324048982936,2.3485022094456044e-8,-0.49860950747486094,-0.04054810360222679,0.4578501983844545,1.033026087744474,-0.3816048705467576,0.6735576925884129,0.13369556279332304,0.5240631124185644,0.5948076242692327,1.0188590850788057,0.31426737788233106,-0.39412896097761385,-0.4924927688755712,0.32019417309930714
0.8356713426853707,5.496714682243531,1.000000002017785,0.040051409477836634,-0.0009487838396437664,-0.00810925076554006,0.985733279850206,0.00012449486215350476,-0.39983730740449736,0.024642660521306814,0.9877325541526552,7.36048152226862e-7,-0.49860887577153673,-0.04054805904462251,0.4612863259709907,1.031731969145852,-0.38207304947761495,0.6057206123209518,0.13441136960565644,0.5229963939025104,0.26797535389649607,1.0315919316554478,0.3000000126695594,-0.3941299210844295,-0.49249224823432786,0.3094775925664496
0.8376753507014028,5.509900526493937,1.000000001367839,0.04005018358825905,-0.0009469976993935922,-0.008109634869613074,0.9857332639658357,0.00012453518947777331,-0.39983236431227165,0.024643349198975584,0.9877438658268196,-1.735377816202711e-6,-0.4986132633446416,-0.04054718639221801,0.373059335009513,1.0321382333497136,-0.38191061385374225,0.5502025637072905,0.13513691321801144,0.5215298974715381,-0.258287791492111,1.034389901713887,0.30000000000066224,-0.39412964190294564,-0.4925021219238746,0.3103169705148511
0.8396793587174348,5.523086370739756,1.0000000013979957,0.040050242229933496,-0.0009484647544081072,-0.008109448112350827,0.9857333077800257,0.00012458022192163778,-0.39983517306668226,0.024642563615974063,0.9877331722100141,7.399085307438178e-7,-0.49860758273346073,-0.040547715438766695,0.24753280380062234,1.0322764024077535,-0.3818498661076915,0.5047664493140234,0.13584798382879296,0.5213964894828993,-0.26843767962967185,1.0316420432757047,0.30000000000000004,-0.39412806851323684,-0.4924912793828888,0.30949261298271147
0.8416833667334669,5.536272214976709,1.0000000006590504,0.04005022772211919,-0.0009483135508660368,-0.008110122736657878,0.9857333367786573,0.00012454662827993213,-0.3998222927159164,0.024641881054295278,0.9877138333939371,-2.309912180641123e-7,-0.49860008023091973,-0.040547607922128096,0.19256377981713718,1.0322427354492185,-0.3818541469409448,0.4675813965557599,0.1365604212052183,0.5223902873509709,0.16761306583029278,1.0336935778964087,0.3,-0.3941076896665762,-0.492474187209265,0.3101080733689226
0.843687374749499,5.5494580591989795,1.0000000000096185,0.04005198759637486,-0.0009492933260660568,-0.008109949855801218,0.9857333228432755,0.00012456385841300708,-0.39984476933493535,0.02463952813932969,0.9877422034867375,1.8639846319604434e-6,-0.498612943987306,-0.04055043670998714,0.21801859672762516,1.033246167370982,-0.3814784865667048,0.43714908420065207,0.13725723015525565,0.5229178773271727,0.4099047035076988,1.0423504641751893,0.3,-0.3941410928582763,-0.4925011235664217,0.3127051392525568
0.845691382765531,5.562643903411772,0.9999999989370971,0.0400521213556515,-0.0009484621257661678,-0.008110028873284065,0.9857333081377561,0.00012455166528391794,-0.3998360288664777,0.024640690941756013,0.9877331858240432,2.2086080833948638e-7,-0.49860848196802326,-0.04054969039364324,0.23529038735758862,1.0358090547065955,-0.3805393434753011,0.4122431671477042,0.13788172878123933,0.5222811240143832,0.15932248087340306,1.0513046821297563,0.3,-0.39412892908920816,-0.49249215332900304,0.31539140463892684
0.8476953907815631,5.575829747620226,0.999999998728625,0.04005383897156486,-0.0009481674974369671,-0.008109703158889096,0.9857332537524744,0.00012466279551484055,-0.39984587261848004,0.024642934864789145,0.9877418237548085,-9.231990104373276e-7,-0.4986107787322217,-0.04054976463905585,0.18556111287763483,1.038934768238815,-0.37940294931110136,0.391860107431677,0.13838717187985836,0.5214687123052868,-0.18965496550310224,1.053502702488761,0.3,-0.39414209421089946,-0.49249868249326734,0.31605081074662833
0.8496993987975952,5.589015591830626,0.9999999991248832,0.040051480438472856,-0.0009487880515113658,-0.008109885652584015,0.985733316899041,0.00012464507726748562,-0.3998356764718881,0.024641310188956104,0.987730919825116,2.9059029690145923e-7,-0.4986089570746118,-0.04054880631620595,0.11311698061807939,1.0414712334428664,-0.378481327616055,0.37517855682820406,0.13877738239021167,0.521608200221605,-0.1636385507091682,1.0524957928470033,0.3,-0.39412767452821207,-0.4924914955874377,0.315748737854101
0.8517034068136272,5.602201436045678,0.9999999989719747,0.04005017116640107,-0.0009472587820347074,-0.008110316123143028,0.985733313775912,0.00012460564684540544,-0.399822033899021,0.024641143189118756,0.9877280675070788,-5.945528522848825e-7,-0.4986085753213302,-0.04054825349680886,0.09066606831861901,1.0436327924294992,-0.37769619467146076,0.3615263277783883,0.13907615463076742,0.5224426895331343,0.14146399852650238,1.055030019748803,0.3,-0.3941131353166476,-0.49248966043651543,0.3165090059246409
0.8537074148296593,5.615387280263139,0.9999999996663549,0.040050859185697264,-0.0009486726348226203,-0.008109832569761317,0.9857333275648893,0.0001246437072185879,-0.39983498613745083,0.02464193833579357,0.9877315894607299,1.5623843727670327e-7,-0.4986091669750979,-0.04054828926210668,0.117701335995195,1.0463051351013668,-0.37673482622744,0.35035331412937454,0.139280654134884,0.5228723686699921,0.2744276683976895,1.0618696453687948,0.3,-0.3941272663232129,-0.4924920313512053,0.31856089361063844
0.8557114228456913,5.628573124483089,0.9999999997744577,0.040050773615886576,-0.0009486089306339625,-0.008109906632620182,0.9857333240095547,0.0001246107354964567,-0.3998349696505524,0.024642060887198846,0.9877318048281871,3.591444299890383e-8,-0.4986089858215562,-0.040548245316411144,0.13104331547019904,1.0497752651313461,-0.3754992844398642,0.3412092867456261,0.13936111682371902,0.5225357988361542,0.07552925949973066,1.0681280697101885,0.3,-0.3941273391507565,-0.4924919549253453,0.3204384209130565
0.8577154308617234,5.641758968704867,0.9999999998752597,0.04005170047192059,-0.0009486879264236636,-0.008109487675595632,0.9857333256236432,0.0001247093911238163,-0.3998371773557305,0.024642038225157,0.9877327526112617,7.862485620664017e-7,-0.49860868426875327,-0.04054855036509045,0.09726472244430175,1.0533268741883586,-0.3742417228523445,0.33372579041939066,0.13929762339467433,0.5221857448436796,-0.147047329769792,1.069778410113823,0.3,-0.3941298714189074,-0.4924921600698946,0.3209335230341469
0.8597194388777555,5.654944812927913,0.9999999998812612,0.04005117895383602,-0.0009485155422909217,-0.008109697524481528,0.98573331987816,0.0001247473395808626,-0.3998452592165383,0.024641893579330575,0.9877468145709724,1.5562242504258614e-7,-0.4986145876681812,-0.04054871837459073,0.05324986293664814,1.0563006190204063,-0.37318933787990377,0.32760127854241716,0.13910266952252487,0.5225189004127947,-0.09584507665872725,1.069814805225323,0.3,-0.3941434600064236,-0.49250497697815465,0.3209444415675969
0.8617234468937875,5.668130657148144,1.0000000000335179,0.040051506301436494,-0.0009493923415133669,-0.008109742244877248,0.9857333491076434,0.00012477895739110647,-0.3998474077774272,0.02464251308227333,0.9877386733084795,4.757014971819951e-8,-0.49861064000092453,-0.040548571800698416,0.04602322778223562,1.058957159640112,-0.3722516518424744,0.32258896008076454,0.1387969641897767,0.5232441723601069,0.11432450683009499,1.072548804068258,0.3,-0.3941423208968759,-0.49249701398090673,0.3217646412204774
0.8637274549098196,5.681316501362063,0.9999999990383039,0.04005124683489897,-0.000948414944816161,-0.008109716028332358,0.9857333715059401,0.0001247845703814804,-0.39983561061007655,0.024642051887960505,0.9877327573275766,4.390564320686447e-7,-0.49860767594526095,-0.040548577723884364,0.06771943271304283,1.0619122184581284,-0.3712166384153101,0.3184868641482182,0.13838040390820594,0.5236165180525909,0.17202510517888245,1.0779154356778844,0.3,-0.3941283405952289,-0.49249115238922125,0.3233746307033653
0.8657314629258517,5.694502345569035,0.9999999984855835,0.040051249288838506,-0.0009483533764851766,-0.008109971832069787,0.9857333736736338,0.0001247492591793274,-0.39983398957338545,0.02464145818641246,0.9877323514839215,1.3904370838403122e-7,-0.4986081387616074,-0.040548851612783376,0.0738034715369211,1.0652697165623388,-0.37005100769939786,0.315129698981326,0.13783635086327664,0.5235037883692157,0.01511186035770868,1.0822499773257472,0.3,-0.3941265911948794,-0.49249139500608663,0.32467499319772414
0.8677354709418837,5.7076881897701295,0.9999999981615225,0.040051694588914756,-0.0009484501875570118,-0.008110106968566762,0.9857333674504922,0.0001247104902659563,-0.39983388153491944,0.024640960496259273,0.9877320547543261,5.212640116143704e-8,-0.4986084943038848,-0.040549262528198,0.051489339493139635,1.0681706792315706,-0.3690455619572295,0.35293559401579755,0.13716034018347123,0.523688039916683,-0.02537305322912936,1.0765393518666704,0.6999899942658417,-0.3941263685356519,-0.492491594710424,0.7535667747401036
0.8697394789579158,5.72087403397015,0.9999999985838334,0.04005278848570271,-0.0009494090261333531,-0.008110174706332173,0.9857333479370962,0.00012468857527624065,-0.39984737260215136,0.024640604284888668,0.9877402335177511,1.3808138776225578e-7,-0.4986128612878719,-0.040550119959542955,0.08163724864748666,1.068684168183061,-0.36885639295594996,0.4159615459380354,0.13641508663068477,0.5251499639611634,0.4931459544856771,1.0671139254045388,0.6999999948172424,-0.39414290837931754,-0.49249998964265346,0.7469797422525843
0.8717434869739479,5.734059878171826,0.9999999986145359,0.04005176867695383,-0.0009488021847362806,-0.008110112579063066,0.985733357448499,0.00012465949210548627,-0.39983611108180284,0.024641175068732698,0.9877313349964489,-6.951860500833585e-9,-0.498609789537317,-0.040549124588129815,0.19949275150549411,1.0682016938048648,-0.3690127482181367,0.46754218556675414,0.13567573860338136,0.5261795849416124,0.8651261764230613,1.06628560542708,0.6999999999999954,-0.3941282754337507,-0.4924925127801007,0.746399923798951
0.8737474949899798,5.747245722381212,0.9999999992786083,0.040051321357534045,-0.0009488668965869353,-0.008110071916297305,0.9857333512054972,0.00012462487944463766,-0.3998363352252944,0.02464165038253119,0.9877313745953854,-8.093292183686772e-8,-0.49861004713349527,-0.040548650359567576,0.30563935700581135,1.0681132564786122,-0.36903477709544974,0.5097559039351564,0.13494972500082933,0.5256843884504786,0.6201329013497219,1.0685849916338153,0.7,-0.39412851347008226,-0.49249278396051643,0.7480094941436707
0.8757515030060119,5.760431566599582,0.9999999999462377,0.04005096884753738,-0.0009488634849199169,-0.008109999742646971,0.9857333470619656,0.00012458974416371235,-0.399836208934148,0.024641996286005996,0.9877314085527276,-8.301885122566657e-8,-0.4986099537811815,-0.04054830741332326,0.3185602534884491,1.0678807751143322,-0.3691083130280739,0.5443037237697143,0.13422524724075366,0.5247144447272607,0.17998207406690941,1.063722598066199,0.7,-0.39412840277687994,-0.4924927086004229,0.7446058186463393
0.877755511022044,5.773617410828948,1.0000000010515828,0.040050339997414995,-0.0009496038654507586,-0.008109896618824804,0.985733388762506,0.00012468983831367354,-0.3998315256089361,0.02464216144713646,0.9877172507848981,-1.9109738105717572e-7,-0.49860469023875886,-0.04054711333631114,0.2840561370965568,1.0661851824467998,-0.36969461768346257,0.5725777544409578,0.13353684141410016,0.5247544138325766,0.17068438847242443,1.0536454306976601,0.7,-0.3941181375356847,-0.4924804461226355,0.7375518014883621
0.879759519038076,5.786803255060584,1.0000000007163041,0.04004977593601947,-0.0009486086179652118,-0.008109629007221578,0.9857333651508667,0.00012472339611641436,-0.3998352459862661,0.02464303501734967,0.9877328808374567,1.210817800123413e-7,-0.4986091772493385,-0.040547280523706646,0.29665928249901496,1.0631901093524947,-0.37074351651712156,0.5957172912731444,0.13294569531544867,0.5256709639417473,0.5450289400865932,1.04699354401467,0.7,-0.3941280388790063,-0.4924926839660201,0.732895480810269
0.8817635270541081,5.799989099292032,1.0000000004062324,0.04005015579111766,-0.0009484262546579378,-0.00810976148955035,0.9857333656200292,0.0001246872680856947,-0.3998345227008891,0.024642580152280564,0.9877330075701604,9.74186471396522e-8,-0.49860836549947896,-0.040547754485101964,0.3678837899749992,1.060125440312216,-0.37182197893926355,0.6146547526521065,0.13248023077566398,0.526134452125171,0.7583296749635986,1.0464858107944908,0.7,-0.3941273787255819,-0.4924919444045495,0.7325400675561435
0.8837675350701402,5.813174943517229,0.9999999998289396,0.04005091763739316,-0.0009483485562947824,-0.008109901796802804,0.9857333625494491,0.00012465046702049912,-0.3998344312370056,0.024641785188677382,0.9877331099982647,1.2623643139342838e-7,-0.4986081884632258,-0.04054855307068836,0.42492835412964286,1.0577650149805178,-0.37265135869067845,0.6301532216281144,0.13212388478321266,0.525557111208952,0.5574349515221139,1.0472576168288676,0.7,-0.3941273291895243,-0.49249182178008755,0.7330803317802073
0.8857715430861722,5.826360787734864,0.9999999993165353,0.0400515957213036,-0.0009483949032685042,-0.008110038895046235,0.9857333559877468,0.00012461510221525727,-0.39983495356650384,0.02464113035571797,0.9877332036881563,1.1096362321075832e-7,-0.498608631197582,-0.040549204835970486,0.4196214986562039,1.0555329848999118,-0.3734383340987622,0.6428372100349088,0.1318558926578475,0.5247669342514435,0.27234760358497406,1.0428546962742287,0.7,-0.39412788102148527,-0.49249230517884074,0.72999828739196
0.8877755511022043,5.839546631947541,0.9999999991104002,0.04005197100665373,-0.0009485284882043958,-0.008110131910980135,0.9857333473439538,0.00012458110703056363,-0.3998358227105461,0.02464081652891354,0.9877332926643632,5.969036110822377e-8,-0.4986094268720374,-0.04054951455651458,0.38966015814993876,1.052521437779725,-0.37451262070686125,0.6532178200256588,0.13169138370587744,0.5247153992971184,0.29798350725725453,1.0353253155726594,0.7,-0.3941287729454238,-0.49249313337822365,0.7247277209008616
0.8897795591182364,5.852732476160039,0.9999999992956833,0.040051988075044315,-0.0009486893109986512,-0.008110159097040995,0.9857333384002255,0.00012454807507287228,-0.3998367185013781,0.024640870547112618,0.9877333789049575,-1.5519934533801665e-9,-0.4986102526819832,-0.04054945821921954,0.39679325220561185,1.0488785516270676,-0.3758246833354224,0.6617133389679363,0.13166254436192754,0.5252044012590934,0.5600390618658183,1.030523192964729,0.7,-0.3941296901440626,-0.49249398957529744,0.7213662350753102
0.8917835671342684,5.865918320377249,0.9999999998095929,0.04005172164026374,-0.0009488210092690306,-0.008110124081919986,0.9857333306834786,0.0001245156175221934,-0.3998373801279304,0.024641192978894482,0.9877334645381357,-4.861575909105596e-8,-0.4986108474157614,-0.04054913696317839,0.44273976124338027,1.0454502350915678,-0.3770641311925637,0.6686660943607969,0.1317782115694095,0.5253174348661901,0.68764221368778,1.0300249838964377,0.7,-0.39413037632886755,-0.4924946178029387,0.7210174887275064
0.8937875751503005,5.879104164602528,1.0000000004944387,0.04005132058235372,-0.0009488892904257373,-0.008110049745549136,0.9857333249910774,0.00012448351611689165,-0.39983767864533526,0.024641620406995652,0.9877335460694495,-6.737011784673407e-8,-0.49861107967083373,-0.04054871425880069,0.47631380698853043,1.0426848800251716,-0.3780635671418305,0.6743562479439579,0.13201789089584545,0.5247246184969601,0.5383225740851832,1.030032085694373,0.7,-0.39413070294703906,-0.49249488710101774,0.7210224599860611
0.8957915831663326,5.892290008836929,1.0000000011696286,0.04005094458928736,-0.0009488874291973884,-0.0081099663144919,0.9857333213544541,0.00012445177420517328,-0.3998376288346,0.02464199166381582,0.9877336204180405,-5.605433895128369e-8,-0.49861096367906366,-0.040548350088750115,0.46802466238068124,1.0401082948865574,-0.37899817003330194,0.6790130848336068,0.1323620000366242,0.5240332125454589,0.35154728654195927,1.0264343807432703,0.7,-0.3941306833035286,-0.4924948100619387,0.7185040665202892
0.8977955911823646,5.905475853079334,1.0000000016950894,0.040050707950736335,-0.0009488326738191979,-0.008109900526004974,0.9857333191810181,0.00012442050914402369,-0.3998373498524458,0.024642201836351428,0.987733685886992,-2.3415996041190307e-8,-0.49861061992639516,-0.04054814799631276,0.44595900297173574,1.0370984062332465,-0.38010052043826276,0.6828242525813141,0.13281701680936422,0.523864327836457,0.38183971569924335,1.020866101513595,0.7,-0.39413043417982285,-0.49249450449282106,0.7146062710595164
0.8997995991983967,5.918661697327275,1.0000000019596804,0.0400506176370359,-0.0009486454895901243,-0.008109867809919086,0.985733319734182,0.00012439142737722002,-0.3998356094415266,0.02464226452429467,0.9877330192904878,-1.0254929388741853e-7,-0.4986100327389236,-0.040548060433782965,0.4509744281520248,1.0337694357521896,-0.381329703691336,0.6859433225268458,0.1334006910063952,0.5240418190939836,0.5632458097396101,1.0173387469539512,0.7,-0.39412845748168635,-0.49249358892757106,0.7121371228677658
0.9018036072144288,5.931847541578723,1.0000000018265802,0.040050196099124184,-0.000947705384774052,-0.008110087499391001,0.9857333190713605,0.00012437805044518383,-0.3998278020002685,0.024641799523529875,0.9877317645045033,-6.444533239078365e-7,-0.49860972517271046,-0.040548055925331374,0.46787678066329447,1.0317132452282878,-0.382083547866094,0.6225047267554416,0.13410248539880767,0.5233862816431561,0.41018794864443575,1.028767944136468,0.30000037911498256,-0.3941202888004914,-0.49249263751261735,0.3086307732622816
0.9038076152304608,5.945033385831365,1.0000000027413845,0.040050008581074326,-0.000949710864773488,-0.008109773028680925,0.9857333262609427,0.00012454911077869031,-0.3998358646417952,0.02464275624742426,0.9877222445770069,-2.1596859061193836e-7,-0.49860562729548596,-0.040546857605246386,0.4048862986377554,1.0319082604179903,-0.3819993085414484,0.5639387397164786,0.13483526066035253,0.5218164228501474,-0.14820496318005077,1.0346007650120086,0.29999999999915644,-0.394124403087997,-0.4924838605941762,0.3103802295027298
0.9058116232464929,5.958219230080716,1.000000001153333,0.04004958556069477,-0.0009468129740876537,-0.00810962048581321,0.9857332700780148,0.00012464721423041073,-0.3998346164342761,0.024643835820429647,0.9877468886004503,-2.0290261497635395e-6,-0.49861321379076345,-0.04054705933090879,0.2777081531345546,1.0322036786555806,-0.3818788124628796,0.5160081668635135,0.1355524437898591,0.521249606137371,-0.3289795160710917,1.0321198693726608,0.3000000000000009,-0.3941330731449826,-0.49250356826585406,0.3096359608117991
0.907815631262525,5.971405074320552,1.0000000008153134,0.040050409084489626,-0.000948284599865615,-0.008109713595211815,0.9857333190189957,0.00012461788597609987,-0.39983436343160395,0.024642106958634658,0.987733851389464,4.076501073267896e-7,-0.49860784966318467,-0.04054819884512131,0.1972845571751698,1.0321082764532419,-0.3819057058958689,0.47678166279927575,0.1362678147661321,0.5220798953797551,0.04259411833718333,1.0323351912456116,0.3,-0.3941275519067147,-0.4924918682103139,0.30970055737368346
0.909819639278557,5.984590918549063,0.9999999998533082,0.04005137953057412,-0.0009482617283508866,-0.008109859416190328,0.9857333202405034,0.00012461452576230115,-0.39983473663785735,0.024641274764383266,0.9877337826978749,3.437520966730923e-7,-0.4986077973691176,-0.040549099385558104,0.20768414631532683,1.0327307469518363,-0.3816691552809906,0.4446785846415983,0.1369769097547426,0.5228728092534298,0.39451684730030306,1.0395403171498185,0.3,-0.3941278933576082,-0.49249177971689195,0.31186209514494556
0.9118236472945891,5.997776762766244,0.9999999992106124,0.040052311589725505,-0.000948487962741212,-0.00810995111435912,0.9857333216428834,0.00012461122446172344,-0.399835731077015,0.024640420666810218,0.9877329844787626,6.02723084279462e-7,-0.4986080987524098,-0.04054978362549177,0.23660069657692806,1.0349174314990706,-0.3808648944085996,0.4184053400231384,0.13763045234824298,0.5225062210413879,0.2611155847928682,1.0493474955512125,0.3,-0.3941285462957149,-0.49249168990628994,0.3148042486653638
0.9138276553106212,6.010962606977838,0.9999999989099402,0.04005101796901245,-0.0009480775745309215,-0.008110665723326495,0.9857333341930583,0.0001245514305450891,-0.3998214252880893,0.024640220107006276,0.9877154500316521,-3.390774989808753e-7,-0.4986026652197516,-0.04054911518789769,0.20442519333843637,1.0380436704802174,-0.37972721263507425,0.3969032379235967,0.13817295315783323,0.5215967652989423,-0.12109811003465751,1.0534804832837463,0.3,-0.3941074858028343,-0.49247754211521555,0.3160441449851239
0.9158316633266532,6.024148451187849,0.9999999991004715,0.04005225663373169,-0.0009484185821556506,-0.008109833788275253,0.9857332677884476,0.0001247155832242341,-0.39984575744028245,0.024643412373838453,0.9877401576915577,-8.795487272524293e-7,-0.4986105141053097,-0.040549060904517174,0.12980051863661426,1.040777516886505,-0.3787333960302374,0.37930587517083475,0.1385948163302401,0.5214409232940109,-0.213199405307817,1.052535886535563,0.3,-0.3941413135438648,-0.4924975921641723,0.3157607659606689
0.9178356713426853,6.037334295403074,1.0000000003072285,0.040051701333589915,-0.0009503780816703299,-0.00811009170914279,0.9857333438282162,0.00012469111106494412,-0.3998476866571532,0.0246404712306064,0.987736321762787,7.632181888190403e-7,-0.4986131970099044,-0.040549191789530446,0.090078057968285,1.0429561574803963,-0.3779420125980203,0.36490414597587284,0.13892014013414677,0.5221914042255666,0.0585786850436391,1.0537654087611255,0.3,-0.39414163785130235,-0.4924983961448276,0.3161296226283376
0.9198396793587174,6.050520139621456,0.9999999997670347,0.04005142137844487,-0.0009486972159239605,-0.008109774202240587,0.9857333159276755,0.00012470422328284792,-0.39983901373855796,0.024642713214241864,0.987733577074205,-3.407379869418414e-8,-0.4986091170181976,-0.04054847612067614,0.10893734719674071,1.0454224690689717,-0.37705131749594556,0.3531177212971878,0.13915544526292128,0.5228175272254462,0.27469342743164993,1.0597546356355894,0.3,-0.394132027632369,-0.49249296533255454,0.3179263906906768
0.9218436873747494,6.063705983842603,0.9999999998829117,0.04005075079924482,-0.0009486417950479205,-0.008109904338322897,0.9857333317867304,0.00012466791082653802,-0.39983508469141055,0.02464211264032438,0.9877314734054893,4.348096168611817e-8,-0.49860887242251384,-0.04054819808849279,0.1320555905240354,1.0487176848474202,-0.37587502908057335,0.3434716849018453,0.13927544217299392,0.5226450796889921,0.148833115033669,1.0667832251352192,0.3,-0.3941273196066649,-0.4924916779740139,0.32003496754056576
0.9238476953907815,6.07689182806629,0.9999999993667259,0.04005050875738985,-0.0009468492632401491,-0.008110200465131896,0.9857333118205244,0.00012465957533421538,-0.3998276341762227,0.024641644922225876,0.9877398109934067,-1.5869420422347775e-6,-0.49861265393115894,-0.040548265869425344,0.10973584265267847,1.0523428763150486,-0.3745898198211312,0.33557734209795287,0.13925364737430618,0.5222014100960601,-0.10827492239543338,1.0696477052390347,0.3,-0.39412336417744837,-0.492499504205136,0.3208943115717104
0.9258517034068136,6.090077672290468,1.0000000003073004,0.040050930494531324,-0.0009491214126343775,-0.008109822115436732,0.9857333469995526,0.00012475565846023308,-0.39983418015753397,0.02464309436834974,0.9877213501993979,8.42930019418566e-8,-0.49860363078643394,-0.040547832712422335,0.06266032975347952,1.0554839164706085,-0.3734786232665115,0.3291165917474624,0.13909459064404642,0.5223371448298716,-0.13718042646717532,1.0695859856007173,0.3,-0.3941223809352169,-0.49248145483259714,0.3208757956802152
0.9278557114228456,6.1032635165128255,0.9999999996146368,0.04005018930737442,-0.0009480283965984488,-0.008109955514790698,0.9857333749405857,0.0001247733168952319,-0.399823999325277,0.024641851846398433,0.9877214400181868,3.909351748927775e-7,-0.49860409340694817,-0.04054793279192629,0.04366559938233462,1.058162916902591,-0.3725313798650187,0.3238290957605054,0.13882052231015746,0.5230330599999222,0.06166661197180927,1.0713989110753577,0.3,-0.3941123944775321,-0.4924819689904866,0.3214196733226073
0.9298597194388777,6.11644936073036,0.9999999988669003,0.040050329650690136,-0.0009472607069265025,-0.00810996918887325,0.9857333782245215,0.00012480647349806154,-0.39982608607660824,0.024640996394341967,0.987734825764494,-2.62268493982491e-7,-0.49860977813346263,-0.04054825694694457,0.06161681272430983,1.0609970050322979,-0.3715360608554608,0.3195017962704821,0.13843800567434852,0.5235509485487081,0.18215252097673706,1.076334582686288,0.3,-0.39411981554048203,-0.49249423169459844,0.3229003748058864
0.9318637274549098,6.129635204940083,0.9999999987157664,0.040051122724984664,-0.0009483563015705556,-0.008109937129008047,0.9857333823823233,0.00012480074668920485,-0.3998338068039483,0.024641589623226483,0.9877319408810518,1.7818382159356042e-7,-0.4986078684282767,-0.040548721416478965,0.07561030303040146,1.064282845404533,-0.37039298471938503,0.31596032250246103,0.13793257677460605,0.5235293080157818,0.06702168816534776,1.0813296954026084,0.3,-0.3941262462285782,-0.492490924846352,0.3243989086207825
0.9338677354709418,6.142821049143747,0.9999999983348199,0.04005164181233742,-0.0009484723799185643,-0.008110079777673543,0.9857333732779665,0.00012476251657412643,-0.3998351965888412,0.024641143167610843,0.9877323193076674,1.236341786009923e-7,-0.4986084021948293,-0.04054919251390526,0.05736174053962348,1.0675387709888662,-0.36926600193053855,0.33387810345071833,0.1372927058234887,0.5234706636596106,-0.07570423016928336,1.0800848175724378,0.698137613281517,-0.39412776616920653,-0.4924916385394551,0.7540478366816245
0.9358717434869739,6.156006893345149,0.9999999983022947,0.04005212774337842,-0.0009486795983969346,-0.008110288818510837,0.9857333751713024,0.0001247043753540731,-0.3998301248719601,0.024640824597320192,0.987722415387663,4.916395616646379e-8,-0.498605048332725,-0.04054944028811806,0.06343404795217959,1.068653577631208,-0.36887016817754953,0.4003648745923401,0.13655901586731195,0.524688372807865,0.3323268936471969,1.068744499046758,0.7000000434572944,-0.39411881897688317,-0.4924833846572525,0.7481211957774749
0.937875751503006,6.169192737546863,0.9999999985786936,0.040051945941325474,-0.0009488103946722385,-0.008110113028093325,0.9857333672463114,0.00012470641301315016,-0.39983587882905897,0.024640925765770497,0.9877309580181188,8.625023170555491e-8,-0.498609487932429,-0.04054928009310654,0.1638649911202185,1.0682503611041032,-0.36899851385176746,0.45477780435086723,0.13581773573252137,0.5260232658614371,0.8229113438237994,1.0657053622873716,0.6999999999998294,-0.39412789399444936,-0.49249203068980657,0.7459937536009783
0.939879759519038,6.1823785817552865,0.999999999202559,0.040051437665867794,-0.0009488783252571506,-0.008110097000569975,0.9857333581643882,0.00012467198176157593,-0.39983651618137867,0.024641559102443457,0.9877312386786765,-8.223750915845321e-8,-0.4986099272958324,-0.040548750347415105,0.2851336414375153,1.068020065224039,-0.36906913256169555,0.49930950028283083,0.13509290669522087,0.5259108779770554,0.7350986498218578,1.0682877281986485,0.7,-0.394128637192725,-0.49249259777076915,0.7478014097390538
0.9418837675350701,6.1955644259725915,0.999999999884623,0.040051056669561734,-0.0009488908970679405,-0.00811002627556287,0.9857333534325327,0.00012463588890909458,-0.3998364508716502,0.024641941670632918,0.9877312526072496,-9.577670760332986e-8,-0.4986098989828762,-0.04054837080904366,0.3237905440959155,1.0679780084681105,-0.3690763129540671,0.5357543591411638,0.13436988737897293,0.5248913078929891,0.2733869511295868,1.0658250860561522,0.7,-0.39412857875394147,-0.49249257620114106,0.7460775602393065
0.9438877755511021,6.208750270199395,1.0000000005383054,0.04005180503714533,-0.0009488842266863202,-0.008109478564334525,0.9857333418007851,0.00012473561560099472,-0.39984061886848915,0.02464300588066335,0.987734041092154,3.890554991395342e-7,-0.4986097200273869,-0.040548301985120036,0.29187970410926195,1.0667346039421266,-0.3695030811569895,0.5655809285065148,0.1336685306483456,0.5245916361146702,0.11907900163141687,1.0562325786740463,0.7,-0.39413378168908375,-0.49249380946601823,0.7393628050718324
0.9458917835671342,6.221936114433046,1.0000000008109284,0.04004986306140124,-0.0009486679241376183,-0.008109585449786651,0.9857333723118229,0.00012476704076087023,-0.39983510922041665,0.024642947873041318,0.9877325088872727,1.9021839860023487e-7,-0.49860936309200377,-0.04054732419618942,0.28593610529507213,1.0639840116811818,-0.37046438190377073,0.5899910727832698,0.13304927565337182,0.525387914400917,0.4373543671012422,1.0480839062600646,0.7,-0.3941277539367309,-0.49249268487439707,0.7336587343820452
0.9478957915831663,6.235121958666543,1.0000000006086416,0.04004997758821204,-0.0009484596681003135,-0.008109734250509664,0.9857333724683488,0.00012473153552182428,-0.39983431179142453,0.024642767392684964,0.9877326484571746,9.085631966941125e-8,-0.49860843253125886,-0.0405475519971283,0.34670692991800206,1.060818878646378,-0.3715778601839293,0.6099684002044149,0.13255306892859328,0.5260912084296994,0.742952319610121,1.0461117075039617,0.7,-0.39412702777649183,-0.4924918312911821,0.7322781952527732
0.9498997995991983,6.24830780289478,1.0000000000594245,0.040050699022643424,-0.0009483421629325343,-0.008109869794678285,0.9857333704354745,0.00012469363159502237,-0.39983392736570095,0.024641999158743256,0.9877326646273971,1.0936419526233344e-7,-0.4986080297881194,-0.04054832123204176,0.4153452517495813,1.0582726042069175,-0.372473137631478,0.6263178983129877,0.1321730979711386,0.5257579568899833,0.6404128717181302,1.047339189812792,0.7,-0.3941266558024324,-0.4924914423017703,0.7331374328689543
0.9519038076152304,6.261493647115282,0.9999999994909705,0.0400514281482631,-0.0009483514475218818,-0.008110012160328287,0.9857333646535564,0.0001246569993212208,-0.3998342075689058,0.02464128145040537,0.9877326790567686,9.37668292637931e-8,-0.4986082926221774,-0.040549032937989275,0.42632291581889226,1.0561183749967784,-0.37323116356763475,0.6396983712243787,0.13188425172351834,0.5249038855206642,0.3281846188899986,1.0445293574823709,0.7,-0.3941269377785718,-0.49249170847377877,0.7311705502376595
0.9539078156312625,6.274679491329754,0.9999999991799708,0.04005189427837128,-0.0009484620499903661,-0.00811012018154834,0.9857333563036962,0.00012462183672870894,-0.3998349271399852,0.024640870873697433,0.9877326948044346,3.7678908546966086e-8,-0.4986089948763196,-0.04054943538127405,0.39598557189694794,1.053353161602495,-0.3742145021681131,0.6506489859859004,0.13169131405901113,0.5246194791017963,0.255584216783412,1.0372151373939502,0.7,-0.39412765342507894,-0.4924924076907761,0.7260505961757651
0.9559118236472945,6.2878653355426195,0.9999999992552396,0.04005200171475153,-0.0009486163733648716,-0.008110165296254966,0.9857333471835105,0.00012458777058045882,-0.39983576355709044,0.024640836010099476,0.987732716049212,-3.4629557560573784e-8,-0.4986098143678933,-0.04054946347145253,0.3897733141300063,1.0498070067101775,-0.37548924180486387,0.6596109983488719,0.13162636704938332,0.5250478058498682,0.48805339313356927,1.0312919684072366,0.7,-0.3941284865220639,-0.4924932247901827,0.7219043778850656
0.9579158316633266,6.301051179758944,0.9999999996891378,0.040051795041758834,-0.0009487558047235475,-0.008110144771852186,0.9857333389076549,0.00012455439771844965,-0.3998364329330083,0.02464110558619386,0.9877327417402088,-9.698831496212835e-8,-0.4986104623017021,-0.04054919080866912,0.4293232575501772,1.0462443841079028,-0.376776845862211,0.6669455331985079,0.13170694130053512,0.5253369456682804,0.6827162588012126,1.0298265757622704,0.7,-0.3941291567525192,-0.4924938750568155,0.7208786030335893
0.9599198396793587,6.3142370239826215,1.0000000003421927,0.04005141038044309,-0.0009488380977877088,-0.008110077351954566,0.9857333325266447,0.00012452145454664495,-0.3998367651632812,0.02464152588621696,0.9877327706865109,-1.321753966734823e-7,-0.49861076888891126,-0.040548771478358094,0.4713145799194316,1.0433151323654202,-0.37783574880873555,0.6729481361052214,0.13191847328752893,0.5249025502012198,0.5962247833358131,1.0302450681360937,0.7,-0.3941294959161918,-0.4924941908892259,0.7211715476952656
0.9619238476953907,6.327422868215349,1.0000000010322703,0.04005101008022552,-0.0009488495139061314,-0.008109992912813061,0.985733328267505,0.00012448884476127216,-0.39983673888205873,0.024641930477362597,0.9877327994442052,-1.353273168936615e-7,-0.49861071236291044,-0.04054837176150966,0.47358293474580443,1.0407676288252092,-0.37875825001418406,0.6778606823530677,0.13223745245040727,0.524155504419603,0.3862152440019799,1.0277104457727817,0.7,-0.3941294815388564,-0.49249414926778456,0.7193973120409471
0.9639278557114228,6.340608712456524,1.0000000016040564,0.04005072674929257,-0.0009488039565185585,-0.008109919970590554,0.9857333256160395,0.0001244566895634614,-0.3998364878382641,0.02464219026500001,0.9877328677730016,-1.0806716260743523e-7,-0.49861040919305616,-0.04054811906629198,0.4504435520866852,1.0378987529616703,-0.3798062183116951,0.6818811233153581,0.13266318674983862,0.5238276286115988,0.3501310251556064,1.022245808316977,0.7,-0.3941292611630456,-0.492493884991807,0.7155720658218838
0.9659318637274549,6.353794556703914,1.0000000019734105,0.040050628902197544,-0.0009487347968501936,-0.008109877026620292,0.9857333237445963,0.0001244252687870311,-0.3998362581748275,0.024642245621768644,0.9877330644155442,-4.935184534314642e-8,-0.4986100684581672,-0.04054807306568802,0.44612480933945314,1.0346050653836194,-0.3810203864667076,0.6851714629217709,0.1332134929704744,0.5239718453694684,0.5146209737764955,1.0179037910284523,0.7,-0.39412911239950466,-0.4924936488655075,0.7125326537199166
0.9679358717434869,6.366980400955108,1.000000002447794,0.040051057152528186,-0.000949275479738978,-0.00810987109129637,0.9857333301276615,0.00012440960257544865,-0.399838768683744,0.024641972576711482,0.9877310180134562,8.904880367771972e-8,-0.4986092080464478,-0.040548096495421695,0.46787715071816544,1.0319157432457955,-0.38201215876222727,0.6401766893869563,0.13389176226878008,0.5236990420064848,0.5196210005526267,1.0253426382298545,0.30000073972507624,-0.39413076050012813,-0.49249178426536055,0.30760354994061756
0.969939879759519,6.380166245206892,1.0000000021427755,0.04005046508098559,-0.0009485879795261516,-0.008109750069626139,0.9857333135809135,0.00012445052356296698,-0.39983537576580885,0.02464234700682668,0.987732882206242,7.643593232647462e-8,-0.49860930022023214,-0.04054796480786526,0.43148556674187466,1.03172001275781,-0.38207161779266646,0.5784015059539424,0.1346266035410231,0.5221817153262528,-0.007086471881224258,1.034185305545144,0.3000000000143959,-0.3941281683647185,-0.4924928043006888,0.31025559167843125
0.9719438877755511,6.39335208946011,1.0000000022812718,0.04005104561380408,-0.0009488409760608389,-0.008109489056365052,0.9857333117596294,0.00012460729591185946,-0.39984760328633984,0.024642142231560967,0.9877468784832125,4.993737382787939e-7,-0.4986146848896787,-0.040548556225938094,0.3116461768702122,1.0321411752709975,-0.3819050661906643,0.5278445519136703,0.1353495178084064,0.5212122251740459,-0.3452084730793877,1.0328942622061095,0.300000000000018,-0.3941457830042994,-0.4925051188145549,0.3098682786618514
0.9739478957915831,6.4065379337076065,1.0000000015714603,0.04005023733563388,-0.0009484512274351302,-0.008109647746470314,0.9857333436408631,0.00012459282956458768,-0.3998348128778173,0.02464259759841211,0.9877318929047498,2.1509680531653848e-7,-0.4986074718078921,-0.04054777336737954,0.20927034848192172,1.032074019467842,-0.38192077080178755,0.4864685762071415,0.13606574422069503,0.5217632433633432,-0.08436425808551014,1.031565595201779,0.3,-0.3941272155964517,-0.4924905106669575,0.3094696785605337
0.9759519038076151,6.419723777946496,1.0000000008240104,0.04005091157882642,-0.0009483712138067341,-0.008109854042384734,0.9857333417576145,0.0001245604561271223,-0.39983454078018843,0.024641891129891562,0.987731825965704,1.430033388532403e-7,-0.49860720807767966,-0.04054847818772104,0.19876267374825513,1.0323838943592123,-0.3817988248329119,0.4526063806440221,0.13678148138199525,0.522732281415593,0.33997216073310027,1.0370043593773646,0.3,-0.39412692311110475,-0.492490213872796,0.3111013078132094
0.9779559118236472,6.4329096221756,1.0000000001404925,0.04005166089492514,-0.000948414061381172,-0.008110017801717386,0.9857333360592674,0.0001245276448280225,-0.3998349119773833,0.024641167270167585,0.9877317516716497,1.0295419460028672e-7,-0.4986076048359163,-0.040549193324670066,0.23291570423981328,1.0341463174342305,-0.3811474008088647,0.4248934693831654,0.13745781870816354,0.5226868054372664,0.3429555169683609,1.046967724615745,0.3,-0.39412725973018714,-0.4924905670960949,0.3140903173847235
0.9799599198396792,6.446095466398992,1.000000000644911,0.0400530038052071,-0.0009501724353473422,-0.008110142891052257,0.9857333558074413,0.00012453140878928987,-0.3998464092673472,0.02463955009066665,0.9877354810471808,8.02691463911861e-7,-0.4986119725193514,-0.04055012727590507,0.21987637627859688,1.0371638886223165,-0.380047525515195,0.4022131581335275,0.1380348699695488,0.521785370177865,-0.02885753572863041,1.0530984899958278,0.3,-0.3941400443325513,-0.4924967690815263,0.3159295469987483
0.9819639278557113,6.459281310621144,1.0000000004604692,0.04005217276695166,-0.0009495780967820973,-0.00810991203757123,0.9857333419974553,0.00012464584845685235,-0.39984196866003324,0.024642176643943768,0.9877280941565473,-3.0256838215810563e-7,-0.4986075647877175,-0.04054883503744324,0.14933123197216464,1.0400853322000327,-0.378985851487084,0.38365151524753144,0.13848854514834089,0.521346326358135,-0.23346477593429873,1.0528124914140016,0.3,-0.39413274894046163,-0.492488687431014,0.31584374742420046
0.9839679358717434,6.472467154845301,1.0000000002070377,0.04005115544259271,-0.000948760142152156,-0.008109770564021318,0.9857333557039191,0.00012466288288960698,-0.39983715713015044,0.024641814888676217,0.9877334290137881,4.3920543619811247e-7,-0.49860971803264253,-0.040548498739032636,0.09422163338264614,1.0423489066816973,-0.37816230737188383,0.36846062297064663,0.13883908322668176,0.5219293933123443,-0.02906587411091824,1.0529227873239546,0.3,-0.3941301305801546,-0.4924935043411011,0.3158768361971864
0.9859719438877754,6.485652999071602,1.00000000026338,0.04005076354831871,-0.0009486543527424537,-0.008109893309027899,0.9857333526243505,0.00012463145102473762,-0.39983666009277036,0.024642071688733697,0.9877338370015428,9.656208447451739e-8,-0.4986097225929064,-0.04054829397520355,0.1004833945134384,1.0446528518514695,-0.37732826912425704,0.35602835665857163,0.13910131291904132,0.5226984499332987,0.247267421783229,1.057777788140342,0.3,-0.39412981313556766,-0.49249369837839413,0.3173333364421026
0.9879759519038075,6.498838843298101,1.000000000226675,0.040050981205099825,-0.0009486205137165848,-0.00810994268274115,0.9857333491549494,0.00012459645695369606,-0.39983656190732814,0.02464184096993596,0.9877338490150095,8.975838372705346e-8,-0.4986095707962394,-0.04054852851785653,0.12937150840855274,1.0477330275931245,-0.37622543775140277,0.3458537567075601,0.13925684112565323,0.5227337151606989,0.21164669405915362,1.0651396728336606,0.3,-0.39412972157502024,-0.4924935541578618,0.3195419018500982
0.9899799599198396,6.512024687525723,1.000000000359512,0.04005025986289606,-0.000948532279724616,-0.008110477425407367,0.9857333724548609,0.00012453555630920283,-0.3998232942918432,0.024641364050610938,0.9877138711689248,-4.79052278365332e-7,-0.4986020752296101,-0.040548008518706484,0.12022179465530906,1.0513649069892503,-0.37493657659901225,0.3375268339241188,0.13927528723728613,0.522265662929432,-0.050834036917017225,1.0693294174587107,0.3,-0.394108696275607,-0.4924761664732818,0.3207988252376132
0.9919839679358716,6.525210531752425,1.0000000000218445,0.04005022095716986,-0.000947893407041541,-0.008109929949367496,0.9857333763218149,0.0001246881619301496,-0.3998241205016016,0.02464147989380864,0.9877244198834764,3.5851619395709336e-7,-0.4986062757210872,-0.04054805559068448,0.07436902990734053,1.0546765780436418,-0.373764262165095,0.3307120616644698,0.13915208433882334,0.5222022430840947,-0.16014715469825241,1.0695593180911047,0.3,-0.3941137059941648,-0.49248560897400606,0.3208677954273314
0.9939879759519037,6.538396375978977,0.9999999996719161,0.0400502129076497,-0.0009473281071219191,-0.00810987316358403,0.9857333746081536,0.0001247328836010576,-0.3998293549396428,0.024641563330822493,0.9877386267118773,-7.030046640914392e-7,-0.4986116662207184,-0.040547881465936124,0.04429496432826133,1.0574273511499594,-0.37279084549231606,0.32513483433751256,0.13890831462117914,0.5228092255289066,0.0025634273804384933,1.0705425983454007,0.3,-0.39412456169173826,-0.49249797395002354,0.3211627795036202
0.9959919839679358,6.551582220201546,0.9999999997136181,0.040050683684268534,-0.0009484463196379663,-0.008109778666991948,0.9857333947485591,0.00012475175479138915,-0.39983533377992964,0.024642048951264078,0.9877336758424249,2.662871835089727e-7,-0.49860862654743404,-0.040548307740697884,0.05517887926863524,1.0601643922299901,-0.3718276495977442,0.3205704159180632,0.13855682938971714,0.5234439802000685,0.1731780623413359,1.0748062385816712,0.3,-0.39412843978069384,-0.4924925423039346,0.3224418715745014
0.9979959919839678,6.564768064417799,0.9999999992263606,0.04005114820023229,-0.0009484269220583959,-0.008109953694092063,0.9857333893952985,0.00012471580852679926,-0.39983548340479114,0.02464158276620171,0.9877337535550158,1.7715568620163903e-7,-0.4986086675703024,-0.04054878391733221,0.07476536509620713,1.063345005069954,-0.3707184279436461,0.3168348833207385,0.1380872310844762,0.5235502885840096,0.11484926174736174,1.0802048450719584,0.3,-0.39412862035554824,-0.49249261795772753,0.3240614535215875
1.0,6.577953908628211,0.9999999988222277,0.04005159040022251,-0.0009483900623677296,-0.008110076667104634,0.9857333851131606,0.000124677157402017,-0.3998339283471258,0.024640945064373778,0.987733429167779,-8.329339197991147e-8,-0.4986088442561928,-0.04054918737532739,0.06471856475711277,1.066725583439954,-0.3695477416092901,0.3137777133859169,0.13748424217204866,0.5233935803240665,-0.06668445060513703,1.083048000064947,0.3,-0.39412696746420267,-0.492492620173073,0.3249144000194841
