time,pi_cc_d,pi_cc_q,theta_pll,gamma_pll,i_vsc_a,i_vsc_b,i_vsc_c,v_sh_a,v_sh_b,v_sh_c,i_bus_a,i_bus_b,i_bus_c,int_vdc,v_dc,i_load
0.0,0.2489566221772049,0.05087378744520468,-0.042340516845684684,0.0,0.34367531018880804,-0.48798366785066266,0.14430835766185482,1.4591625311561314,-0.8813368539757489,-0.5778256771803819,-1.13301044692981,0.27574761708316825,0.8572628298466413,-0.7903926051307938,1.0,-0.38284937243942774
0.004008016032064128,0.24895661948575554,0.05087378898334662,1.4686452348908883,-0.000015542962293653214,0.38494394213159044,0.08572985086426994,-0.4706737929950576,0.26213929362739935,1.1212716248128745,-1.3834109184402703,0.2674125644839518,-1.130547656198148,0.8631350917149985,-0.7903926057720985,0.9999999900062019,-0.38284937243942774
0.008016032064128256,0.248956618188866,0.05087379634211355,2.9796318699524718,-9.588382485302377e-6,-0.29765573985736404,0.4982323281195228,-0.20057658826139638,-1.4278241546864583,1.0153831425126207,0.41244101217383583,1.164979362925316,-0.4109030998564405,-0.7540762630681159,-0.7903926059246092,1.0000000016853652,-0.38284937243942774
0.012024048096192383,0.24895661739666977,0.05087380125079248,4.490618459893828,-5.272630892742866e-6,-0.4205282720404091,-0.026167004770042357,0.4466952768111801,-0.4328334313933384,-0.9998840702026993,1.4327175015960376,-0.1281411584138209,1.0814246997064478,-0.9532835412918994,-0.7903926056893555,1.0000000095679857,-0.38284937243942774
0.01603206412825651,0.24895661693176097,0.05087380434994292,6.001605014881364,-2.198032708598153e-6,0.24738230430732916,-0.5013606658578459,0.25397836155124226,1.3760797350066747,-1.1349178355288476,-0.24116189947782463,-1.180298421412925,0.5401856526886228,0.6401127687250181,-0.7903926051943765,1.0000000146611387,-0.38284937243942774
0.02004008016032064,0.24895661664903956,0.05087380609179736,7.512591542649,-6.268743279809497e-8,0.45010251726673306,-0.033769833582721634,-0.4163326836833357,0.5973416122662606,0.8642064156977954,-1.461548027964047,-0.012961626645760598,-1.0168463484275285,1.029807975073939,-0.7903926045360106,1.0000000178562982,-0.38284937243942774
0.024048096192384766,0.24895661658265428,0.05087380687554724,9.023578049555569,1.3738500900919292e-6,-0.19357327352974854,0.4973235597815095,-0.30375028625112316,-1.3046683412692177,1.2382322708731524,0.06643607039606081,1.1787487575691828,-0.6617479622433242,-0.517000795325218,-0.7903926037846298,1.0000000194467282,-0.38284937243942774
0.028056112224448895,0.24895661664208324,0.05087380697311916,10.53456454043602,2.293074048658783e-6,-0.47324392489538847,0.09322412371316903,0.3800198011828289,-0.7533126888034468,-0.7161776692329404,1.469490358036387,0.15387916142770194,0.937735386969144,-1.0916145483962376,-0.7903926029911117,1.0000000200006938,-0.38284937243942774
0.03206412825651302,0.24895661680903167,0.050873806605103274,12.045551019107739,2.8348788992552487e-6,0.13699769439146417,-0.48617879577452877,0.34918110138364533,1.2146110364527902,-1.3238502667710041,0.10923923031821525,-1.1603527702537197,0.7738527608975192,0.38650000935677875,-0.7903926021915009,1.000000019710848,-0.38284937243942774
0.03607214428857715,0.2489566169639462,0.05087380589476878,13.556537488487628,3.104479045338724e-6,0.4896218145670433,-0.15134605594288753,-0.3382757586236508,0.8985175513928335,0.5579134261907012,-1.4564309775835307,-0.29259751186833155,-0.8452224999869572,1.1378200118557849,-0.7903926014113426,1.0000000190739073,-0.38284937243942774
0.04008016032064128,0.24895661717549333,0.05087380499649552,15.067523950862599,3.182110179649193e-6,-0.0784641572635956,0.46808560249045966,-0.3896214452263722,-1.1071945570674817,1.3905478488872773,-0.28335329181980573,1.1253731263461682,-0.8748977518476562,-0.2504753744979899,-0.7903926006672348,1.000000018074339,-0.38284937243942774
0.044088176352705406,0.2489566174584049,0.05087380399163046,16.578510408109068,3.1306615607740363e-6,-0.4990020761030315,0.20730498955476162,0.2916970865487281,-1.0308809613890642,-0.391675578794568,1.4225565401836309,0.427134101371032,0.7406298290994393,-1.167763930470026,-0.7903925999702004,1.0000000166982446,-0.38284937243942774
0.04809619238476953,0.24895661770632227,0.05087380292331658,18.089496861447444,2.991474283708549e-6,0.01880924178272045,-0.44330264162367433,0.42449339984135487,0.9839543564864612,-1.4373720866985924,0.4534177302121212,-1.0743099246108132,0.9634389094821543,0.11087101512909632,-0.7903925993262197,1.0000000153327981,-0.38284937243942774
0.052104208416833664,0.24895661794408827,0.05087380183617821,19.600483311924194,2.797659434947318e-6,0.5012507233937658,-0.2603011374634124,-0.24094958592995966,1.1485111871469385,0.21983996192613453,-1.368351149073075,-0.5555662070876285,-0.625452214133531,1.1810184212215562,-0.7903925987381557,1.0000000139736434,-0.38284937243942774
0.05611222444889779,0.24895661819430362,0.05087380078348875,21.111469760436215,2.5756784374703483e-6,0.04111452509478717,0.4121840400802564,-0.4532985651746666,-0.8466516322169271,1.4636536368160107,-0.6170020045990813,1.0078928665787628,-1.0382107691666933,0.030317902588304836,-0.7903925982062023,1.0000000125778632,-0.38284937243942774
0.06012024048096192,0.24895661842531167,0.050873799770586495,22.62245620751719,2.3408665426413656e-6,-0.4963355451539032,0.3095771139980172,0.1867584311562467,-1.2497270929828772,-0.04486242964281709,1.294589522625699,0.6760582416925486,0.5013357296613847,-1.1773939713535797,-0.7903925977294658,1.0000000112158938,-0.38284937243942774
0.06412825651302605,0.2489566186707223,0.050873798817612184,24.133442653702108,2.1073122111310924e-6,-0.10045067650262608,-0.3751746181938598,0.4756252946968336,0.6972487436329047,-1.4690169787545442,0.77176823512164,-0.9270712182236461,1.0981447604419061,-0.17107354221791277,-0.7903925973060132,1.0000000098944135,-0.38284937243942774
0.06813627254509018,0.2489566188581006,0.05087379791535095,25.64442909911849,1.8777631970892974e-6,0.48432685548586113,-0.3544286629481417,-0.12989819253739912,1.333082089285914,-0.13075627165356624,-1.2023258176323468,-0.7868881947410616,-0.37005423239836865,1.156942427139757,-0.7903925969330273,1.0000000087448666,-0.38284937243942774
0.0721442885771543,0.2489566190802775,0.0508737970896764,27.155415544211007,1.6623727222412696e-6,0.15835121646301123,0.33280311105996724,-0.4911543275226796,-0.5378807459737993,1.4533850596915119,-0.915504313717718,0.8329998321386145,-1.1423840053481182,0.30938417320980455,-0.7903925966073988,1.0000000075741204,-0.38284937243942774
0.07615230460921843,0.24895661926842708,0.050873796314067354,28.666401989074963,1.4621430944906326e-6,-0.4653961812502148,0.39421476806036754,0.07118141319013574,-1.3973849099661078,0.3045062209819979,1.0928786889841122,0.8864720239297927,0.23348398238210277,-1.1199560063116094,-0.7903925963256763,1.0000000065134975,-0.38284937243942774
0.08016032064128256,0.24895661944744643,0.050873795609747294,30.17738843387373,1.2794887305322607e-6,-0.21398861119668475,-0.28567539790168883,0.4996640090986538,0.37082557737041916,-1.416981915831397,1.0461563384609818,-0.727023542085453,1.1702967577599275,-0.4432732156742011,-0.7903925960841462,1.0000000055497535,-0.38284937243942774
0.08416833667334668,0.2489566196265847,0.05087379497551063,31.68837487869687,1.114846514965015e-6,0.4398142340845486,-0.4283668615716584,-0.011447372512630082,1.4417166447933945,-0.4739042544433097,-0.9678123903500861,-0.9733866572791987,-0.0935768194547755,1.0669634767342453,-0.7903925958795964,1.0000000046163837,-0.38284937243942774
0.08817635270541081,0.24895661975986597,0.05087379437483019,33.199361323529146,9.661560370424466e-7,0.26656772012688745,0.2344648139489895,-0.5010325340754732,-0.19847058973771925,1.3603273968731684,-1.1618568071354531,0.6106566830901927,-1.181483730352603,0.5708270472628169,-0.7903925957091704,1.0000000038697503,-0.38284937243942774
0.09218436873747494,0.2489566199288498,0.05087379385042001,34.710347768519966,8.354156916319012e-7,-0.4079464049743108,0.456396740845579,-0.04845033587089537,-1.4654434736809019,0.6365292957985732,0.828914177882321,1.0463896667700627,-0.04766773092001342,-0.9987219358496654,-0.7903925955697199,1.0000000030499603,-0.38284937243942774
0.09619238476953906,0.24895662002308336,0.050873793348113275,36.22133421356829,7.185393477378621e-7,-0.31533708224562124,-0.1799033145730904,0.49524039681907234,0.023279095962687436,-1.284231307483928,1.2609522115212402,-0.4855624232470798,1.175785148894061,-0.6902227256466283,-0.7903925954584702,1.0000000024479307,-0.38284937243942774
0.1002004008016032,0.24901200924370503,0.05087467768469686,37.73244970793767,0.003221903517747003,0.7223191069538422,-0.653836269172726,-0.06848283778135604,1.5800271391259773,-0.8443555767691804,-0.7356715623569403,-1.315095452782159,0.2857210680339099,1.029374384748565,-0.7903928496587737,0.9994381995597957,-0.38284937243942774
0.10420841683366733,0.25241435044796956,0.05158568326751976,39.24464461039646,0.03171394075307138,0.39216465239467607,0.24028143137307356,-0.6324460837769963,0.18518417318874306,1.5412721233682032,-1.726456296546934,0.39394979740556324,-1.4096521359029643,1.0157023384981723,-0.7908752202079455,0.9784098602741553,-0.38284937243942774
0.10821643286573146,0.255928908853702,0.05233621807598795,40.755912566357836,0.03520744284197134,-0.43978606892267164,0.5848406141679002,-0.145054545225706,-1.8711647348012548,1.1998093292817589,0.6713554055211653,1.4618307572837108,-0.4684962852104821,-0.9933344720490929,-0.7920849079233313,0.9615980582044218,-0.38284937243942774
0.11222444889779558,0.25928513466838754,0.05302940625392955,42.26647773415618,0.02172595118426558,-0.44419905709119883,-0.10635628232410707,0.5505553394378754,-0.4221883910417154,-1.3896703326208064,1.811858723662524,-0.20649149258717295,1.4120521782024655,-1.2055606855927654,-0.7939249778542531,0.9469221430949217,-0.38284937243942774
0.11623246492985971,0.2624830101388878,0.05367763199063218,43.77665750417571,0.0004123518476299976,0.32195048381027314,-0.5606415277762326,0.23869104398738797,1.8184768198682466,-1.3742338917557684,-0.4442429281124496,-1.5501326816215304,0.6831792270179402,0.8669534546250289,-0.79631368850664,0.9341891751933152,-0.38284937243942774
0.12024048096192384,0.2655279727622742,0.05429008823808741,45.28665747655571,-0.02311411093916591,0.474020368758091,-0.005035568667025078,-0.46898480007061843,0.648955695326179,1.2184550706006507,-1.8674107659268184,0.0029629876064378446,-1.368558938845233,1.3655959512592444,-0.7991769631302038,0.9232102427545338,-0.38284937243942774
0.12424849699398796,0.26842577177713334,0.054872538616502126,46.79660666795338,-0.04558569178290542,-0.21693062420009893,0.5262610222904806,-0.30933039807086843,-1.7380792418713917,1.5254165497194878,0.2126626921520452,1.5968422088679166,-0.8866733540914686,-0.7101688547564755,-0.8024481999824025,0.9138019742994435,-0.38284937243942774
0.1282565130260521,0.27118226720705074,0.05542854807251888,48.30658295612319,-0.06525857596104012,-0.4872939315664092,0.09726990963884441,0.3900240219434476,-0.8634964091610928,-1.0301786150393064,1.893675024204615,0.20758005909322708,1.2864552513435918,-1.4940353104272681,-0.8060679706455545,0.9057903376959111,-0.38284937243942774
0.13226452905811623,0.27380331891319987,0.055960315096301026,49.81663047702963,-0.08135500288161865,0.1239599609989385,-0.4855517625887138,0.3615918016090348,1.6318684750647918,-1.6519585076159542,0.020090032550778125,-1.6043646412440262,1.0734535047670168,0.5309111364938699,-0.809983588146652,0.8990133884573943,-0.38284937243942774
0.13627254509018036,0.27629473666001136,0.05646916785162451,51.32677102359457,-0.09370104658965187,0.4882590004230646,-0.1735219429688317,-0.3147370574495246,1.0632699383664044,0.8278452128482985,-1.891115151213422,-0.41815806316655446,-1.1717948902509812,1.5899529534211227,-0.8141485925184744,0.8933223970532834,-0.38284937243942774
0.1402805611222445,0.27866223384712613,0.056956018959469085,52.83701282256322,-0.10246089814549852,-0.04153505458635138,0.44087380362785283,-0.3993387490490712,-1.5020430358398382,1.7529249621900531,-0.25088192635121737,1.5760955831122887,-1.2398428569824178,-0.3362527261356242,-0.8185221886831723,0.8885833678880182,-0.38284937243942774
0.1442885771543086,0.28091131642559636,0.05742144615487938,54.34735513119674,-0.10799533758204186,-0.4798869302413133,0.23664203966301084,0.24324489057740406,-1.2459497781057456,-0.6144609538840076,1.8604107319948877,0.6232576087839437,1.0303376871709435,-1.6535952959616314,-0.8230686795594717,0.8846760974226148,-0.38284937243942774
0.14829659318637273,0.2830474808577422,0.05786598675917826,55.85779223022947,-0.11074867345428946,-0.031866240274179294,-0.3935604829579632,0.4254267232092182,1.3506448128753048,-1.8273254727766624,0.47668065989733643,-1.5154440977376444,1.3833064226163687,0.13213767510609986,-0.827756905435317,0.8814941403354867,-0.38284937243942774
0.15230460921843686,0.28507587990597405,0.0582900586990249,57.368315732423106,-0.11118595125827199,0.4641541591353851,-0.2888896192810555,-0.17526453986699486,1.4094169567506964,0.39306597900266216,-1.8024829357531578,-0.8185424950158078,-0.8673086451002952,1.6858511401007472,-0.8325597149614565,0.878943642831798,-0.38284937243942774
0.156312625250501,0.2870016651009018,0.05869417349862722,58.87891606414787,-0.10975581008184439,0.09757635125022995,0.3443246579037335,-0.44190100916507297,-1.1800724096647888,1.8745989083235792,-0.6945264986568214,1.425916242004278,-1.50224031990916,0.07632407789201878,-0.837453475774009,0.8769429337231768,-0.38284937243942774
0.16032064128256512,0.2888296896645511,0.05907883453710927,60.3895836694365,-0.10686349654302604,-0.44231383736520846,0.3318954259003152,0.1104184114564793,-1.551619065922547,-0.1667541290886086,1.7183731950102774,1.0005165989505467,0.6873820387312635,-1.6878986376873912,-0.8424176243056434,0.875420352706248,-0.38284937243942774
0.16432865731462926,0.2905646630524999,0.059444567509455024,61.90030893432352,-0.10287714564882158,-0.15660805072387002,-0.2935389822957363,0.4501470330259834,0.9928995685083912,-1.894448412465641,0.9015488439570976,-1.3108852330827085,1.5956231070618498,-0.28473787397238587,-0.8474342727949198,0.8743136058709574,-0.38284937243942774
0.16833667334669336,0.29221114224757844,0.05979199798290321,63.41108362494309,-0.09809680955197102,0.415213150625153,-0.36681791632809524,-0.04839523435831788,1.6709973156950704,-0.061330134333017816,-1.6096671814719439,-1.1663904610091667,-0.4948491799973367,1.6612396410476442,-0.8524878484003473,0.8735692784004659,-0.38284937243942774
0.1723446893787575,0.293773364759192,0.06012171527427578,64.92189988350164,-0.09278482786752655,0.20959810641623,0.24152602690883726,-0.45112413324516715,-0.7918096388639911,1.886836384760336,-1.095026745892629,1.1735271619556555,-1.6628043445275986,0.4892771826498251,-0.8575647874640977,0.8731405762248594,-0.38284937243942774
0.17635270541082163,0.29525556630747146,0.0604344180078426,66.43275101428776,-0.08715101962749844,-0.3834850392250695,0.39435206806112444,-0.010867028753818474,-1.765913668451301,0.28804947142716875,1.4778641970250312,1.3137392177312373,0.29354964936059735,-1.6072888670108214,-0.8626532635632082,0.8729873091970834,-0.38284937243942774
0.18036072144288576,0.29666169110193785,0.06073076824033958,67.94363115028293,-0.08136545260261724,-0.2569218969073584,-0.18853266328047105,0.44545456026764846,0.5796779577178044,-1.8520362590453328,1.2723583013269384,-1.0169543135850319,1.703463743244581,-0.6865094295822423,-0.8677429533362045,0.873074476641911,-0.38284937243942774
0.1843687374749499,0.29799554265808353,0.06101146489344958,69.45453529307406,-0.07556130144876802,0.3475918340584949,-0.41499592520875883,0.06740409122232979,1.8352578820426917,-0.5102443926903928,-1.3250134893520407,-1.4406233197595837,-0.08718896812119689,1.5278122879532996,-0.8728248368355788,0.8733722013434835,-0.38284937243942774
0.18837675350701402,0.29926072123375025,0.06127720420488364,70.96545929417596,-0.06983883341062926,0.29873222984717496,0.134899918513124,-0.4336321483328597,-0.359510300099921,1.7905838536331795,-1.4310735535547587,0.8442280175561,-1.7175643727705419,0.8733363552894514,-0.877891019893167,0.8738540080546746,-0.38284937243942774
0.19238476953907813,0.30046071709714395,0.0615286599986722,72.47639934016298,-0.06428092528373466,-0.30799007095876973,0.42904208876358724,-0.12105201774412169,-1.8781443177914983,0.7248225820557228,1.1533217357355707,1.5454092789444573,-0.12077185722329817,-1.4246374216602342,-0.8829345923707017,0.8744969836052895,-0.38284937243942774
0.19639278557114226,0.30159879156021224,0.06176653662866697,73.98735272526004,-0.05893626498670977,-0.33507989617296663,-0.08095689503069589,0.4160367912665414,0.13444239036637118,-1.7035659659240487,1.5691235755586128,-0.6584548567832984,1.705427148056058,-1.04697229121038,-0.887949493659966,0.8752815047439915,-0.38284937243942774
0.2004008016032064,0.30267809251433725,0.061991496194169084,75.49831693830963,-0.05384401193332713,0.265136586130742,-0.4367023021496298,0.17156571608786692,1.894051879507259,-0.9287927395252943,-0.9652591399776923,-1.6268059527382612,0.3270201786935042,1.299785774114078,-0.8929304096105948,0.8761901417270839,-0.38284937243942774
0.20440881763527052,0.303701617436865,0.06220419293825388,77.00928986446635,-0.0490303372217823,0.36588240327451366,0.027185096958007818,-0.3930675001658805,0.09235875409977606,1.592184217753621,-1.6845429718523635,0.46269591446334324,-1.6675774082670716,1.2048814938689854,-0.8978726773124703,0.8772076864279855,-0.38284937243942774
0.20841683366733466,0.3046721962734936,0.06240525863367126,78.52026994162995,-0.04450584385658543,-0.21950030480910704,0.4381258320172904,-0.21862552714799924,-1.8828115335818776,1.119289385493944,0.7635221480873791,1.6838441015656789,-0.5283801492829296,-1.1554639522225,-0.9027722054239598,0.8783207532130866,-0.38284937243942774
0.2124248496993988,0.30559253679219234,0.06259530235658453,80.03125577819172,-0.04027596908135181,-0.39104465655610476,0.02595412731900018,0.3650905292890531,-0.3176738838295253,-1.4580877158246024,1.7757615996531668,-0.2600717407942438,1.6048974460399112,-1.3448257051946197,-0.9076254068118819,0.8795175427595101,-0.38284937243942774
0.21643286573146292,0.3064652075149104,0.0627749086461505,81.5422462688935,-0.036338897871136686,0.1716001667567966,-0.43348865551713883,0.26188848880432825,1.8446366109909993,-1.2936495475488718,-0.5509870634437242,-1.7159071016568521,0.7218490188309008,0.9940580828693618,-0.9124291396484925,0.8807876033146603,-0.38284937243942774
0.22044088176352702,0.3072926524209513,0.06294463999921082,83.05324055061999,-0.03268714535949468,0.4104606836543941,-0.07795003322103555,-0.3325106503932147,0.538317294966664,1.3032110849177605,-1.8415283798842965,0.05369921079938722,-1.5185539825221857,1.4648547717627487,-0.9171806562510773,0.8821216626552136,-0.38284937243942774
0.22444889779559116,0.30807720403869987,0.06310503211552301,84.5642378189327,-0.029312617163141878,-0.1219779478026192,0.42296485648981597,-0.30098690864833894,-1.780103979460631,1.4494176952003017,0.3306862842626547,1.7227100969211433,-0.9045839645383756,-0.8181261323436627,-0.9218775604318082,0.8835114685329372,-0.38284937243942774
0.2284569138276553,0.30882105619771905,0.06325659476927012,86.0752375778356,-0.02620072265122416,-0.4240199551399735,0.1282663695844337,0.2957535855927747,-0.7511525747302743,-1.1297789976166306,1.8809315723469218,0.15330872687740138,1.4100044794665116,-1.5633132063066992,-0.9265177689420476,0.8849496109082785,-0.38284937243942774
0.23246492985971942,0.30952630757348587,0.06339981300819603,87.58623932550043,-0.02333830216768903,0.07120581364408789,-0.4067706493233677,0.33556483571773055,1.690158105686832,-1.584403657562172,-0.10575444812465076,-1.7043175829145991,1.073942432771866,0.6303751501812167,-0.9310994795989829,0.8864294654292194,-0.38284937243942774
0.23647294589178355,0.3101949476665585,0.06353514750509147,89.09724268520857,-0.020710514987019334,0.43167256509502555,-0.1763677811261075,-0.25530478393222156,0.9531739639999582,0.9402723391263121,-1.8934463031262454,-0.35789432391250603,-1.2809876388668513,1.6388819628160274,-0.9356211421109553,0.887945071178684,-0.38284937243942774
0.24048096192384769,0.3108288652336814,0.06366303500678275,90.60824735460724,-0.01830216954953438,-0.01988051026844169,0.38516641846638316,-0.3652859081621309,-1.5760996968790322,1.6967062125197692,-0.12060651564070185,1.6611387426457753,-1.2275027996964654,-0.433635942913546,-0.9400814331288497,0.8894910522312186,-0.38284937243942774
0.2444889779559118,0.3114298533261598,0.06378388916228954,92.11925309002964,-0.016098129828748444,-0.4333934954523817,0.22171855091767756,0.21167494456880162,-1.1415134654443735,-0.7373985491067376,1.8789120145511211,0.5570636887640537,1.1335013227559947,-1.6905650114859707,-0.9444792342224635,0.8910625492614832,-0.38284937243942774
0.24849699398797592,0.3119996136091149,0.06389810122650433,93.63025969853763,-0.014083497814061157,-0.03138536038841784,-0.3584631640235448,0.3898485244423532,1.4395677271748721,-1.7847436362714648,0.34517590909648405,-1.593922638120689,1.3630916742264803,0.2308309639249579,-0.9488136124049119,0.8926551572384818,-0.38284937243942774
0.25250501002004005,0.3125397608220162,0.06400604128928326,95.14126702159025,-0.01224397889863282,0.42921603700136246,-0.26379995677160767,-0.16541608020001056,1.3135007687075189,0.524052567935646,-1.8375533366431231,-0.7479331174429182,-0.9697803422113482,1.717713459684006,-0.9530838029293546,0.8942648788366758,-0.38284937243942774
0.2565130260521042,0.31305182919474295,0.06410805902344169,96.65227493256978,-0.010565885111632449,0.08197088644654973,0.32702559583038043,-0.40899648224862367,-1.282521285804501,1.8472816469799127,-0.5647603611754335,1.5037505755637544,-1.4788113365113862,-0.024939239024031834,-0.9572891938984812,0.8958880720862449,-0.38284937243942774
0.2605210420841683,0.3135372684865924,0.06420448379508922,98.16328333003231,-0.009036232199389512,-0.4192323225438078,0.3021194907848521,0.11711283178590466,-1.4666979791520645,-0.3032765016291719,1.7699744807812374,0.9277620883421257,0.792268120801249,-1.7200302091164352,-0.9614293125509009,0.8975214387229796,-0.38284937243942774
0.26452905811623245,0.31399746163193787,0.06429562835019402,99.67429212976114,-0.007642867515141375,-0.13125425972192267,-0.2912686632002022,0.42252292294780935,1.1071976566481343,-1.8834313135021035,0.7762336568539804,-1.3920090691340157,1.5730512715519627,-0.18104220239227842,-0.9655038129031837,0.8991619468661004,-0.38284937243942774
0.2685370741482966,0.3144337159255729,0.06438178660608886,101.18530126390006,-0.006374407401769221,0.4035931988332467,-0.3362176207562919,-0.06737557805245875,1.5989258884899331,0.07821580019726304,-1.6771416886871835,-1.0939828427541116,-0.6035812248511461,1.6975640676297288,-0.9695124647130853,0.9008068457509449,-0.38284937243942774
0.2725450901803607,0.31484727292560755,0.06446323525829183,102.69631067065326,-0.00522041284870125,0.1786236969553533,0.25165969616185646,-0.43028339309387065,-0.9161064793654593,1.892696044763774,-0.9765895653983098,1.2603909966068487,-1.6445258900031636,0.38413489341964,-0.9734551434032706,0.9024536048190728,-0.38284937243942774
0.27655310621242485,0.3152393108138232,0.06454023742944887,104.20732030637339,-0.004171008542360747,-0.3825190763394296,0.36568037081903015,0.01683870554262339,-1.70831920170813,0.14792192902927737,1.5603972726788582,1.2442458119996083,0.40648258118482933,-1.6507283931622188,-0.9773318209200564,0.9040999327697571,-0.38284937243942774
0.280561122244489,0.3156109428379105,0.06461303855205439,105.71833012860023,-0.003217229488822954,-0.22348244527786226,-0.20871305376290716,0.4321954990619577,0.7119729497640651,-1.8749504663100853,1.16297751654604,-1.1108538698832215,1.6922745857945816,-0.5814207158901981,-0.9811425574727604,0.9057437236046549,-0.38284937243942774
0.28456913827655306,0.3159632315521081,0.06468187295050819,107.22934010200251,-0.002350797293885035,0.3562896567836699,-0.39013964589388755,0.03384998913043028,1.7933141292360912,-0.37191585020602536,-1.4213982790300435,-1.3764289124105191,-0.2038306828233919,1.5802595952540943,-0.984887493949042,0.9073830509845839,-0.38284937243942774
0.2885771543086172,0.3162971800938222,0.064746959974729,108.74035019527632,-0.0015641283730679775,0.26525898353360333,0.16298571431787812,-0.42824469783218305,-0.4977083398612351,1.8304543640317867,-1.3327460241705416,0.9455993108856154,-1.7156789272508919,0.7700796163845535,-0.9885668449807403,0.9090161573477926,-0.38284937243942774
0.2925851703406813,0.316613740911148,0.06480850695598993,110.25136038073067,-0.0008502758780574418,-0.32524973324246637,0.4092875895337709,-0.08403785627293302,-1.8527133122602015,0.5905750969019861,1.2621382153582188,1.4886878426903738,-0.0014456994328585337,-1.4872421432391447,-0.9921808925790696,0.9106414366369978,-0.38284937243942774
0.29659318637274545,0.3169138171970597,0.06486670950743145,111.76237063319866,-0.00020289540800008405,-0.3034145417204529,-0.11507198706907099,0.41848652880703424,0.27636755741359553,-1.7598476484571797,1.4834800910435955,-0.7670409706604611,1.7144686643217135,-0.947427693643756,-0.9957299802772509,0.9122574230924734,-0.38284937243942774
0.3006012024048096,0.31719826534335177,0.06492175214228213,113.27338092966623,0.00038380349441580636,0.28980445918629,-0.422876375797828,0.13307191662824083,1.8856729498565876,-0.8007851087223608,-1.0848878411342056,-1.5794636649427212,0.20639742950939327,1.3730662354500012,-0.9992145077336291,0.9138627803278971,-0.38284937243942774
0.3046092184368737,0.31746789757532873,0.0649738089908455,114.78439124899624,0.0009151039563398664,0.33745072212567334,0.06559694714127907,-0.4030476692510398,-0.051105579700898254,1.6641400725302813,-1.6130344928293756,0.577769856072524,-1.688722456795798,1.1109526007391808,-1.002634925745928,0.9154562911109565,-0.38284937243942774
0.30861723446893785,0.3177234838451621,0.06502304431774837,116.2954015711008,0.0013958103065213178,-0.25041600984910317,0.4307255371473477,-0.1803095272830789,-1.8917278041710497,0.9995517360700311,0.8921760681010207,1.6475097082745047,-0.40809153032728296,-1.239418177932056,-1.0059917316399967,0.9170368494350593,-0.38284937243942774
0.312625250501002,0.3179657543430732,0.06506961317495619,117.80641187738006,0.0018303041675832535,-0.36691720528339,-0.015209606377247525,0.3821268116750914,-0.1748667364911531,-1.544700036575016,1.7195667730661828,-0.38051915774572365,1.6388679086551257,-1.2583487508949636,-1.0092854649975875,0.918603451483002,-0.38284937243942774
0.3166332665330661,0.3181954013056851,0.06511366187131541,119.31742214985022,0.002222564047944112,0.20759962161376022,-0.4327255767591986,0.22512595515919817,1.8707952554430747,-1.1840438650561453,-0.6867513903869183,-1.6919063984767435,0.6036526259241312,1.0882537725663752,-1.0125167036966882,0.9201551889807912,-0.38284937243942774
0.32064128256513025,0.31841308113353234,0.06515532852826755,120.82843237163206,0.002576215266141096,0.3914180594212172,-0.03542521843894901,-0.3559928409691222,0.3983286847957385,1.403231659900335,-1.8015603446960597,0.17812444985196466,-1.5656707182017877,1.3875462683629585,-1.0156860602316025,0.9216912418264968,-0.38284937243942774
0.3246492985971944,0.3186194161519295,0.06519474352791584,122.3394425265457,0.0028945541758955227,-0.16191708044783606,0.42884024542353405,-0.2669231649631485,-1.823175540575358,1.3516328656373382,0.4715426749380309,1.7120709787024935,-0.7903017553735695,-0.9217692233163808,-1.0187941782968402,0.9232108721782473,-0.38284937243942774
0.3286573146292585,0.31881499638970107,0.06523202996714732,123.85045259912161,0.003180579732571826,-0.41061839865709016,0.08563484784696757,0.32498355082209307,-0.6160952378477595,-1.241753533696848,1.8578487715446181,0.026514900022679207,1.4702255770752564,-1.4967404770859776,-1.0218417296091897,0.9247134186467252,-0.38284937243942774
0.33266533066132264,0.31900038124659746,0.0652673040782694,125.36146257456258,0.0034370209466423217,0.11397136682501396,-0.41910920749117186,0.3051378406775409,1.7495496892494629,-1.4999311843439314,-0.24961850490552795,-1.7077665397123136,0.9653952218446992,0.7423713178789962,-1.0248294109511698,0.926198290991128,-0.38284937243942774
0.3366733466933867,0.31917610107612354,0.06530067562450083,126.87247243871866,0.0036663620268886747,0.4242496788747384,-0.1347475289402244,-0.28950214992339807,0.8250624083256338,1.062568824936924,-1.8876312332624574,-0.2304766955688462,-1.3539384396877225,1.5844151352675555,-1.027757941419039,0.9276649652086613,-0.38284937243942774
0.34068136272545085,0.3193426586876099,0.06533224827178216,128.3834821780715,0.0038708653516993223,-0.0643989726083849,0.40364845320064796,-0.33924948058233506,-1.6509686680899696,1.6268256819058209,0.024142986184298137,1.6791028501303742,-1.1264605123006803,-0.5526423378198011,-1.0306280598603916,0.9291129789785785,-0.38284937243942774
0.344689378757515,0.31950053058468736,0.0653621200180738,129.8944917802116,0.004052604286358203,-0.4321143882909058,0.18210125089869017,0.25001313740168013,-1.0222511900837246,-0.8682329249677667,1.8904841150514893,0.4308565700566934,1.218506211742895,-1.64936278179013,-1.0334405224893042,0.9305419278966384,-0.38284937243942774
0.3486973947895791,0.3196501691761231,0.0653903831155582,131.40550123125303,0.004213418385393962,0.013862138762965607,-0.3826501011449303,0.3687879623910062,1.5288388633483294,-1.730507898264731,0.20166903491638286,-1.626534008651213,1.2712302382565885,0.3553037704036795,-1.0361961006632467,0.9319514590395455,-0.38284937243942774
0.35270541082164325,0.3197920025192868,0.06541712518902687,132.91651052131903,0.004355068261217841,0.4340899281699411,-0.22705279200280676,-0.20703713615854724,1.204851006938917,0.6615169110756278,-1.8663679180145707,-0.6248081503690658,-1.0658922356791585,1.6907003860568364,-1.0388955788039842,0.9333412726561446,-0.38284937243942774
0.3567134268537074,0.31992643684922834,0.06544242876089988,134.42751963868784,0.004479102418700722,0.03695964041459211,0.35638105216379057,-0.3933406925701768,-1.3849020478071596,1.8094999864150867,-0.4245979386078907,1.5508510881377306,-1.3976731135389537,-0.15317797459061241,-1.0415397524835976,0.9347111128607226,-0.38284937243942774
0.3607214428857715,0.3200538572507537,0.06546637183216877,135.93852857290526,0.004586951797364647,-0.4301311249517112,0.26898645072496397,0.1611446742345639,-1.3702576955414736,-0.44536869385638245,1.8156263893978866,0.8095830530568062,0.8982981713445669,-1.7078812243935875,-1.0441294266246952,0.9360607677578111,-0.38284937243942774
0.36472945891783565,0.32017462876863134,0.06548902813708012,137.44953731413324,0.004679925609804886,-0.08737842939191255,-0.32518037208016876,0.41255880147953944,1.2212109353770773,-1.862675615413543,0.6414646800364561,-1.4531702660453814,1.5040217308745545,-0.05085146482170272,-1.04666541382882,0.9373900656048355,-0.38284937243942774
0.3687374749498998,0.32028909746893797,0.06551046736249369,138.96054585313377,0.004759222506955879,0.4202721674168798,-0.3073229330354965,-0.11294923437429652,1.5161127015712639,0.2228705777547032,-1.7389832793259923,-0.9825685493168144,-0.7181326589126293,1.7007012082365522,-1.0491485328226968,0.9386988720459367,-0.38284937243942774
0.3727454909819639,0.3203975913160356,0.06553075537648814,140.47155418220444,0.004825964087183005,0.13670722255129417,0.2894558789684784,-0.42616310151248965,-1.0400997725613488,1.8892763892070705,-0.8491766166456132,1.3349163783612688,-1.5887966374051181,0.25388025905111916,-1.0515796070135974,0.9399870875047441,-0.38284937243942774
0.37675350701402804,0.320500421574233,0.06554995441696498,141.9825622905408,0.00488109004253618,-0.40462706983685764,0.3415276588203149,0.06309941102353162,-1.640335702692046,0.0028043378249850703,1.6375313648670984,1.141324012070603,0.5279771637141929,-1.669301175777836,-1.0539594631511038,0.9412546444621435,-0.38284937243942774
0.3807615230460922,0.3205978829268136,0.06556812338175957,143.4935701731323,0.0049255878922101395,-0.18426901615914765,-0.2496788212658674,0.43394783743167725,0.8441513682310046,-1.8889223428975654,1.0447709746665517,-1.1978024215302348,1.6508260475375005,-0.45302362600059565,-1.0562889300580265,0.9425015060214679,-0.38284937243942774
0.38476953907815625,0.3206902548762099,0.06558531790720608,145.0045778226215,0.004960296470596386,0.38338906336386247,-0.3711185129249377,-0.012270550432592758,1.7411545066665797,-0.22843737401013764,-1.5127171326564794,-1.2836145989481238,-0.33054957705989285,1.6141641760143888,-1.0585688375009235,0.94372766237668,-0.38284937243942774
0.3887775551102204,0.3207778024094762,0.06560159059443996,146.51558523241314,0.004985992592537196,0.22940680631853697,0.20637932490462388,-0.43578613121711296,-0.6361601888776436,1.8616180611749082,-1.2254578722972498,1.043804857309572,-1.689262370224133,0.6454575129205994,-1.0608000151036436,0.9449331298138138,-0.38284937243942774
0.3927855711422845,0.3208607766678588,0.0656169911928757,148.02659239673704,0.005003398047171274,-0.3568289737889464,0.3956734019413287,-0.03884442814660981,-1.8171304103980852,0.4508101150433368,1.3663202953547837,1.4074422760528928,0.12866574686515725,-1.5361080229123185,-1.0629832913568196,0.9461179483469199,-0.38284937243942774
0.39679358717434865,0.3209394159151001,0.06563156662780256,149.53759930962286,0.005013160990244856,-0.2714923911497503,-0.16013850122958875,0.4316308923848495,0.41909267927972504,-1.8077526112669904,1.3886599319872686,-0.8751356169405167,1.7035927277430107,-0.8284571107969795,-1.065119492685087,0.9472821774084875,-0.38284937243942774
0.4008016032064128,0.32101394563824326,0.06564536160633297,151.04860596786892,0.005015934751027898,0.32529221637756983,-0.414836504677006,0.08954428830467401,1.867178884290372,-0.6667505456439605,-1.2004283386464478,-1.5110732810012797,0.07479997288429982,1.436273308122245,-1.0672094426361691,0.9484259078366258,-0.38284937243942774
0.4048096192384769,0.3210845801343048,0.06565841808961595,152.55961236591946,0.005012254778606466,0.309935421559794,0.1115818706564745,-0.4215172922112679,-0.19604524361720038,1.7280919882720749,-1.532046744654865,0.694210535188421,-1.693646124359397,0.9994355891759613,-1.069253961028422,0.9495492332036061,-0.38284937243942774
0.40881763527054105,0.3211515220864096,0.06567077580523048,154.07061850030556,0.005002652770743092,-0.289194772722325,0.42832388200922883,-0.13912910928213146,-1.8905846442308885,0.8731773489795593,1.0174072952513689,1.5930620693329611,-0.2769552297641699,-1.316106839564051,-1.0712538632911421,0.9506522740545443,-0.38284937243942774
0.4128256513026052,0.3212149638465496,0.0656824724133955,155.58162436765866,0.004987613383477814,-0.3441925114568307,-0.06137024662020259,0.4055627580816023,-0.02980043969606856,-1.6237730870349563,1.6535735267310367,-0.5036153924365592,1.6595950261379302,-1.1559796336968102,-1.0732099597763884,0.9517351651477477,-0.38284937243942774
0.4168336673346693,0.321275087624354,0.0656935434735397,157.09262996588356,0.004967605764782701,0.24901826317614403,-0.43592868490359954,0.18691042173181574,1.8870130346361158,-1.0671455996595163,-0.8198674349766325,-1.6522714590433178,0.47493039194025294,1.1773410671074553,-1.0751230551486108,0.952798055434613,-0.38284937243942774
0.42084168336673344,0.3213320664660235,0.06570402269623199,158.6036352900219,0.004942985803635118,0.373774746119372,0.010191515721761128,-0.38396626183699845,0.25522221265144013,1.496282616362413,-1.7515048290138604,0.3060691068259861,-1.6019526277363825,1.2958835209145374,-1.076993947829103,0.9538411076720694,-0.38284937243942774
0.4248496993987976,0.32138606387274704,0.06571394190428108,160.11464033929707,0.004914171364245266,-0.205302950575529,0.43752317800186674,-0.23222022742236903,-1.856513140943687,1.2458864691908849,0.6106266717528442,1.6878873785493802,-0.665918236819975,-1.02196914172546,-1.0788234294750438,0.954864495051057,-0.38284937243942774
0.4288577154308617,0.32143723552285786,0.06572333111333595,161.62564511437242,0.004881580391288995,-0.39825524640697174,0.04124908819906821,0.35700615821170584,-0.4770036219406288,-1.3474384772792913,1.824442099219933,-0.10438556616490258,1.5215651782656592,-1.417179612096963,-1.0806122845301955,0.955868406242013,-0.38284937243942774
0.43286573146292584,0.32148572843994316,0.06573221896029253,163.13664961179606,0.004845493842618895,0.1586430852073068,-0.4330649547122937,0.27442186950859826,1.7995193894509094,-1.4068495424111709,-0.39266984703977387,-1.6994313657819016,0.8472147615424631,0.8522166042430803,-1.0823612897844075,0.9568530344721335,-0.38284937243942774
0.4368737474949899,0.32153168218390404,0.06574063231955415,164.64765383034634,0.004806214378202622,0.4172760491733452,-0.09223883393335337,-0.32503721523657325,0.6919798038902605,1.1793634816127563,-1.8713432855030279,-0.0985661967675541,-1.4195997405415484,1.5181659373125296,-1.0840712140011146,0.9578185849719499,-0.38284937243942774
0.44088176352705405,0.32157522906396646,0.06574859663178483,166.1586577690114,0.004764020308794438,-0.10967474871712828,0.422592459540658,-0.3129177108202564,-1.716843466241158,1.5477367088368896,0.16910675740431624,1.6867652440259326,-1.0162549172782138,-0.6705103267444835,-1.0857428175676531,0.9587652684083043,-0.38284937243942774
0.4448897795591182,0.32161649455016467,0.06575613617346796,167.66966142994843,0.004719243152303702,-0.4305530119806981,0.1420672526971193,0.2884857592867194,-0.8970825895222388,-0.9944551035522959,1.8915376930745595,0.2999021669704447,1.2975275897861482,-1.5974297567534734,-1.087376852198576,0.959693312567043,-0.38284937243942774
0.4488977955911823,0.32165559752571754,0.06576327361813024,169.18066481080254,0.004672073453554652,0.05907220477763997,-0.40623144036142717,0.3471592355867931,1.6096633254825479,-1.6665355434137852,0.05687221793121133,-1.6500945374105214,1.1706511305577092,0.4794434068558301,-1.088974060616949,0.9606029369415329,-0.38284937243942774
0.45290581162324645,0.3216926504969932,0.06577003067545314,170.69166791285912,0.004622769113662318,0.43788106906723456,-0.19003646001420432,-0.24784460905024142,1.0893841417646632,0.79535133977753,-1.8847354815422124,-0.49676429489791385,-1.157103010068911,1.653867304969647,-1.0905351763538724,0.9614943771012615,-0.38284937243942774
0.4569138276553106,0.3217277608684807,0.06577642750389667,172.2026707358353,0.004571527023681199,-0.007534013035532736,0.38418834184117295,-0.37665432880295086,-1.4795078523865053,1.7615502740349984,-0.2820424216484542,1.5899635562579584,-1.3082242972097045,-0.2817392590456089,-1.092060923502802,0.9623678695108373,-0.38284937243942774
0.4609218436873747,0.32176102940601276,0.06578248370549412,173.71367328146647,0.004518573016482682,-0.4391376522751295,0.23547117101759824,0.20366648126009326,-1.2661399151612966,-0.5848928129806994,1.8510327281420225,0.6863604024857842,1.0003384609127768,-1.6866988633960263,-1.093552016532396,0.9632236578540694,-0.38284937243942774
0.46492985971943884,0.3217925534617404,0.06578821787527893,175.2246755504894,0.0044640880995015925,-0.044224016308372235,-0.35675147354602,0.40097548985684467,1.3282347315406346,-1.8314250529202925,0.5031903213796208,-1.5072501861405052,1.427037277153267,0.08021290898974957,-1.095009160127201,0.9640619868524402,-0.38284937243942774
0.468937875751503,0.321822420512623,0.06579364605560757,176.73567754396072,0.004408242833100777,0.43428451567798515,-0.277728181637738,-0.15655633403790434,1.4248255023657102,0.3660829145076227,-1.790908416873363,-0.8660038998054398,-0.829476021628853,1.6954799214366598,-1.0964330490361154,0.9648831084084974,-0.38284937243942774
0.4729458917835671,0.3218507204254671,0.06579878587695347,178.24667926370174,0.004351211227732072,0.09547763301711923,0.324286970237947,-0.41976460325284753,-1.1579972388645314,1.8751554117061717,-0.7171581728416211,1.4031456071048032,-1.5254158115848109,0.12227020448220974,-1.0978243679588218,0.9656872722370641,-0.38284937243942774
0.47695390781563124,0.3218775335195534,0.06580365239482747,179.75768071313496,0.0042931893668192965,-0.4233703050225644,0.3162061667444528,0.10716413828024389,-1.5631756386371063,-0.142044246210552,1.7052198848476898,1.0331516689093763,0.646955558985028,-1.6801072278923002,-1.099183791431453,0.9664747338013417,-0.38284937243942774
0.48096192384769537,0.32190293799629427,0.0658082602716784,181.26868188919744,0.004234197987878044,-0.14550964107647069,-0.28723214803393304,0.4327417891124153,0.9712289078196148,-1.892121353867884,0.9208924460482384,-1.2791515304034122,1.6019829453504366,-0.322831414944976,-1.1005119838065602,0.9672457481578867,-0.38284937243942774
0.4849699398797595,0.32192700693963444,0.06581262333428373,182.77968279688668,0.004174445503751368,0.40652568183267757,-0.3503538882246649,-0.05617179360611158,1.6792126165656305,-0.0840253388067943,-1.5951872777588747,-1.1854378532027632,-0.4553803697466257,1.640818222951337,-1.10180959907154,0.9680005736793603,-0.38284937243942774
0.4889779559118236,0.321949809972345,0.06581675475426774,184.29068343945133,0.004114082453392195,0.19361440250464743,0.24609152323648392,-0.4397059257393055,-0.7705933272879484,1.8820771288009994,-1.1114838015130344,1.137044797543511,-1.6556671998442456,0.5186224023025354,-1.1030772809158194,0.9687394687358372,-0.38284937243942774
0.4929859719438877,0.32197141319490097,0.06582066691019335,185.80168381827752,0.004053201008894887,-0.3839708939796494,0.3796793241159069,0.004291569865497353,-1.7712803692550334,0.3088989065751437,1.4623814626799232,1.3207115525884126,0.25747999632492974,-1.5781915489116165,-1.1043156626580561,0.9694626920242896,-0.38284937243942774
0.49699398797595185,0.321991879330234,0.06582437154858416,187.31268393529817,0.00399189729333143,-0.23911135377421255,-0.20142992024864814,0.4405412740245374,0.558953833473779,-1.8451646753637008,1.2862108418899156,-0.9788590343223744,1.6857236976977823,-0.7068646633737201,-1.105525367224788,0.9701705029334723,-0.38284937243942774
0.501002004008016,0.32201126765912963,0.06582787979495523,188.82368379368341,0.003930286287840597,0.35600420829746576,-0.40375603300636503,0.047751824710479174,1.8380626060889305,-0.5293660876094064,-1.3086965184795614,-1.4370626457356444,-0.056072002120672815,1.4931346478579326,-1.1067070071597347,0.9708631603332937,-0.38284937243942774
0.5050100200400801,0.32202963449428895,0.06583120206892787,190.33468339546033,0.00386844468014616,0.28135376240044774,0.15386392648524425,-0.4352176888842034,-0.3393311329739175,1.7819099147909512,-1.4425787818170481,0.8068545988302086,-1.691742743700308,0.8848881448715877,-1.1078611846263167,0.9715409200039755,-0.38284937243942774
0.5090180360721442,0.3220470330711662,0.06583434856364154,191.8456827445907,0.0038064905562019517,-0.3230026043347698,0.42223031601864996,-0.09922771168244149,-1.8786044717048793,0.7422791215220128,1.1363253501829045,1.5328509959300844,-0.14597819489130354,-1.3868728010373768,-1.108988491463098,0.972204048436837,-0.38284937243942774
0.5130260521042084,0.32206351409525086,0.06583732846867442,193.35668184286266,0.003744476830710103,-0.31973817497693763,-0.10405350773642577,0.4237916827147485,0.11486055087935426,-1.693212855713284,1.5783523048339276,-0.6234863427402172,1.6736556205752664,-1.0501692778336578,-1.1100895091439442,0.9728527940607782,-0.38284937243942774
0.5170340681362725,0.3220791253798942,0.06584015071331094,194.86768069354696,0.0036824860901669035,0.28541581499131796,-0.4348263410144995,0.14941052602450092,1.8923257323280958,-0.944597899925672,-0.9477278324024574,-1.6067290209234895,0.3457976882208948,1.2609313327039466,-1.111164808899942,0.973487415118229,-0.38284937243942774
0.5210420841683366,0.32209391251492264,0.06584282386149802,196.37867929963315,0.0036205885083356428,0.353713820155798,0.052693441328100755,-0.4064072614826427,0.11125354240111512,1.5803400292385157,-1.6915935716396289,0.4313690428476814,-1.6317358779276347,1.200366835081204,-1.1122149517321973,0.9741081669075571,-0.38284937243942774
0.5250501002004008,0.3221079184545059,0.06584535577399221,197.889677664344,0.0035588510663852636,-0.24376021515692198,0.4413503722340185,-0.19759015707588937,-1.8790287803143024,1.1334327758274736,0.7455960044868687,1.6576606228541773,-0.5405467267069047,-1.117113896146101,-1.113240488474144,0.974715301215573,-0.38284937243942774
0.5290581162324649,0.32212118405962137,0.06584775403371039,199.40067579075566,0.0034973318162327136,-0.38279014837189074,-0.000502741898102059,0.38329289027115593,-0.3357826527739485,-1.4449011968526633,1.7806838496266184,-0.23324015336674137,1.5665948445102644,-1.3333546911423664,-1.1142419598724076,0.9753090692207204,-0.38284937243942774
0.533066132264529,0.3221337478909891,0.06585002578117442,200.91167368038356,0.0034360432026562015,0.19861156838618657,-0.44169401668405134,0.24308244829896547,1.8389021348349466,-1.306087012413829,-0.5328151224211503,-1.6849358737465634,0.7274589236080912,0.9574769501396472,-1.1152198966595042,0.9758897184569436,-0.38284937243942774
0.5370741482965932,0.32214564703672843,0.06585217776236976,202.42267134142548,0.0033751619396668285,0.40654445435003195,-0.051785146315830755,-0.3547593080331245,0.5555206986659,1.288829089987732,-1.844349788653637,0.031921123527002,-1.4791731932899082,1.4472520697639863,-1.1161748196265018,0.9764574997322842,-0.38284937243942774
0.5410821643286573,0.3221569158139539,0.06585421643607214,203.93366877096292,0.0033145787355010033,-0.15059802629847127,0.4358371361283625,-0.28523910982886064,-1.7725175151564911,1.4600945263724687,0.31242298878405905,1.688181163408473,-0.903880759713342,-0.7843004036941437,-1.1171072397204507,0.9770126524182937,-0.38284937243942774
0.5450901803607214,0.32216758762040204,0.06585614776469577,205.44466597804885,0.0032544810631137525,-0.4246281497859229,0.10343290881862964,0.32119524096828117,-0.7673297188732037,-1.1143512172008663,1.8816809360740812,0.16972262923574089,1.3707273701763996,-1.5404499994111556,-1.118017658140927,0.9775554233808235,-0.38284937243942774
0.5490981963927856,0.3221776934002298,0.06585797755668914,206.95566296190992,0.003194805608305811,0.10038991615617973,-0.4238469648710241,0.32345704871577274,1.6808213982025968,-1.5932551612173966,-0.0875662369852385,-1.6673638617106403,1.0673085562235654,0.6000553054880436,-1.118906566430606,0.9780860487131862,-0.38284937243942774
0.5531062124248497,0.3221872628706496,0.0658597112009457,208.46665972724549,0.003135622169415841,0.43677205457617074,-0.15370990245535285,-0.28306215211994135,0.9681846588889309,0.9239581129312946,-1.8921427718202457,-0.36882228846083065,-1.242811748883518,1.6116340373452476,-1.1197744465872432,0.9786047664523017,-0.38284937243942774
0.5571142284569138,0.322196324415031,0.06586135418811183,209.97765627861102,0.0030769935474553234,-0.048689907481428894,0.40587624620499746,-0.35718633872272065,-1.5651194169081366,1.7036634416269423,-0.1385440247187807,1.622790858317145,-1.2154222320311272,-0.407368626285209,-1.1206217711658426,0.9791118134015809,-0.38284937243942774
0.561122244488978,0.3222049037300338,0.06586291028103453,211.48865261584103,0.003018861221255778,-0.4427906143794686,0.20190266739220653,0.24088794698807448,-1.1552166620997444,-0.7203679194258464,1.8755845815256147,0.5625463156354912,1.0972566764054805,-1.6598029920401756,-1.1214490033990474,0.9796074129884116,-0.38284937243942774
0.565130260521042,0.3222130271575683,0.06586438550854153,212.99964874724162,0.002961376277924468,-0.0037733600351334204,-0.3821675628477601,0.3859409228836601,1.4270676574939714,-1.7897466070958443,0.3626789496018423,-1.5551131768234312,1.3461254529067068,0.20898772391752285,-1.1222565972878096,0.9800918047199373,-0.38284937243942774
0.5691382765531061,0.3222207177999065,0.06586578284528476,214.5106446711074,0.0029044356124239014,0.4425848483218938,-0.24732524764272168,-0.19525960067842754,1.325754060722602,0.5064874687867723,-1.8322415295094032,-0.7481406046529332,-0.9361423772061969,1.6842829818598894,-1.1230449977547519,0.9805652023321637,-0.38284937243942774
0.5731462925851702,0.32222799884891584,0.06586710741913333,216.02164039477358,0.002848161025707446,0.05626026206666571,0.3530431863231537,-0.40930344838912475,-1.2686361119348684,1.850274679579405,-0.5816385676445162,1.4653049816070012,-1.4575670706382888,-0.007737910968038608,-1.1238146407246474,0.9810278374746755,-0.38284937243942774
0.5771543086172344,0.32223489161010527,0.06586836278429799,217.5326359203153,0.002792539486880322,-0.43614407461610283,0.28932913501645297,0.14681493960033443,-1.477360556628375,-0.285370817193368,1.762731373821777,0.9229675423708161,0.7617694118170142,-1.684736954187181,-1.1245659532780907,0.9814799264474807,-0.38284937243942774
0.5811623246492985,0.322241416458198,0.06586955262342932,219.0436312511014,0.002737588886254887,-0.1080288591424034,-0.31890174011140776,0.42693059925446536,1.092082347716121,-1.8843763800111186,0.7922940322949811,-1.35465098844568,1.5481660884803303,-0.19351510003398098,-1.1252993537607965,0.9819216855957473,-0.38284937243942774
0.5851703406813626,0.3222475926626512,0.06587068040811604,220.55462639059468,0.0026833273132200906,0.42354636258562606,-0.3273127390106827,-0.09623362357433653,1.6078700721066548,0.060175601678682814,-1.668045673785368,-1.08454342628592,-0.5766259913938704,1.6611694176804261,-1.126015251914161,0.9823533280124617,-0.38284937243942774
0.5891783567134268,0.3222534386262809,0.06587174947342733,222.06562134183855,0.0026297622790599903,0.15834445267776062,0.28021716084891257,-0.43856161352609074,-0.8999293159836292,1.8915662472526553,-0.9916369312690058,1.2247377924169667,-1.616643871693705,0.39190607927730176,-1.1267140489929712,0.9827750638751269,-0.38284937243942774
0.5931863727454909,0.3222589715850655,0.06587276290634034,223.57661610864804,0.002576917102684032,-0.40495765521872257,0.36073005906786043,0.04422759615143836,-1.7154176723558596,0.16588199707172102,1.5495356752841742,1.2305736633054105,0.3833526855130046,-1.613926348817877,-1.1273961379062252,0.9831870997568062,-0.38284937243942774
0.597194388777555,0.32226420809776934,0.06587372370045287,225.0876106938892,0.0025247923473733507,-0.20649153305806167,-0.2375283736051955,0.4440199066638061,0.6949207869466054,-1.8717404308313774,1.1768196438847545,-1.0774232548618508,1.6620348236060278,-0.584611568743606,-1.1280619033331947,0.9835896394299771,-0.38284937243942774
0.6012024048096192,0.3222691636797985,0.06587463463144817,226.5986051012282,0.0024734058462657135,0.38062970680333524,-0.38909883959875075,0.008469132795928813,1.7984663083601717,-0.3895732784532141,-1.408893029906994,-1.358985378286838,-0.1847048602179996,1.5436902385053854,-1.1287117218625164,0.9839828830904593,-0.38284937243942774
0.6052104208416833,0.32227385312095536,0.06587549834862655,228.10959933378123,0.00242276151471362,0.25178372686675654,0.19143269585688324,-0.4432164227231535,-0.4799843607642461,1.8251809737935025,-1.3451966130292434,0.9148121492606784,-1.6837019022739714,0.7688897530137728,-1.129345962118727,0.9843670278483758,-0.38284937243942774
0.6092184368737474,0.3222782904256828,0.06587631735777118,229.62059339479788,0.0023728658902244146,-0.3508966720499202,0.4120076550128738,-0.06111098296248229,-1.8558287873878874,0.6077031608382935,1.248125626549634,1.4679568223115576,-0.01648645912359059,-1.4514703631875334,-1.129964984891873,0.9847422675452344,-0.38284937243942774
0.6132264529058116,0.3222824888676913,0.06587709403039087,231.13158728749806,0.00232372417806342,-0.29357373623354005,-0.14257741929868092,0.436151155532674,0.258189659154709,-1.7525518214515718,1.4943621622968617,-0.7392262448865828,1.6813456445933053,-0.9421193997062631,-1.1305691432678837,0.9851087927752643,-0.38284937243942774
0.6172344689378757,0.3222864609755982,0.0658778305734907,232.64258101463042,0.0022753288393830566,0.31617049043787604,-0.4291218478398922,0.11295135740243631,1.8866847574235697,-0.8171557660847316,-1.0695289913388766,-1.555943206173617,0.21735474071496674,1.3385884654591143,-1.131158782760252,0.9854667906022022,-0.38284937243942774
0.6212424849699398,0.3222902188064274,0.06587852920988865,234.15357458060836,0.002227715377843266,0.33126273888515007,0.09165064516430517,-0.4229133840490498,-0.032704482091920714,1.6548893720805427,-1.6221848899886253,0.5531713031924643,-1.6550083988823021,1.1018370956902372,-1.131734241436178,0.9858164459671612,-0.38284937243942774
0.625250501002004,0.32229377355685224,0.06587919186649485,235.66456798737906,0.002180855305220556,-0.27693536822021836,0.44018889783137544,-0.1632535296107584,-1.8905923844784194,1.0149388108193407,0.8756535736591186,1.621698684345519,-0.415038854301809,-1.2066598300433513,-1.1322958500459714,0.9861579389877351,-0.38284937243942774
0.6292585170340681,0.3222971359639037,0.06587982046814325,237.17556123838588,0.0021347583036423656,-0.3643091093708153,-0.039371502839981726,0.4036806122111735,-0.19325044333637062,-1.533587703815825,1.726838147152193,-0.35930145533734587,1.6050737030067261,-1.2457722476690019,-1.132843932157703,0.9864914475821184,-0.38284937243942774
0.6332665330661322,0.32230031618090127,0.06588041681576658,238.68655433668087,0.002089424215047626,0.23374062328661088,-0.44504168016495566,0.21130105687869707,1.8674949138321726,-1.1982267919961422,-0.669268121836069,-1.6642939930834928,0.6067234634251892,1.0575705296586921,-1.133378804281052,0.9868171462398004,-0.38284937243942774
0.6372745490981964,0.32230332383032656,0.06588098261393908,240.19754728528025,0.0020448520457715205,0.3922363347233247,-0.01352010417534389,-0.37871623054764614,0.4164474756273626,1.3903786877077153,-1.8068261633350875,0.1603814638156109,-1.5322608204941341,1.3718793566788643,-1.1339007759957513,0.9871352062776957,-0.38284937243942774
0.6412825651302605,0.32230616783297056,0.06588151955707555,241.70854008676952,0.0020010299081698003,-0.18719316492042656,0.44360135009564017,-0.2564081851748773,-1.8177210883159876,1.3644006158280948,0.4533204724879214,1.6831296799009654,-0.7896792734549452,-0.893450406445711,-1.1344101500803214,0.987445796020683,-0.38284937243942774
0.6452905811623246,0.3223088574035402,0.06588202891496055,243.2195327451954,0.0019579834294600577,-0.41464000375258553,0.06627407684828582,0.3483659269046329,-0.6336981759373792,-1.2273072735267576,1.8610054494641513,0.04075259541321624,1.437614498206322,-1.4783670936192173,-1.1349072226319554,0.9877490799814884,-0.38284937243942774
0.6492985971943888,0.3223114001897481,0.06588251240571213,244.7305252624405,0.0019156838975934636,0.1379494909528849,-0.4358796847352547,0.2979301937826759,1.7419816106450803,-1.5110868240545305,-0.23089478659058402,-1.6779446957684514,0.9613019367404987,0.7166427590282969,-1.1353922831967833,0.9880452206924286,-0.38284937243942774
0.6533066132264529,0.3223138041253933,0.06588297130053344,246.24151764166194,0.001874134589209492,0.43119376848847507,-0.11814087139200893,-0.31305289709620276,0.8418988676490804,1.046702289694302,-1.8886011573434,-0.24123367183072686,-1.3224900963083777,1.563723768139394,-1.135865614892585,0.9883343767827796,-0.38284937243942774
0.657314629258517,0.32231607656853223,0.06588340689434513,247.75250988568,0.0018333310582212528,-0.08670486068514136,0.4219765852090715,-0.3352717245236741,-1.6413569703575843,1.6361883585806518,0.005168611776964344,1.6488198990994807,-1.1191486681642016,-0.5296712309350466,-1.1363274945309838,0.9886167040825661,-0.38284937243942774
0.6613226452905812,0.3223182243432386,0.06588382046923429,249.26350199834025,0.0017932946291604952,-0.44165429765463476,0.16838229071441063,0.27327200694050396,-1.0380749310261537,-0.8511432590008304,1.8892181900269993,0.43820461956555534,1.1885343185083717,-1.6267389380736714,-1.1367781927394034,0.9888923557984229,-0.38284937243942774
0.6653306613226453,0.32232025388203367,0.0658842130619354,250.7744939810265,0.0017539863692226884,0.03418589546899611,-0.4020825260391693,0.3678966305704339,1.517284084518674,-1.7379177179351246,0.22063363341641987,-1.5961777980019625,1.2609742558644204,0.3352035421378342,-1.1372179740727266,0.9891614835763572,-0.38284937243942774
0.6693386773547093,0.322322172833967,0.06588458578377411,252.2854858339989,0.0017153396702944681,0.44586444276269355,-0.21628196483315687,-0.2295824779292844,1.2194237367316771,0.643423337800787,-1.8628470745324903,-0.6288584614359998,-1.0376618016123944,1.6665202630486713,-1.1376470971707457,0.9894242263565219,-0.38284937243942774
0.6733466933867734,0.3223239854879684,0.06588493979686276,253.79647756458564,0.0016774648043586804,0.018865366411934443,0.37646909797829975,-0.39533446438999004,-1.3715348373541498,1.8148209554452421,-0.4432861180910671,1.5207731644658107,-1.3847589430974825,-0.13601422136810948,-1.1380658147908032,0.9896807370316031,-0.38284937243942774
0.6773547094188376,0.32232569804319566,0.06588527601714765,255.30746917346602,0.001640306378835145,-0.44375656029608107,0.2611559421139858,0.18260061818186557,-1.3833537510882592,-0.4265097165587718,1.8098634676468783,0.8104790737729406,0.8720276477382319,-1.68250672151147,-1.1384743740162526,0.9899311535165517,-0.38284937243942774
0.6813627254509017,0.32232731583130464,0.06588559537526675,256.8184606631842,0.001603856625421163,-0.07169237897033709,-0.34549661471051873,0.4171889936805833,1.2061905826809225,-1.8657984915030592,0.6596079088221093,-1.4236885384910334,1.4887446694119169,-0.06505613092111685,-1.1388730163222358,0.9901756141005961,-0.38284937243942774
0.6853707414829658,0.3223288438293834,0.0658858986868686,258.32945203689576,0.0015681231898893846,0.43535330239911346,-0.30236242416420167,-0.13299087823521344,1.5275232954878863,0.20350092186372795,-1.7310242173516375,-0.980479363516247,-0.6939970508073622,1.674476414323379,-1.139261977688952,0.9904142525292315,-0.38284937243942774
0.68937875751503,0.3223302869794151,0.06588618696390075,259.84044329512506,0.0015330507724535028,0.12354446625559665,0.30959798474501793,-0.4331424510008641,-1.0236129175673772,1.8901211360003989,-0.8665082184330017,1.3063126341351547,-1.571452595185411,0.2651399610499864,-1.1396414887627286,0.9906472067121139,-0.38284937243942774
0.6933867735470941,0.32233164971655237,0.06588646084303339,261.35143444237764,0.001498681935491459,-0.4207651459668006,0.3393105639013365,0.08145458206523828,-1.6498698701893288,0.02241683317097881,1.6274530370183857,1.1364371919688006,0.5061114540495996,-1.6425486460186596,-1.1400117748609648,0.9908746014418789,-0.38284937243942774
0.6973947895791582,0.3223329363479258,0.06588672111540696,262.86242548033914,0.0014649905665796651,-0.17368277292639828,-0.2692784586515054,0.4429612315776753,0.8264101764935662,-1.8874412554525144,1.061031078958932,-1.1703242856981855,1.6317086914002539,-0.4613844057022761,-1.1403730561891123,0.9910965657476448,-0.38284937243942774
0.7014028056112224,0.3223341509472189,0.06588696849015349,264.37341641136095,0.0014319680189289511,0.4001944827443632,-0.3714702603043622,-0.028724222440229263,1.7486474627351956,-0.24801626362737625,-1.5006311991078543,-1.2761326692581008,-0.31105251540728684,1.5871851846651943,-1.1407255478924831,0.9913132242918976,-0.38284937243942774
0.7054108216432865,0.322335297371103,0.06588720363814178,265.8844072377637,0.0013996057145656757,0.22139196273244618,0.22510685311245582,-0.4464988158451245,-0.6173992090912912,1.857796143305494,-1.2403969342141914,1.017666648249064,-1.6686582816115472,0.6509916333622472,-1.1410694601720348,0.9915246991383982,-0.38284937243942774
0.7094188376753506,0.32233637927366393,0.06588742719454763,267.3953979618256,0.0013678948942678528,-0.37392703811481787,0.3983785443882827,-0.024451506273663257,-1.82244331191245,0.47007412677793864,1.3523691851345485,1.3975765581321085,0.11160354691706892,-1.5091801050494156,-1.141404998387877,0.9917311097883286,-0.38284937243942774
0.7134268537074148,0.32233740011683387,0.065887639760752,268.9063885857838,0.0013368266549445113,-0.2659904220999489,-0.17770784758344538,0.4436982696831999,0.39956590797383074,-1.801608670749122,1.4020427627752834,-0.8505204388988883,1.6817791911986473,-0.8312587522999411,-1.1417323631611405,0.991932573221962,-0.38284937243942774
0.7174348697394789,0.32233836318071235,0.06588784190617507,270.41737911183395,0.0013063919562624833,0.34233089435177955,-0.41964699971542185,0.07731610536344566,1.8702024557992116,-0.6854177194632264,-1.1847847363360233,-1.499040370147167,0.08938980437545652,1.4096505657715517,-1.1420517504742012,0.9921292039394619,-0.38284937243942774
0.721442885771543,0.32233927157306824,0.06588803417009167,271.9283695421316,0.0012765816608228358,0.3068401141321175,0.12775300702858403,-0.4345931211608783,-0.1760223442505436,1.7196809752409943,-1.5436586309904492,0.6712726396906084,-1.6708889533682583,0.9996163136774594,-1.142363351769285,0.9923211139998603,-0.38284937243942774
0.7254509018036072,0.32234012824752517,0.06588821706552724,273.4393598787907,0.0012473865225034898,-0.30585072294712223,0.4349673119525882,-0.1291165890056283,-1.8912419923132513,0.8909701779820659,1.000271814331224,1.5790806790625365,-0.2890602031469065,-1.2900204759158307,-1.1426673540454293,0.9925084130436467,-0.38284937243942774
0.7294589178356713,0.32234093598080427,0.06588839107283645,274.9503501238856,0.0012187972170230378,-0.34335580659600484,-0.07595122697092062,0.41930703356676424,-0.050037692677039086,-1.6131831318817331,1.6632208245587712,-0.48248252251007884,1.636147520216372,-1.153664997706423,-1.142963939953789,0.9926912084006347,-0.38284937243942774
0.7334669338677354,0.3223416974147731,0.06588855664982456,276.4613402794515,0.0011908043952531034,0.2650014500776127,-0.44411574965254774,0.17911429957478847,1.8852606743683966,-1.0837943978697575,-0.8014662764986777,-1.6365595437638623,0.4845594843284056,1.1520000594353499,-1.1432532878913628,0.9928696050568412,-0.38284937243942774
0.7374749498997996,0.3223424150261468,0.06588871422119677,277.97233034743977,0.0011633975579268972,0.3750134468148222,0.023038574788401028,-0.3980520216033689,0.27538435460583405,1.483635935543007,-1.7590202901488474,0.28684500256295586,-1.5780545063581288,1.2912095037950322,-1.1435355720931035,0.9930437057864653,-0.38284937243942774
0.7414829659318637,0.322343091106752,0.06588886429866708,279.48332033075866,0.0011365907453454063,-0.2203610050647988,0.4469565053409707,-0.2265955002763023,-1.8523432436970964,1.2611348448245143,0.5912083988726167,1.6706608270861265,-0.6730992649856362,-0.9975615621006573,-1.1438109627230097,0.9932136112590239,-0.38284937243942774
0.7454909819639278,0.3223437282399639,0.06588900699703062,280.99431022864974,0.0011103081445800233,-0.401357905711593,0.03023223430152703,0.37112567140994657,-0.4967978577673844,-1.3328901891043252,1.8296880468717194,-0.0871525694580581,1.4974429498782869,-1.410290380420355,-1.1440796259623527,0.9933794187947897,-0.38284937243942774
0.749498997995992,0.3223443282316864,0.06588914297117748,282.5053000456938,0.0010846076923583085,0.1725619852339298,-0.44344360682598943,0.27088162159193524,1.7929594799504593,-1.42045763153341,-0.3725018484170864,-1.6809014919953258,0.8519903302636108,0.8289111617316289,-1.144341724092786,0.9935412255777939,-0.38284937243942774
0.7535070140280561,0.32234489321541376,0.06588927246833227,284.0162897828644,0.0010594580064432896,0.42200942941578723,-0.0831025862595762,-0.3389068431563338,0.7111145678019941,1.1630993503378226,-1.8742139181398307,-0.11374483968054028,-1.3954666739170236,1.509211513597452,-1.1445974155902063,0.9936991251602924,-0.38284937243942774
0.7575150300601202,0.3223454249670509,0.06588939579448741,285.5272794418623,0.0010348470034817622,-0.12228320447994384,0.4336223082486598,-0.311339103768827,-1.7079578083764952,1.559485967244486,0.14847184113204379,1.6671400107548004,-1.018682138659459,-0.6484578720954882,-1.1448468552034305,0.9938532097540538,-0.38284937243942774
0.7615230460921844,0.3223459254575925,0.06588951330135823,287.0382690244046,0.0010107640162925822,-0.4366691882024696,0.13481867013510912,0.30185051806726015,-0.9152719355613625,-0.9766887704869989,1.8919607060483796,0.3129803636192311,1.2735838785773717,-1.5865642421967177,-1.1450901940387295,0.994003568975205,-0.38284937243942774
0.7655310621242485,0.3223463963896,0.06588962527473587,288.5492585325017,0.0009872065856744634,0.07023886577186077,-0.41762733415795983,0.347388468385997,1.598551928111675,-1.6762328104121527,0.07768088230044615,-1.6295757297735727,1.1707974468193243,0.4587782829541796,-1.1453275796386295,0.9941502905748625,-0.38284937243942774
0.7695390781563125,0.32234683922689583,0.06588973196444553,290.060247967624,0.0009641597176440956,0.4451238779977378,-0.18464262259834432,-0.2604812553994991,1.1063529273955042,0.7763221012057325,-1.88267502860126,-0.5077110896751607,-1.1335371818611024,1.6412482715361782,-1.145559156063192,0.9942934608898848,-0.38284937243942774
0.7735470941883766,0.32234725564529443,0.06588983367716851,291.57123733137945,0.0009416127607853328,-0.01716968259425382,0.39568230688379386,-0.3785126242896292,-1.466304603733859,1.7690295405229275,-0.3027249367890381,1.5687482773028925,-1.3061676278236998,-0.262580649479314,-1.145785063967376,0.9944331637536443,-0.38284937243942774
0.7775551102204408,0.322347647129123,0.06588993065917707,293.08222662567835,0.0009195635466535344,-0.44724829573955527,0.23186302088952124,0.21538527484996178,-1.2816267979270586,-0.5648618346901872,1.846488632617272,0.6951584237776965,0.977327463243364,-1.672485887021157,-1.1460054406767548,0.994569480988186,-0.38284937243942774
0.7815631262525049,0.3223480148947338,0.06589002311354425,294.59321585191753,0.0008979979995534781,-0.03616866841134029,-0.3680958230302311,0.40426449144149307,1.3131053479577097,-1.8365500504908758,0.5234447025331387,-1.485529003671059,1.4228629821395413,0.06266602153147087,-1.146220420262962,0.9947024933049142,-0.38284937243942774
0.785571142284569,0.3223483603572446,0.06589011130690879,296.1042050115788,0.0008769050483452211,0.4430080758280576,-0.27580480963062387,-0.16720326619751788,1.4385889645649812,0.34532938802026175,-1.783918352585272,-0.872648218801154,-0.807186552765496,1.6798347715665927,-1.1464301336172054,0.9948322790424412,-0.38284937243942774
0.7895791583166332,0.32234868479384726,0.06589019544906062,297.6151941064365,0.0008562818574901777,0.08901606540197488,0.33525720046470003,-0.4242732658667481,-1.1411426290613769,1.8778288221887218,-0.7366861931273219,1.3811083653465484,-1.5192201392221443,0.13811177387549706,-1.1466347085215418,0.9949589146036661,-0.38284937243942774
0.7935871743486973,0.32234898922491234,0.06589027569730213,299.1261831377264,0.0008361125973032265,-0.4324593083500527,0.3158394248401124,0.11661988350988049,-1.574996360657837,-0.12086152800042833,1.6958578886582965,1.037648230560048,0.6255446000895236,-1.6631928306496613,-1.1468342697226743,0.9950824751004483,-0.38284937243942774
0.7975951903807614,0.32234927485259157,0.06589035230741264,300.63717210717743,0.000816396081055261,-0.14061849203822127,-0.29763166029094706,0.43825015232910874,0.9528736052697664,-1.8922760257044524,0.9394024204346668,-1.2569798263950682,1.5938666903970644,-0.33688686400203394,-1.1470289389913844,0.9952030340875221,-0.38284937243942774
0.8016032064128256,0.32234954275035804,0.06589042543812267,302.14816101634307,0.0007971255090625868,0.4157485527244979,-0.3513935776573155,-0.0643549750672462,1.6888993199566575,-0.10533440224628579,-1.5835649177104074,-1.187804742223671,-0.4349956783712796,1.622800420594918,-1.147218835203471,0.9953206624579212,-0.38284937243942774
0.8056112224448897,0.3223497938307785,0.0658904952382513,303.6591498658423,0.0007782736518992756,0.19023949844018698,0.2557525014994819,-0.44599199993972655,-0.7509880499618298,1.879684487797161,-1.1286964378353164,1.114917204582194,-1.6457391704007376,0.5308219658184675,-1.1474040743935832,0.9954354309147084,-0.38284937243942774
0.8096192384769538,0.32235002914911837,0.0658905619226846,305.1701386579097,0.0007598529445549271,-0.39311042329250234,0.38195747907688,0.011152944215579856,-1.7786699711200757,0.3300262401317327,1.4486437309883793,1.3209759518238469,0.23826096903526628,-1.5592369208591916,-1.1475847698289838,0.9955474071406357,-0.38284937243942774
0.813627254509018,0.32235024943730867,0.06589062559837977,306.68112739351847,0.0007418457126059766,-0.2371702429494599,-0.21021450078522505,0.4473847437346398,0.5383706094296307,-1.8402337419765014,1.3018631325468586,-0.9569505378335867,1.6740996158932562,-0.7171490780596982,-1.1477610320702478,0.9956566583107834,-0.38284937243942774
0.8176352705410821,0.3223504556855479,0.06589068644550852,308.1921160741231,0.0007242471869003809,0.3648643931253482,-0.40709247934500076,0.04222808621959624,1.8430252609268067,-0.550003235810319,-1.293022025116526,-1.4352625556772272,-0.038149647453897824,1.4734122031311094,-1.147932969033038,0.9957632492629811,-0.38284937243942774
0.8216432865731462,0.3223506485331034,0.06589074457173286,309.70310470081614,0.0007070443446567913,0.2807398102254003,0.16166537296530248,-0.44240518319075284,-0.3180594071531113,1.7744874178730632,-1.4564280107199457,0.7853368402585651,-1.678545985522071,0.8932091452634453,-1.148100686049466,0.9958672441502695,-0.38284937243942774
0.8256513026052104,0.322350828917882,0.06589080014700922,311.2140932751011,0.000690235268136329,-0.3314102879060203,0.4264370739794523,-0.09502678607346544,-1.8810452451576705,0.7621219621303904,1.118923283027319,1.529034873478604,-0.1624810135667111,-1.3665538599119649,-1.1482642859272565,0.995968704708539,-0.38284937243942774
0.8296593186372745,0.3223509973453605,0.06589085325302442,312.7250817979186,0.0006738047472856334,-0.32032495978428166,-0.1107960194160793,0.4311209792003178,0.09320244320002387,-1.6833845858059096,1.5901821426058935,-0.6025274961149465,1.659017103830406,-1.0564896077155053,-1.1484238690084763,0.9960676922070628,-0.38284937243942774
0.8336673346693386,0.32235115463351793,0.06589090405057418,314.236070270705,0.0006577507644507528,0.2932228211663933,-0.43971238255708595,0.14648956139063504,1.8921862441535389,-0.9633511968342438,-0.9288350473193335,-1.6009562300230193,0.36076656247362193,1.2401896675493789,-1.148579533227044,0.9961642659185642,-0.38284937243942774
0.8376753507014028,0.32235130145359947,0.06589095264296566,315.7470586946289,0.0006420653805369765,0.3553589791740213,0.058330686034536824,-0.41368966520861444,0.13298721411292044,1.5682265797453545,-1.7012137938582792,0.4111335830723171,-1.6157937938981908,1.204660210825818,-1.1487313741635854,0.9962584835100541,-0.38284937243942774
0.8416833667334669,0.32235143827443774,0.06589099911898975,317.2580470707091,0.0006267376834200582,-0.25084432547697944,0.4467259843387914,-0.1958816588618531,-1.876288920732306,1.1508153769133045,0.72547354381904,1.6500017078101632,-0.5538760639517183,-1.096125643858525,-1.1488794851010724,0.996350402068372,-0.38284937243942774
0.845691382765531,0.3223515656961287,0.06589104357763438,318.7690354001809,0.0006117629117145364,-0.3853398603660389,-0.0050175013202104005,0.3903573616862161,-0.3572773838143455,-1.430658876714227,1.7879362605285813,-0.2138887039695711,1.5494957392599438,-1.335607035290412,-1.1490239570781506,0.9964400767701446,-0.38284937243942774
0.8496993987975952,0.32235168431103284,0.06589108614308832,320.2800236839797,0.0005971295701402026,0.20487764684982135,-0.4473749924903719,0.24249734564050332,1.8335800645128895,-1.3218355169587626,-0.5117445475541645,-1.6754732305158007,0.7390527868047325,0.9364204437110605,-1.149164878941544,0.9965275617652377,-0.38284937243942774
0.8537074148296593,0.3223517946461721,0.06589112689635215,321.79101192340266,0.0005828359181756978,0.4098375248735126,-0.04838347336259476,-0.3614540515109686,0.5764629680812309,1.2726470164488195,-1.8491099845300627,0.013609779792433314,-1.4610714480198936,1.447461668227419,-1.1493023373970215,0.9966129095808242,-0.38284937243942774
0.8577154308617234,0.3223518971511269,0.06589116591889904,323.3020001193854,0.0005688719069114897,-0.15597684322686733,0.44164711060203204,-0.2856702673752038,-1.7646695037210065,1.4739674177406967,0.2907020859803457,1.6770086578886216,-0.9136530070395252,-0.7633556508491725,-1.1494364170599098,0.9966961718718853,-0.38284937243942774
0.8617234468937875,0.3223519922648066,0.06589120329105654,324.8129882730802,0.0005552336324865569,-0.4284999840791523,0.10111020744523588,0.32738977663388386,-0.7874117597600735,-1.0964487340352262,1.8838604937953154,0.18684306607594203,1.351785316919814,-1.5386283829958005,-1.1495672005036912,0.9967773990867647,-0.38284937243942774
0.8657314629258517,0.3223520804092252,0.06589123909319522,326.3239763851924,0.0005419066811951694,0.10483867729112484,-0.42962154899599214,0.32478287170482384,1.670541940277262,-1.605037103584965,-0.06550483669233241,-1.6545883901493388,1.0751845435992653,0.5794038465500678,-1.1496947683085368,0.9968566403740468,-0.38284937243942774
0.8697394789579158,0.32235216205864187,0.06589127340664953,327.83496445710597,0.0005288943185401275,0.44105850795616963,-0.15240995254190162,-0.2886485554143157,0.9871091657851584,0.9045816805837628,-1.8916908463689408,-0.38460734879697644,-1.2231996309480762,1.6078069797450214,-1.1498191991075246,0.9969339435700681,-0.38284937243942774
0.8737474949899798,0.32235223753463527,0.06589130629265354,329.34595248947534,0.0005161822169539722,-0.05219201144176309,0.4114673932380254,-0.3592753817963018,-1.552542374711815,1.7131715647192693,-0.16062919000742307,1.6085345216019937,-1.221341772519061,-0.3871927490830043,-1.1499405696330878,0.9970093556838383,-0.38284937243942774
0.877755511022044,0.32235230722286856,0.06589133782160429,330.8569404833483,0.0005037665620735092,-0.44733145835658783,0.2015500168793625,0.24578144147719894,-1.1727013718262647,-0.6997875590558622,1.8724889308821497,0.5768590599697587,1.0771521217792213,-1.6540111817490264,-1.1500589547614406,0.9970829224298684,-0.38284937243942774
0.8817635270541081,0.3223523714705498,0.06589136805549925,332.36792843961354,0.0004916402074124732,-0.0012124123376020986,-0.387441224976304,0.38865363731387337,1.4123562617069845,-1.7968247657493037,0.3844685040422899,-1.5395059430692883,1.3500382046572974,0.18946773841198886,-1.1501744275566335,0.9971546884709495,-0.38284937243942774
0.8857715430861722,0.3223524306003157,0.06589139705674517,333.8789163592171,0.00047979808764785434,0.4472269405558373,-0.24782822556491266,-0.19939871499096523,1.3415360930343818,0.48499282132268556,-1.8265289143570937,-0.7608530125709939,-0.915729768443887,1.6765827810148632,-1.1502870593132593,0.9972246974444492,-0.38284937243942774
0.8897795591182364,0.32235248487424606,0.06589142486613103,335.38990424296054,0.0004682321515684193,0.054612508701775184,0.3578839916244539,-0.4124965003262599,-1.2519869594501571,1.8548012814963477,-0.6028143220461654,1.4484903550714259,-1.4594372850089363,0.010946929937451555,-1.1503969195983592,0.9972929919898542,-0.38284937243942774
0.8937875751503005,0.3223525346829433,0.0658914515678993,336.90089209177955,0.00045693829760087753,-0.44074425607900225,0.29058298047202374,0.15016127560695725,-1.4912004829636554,-0.26326686276160693,1.754467345725292,0.9339620844073178,0.7412389965558537,-1.67520108096322,-1.1505040762926955,0.997359613539859,-0.38284937243942774
0.8977955911823646,0.32235258023595725,0.06589147720120339,338.41187990638815,0.00044590750961388115,-0.10724622324685026,-0.32321545885973607,0.43046168210656083,1.0737261298393959,-1.8862725157294855,0.8125463858900686,-1.3367890763572186,1.547977814611702,-0.2111887382544842,-1.150608595630275,0.9974246028694259,-0.38284937243942774
0.9018036072144288,0.32235262181832935,0.06589150181081185,339.922867687799,0.00043513881434361046,0.42797358612046366,-0.32920284541224654,-0.09877074070825353,1.619555662468263,0.03777819328996879,-1.6573338557582653,-1.0937145264660022,-0.5561727437395518,1.6498872702055514,-1.1507105422376032,0.9974879993998615,-0.38284937243942774
0.9058116232464929,0.3223526596682653,0.06589152544472855,341.4338554366342,0.00042462207148826717,0.15836178808924403,0.28392903343120135,-0.44229082152047305,-0.8801210256569414,1.8907885214963394,-1.01066749583938,1.2059988173185892,-1.6143966415560815,0.4083978242374431,-1.1508099791723834,0.9975498418982904,-0.38284937243942774
0.909819639278557,0.32235269401024,0.06589154815095763,342.94484315386677,0.000414356480664007,-0.4090953469842164,0.36313510519381303,0.045960241790380336,-1.7247672264804426,0.1882508983889778,1.5365163280915002,1.2378295549900935,0.3631748833300658,-1.6010044383202091,-1.1509069679601,0.9976101681779168,-0.38284937243942774
0.9138276553106212,0.32235272511799645,0.06589156997670013,344.45583084001106,0.00040433032408134363,-0.20722908011494695,-0.24058392938194828,0.447813009496876,0.6739381619559042,-1.8682843806496743,1.1943462186937561,-1.0579886142631072,1.6577462037839343,-0.5997575895208279,-1.1510015686313195,0.997669014889664,-0.38284937243942774
0.9178356713426853,0.3223527530937087,0.06589159094352258,345.96681849595967,0.00039454189947153636,0.384377092913273,-0.3918938789941698,0.007516786080867102,1.8053313227098597,-0.41159032818091335,-1.3937409945289834,-1.3642495559671581,-0.16500244024238686,1.5292519962095512,-1.151093839756585,0.9977264183214579,-0.38284937243942774
0.9218436873747494,0.3223527781958414,0.06589161109732775,347.4778061224769,0.00038498683700324637,0.25314974118590133,0.19379798016538663,-0.44694772135131383,-0.4581240566522222,1.8190819493496224,-1.3609578926973922,0.8948738222935894,-1.6774091841122338,0.782535361818607,-1.1511838384819102,0.9977824133680181,-0.38284937243942774
0.9258517034068136,0.3223528005506817,0.06589163047303069,348.9887937200731,0.00037565493380726475,-0.35417019039021375,0.4150671555205632,-0.06089696513036345,-1.8600967889857627,0.6290485067052628,1.2310482822805375,1.4711701487762412,-0.03551370483880521,-1.4356564439374864,-1.151271620562654,0.9978370345878144,-0.38284937243942774
0.9298597194388777,0.32235282043813024,0.06589164911541208,350.49978128957537,0.00036654443568251936,-0.2954672786851446,-0.1442379244494303,0.4397052031345596,0.2357625144538573,-1.7438833816362918,1.508120867182429,-0.7189846843740474,1.6731052370359676,-0.9541205526619261,-1.1513572403969108,0.9978903150168242,-0.38284937243942774
0.9338677354709418,0.3223528379861681,0.06589166706232766,352.01076883186124,0.00035765536430860907,0.3189040880403967,-0.43232240560396795,0.11341831756354476,1.8882806618671184,-0.8375177592542931,-1.0507629026128646,-1.5570647863425104,0.23550927914545028,1.3215555071970717,-1.1514407510568676,0.9979422875983947,-0.38284937243942774
0.937875751503006,0.32235285323502466,0.06589168430957773,353.5217563472104,0.0003489732530590085,0.33357653799960724,0.09261080572946823,-0.42618734372909944,-0.010031362530477955,1.6437637358348476,-1.6337323733043687,0.5328345561735092,-1.6448975998085642,1.1120630436350258,-1.1515222043229543,0.997992984300686,-0.38284937243942774
0.9418837675350701,0.3223528664751665,0.06589170092117394,355.0327438365118,0.0003404993961728938,-0.27908121197161273,0.44341169363406485,-0.16433048166246225,-1.8894795899974364,1.0340186825331186,0.8554609074643569,1.6207075280517829,-0.43212755719709295,-1.1885799708547402,-1.151601650712735,0.9980424359553086,-0.38284937243942774
0.9458917835671342,0.3223528777907402,0.06589171691871672,356.54373130023856,0.00033222515212729775,-0.36693224637182664,-0.03965305375617878,0.4065853001279978,-0.2158435841089666,-1.5201534041679432,1.7359969882769148,-0.339082893782537,1.593190075619241,-1.2541071818367127,-1.151679139512046,0.9980906731122712,-0.38284937243942774
0.9498997995991983,0.3223528873649634,0.06589173232976352,358.0547187392461,0.00032415191039537216,0.23526883085455047,-0.44817509027551383,0.2129062594209448,1.8636768720599097,-1.2157433012755101,-0.647933570784437,-1.6611905252444492,0.6225600404836761,1.0386304847607926,-1.151754718804298,0.9981377251379989,-0.38284937243942774
0.9539078156312625,0.32235289515398763,0.06589174715418719,359.565706153918,0.0003162697236244622,0.39505694098115374,-0.013879252320747847,-0.38117768866042506,0.43863442325119834,1.374818915254171,-1.813453338505379,0.1404977966648149,-1.5187226637361795,1.3782248670713513,-1.1518284354997863,0.9981836214686288,-0.38284937243942774
0.9579158316633266,0.32235290144475665,0.06589176144624614,361.0766935448213,0.0003085736787438794,-0.18809183364277798,0.4465431099419049,-0.2584512762991364,-1.8112406367755856,1.3800943031016677,0.43114633367395394,1.6779364249190685,-0.8040867337401343,-0.873849691178981,-1.1519003353636765,0.998228389848196,-0.38284937243942774
0.9619238476953907,0.32235290634369357,0.0658917752312381,362.58768091275925,0.0003010651640077081,-0.41754776730335336,0.06722185765799177,0.3503259096453549,-0.6551572685782368,-1.2098369775596047,1.8649942461378535,0.060083755615794154,1.4225600045326292,-1.4826437601484375,-1.151970463043662,0.9982720578394984,-0.38284937243942774
0.9659318637274549,0.3223529098385575,0.06589178850690257,364.09866825811537,0.0002937355660222689,0.13822300708116314,-0.43853752140145597,0.30031451432027734,1.7329204232985127,-1.524723072410582,-0.20819735088796623,-1.6707070759571818,0.974114820211371,0.6965922557458326,-1.1520388620968183,0.9983146526043236,-0.38284937243942774
0.969939879759519,0.3223529120479617,0.06589180129430183,365.6096555814509,0.00028658112093240146,0.43408230778532514,-0.11961293227140754,-0.3144693755139383,0.862317790614233,1.0275652084874323,-1.8898829991016821,-0.2597963115743516,-1.3060767727480083,1.5658730843223534,-1.1521055750159097,0.998356200271033,-0.38284937243942774
0.9739478957915831,0.3223529131192543,0.06589181363940275,367.1206428832261,0.0002795959245395829,-0.08637409317468012,0.42427141688941955,-0.33789732371475106,-1.6298352467277792,1.6475625797272642,-0.017727332999452342,1.639606889473089,-1.1302159884733856,-0.5093909009997494,-1.1521706432552972,0.9983967264798193,-0.38284937243942774
0.9779559118236472,0.32235291313552017,0.06589182554596434,368.6316301641549,0.0002727808405743741,-0.44442309955600423,0.17030417044318427,0.2741189291128194,-1.057155384342332,-0.8306083266877411,1.8877637110300944,0.4557868286323462,1.1709377382141002,-1.6267245668464656,-1.152234107255569,0.9984362560136565,-0.38284937243942774
0.9819639278557113,0.32235291220204215,0.06589183704299377,370.14261742469256,0.00026613067739484774,0.0332849181133294,-0.4039469594960658,0.37066204138272624,1.5034580263866197,-1.7468570545975637,0.24339902821091358,-1.585080684195769,1.2701604031388691,0.3149202810569222,-1.1522960064685355,0.9984748133470607,-0.38284937243942774
0.9859719438877754,0.3223529103114559,0.06589184812805568,371.6536046652475,0.00025963938111627063,0.44842124237973036,-0.21857122300701676,-0.22985001937273203,1.2368857133809492,0.6217810880618693,-1.8586668014428442,-0.6452555499798042,-1.019074335719334,1.6643298856991426,-1.1523563793803335,0.9985124221933386,-0.38284937243942774
0.9899799599198396,0.3223529075506448,0.06589185882886278,373.1645918863108,0.0002533034152473788,0.020286343622252578,0.3778534608597278,-0.39813980448198716,-1.3555949170021542,1.8211875959275177,-0.4655926789253354,1.5079087076924944,-1.3919497254915347,-0.11595898220099679,-1.1524152635363905,0.9985491060646456,-0.38284937243942774
0.9939879759519037,0.32235290402453276,0.06589186915218075,374.6755790882587,0.00024711677098672804,-0.4460183335339076,0.26372420323896356,0.18229413029494906,-1.3989398372035546,-0.40406756551380757,1.8030074027173904,0.8254958193036332,0.8526565052426885,-1.6781523245463426,-1.1524726955624436,0.9985848872471855,-0.38284937243942774
0.9979959919839678,0.32235289978365517,0.06589187913437482,376.18656627188835,0.00024108420293361934,-0.07357475507931449,-0.34636240902407484,0.4199371641033853,1.1883588379088954,-1.8694917325971112,0.681132894688191,-1.40919411195988,1.493844539327909,-0.08465042736800543,-1.1525287111870672,0.9986197881436563,-0.38284937243942774
1.002004008016032,0.32235289488229496,0.06589188876853598,377.6975534373738,0.00023519532354817534,0.4372475707283143,-0.3051176943785736,-0.1321298763497537,1.5410019937777555,0.18057925389238091,-1.7215812476701675,-0.9939329809205538,-0.6740624846168759,1.6679954655374465,-1.1525833452653214,0.9986538300775651,-0.38284937243942774
1.006012024048096,0.32235288943128293,0.06589189808454886,379.2085405853077,0.00022945057346535183,0.1258191227122508,0.3099226927498927,-0.4357418154621481,-1.004139829930507,1.8910792844439674,-0.8869394545134388,1.2903480771299713,-1.574389948088613,0.28404187095861244,-1.152636631797417,0.9986870340266856,-0.38284937243942774
1.0100200400801602,0.3223528833393906,0.06589190706452153,380.7195277159674,0.00022384281613036365,-0.4222332119440827,0.3421598073675277,0.08007340457656204,-1.6610420629822764,0.04548999927418087,1.6155520637081295,1.148161146517047,0.48584426027867644,-1.6340054067957483,-1.1526886039506636,0.998719420854897,-0.38284937243942774
1.0140280561122244,0.3223528767800195,0.06589191576157075,382.230514829762,0.00021836858293444795,-0.17627304214979783,-0.2690538198145682,0.44532686196436605,0.8055701152660579,-1.885640928377775,1.0800708131117005,-1.1530687745665817,1.6324354145071598,-0.4793666399405584,-1.1527392940797911,0.9987510105076542,-0.38284937243942774
1.0180360721442885,0.322352869828295,0.0658919241751219,383.7415019273186,0.00021303007037064422,0.40118852108013187,-0.37432070544910406,-0.026867815631039946,1.7573441207485456,-0.2709094550484707,-1.4864346657001108,-1.2859771006496112,-0.29069109403691507,1.5766681946865488,-1.152788733746228,0.9987818221883729,-0.38284937243942774
1.0220440881763526,0.32235286235572225,0.06589193228924078,385.25248900874567,0.00020781691229749153,0.22421554532379176,0.2243389979935488,-0.44855454331734834,-0.5954878192841897,1.8532549900228246,-1.257767170738623,0.999318528288385,-1.6671528350002376,0.6678343067118291,-1.152836953737425,0.9988118753980564,-0.38284937243942774
1.0260521042084167,0.32235285458619467,0.06589194014727223,386.7634760746707,0.00020273201525644694,-0.3744132363201802,0.401140228363195,-0.026726992043008747,-1.82853190571417,0.4924575956520932,1.3360743100621142,1.40541239819796,0.0913914285693352,-1.4968038267673256,-1.1528839840868865,0.9988411884261059,-0.38284937243942774
1.0300601202404809,0.3223528464687618,0.06589194774711782,388.27446312539485,0.0001977704627784195,-0.26896148164512423,-0.17641612960544722,0.44537761125057523,0.37689505450844973,-1.7943838630200373,1.41748880851158,-0.8312942684656579,1.6780464982498255,-0.8467522297841528,-1.152929854089705,0.998869779608543,-0.38284937243942774
1.034068136272545,0.3223528380451776,0.06589195510199011,389.78545016127623,0.0001929289435528166,0.3422889027659724,-0.4222344777428156,0.07994557497683649,1.8735879924633776,-0.7069682250805174,-1.1666197673828984,-1.5047610747777973,0.1092071095556113,1.3955539652222164,-1.152974592323632,0.9988976666074021,-0.38284937243942774
1.0380761523046091,0.3223528293610268,0.06589196221717698,391.29643718267704,0.0001882046509314415,0.30987114747728345,0.12596946242514268,-0.4358406099024322,-0.15291576881241872,1.7098688480547861,-1.5569530792423643,0.6513971397445186,-1.6649615903449557,1.0135644506004242,-1.1530182266649234,0.9989248666971742,-0.38284937243942774
1.0420841683366733,0.3223528204380405,0.06589196910424912,392.8074241899825,0.00018359557860107452,-0.30527367597034133,0.4373013152113638,-0.13202763924101668,-1.891868387750714,0.9113757014530927,0.98049268629766,1.5826042363321056,-0.3082383977049385,-1.2743658386271992,-1.1530607843054217,0.9989513967014853,-0.38284937243942774
1.0460921843687374,0.32235281131007765,0.06589197577019938,394.3184111834559,0.00017909698685018502,-0.3463596331336293,-0.07371922378173446,0.42007885691537084,-0.07324910890907584,-1.600917694281589,1.6741668031906665,-0.4621977795453327,1.6280856615947776,-1.1658878820494356,-1.1531022917702216,0.998977273190279,-0.38284937243942774
1.0501002004008015,0.3223528020026668,0.0658919822244239,395.8293981635163,0.00017470827158425086,0.2638956219492365,-0.4461246666014613,0.1822290446522193,1.883111706662525,-1.102758729702415,-0.780352976960148,-1.6378302040946962,0.5028587274023059,1.1349714766924235,-1.1531427749320928,0.9990025120908647,-0.38284937243942774
1.0541082164328657,0.3223527925411358,0.06589198847424271,397.34038513046306,0.00017042611343312094,0.3779051033010396,0.02041157978037883,-0.39831668308142715,0.29836740432410586,1.4690873712273045,-1.7674547755514167,0.26639970098322185,-1.567946187878371,1.3015464868951427,-1.1531822590292105,0.9990271290996839,-0.38284937243942774
1.0581162324649298,0.3223527829424928,0.06589199452780523,398.8513720846255,0.00016624817525623647,-0.2187453318304265,0.44857771300275345,-0.22983238117232407,-1.8474430589157185,1.278382188371006,0.5690608705447501,1.669650482069006,-0.690287470017866,-0.9793630120511755,-1.1532207686795644,0.999051139487551,-0.38284937243942774
1.062124248496994,0.32235277324769895,0.06589200039012215,400.3623590262904,0.00016217135028084265,-0.40405628663470755,0.0331920750899274,0.3708642115447877,-0.5192218832841554,-1.3162618306289462,1.8354837139131122,-0.06680066007195837,1.4854030023038955,-1.4186023422319372,-1.1532583278971416,0.9990745581684948,-0.38284937243942774
1.066132264529058,0.3223527634526034,0.06589200607113231,401.8733459558487,0.000158195346090373,0.17046723551262524,-0.4446245507510054,0.2741573152383766,1.7853720805444944,-1.4357361237619188,-0.3496359567826131,-1.6776108822271563,0.8678467094882717,0.8097641727389181,-1.153294960104577,0.9990973997078266,-0.38284937243942774
1.0701402805611222,0.32235275360073457,0.06589201157498105,403.3843328734125,0.00015431315674251152,0.4244389393651622,-0.08632600186484758,-0.338112937500324,0.7326562302804089,1.1446250866229095,-1.8772813169033336,-0.13374731269899026,-1.3816360147405757,1.5153833274395683,-1.1533306881505414,0.9991196781805838,-0.38284937243942774
1.0741482965931863,0.3223527436925491,0.06589201691000507,404.8953197794527,0.00015052698159235227,-0.11975079354065614,0.43432098572430416,-0.3145701921836454,-1.6977857810054804,1.5725716862318475,0.12521409477366746,1.661598276778725,-1.0329996761963987,-0.6285986005823596,-1.1533655343207636,0.9991414075362849,-0.38284937243942774
1.0781563126252505,0.32235273374903395,0.06589202208127903,406.40630667419,0.00014683296946639248,-0.43876121111276895,0.13823106781292965,0.3005301432998486,-0.9356201622404351,-0.9566300080466861,1.8922501702871404,0.3323786601981915,1.2581283610215015,-1.5905070212196994,-1.1533995203540084,0.9991626012362715,-0.38284937243942774
1.0821643286573146,0.3223527237810859,0.06589202709542646,407.9172935579498,0.00014323013549372556,0.06732022968721271,-0.4178134801372122,0.3504932504500008,1.58593582221311,-1.6869332630192904,0.10099744080614957,-1.6218419122345629,1.1833867921631227,0.43845512007147336,-1.1534326674543105,0.9991832724687242,-0.38284937243942774
1.0861723446893787,0.32235271381548336,0.06589203195512329,409.4282804308557,0.00013971266125731332,0.44681782109663437,-0.1881655992284998,-0.25865222186814285,1.125213010080899,0.7549632492906784,-1.8801762593716005,-0.5262552349194777,-1.1166451962104316,1.642900431129921,-1.1534649963050172,0.9992034340223676,-0.38284937243942774
1.0901803607214429,0.32235270385395276,0.06589203666923307,410.93926729331935,0.00013628215788510695,-0.013924366637640292,0.3953371469037209,-0.3814127802660796,-1.451420597194969,1.7771863734527213,-0.32576577625772285,1.558910309023396,-1.3168594717476452,-0.24205083727578147,-1.1534965270797959,0.999223098491037,-0.38284937243942774
1.094188376753507,0.32235269391035726,0.06589204124124363,412.4502541455521,0.00013293539306483544,-0.4484930174397281,0.23541599175630487,0.2130770256834335,-1.2987251943752391,-0.5425068809747976,1.8412320753500633,0.7126068546731795,0.9592085068221798,-1.6718153614953728,-1.1535272794569698,0.999242278077626,-0.38284937243942774
1.0981963927855711,0.3223526839992773,0.06589204567623473,413.96124098779205,0.00012967007764848852,-0.039673972333953915,-0.36721256900858856,0.4068865413425444,1.2961624961855955,-1.8420411483136414,0.5458786521280194,-1.473703168442606,1.431510893613306,0.04219227482933161,-1.153557272630508,0.9992609847139409,-0.38284937243942774
1.1022044088176353,0.3223526741286204,0.06589204997927411,415.47222782029826,0.0001264845809137385,0.4437622385078569,-0.2793069174960315,-0.16445532101183297,1.4536769458050247,0.3222971791066737,-1.7759741249117278,-0.8887708825404972,-0.7880682019516863,1.6768390844922034,-1.1535865253222972,0.9992792300324359,-0.38284937243942774
1.1062124248496994,0.32235266430837495,0.06589205415460349,416.98321464330354,0.00012337684095595436,0.09270906472743153,0.3338409964031259,-0.42655006113055727,-1.1223803218082626,1.880570653707769,-0.7581903318994837,1.367438413453327,-1.5257031252130744,0.15826471175972126,-1.1536150557936282,0.9992970253837496,-0.38284937243942774
1.1102204408817635,0.3223526545458814,0.06589205820632814,418.4942014570342,0.00012034480128159084,-0.4326924695714651,0.3192109812953497,0.11348148827612674,-1.5878537390584964,-0.09748123999033932,1.685334979048868,1.0522302673263775,0.6056699695642968,-1.6579002368906934,-1.153642881856529,0.9993143818375715,-0.38284937243942774
1.1142284569138277,0.3223526448524521,0.06589206213894716,420.00518826173646,0.00011738713587510231,-0.14442313070385734,-0.29569873742007297,0.44012186812393567,0.9325576301022591,-1.8922241891264133,0.9596665590241353,-1.2416348428260602,1.5980905865290012,-0.35645574370291333,-1.1536700208845228,0.9993313102023825,-0.38284937243942774
1.1182364729458918,0.3223526352308787,0.06589206595634498,421.51617505762295,0.00011450180195796266,0.41544130536656476,-0.3545577038239784,-0.060883601542592855,1.6993379509340334,-0.12872800425476866,-1.5706099466792993,-1.20064950907621,-0.41462033147689303,1.6152698405531292,-1.1536964898236588,0.999347821004767,-0.38284937243942774
1.122244488977956,0.32235262569359696,0.06589206966252076,423.0271618448903,0.00011168658550812092,0.19407718906624843,0.2533303336041674,-0.4474075226704176,-0.7294072285473686,1.8768351491909394,-1.147427920643556,1.0980904210808746,-1.6476392635807797,0.5495488424998846,-1.1537223052028827,0.999363924536212,-0.38284937243942774
1.12625250501002,0.32235261624227446,0.06589207326127289,424.5381486237765,0.00010894044233438006,-0.3922546880244102,0.38484166879985143,0.007413019224568433,-1.7865362517352263,0.3530976904359143,1.4334385612993485,1.3319080207709133,0.21764940873685365,-1.5495574295077925,-1.1537474831441044,0.999379630812964,-0.38284937243942774
1.130260521042084,0.3223526068835578,0.06589207675595145,426.0491353944773,0.00010626145139935101,-0.24096162427988788,-0.2073407819360806,0.44830240621597506,0.5158324077506428,-1.8346234066113216,1.3187909988606683,-0.9388565906460536,1.6736414833470084,-0.7347848927009338,-1.153772039372467,0.9993949496182507,-0.38284937243942774
1.134268537074148,0.3223525976197615,0.06589208015041335,427.5601221571909,0.00010364790340615321,0.3634634365132204,-0.4096297830664817,0.04616634655325564,1.8482024050968064,-0.5724212408220495,-1.2757811642747945,-1.444130450711369,-0.01757190256368552,1.4617023532750855,-1.1537959892259282,0.9994098904940864,-0.38284937243942774
1.1382765531062122,0.3223525884633295,0.06589208344641487,429.0711089121208,0.00010109843175993903,0.28440633633054757,0.15838689295103434,-0.4427932292815863,-0.2948854528604671,1.7661921839601336,-1.4713067310996608,0.7662089673326106,-1.6757260376877314,0.9095170703551071,-1.1538193476647474,0.99942446274118,-0.38284937243942774
1.1422845691382764,0.3223525794078864,0.06589208664855425,430.58209565943156,0.00009861079453103273,-0.32947848479046155,0.4285674446013521,-0.0990889598108816,-1.8834550617132475,0.7835641862234966,1.0998908754897896,1.5357134514721802,-0.18275310843681317,-1.352960343035396,-1.1538421292805536,0.9994386754085399,-0.38284937243942774
1.1462925851703405,0.3223525704663,0.06589208975987881,432.09308239937263,0.00009618507744671784,-0.32379032086548937,-0.10716790120316855,0.43095822206866696,0.06972401334825434,-1.6725194022385048,1.6027953888902493,-0.5826148097589354,1.653863458965578,-1.0712486492066282,-1.1538643483061146,0.9994525374620766,-0.38284937243942774
1.1503006012024046,0.32235256163556536,0.06589209278297938,433.60406913206674,0.00009381830368060054,0.29078501278303337,-0.4413836258033491,0.15059861302031255,1.8917903314646614,-0.9835089385536815,-0.9082813929110184,-1.6053485846493507,0.38046302287958145,1.2248855617698047,-1.15388601862291,0.9994660574280326,-0.38284937243942774
1.1543086172344688,0.3223525529201332,0.0658920957205988,435.11505585771016,0.00009150949422375221,0.35855055696646687,0.05441547835261322,-0.4129660353190853,0.15643401324562017,1.5549437490131974,-1.7113777622588209,0.3906977875235145,-1.6083664812031477,1.2176686936796275,-1.1539071537709562,0.9994792437693913,-0.38284937243942774
1.158316633266533,0.3223525443191383,0.0658920985754192,436.626042576495,0.00008925770984822428,-0.2479355804181006,0.447894789950079,-0.19995920953197016,-1.8730890748477398,1.1693979796861966,0.7036910951615811,1.6520410819425724,-0.5727326397763829,-1.0793084421662198,-1.1539277669564965,0.9994921046792935,-0.38284937243942774
1.162324649298597,0.32235253584391915,0.06589210134973178,438.13702928853115,0.00008706012603921454,-0.3881900596880593,-0.0008832726780859217,0.38907333236615643,-0.38035647995953425,-1.4151455273040443,1.7955020072635863,-0.1932004796558539,1.5398855555653215,-1.3466850759094602,-1.1539478710608733,0.9995046482529658,-0.38284937243942774
1.1663326653306612,0.32235252749069987,0.06589210404511242,439.6480159940608,0.00008491731139970676,0.20154220305103018,-0.44800750642263804,0.24646530337160757,1.827618517163593,-1.3385746442288051,-0.4890438729348252,-1.6751240148085944,0.7568145193246316,0.9183094954840005,-1.153967478647037,0.9995168821810939,-0.38284937243942774
1.1703406813627253,0.3223525192543593,0.06589210666841752,441.15900269317507,0.00008282622592860327,0.4122849897190858,-0.0526638633937864,-0.35962112632530413,0.5988431829423059,1.2551226386221914,-1.8539658215645096,-0.007054815191827012,-1.4493995523819152,1.4564543675737458,-1.1539866019696838,0.9995288142778415,-0.38284937243942774
1.1743486973947894,0.32235251114624874,0.06589210921752846,442.66998938608134,0.00008078684754661482,-0.15226748810352803,0.4417197056305571,-0.28945221752702227,-1.7560284253305571,1.4886210719191049,0.26740735341148825,1.6742677711405312,-0.9300782011848069,-0.7441895699557544,-1.1540052529801836,0.999540451825663,-0.38284937243942774
1.1783567134268536,0.32235250316347025,0.06589211169605128,444.18097607291514,0.00007879749169049058,-0.43049071863918287,0.10546080710133213,0.32502991153786315,-0.8087715972622396,-1.0771620299976423,1.8859336272598983,0.20720640582021868,1.338201774571115,-1.5454081803913344,-1.1540234433361523,0.9995518021344739,-0.38284937243942774
1.1823647294589177,0.32235249530284255,0.06589211410550054,445.6919627538195,0.00007685676606834809,0.1008154213066851,-0.42912092565757803,0.32830550435089795,1.6593419529006244,-1.6173928911514102,-0.0419490617492449,-1.64948489511006,1.0900478873054562,0.5594370078046382,-1.1540411844075062,0.9995628722799612,-0.38284937243942774
1.1863727454909818,0.32235248757615537,0.06589211644944057,447.2029494289548,0.00007496387265111861,0.442546759764503,-0.1567531012256589,-0.2857936585388508,1.007141500986473,0.8838070128649852,-1.8909485138514788,-0.40439409798523207,-1.2078814793074522,1.6122755772926949,-1.154058487284755,0.9995736691799855,-0.38284937243942774
1.190380761523046,0.3223524799736675,0.06589211872892456,448.71393609845467,0.00007311743635305498,-0.047920978434861095,0.41039072112212993,-0.3624697426872663,-1.5389408240265947,1.7230496697143047,-0.1841088456876785,1.6011297319984434,-1.2344376596146776,-0.36669207238379664,-1.1540753627836364,0.9995841995613587,-0.38284937243942774
1.19438877755511,0.32235247249712196,0.06589212094576598,450.2249227624544,0.00007131622479317902,-0.4482805002148661,0.20580774203711427,0.2424727581777626,-1.1911178537045601,-0.6778209154769984,1.8689387691815829,0.5958000644481044,1.0603011687528532,-1.6561012332009684,-1.1540918214542575,0.9995944699938759,-0.38284937243942774
1.1983967935871742,0.322352465149976,0.06589212310241993,451.73590942109433,0.00006955928457362309,-0.00566001564040065,-0.3857964930216863,0.3914565086620885,1.396545755744462,-1.804081403025132,0.4075356472806413,-1.5298935837385004,1.3611843650688071,0.16870921866972574,-1.1541078735862222,0.9996044868920985,-0.38284937243942774
1.2024048096192383,0.3223524579292765,0.06589212520051843,453.24689607450534,0.00006784549876705652,0.447609674602859,-0.25192365754918905,-0.19568601705367752,1.358071323982004,0.4621475964154143,-1.820218920397446,-0.7786891136432934,-0.8975699867824588,1.6762591004257696,-1.1541235292155338,0.9996142565040522,-0.38284937243942774
1.2064128256513025,0.3223524508350766,0.06589212724164215,454.75788272281545,0.00006617379288655787,0.059161991174149,0.3556893382296107,-0.4148513294037595,-1.2341917602640928,1.859329966615777,-0.6251382063516588,1.4367946339489746,-1.4684768935337975,0.0316822595847948,-1.1541387981307452,0.9996237849282199,-0.38284937243942774
1.2104208416833666,0.3223524438656061,0.06589212922734604,456.2688693661468,0.00006454305436563791,-0.44054354234433474,0.29444173208247065,0.14610181026187374,-1.5056158407758222,-0.23986935964781078,1.7454852004236636,0.9504477646292775,0.7220135555179932,-1.6724613201472889,-1.154153689879106,0.9996330781103269,-0.38284937243942774
1.2144288577154307,0.3223524370234597,0.06589213115930037,457.7798560046299,0.00006295250092057801,-0.11182043196888858,-0.32049919856061815,0.43231963052950995,1.0541991151795822,-1.888005733640843,0.8338066184612392,-1.3231635042842709,1.5547821643078994,-0.23161866002360082,-1.1541682137722407,0.9996421418562723,-0.38284937243942774
1.2184368737474949,0.32235243030378213,0.06589213303895175,459.29084263837234,0.00006140082510985005,0.4271827706739019,-0.33275423330925874,-0.09442853736465062,1.6316427355465761,0.014162917691086407,-1.645805653237696,-1.1086216087410052,-0.5361407764503221,1.644762385191351,-1.1541823788922727,0.9996509818156153,-0.38284937243942774
1.222444889779559,0.3223524237109195,0.0658921348687822,460.8018292675092,0.00005988757669300804,0.16288283377311472,0.28072868825724373,-0.4436115220303608,-0.8591401948009052,1.8896988560038546,-1.0305586612029318,1.1906242236558018,-1.6188670202159392,0.42824279656011444,-1.154196194097301,0.9996596035245959,-0.38284937243942774
1.2264529058116231,0.32235241724015967,0.06589213664946378,462.31281589213893,0.00005841141243767515,-0.40771798719993824,0.366313495200921,0.041404491999027196,-1.7343508516696675,0.2117460122294411,1.5226048394402616,1.2509503732555238,0.3426079605442981,-1.5935583337998462,-1.1542096680268428,0.9996680123516317,-0.38284937243942774
1.2304609218436873,0.3223524108914776,0.06589213838252285,463.8238025123761,0.00005697152671559111,-0.21161946216315966,-0.23694591055469036,0.44856537271785607,0.6518026973332818,-1.8643851106986478,1.2125824133653527,-1.0410710110981622,1.6598158407990802,-0.6187448297008951,-1.1542228091074358,0.9996762135519629,-0.38284937243942774
1.2344689378757514,0.3223524046618302,0.06589214006896604,465.3347891283489,0.00005556751246159248,0.3824270793589779,-0.39463976554665936,0.012212686187675507,1.8122723046687867,-0.4346288250132788,-1.3776434796555448,-1.3754002313104088,-0.14418086460486923,1.5195810959153075,-1.1542356255577693,0.9996842122438903,-0.38284937243942774
1.2384769539078155,0.32235239855526404,0.06589214171084534,466.84577574010194,0.00005419701732289302,0.25733378465148166,0.18977634053375333,-0.44711012518523874,-0.4351498051392913,1.8124262461702239,-1.3772764410309235,0.8766412083424046,-1.677043626168076,0.8004024178256552,-1.1542481253937595,0.9996920134319975,-0.38284937243942774
1.2424849699398797,0.3223523925626436,0.06589214330917494,468.3567623478047,0.000052860828898435274,-0.35167119534003455,0.41732804279555047,-0.06565684745550815,-1.864293436544517,0.6513001498807114,1.2129932866638435,1.4801928460252105,-0.05630482013823334,-1.4238880258870066,-1.1542603164334708,0.9996996219623159,-0.38284937243942774
1.2464929859719438,0.32235238669383687,0.06589214486479078,469.86774895152394,0.000051557305810576164,-0.29937242853639295,-0.1398938877159885,0.4392663162523886,0.2122778373378133,-1.7345648131715024,1.5222869758336848,-0.6996847382568161,1.6703043566844726,-0.9706196184276413,-1.1542722063022928,0.9997070426456741,-0.38284937243942774
1.250501002004008,0.322352380938436,0.06589214637969877,471.3787355513718,0.00005028598200293684,0.3158896553826325,-0.4340539111197751,0.11816425573713628,1.889670759438127,-0.8586633894305249,-1.0310073700076408,-1.5638308167182988,0.255984006807814,1.3078468099105167,-1.1542838024372148,0.9997142800628044,-0.38284937243942774
1.254509018036072,0.32235237529774047,0.0658921478546277,472.88972214743745,0.000049045927496706935,0.337134522410952,0.08801126542178718,-0.42514578783274565,0.013628000402828508,1.6319135535178455,-1.6455415539206744,0.5127305255269305,-1.6396945090577442,1.1269639835308038,-1.1542951120919291,0.9997213387526188,-0.38284937243942774
1.2585170340681362,0.3223523697696941,0.06589214929010796,474.4007087398237,0.00004783658449718897,-0.275593544086539,0.4445781119416284,-0.16898456785508317,-1.8880415640446833,1.0537549719183887,0.8342865921263328,1.62511901826284,-0.4520031228353217,-1.1731158954275511,-1.1543061423410939,0.9997282230817388,-0.38284937243942774
1.2625250501002003,0.3223523643547915,0.065892150688807,475.9116953285923,0.000046656527107891686,-0.3700802892449925,-0.0348698061594094,0.40495009540440924,-0.23933913759287365,-1.5059395080375526,1.7452786456304314,-0.3184503615613342,1.5856516885503613,-1.2672013269890203,-1.1543169000849707,0.9997349374793293,-0.38284937243942774
1.2665330661322645,0.3223523590718528,0.06589215205996053,477.42268191383346,0.00004550502328118527,0.23135851704707894,-0.4487499987339344,0.2173914816868501,1.8594289599200748,-1.2337865970368576,-0.6256423628832554,-1.6631816211323305,0.6415608741482669,1.0216207469840974,-1.1543273920531332,0.9997414859861373,-0.38284937243942774
1.2705410821643286,0.3223523538530248,0.06589215337625381,478.93366849571044,0.00004438330589079833,0.3977387601242587,-0.018771136239267266,-0.37896762388500016,0.46162978014455514,1.3584430261380558,-1.8200728062826204,0.11962071636895517,-1.5089483507018657,1.3893276343329077,-1.15433762480957,0.9997478728222128,-0.38284937243942774
1.2745490981963927,0.32235234876414376,0.06589215466762434,480.4446550742223,0.000043288541279107896,-0.1838167019422962,0.4465098806885178,-0.2626931787462179,-1.8042422516230736,1.3961855628091957,0.40805668881391455,1.677475208704985,-0.8219485164648109,-0.8555266922402086,-1.1543476047558396,0.9997541018946627,-0.38284937243942774
1.2785571142284569,0.3223523437807575,0.06589215592528429,481.9556416494776,0.00004222070846836302,-0.4197145149995697,0.0721450370848061,0.3475694779147713,-0.6773230131808249,-1.191532067782186,1.8688550809630247,0.08091692768119224,1.4106807956647736,-1.4915977233459685,-1.1543573381357808,0.9997601771227547,-0.38284937243942774
1.282565130260521,0.3223523389427006,0.06589215716047614,483.4666282215842,0.00004117982083651445,0.1336472253734731,-0.43788943470032127,0.30424220932684465,1.7232698861558424,-1.5386307686161327,-0.18463911753974482,-1.6677953792379039,0.9905880952515885,0.6772072839863481,-1.154366831039012,0.9997661021988187,-0.38284937243942774
1.2865731462925851,0.3223523341235416,0.06589215834270579,484.9776147905371,0.00004016317566873538,0.4356933367647977,-0.12448915903575242,-0.31120417772905545,0.8833362087636089,1.0075920649606938,-1.8909282737243207,-0.2802966898034248,-1.29225348958359,1.5725501793870196,-1.1543760894052424,0.9997718811396366,-0.38284937243942774
1.2905811623246493,0.32235232944760644,0.06589215950465904,486.4886013564995,0.000039172312133584886,-0.08156700647867487,0.4230116434764823,-0.3414446369978068,-1.6176687573473452,1.6590861107073085,-0.04141735335993042,1.634280382626961,-1.1450695326816795,-0.48921084994531566,-1.1543851190268843,0.9997775172464987,-0.38284937243942774
1.2945891783567134,0.3223523248696853,0.06589216063612327,487.9995879195137,0.00003820578625354428,-0.4454467044274009,0.17505545538881873,0.27039124903859063,-1.0767250819510452,-0.8092518229018589,1.8859769048529258,0.47566924618446577,1.1553589882112403,-1.6310282343957163,-1.1543939255539395,0.9997830141423214,-0.38284937243942774
1.2985971943887775,0.3223523203909126,0.06589216173861202,489.51057447965513,0.00003726310401883237,0.02832022902397562,-0.40208899924661634,0.3737687702226396,1.4889485278016967,-1.7558304576756494,0.26688192987392223,-1.5774096737242937,1.2831853976094663,0.29422427611485896,-1.1544025144966459,0.9997883752692366,-0.38284937243942774
1.3026052104208417,0.3223523160078521,0.06589216281264561,491.02156103699434,0.0000363436582802144,0.44883506016251296,-0.22312125992719734,-0.22571380023532575,1.2547257666733869,0.5993459533420521,-1.8540717200154646,-0.6642425460966538,-1.001953751178249,1.6661962972749156,-1.1544108912293407,0.9997936039746425,-0.38284937243942774
1.3066132264529058,0.3223523117192225,0.06589216385893185,492.53254759159984,0.00003544685542695621,0.025332215234790914,0.3754203073924276,-0.4007525226272195,-1.338948660278779,1.8274810188768036,-0.4885323585979973,1.4979959927575823,-1.402961894679207,-0.09503409807840632,-1.1544190609936962,0.9997987035281125,-0.38284937243942774
1.31062124248497,0.3223523075222552,0.06589216487789677,494.0435341435432,0.00003457223211354181,-0.44580981160289523,0.26799962188118776,0.17781018972171597,-1.4147943177036337,-0.3808743619890283,1.795668679692691,0.8433217135730503,0.8342301820443268,-1.6775518956173947,-1.1544270289020704,0.9998036771158251,-0.38284937243942774
1.314629258517034,0.3223523034180764,0.06589216587086397,495.5545206928757,0.00003371891833142013,-0.0786236147496824,-0.3433865258574378,0.4220101406071214,1.1698128945460706,-1.8730137657660164,0.7032008712199219,-1.3971743545153128,1.502687377328594,-0.10551302281325331,-1.154434799940411,0.9998085278526513,-0.38284937243942774
1.3186372745490982,0.32235229940165655,0.06589216683771905,497.06550723968326,0.00003288689806678564,0.43641402355773,-0.30904911995476964,-0.12736490360296915,1.5546430658238386,0.1569593770795304,-1.7116024429034007,-1.010347554220979,-0.6545853010699174,1.6649328552909168,-1.1544423789717497,0.9998132587623164,-0.38284937243942774
1.3226452905811623,0.32235229547602656,0.06589216778082764,498.5764937840049,0.00003207510395555563,0.13079239418990932,0.30644530271889203,-0.4372376969088037,-0.9839584616447508,1.8917779423895182,-0.9078194807447474,1.2763857132062213,-1.5809367525276308,0.30455103932138355,-1.154449770738967,0.9998178728183112,-0.38284937243942774
1.3266533066132264,0.3223522916360278,0.06589216869949147,500.0874803259213,0.00003128349490817251,-0.420781819177008,0.3456830405763655,0.07509877860065123,-1.6722733225927668,0.0691988695515881,1.603074453041213,1.1629331417692526,0.4655864915750721,-1.628519633344348,-1.1544569798678226,0.9998223728928287,-0.38284937243942774
1.3306613226452906,0.32235228788064646,0.06589216959456377,501.5984668654843,0.000030511387201537197,-0.1810930000884909,-0.26512443425049265,0.44621743433898775,0.7840415292936879,-1.8835053533625412,1.0994638240688372,-1.1373563605037649,1.6365918363994143,-0.4992354758956258,-1.1544640108699455,0.9998267618041394,-0.38284937243942774
1.3346693386773545,0.32235228420698,0.0658921704657854,503.1094534027532,0.000029758322282214433,0.3991364386578112,-0.37737775247077093,-0.02175868618704711,1.7660039228131594,-0.29436818979408635,-1.471635733019109,-1.2988978993322648,-0.26993480330715913,1.5688327026394513,-1.1544708681456053,0.9998310422886368,-0.38284937243942774
1.3386773547094186,0.3223522806167539,0.06589217131604042,504.6204399377788,0.00002902371979507722,0.22880655743003478,0.22001432531178855,-0.4488208827418267,-0.572919249008861,1.8483142074357584,-1.2753949584268858,0.9820732645635645,-1.668857341859761,0.6867840772961774,-1.1544775559863476,0.9998352170469108,-0.38284937243942774
1.3426853707414828,0.3223522771028719,0.06589217214433839,506.13142647062836,0.000028307385595215742,-0.3717870741256781,0.40368020077360744,-0.03189312664791975,-1.8344952763911933,0.5153305124093546,1.319164763981876,1.4162987960286175,0.07042636574822239,-1.4867251617768669,-1.15448407857775,0.9998392886568495,-0.38284937243942774
1.3466933867735469,0.3223522736729365,0.06589217295062474,507.64241300133926,0.00002760849817352383,-0.273251146868655,-0.17175955396551412,0.44501070083417593,0.35360892448700865,-1.78670744020232,1.4330985157153042,-0.8127556797156057,1.6772722552084014,-0.8645165754927777,-1.1544904400020786,0.9998432597033827,-0.38284937243942774
1.350701402805611,0.3223522703176915,0.06589217373699639,509.1533995299792,0.000026926990314856093,0.3391244715087878,-0.4242144039451435,0.08508993243635032,1.8767685246554011,-0.7289279062951475,-1.1478406183602918,-1.5134581132946936,0.13008758932879913,1.3833705239659266,-1.1544966442407205,0.9998471326402513,-0.38284937243942774
1.3547094188376752,0.3223522670378977,0.06589217450331654,510.66438605659323,0.000026262274092038237,0.3137915519055666,0.12104965673798761,-0.43484120864357284,-0.12924488018155372,1.699565510803517,-1.5703206306219848,0.6318234204250732,-1.6617164118186318,1.0298929913935866,-1.1545026951768314,0.9998509098989515,-0.38284937243942774
1.3587174348697393,0.3223522638283938,0.06589217525022192,512.1753725811964,0.000025613057165393272,-0.3016152835024416,0.4386867837341773,-0.1370715002318043,-1.892219490595966,0.9321076837928164,0.9601118068030888,1.5889873962657437,-0.3287414590159197,-1.26024593724985,-1.1545085965976944,0.9998545938254667,-0.38284937243942774
1.3627254509018034,0.32235226069805134,0.06589217597750985,513.6863591039406,0.00002498154163984408,-0.34984833887831956,-0.06860927453947965,0.41845761341774185,-0.09696633228659664,-1.588133819071269,1.6851001513579165,-0.4418622807409895,1.6224122131840197,-1.1805499324431439,-1.154514352197063,0.9998581867731566,-0.38284937243942774
1.3667334669338675,0.32235225762336017,0.06589217668807346,515.1973456248134,0.00002436580733762997,0.2597954992167885,-0.44689042070367047,0.1870949214868669,1.8806273449270252,-1.1219660475954116,-0.7586612973314668,-1.6418073324250597,0.522696241481734,1.1191110909431625,-1.1545199655772287,0.9998616909752813,-0.38284937243942774
1.3707414829659317,0.3223522546427727,0.06589217737787693,516.7083321437719,0.000023763262990181105,0.3809061399359971,0.015187796247141928,-0.39609393618314276,0.3217917601272091,1.45400490691206,-1.7757966670392438,0.24558708185588513,-1.559921448428567,1.3143343665726674,-1.1545254402522023,0.9998651085383597,-0.38284937243942774
1.3747494989979958,0.3223522517188092,0.0658921780517536,518.2193186609853,0.000023176605730675887,-0.21426256724512327,0.448707914603131,-0.2344453473580561,-1.8421577515212815,1.29578958803031,0.5463681634908274,1.671163054829925,-0.709180049818308,-0.9619830050115179,-1.1545307796482613,0.9998684417032637,-0.38284937243942774
1.37875751503006,0.3223522488616974,0.06589217870858176,519.730305176455,0.00002260441641218185,-0.4065210200148319,0.038451350806858534,0.3680696692079115,-0.5420182524446848,-1.299095699293066,1.8411139517377089,-0.04580287608646155,1.4751372666762246,-1.4293343905897968,-1.1545359871077059,0.9998716925193785,-0.38284937243942774
1.382765531062124,0.32235224604999413,0.06589217934963003,521.241291690204,0.00002204583229460884,0.1656672431510096,-0.4441132194406222,0.2784459762895969,1.7773604608112314,-1.451094029054565,-0.3262664317565274,-1.6766351857014643,0.8855278430295747,0.7911073426717296,-1.1545410658900963,0.9998748631016311,-0.38284937243942774
1.3867735470941882,0.32235224334257306,0.06589217997255883,522.7522782023328,0.00002150197574894542,0.426326826292733,-0.09154161287368275,-0.3347852134190445,0.754498384303109,1.1256201158900716,-1.8801185001931215,-0.15463514001650294,-1.3692714210903008,1.523906561106764,-1.1545460191747974,0.9998779551881897,-0.38284937243942774
1.3907815631262523,0.32235224070181634,0.0658921805916522,524.2632647128302,0.000020971203356640913,-0.11470390636012417,0.43317185136820285,-0.318467945008114,-1.6871614846777752,1.5856597247624662,0.10150175991517756,1.6581454377225955,-1.049219300432563,-0.6089261372899293,-1.1545508500621298,0.9998809709712078,-0.38284937243942774
1.3947895791583165,0.3223522380746222,0.0658921811733609,525.7742512217415,0.000020453298108540378,-0.4400404173762823,0.14332426551348895,0.29671615186273387,-0.9561954324433125,-0.9360574131732652,1.8922528456165029,0.3528624295129908,1.2438369331618129,-1.596699362674801,-1.1545555615761216,0.9998839122248113,-0.38284937243942774
1.3987975951903806,0.3223522355321773,0.06589218175141318,527.2852377291149,0.0000199482139313429,0.06210093264425142,-0.4160402171394525,0.3539392844951816,1.5728501989545107,-1.6975637743339322,0.1247135753795438,-1.6159585083880812,1.1979153422417472,0.41804316614618303,-1.1545601566661314,0.999886780821101,-0.38284937243942774
1.4028056112224447,0.322352233048275,0.06589218231479563,528.7962242349909,0.000019455662253984032,0.4474657185117126,-0.19305925756299638,-0.2544064609487048,1.1442267818696332,0.7331167744639653,-1.8773435563335092,-0.5460460517402151,-1.100626493335923,1.6466725450760722,-1.1545646382085948,0.999889578542677,-0.38284937243942774
1.4068136272545089,0.3223522306630793,0.06589218287541923,530.3072107394074,0.000018975368079637242,-0.008609934204437314,0.3929629155635196,-0.3843529813591036,-1.4360600961332846,1.7852066819586918,-0.34914658582551916,1.5506771021705146,-1.3294907629965402,-0.22118633917387515,-1.1545690090089835,0.9998923070710849,-0.38284937243942774
1.410821643286573,0.32235222825085236,0.06589218339871729,531.8181972423857,0.00001850665369474391,-0.44849652415885854,0.24003579125873353,0.2084607329000697,-1.3159051298381619,-0.5196985795669649,1.8356037094050235,0.7314251525445864,0.94168683464482,-1.6731119871893694,-1.1545732718034176,0.9998949683196362,-0.38284937243942774
1.4148296593186371,0.32235222593631946,0.06589218392059891,533.3291837439766,0.000018049632483344208,-0.04500460717040082,-0.36426964340091095,0.40927425057128886,1.2787458911125476,-1.847335547703823,0.5685896565913751,-1.4632340171891196,1.4420650114441107,0.021169005744875583,-1.1545774292604314,0.99989756375132,-0.38284937243942774
1.4188376753507013,0.322352223674128,0.06589218442869083,534.8401702442045,0.000017603758307430186,0.4431180143328951,-0.28358247817095383,-0.1595355361619251,1.468776884333607,0.29885295175177984,-1.767629836085272,-0.9063504189251634,-0.7692894761418393,1.6756398950669136,-1.154581483982707,0.9999000950499548,-0.38284937243942774
1.4228456913827654,0.32235222146672143,0.06589218492473813,536.3511567431179,0.00001716913441636536,0.09797648123790458,0.33037046832540096,-0.42834694956331615,-1.1031562559552957,1.8830628744714133,-0.7799066185162041,1.354879365224675,-1.5340295779975877,0.17915021277300053,-1.1545854385085303,0.9999025638144329,-0.38284937243942774
1.4268537074148295,0.3223522193104506,0.065892185408184,537.8621432407357,0.00001674515207182218,-0.4314069743962148,0.3230769427528356,0.10833003164332813,-1.6006572323393533,-0.07373616392292463,1.674393396262153,1.0683219424598682,0.5858982581034962,-1.6542202005632982,-1.1545892953135244,0.9999049715771713,-0.38284937243942774
1.4308617234468937,0.32235221720474033,0.06589218587946885,539.3731297370936,0.000016331623442119798,-0.14954864710529686,-0.2917497564435922,0.4412984035488601,0.9118005454854502,-1.8918778997703634,0.9800773542849842,-1.2271616193808577,1.6040701067924814,-0.3769084874117369,-1.1545930568122016,0.9999073198483327,-0.38284937243942774
1.4348697394789578,0.3223522151469736,0.06589218633830407,540.8841162322072,0.000015927897275758443,0.41353068746773197,-0.3579547082888286,-0.05557597917888648,1.7096613629730752,-0.15243446772482974,-1.557226895248112,-1.2150249410297955,-0.3941341365713783,1.6091590776010631,-1.1545967253594858,0.9999096100918063,-0.38284937243942774
1.438877755511022,0.32235221313989015,0.06589218678641917,542.3951027261509,0.000015534854502512813,0.1989840577121342,0.24895938769866488,-0.4479434454107989,-0.707413566816753,1.873654630697305,-1.1662410638806073,1.0819060972016408,-1.6511856625080499,0.5692795653064782,-1.154600303252004,0.9999118437567724,-0.38284937243942774
1.442885771543086,0.32235221117546914,0.06589218722392119,543.9060892188933,0.000015150696396770308,-0.38974455823438253,0.3877172737405967,0.002027284493740719,-1.7942313990395984,0.37642655869023706,1.4178048403492214,1.3443628438945212,0.1967377226492814,-1.5411005665437125,-1.1546037927297095,0.9999140222294132,-0.38284937243942774
1.4468937875751502,0.32235220926493846,0.06589218764863185,545.4170757105325,0.000014776945109431634,-0.2455761937732015,-0.20261084271861887,0.4481870364917871,0.49291637059174104,-1.8286535031120608,1.3357371325203582,-0.9211887557629299,1.674702942927669,-0.753514187164825,-1.1546071959772375,0.999916146867271,-0.38284937243942774
1.4509018036072143,0.32235220739657,0.06589218806392132,546.9280622010433,0.000014412006410132736,0.36038844528571856,-0.41193923496409085,0.05155078967838729,1.8531586931721271,-0.595038870836741,-1.2581198223352417,-1.4544872485256592,0.0034698745029083447,1.4510173740226242,-1.154610515125158,0.9999182190117455,-0.38284937243942774
1.4549098196392785,0.3223522055722327,0.0658921884687621,548.4390486904691,0.00001405606728423321,0.28865916174047623,0.15336646263806306,-0.4420256243785286,-0.27137450060306256,1.7575176522113711,-1.4861431516083297,0.7473065189118071,-1.6742858951178667,0.9269793762061065,-1.1546137522515152,0.9999202399554626,-0.38284937243942774
1.4589178356713426,0.32235220378623486,0.0658921888643608,549.9500351788391,0.000013708943474996235,-0.32588182837155644,0.4302743641186609,-0.10439253574714209,-1.8856010313936777,0.8051470267241586,1.0804540046693718,1.5438243444418283,-0.20362738162949526,-1.3401969628122246,-1.1546169093830423,0.9999222109693968,-0.38284937243942774
1.4629258517034067,0.32235220205101106,0.0658921892477634,551.4610216661721,0.0000133702568235375,-0.3276172110652955,-0.10192998364333469,0.4295471947085928,0.0459541847057533,-1.6612637222212194,1.6153095375154696,-0.5627444534195498,1.6499405181238258,-1.087196064704332,-1.1546199884963393,0.9999241332677901,-0.38284937243942774
1.4669338677354709,0.3223522003433775,0.06589218962388595,552.9720081525063,0.000013040107710209039,0.28671782194352075,-0.4424605851294335,0.15574276318592384,1.8910947699096472,-1.0037482143963707,-0.8873465555131287,-1.6110974149806885,0.4008742431877539,1.2102231717927978,-1.1546229915189787,0.9999260080980218,-0.38284937243942774
1.470941883767535,0.32235219869460946,0.06589218998821457,554.4829946378511,0.000012717905692648198,0.3618935384734681,0.04903648149352675,-0.4109300199669775,0.18012291500849426,1.5412673554272132,-1.7213902704356934,0.37014026097368624,-1.6020147957455588,1.2318745347718905,-1.1546259203316935,0.9999278365550751,-0.38284937243942774
1.4749498997995991,0.3223521970764381,0.0658921903448327,555.9939811222437,0.000012403775768123098,-0.24345604961550696,0.44832365589009937,-0.20486760627462106,-1.8695613776322204,1.1880040560827454,0.6815573215493288,1.6553450457293077,-0.5923914846299575,-1.062953561099231,-1.1546287767675771,0.9999296198560578,-0.38284937243942774
1.4789579158316633,0.3223521954966867,0.06589219069251125,557.5049676057034,0.000012097408806206888,-0.39099824477036615,0.0045581364753595355,0.38644010829496683,-0.40362575140804124,-1.3992435138403898,1.8028692652483993,-0.17224657166967214,1.5311937069933825,-1.358947135323733,-1.1546315626152364,0.9999313590918031,-0.38284937243942774
1.4829659318637274,0.3223521939468019,0.06589219103290891,559.0159540882701,0.00001179902848445354,0.19671476202324006,-0.4477797368921347,0.25106497486890017,1.8213086134056942,-1.3552812091204756,-0.46602740428507633,-1.675934922299423,0.7754420437299991,0.9004928785692837,-1.1546342796187776,0.9999330553673984,-0.38284937243942774
1.4869739478957915,0.3223521924483411,0.06589219136155398,560.5269405699117,0.000011507098374071483,0.41451533731309775,-0.05808793530124694,-0.35642740201182727,0.6213600687963733,1.237221969130946,-1.8585820379272706,-0.028108393936297917,-1.4384894364920189,1.4665978304283056,-1.1546369294798255,0.9999347096940995,-0.38284937243942774
1.4909819639278556,0.3223521909674526,0.06589219168515892,562.0379270507411,0.000011223710133104707,-0.14716200635086107,0.4408366078066829,-0.29367460145584146,-1.7470260708147185,1.5031889707525248,0.24383710006205728,1.6725728757922442,-0.9474098935946553,-0.7251629821974666,-1.1546395138568142,0.9999363232188841,-0.38284937243942774
1.4949899799599198,0.32235218954386285,0.06589219199755587,563.5489135306557,0.00001094556133268315,-0.4321086756297822,0.11078789786867273,0.3213207777610684,-0.8302140526604296,-1.0575182946895016,1.8877323473498664,0.22806124268694689,1.325226909424073,-1.5532881521110093,-1.1546420343684909,0.999937896755283,-0.38284937243942774
1.498997995991984,0.3223521881442779,0.0658921923040825,565.0599000097843,0.000010675223698112109,0.09550574338639663,-0.4275932895287849,0.3320875461423884,1.6477754003273852,-1.6296134858207931,-0.018161914506463372,-1.6453068612698531,1.1058372554156073,0.5394696058541099,-1.1546444925925,0.99993943146862,-0.38284937243942774
1.503006012024048,0.3223521867780628,0.06589219260289182,566.5708864881091,0.00001041153819962022,0.44352677720079087,-0.16190485961595327,-0.28162191758480964,1.027202801345296,0.862700773663345,-1.889903575008561,-0.42475432989907125,-1.193024856638638,1.617779186537669,-1.1546468900681355,0.9999409282579602,-0.38284937243942774
1.5070140280561122,0.3223521854235424,0.06589219289626458,568.081872965666,0.000010154749527018842,-0.042484359876285106,0.4082391200832122,-0.36575476020694003,-1.5249750231584918,1.7327478743166675,-0.20777285115829539,1.5945266953269372,-1.248460055772172,-0.3460666395546476,-1.1546492282965009,0.9999423881904762,-0.38284937243942774
1.5110220440881763,0.32235218414285594,0.0658921931779994,569.5928594424231,9.903409012737887e-6,-0.44860641375073645,0.21070827290776661,0.23789814084292765,-1.2095109915020612,-0.6555536966289888,1.8650646881309556,0.615376600490505,1.0437726875398292,-1.6591492880302932,-1.1546515087418074,0.9999438117874698,-0.38284937243942774
1.5150300601202404,0.32235218287347006,0.06589219345522929,571.1038459184571,9.658828684614462e-6,-0.011144418991803587,-0.38305065441812663,0.3941950734099226,1.3803800581421415,-1.8111182453758283,0.4307381872337949,-1.5209581246405448,1.3732399893863259,0.14771813525409339,-1.1546537328317077,0.9999452003360534,-0.38284937243942774
1.5190380761523046,0.3223521816327764,0.06589219372524238,572.6148323937512,9.419943598626597e-6,0.4472749405295227,-0.2565006465298884,-0.1907742939996061,1.3745331007505497,0.43903756349581186,-1.8135706642462541,-0.7972037587765751,-0.8796034749266242,1.6768072337031303,-1.1546559019589075,0.9999465545694635,-0.38284937243942774
1.5230460921843687,0.32235218042389746,0.06589219398850726,574.125818868357,9.187482085332939e-6,0.06461419978330467,0.352387783647041,-0.4170019834303473,-1.2160569343491605,1.8636044433315022,-0.6475475089824367,1.4256525662735673,-1.4783937513767533,0.052741185103290705,-1.1546580174815042,0.9999478753427736,-0.38284937243942774
1.5270541082164328,0.32235217924339693,0.06589219424541992,575.6368053422624,8.960537473209087e-6,-0.4395513408037754,0.29862751867724413,0.14092382212649018,-1.5199106612069064,-0.21624677810889092,1.7361574393156787,0.9676372055670607,0.7028634844530033,-1.6705006900199952,-1.1546600807241065,0.9999491634774995,-0.38284937243942774
1.531062124248497,0.32235217809123595,0.06589219449590027,577.1477918154934,8.739189177166412e-6,-0.11716080527387236,-0.31668870513742076,0.4338495104112774,1.0343541552450917,-1.8894563745833044,0.8551022193382933,-1.3099721316655057,1.5624185538349482,-0.25244642216955154,-1.1546620929786198,0.9999504197810397,-0.38284937243942774
1.535070140280561,0.32235217696524693,0.06589219473983275,578.6587782880646,8.523238314224035e-6,0.4255459541231992,-0.336486806889553,-0.08905914723361963,1.6435659632568915,-0.00963457284775248,-1.633931390409011,-1.1242411835228872,-0.5160786411677082,1.6403198246905015,-1.1546640555050964,0.9999516450373449,-0.38284937243942774
1.539078156312625,0.32235217586859377,0.06589219497782735,580.1697647599962,8.312684539798748e-6,0.16803325890250814,0.2764635812040132,-0.44449684010651414,-0.8378685827499727,1.8883045695022458,-1.0504359867523385,1.1755701136722612,-1.6241135736984875,0.44854346002631196,-1.1546659695322952,0.9999528400200157,-0.38284937243942774
1.5430861723446891,0.3223521747942977,0.06589219521065005,581.6807512313183,8.107709522525049e-6,-0.40545890401799856,0.3695374218978676,0.035921482120093086,-1.7437317504072325,0.23537823804154215,1.508353512365554,1.2647775836113282,0.3219184199044925,-1.5866960035157283,-1.1546678362587142,0.9999540054777474,-0.38284937243942774
1.5470941883767533,0.3223521737518372,0.06589219543606775,583.1917377019973,7.906997038154476e-6,-0.21650450545832556,-0.23228726281744,0.4487917682757426,0.6294083492554596,-1.8601654883596634,1.230757139104253,-1.0243673626081091,1.6625971154025936,-0.6382297527945705,-1.1546696568532517,0.9999551421230645,-0.38284937243942774
1.5511022044088174,0.3223521727320706,0.06589219565690793,584.7027241720988,7.711673617049195e-6,0.379577225315692,-0.3973069872877771,0.01772976197210919,1.8189764738434966,-0.45775793588750835,-1.3612185379558461,-1.3872379243276591,-0.12315770283181761,1.5103956271593633,-1.154671432455792,0.9999562506873835,-0.38284937243942774
1.5551102204408815,0.3223521717369539,0.06589219587224646,586.2137106416201,7.521171744827528e-6,0.2618818021091734,0.1847910744779859,-0.44667287658714433,-0.4119527255272535,1.8054412858307485,-1.393488560303527,0.8585248350166664,-1.6773192110718131,0.818794376055208,-1.1546731641781895,0.999957331857194,-0.38284937243942774
1.5591182364729457,0.32235217076280376,0.06589219608272552,587.7246971105969,7.335896318922131e-6,-0.34827077277925156,0.41939860247166566,-0.0711278296924476,-1.8682247418500026,0.6735954547553247,1.194629287094532,1.4898720638476093,-0.07736288547897974,-1.4125091783685193,-1.1546748531048376,0.9999583863119681,-0.38284937243942774
1.5631262525050098,0.32235216981766907,0.06589219628656137,589.2356835789764,7.154084689951183e-6,-0.3035166191816253,-0.1346537917268302,0.43817041090842684,0.18860954295510235,-1.724914063742661,1.5363045207875734,-0.680412711249692,1.6680694801811387,-0.9876567689315052,-1.1546765002932966,0.999959414702985,-0.38284937243942774
1.567134268537074,0.3223521688918935,0.06589219648625451,590.7466700468743,6.97815817167781e-6,0.3119869316675825,-0.4354965143197055,0.1235095826521425,1.890772717171977,-0.8798060960039585,-1.010966621167871,-1.5712132006266442,0.2767775669512921,1.2944356336752247,-1.154678106774793,0.9999604176473603,-0.38284937243942774
1.571142284569138,0.32235216799077077,0.06589219668068542,592.2576565141794,6.804918966261989e-6,0.340813909679032,0.08259194114892032,-0.4234058508279304,0.03742922138541491,1.6197346976149039,-1.6571639190003158,0.4925765242818345,-1.6349801399821102,1.1424036157003097,-1.1546796735557319,0.9999613958791188,-0.38284937243942774
1.5751503006012022,0.32235216711135106,0.06589219687080419,593.7686429810079,6.636827245242019e-6,-0.27124425034052624,0.44537063015002437,-0.17412637980952372,-1.8862981105729713,1.073442714109429,0.8128553964633951,1.6300988764157132,-0.47223637853652384,-1.1578624978790661,-1.15468120161669,0.9999623499016819,-0.38284937243942774
1.5791583166332663,0.322352166253066,0.0658921970561419,595.279629447337,6.472878200852011e-6,-0.3732406142154249,-0.029349559442981368,0.4025901736583734,-0.26293306474777345,-1.4914063874531254,1.7543394522008786,-0.2977007787778307,1.5785241147671567,-1.280823335989353,-1.154682691914669,0.9999632803485866,-0.38284937243942774
1.5831663326653305,0.3223521654126723,0.06589219723710689,596.7906159131945,6.313358658322895e-6,0.22662498399439907,-0.44887981225575163,0.2222548282613677,1.8548649056665474,-1.2517379115519707,-0.6031269941144316,-1.6656875185637445,0.6609458866580893,1.0047416319055225,-1.1546841453827288,0.9999641877707082,-0.38284937243942774
1.5871743486973946,0.32235216459727245,0.06589219741257192,598.3016023785427,6.156941959234394e-6,0.4003332777596646,-0.024312441037950095,-0.376020836721686,0.4846791261811969,1.3417631655712734,-1.8264422917524323,0.09857058438786512,-1.499508267997024,1.4009376836091638,-1.1546855629315558,0.9999650728298369,-0.38284937243942774
1.5911823647294587,0.3223521637923069,0.0658921975844317,599.8125888434743,6.0055307277492994e-6,-0.17876673603957155,0.44597383622240644,-0.26720710018285154,-1.7969222896591877,1.4121434944663103,0.3847787951927372,1.677470493059745,-0.8402090931074083,-0.8372613999522089,-1.1546869454480024,0.9999659360197914,-0.38284937243942774
1.5951903807615229,0.32235216302060615,0.0658921977514654,601.3235753078937,5.8563806144612464e-6,-0.4217046790955519,0.07762714484148824,0.3440775342540277,-0.6994982504725722,-1.1729437101567426,1.8724419606292602,0.10196814274818852,1.3990618968001967,-1.5010300395483802,-1.154688293798624,0.9999667778149249,-0.38284937243942774
1.599198396793587,0.3223521622614419,0.06589219791484949,602.8345617719067,5.711761901501001e-6,0.12835351876107992,-0.436694235303166,0.30834071654209344,1.7132984042753334,-1.5523669937846014,-0.1609314104905984,-1.6652794587513289,1.007464046783692,0.6578154119675041,-1.1546896088270573,0.9999675988403077,-0.38284937243942774
1.6032064128256511,0.32235216152053026,0.06589219807415922,604.3455482354879,5.5706640938329036e-6,0.4370493626321405,-0.12983259739064476,-0.3072167652414646,0.9043202832171761,0.9873607589194155,-1.891681042136521,-0.301049360249097,-1.278620572520108,1.5796699327691788,-1.154690891356973,0.9999683995760813,-0.38284937243942774
1.6072144288577153,0.3223521607931063,0.06589219822999193,605.8565346987111,5.434577869944906e-6,-0.07610579562323551,0.4211736039037969,-0.3450678082805711,-1.6051883890057437,1.670404372848297,-0.06521598384267951,1.6292886573498655,-1.1603203964315212,-0.46896826091822,-1.1546921421913403,0.9999691805481181,-0.38284937243942774
1.6112224448897794,0.3223521600912663,0.0658921983804871,607.3675211614006,5.298757086143216e-6,-0.4461480030664617,0.1801826929066706,0.2659653101597531,-1.096217946536659,-0.7876666281553149,1.8838845746918882,0.4958278585581296,1.1399056250754238,-1.6357334836335178,-1.1546933621139812,0.9999699421707755,-0.38284937243942774
1.6152304609218435,0.32235215940334705,0.06589219852825574,608.8785076237548,5.167850573770459e-6,0.022770283955275337,-0.3996337420268499,0.3768634580715734,1.4741373022432263,-1.764568631148133,0.29043132890502166,-1.570012499144245,1.296593591099961,0.27341890804415825,-1.1546945518882121,0.9999706849978129,-0.38284937243942774
1.6192384769539077,0.3223521587306825,0.06589219867220707,610.3894940857219,5.040212390766291e-6,0.44887054166068735,-0.22795783923622195,-0.2209127024244332,1.2724486736766372,0.5767153076041558,-1.8491639812806935,-0.6835199225176113,-0.9848995416823895,1.6684194641999444,-1.1546957122593267,0.9999714094659758,-0.38284937243942774
1.6232464929859718,0.32235215807630996,0.06589219881242214,611.9004805473043,4.9156084614079345e-6,0.030890795272650914,0.37238244845082763,-0.40327324372347934,-1.3220181239718178,1.8335140156455778,-0.5114958916738634,1.488298132334188,-1.4143360429617733,-0.0739620893723015,-1.154696843953857,0.9999721160325672,-0.38284937243942774
1.627254509018036,0.3223521574374332,0.06589219894948602,613.4114670085208,4.794178800432681e-6,-0.4451780450064235,0.2724752413048355,0.1727028037015505,-1.4304938065384385,-0.3575216703948164,1.7880154769331433,0.8614431135492473,0.8158176359494811,-1.677260749498664,-1.1546979476804697,0.9999728051379819,-0.38284937243942774
1.6312625250501,0.32235215681419943,0.06589219908315057,614.9224534693765,4.675741568101994e-6,-0.08411052872086623,-0.33980917352649015,0.4239197022473477,1.1510048999881834,-1.876255156038454,0.7252502560503608,-1.3853134167856003,1.5118650257956592,-0.1265516090101697,-1.1546990241303363,0.9999734772135994,-0.38284937243942774
1.6352705410821642,0.32235215620541313,0.06589219921340347,616.4334399298803,4.5602159087396636e-6,0.4351232610745549,-0.3130986590243654,-0.1220246020501573,1.5680945911935475,0.1332183933870482,-1.7013129845804735,-1.0270546088664656,-0.6350763911879894,1.662131000054373,-1.154700073977621,0.9999741326770911,-0.38284937243942774
1.6392785571142283,0.3223521556132927,0.0658921993404492,617.9444263900386,4.447510537084878e-6,0.13612831651574442,0.30237942674502644,-0.4385077432607618,-0.9635417231836335,1.8921812093714316,-0.9286394861878734,1.2625302019809388,-1.5877867009624926,0.3252564989816505,-1.1547010978796488,0.9999747719458354,-0.38284937243942774
1.6432865731462925,0.32235215503313874,0.06589219946415702,619.4554128498864,4.338171941407398e-6,-0.4188498683363895,0.34924750451930586,0.06960236381704996,-1.683284458095239,0.09298882626668331,1.5902956318284243,1.1779875372887938,0.4452589169146929,-1.623246454203396,-1.1547020964776282,0.999975395411742,-0.38284937243942774
1.6472945891783566,0.32235215446994264,0.06589219958508549,620.9663993093624,4.230430394518193e-6,-0.18620073289225114,-0.2606281220005383,0.44682885489277374,0.7623077715824108,-1.8810645421727519,1.1187567705904005,-1.1217032723870017,1.6410160133047613,-0.5193127409178482,-1.1547030703969208,0.9999760034772575,-0.38284937243942774
1.6513026052104207,0.32235215391939914,0.06589219970307132,622.4773857685442,4.125935967259707e-6,0.39659041774967063,-0.38040513080215455,-0.01618528694748577,1.774417120309606,-0.31786706930730174,-1.4565500510021658,-1.3120848088070534,-0.24907804187213337,1.5611628506790838,-1.154704020247301,0.9999765965134443,-0.38284937243942774
1.6553106212424848,0.32235215338220374,0.0658921998180892,623.9883722274153,4.0240117287969844e-6,0.2336121525945791,0.21515194356218323,-0.44876409615674495,-0.5501790494038791,1.8430640364447763,-1.29288498704094,0.9648453069433512,-1.6707922412378788,0.7059469342946028,-1.1547049466236177,0.9999771748940268,-0.38284937243942774
1.659318637274549,0.32235215285564023,0.06589219993021286,625.4993586859797,3.924495945630606e-6,-0.368663023117451,0.40612623496205336,-0.0374632118446317,-1.840190137039578,0.5382024189365329,1.3019877181029016,1.427429955259553,0.04933753719560876,-1.4767674924550513,-1.1547058501060206,0.9999777389787347,-0.38284937243942774
1.6633266533066131,0.32235215234587705,0.06589220003914098,627.0103451442537,3.82757524014622e-6,-0.27768497892416694,-0.16660081245990435,0.44428579138404845,0.3301872643355998,-1.778722792434414,1.44853552809884,-0.7941980927832631,1.6766898484208392,-0.8824917556376392,-1.1547067312603145,0.9999782891269257,-0.38284937243942774
1.6673346693386772,0.32235215184581906,0.06589220014512115,628.5213316022251,3.7326688992645536e-6,0.33546679180373273,-0.42604319698779525,0.09057640518408754,1.879663497250296,-0.7508458849240633,-1.1288176123260858,-1.5223745023123083,0.1511079494726383,1.3712665528395505,-1.1547075906381374,0.9999788256320954,-0.38284937243942774
1.6713426853707414,0.32235215135947526,0.0658922002493539,630.0323180599399,3.6407284567433193e-6,0.3177893275416078,0.11566859813692752,-0.43345792567851094,-0.10547649912012808,1.6889603647810332,-1.5834838656609136,0.6122004857293137,-1.6586245632889147,1.0464240775596483,-1.1547084287779297,0.9999793489693335,-0.38284937243942774
1.6753507014028055,0.32235215088476216,0.0658922003508103,631.5433045173703,3.5508025229945776e-6,-0.2974761317930083,0.4398713515624112,-0.14239521976942648,-1.892273035258663,0.9527583927671397,0.9395146424913757,1.5955615317050968,-0.34939370059989744,-1.2461678311050757,-1.15470924620424,0.9999798593295122,-0.38284937243942774
1.6793587174348696,0.32235215042161797,0.065892200449735,633.0542909745332,3.4630872768472014e-6,-0.35335202872023064,-0.06308320184420542,0.4164352305644079,-0.1207417217186105,-1.5750596205006477,1.6958013422192488,-0.42145355583787814,1.6168545829653043,-1.1954010271274595,-1.1547100434290583,0.9999803570770602,-0.38284937243942774
1.6833667334669338,0.32235214996606026,0.06589220054603347,634.5652774314281,3.377337825265271e-6,0.25523400104593674,-0.4474130673083709,0.19217906626245404,1.8778385614418192,-1.1410542635488892,-0.7367842978927832,-1.6459450986091408,0.5426858742078061,1.103259224401206,-1.1547108209515529,0.999980842495247,-0.38284937243942774
1.687374749498998,0.3223521495282845,0.06589220063983425,636.0762638880808,3.2940232128529483e-6,0.38386481885273893,0.009596154086766132,-0.39346097293947524,0.345234328932503,1.4386484048917934,-1.7838827338242693,0.22468341492878657,-1.551976883480088,1.327293468551319,-1.1547115792589786,0.9999813159718632,-0.38284937243942774
1.691382765531062,0.32235214910082327,0.06589220072986177,637.5872503445241,3.213723785834418e-6,-0.20934407588057447,0.4485605244133521,-0.23921644853279392,-1.836566361712988,1.313042402118236,0.5235239595946081,1.6728051187100357,-0.7282219704788926,-0.9445831482310123,-1.1547123188256565,0.99998177767233,-0.38284937243942774
1.6953907815631262,0.32235214867861967,0.06589220082081339,639.0982368006373,3.133227521291837e-6,-0.4088916051069496,0.044028125701263875,0.3648634794056538,-0.5647929138279333,-1.2816762798561212,1.8464691936840105,-0.02470225722756772,1.4649186901705815,-1.4402164329430158,-1.154713040115351,0.9999822280573725,-0.38284937243942774
1.6993987975951903,0.32235214827043007,0.06589220090827089,640.60922325656,3.055832229111081e-6,0.160462232811185,-0.4432973364299118,0.28283510361873987,1.7690462593748415,-1.4662647544732788,-0.3027815049014245,-1.6757577641829056,0.9033503844703396,0.7724073797124357,-1.1547137435792096,0.9999826672657406,-0.38284937243942774
1.7034068136272544,0.3223521478719942,0.06589220099355624,642.1202097122532,2.9803543049638533e-6,0.42807470006010645,-0.0970232550651716,-0.33105144499490047,0.7762795853267367,1.1063866634216197,-1.8826662487482957,-0.17563183242370234,-1.3569242300473936,1.5325560624710832,-1.1547144296579281,0.9999830956197316,-0.38284937243942774
1.7074148296593186,0.3223521474837624,0.06589220107529682,643.6311961677134,2.9065150472143685e-6,-0.10928706295702609,0.4316987165251549,-0.32241165356813734,-1.6762432829556264,1.5985315407579224,0.07771174219757337,1.654760822047255,-1.0655682144055605,-0.5891926076415644,-1.1547150987809773,0.9999835133467868,-0.38284937243942774
1.7114228456913827,0.32235214710287274,0.06589220115727436,645.1421826229687,2.834842213187984e-6,-0.44113992729664814,0.14863183998564358,0.29250808731097105,-0.9766718060967918,-0.9152847544894468,1.8919565605861624,0.37345572361505786,1.2295369330267476,-1.6029926566417758,-1.1547157513680235,0.9999839208298236,-0.38284937243942774
1.7154308617234468,0.32235214673287543,0.06589220123630589,646.6531690780056,2.764828674167853e-6,0.05654987009783098,-0.4139303269331095,0.35738045683528386,1.559483697046059,-1.7079523586296945,0.14846866158375713,-1.6101143461793732,1.2125570397087793,0.39755730647046933,-1.1547163878270508,0.9999843182051532,-0.38284937243942774
1.719438877755511,0.3223521463705907,0.06589220131303779,648.1641555328367,2.6965859199588866e-6,0.44790055135640017,-0.1981163020653647,-0.24978424929099927,1.1631056063453038,0.7111017534369883,-1.8742073597822015,-0.5659421620010526,-1.0845774034694666,1.6505195654704763,-1.1547170085569254,0.9999847057575162,-0.38284937243942774
1.723446893787575,0.3223521460186278,0.06589220138806737,649.6751419874577,2.6298596317346637e-6,-0.003004441673428648,0.3902461920306591,-0.3872417503572286,-1.4204362579943663,1.792963440008535,-0.37252718201427937,1.5424564774410254,-1.34221618864661,-0.20024028879429323,-1.1547176139462663,0.9999850837356211,-0.38284937243942774
1.7274549098196392,0.3223521456749121,0.06589220146134395,651.1861284418858,2.5649003397761455e-6,-0.4482599390631266,0.24476941752227074,0.20349052154082284,-1.332916508372379,-0.4967558100429098,1.8296723184151846,0.7503401770881674,0.9241173809506917,-1.6744575580387984,-1.1547182043741924,0.9999854523718948,-0.38284937243942774
1.7314629258517034,0.32235214533958395,0.06589220153277991,652.6971148961202,2.5015366047698004e-6,-0.05058399480244666,-0.36098475691800036,0.41156875172044466,1.2610881947374266,-1.8523498069178281,0.5912616121804999,-1.4527541623642692,1.4526925938245474,0.00006156853961006986,-1.1547187802104628,0.9999858118978545,-0.38284937243942774
1.7354709418837675,0.32235214501121223,0.06589220160221623,654.208101350162,2.439623120853397e-6,0.4422129436561796,-0.28792442842854926,-0.15428851522759351,1.483677606432519,0.2753103189513557,-1.7589879253837588,-0.9240143987761047,-0.7504501302985903,1.6744645290746252,-1.1547193418157742,0.9999861625363845,-0.38284937243942774
1.7394789579158316,0.3223521446925825,0.06589220166995048,655.7190878040266,2.379406321974579e-6,0.10344956759997762,0.3265642082314889,-0.4300137758314558,-1.0837168811203755,1.8852627203859587,-0.8015458392656678,1.3422894149403553,-1.542407359194102,0.2001179442538545,-1.1547198895417197,0.999986504512808,-0.38284937243942774
1.7434869739478958,0.3223521443798484,0.06589220173546154,657.2300742577014,2.3203915078088327e-6,-0.4298459761024116,0.32696456850659555,0.10288140759578464,-1.6132342517087626,-0.04993013642005463,1.663164388128691,1.0844827178875127,0.5660576694311394,-1.6505403873185651,-1.1547204237313522,0.9999868380290889,-0.38284937243942774
1.7474949899799597,0.32235214407704216,0.0658922018004481,658.7410607112174,2.263245459703004e-6,-0.15483673429593534,-0.2874764662369917,0.4423132005329171,0.8908572744420424,-1.8912317926927824,1.0003745182508097,-1.2126409785785692,1.6100783073207225,-0.397437328742246,-1.1547209447192042,0.9999871633174202,-0.38284937243942774
1.7515030060120238,0.32235214378104693,0.06589220186352993,660.2520471645564,2.2073484437988907e-6,0.4113357651850159,-0.3613318747734162,-0.05000389041156571,1.7197348347475778,-0.17616363967856044,-1.5435711950688833,-1.229451756489398,-0.3735752984962546,1.6030270549855588,-1.1547214528314578,0.9999874805604246,-0.38284937243942774
1.755511022044088,0.3223521434923671,0.06589220192504747,661.7630336177292,2.152824522553633e-6,0.2040110796383921,0.24428015472902814,-0.44829123436740254,-0.6852656876580467,1.8701717100870134,-1.1849060224290202,1.0656617640262287,-1.654738303492001,0.5890765394658571,-1.1547219483863456,0.9999877899630284,-0.38284937243942774
1.759519038076152,0.3223521432092436,0.06589220198473214,663.274020070745,2.0997576108867897e-6,-0.3869468517623654,0.3905351766113088,-0.0035883248489722783,-1.801657274736252,0.3997397224949827,1.401917552241129,1.356849658558661,0.17575393404308834,-1.5326035926016415,-1.1547224316942521,0.9999880917142416,-0.38284937243942774
1.7635270541082162,0.3223521429363334,0.06589220204336119,664.7850065235906,2.0477211845680767e-6,-0.2502698130349512,-0.1975926193618282,0.44786243239676,0.4698804016588216,-1.8223834652397697,1.3525030635809845,-0.9034523757139151,1.6757490894964409,-0.7722967137825953,-1.1547229030578539,0.9999883860147253,-0.38284937243942774
1.7675350701402803,0.32235214266457696,0.06589220210071473,666.2959929762665,1.9965626253630755e-6,0.35702777733160185,-0.4141570909419231,0.0571293136103505,1.8578307370713882,-0.6176027955872909,-1.2402279414839523,-1.4648556789952039,0.02457919962228846,1.4402764793728027,-1.1547233627722617,0.9999886730252726,-0.38284937243942774
1.7715430861723445,0.3223521424070345,0.06589220215585449,667.8069794288359,1.947762362195248e-6,0.2929518096170698,0.14808109940531977,-0.4410329090223661,-0.24777966017232156,1.7485500216765806,-1.5007703615042784,0.7283310714767429,-1.6728103750437104,0.9444793035670253,-1.1547238111254612,0.9999889529702418,-0.38284937243942774
1.7755511022044086,0.3223521421523924,0.06589220221021967,669.317965881238,1.899666139444383e-6,-0.322006142947886,0.4318600197701236,-0.10985387682226314,-1.887452403889088,0.826639199191369,1.0608132046975718,1.551926218507477,-0.22456098359631116,-1.3273652349110443,-1.1547242483981015,0.999989225984403,-0.38284937243942774
1.7795591182364727,0.3223521419038786,0.06589220226320004,670.8289523334972,1.8527530406464418e-6,-0.3314470634121321,-0.09645319860956111,0.4279002620216679,0.022137692274340752,-1.6497265986851783,1.6275889064108398,-0.54280065637762,1.6459641702052625,-1.1031635138276843,-1.154724674864063,0.9999894922514065,-0.38284937243942774
1.7835671342685369,0.3223521416590775,0.06589220231448581,672.3399387856317,1.8073551818372688e-6,0.28238243609531927,-0.4433909322232761,0.1610084961279786,1.8900989245391657,-1.0238614200745855,-0.8662375044644328,-1.6168168850241533,0.4213333117896926,1.1954835732343343,-1.1547250907904274,0.9999897519082991,-0.38284937243942774
1.787575150300601,0.32235214142395946,0.0658922023647356,673.8509252375978,1.762289273468864e-6,0.365205404146206,0.04344676871146864,-0.40865217285764566,0.20382066450765116,1.5273255686596758,-1.731146233167311,0.34951269849225913,-1.595594167035573,1.2460814685433417,-1.154725496437781,0.999990005205518,-0.38284937243942774
1.7915831663326651,0.3223521411877309,0.06589220241782105,675.3619116894038,1.7176282845846693e-6,-0.23872294350991088,0.44858501247174615,-0.20986206896185305,-1.8657323740068812,1.206450723703682,0.6592816503030534,1.6586002129921218,-0.6120839337896111,-1.0465162792023803,-1.1547258920599546,0.9999902522559944,-0.38284937243942774
1.7955911823647293,0.3223521409672165,0.06589220246132645,676.8728981411688,1.6762643188634206e-6,-0.39374435997106694,0.010180636475489453,0.3835637234955476,-0.42686605305414094,-1.3830962679789842,1.8099623210330917,-0.15122963193992356,1.5224202518622996,-1.3711906199223876,-1.1547262779049274,0.9999904931193235,-0.38284937243942774
1.7995991983967934,0.32235214074771323,0.06589220250802352,678.3838845927643,1.6348660098860105e-6,0.19165173352570497,-0.4473681170271271,0.25571638350143816,1.8147013085885104,-1.371797775927873,-0.44290353266049554,-1.67667930959392,0.794086781587437,0.8825925280063531,-1.1547266542141168,0.9999907280719619,-0.38284937243942774
1.8036072144288575,0.32235214053352984,0.06589220255358103,679.8948710442372,1.594495180757625e-6,0.4166560524337789,-0.06366258729184313,-0.3529934651419017,0.6438107486592827,1.2190999958747726,-1.862910744534005,-0.0492147218086117,-1.4274882170618348,1.4767029388704442,-1.1547270212232452,0.9999909572175517,-0.38284937243942774
1.8076152304609217,0.32235214036620086,0.0658922026106257,681.4058574955847,1.5549893549265366e-6,-0.14184137556129478,0.43975749135243375,-0.2979161157911483,-1.7377347431836658,1.5175392689025877,0.22019547428094252,1.6707954980249413,-0.9647405806171169,-0.7060549174076931,-1.1547273791621249,0.999991180615313,-0.38284937243942774
1.8116232464929858,0.3223521401199913,0.06589220264092116,682.9168439468218,1.5166151466552913e-6,-0.4336130259400196,0.11623473181360147,0.3173782941263855,-0.8515542154407257,-1.0376805565822327,1.889234772022892,0.24895565313415025,1.3121548151820386,-1.561110468316168,-1.1547277282551307,0.9999913986573294,-0.38284937243942774
1.81563126252505,0.32235213992145717,0.065892202683173,684.4278303979443,1.4791838561303222e-6,0.09000387114908562,-0.4258620075068684,0.3358581363577911,1.6359327762048106,-1.6415923589482457,0.005659582743562944,-1.6410330406141724,1.1216064838552104,0.519426556758835,-1.154728068720616,0.9999916112306505,-0.38284937243942774
1.819639278557114,0.3223521397267357,0.06589220272398998,685.9388168489517,1.4425639500325776e-6,0.444372928128265,-0.16714571991068836,-0.2772272082175405,1.0471274184941908,0.8414307621256611,-1.88855818061977,-0.44513850471997907,-1.1780683695698904,1.623206874289836,-1.1547284007719611,0.9999918185474211,-0.38284937243942774
1.8236472945891782,0.32235213953878483,0.06589220276440279,687.4498032998546,1.4069646198830093e-6,-0.036879990823903724,0.40588018158644357,-0.3690001907625412,-1.5107503393698205,1.742184096506247,-0.2314337571365443,1.5878172291078922,-1.262442537001788,-0.32537469210597914,-1.1547287246169982,0.9999920207432016,-0.38284937243942774
1.8276553106212423,0.3223521393550294,0.06589220280377762,688.9607897506505,1.3722256858497819e-6,-0.4487819745195138,0.21566794019910118,0.23311403432037867,-1.2277352620774622,-0.6331553843891757,1.8608906464665418,0.6349594718717757,1.02714522577219,-1.662104697643915,-1.1547290404585493,0.9999922179412135,-0.38284937243942774
1.8316633266533064,0.32235213917565747,0.06589220284213278,690.4717762013431,1.3383370264232194e-6,-0.01677100642550515,-0.3800976038654511,0.3968686102909555,1.3639765114243545,-1.817876833966671,0.4539003225424229,-1.5119086341161407,1.3852359566024044,0.12667267751361894,-1.1547293484944203,0.99999241026578,-0.38284937243942774
1.8356713426853706,0.322352138999418,0.06589220287915733,691.9827626519361,1.305301135456708e-6,0.446777142654636,-0.26110792136342104,-0.1856692212911793,1.3907965186311695,0.41583105142551186,-1.8066275700565726,-0.8157056671014404,-0.8615423395319486,1.6772480066333262,-1.154729648917612,0.9999925978352864,-0.38284937243942774
1.8396793587174347,0.3223521388289375,0.06589220291550504,693.4937491024261,1.2729830729511646e-6,0.07018235228465254,0.3488827472359398,-0.41906509952058607,-1.197708958228391,1.8675887801546796,-0.6698798219263818,1.4143921296710726,-1.4882318035408137,0.07383967386985268,-1.1547299419161503,0.999992780772344,-0.38284937243942774
1.8436873747494988,0.32235213866062984,0.0658922029504313,695.004735552818,1.241384787030966e-6,-0.438387079060862,0.30281624058806017,0.13557083847276818,-1.5339807470455509,-0.1925637303321488,1.7265444773775798,0.9847939021291204,0.6836264847163122,-1.6684203868453549,-1.1547302276735962,0.9999929591827135,-0.38284937243942774
1.847695390781563,0.32235213849876737,0.06589220298524265,696.5157220031261,1.2108340328713522e-6,-0.12259070259938276,-0.3126817242061666,0.4352724268055407,1.01432395270597,-1.8906094659464157,0.876285513240525,-1.2966614125168774,1.5699580888783762,-0.273296676361599,-1.1547305063688684,0.9999931331928957,-0.38284937243942774
1.851703406813627,0.3223521383400782,0.0658922030190332,698.0267084533399,1.1809463824529495e-6,0.42373169084059403,-0.3401968102338829,-0.08353488060667702,1.6552415853018272,-0.03345567757875414,-1.621785907722944,-1.139807605454385,-0.4959404043040052,1.6357480097583024,-1.154730778176455,0.9999933028991469,-0.38284937243942774
1.8557114228456912,0.3223521381852371,0.06589220305195877,699.5376949034644,1.1517891287714207e-6,0.17324704759108406,0.27201190840977113,-0.4452589560008403,-0.816442404036438,1.8866098873289987,-1.0701674832926247,1.1603990737232937,-1.6292468033754863,0.4688477296522844,-1.1547310432666005,0.9999934684112357,-0.38284937243942774
1.8597194388777554,0.32235213803275503,0.06589220308323356,701.0486813535092,1.1235170132165773e-6,-0.4030204208805525,0.37271539015170846,0.030305030728814228,-1.75284599903783,0.25899694508876975,1.4938490539489233,1.2785313542906882,0.30116647487450526,-1.5796978291650923,-1.1547313018053813,0.9999936298259638,-0.38284937243942774
1.8637274549098195,0.3223521378860304,0.065892203114924,702.5596678034526,1.0955451203879808e-6,-0.22142741622808065,-0.22745454060149878,0.4488819568295632,0.6068924009759101,-1.8556472067262164,1.2487548057503537,-1.0075525518613517,1.6652506094854553,-0.6576980576241811,-1.1547315539546774,0.9999937872638257,-0.38284937243942774
1.8677354709418836,0.3223521377384501,0.06589220314605325,704.0706542533394,1.0688782653566818e-6,0.3765492605380867,-0.3999072241926866,0.023357963654630012,1.8253990353300518,-0.4808366698432568,-1.3445623654866525,-1.398982536921601,-0.10208836864012062,1.5010709055616132,-1.1547317998723858,0.9999939408042187,-0.38284937243942774
1.8717434869739478,0.3223521376014486,0.06589220317484003,705.5816407031124,1.0420552998950581e-6,0.26644322279252036,0.17964642197423925,-0.4460896447667376,-0.38866879459967635,1.7981639359098893,-1.4094951413102434,0.8403063013625922,-1.6774549506203629,0.837148649257837,-1.1547320397125198,0.9999940905512567,-0.38284937243942774
1.875751503006012,0.3223521374648811,0.06589220320393552,707.0926271528247,1.0163360306189326e-6,-0.34469655073434513,0.4213837030220454,-0.07668715228772584,-1.8718637907762123,0.6958043669482469,1.1760594238278193,1.499439701021261,-0.09844873422097256,-1.4009909668001697,-1.1547322736252266,0.999994236597798,-0.38284937243942774
1.879759519038076,0.32235213733171003,0.0658922032323076,708.6036136024603,9.912447124612706e-7,-0.3076511078036992,-0.1292708133647056,0.4369219211683825,0.1648903978622468,-1.7149816118969865,1.5500912140347525,-0.6610505739223438,1.665685404990359,-1.0046348310680655,-1.1547325017570134,0.9999943790346518,-0.38284937243942774
1.8837675350701402,0.32235213719912303,0.06589220326011366,710.1146000520018,9.662706726726326e-7,0.3079174906495813,-0.4368378669978153,0.12892037634826006,1.8915761853267694,-0.9008277467594155,-0.9907484385672062,-1.578467122988319,0.29757878892743483,1.2808883340607626,-1.1547327242507972,0.9999945179338438,-0.38284937243942774
1.8877755511022043,0.32235213707526095,0.06589220328674343,711.6255865015072,9.428301633223783e-7,0.344462134638407,0.0770476715196134,-0.4215098061579916,0.06124458638780435,1.607289067029313,-1.6685336534171122,0.47234726203550254,-1.6301101891529943,1.157762927117531,-1.154732941245923,0.9999946534315396,-0.38284937243942774
1.8917835671342684,0.32235213694444204,0.06589220331462449,713.1365729509579,9.203778671165168e-7,-0.2667377464027174,0.4460488608868699,-0.17931111448417109,-1.8842545039987777,1.09297665528407,0.7912778487145603,1.6349353718134194,-0.4924558733172203,-1.1424794984960693,-1.1547331528780866,0.9999947855748277,-0.38284937243942774
1.8957915831663326,0.322352136831151,0.0658922033385259,714.6475594002711,8.967963239650326e-7,-0.376350202076619,-0.02372335641195649,0.40007355848854753,-0.2865042757661476,-1.4766254109381673,1.7631296867042923,-0.2768932747958874,1.571237727070922,-1.294344452275054,-1.1547333592803137,0.9999949144335515,-0.38284937243942774
1.8997995991983967,0.322352136713921,0.06589220336363204,716.1585458495524,8.746716268240835e-7,0.2217457862919757,-0.44888500968099077,0.22713922338903425,1.8500033535570202,-1.2695049186517926,-0.5804984349050832,-1.6680373755428022,0.6802948222697911,0.9877425532728826,-1.154733560581344,0.9999950401186286,-0.38284937243942774
1.9038076152304608,0.32235213659941103,0.06589220338809805,717.6695322987674,8.530851874654832e-7,0.4028595687561993,-0.029940031229588254,-0.3729195375265784,0.5076692942332226,1.324858070013725,-1.8325273642469078,0.0774820083396743,-1.489909419095641,1.4124274107559747,-1.1547337569074108,0.9999951626972143,-0.38284937243942774
1.907815631262525,0.3223521364699321,0.06589220341281495,719.180518747943,8.326398426571383e-7,-0.1735847117536858,0.44530581552168136,-0.2717211037680074,-1.7893122569297164,1.42788962182529,0.3614226351042868,1.6773001121002753,-0.8584111081237804,-0.8188890039763622,-1.1547339483813845,0.9999952823107232,-0.38284937243942774
1.911823647294589,0.32235213637766114,0.06589220343473196,720.6915051970046,8.114310169192685e-7,-0.42361136599307947,0.08317554505700317,0.34043582093604463,-0.72157878876724,-1.1541560826518296,1.8757348714190132,0.12303658633957167,1.3872876024607417,-1.5103241888003023,-1.1547341351235552,0.9999953988392827,-0.38284937243942774
1.9158316633266532,0.32235213626633713,0.0658922034627311,722.2024916460375,7.915512850594808e-7,0.12294268083328702,-0.4353623224363843,0.31241964160310914,1.7030485451620003,-1.5658670985408794,-0.13718144662098786,-1.6625910269676785,1.0242590117274426,0.638332015240108,-1.1547343172504716,0.9999955126393991,-0.38284937243942774
1.9198396793587174,0.3223521361664189,0.06589220347895482,723.7134780949972,7.718107345966772e-7,0.43830901041977277,-0.1352223534123423,-0.3030866570073941,0.9251756029390477,0.9669590941709725,-1.8921346971099477,-0.32179673469587977,-1.2648389343507638,1.5866356690466206,-1.1547344948763236,0.9999956234545888,-0.38284937243942774
1.9238476953907815,0.3223521360654202,0.06589220350056733,725.2244645439064,7.527474407909976e-7,-0.07054368170561183,0.419196847036822,-0.34865316533121476,-1.5924453411705626,1.6814656457940436,-0.08902030462360525,1.6241207138297895,-1.1754685134900038,-0.44865220033965775,-1.1547346681123207,0.9999957316177314,-0.38284937243942774
1.9278557114228456,0.3223521359666501,0.06589220352158424,726.7354509927594,7.341710829413808e-7,-0.4467424431261061,0.18533661284681838,0.26140583027925335,-1.1155499665458022,-0.7659424923238676,1.881492458869583,0.5159577946934633,1.1243134308162916,-1.6402712255097138,-1.154734837066943,0.9999958371072165,-0.38284937243942774
1.9318637274549098,0.3223521359132836,0.06589220355593588,728.2464374415624,7.16184012649605e-7,0.01713640258956491,-0.397040217255735,0.3799038146661716,1.4590830801608763,-1.773032878374796,0.3139497982140335,-1.5624386454307027,1.3098783230205022,0.25256032241007864,-1.1547350018460667,0.9999959399388075,-0.38284937243942774
1.9358717434869739,0.3223521357753069,0.06589220356152985,729.7574238903013,6.983755490828716e-7,0.44879113128347126,-0.23280209962833368,-0.21598903165510283,1.2899810824712166,0.5539791693509614,-1.843960251822077,-0.7027448532023164,-0.9677194568960343,1.6704643100982954,-1.1547351625528193,0.9999960403267775,-0.38284937243942774
1.939879759519038,0.3223521356840358,0.06589220358112695,731.2684103389892,6.810641001280442e-7,0.03651576975940913,0.3692092076077164,-0.4057249773671231,-1.3048678497123691,1.8392602338940474,-0.5343923841817804,1.4784265174464197,-1.4255676041455598,-0.052858913300744576,-1.154735319287884,0.9999961381874438,-0.38284937243942774
1.9438877755511021,0.3223521355934046,0.06589220359972645,732.7793967876296,6.642584849725656e-7,-0.4444257895610716,0.27694044269571527,0.16748534686532168,-1.445976006961234,-0.3340984686082456,1.7800744755693665,0.8794883824483976,0.7972950248600809,-1.6767834073084096,-1.154735472149451,0.9999962336250225,-0.38284937243942774
1.9478957915831663,0.32235213550761754,0.06589220361849427,734.2903832362173,6.478116604903724e-7,-0.0896461025709007,-0.33610150692360896,0.4257476094945028,1.1320036702485285,-1.87920119398277,0.7471975237343299,-1.3732849738333586,1.5208828936193388,-0.14759791978608758,-1.154735621233183,0.9999963267090393,-0.38284937243942774
1.9519038076152302,0.32235213542329255,0.06589220363677234,735.8013696847589,6.318384020342975e-7,0.43370881091512165,-0.31712082851717466,-0.11658798239791276,1.5813052944176016,0.10944288777992063,-1.6907481821973984,-1.043662403294904,-0.6154758124418254,1.6591382157366479,-1.1547357666324292,0.9999964174904834,-0.38284937243942774
1.9559118236472943,0.3223521353408996,0.06589220365455026,737.3123561332529,6.162525957206872e-7,0.14149524894706925,0.29819030158631704,-0.4396855505333746,-0.9429610814711212,1.8922849245612499,-0.9493238430902022,1.2485166897062354,-1.5944619773039364,0.3459452875977989,-1.154735908438262,0.9999965060284001,-0.38284937243942774
1.9599198396793585,0.32235213525899903,0.06589220367120893,738.8233425816875,6.007120804013667e-7,-0.4167933471805403,0.3527689984477669,0.064024348732741,-1.6940348253158088,0.11677683541913411,1.5772579898965429,1.192920559228989,0.4248603428958711,-1.617780902124767,-1.154736046739565,0.9999965923724289,-0.38284937243942774
1.9639278557114226,0.3223521351810166,0.0658922036882661,740.3343290301003,5.861505713966071e-7,-0.19132218956089414,-0.2560174084590053,0.44733959801988377,0.7404418471937081,-1.8783244299555364,1.1378825827618857,-1.1059048304885344,1.6452532733640512,-0.5393484428756035,-1.1547361816228876,0.9999966765929751,-0.38284937243942774
1.9679358717434867,0.32235213510099603,0.06589220370524178,741.8453154784556,5.716029473000565e-7,0.39392115413822704,-0.38337547622189366,-0.010545677916303522,1.7825534899679472,-0.3413276011394528,-1.4412258888283556,-1.3251296847402685,-0.22817286204675896,1.5533025467869237,-1.1547363131727135,0.9999967587285289,-0.38284937243942774
1.9719438877755509,0.3223521350286003,0.06589220372027041,743.3563019267716,5.575221575787093e-7,0.23841480635570061,0.21018555415574697,-0.4486003605114291,-0.5273403429763287,1.8375192379498682,-1.3101788949735804,0.9474875863635285,-1.6725308889840504,0.7250433026205956,-1.1547364414714487,0.9999968388318333,-0.38284937243942774
1.975951903807615,0.3223521349555236,0.06589220373589316,744.867288375045,5.437794434710868e-7,-0.36541910866512683,0.4085028365123263,-0.043083727847228394,-1.8455962043031104,0.5610001727723531,1.2845960315306133,1.4384002692944384,0.028224397214396388,-1.4666246665087228,-1.154736566599359,0.9999969169578002,-0.38284937243942774
1.9799599198396791,0.32235213488418196,0.06589220375110111,746.3782748232775,5.303677474310148e-7,-0.28210005976228847,-0.16134975806828045,0.4434498178305467,0.3067021809464122,-1.7704525335978856,1.4637503526514972,-0.7755290319315805,1.6759049831522104,-0.900375951220691,-1.1547366886348391,0.9999969931527767,-0.38284937243942774
1.9839679358717432,0.3223521348099791,0.0658922037668426,747.8892612714538,5.168779978394559e-7,0.33169456285954,-0.42779196382353496,0.09609740096402236,1.8822619668540095,-0.7726550204039606,-1.1096069464499017,-1.5311134831876805,0.17212742811856424,1.358986055068998,-1.1547368076543665,0.9999970674700902,-0.38284937243942774
1.9879759519038074,0.32235213474583335,0.06589220377992328,749.4002477196206,5.044530877676473e-7,0.32175360743004655,0.11020797105430725,-0.4319615784843277,-0.08168068371674037,1.678082824272099,-1.5964021405553648,0.5924867691648166,-1.6553273374635273,1.0628405682987578,-1.1547369237324756,0.9999971399384142,-0.38284937243942774
1.9919839679358715,0.32235213467251894,0.06589220379468438,750.9112341677431,4.921812249323774e-7,-0.29322952071486336,0.4409671930435465,-0.1477376723287054,-1.8920267770895498,0.9732672243731589,0.9187595527162433,1.6019442958120855,-0.3700192265207539,-1.231925069291206,-1.154737036941634,0.9999972106226616,-0.38284937243942774
1.9959919839679356,0.3223521346142337,0.06589220380736382,752.4222206158129,4.798226252185625e-7,-0.3568087268258884,-0.0574911008125391,0.4142998276383999,-0.14450818099340876,-1.5617302407671303,1.7062384217605278,-0.4009768049160287,1.6110920449044739,-1.210115239988476,-1.1547371473533417,0.9999972795587733,-0.38284937243942774
2.0,0.3223521345500048,0.06589220382072206,753.9332070638654,4.682334418087773e-7,0.25057363620967,-0.44784018166844075,0.1972665454587908,1.8747510493499924,-1.159969653610599,-0.7147813957392474,-1.649880361719605,0.562622741275747,1.0872576204437299,-1.1547372550360844,0.9999973467948918,-0.38284937243942774
