time,pi_cc_d,pi_cc_q,theta_pll,gamma_pll,i_vsc_a,i_vsc_b,i_vsc_c,v_sh_a,v_sh_b,v_sh_c,i_bus_a,i_bus_b,i_bus_c,i_l_f,v_dc_f,i_dc_f,i_load_f,x_1,x_2,i_L,v_dc,i_load,soc
0.0,0.2489566221772049,0.05087378744520468,-0.042340516845684684,0.0,0.34367531018880804,-0.48798366785066266,0.14430835766185482,1.4591625311561314,-0.8813368539757489,-0.5778256771803819,-1.13301044692981,0.27574761708316825,0.8572628298466413,1.7656987448788555,1.0,0.2828493724394277,0.6,0.8828493724394278,0.4999999999999999,1.7656987448788555,1.0,0.6,0.01
0.004008016032064128,0.24895662080696437,0.050873789286860316,1.4686455681837909,-8.081569228605296e-6,0.3849440268722134,0.08572988035220047,-0.47067390722387564,0.2621392633293416,1.1212715648035478,-1.3834108281328787,0.26741267115402517,-1.1305475400354226,0.8631348688819288,1.7656988166523744,0.9999999980357777,0.282849387654114,0.6,0.8828493725554297,0.5000000001661795,1.7656988626001078,1.0000000018535737,0.6,0.017076949727450313
0.008016032064128256,0.24895662006329675,0.05087379306610748,2.9796321130953487,-4.978039569720457e-6,-0.2976558098705181,0.4982324448044206,-0.20057663493343988,-1.4278241716313997,1.0153831412145695,0.4124410304168107,1.1649793082651454,-0.4109029798370613,-0.7540763284275768,1.7656987036224032,1.0000000003440432,0.28284935736108247,0.6,0.882849372613893,0.49999999893196356,1.7656983479314328,1.0000000023808633,0.6,0.024153897595704785
0.012024048096192383,0.24895661957851797,0.05087379555915897,4.490618634112705,-2.7377002990605417e-6,-0.42052834282058893,-0.026166968184741964,0.44669531100578663,-0.43283341577518986,-0.9998840446972159,1.4327174604724073,-0.12814123721051082,1.0814247061514712,-0.9532834689405055,1.7656987041986396,0.9999999996502364,0.2828493426800963,0.6,0.8828493726060521,0.5000000005885206,1.7656989820212574,0.9999999990311591,0.6,0.031230846220186625
0.01603206412825651,0.24895661930693286,0.050873797103278474,6.0016051368218175,-1.1455842367991772e-6,0.24738227283844022,-0.5013606756980933,0.25397840286007867,1.3760796066496235,-1.13491773400412,-0.24116187264550132,-1.1802983485995078,0.5401855728073786,0.640112775792553,1.765698737450399,1.0000000016134962,0.282849336855541,0.6,0.8828493725799683,0.49999999948475365,1.7656985293166279,1.0000000091897798,0.6,0.03830779540718095
0.02004008016032064,0.2489566191870249,0.050873797968996104,7.512591625393293,-4.075351166942683e-8,0.4501025243690141,-0.03376993620499186,-0.4163325881636179,0.5973416064393698,0.8642064059826885,-1.461548012422057,-0.012961559103549694,-1.0168463489707231,1.029807908074676,1.765698662854822,1.0000000028284262,0.28284933603497353,0.6,0.8828493723745203,0.500000000057099,1.765698695315041,1.0000000012026549,0.6,0.04538474332257045
0.024048096192384766,0.2489566191328589,0.050873798323743405,9.023578103080409,7.004220899553638e-7,-0.19357322247533842,0.4973235528585802,-0.30375033038287713,-1.3046683053102077,1.2382322404069983,0.06643606490318639,1.1787487695283776,-0.6617479416300839,-0.5170008278979118,1.7656987329512333,1.0000000028522413,0.2828493380505445,0.6,0.8828493721636942,0.5000000004865689,1.7656988448810262,1.0000000067474173,0.6,0.05246169270144105
0.028056112224448895,0.24895661915605433,0.050873798325122704,10.534564572430062,1.1730352562735277e-6,-0.4732439101684875,0.09322419769959361,0.3800197124692273,-0.7533126671679129,-0.71617763659459,1.4694903037625013,0.15387912964793785,0.9377353909704411,-1.091614520618034,1.7656986937241401,1.0000000046667605,0.28284934076522805,0.6,0.8828493718562936,0.4999999997897867,1.7656985188465277,1.0000000065832821,0.6,0.059538641102650273
0.03206412825651302,0.24895661922981538,0.050873798083338154,12.045551035518251,1.4519827290693127e-6,0.13699760509570258,-0.4861787167534036,0.3491811116580534,1.2146109132008198,-1.3238501451385232,0.10923923193770324,-1.1603527061882102,0.7738527061339036,0.38650000005465424,1.7656986996093733,1.000000004251346,0.28284934452372446,0.6,0.8828493714895956,0.5000000008007754,1.7656988778606357,1.000000002965612,0.6,0.06661558979258844
0.03607214428857715,0.24895661932587906,0.050873797676881216,13.556537493853787,1.591570968026445e-6,0.4896218567749391,-0.15134611173488302,-0.3382757450397517,0.8985176314396635,0.5579134687315689,-1.4564311001712358,-0.2925975348144844,-0.8452226098964452,1.1378201447112521,1.7656987312050165,1.000000004927367,0.28284934811728024,0.6,0.882849371135529,0.5000000002679473,1.7656986405805961,1.0000000082033529,0.6,0.07369253890831515
0.04008016032064128,0.2489566194367364,0.05087379716895072,15.06752394854652,1.6313758751476942e-6,-0.0784641427168029,0.4680856353125785,-0.3896214925955606,-1.1071946132091222,1.3905479307264201,-0.28335331751732035,1.1253732349935683,-0.8748978398304278,-0.25047539516298156,1.7656986911028152,1.0000000052427294,0.28284935125840044,0.6,0.8828493707120277,0.5000000005405627,1.7656987012081862,1.0000000032053122,0.6,0.08076948723380306
0.044088176352705406,0.2489566195665027,0.05087379661316244,16.578510400611158,1.6050087020923532e-6,-0.49900209910348303,0.20730501664952006,0.2916970824541329,-1.0308809635694458,-0.39167556623995087,1.422556529809396,0.4271341466442201,0.7406298819933685,-1.1677640286374198,1.7656987322490776,1.0000000046939492,0.28284935391445537,0.6,0.8828493703223671,0.5000000008718438,1.7656988125425332,1.0000000055054905,0.6,0.08784643637936204
0.04809619238476953,0.24895661971779995,0.05087379603656806,18.08949685071999,1.5346809128753824e-6,0.0188091569948273,-0.4433025410601626,0.4244933840655046,0.9839542950772908,-1.4373720091755695,0.45341771409826925,-1.0743099011612565,0.9634388821012356,0.11087101906018831,1.7656987145064416,1.0000000052482716,0.2828493564286761,0.6,0.8828493699219616,0.5000000004469464,1.7656986130356405,1.0000000054261473,0.6,0.09492338502004984
0.052104208416833664,0.24895661984612716,0.05087379544478467,19.600483299405923,1.437317428938462e-6,0.5012507395847028,-0.26030115980871454,-0.24094957977581039,1.148511193428271,0.21983995338388962,-1.3683511468121594,-0.555566255296647,-0.6254522452420572,1.1810185005388645,1.7656987148205712,1.0000000046018194,0.28284935869029465,0.6,0.8828493695211616,0.5000000010179476,1.7656988136655802,1.000000002722087,0.6,0.10200033374925217
0.05611222444889779,0.24895661999777738,0.05087379487297191,21.11146974705874,1.3247272332159108e-6,0.041114566354114215,0.4121840032254182,-0.4532985695793514,-0.8466516265286643,1.4636536386289651,-0.6170020121002988,1.0078929035158573,-1.0382108097595841,0.030317906243905294,1.7656987355977294,1.0000000045378503,0.28284936056421023,0.6,0.8828493691635074,0.5000000007448847,1.7656986926151133,1.0000000055258633,0.6,0.10907728277690852
0.06012024048096192,0.24895662011942163,0.05087379432796452,22.622456193995383,1.2058525149521759e-6,-0.49633548228411517,0.30957712177058977,0.18675836051369696,-1.2497270142427617,-0.044862419425286015,1.294589433668048,0.6760582235053187,0.5013357151630872,-1.1773939386682346,1.7656987119442786,1.0000000044290516,0.2828493617723376,0.6,0.8828493687955568,0.5000000008456223,1.765698708570856,1.0000000026284697,0.6,0.11615423132681889
0.06412825651302605,0.24895662028038815,0.05087379381627291,24.13344264050179,1.0881825493125485e-6,-0.10045072913581231,-0.37517453074480184,0.4756252598807626,0.6972487282714227,-1.4690169583034034,0.7717682300319784,-0.9270712226643207,1.0981447563002449,-0.1710735336357699,1.7656987343245885,1.000000003798123,0.2828493636883047,0.6,0.8828493684703048,0.5000000010602206,1.7656987862793856,1.0000000033622138,0.6,0.12323118033265759
0.06813627254509018,0.24895662040740874,0.050873793330937854,25.64442908657933,9.716137151763502e-7,0.48432680462007915,-0.3544286806654465,-0.1298981239544895,1.3330821359160223,-0.13075627427356856,-1.2023258616424557,-0.7868882077044723,-0.3700542571483478,1.1569424648529656,1.7656987261333805,1.0000000038690458,0.28284936456302845,0.6,0.8828493681630184,0.500000000785878,1.7656986659970326,1.0000000034740453,0.6,0.13030812908598668
0.0721442885771543,0.24895662047764125,0.05087379286419725,27.155415532539187,8.633363041470131e-7,0.15835121856639833,0.3328031809137051,-0.4911543994799655,-0.5378807798981792,1.4533851675243608,-0.9155043876261795,0.8329999288614958,-1.142384161506838,0.3093842326454722,1.7656987238799617,1.000000003320418,0.2828493651832431,0.6,0.882849367870979,0.5000000010897345,1.7656987773414274,1.0000000016845312,0.6,0.13738507784396436
0.07615230460921843,0.24895662061626833,0.050873792459057224,28.666401978374573,7.625161414048375e-7,-0.46539613709434324,0.3942147735077678,0.07118136358670167,-1.3973849179646862,0.3045062260677455,1.092878691896943,0.8864720292394447,0.23348398923824812,-1.1199560184775699,1.7656987371806834,1.0000000030761427,0.28284936599203503,0.6,0.8828493676200143,0.5000000009398156,1.7656987178114485,1.0000000032250023,0.6,0.14446202680777318
0.08016032064128256,0.2489566206855252,0.050873792061138505,30.17738842407337,6.680242826421754e-7,-0.21398863114142933,-0.28567536131770677,0.499663992459253,0.37082557231012103,-1.4169819111114708,1.0461563388013513,-0.727023555852916,1.1702967807466738,-0.44327322489363735,1.7656987232035581,1.0000000028998823,0.28284936643349473,0.6,0.8828493673759066,0.5000000009503931,1.7656987155675756,1.000000001573961,0.6,0.15153897548448728
0.08416833667334668,0.248956620772588,0.05087379170667797,31.688374869880647,5.851159348110528e-7,0.43981418327436106,-0.42836683679247284,-0.01144734648176568,1.4417165480159837,-0.47390423103303636,-0.9678123169829692,-0.9733866095383102,-0.09357680871805214,1.0669634182564347,1.765698735139026,1.0000000024049327,0.2828493670332454,0.6,0.8828493671655553,0.5000000010752922,1.7656987680871974,1.0000000018149207,0.6,0.15861592441219435
0.08817635270541081,0.24895662084205442,0.05087379138319272,33.19936131559683,5.079099798272739e-7,0.26656773591131455,0.23446478327372697,-0.501032519184944,-0.19847058292873615,1.3603273827505853,-1.1618567998218559,0.6106566943660008,-1.18148375853082,0.5708270641649293,1.7656987317720838,1.0000000023391762,0.2828493670141118,0.6,0.8828493669760401,0.5000000008916403,1.7656986968785102,1.000000002045327,0.6,0.1656928732201457
0.09218436873747494,0.24895662094074594,0.05087379108725406,34.71034776144193,4.411010126603272e-7,-0.40794638970182134,0.4563967314284771,-0.04845034172655194,-1.4654433916264367,0.6365292669644217,0.828914124662009,1.046389656172804,-0.04766774172087115,-0.9987219144518226,1.765698729283339,1.000000001952974,0.2828493677320448,0.6,0.882849366801595,0.5000000010393374,1.7656987578105823,1.000000000793598,0.6,0.17276982200544755
0.09619238476953906,0.2489566210245429,0.05087379082728473,36.22133420734474,3.820697195443558e-7,-0.31533708128436866,-0.1799032089316819,0.49524029021614663,0.023279092716685226,-1.2842312321472766,1.2609521394305927,-0.4855623999965855,1.1757850563442185,-0.6902226563475348,1.7656987374303719,1.0000000017221289,0.2828493681125702,0.6,0.8828493666574733,0.5000000009476238,1.7656987294442654,1.0000000016196386,0.6,0.1798467709235913
0.1002004008016032,0.24901246971443772,0.0508746768286105,37.73244989570707,0.0032264340554383195,0.7229255319711154,-0.6541628424950717,-0.06876268947516843,1.5803496788343578,-0.8445186941733881,-0.7358309846607789,-1.3152788090430796,0.285808789097772,1.0294700199454203,1.7657006319201127,0.9999974418155796,0.2858254161660794,0.6,0.8828493682730822,0.5000013515548264,1.766256315823789,0.9994321662625912,0.6,0.1869237387534036
0.10420841683366733,0.2526215081017902,0.05160958945784762,39.2449995177951,0.040340606665084586,0.3868225183286127,0.2911958897495586,-0.6780184080986514,0.177250224750075,1.551423953585331,-1.7286741783687016,0.3980357769606009,-1.368990726176507,0.9709549492094393,1.8618963036352494,0.9958165899921663,0.3855015121320429,0.6,0.8829815038539865,0.5012597988722834,2.33527080801107,0.9814267193915869,0.6,0.19508247628926673
0.10821643286573146,0.2563308522587069,0.05240561062721185,40.75736536009217,0.06923752909507146,-0.5469598761427119,0.6347296894783135,-0.08776981334954513,-1.879544154256907,1.1899078866101123,0.689636267652614,1.3614591502035793,-0.40671672384521956,-0.9547424263819113,1.9885288334730333,0.9914053190865877,0.4497096325659386,0.6,0.8835117750385685,0.5000148998512636,2.0196791550538244,0.9826137493865625,0.6,0.2041309734708703
0.11222444889779558,0.25985086444836997,0.05314874784386902,42.26942481632222,0.08810998450883178,-0.4471598289004477,-0.23762600890040095,0.6847858377563184,-0.3986549310887181,-1.4105561812915717,1.809211112380196,-0.23452591023449793,1.3004646405645903,-1.0659387303743075,1.9761544586277922,0.9860449331342501,0.4975819494358626,0.6,0.8843859824453726,0.49970931929391105,2.0833930999713473,0.9671546154740678,0.6,0.211939871557356
0.11623246492985971,0.2631862273204389,0.05384363357434472,43.78126514218462,0.09998513623683039,0.5158382476880271,-0.6709921981533138,0.1551539504124504,1.8318525583346918,-1.3551421610896752,-0.47671039724333497,-1.36676366149254,0.5507904470220157,0.8159732144029792,2.0848000513223948,0.9784127024954844,0.535415572097711,0.6,0.8858199444804685,0.49967907931058103,2.3505547271456115,0.9625864441067095,0.6,0.22114104810773658
0.12024048096192384,0.2663461653318175,0.0544954606051914,45.29294813436816,0.10699564478667087,0.506395610624472,0.17705808954064664,-0.6834537002303991,0.6139855656688583,1.250528440742367,-1.8645140064105348,0.07235441799395165,-1.2166494860701118,1.1442950680055255,2.104438610968432,0.9730483429828541,0.5640166716103965,0.6,0.8877697782021585,0.49801196730027253,2.0127295643181022,0.9587814784357896,0.6,0.22978564267729426
0.12424849699398796,0.2693395957718021,0.055108372512832876,46.80451669535961,0.11062257920921356,-0.47551928175077984,0.7012718522161073,-0.22575257054428188,-1.7588488862531246,1.5018656903358805,0.2569831959169177,1.3552445736713383,-0.6841470674122813,-0.6710975063419995,2.1228342460981846,0.9659440401895805,0.5884347282773648,0.6,0.890200308314341,0.49800683774824794,2.3440144700923367,0.9467464737354758,0.6,0.23839412114901037
0.1282565130260521,0.2721750769962724,0.05568571678926355,48.31600053077091,0.11189300209330193,-0.5632677025646573,-0.1097960739268384,0.6730637764005921,-0.8210499771584607,-1.073101681011142,1.894151658173485,0.08637633449710248,1.1201354697663304,-1.2065118043632226,2.199910652246277,0.9596591921328691,0.6086249098047576,0.6,0.8932034737247342,0.4967147059346439,2.2488663888070444,0.9476700954049747,0.6,0.24785354744207644
0.13226452905811623,0.27486081251523803,0.056230304233662806,49.82742034507957,0.11152266632741735,0.4262544768879813,-0.7243598639622569,0.2981053869762509,1.6614523880812868,-1.6279372354727166,-0.03351515261216914,-1.3272577743272804,0.8056300330997902,0.5216277411317798,2.183357767370465,0.9545723283397002,0.6254235967334573,0.6,0.896631287996333,0.4955044451369901,2.178525848874281,0.9394398113400881,0.6,0.25647965047765725
0.13627254509018036,0.27740458263416135,0.05674447208858235,51.33879076945184,0.1100151603947534,0.6162429714427315,0.03693398055012762,-0.6531769520944317,1.0168763068185536,0.8806213613972416,-1.8974976682106757,-0.2401501071664236,-1.0120056006958065,1.2521557077529797,2.2361061053000415,0.9482814808312394,0.641253812016707,0.6,0.900528471954823,0.4950201675862327,2.4280958412933846,0.9344299239500885,0.6,0.2658346198391515
0.1402805611222445,0.2798138061320191,0.057230288168921846,52.85012198569889,0.10772049156383778,-0.36859487729413015,0.7392574384656532,-0.37066256126356045,-1.5407847302641318,1.7313936745331548,-0.19060894426891328,1.283214391009218,-0.9141561075337173,-0.3690582835687116,2.264791254523018,0.9439693851843592,0.6543378398019672,0.6,0.9048596679976754,0.49325911803214123,2.2141555211449555,0.9344863196849664,0.6,0.27517736921530606
0.1442885771543086,0.2820955979763296,0.057689579841130545,54.361421308047895,0.10488706585322581,-0.663891416567028,0.040278035966434526,0.6236133805251467,-1.1986888068641175,-0.6757205227570035,1.8744093296211186,0.38747255084827625,0.8934913178126037,-1.2809638687373122,2.2609371568741157,0.9393956160502196,0.6666359142768684,0.6,0.9095237592112656,0.4924640204722074,2.359036968093243,0.926417967944205,0.6,0.2841860389958306
0.14829659318637273,0.2842566212091349,0.058124002087082294,55.87269440873871,0.10170091911387913,0.3031481842171712,-0.7450629804499938,0.4419147961608992,1.398629900215355,-1.8108403969633529,0.41221049674252075,-1.2238673814746484,1.0087935354964586,0.21507384591018605,2.316271799437807,0.9349058605817,0.6781172313558039,0.6,0.9145752399770641,0.4913102464367295,2.40529764886962,0.9265483625948534,0.6,0.29391367296904475
0.15230460921843686,0.2863032528202797,0.058535017885547484,57.383945019691524,0.09828423961080861,0.7048847503404567,-0.12053332763532816,-0.5843514227748859,1.363820618155632,0.4612782741375884,-1.825098892305185,-0.5268660682098313,-0.7659908761433609,1.2928569442893107,2.3138544769230167,0.931943287885421,0.6878418648684166,0.6,0.9199120950657544,0.4897257602738238,2.2771064771644003,0.9237798051523068,0.6,0.3031867994574434
0.156312625250501,0.28824153583714945,0.05892399213893616,58.89517634702264,0.09473511447743972,-0.23083242893597644,0.7411574126639724,-0.5103249837876009,-1.2368118261897088,1.8649900090135987,-0.6281781828211203,1.1499638645410486,-1.0886648861324675,-0.061298978469004686,2.3348703058650586,0.9281989787897282,0.6976769655448883,0.6,0.9255145755614387,0.4889713751647807,2.4657200338186267,0.9190867076230408,0.6,0.3126881238656763
0.16032064128256512,0.2900771741274494,0.05929218833615476,60.40639062598135,0.09111926002256888,-0.7381087821997824,0.20241812085777153,0.5356906612848183,-1.5100047098068905,-0.2402548760821127,1.7502595858892425,0.6569224202342575,0.63096654928816,-1.2878889695800197,2.3696471105386228,0.9254994896450123,0.7062772049072693,0.6,0.9313908182153289,0.48742814408272156,2.37200047046027,0.920668346516346,0.6,0.3224829359017338
0.16432865731462926,0.29181558978440253,0.05964077430342756,61.91758969084324,0.08748652206643628,0.1526806769775257,-0.7271253543358486,0.5744446773023132,1.0575827919621403,-1.8930279663865057,0.8354451744216147,-1.0624742367093147,1.1530576538137922,-0.09058341715971673,2.3621257712221397,0.9232884823440471,0.7141246070441273,0.6,0.9374452508022849,0.4862320654824448,2.385678604762398,0.9164748965964556,0.6,0.33188687802906625
0.16833667334669336,0.2934619498521757,0.05997084715464222,63.42877510084215,0.0838755728469203,0.7625124593754532,-0.28446007831071946,-0.47805238091490043,1.6350681654198862,0.015767371702147565,-1.6508355369341723,-0.7762762066245052,-0.4899957862819689,1.2662719929878206,2.3965177433623297,0.9206606994209509,0.7219751205077765,0.6,0.9437047653265898,0.4852613439650786,2.493941444975751,0.9155877187200153,0.6,0.3417562776950761
0.1723446893787575,0.29502107333771965,0.0602833842116971,64.93994800296494,0.08031158739010125,-0.06987121503457763,0.7028059244487114,-0.6329347093588927,-0.8634242027437775,1.8945429841063868,-1.0311187813642286,0.9625010790987284,-1.2013913758736046,0.238890296831324,2.4077093075849163,0.9192443649333184,0.7285464623985691,0.6,0.9501268460494422,0.48372432063302145,2.3800299856577967,0.9160991726154102,0.6,0.3515144212927178
0.17635270541082163,0.2964976181743836,0.06057939862715388,66.4511094516474,0.07681516494918456,-0.7773516141971185,0.3651821285945265,0.41216948565115075,-1.7372129836362376,0.20905977389087216,1.5281532097407526,0.8836679674587707,0.3447057761122439,-1.2283737435222284,2.4111864492022703,0.917549687567982,0.7350624379403463,0.6,0.9566628686923493,0.48281017618222544,2.481124502095081,0.9126757718062354,0.6,0.3611917109830574
0.18036072144288576,0.297895938963336,0.06085976532263601,67.96226041393967,0.07340282615509726,-0.016292869047947703,-0.668191070369051,0.6844839394596673,0.6570355425589615,-1.8693562533593773,1.2123207107997602,-0.8512912585286796,1.23322151113177,-0.3819302525616008,2.4423555422389147,0.9160935361983277,0.7411196531274288,0.6,0.963338789980887,0.4816171461815984,2.482516569940485,0.9140747941297496,0.6,0.3712344375610815
0.1843687374749499,0.29922017416165514,0.06112532959632801,69.47340159622932,0.0700833475335091,0.7819682155105333,-0.4431276772077494,-0.3388405382558166,1.8149379521406748,-0.4310200149709492,-1.3839179371666934,-0.9779301371404034,-0.19684157136073374,1.1747717085469145,2.4404633880515108,0.9153996162401317,0.7462984165279045,0.6,0.9700913962971698,0.4803456415760491,2.4304422472216545,0.913059051571179,0.6,0.38100805501856994
0.18837675350701402,0.30047423432702597,0.061376890605642345,70.98453378620884,0.06686665209912798,0.10444308482460635,0.6235666641157851,-0.7280097488956795,-0.44131203512488537,1.8178321705014842,-1.3765201353764227,0.7302265979016351,-1.2482970453143383,0.518070447456888,2.4567187554649172,0.9142484083240956,0.7516207101448985,0.6,0.9769184020084883,0.4795164641989353,2.5341096029119834,0.9117017040139035,0.6,0.3909716365322296
0.19238476953907813,0.301661868291755,0.061615195518100054,72.49565736181117,0.06375186705440548,-0.7759658970065311,0.5168706410980721,0.25909525595690763,-1.867100915580378,0.646981720539588,1.2201191950388695,1.058027781457636,0.04817217631854645,-1.1061999577283312,2.4750004553375176,0.9137587025606484,0.7561661848433829,0.6,0.9838184128959864,0.47826755518070035,2.4731288130567033,0.9134551555919446,0.6,0.4010494387361343
0.19639278557114226,0.3027865756612889,0.06184096789406897,74.00677312085509,0.06074808740711098,-0.19316868414118382,-0.5692970443967182,0.7624657285815274,0.21929790451369496,-1.740682245387148,1.5213843408735368,-0.6008416915768744,1.2465332568408043,-0.6456915652202503,2.472828633230898,0.9134252478007189,0.7603665372500251,0.6,0.9907409671564747,0.4773143505345354,2.4967905182100654,0.9118396485439744,0.6,0.410939274520524
0.2004008016032064,0.3038516455986366,0.06205484867864081,75.51788149643154,0.057855152551242635,0.7591379376873479,-0.5850564913048782,-0.1740814463373756,1.8929079220194984,-0.8538653347602372,-1.0390425872575464,-1.1230714177384138,0.09949737241875334,1.023574045365947,2.4944323053443713,0.912898698893453,0.7645249959248134,0.6,0.9977053512454812,0.47644933467449413,2.547742894235828,0.9124964062231304,0.6,0.4211054381600063
0.20440881763527052,0.3048602967963755,0.0622574956512657,77.02898296705997,0.05507388575676853,0.2809897560015002,0.5061342992334165,-0.7871240551887132,0.005875196700455998,1.6388689279810569,-1.6447441246751762,0.4647279365389225,-1.2280462645124437,0.7633183280225533,2.500040471259578,0.9130348978829832,0.7679281337278856,0.6,1.004684209683631,0.4753376442701578,2.487275065222208,0.9134373528261521,0.6,0.4311802467634548
0.20841683366733466,0.30581550182648526,0.06244949597589889,78.54007795067096,0.052403584820223184,-0.7315048408081734,0.6464514849654343,0.08505335588757568,-1.8919809179921458,1.0487571241386722,0.8432237938551371,1.1723369015544214,-0.24435616686288839,-0.9279807346465376,2.5048548570616695,0.9129410566667356,0.7713419734964665,0.6,1.0116562538287344,0.4746127983165253,2.551278831824044,0.9124036049153609,0.6,0.4412494148526846
0.2124248496993988,0.3067200785147898,0.06263142057385811,80.05116684615531,0.04984313698055644,-0.36649089236921956,-0.4348230855939773,0.8013139780066986,-0.23104094650704116,-1.5138693614144887,1.7449103079239414,-0.32362824624734127,1.1931412638723145,-0.8695130175805554,2.523020679679994,0.9130272494110878,0.7744260362456089,0.6,1.0186362249469259,0.47371801516677625,2.543425065956556,0.9141176835982266,0.6,0.45151087577869325
0.21643286573146292,0.30757671454695495,0.06280380016430745,81.5622500193367,0.04739075887575347,0.6932500792458113,-0.6998950550901015,0.006644975887454094,1.8642663493859666,-1.2288439037435377,-0.6354224456434074,-1.2052762137414736,0.38460179113211657,0.8206744226526552,2.5224696953460097,0.9134770956074482,0.7770315883778143,0.6,1.0255886598491692,0.4728546077117228,2.52299465638108,0.9141649677711791,0.6,0.46161945068248605
0.22044088176352702,0.30838796257242357,0.06296715340889736,83.07332785232197,0.04504527671133053,0.44823853765040556,0.35632669881521806,-0.8045652364216949,0.45297728253373015,1.3673918547235844,-1.8203691372565218,0.17933892353263076,-1.1423220967176844,0.9629831732293997,2.534112121468212,0.9136514304176406,0.7797138871243554,0.6,1.0325173312673646,0.47223614288196236,2.5805772728052014,0.9143413698613105,0.6,0.47186249676524405
0.22444889779559116,0.3091561873242485,0.06312191691671631,84.58440053797469,0.04280101878673538,-0.6447756967546826,0.7443894670224183,-0.09961377022091279,-1.8101339780075358,1.3915616910009423,0.4185722870064425,1.221536341907693,-0.5184749640815828,-0.7030613777795192,2.544293973502725,0.914214989356244,0.7819107236479419,0.6,1.0394197788359023,0.47140218398830813,2.5430736655948607,0.9160443531408394,0.6,0.4821485613858391
0.2284569138276553,0.30988370815819105,0.06326858482995387,86.09546850790437,0.04065858541205743,-0.5248898279565307,-0.2717884336555681,0.7966782616554837,-0.6685484408084169,-1.2015152465348948,1.870063687343027,-0.033705111798259996,1.0763099981369282,-1.042604886295357,2.5446567391817307,0.91479768739318,0.7839473037652005,0.6,1.0462705066112004,0.47078690047370786,2.5648221610068704,0.9158150659002277,0.6,0.4923472589496957
0.23246492985971942,0.31057266789397997,0.06340757060185202,87.60653198831457,0.038613677271246954,0.5866591376510844,-0.7790806830963787,0.19242154548249968,1.7303219244131007,-1.5345797249324007,-0.19574219948211652,-1.220965800336816,0.6442791741725526,0.5766866261995363,2.558357063031357,0.9152914845072109,0.7859240691887933,0.6,1.0530827651155257,0.47020489074824473,2.5883283745351036,0.9170649294518819,0.6,0.5027093161446085
0.23647294589178355,0.31122510973404943,0.06353927904401874,89.11759124028168,0.03666320090585578,0.5951567565569107,0.18238415631008087,-0.7775409128264276,0.8746726758190523,1.018555161505172,-1.8932278373246227,-0.11138134868803781,-0.9959926895499064,1.1073740382775878,2.561533420468242,0.9161364636522376,0.7874689262382699,0.6,1.0598399063525854,0.4695286040510505,2.5571543875016727,0.9181840409285559,0.6,0.5130064499726863
0.24048096192384769,0.311842968573445,0.06366409333643791,90.62864650655297,0.03480392421725874,-0.5196495782906907,0.8032774273843806,-0.2836278490537727,-1.6259394018052329,1.655845228679381,-0.029905826874017993,1.203624113720437,-0.760406233114414,-0.44321788056568256,2.56632269837577,0.9168102349432274,0.7890388331893535,0.6,1.0665339302997827,0.46908912888920257,2.5973073712796255,0.9183637670071306,0.6,0.5233253387179049
0.2444889779559118,0.3124280768649005,0.06378237621326384,92.139698014538,0.033032558607920835,-0.6578656439137731,-0.08943238459679259,0.7472980285469563,-1.068414462493031,-0.8211032414906028,1.889517703983587,0.25403162246967026,0.902464042612552,-1.1564956650448877,2.577108259519494,0.9176125583455459,0.7903817794766739,0.6,1.0731729495264548,0.468548971727097,2.587844871734192,0.9200736897632038,0.6,0.5337436960565112
0.24849699398797592,0.3129821700193654,0.06389447106022877,93.65074597752162,0.031345793245762525,0.4446501340095022,-0.8164620050834305,0.3718118711079837,1.4984482463568942,-1.753613976911212,0.2551657305542921,-1.169784097967422,0.8653601061757721,0.30442399182568813,2.577505737093013,0.9185718349113681,0.791479450042402,0.6,1.079737575826773,0.46807450692115454,2.582769209156842,0.9206683850700653,0.6,0.544078330061996
0.25250501002004005,0.3135068915487844,0.06400070300116284,95.16179059563311,0.029740320232332047,0.7119591029604294,-0.005694158740317451,-0.7062649441885658,1.2470072245411397,0.6119557419690053,-1.8589629665103875,-0.3923733099247967,-0.7969896564371324,1.1893629663934076,2.585895337632194,0.9193717523427714,0.7926106086729309,0.6,1.0862330781628893,0.4677310299028885,2.6140626550498953,0.921560609314548,0.6,0.5545063312103816
0.2565130260521042,0.3140037979255247,0.06410137989121518,96.67283205680579,0.028212857116882758,-0.3627021162198171,0.8182967006688767,-0.4555945844189004,-1.3496436338034663,1.8264757640448608,-0.47683213024138094,1.1199332006968832,-0.9577795848644616,-0.16215361580228752,2.591680089670527,0.9203977333579173,0.7934484341032199,0.6,1.0926566994565972,0.46728359808127984,2.5916587527627835,0.9231230384741556,0.6,0.564944263234986
0.2605210420841683,0.31447436318271044,0.06419679325464274,98.1838705376587,0.026760165391142513,-0.7565160310439787,0.10157942604170006,0.6549366050286527,-1.407897618560931,-0.39408016227639503,1.8019777808375022,0.5245788829201207,0.6809975561304814,-1.205576439024277,2.593314041033725,0.9213873328536902,0.7942246281737513,0.6,1.0989964822560967,0.46699057794850324,2.609791331203522,0.9236168283427428,0.6,0.5753488936733137
0.26452905811623245,0.3149199832867362,0.06428721919356876,99.69490620425246,0.025379064343546396,0.27496595397736945,-0.808627746516771,0.5336617925641205,1.1816282250481474,-1.873375243169988,0.6917470181217993,-1.054770455097031,1.036459361226396,0.018311093895308106,2.6021125553058595,0.9223474879571004,0.7949383073812033,0.6,1.1052610336757207,0.46670255576157643,2.618913476999803,0.9250593198460454,0.6,0.5858485239795158
0.2685370741482966,0.3153419802526604,0.06437291919142758,101.20593921281905,0.02406644281127788,0.7907656523065957,-0.19678797759995798,-0.593977674682326,1.548782681465507,0.17057255555037365,-1.719355237015857,-0.6488915802509321,-0.5560612529359167,1.2049528332111346,2.6041139078596567,0.9234827208231755,0.7954181947242004,0.6,1.1114402090291942,0.46639520133516416,2.6045480115376827,0.9262133775993431,0.6,0.5963042660816479
0.2725450901803607,0.31574160606849727,0.06445414092481552,102.71696971041798,0.02281926821289842,-0.18270100167718403,0.7874862457807613,-0.6047852440788952,-0.9967821117586875,1.8936275486790632,-0.8968454369204631,0.975200162923501,-1.1003690976794422,0.12516893478061383,2.608499093196991,0.9244980012139596,0.7959228380357929,0.6,1.1175324785865666,0.4662274637971398,2.6293245452492116,0.9270005544138298,0.6,0.6067911997776446
0.27655310621242485,0.31612004639500063,0.06453111899310501,104.22799783553582,0.02163459329221993,-0.8140989109958829,0.2898886843269782,0.5242102266929983,-1.6676433363050158,0.05538705313601017,1.6122562831687708,0.7636507269325106,0.42388015973262827,-1.1875308866426304,2.6149195722496503,0.9256053610801476,0.79627426703372,0.6,1.123541774852998,0.46600120459298605,2.6207078575521567,0.9285893785102287,0.6,0.617325418997345
0.280561122244489,0.31647842408301047,0.06460407563306118,105.73902371858217,0.020509559730521053,0.08724425038289368,-0.7550862326317282,0.6678419822706136,0.7977287398258742,-1.8869285387509551,1.089199798925097,-0.8823222515948352,1.148670138607647,-0.26634788699104794,2.6159334266927465,0.926761657542424,0.7965137554544367,0.6,1.129458039269881,0.46584475469117964,2.62314025401507,0.929452510639149,0.6,0.6278179933445828
0.28456913827655306,0.31681780249167485,0.06467322137130224,107.25004748255238,0.019441405461538372,0.8260771515026817,-0.37947786498027936,-0.4465992865016415,1.7627737746527974,-0.28058045776497403,-1.4821933168878032,-0.8673160284512368,-0.2862576972406333,1.1535737257126113,2.621998347001306,0.9278329158260298,0.796760183007901,0.6,1.135286276524858,0.46575127514427683,2.638947327687637,0.9306476024181454,0.6,0.6383740594880266
0.2885771543086172,0.31713918857256834,0.06473875573749369,108.76106924409716,0.018427482361344782,0.010011681446189524,0.7118197210568323,-0.7218314024839125,-0.587297315151697,1.8533590986533404,-1.2660617835016441,0.7774194213686634,-1.1807294256530736,0.40331000430354436,2.6253325910896512,0.9290298311745472,0.7968366929584508,0.6,1.1410238319646342,0.46561561206864427,2.6264987046748844,0.932048687968461,0.6,0.6489254335838296
0.2925851703406813,0.31744353713276346,0.06480086780875353,110.27208911079626,0.017465176341668883,-0.8264358792916205,0.4642007898785954,0.3622350894313335,-1.8328049817644945,0.5017971785226986,1.331007803241795,0.9584887403337392,0.1450776047394633,-1.1035663450550093,2.6275303999417625,0.9301731578864061,0.7969003323418663,0.6,1.1466661475017055,0.4655833925969304,2.640609348497682,0.9329075641817969,0.6,0.659472406271663
0.29659318637274545,0.3177317483965908,0.06485973571012602,111.7831071871752,0.016552051394630556,-0.10764132695679142,-0.6582506761663314,0.765892003139806,0.36848212180976375,-1.7933864733987779,1.424904351589023,-0.6619413620849411,1.196131212124872,-0.5341898500232721,2.6331654552451242,0.9313178390261221,0.796907344703217,0.6,1.1522184836514415,0.4655431233015877,2.642451801207101,0.9343469394455621,0.6,0.6700718059774204
0.3006012024048096,0.3180046803551795,0.06491553025526672,113.29412357018143,0.015685724116340498,0.8150984635278886,-0.5427766822361907,-0.27232178127659934,1.8767316451791098,-0.7158828632326427,-1.1608487819465034,-1.0359411297338714,-0.0022777589005748347,1.038218888649484,2.63463277790849,0.9325365672535446,0.796798955295381,0.6,1.157674939501751,0.4655177638054727,2.6377180549747012,0.9354745546834913,0.6,0.6806440950265783
0.3046092184368737,0.31826314184565524,0.06496841153124396,114.80513835147036,0.01486391132775383,0.20420825068124104,0.5951020913796794,-0.7993103420461439,-0.14439990532021413,1.7078528096993588,-1.563452904379137,0.5374861252396285,-1.1946836986629388,0.6571975734381128,2.638404610421051,0.9336763481793093,0.796708520016804,0.6,1.1630369142904236,0.4655685329026554,2.652205746196525,0.936535426358963,0.6,0.691247428006369
0.30861723446893785,0.3185079004930098,0.06501853181372537,116.31615161779445,0.014084430893462823,-0.7921559985767759,0.614011112743793,0.17814488584704513,-1.8939122688281163,0.9197806256802497,0.974131643147868,1.0986180843683857,-0.14017544207677024,-0.9584426422775569,2.6422054731915305,0.934877673379798,0.7965193097865649,0.6,1.1683059482792137,0.46558828248339934,2.645667872332044,0.9379594186431051,0.6,0.7018693597533775
0.312625250501002,0.31873968267470737,0.0650660359516613,117.8271634514712,0.013345205055725092,-0.2982885192980381,-0.5232458014603618,0.82153432077183,-0.08175599514301343,-1.5979675811458562,1.679723576288877,-0.4057784742578166,1.1764230572753853,-0.7706445830041503,2.643586151140788,0.9360745692328335,0.7962900589879534,0.6,1.1734775643585575,0.46566747180625495,2.651029203699271,0.9389424083260596,0.6,0.7124753290552805
0.3166332665330661,0.31895917524436407,0.06511105992746816,119.33817393068614,0.012644255891926321,0.7578817126407311,-0.6768189387120274,-0.08106277391591907,1.8840911926311728,-1.1105768880705496,-0.7735143045606085,-1.1456685846003307,0.28031366346243625,0.8653549211506607,2.647887208583472,0.9372313000052543,0.7960535507584785,0.6,1.1785558234827629,0.46577090696427703,2.6578640407583443,0.9402114720393399,0.6,0.7231221229995837
0.32064128256513025,0.319167030010938,0.06515373336178612,120.84918312473133,0.011979580040786442,0.38849289355280536,0.4436964059484646,-0.8321892994894372,0.3067595683899098,1.465295978627004,-1.7720555470169925,0.26864905165207414,-1.1416247696710327,0.8729757180310951,2.649903027391332,0.9384488620819803,0.7957266729602291,0.6,1.1835386657266542,0.4658655090081702,2.652086981508625,0.9414580465100233,0.6,0.7337602466037481
0.3246492985971944,0.31936386506018194,0.06519417976312844,122.36019110695774,0.011349461653120625,-0.7127276983940944,0.7302447370082575,-0.01751703860318521,-1.8474049068918985,1.2855483729208794,0.5618565339710524,1.1764590502362984,-0.41619821587548034,-0.7602608343500675,2.6522011038075335,0.9396149910580155,0.7954065881123384,0.6,1.1884254501110103,0.466023636023526,2.662084629992254,0.9424762588130267,0.6,0.7444075349572093
0.3286573146292585,0.3195502639144703,0.0652325148091805,123.87119794010968,0.010752098883872697,-0.47348589139476355,-0.35757335506710625,0.8310592464721853,-0.5274010489203562,-1.311719524550895,1.839120573471264,-0.12800551874790278,1.090780188593312,-0.9627746698350982,2.65574898604914,0.9407929241384544,0.7950420262862696,0.6,1.1932191909862238,0.4661709004414218,2.6609340307373692,0.9438113255740653,0.6,0.755080890659017
0.33266533066132264,0.3197267785205925,0.06526884869790078,125.38220368716668,0.010185865800434289,0.6573062437979631,-0.7734703184065713,0.11616407461848183,1.784370397019511,-1.442195395216591,-0.34217500180290006,-1.1905746766887402,0.5459439753716921,0.644630701326879,2.657015962791801,0.9419883724169411,0.7946301360093986,0.6,1.1979169801416596,0.4663441626720794,2.6612772693244335,0.9448870734660679,0.6,0.765740510582063
0.3366733466933867,0.3198939352578157,0.0653032867684332,126.8932084071289,0.009649199134470508,0.552008171376516,0.26610831735528157,-0.8181164887237593,0.7405296954125924,1.1394222604834932,-1.8799519558960307,-0.01419181054831889,-1.0246104650558339,1.038802275612349,2.660049936861507,0.9431356031164071,0.794228121774793,0.6,1.202521209800242,0.4665533914325928,2.6688899820898335,0.946025150094916,0.6,0.7764256125944501
0.34068136272545085,0.3200522219760719,0.06533592809963251,128.40421219307385,0.00914152482133231,-0.5923798732998653,0.8058267564591209,-0.2134468831518311,-1.695869965890587,1.5782678516519124,0.11760211423894873,1.1878263834587082,-0.6677467127042518,-0.5200796707470312,2.662315776029839,0.944316967886836,0.793768442680464,0.6,1.207032334950653,0.4667499866915671,2.6649140337689246,0.9472748352053856,0.6,0.78711526093997
0.344689378757515,0.32020212632793615,0.06536686302006453,129.9152149736422,0.008658362834166766,-0.6228942510955278,-0.17061177924698676,0.7935060303495254,-0.9431005746604139,-0.9508593876439072,1.8939599623043195,0.15595604557271442,0.9440499577059521,-1.1000060032716397,2.663844636424141,0.9454722660916675,0.7933036304390684,0.6,1.2114491867346684,0.46698939852471394,2.6704531972349574,0.9482892796429581,0.6,0.7978036133220139
0.3486973947895791,0.32034407911209445,0.06539618571495488,131.42621692897984,0.008201598379511043,0.5188620835698705,-0.8267992708875983,0.3079371873244075,1.5831772770115642,-1.6918375395357372,0.10866026252418946,-1.1682674958974664,0.7799026790880925,0.3883648168161143,2.6667847338972606,0.9466110843394687,0.7928268797018229,0.6,1.215774733730939,0.4672337323353076,2.6725527639006783,0.949502850443028,0.6,0.8085157661438844
0.35270541082164325,0.3204785027289707,0.06542397770402562,132.93721805816668,0.007768741472689864,0.6850901775010382,0.07245478019548707,-0.7575449576901561,1.132220234096136,0.7487210907651206,-1.8809413248612752,-0.2953022486612162,-0.8502355294406608,1.1455377781082519,2.6681466646898793,0.947769172794376,0.792309837268527,0.6,1.220007844703886,0.46748484819721,2.6710024055839425,0.9506106739016994,0.6,0.8192210574599434
0.3567134268537074,0.32060580036251807,0.06545031911192087,134.4482184045409,0.007358540253753482,-0.43779158221639264,0.8360571759901116,-0.3982655937676432,-1.4478787844684942,1.7812575872773808,-0.3333788028088479,1.1321779201389819,-0.8808521499035383,-0.25132577022941055,2.670235722141987,0.9488864328321603,0.791804126049846,0.6,1.2241497111962147,0.4677698355802808,2.6772459571592666,0.9516599073806656,0.6,0.8299394885655419
0.3607214428857715,0.3207263476566756,0.0654752861343031,135.95921801348996,0.006969914833490209,-0.7376731325198775,0.026946526701349074,0.7107266058243418,-1.305190724871603,-0.5358919891760993,1.8410827140477357,0.4302791715478441,0.7444924900778112,-1.1747716616198767,2.6724329354737044,0.9500131514960194,0.7912691238189565,0.6,1.2282020130440012,0.4680467610799891,2.6755946555853236,0.9528449752806859,0.6,0.8406687845015678
0.36472945891783565,0.32084050365371464,0.06549895051551739,137.47021692079636,0.00660165729492188,0.3503212468479355,-0.8334320626491551,0.48311081580674936,1.2919133495410213,-1.8452598878410291,0.55334653829998,-1.0800768451128397,0.9691828209942742,0.11089402412411517,2.673626911235821,0.9511290495057911,0.7907229631377671,0.6,1.2321639392069288,0.46834784123814177,2.678007853516213,0.9538542027455759,0.6,0.85139408286139
0.3687374749498998,0.320948604978743,0.0655213792194644,138.98121516825697,0.006252821749189933,0.7798539921821874,-0.12615807534043175,-0.6536959168364986,1.4595341900134842,0.31540590732406626,-1.7749400973375786,-0.5589909356362772,-0.6283100404463853,1.187300976087944,2.675901503327313,0.9522172528186976,0.7901806872911323,0.6,1.2360378732820245,0.46866166387158037,2.6813498070320705,0.9549518651127773,0.6,0.8621371687757492
0.3727454909819639,0.3210509747702187,0.06554263780367951,140.49221278788198,0.005922319187511483,-0.2577013471617464,0.8189342846287132,-0.5612329374619366,-1.1174990050071636,1.88292015064399,-0.7654211456367975,1.0127021035525738,-1.0436575982120835,0.03095549466450774,2.677321330481009,0.9533167668688847,0.7896112165544591,0.6,1.2398240482526892,0.4689739082036443,2.679718564147972,0.9560365783045047,0.6,0.8728797192590272
0.37675350701402804,0.32114791643980023,0.06556278693611961,142.00320981036697,0.0056091272739358196,-0.8109995887129137,0.22374572487981323,0.5872538638379077,-1.593045530991318,-0.09041095108656953,1.6834564820779132,0.6796284766334684,0.5033292641857895,-1.1829577408144976,2.6788001867472993,0.9543862072503402,0.7890497245668396,0.6,1.2435230865306854,0.46931178634771376,2.684031250130068,0.9570216225080409,0.6,0.8836277927783245
0.3807615230460922,0.3212397174978763,0.06558188466932008,143.51420627568115,0.005312548040055441,0.16125636799254978,-0.7927443039601276,0.631487935972113,0.9271266634302647,-1.8937003443382676,0.9665736809079831,-0.9310107396357283,1.1032328103090494,-0.17222207066876347,2.6807323186577108,0.9554482496031046,0.7884784482731849,0.6,1.2471370341582828,0.46964727152405306,2.684145724055274,0.9581132994624537,0.6,0.8943879315947957
0.38476953907815625,0.321326650628261,0.06559998574184014,145.02520220681745,0.005031546819671766,0.8306387758118045,-0.3182982710102559,-0.5123405047972396,1.7038151118202052,-0.135880415152384,-1.5679346966678576,-0.7904946712180875,-0.3713155128235992,1.1618101840460233,2.6817922074253886,0.9565053528949752,0.7878963140968593,0.6,1.2506657395167067,0.4699937783537902,2.684848835623658,0.959097487340991,0.6,0.9051451207866018
0.3887775551102204,0.32140897390048095,0.06561714219859963,146.53619763415793,0.004765358380738915,-0.062370387137995704,0.7552179339926884,-0.6928475468505761,-0.7235119505638485,1.877441734117297,-1.1539297835534392,0.8361602897482916,-1.147073691598606,0.310913401854402,2.683498253095723,0.9575334559949645,0.7873239092051503,0.6,1.2541109984368166,0.4703543312588095,2.6881619774105046,0.960095120862132,0.6,0.9159140265286302
0.3927855711422845,0.3214869317320545,0.06563340333497897,148.0471925845339,0.004513208388639262,-0.8384655174742944,0.4084463295635263,0.4300191879147094,-1.7902581362069618,0.3602365490092232,1.4300215871977797,0.8900270476137823,0.23413552533164878,-1.1241625729415259,2.6848722496037327,0.958562864180148,0.7867372010108419,0.6,1.2574738669229806,0.4707110455730137,2.6871636205713174,0.9611198061293336,0.6,0.9266863757634141
0.39679358717434865,0.32156075558210745,0.06564881587252819,149.55818708333368,0.004274362034350075,-0.037535951990052704,-0.7068757381866697,0.7444116901804667,0.5095613381290943,-1.834373242180834,1.3248119040517348,-0.7294952587700976,1.1745660651980463,-0.4450708064241943,2.6859875250129606,0.9595708196667578,0.7861555608685614,0.6,1.2607548561475548,0.47108420506240767,2.689804886483133,0.9620483840554929,0.6,0.9374605435937303
0.4008016032064128,0.32163066463950046,0.06566342409384683,151.06918115458603,0.004048122234482322,0.8343477351464047,-0.49288424775836226,-0.34146348738448934,1.8511371638058405,-0.5794527969841117,-1.2716843668217606,-0.9768223309244265,-0.09373015036133729,1.0705524812893426,2.687584806983309,0.960562293552644,0.7855756308546358,0.6,1.2639559474546713,0.4714587099842305,2.690894372595597,0.9630406202865752,0.6,0.9482452745147568
0.4048096192384769,0.3216968664731886,0.06567726997008186,152.58017482103375,0.0038338277979175096,0.13702586691332092,0.648396553751199,-0.785422420661108,-0.2883296220963424,1.7651071336505273,-1.476777511554177,0.6125279981527997,-1.1853259752402636,0.5727979770908502,2.6885704813467575,0.9615489390177377,0.7849885809588122,0.6,1.267077604276605,0.4718363806983453,2.690898698544361,0.9639777557257614,0.6,0.959029132435785
0.40881763527054105,0.32175955764811254,0.0656903932817202,154.09116810420394,0.003630851669929523,-0.8183267403127703,0.5703882315913371,0.24793850872468765,-1.8855800023864837,0.7903974111864318,1.0951825912000914,1.049655753538802,-0.047912551553064675,-1.0017432019825228,2.6898484531587328,0.9625094787851829,0.7844123465451543,0.6,1.270121219985952,0.4722256771654548,2.693612680969844,0.9648889971196536,0.6,0.969820091481551
0.4128256513026052,0.32181892430845505,0.06570283173304906,155.60216102447419,0.0034385992403333674,-0.23466746656008164,-0.5806072602598784,0.8152747268230421,0.062976204358039,-1.6706302783746807,1.6076540740166392,-0.48691757359930254,1.1792055803254051,-0.6922880067230264,2.691092074979978,0.9634631040471461,0.7838319229483106,0.6,1.2730882372955707,0.472611365539998,2.693319776051899,0.9658344220503617,0.6,0.9806162039201364
0.4168336673346693,0.3218751427299938,0.06571462106061066,157.1131536011341,0.0032565067318489835,0.7906168993980961,-0.6398343358047902,-0.15078256359037984,1.893092224577597,-0.990056380349093,-0.9030358442285369,-1.1074990433191214,0.1887855868327888,0.9187134564892803,2.6919921916980587,0.9644005140343231,0.7832554062674749,0.6,1.2759792855495484,0.4730058265204971,2.694801837062312,0.9667045343466317,0.6,0.9914128592467728
0.42084168336673344,0.3219283798449269,0.06572579513659647,158.6241458524443,0.003084039649940286,0.3290546597743289,0.5044705552763591,-0.8335252150478915,0.16328010969756507,1.55229009665417,-1.7155702063517417,0.35444645539028646,-1.1562957289829783,0.8018492735954748,2.6932668557386723,0.965317896305743,0.7826863964799696,0.6,1.2787961336560507,0.47340300354208986,2.6962353460800514,0.9676013434155496,0.6,1.0022176844163921
0.4248496993987976,0.32197879373734106,0.06573638606626994,160.13513779569095,0.002920691290824817,-0.7516023767117777,0.7002147932679205,0.05138758344654925,-1.873564385313112,1.175576631198407,0.6979877541147411,1.1495354731434473,-0.3268915637740723,-0.8226439093667286,2.69417619144463,0.9662281160411963,0.7821149828095669,0.6,1.2815396819513474,0.47379921284495374,2.696100016839138,0.9684748519387131,0.6,1.0130234104293814
0.4288577154308617,0.32202653410001375,0.06574642427595205,161.6461294472403,0.002765981382197848,-0.41882763751912144,-0.4210708118355913,0.8398984493572758,-0.3872071862201403,-1.4117753690531576,1.798982555273309,-0.21699536882598586,1.1169251214858937,-0.8999297526573619,2.6951518047451417,0.9671160199084143,0.7815538487179626,0.6,1.2842111087233703,0.4742032410619039,2.6980965028890678,0.9693081196428759,0.6,1.0238332691755694
0.43286573146292584,0.32207174269597905,0.06575593860655674,163.1571208225866,0.002619454713858702,0.701831278281254,-0.7506524992633434,0.04882122098449109,1.8272733973925055,-1.3443067590723425,-0.48296663832019854,-1.1751716961173657,0.4602711198840065,0.7149005762357978,2.6962225156070665,0.9679916631354921,0.7809953194708469,0.6,1.286811966333912,0.47460438001453553,2.6983191127451067,0.9701674784653008,0.6,1.0346484596935193
0.4368737474949899,0.3221145537723717,0.06576495639408177,164.668111936399,0.00248067985999169,0.5026925485496614,0.3315981182752938,-0.8342906668226597,0.6056057689018929,1.2510918589489557,-1.8566976278508567,0.07651662270808232,-1.0616558120124553,0.9851391893066728,2.6969837256160982,0.9688536059011276,0.7804409574405147,0.6,1.2893430642050985,0.47500877409735776,2.699112122077067,0.970974012331852,0.6,1.0454640931454113
0.44088176352705405,0.322155094458844,0.06577350354816257,166.17910280256612,0.0023492479639139817,-0.6420076552130936,0.7904137050563569,-0.14840604984106326,-1.7548787914244088,1.4938350431294984,0.2610437482949406,1.1840466316453309,-0.5870308789269795,-0.597015752716194,2.6979848945772873,0.9696951631823343,0.7798965070717504,0.6,1.2918059522636687,0.4754155282047367,2.7005098074068936,0.971782270843844,0.6,1.0562856055520624
0.4448897795591182,0.3221934851448538,0.06578160462652563,167.69009343423738,0.002224771577589861,-0.5794402940757967,-0.23733105939509666,0.816771353472991,-0.8153552684112186,-1.072533997856632,1.887889266267869,0.06499351397447399,0.9912757897804991,-1.0562693037528923,2.698800551619332,0.9705268806206009,0.7793538665327383,0.6,1.294201780407133,0.47581935542983145,2.70046672532015,0.9725827001969142,0.6,1.067109090144582
0.4488977955911823,0.3222298398369701,0.06578928290554942,169.2010838438626,0.0021068835636449427,0.5729811934476962,-0.8189185857543404,0.24593739230862335,1.657413358255036,-1.6220240227638714,-0.03538933549118956,-1.176036948954533,0.7053705390850584,0.4706664098714763,2.6995661686129964,0.9713395544424208,0.7788207385139736,0.6,1.2965316368530646,0.47622721890077735,2.701843378982949,0.9733424034330517,0.6,1.0779350236735719
0.45290581162324645,0.322264266497229,0.06579656044713691,170.71207404322973,0.001995236045112196,0.6479639809584931,0.1396180587448876,-0.787582039701502,1.013458426397828,0.8786519295605107,-1.8921103559583596,-0.20552325143481093,-0.9067879218636725,1.1123111733003748,2.700456883043685,0.972137200639354,0.7782942229397364,0.6,1.2987970378550515,0.4766326003793878,2.7023489137061514,0.97411604812154,0.6,1.0887656773993342
0.4569138276553106,0.32229686736356783,0.06580345816209507,172.22306404349985,0.0018894994109421393,-0.49573478230511964,0.835749516774359,-0.3400147344674608,-1.5362683374572728,1.7270410622653265,-0.19077272480802823,1.1512590661548496,-0.8136086336135488,-0.33765043253954113,2.701113495050311,0.9729220466657506,0.7777728359426823,0.6,1.300998945549751,0.477037630154534,2.702783939721219,0.9748546734480876,0.6,1.0995970650951237
0.4609218436873747,0.3223277392532643,0.0658099958702037,173.73405385524072,0.0017893613692201845,-0.7072748798936896,-0.03985782123215644,0.747132701127551,-1.1970841960264653,-0.6722150541659109,1.8692992501924028,0.3430739352694714,0.8093959010473106,-1.1524698363151022,2.7018978005453973,0.9736876427690819,0.7772619937509545,0.6,1.3031387329014494,0.4774437593398775,2.7039726513229803,0.9755811111430273,0.6,1.1104325250071005
0.46492985971943884,0.3223569738503052,0.06581619235714785,175.24504348845855,0.001694526048641574,0.41137022302277054,-0.8406570216125936,0.4292867985914268,1.393173545104325,-1.8073845848910384,0.41421103978669205,-1.1100677457830856,0.9102066262390297,0.19986111954568686,2.702607504205155,0.9744413567712871,0.7767560889959053,0.6,1.3052176534504627,0.477846087291531,2.70407003560453,0.9763050174945382,0.6,1.1212703844684053
0.468937875751503,0.3223846579775101,0.06582206542847588,176.75603295262775,0.001604713144950433,0.7565166529098328,-0.060520910856307106,-0.6959957420520184,1.3636082434773287,0.4561724351198832,-1.8197806785972392,-0.475688553840239,-0.7004872874493688,1.1761758412911454,2.7032239451027,0.9751784534515677,0.7762591293905842,0.6,1.3072367663790176,0.47824932407860454,2.7049879179399614,0.9769936149755475,0.6,1.132109831965158
0.4729458917835671,0.32241087385424444,0.06582763196074344,178.26702225671946,0.0015196571107979572,-0.321092252174363,0.8335632899967745,-0.5124710378209579,-1.2301726571785254,1.8619055695665574,-0.6317329123880144,1.0530512637857097,-0.9937909846478451,-0.059260279136437014,2.7039488225070234,0.9758995992257148,0.7757708125221171,0.6,1.3091974898959937,0.47865003730604283,2.705593473014606,0.9776853815015177,0.6,1.142953115706598
0.47695390781563124,0.3224356993404605,0.06583290794998185,179.77801140922818,0.0014391063862141797,-0.7949776527408616,0.1600799994836948,0.6348976532585597,-1.5106504913841707,-0.23361063610404803,1.7442611274882531,0.6014796832380692,0.5816138877476005,-1.1830935709843071,2.704515358273203,0.9766081436310066,0.7752886969396283,0.6,1.3111008795101207,0.47904819221079914,2.7058664062955824,0.9783540840260047,0.6,1.1537974291332544
0.48096192384769537,0.32245920816781487,0.06583790855764284,181.28900041819728,0.0013628226680694213,0.226191110977161,-0.8145632224080303,0.5883721114321688,1.0495940029037871,-1.8898240034160467,0.8402300005122424,-0.9810232193451681,1.0631729106599528,-0.0821496913134648,2.705132850393496,0.9772990826043801,0.7748169455619731,0.6,1.3129481760351587,0.4794459145654562,2.706802496285518,0.9790045502563041,0.6,1.1646445340356961
0.4849699398797595,0.322481470158517,0.06584264815416148,182.79998929124298,0.0012905802181097414,0.8221011240330568,-0.2573926560578228,-0.5647084679739953,1.6361091676079647,0.007709591257049689,-1.643818758865044,-0.7186564645688347,-0.4544697542708298,1.1731262188409275,2.705734284977146,0.9779769941246994,0.774352125923533,0.6,1.31474064031041,0.4798394242332671,2.707009341619914,0.9796526468158874,0.6,1.175494027750898
0.4889779559118236,0.3225025514326027,0.06584714036020223,184.3109780355771,0.001222165204760313,-0.12802391121005363,0.7839229916975605,-0.6558990804863161,-0.8540172863429557,1.8907400554677072,-1.0367227691247374,0.8950111019294011,-1.117365439860857,0.22235433793263082,2.7062394301534973,0.9786400057982694,0.7738958943517491,0.6,1.3164793193875708,0.48023152183064866,2.7076178420815724,0.980272218876792,0.6,1.1863447012462445
0.4929859719438877,0.3225225146042113,0.06585139808573526,185.8219666580287,0.001157375081775111,-0.8374931657974403,0.35106399531307747,0.48642917048551765,-1.738190872798793,0.21830285986041958,1.5198880129384096,0.8255502228087086,0.320867120736983,-1.1464173435445757,2.70682172595531,0.9792872797683321,0.773449077349023,0.6,1.3181655158284287,0.48062073546212963,2.7082094161901584,0.980887345292744,0.6,1.1971983403034234
0.49699398797595185,0.32254141896745053,0.06585543356716561,187.3329551650639,0.0010960179881979832,0.027995065011137923,-0.7420761471128696,0.7140810821028143,0.6462367126548683,-1.8646398123495183,1.2184030996946378,-0.7962417787876263,1.155597662006447,-0.35935588321772083,2.707305640544269,0.979922014242779,0.7730093110191785,0.6,1.319800318684691,0.48100610565027263,2.70841908477943,0.9814865552398968,0.6,1.2080531740733669
0.501002004008016,0.32255932069382376,0.06585925840379275,188.84394356279842,0.0010379120127877379,0.8409285036354724,-0.4397511768465129,-0.40117732678794793,1.8154365412844642,-0.4411971895704775,-1.374239351714027,-0.920638508273848,-0.18271065210237736,1.1033491603772774,2.7077955594762404,0.9805408264809267,0.7725794051691881,0.6,1.3213848684086265,0.4813896154423229,2.7091236103620404,0.9820661924146166,0.6,1.2189099466128714
0.5050100200400801,0.32257627287938523,0.06586288358103218,190.35493185699616,0.00098288419677187,0.07246392631676951,0.6896174358939647,-0.7620813622097491,-0.42922107460117076,1.811895605115808,-1.3826745305146275,0.6861241685010463,-1.1773259808217058,0.49120181232163035,2.70829463361708,0.981146273969837,0.7721574833897166,0.6,1.3229203770153948,0.48176867093292053,2.7093890162903267,0.9826417115781217,0.6,1.229768859897703
0.5090180360721442,0.3225923259812581,0.06586631953542205,191.86592005326798,0.0009307744800302384,-0.8323528667473097,0.522182343328653,0.31017052341961165,-1.866740784112071,0.6577880136391756,1.2089527704729333,1.0025661368944185,0.041970166898055425,-1.0445363037915563,2.7087119938337074,0.9817380826804942,0.7717438935978796,0.6,1.324407872932222,0.4821447215118562,2.709800562864747,0.9831947953044895,0.6,1.2406287580840236
0.5130260521042084,0.32260752762140604,0.06586957612508688,193.3769081567214,0.0008814261614414411,-0.17191514203223127,-0.6272935977717574,0.7992087398048882,0.20607117510926087,-1.7332601416264093,1.5271889665171448,-0.5662289458164621,1.182241354413911,-0.6160124085965422,2.709176422839844,0.9823149819102157,0.7713397526721592,0.6,1.3258485446914852,0.4825173899311838,2.710321157979153,0.9837389253064667,0.6,1.2514908853155007
0.5170340681362725,0.3226219230041762,0.06587266272687729,194.88789617233905,0.0008346944914844308,0.8118854906042802,-0.5971756911227808,-0.2147097994806625,1.8913710302175668,-0.8649804298376236,-1.026390600379983,-1.0701663012539093,0.09934715531787291,0.9708191459369134,2.7095839568625317,0.9828795380549263,0.7709431645685771,0.6,1.3272434673884017,0.48288549949065823,2.7105083576069875,0.9842710390720748,0.6,1.2623542320854768
0.5210420841683366,0.32263555478051376,0.06587558818136151,196.39888410463183,0.0007904371677911251,0.2689347628991174,0.5559939893879702,-0.8249287522862774,0.020024219554085045,1.6298569720138911,-1.6498811915679763,0.43826679804696617,-1.1702752510295729,0.7320084529834147,2.7099753337656596,0.983429721986048,0.7705558218106185,0.6,1.3285936987495817,0.4832505953369145,2.711025612084197,0.9847846419932665,0.6,1.2732189665755618
0.5250501002004008,0.32264846355427834,0.06587836093159652,197.90987195816385,0.000748526727568929,-0.7798152913520386,0.6636554344368135,0.11615985691602006,-1.8889738150719824,1.0598131062940688,0.8291607087779532,1.1224752642763427,-0.23922571365886974,-0.8832495506167198,2.710382779003071,0.9839668049710744,0.7701768335787288,0.6,1.3299003731294972,0.48361105831993406,2.7113053348310765,0.9852921726700937,0.6,1.2840855007773282
0.5290581162324649,0.32266068763113637,0.0658809889365173,199.4208597370446,0.0007088371553383825,-0.3621336577601008,-0.47673593201951975,0.8388695897803715,-0.24583424413218263,-1.50316295750572,1.7489972016379094,-0.30406339339143995,1.1415989296236422,-0.8375355362314524,2.7107277426302483,0.9844912705440103,0.7698059160325224,0.6,1.3311644851435782,0.4839674979169153,2.7115949041536007,0.9857820319945126,0.6,1.2949529068531385
0.533066132264529,0.3226722633284588,0.06588347974647708,200.9318474453245,0.0006712530647135357,0.7365979760396939,-0.7206679337809198,-0.015930042258081388,1.859583387255328,-1.2395017881386126,-0.6200815991167524,-1.1587477090426468,0.37567000419099905,0.78307770485238,2.7110967102218915,0.9850019387939365,0.7694440787981607,0.6,1.3323871169492298,0.4843200627199482,2.7120251629164325,0.9862608138690252,0.6,1.3058219665596265
0.5370741482965932,0.32268322501167457,0.06588584052777724,202.4428350865495,0.0006356579399273605,0.4501772311718203,0.39065152050094043,-0.8408287516720903,0.4681319662980181,1.35498825805107,-1.8231202243490958,0.16553383074061884,-1.0966224676584033,0.9310886369184559,2.7114348176433216,0.985500678792596,0.7690899473491972,0.6,1.333569296957654,0.4846676968684458,2.712201211708894,0.9867295792403081,0.6,1.3166921679470136
0.5410821643286573,0.3226936053181909,0.06588807807328184,203.9538226645619,0.0006019535370927299,-0.6828490630309606,0.7673950169794509,-0.08454595394783229,-1.803619093994839,1.4014782701311557,0.4021408238637198,1.1784667511459122,-0.5067332736646676,-0.6717334774806238,2.711748716581096,0.9859864341686712,0.768744426016039,0.6,1.3347120076780126,0.48501148076047634,2.7125770445526074,0.9871818582909399,0.6,1.327563400321658
0.5450901803607214,0.3227034349716895,0.06589019878433272,205.46481018246052,0.0005700333578362254,-0.5318046418000948,-0.2989708768535793,0.8307755186543064,-0.6837405877179862,-1.1874501208267476,1.871190708544748,-0.024655118631249057,1.0359884893759912,-1.0113333707441206,2.712077141085124,0.9864597450022932,0.7684071647463104,0.6,1.3358162934638833,0.4853504956389217,2.712841307345264,0.98762661819123,0.6,1.3384360842634249
0.5490981963927856,0.3227127432254931,0.06589220878925585,206.97579764354575,0.0005398055838390239,0.6193354932914548,-0.8031661844581899,0.183830691167313,1.7218804838262882,-1.5434276925429375,-0.17845279128338465,-1.1813519804274335,0.6305455168426225,0.5508064635854263,2.712360806120078,0.9869213610385441,0.7680776515535821,0.6,1.3368830995538676,0.4856848901047394,2.713054921092974,0.9880571918432304,0.6,1.3493095479033144
0.5531062124248497,0.3227215577586954,0.06589411385740163,208.48678505082628,0.0005111804516277974,0.6058468331425896,0.20300431271749106,-0.8088511458595373,0.8895788026840291,1.0029424118050259,-1.8925212144890728,-0.11656202770910948,-0.9605629823745577,1.0771250100842245,2.7126531117964916,0.987370387457627,0.7677566478664893,0.6,1.33791340979099,0.4860150085849287,2.7133964074234083,0.9884761461069541,0.6,1.360184234545407
0.5571142284569138,0.32272990476370605,0.06589591947404294,209.99777240721914,0.0004840746250016668,-0.546963439474663,0.8274671537527051,-0.28050371427750254,-1.6155350558333756,1.6633209848002453,-0.04778592896683649,1.1673624513221676,-0.7453395308091517,-0.4220229205125123,2.7129295786178296,0.9878081051279254,0.7674432206630261,0.6,1.3389081859108105,0.4863400349941499,2.7135604750952242,0.9888861162818798,0.6,1.3710599267824033
0.561122244488978,0.32273780899777577,0.06589763081226355,211.50875971536442,0.0004584061034913792,-0.6712432486495371,-0.10412369810815618,0.7753669467582065,-1.0827049987912551,-0.8041018070291189,1.8868068058203957,0.2561017857156953,0.8714231639065628,-1.127524949621762,2.7131814115733697,0.9882340864305283,0.7671377593416396,0.6,1.339868337135239,0.48666066779204586,2.7138334181021673,0.9892818196425669,0.6,1.381936411345994
0.565130260521042,0.3227452939079451,0.06589925279507641,213.01974697767554,0.0004340950764345467,0.4667669145115972,-0.8399487636030207,0.3731818490918914,1.4861026320537893,-1.7594448684864978,0.27334223643267824,-1.1366989317074554,0.8494772883203414,0.2872216433876145,2.7134433653622483,0.9886485056463203,0.7668401814933429,0.6,1.340794814620641,0.4869764465562677,2.7140660982563314,0.989669229337175,0.6,1.3928140344673812
0.5691382765531061,0.3227523818312559,0.06590079010373247,214.53073419679808,0.00041107496799132126,0.7270569727425268,0.00374282441138251,-0.7307997971534692,1.2603587838049193,0.5937694847246936,-1.854128268529638,-0.39197214278668824,-0.7698418711200905,1.1618140139072415,2.713674599464459,0.9890521270284162,0.7665499495519635,0.6,1.3416885019997062,0.4872873050681232,2.7142303919969746,0.9900449411936731,0.6,1.403692344244402
0.5731462925851702,0.32275909378817513,0.06590224715588514,216.04172137502042,0.0003892772743713349,-0.37989126705479487,0.8404301657819758,-0.4605388987267439,-1.3354324816320766,1.8304252061124935,-0.49499272448038906,1.0897993633798004,-0.9414720525907737,-0.1483273107886193,2.7139054230413002,0.9894443645991063,0.7662675645396111,0.6,1.3425502915884666,0.4875936152398363,2.714494154753153,0.9904094228897264,0.6,1.4145715610337215
0.5771543086172344,0.32276544965621573,0.06590362811058129,217.55270851428338,0.0003686314908691574,-0.7724884691180272,0.09670290406622604,0.6757855650522291,-1.420001467819251,-0.37495144029986427,1.7949529081191458,0.5222333193785398,0.6572700257375531,-1.1795033451156887,2.714128380169884,0.989826064923057,0.7659924157239223,0.6,1.343381067947846,0.48789480768752547,2.7146422554618983,0.9907655468417885,0.6,1.4254516246983076
0.5811623246492985,0.32277146837742104,0.06590493697542756,219.0636956168971,0.00034908266848882985,0.28757817058482754,-0.8289029463616319,0.5413247757771927,1.1656773768595263,-1.875247017885695,0.7095696410261452,-1.0273338674072283,1.0200106996390184,0.0073231677686246,2.7143297312256593,0.9901971698718145,0.7657245919920885,0.6,1.3441816667833948,0.4881913068866786,2.71484152130632,0.9911094671881084,0.6,1.4363323116553506
0.5851703406813626,0.322777167835844,0.06590617750244618,220.5746826846523,0.0003305688226277689,0.8068864903376589,-0.19577706141027723,-0.611109428927022,1.559351190462108,0.15077465502683582,-1.7101258454889752,-0.6450253981159825,-0.5353152529130631,1.180340651029435,2.7145366766528274,0.9905577032494752,0.7654641154837235,0.6,1.3449529475814437,0.4884829297388097,2.7150365013029227,0.9914449120368843,0.6,1.4472138743927727
0.5891783567134268,0.32278256500447583,0.06590735326385741,222.08566971958092,0.0003130396766801778,-0.1911468719997461,0.8055302474105456,-0.6143833754104399,-0.9792635336271666,1.893270036444198,-0.9140065028170103,0.9501949411631665,-1.0839720379792883,0.1337770968164579,2.7147230919946472,0.9909083368182321,0.7652105079047734,0.6,1.3456957244888763,0.48876953800952594,2.7151663730448465,0.9917704551473158,0.6,1.4580960267230836
0.5931863727454909,0.32278767579335155,0.06590846761109702,223.59665672320693,0.000296437604508912,-0.8297579931907642,0.29206275076905336,0.537695242422066,-1.6764165782590659,0.07555714701238665,1.6008594312467133,0.758595141730644,0.4057194129581924,-1.1643145546885136,2.7149045007047947,0.9912487446211934,0.7649640526169521,0.6,1.346410803818291,0.48905145952808066,2.715366259155857,0.9920856359269482,0.6,1.468978854925462
0.597194388777555,0.3227925155125226,0.06590952378770304,225.10764369728497,0.0002807158561063671,0.09197595622227801,-0.7706451246252474,0.6786691684032911,0.7788546879970316,-1.8842361682127204,1.1053814802156734,-0.8594845255545727,1.1324430444986966,-0.27295851894378326,2.7150818900210987,0.9915794791318593,0.7647243606072011,0.6,1.3470989889508656,0.48932833189401725,2.715495103478168,0.9923929703230748,0.6,1.479862372043481
0.6012024048096192,0.322797098488649,0.06591052481099674,226.6186306433765,0.0002658275567741635,0.8407744898480637,-0.3841829089202392,-0.45659158092753344,1.7695242476863962,-0.3008094509225975,-1.4687147967638345,-0.8613206648319446,-0.2703334273671608,1.1316540921994314,2.715241775004451,0.9919006768268216,0.7644913581886589,0.6,1.3477610417467336,0.48960040137230404,2.715641599488318,0.9926898903088336,0.6,1.4907463846972921
0.6052104208416833,0.32280143834501446,0.0659114735685796,228.12961756301914,0.00025172987040684937,0.008516955733887256,0.7247450753251247,-0.7332620310587175,-0.5673149277515993,1.848274501506963,-1.2809595737553523,0.7564984316814772,-1.1647317170204439,0.40823328533924563,2.715403678701388,0.9922123241661898,0.7642650855161025,0.6,1.3483977338569177,0.48986764004966393,2.7157989964023623,0.9929785879239152,0.6,1.501631061163567
0.6092184368737474,0.3228055479570304,0.06591237278316785,229.6406044575811,0.00023837999560978989,-0.8397772974698245,0.47081991753202956,0.3689573799380945,-1.8373434081792444,0.5217630730926596,1.3155803350866224,0.9517350010722391,0.1310911292731024,-1.0828261303450786,2.715552030753409,0.9925149711395167,0.764045147480283,0.6,1.349009806106258,0.4901299109097526,2.715902807551896,0.9932587321508548,0.6,1.5125162298241743
0.6132264529058116,0.3228094395988469,0.06591322504139684,231.1515913283242,0.00022573660568567098,-0.10889513936381581,-0.6684853427399233,0.7773804821040105,0.34766733464565586,-1.7858987419486547,1.4382314073029918,-0.6427078434139455,1.1803771602603998,-0.5376693168461721,2.715693600254589,0.9928084833591105,0.7638316770559805,0.6,1.349597983571801,0.4903874777011307,2.7160520982537513,0.9935295754789323,0.6,1.5234019038571989
0.6172344689378757,0.322813124772662,0.0659140327967789,232.66257817660014,0.00021376445051359783,0.8267797293206899,-0.5507346542018364,-0.2760450751186137,1.8789048127418175,-0.735260300836936,-1.1436445119049194,-1.0285469634188233,0.010018548761135304,1.0185284146579654,2.7158327903959707,0.9930932265788255,0.7636244157539148,0.6,1.3501629886396718,0.49064013363245235,2.7161602255026343,0.9937930966574621,0.6,1.534288122591547
0.6212424849699398,0.3228166144439957,0.06591479837144579,234.17356500359116,0.00020242768528204574,0.2077234511697761,0.602669438746966,-0.8103928899165023,-0.12305092897585054,1.6980001735352908,-1.5749492445594382,0.5197383255727186,-1.1791561692418253,0.6594178436693408,2.715958463153951,0.9933694236618666,0.7634232172343242,0.6,1.3507055098939684,0.49088801874676286,2.7162684689853105,0.9940477124140505,0.6,1.5451747348561535
0.625250501002004,0.32281991899705376,0.06591552396726671,235.68455181035418,0.00019169084996944973,-0.8019665872607235,0.6227840219894315,0.1791825652715416,-1.8936142345327815,0.938249888453529,0.9553643460792912,1.090659515408369,-0.15097989699341166,-0.9396796184147466,2.7160837454246733,0.993637074446845,0.7632281048200603,0.6,1.3512262360655771,0.4911311841578975,2.7163917180011303,0.9942946360239232,0.6,1.5560618438839793
0.6292585170340681,0.32282304823714225,0.065916211672063,237.1955385980343,0.00018152392256974066,-0.30358887199231366,-0.5282375448973021,0.831826416889845,-0.1033242323566359,-1.5858348435106602,1.6891590758672985,-0.3893466117428488,1.1610864088661417,-0.7717397971230623,2.7162000690280355,0.9938966140688914,0.7630387656139103,0.6,1.351725834070202,0.49136952511043214,2.7164744530404925,0.9945340752102737,0.6,1.5669493522160973
0.6332665330661322,0.32282601146745904,0.0659168634636723,238.7065253676277,0.00017189630011414417,0.7656917767545792,-0.685937414120334,-0.07975436263404813,1.8812613607611732,-1.127830776843334,-0.7534305839178775,-1.1371855694203938,0.28977924628244023,0.8474063231381894,2.716309443259703,0.9941480360624653,0.762855225081967,0.6,1.3522049522535136,0.4916032450667306,2.7165845092847754,0.9947653091021467,0.6,1.5778372382264996
0.6372745490981964,0.3228288174969658,0.06591748121682629,240.2175121200782,0.00016277899207334563,0.39512068117576876,0.4462532240996638,-0.8413739052752394,0.32822291567402323,1.4510056763313197,-1.7792285920053494,0.25339553057561615,-1.1264262675609997,0.8730307369855802,2.716417019618155,0.9943915935078216,0.7626773083680125,0.6,1.352664234772848,0.4918322457815073,2.7166721952044597,0.9949897927799656,0.6,1.5887255441472934
0.6412825651302605,0.3228314746619713,0.06591806670959686,241.72849885631317,0.00015414540894872477,-0.7184731712764402,0.7392914498636264,-0.020818278586980144,-1.8420226281678131,1.3012935262005219,0.5407291019673288,1.1674606644847734,-0.42443375798409805,-0.7430269065005075,2.7165144657527365,0.9946275339749426,0.7625048440088795,0.6,1.353104298716738,0.4920566097156818,2.7167521734118423,0.9952066363656221,0.6,1.5996141592422852
0.6452905811623246,0.3228339908587426,0.06591862162585345,243.23948557718248,0.00014596963109654535,-0.48101011567397095,-0.3578880278521968,0.8388981435263609,-0.5484309795550587,-1.2954394867874035,1.8438704663424736,-0.11382737147407634,1.0756710974114878,-0.9618437259372259,2.7166101255456727,0.9948558869247882,0.7623378266399639,0.6,1.3535257553047138,0.49227642278583694,2.716846090075656,0.9954164691498241,0.6,1.61050314114108
0.6492985971943888,0.3228363735653868,0.06591914756192302,244.75047228350266,0.0001382274209522715,0.6609851398179714,-0.7820828270643724,0.12109768724656228,1.7764587096604312,-1.4561590234833603,-0.3202996861771071,-1.1810524495372148,0.5530197251590424,0.6280327243783715,2.7166997735563245,0.9950769926927494,0.7621760119901496,0.6,1.3539291993381821,0.49249162043400924,2.7169111059317395,0.9956197142472943,0.6,1.6213924377071307
0.6533066132264529,0.32283862986193523,0.065919646030352,246.26145897606287,0.0001308962165796843,0.5600290508113817,0.2644048175634003,-0.8244338683746261,0.7608012970037674,1.1213594787741377,-1.8821607757779204,-0.027363842219678927,-1.0095461991485866,1.0369100413684331,2.7167831110190894,0.9952909224836051,0.7620193610073039,0.6,1.3543152069900226,0.4927023580784791,2.7169910793430363,0.9958157989463023,0.6,1.6322820146444583
0.657314629258517,0.3228407664469878,0.06592011846638973,247.77244565556592,0.00012395356603353962,-0.5940490029132349,0.8136993367962682,-0.2196503338828617,-1.6855065238846643,1.5902139361613847,0.09529258772331395,1.1777669361375476,-0.6737001185194549,-0.5040668176179572,2.7168648028983777,0.9954978639147877,0.7618677445850157,0.6,1.3546843484726458,0.4929086087304077,2.717059830220355,0.9960057471862517,0.6,1.643171907310558
0.6613226452905812,0.32284278969660196,0.06592056622872199,249.28343232268085,0.00011737828150051951,-0.6310475819908067,-0.16713968374783927,0.7981872657388108,-0.9622987350965386,-0.9312534664202674,1.8935522015168256,0.16816085210823234,0.9289964666545003,-1.097157318762584,2.7169390401432763,0.9956980573030431,0.7617209934094175,0.6,1.3550371723100314,0.4931104273891595,2.7171184773951795,0.9961891230504288,0.6,1.654062038293853
0.6653306613226453,0.3228447055963731,0.06592099060578802,250.79441897812444,0.00011115236472141437,0.5186210354238909,-0.8336884137930285,0.31506737836927173,1.570465847035251,-1.701542352409501,0.13107650537421822,-1.1576511348301872,0.7847507121853687,0.3729004226449868,2.717010844950835,0.9958915611780891,0.7615790752653856,0.6,1.3553742178348018,0.49330791091786114,2.7171881113702487,0.9963662303409045,0.6,1.6649524356345775
0.6693386773547093,0.3228465198495932,0.0659213928185608,252.30540562248945,0.00010525663122452465,0.6930501779169056,0.06748282680227632,-0.7605330047190582,1.1500435454725229,0.7278383173128322,-1.8778818627853786,-0.30655198291474905,-0.8351728983041531,1.1417248812190464,2.7170785070203447,0.9960786428324631,0.7614417985583549,0.6,1.3556960111501208,0.4935010317933279,2.717238018086848,0.9965375355564161,0.6,1.6758430733801177
0.6733466933867734,0.3228482378487282,0.06592177402446037,253.81639225636377,0.00009967357584904566,-0.4357792173754457,0.8417639456260528,-0.40598472825046644,-1.4329807225370979,1.7885531386745235,-0.35557241613739615,1.1209926802072745,-0.8845849619269576,-0.2364077182802081,2.717140815998183,0.9962594151657643,0.7613090888677309,0.6,1.356003061010224,0.49368991054777894,2.7172950434537326,0.9967026379302791,0.6,1.68673391618588
0.6773547094188376,0.3228498647003833,0.06592213531893461,255.32737888030957,0.00009438675093289338,-0.7451501952982363,0.03314131939434938,0.7120088759040313,-1.3213525236259138,-0.5140211305878487,1.8353736542137826,0.4405598881788502,0.7294161700146784,-1.1699760581933951,2.717201513248298,0.9964340284179661,0.7611808428526107,0.6,1.3562958687995434,0.49387456432577104,2.717347062077028,0.9968622370879247,0.6,1.6976249899111948
0.6813627254509017,0.3228514052469649,0.06592247775443907,256.8383654948512,0.00008938041782034591,0.346707331893958,-0.8378099185909826,0.4911025866971455,1.2750158785646173,-1.8500025599327647,0.5749866813681215,-1.0683153579337537,0.9717763583754548,0.09653899955844804,2.717256779380085,0.9966027013325761,0.7610569035735021,0.6,1.3565749183299856,0.4940550377106376,2.717389305455761,0.9970161753698915,0.6,1.7085162423589613
0.6853707414829658,0.32285286403912095,0.06592280228488635,258.34935210045956,0.00008463898411168724,0.7866025827561544,-0.13329445472221554,-0.6533081280338334,1.4737773167000372,0.29285767542397717,-1.766634992124044,-0.568269827103051,-0.6132374711718683,1.1815072982750523,2.7173094619166904,0.9967655142752199,0.7609372203229876,0.6,1.3568406827418227,0.494231426785022,2.717439349351047,0.9971645891530284,0.6,1.7194076837585213
0.68937875751503,0.3228542454439216,0.06592310987399605,259.86033869764526,0.00008014933674503291,-0.2526785272005906,0.8218827581640754,-0.5692042309633637,-1.0988291406049007,1.8850127742269804,-0.7861836336220571,1.0003722427527224,-1.0450794031016821,0.04470716034905456,2.7173591927883525,0.9969226802271286,0.76082164005311,0.6,1.3570936238763966,0.49440373364622764,2.717476401588591,0.9973079076760273,0.6,1.7302993023903483
0.6933867735470941,0.3228555535560262,0.06592340139696312,261.37132528684515,0.00007589786333716678,-0.8168144701002256,0.2315449956941141,0.585269474406238,-1.6051394990324659,-0.06750873297936652,1.6726482320118654,0.6878569859756161,0.48829693715925515,-1.1761539231347753,2.717404576715106,0.997074329861715,0.7607100721751864,0.6,1.357334188029145,0.49457205496163836,2.717515952314722,0.9974458819284091,0.6,1.7411910671346926
0.6973947895791582,0.3228567922637506,0.06592367769285738,262.88231186848014,0.00007187186863000635,0.1550365144230273,-0.7942094615348712,0.6391729471119455,0.9069381856672502,-1.8930829464188619,0.9861447607515932,-0.9181339936858615,1.1034464692686516,-0.18531247558266645,2.717448395891022,0.9972205916041514,0.760602427402549,0.6,1.3575628132716138,0.4947364334155834,2.7175537126690945,0.9975789822349341,0.6,1.7520829950456835
0.7014028056112224,0.3228579652806749,0.06592393956678422,264.39329844296986,0.00006805984512634088,0.8353537430526947,-0.32648854629405655,-0.5088651967585557,1.7135617708325406,-0.1588050976472958,-1.5547566731852793,-0.7976126435768809,-0.3563799530346443,1.153992596611641,2.7174882746455404,0.9973616580115736,0.7604985682147187,0.6,1.3577799231992844,0.49489691176270945,2.717583169692445,0.9977072083569938,0.6,1.7629750519338223
0.7054108216432865,0.32285907599800173,0.065924187742273,265.9042850106373,0.00006444906603028418,-0.05517690282450538,0.7551853697078733,-0.7000084668832716,-0.7020855322957621,1.8740978420008718,-1.1720123097050954,0.8227759137639213,-1.1460437037903903,0.3232677900265477,2.7175257116143205,0.9974976226313653,0.7603984279475527,0.6,1.3579859304323498,0.49505358030512475,2.7176177096057046,0.9978306210252106,0.6,1.7738672382260776
0.7094188376753506,0.3228601278126704,0.06592442296344858,267.41527157189677,0.00006103014612488638,-0.8419550273237677,0.4167679037713444,0.42518712355253074,-1.7974941806244946,0.3828493851226386,1.4146447955018926,0.8959683960083149,0.21937148872017867,-1.1153398847284217,2.7175609734397317,0.9976286585772712,0.7603018852954723,0.6,1.358181237556416,0.4952064626512126,2.7176439517668545,0.9979495817966431,0.6,1.7847595493809467
0.7134268537074148,0.3228611238205675,0.06592464589862151,268.9262581270839,0.00005779283189183668,-0.04547303198365274,-0.7053679967550465,0.7508410287387857,0.4871988518420281,-1.8283287485891653,1.3411298967471272,-0.7156606956493611,1.1722624846661651,-0.456601789016704,2.7175928111355536,0.9977548994178155,0.7602088444661494,0.6,1.358366233509942,0.4953556397133524,2.717670204531538,0.9980639589642905,0.6,1.795651960245593
0.7174348697394789,0.3228620669812914,0.06592485718827416,270.4372446765065,0.000054727113805397445,0.8365237914153082,-0.5010926269825575,-0.33543116443268595,1.8557375323895302,-0.60142217729656,-1.2543153550930077,-0.9815189213420296,-0.07922947078178566,1.0607483921239167,2.71762318281703,0.9978764597103261,0.7601192249589322,0.6,1.3585412986847292,0.49550116755016693,2.7176961657868817,0.9981740676774054,0.6,1.806544480954054
0.721442885771543,0.3228629600987231,0.06592505744080764,271.94823122047455,0.000051823993321955724,0.14547469779316197,0.6454691602443533,-0.7909438580374399,-0.2653492278414822,1.7564297457776605,-1.491080517936173,0.5983190480612776,-1.1817282191952398,0.5834091711340286,2.717650697423856,0.9979935060598331,0.7600329062805222,0.6,1.3587068013362449,0.49564309061080014,2.7177155887525664,0.9982799884021188,0.6,1.8174370896473429
0.7254509018036072,0.32286380582779456,0.06592524723263614,273.4592177592771,0.000049074850483300896,-0.8191373861151987,0.57825731123286,0.24088007488243066,-1.8874592655501032,0.8113996778012993,1.0760595877488426,1.0530417227892708,-0.06204349592065484,-0.9909982268685626,2.7176760612096014,0.9981061375426438,0.7599498190718428,0.6,1.3588630991386401,0.495781491847206,2.717738044242357,0.9983817531128504,0.6,1.8283297820293245
0.7294589178356713,0.3228646066820068,0.06592542710980023,274.9702042931929,0.000046471625306702884,-0.24339875286111798,-0.5763448019801874,0.8197435548413821,0.039707263951393845,-1.6594283574072979,1.619721093455903,-0.4724278263476516,1.1743057035072348,-0.7018778771595019,2.7176997774475202,0.9982144977966168,0.7598698597810644,0.6,1.3590105406739617,0.4959164091892018,2.7177553447313634,0.998479653181047,0.6,1.839222556825137
0.7334669338677354,0.3228653650407742,0.06592559759129492,276.48119082244654,0.00004400572127599257,0.7900441014507543,-0.6471589150613112,-0.14288518638939207,1.8922059841940078,-1.0097809299851668,-0.8824250542088794,-1.1095147830284864,0.2024286000603773,0.9070861829681984,2.7177208571559532,0.9983187147155902,0.759792936544101,0.6,1.359149462669391,0.49604791323456304,2.71777149247381,0.9985736390312718,0.6,1.850115394803598
0.7374749498997996,0.3228660831657574,0.0659257591654869,277.9921773473599,0.000041671726702346005,0.3378455397132944,0.498982754341073,-0.8368282940543106,0.18650222867184335,1.5387108764287316,-1.7252131051005788,0.33978607565767627,-1.1501010679912997,0.8103149923336801,2.7177406185833886,0.9984188926269397,0.7597189753127375,0.6,1.3592801934068188,0.4961760657687425,2.7177879302787233,0.9986639242848889,0.6,1.8610083012124936
0.7414829659318637,0.3228667631838981,0.06592591229992542,279.50316386810175,0.0000394610946020083,-0.7496595612440439,0.7068124944746341,0.04284706676948598,-1.8699098315196432,1.1937307194034226,0.6761791121162589,1.150131124279668,-0.33991968899910946,-0.8102114352805218,2.7177583066547424,0.9985151745226024,0.7596478721790476,0.6,1.359403050835428,0.49630091367771884,2.7177994784182635,0.9987506231799971,0.6,1.8719012623600186
0.7454909819639278,0.3228674071192267,0.06592605743443164,281.0141503849101,0.000037367710259674266,-0.4274650924806959,-0.4144886068841955,0.8419536993649579,-0.4100463213030863,-1.3960025312091795,1.806048852512274,-0.20228931733349578,1.1094602501145883,-0.9071709327810306,2.717774191119126,0.9986076591305516,0.7595795568239458,0.6,1.3595183430932645,0.4964225325689043,2.7178126439999417,0.9988337624115246,0.6,1.8827942722414688
0.749498997995992,0.3228680168861152,0.06592619498683454,282.5251368979941,0.000035385358037765676,0.6985608130421836,-0.7563653017894125,0.05780448874726994,1.820889408439656,-1.3606200473854773,-0.4602693610542156,-1.1743103674327389,0.47255196397231547,0.7017584034605026,2.717788805892724,0.9986964678143335,0.7595139414663726,0.6,1.3596263700292928,0.4965409689383295,2.7178226886629204,0.9989135703529693,0.6,1.8936873308300375
0.7535070140280561,0.3228685942968986,0.06592632535209846,284.0361234075533,0.00003350819454995204,0.5109764362873542,0.3240699119551274,-0.8350463482424398,0.6277301730242749,1.2333428556457162,-1.8610730286700037,0.061902470607543135,-1.0529640754945468,0.9910616048870545,2.7178014281076677,0.9987817183407918,0.7594509408906839,0.6,1.3597274212460273,0.4966562864484262,2.717831187434761,0.9989900506757514,0.6,1.9045804240088997
0.7575150300601202,0.32286914106255765,0.0659264489081337,285.5471099137654,0.00003173042383263979,-0.6374780639678652,0.7951089723721575,-0.15763090840422958,-1.745845292799515,1.5080637641428287,0.23778152865672206,1.1817070267246268,-0.5984300446481462,-0.5832769820764546,2.7178129111167397,0.9988635062342774,0.759390486296639,0.6,1.3598217783017599,0.4967685479758869,2.7178401105716823,0.9990633522453473,0.6,1.915473553874225
0.7615230460921844,0.3228696588277539,0.06592656600861055,287.0580964168213,0.0000300471147986188,-0.5871858995182349,-0.2290189195002858,0.8162048190185806,-0.8364426869243885,-1.0530565335664712,1.8894992204908767,0.07936823338989002,0.9814199561930006,-1.0607881895828446,2.717822889439637,0.9989419538426155,0.759332489213339,0.6,1.3599097138554084,0.49687780224692085,2.717845519055302,0.9991335964161678,0.6,1.9263667120044647
0.7655310621242485,0.32287014911266004,0.06592667699137061,288.5690829168817,0.000028453075423215366,0.5672841944955019,-0.8224896020345551,0.2552054075390869,1.645849975306787,-1.6339546229234543,-0.011895352383366156,-1.1722154213958815,0.7157550374731142,0.45646038392283633,2.7178314120787657,0.999017155508937,0.759276881076844,0.6,1.3599914916958264,0.49698411810623067,2.717851641607984,0.9992008136465532,0.6,1.937259892330734
0.7695390781563125,0.3228706133811625,0.06592678217580122,290.0800694141068,0.000026943598449444706,0.6550041752358686,0.13069409704806223,-0.785698272283902,1.0332009925464765,0.8577201638850979,-1.8909211564315953,-0.21950392086654968,-0.8958503505948322,1.1153542714614282,2.717838950776531,0.999089215185704,0.7592235866127813,0.6,1.3600673680722493,0.4970875463215522,2.7178559239906552,0.9992651807128152,0.6,1.9481530951376942
0.7735470941883766,0.3228710530136599,0.06592688186477624,291.59105590864635,0.000025514184560356815,-0.488982388763099,0.8381157656630781,-0.3491333768999284,-1.5223325578984257,1.7364934112354025,-0.2141608533369456,1.145971251783955,-0.822850307409965,-0.3231209443739735,2.717845009233589,0.9991582386411711,0.7591725288256205,0.6,1.3601375903974882,0.49718814554055346,2.71785867606623,0.9993267326640243,0.6,1.9590463103988367
0.7775551102204408,0.32287146931527055,0.06592697634511303,293.1020424006018,0.000024159554764750245,-0.7134618900501762,-0.030500717425428082,0.7439626074756569,-1.215193053771068,-0.6501254398970036,1.8653184936680962,0.35650193147817905,0.7974781551245474,-1.153980086602696,2.7178501196482845,0.999224313014551,0.7591236448174701,0.6,1.3602023986290772,0.4972859770459749,2.717861802606085,0.9993855773714372,0.6,1.969939538367938
0.7815631262525049,0.3228718635196922,0.06592706588937251,294.6130288902574,0.00002287943409354197,0.40369172634260314,-0.8417640645882387,0.4380723382456635,1.377058305277226,-1.814214649993676,0.4371563447164223,-1.103349625166069,0.9181854118218582,0.18516421334426958,2.7178541415647617,0.999287542943429,0.759076857567542,0.6,1.360262025004268,0.4973810902841999,2.717862483674936,0.9994418300623307,0.6,1.9808327739586622
0.785571142284569,0.32287223682249094,0.06592715075456544,296.12401537753556,0.000021664883006133444,0.7617234570202359,-0.07012923669522522,-0.6915942203249913,1.3798178775314467,0.43323925238052274,-1.8130571299119975,-0.48840442689176083,-0.6877092258531731,1.1761136527449791,2.71785702672095,0.9993480158794896,0.759032104777318,0.6,1.3603166938772477,0.4974735480452489,2.7178633521219906,0.9994955262366534,0.6,1.9917260118266027
0.7895791583166332,0.3228725903071876,0.0659272311864075,297.6350018626865,0.000020515521491751338,-0.3126310183394037,0.8333820759637656,-0.5207510576243214,-1.2121034345700332,1.8660075537879892,-0.6539041192179311,1.0449595919838102,-1.0003978201581776,-0.04456177182562054,2.717859154004442,0.999405821652765,0.7589893199750666,0.6,1.3603666227911426,0.4975634023135276,2.7178631671495386,0.9995468027282016,0.6,2.0026192522087896
0.7935871743486973,0.32287292503378334,0.0659273074156506,299.1459883457914,0.000019427098071918983,-0.7990990234140252,0.16975752732507082,0.6293414960890028,-1.5247226623721426,-0.21016128569248044,1.734883948064654,0.6133263907020389,0.5681122996770938,-1.1814386903791132,2.717860201352884,0.9994610536726953,0.7589484351855897,0.6,1.3604120216767746,0.497650707712508,2.7178616575494114,0.9995957105246347,0.6,2.013512488190927
0.7975951903807614,0.32287324199796813,0.06592737966203857,300.65697482696,0.000018396410200434822,0.21710182332067782,-0.8130896832533702,0.5959878599327176,1.029825432836668,-1.8911318909977548,0.861306458161066,-0.9716357194653197,1.0683127568204116,-0.09667703735504198,2.7178604885529167,0.9995137907859502,0.7589093930686504,0.6,1.360453093699295,0.497735522443494,2.7178604188012456,0.999642331667507,0.6,2.0244057190943296
0.8016032064128256,0.32287354214196146,0.06592744813354115,302.16796130629507,0.00001742039578423572,0.8250543303234967,-0.2669602326713787,-0.5580940976521058,1.6478364577666094,-0.015920278820090096,-1.6319161789465526,-0.7294825531643785,-0.440396571184948,1.1698791243493698,2.717859995134121,0.999564122506109,0.7588721280561214,0.6,1.3604900353035434,0.4978178955089934,2.717857531886996,0.9996867687692508,0.6,2.0352989419102823
0.8056112224448897,0.32287382635808537,0.06592751302729791,303.67894778389393,0.000016496153190338886,-0.11846939356854982,0.7811767679775002,-0.662707374408921,-0.8328293703256134,1.8892285752142537,-1.0563992048886235,0.8844258838525755,-1.1209596158841897,0.23653373203162364,2.717858642056299,0.9996121280903468,0.7588365822617653,0.6,1.360523036014158,0.49789788425865755,2.7178545592652354,0.9997290617372265,0.6,2.0461921523143336
0.8096192384769538,0.32287409549070756,0.06592757453003559,305.18993425983666,0.00001562063001956073,-0.839218336999179,0.3603480903305438,0.4788702466686782,-1.7473997216719233,0.24177433031828627,1.5056253913536723,0.8352129050768013,0.3063872614964108,-1.1416001665732032,2.7178567152305293,0.9996578854966588,0.7588026986946507,0.6,1.3605522792565288,0.49797553983162496,2.7178510081550327,0.9997693166646827,0.6,2.057085350411477
0.813627254509018,0.32287435034208356,0.06592763281908937,306.7009207342449,0.000014792108641701124,0.01814338639050505,-0.7380993618645363,0.7199559754740552,0.6239306666964024,-1.8603247889684276,1.2363941222720123,-0.784576437811834,1.1575860207621187,-0.37300958295024444,2.7178540176668253,0.9997014762553338,0.7587704175327291,0.6,1.3605779419051092,0.49805091325917017,2.7178464015346844,0.9998075905454364,0.6,2.0679785315774324
0.8176352705410821,0.32287459166850807,0.06592768806251546,308.21190720716885,0.000014007299414695008,0.8413885412179145,-0.4485863602240337,-0.39280218099387393,1.8219895110951922,-0.46417300710948434,-1.357816503985745,-0.9290064342477046,-0.16799954777598972,1.0970059820237372,2.7178507338183624,0.9997429709996768,0.7587396871617298,0.6,1.3606001947944155,0.4981240589098349,2.7178419696633496,0.9998439486727053,0.6,2.078871694781675
0.8216432865731462,0.32287482018799957,0.06592774041923703,309.7228936786965,0.000013264118913471443,0.08244232880411075,0.6844730767764158,-0.7669154055805049,-0.4061148615936974,1.8048336169484016,-1.398718755354696,0.6735143803395431,-1.177668553322094,0.5041541729825603,2.7178469002149876,0.9997824463163881,0.7587104513425934,0.6,1.3606192029083037,0.4981950243224867,2.7178364637987573,0.9998784793904684,0.6,2.089764838305264
0.8256513026052104,0.32287503658012806,0.06592779004006488,311.2338801489021,0.000012560360718464977,-0.8315338667441898,0.5304139000797915,0.30111996666443697,-1.8705397982864655,0.6799378272934731,1.1906019709930307,1.0095227204798045,0.027211183027255694,-1.036733903507059,2.7178424386572475,0.9998199727968896,0.7586826583042315,0.6,1.3606351252108355,0.49826386190305294,2.7178307606918217,0.9999112244904989,0.6,2.1006579588620626
0.8296593186372745,0.32287524148840685,0.06592783706793387,312.74486661785596,0.00001189393355355086,-0.18185016773955134,-0.6210642970284136,0.8029144647679886,0.18249493470631334,-1.7235481241527153,1.5410531894463984,-0.552826954193073,1.1809202259612608,-0.6280932717681565,2.717837555564006,0.9998556181456556,0.7586562583849878,0.6,1.360648115255975,0.498330620612053,2.7178247618497307,0.999942267181008,0.6,2.111551056460018
0.8336673346693386,0.3228754355198376,0.06592788163877841,314.25585308563916,0.000011263221920769991,0.8097951034292797,-0.6046611922854713,-0.20513391114380536,1.8923567067487475,-0.8859851204891123,-1.0063715862596736,-1.0756110880354313,0.11396576835264091,0.9616453196828318,2.717832138618818,0.9998894529037047,0.7586311996361669,0.6,1.3606583209681582,0.4983953480330901,2.7178179751003197,0.999971664196257,0.6,2.1224441281170416
0.8376753507014028,0.3228756192581913,0.06592792387925595,315.76683955226844,0.000010665217863031842,0.2786593778662563,0.5487792250913175,-0.8274386029575611,0.04373318328324457,1.6176300213625097,-1.6613632046457552,0.4242389632301219,-1.1672945841220648,0.7430556208919524,2.7178262894228222,0.9999215396941126,0.7586074362750966,0.6,1.3606658849510285,0.4984580943751751,2.7178112938652133,0.9999994694676944,0.6,2.1333371727949317
0.8416833667334669,0.3228757932435746,0.06592796391316633,317.2778260178517,0.000010099338291963977,-0.7764828925477824,0.6702670540550236,0.1062158384927919,-1.887128430568958,1.0793701015906607,0.8077583289783355,1.1263270500257576,-0.25351368208241265,-0.8728133679433504,2.7178200652234374,0.9999519440068565,0.7585849199205309,0.6,1.3606709447252956,0.4985189049311586,2.7178039425648057,1.0000257574551656,0.6,2.1442301895733094
0.845691382765531,0.32287595799538027,0.06592800185498772,318.7888124824282,9.56347561748805e-6,-0.3714863441521128,-0.4686509293855469,0.8401372735376842,-0.26933628503355594,-1.4885930625543713,1.7579293475879325,-0.28958812373574266,1.136986371436118,-0.8473982477003527,2.717813401858272,0.9999807278481188,0.7585636050061771,0.6,1.3606736326137605,0.498577827543202,2.717796377369281,1.0000505696735575,0.6,2.155123176100213
0.8496993987975952,0.322876114003599,0.06592803781402931,320.29979894605157,9.05603817685682e-6,0.7320732917077808,-0.7262938112895558,-0.0057794804182238965,1.8549296792359848,-1.257328941183409,-0.5976007380526139,-1.1609458128008456,0.3894382152568301,0.7715075975440557,2.717806442898318,1.000007949909709,0.7585434483534741,0.6,1.36067407618523,0.4986349081853985,2.717788683319334,1.0000739721736718,0.6,2.1660161323485094
0.8537074148296593,0.3228762617322165,0.06592807189389119,321.8107854087721,8.575518545006437e-6,0.45900436391866545,0.38182457900602,-0.8408289429246794,0.4910900935962761,1.3382814114535224,-1.8293715050498087,0.1507988020078277,-1.090428747947977,0.9396299459401615,2.7177991304968714,1.000033670800295,0.7585244052690638,0.6,1.360672398181376,0.4986901910118118,2.717780436709744,1.0000960179181704,0.6,2.176909056493123
0.8577154308617234,0.32287640162193987,0.06592810419163506,323.32177187066776,8.121224042787532e-6,-0.6772009562618558,0.7719406873732876,-0.09473973111140369,-1.7962206353068724,1.417318291984222,0.3789023433226867,1.1789726223224033,-0.519796794893593,-0.65917582742882,2.717791517417553,1.000057945480909,0.7585064354335513,0.6,1.360668716707705,0.49874372199961814,2.7177722562684954,1.0001167526129706,0.6,2.187801947666224
0.8617234468937875,0.32287653408478034,0.06592813480348293,324.832758331693,7.689561735346949e-6,-0.5399626106526685,-0.28954107823986797,0.8295036888925609,-0.7058253450311759,-1.1688432918923417,1.874668636923532,-0.009854513525809168,1.0282871060708194,-1.0184325925449966,2.717783662918553,1.0000808298633779,0.7584894971678685,0.6,1.3606631454710905,0.4987955436468469,2.7177636844107167,1.000136238258174,0.6,2.19869480545169
0.8657314629258517,0.3228766595190511,0.06592816381481281,326.3437447919841,7.281559372279565e-6,0.6126501212525839,-0.8065552836204771,0.19390516236789332,1.7118403219536433,-1.557051583780603,-0.1547887381730751,-1.1801498847196041,0.6427264176889136,0.5374234670307274,2.7177755194106363,1.000102377806934,0.7584735511545266,0.6,1.3606557937177937,0.4988456995277156,2.7177549308836055,1.0001545142991903,0.6,2.2095876282714277
0.8697394789579158,0.3228767782959866,0.06592819130990776,327.8547312515493,6.895195088591047e-6,0.6132040065589635,0.1931193265680573,-0.8063233331270212,0.910473077749667,0.982700272030728,-1.8931733497804135,-0.1312304260257365,-0.9514495505011371,1.0826799765268882,2.7177671840163495,1.0001226399885574,0.7584585598667132,0.6,1.3606467665547661,0.49889423219719686,2.71774614886546,1.0001716338533773,0.6,2.2204804161251253
0.8737474949899798,0.32287689076891785,0.06592821736801083,329.36571771042696,6.529324222884052e-6,-0.5393432872350002,0.8296428342672808,-0.29029954703225813,-1.6029947023623592,1.6745317887801323,-0.0715370864177406,1.164460749974613,-0.7564702051177579,-0.4079905448568671,2.7177586317643114,1.000141668182155,0.7584444850437194,0.6,1.3606361649622158,0.4989411823596633,2.7177370058260495,1.0001876444319904,0.6,2.231373167989592
0.877755511022044,0.32287699727238356,0.06592824206420986,330.8767041686538,6.182860716512749e-6,-0.6776817647188632,-0.09393737304243457,0.7716191377613225,-1.1021084985598046,-0.7825126719163008,1.8846211704761278,0.2704396860425221,0.8610142198236987,-1.1314539058662152,2.7177498879154505,1.000159510153975,0.7584312914170039,0.6,1.3606240859184227,0.49898659183711563,2.717727914496627,1.0002025852956735,0.6,2.2422658832408575
0.8817635270541081,0.3228770981179162,0.06592826546845496,332.3876906262876,5.855349944925229e-6,0.45832815446125336,-0.8408733674392308,0.3825452129779785,1.4712393733814495,-1.7680798975075964,0.2968405241261173,-1.1321294665741541,0.8594025946139271,0.27272687196026046,2.7177410049431145,1.000176213526019,0.758418943569638,0.6,1.3606106226143713,0.4990304999897746,2.717718619594756,1.000216507639337,0.6,2.253158561787143
0.8857715430861722,0.3228771936207875,0.06592828765147209,333.8986770832871,5.543990047063736e-6,0.7324743519464131,-0.006587280966657293,-0.725887070979761,1.2779927883761126,0.5711415395198722,-1.8491343278960108,-0.40578374111402293,-0.7582735918243894,1.1640573329384303,2.717731950407563,1.0001918246187014,0.7584074078837092,0.6,1.3605958644351956,0.4990729463772272,2.7177091978950307,1.0002294476878775,0.6,2.2640512026647777
0.8897795591182364,0.32287728405037214,0.0659283086743373,335.40966353976427,5.249871307516797e-6,-0.37076254748591514,0.8400863089355506,-0.46932376144961857,-1.318457351560184,1.836358919341843,-0.517901567781632,1.0836180984739525,-0.9500524991882923,-0.1335655992856729,2.7177227880556876,1.00020638697843,0.7583966515187036,0.6,1.3605798971930383,0.4991139699433732,2.7176998075750425,1.000241448723557,0.6,2.274943805937421
0.8937875751503005,0.3228773696802243,0.06592832859839497,336.920649995716,4.971299203434846e-6,-0.7767986562633084,0.10701794391667828,0.6697807123466548,-1.435612241142655,-0.35160775299922875,1.7872199941419131,0.5353283048207433,0.6446960056212886,-1.180024310442034,2.7177135116082,1.0002199445827096,0.7583866421286595,0.6,1.3605628031854597,0.4991536079544,2.7176902065348294,1.0002525521474692,0.6,2.285836371132696
0.8977955911823646,0.3228774507651625,0.06592834748108005,338.43163645117204,4.7075016576232695e-6,0.2778979637510598,-0.8272929293815455,0.5493949656304882,1.1468321779385269,-1.8783930415691945,0.7315608636306441,-1.0196199750188426,1.027124410651033,-0.007504435632161244,2.7177041316702555,1.000232538570598,0.7583773492664792,0.6,1.3605446612845635,0.49919189822468635,2.7176806578754915,1.000262791850923,0.6,2.296728897882717
0.9018036072144288,0.3228775275463906,0.0659283653768148,339.94262290615876,4.457697003953959e-6,0.8100211784251742,-0.20591926600608113,-0.6041019124191017,1.5727141873195227,0.12704884868754185,-1.6997630360070966,-0.65722197352506,-0.5219046778947383,1.1791266514198193,2.717694690711305,1.0002442093540398,0.7583687430010292,0.6,1.3605255471202746,0.49922887681807426,2.7176710325503692,1.0002722098521997,0.6,2.3076213863083677
0.9058116232464929,0.3228776002523168,0.06592838233717885,341.4536093607011,4.22114353897276e-6,-0.18106159999027288,0.8026760352087245,-0.6216144352184407,-0.9588166832503353,1.8935815111926915,-0.9347648279423366,0.9410497371208278,-1.089516840809058,0.1484671036882183,2.7176851683172645,1.0002549964440675,0.7583607940504014,0.6,1.3605055330935922,0.499264579491975,2.717661337623552,1.0002808387508928,0.6,2.318513835915604
0.909819639278557,0.3228776690985079,0.06592839841099882,342.96459581482435,3.997174497649467e-6,-0.8316670853071304,0.30187775350652857,0.5297893318006255,-1.687339187530117,0.09932581854807399,1.5880133689820772,0.769722684952552,0.3916545050906936,-1.1613771900432548,2.71767560522547,1.0002649370215906,0.7583534748661748,0.6,1.3604846885469724,0.49929904157064536,2.7176517127650297,1.0002887138795669,0.6,2.3294062468523955
0.9138276553106212,0.32287773429155975,0.06592841364445103,344.4755822685445,3.784980848845683e-6,0.08163742788497007,-0.7665874296755163,0.6849500017905502,0.757097948037187,-1.8817072523579723,1.1246093043207697,-0.8490302892472582,1.1363381003414863,-0.28730781109420483,2.717666004580005,1.0002740682498152,0.7583467578876891,0.6,1.3604630798434747,0.4993322969221955,2.7176419887866716,1.0002958707047989,0.6,2.3402986190191006
0.9178356713426853,0.3228777960240251,0.06592842808195978,345.9865687218909,3.584130463099522e-6,0.8414269973319711,-0.3935219712037064,-0.4479050261282765,1.7778490378074856,-0.3242809445653321,-1.45356809324219,-0.8712226152289961,-0.25580698384205586,1.127029599071075,2.7176563696507334,1.0002824252462648,0.7583406170655996,0.6,1.3604407704364132,0.49936437955956214,2.7176323282091817,1.0003023383956102,0.6,2.3511909522804912
0.9218436873747494,0.3228778544800808,0.06592844176489963,347.49755517487995,3.3939358560096798e-6,0.018953593971436384,0.7195428718416259,-0.7384964658130583,-0.5445588992652471,1.8429399668399047,-1.2983810675746463,0.7448767494522457,-1.1669190380431065,0.42204228859085036,2.717646733043733,1.000290042154126,0.7583350270770818,0.6,1.3604178210218578,0.4993953222122234,2.717622673994566,1.0003081514059113,0.6,2.36208324690413
0.9258517034068136,0.3228779098335325,0.06592845473267603,349.0085416275309,3.2138323412243125e-6,-0.8391614125067275,0.4795421420633325,0.3596192704434169,-1.84295018917936,0.5446015090492171,1.2983486801301805,0.9602711624946016,0.11630360980334349,-1.07657477229796,2.7176370826810468,1.0002969524109289,0.7583299630943193,0.6,1.3603942895715755,0.49942515705220647,2.7176130033523935,1.0003133382904617,0.6,2.372975502739705
0.9298597194388777,0.3228779622487873,0.06592846702257443,350.51952807986146,3.043281378854671e-6,-0.11927382921721028,-0.6622147040446391,0.7814885332618557,0.32423710632517877,-1.777833706535504,1.4535966002103184,-0.6300776530535839,1.180822603474434,-0.5507449504208334,2.717627444025842,1.0003031875525663,0.7583254017000592,0.6,1.3603702314606145,0.49945391587410276,2.717603427657356,1.0003179281491985,0.6,2.383867720024973
0.9338677354709418,0.3228780118808769,0.06592847866944859,352.0305145319116,2.882345767675511e-6,0.8249026893067514,-0.5587088646688452,-0.2661938246379193,1.8817122129554216,-0.7571387272737143,-1.124573485681746,-1.0355956649691287,0.02486187408780475,1.010733790881349,2.717617824091934,1.0003087788065645,0.7583213196959268,0.6,1.360345699551573,0.4994816292438839,2.7175938342461996,1.000321950867014,0.6,2.3947598989089385
0.937875751503006,0.3228780588798137,0.0659284897082691,353.54150098362675,2.7287994492213247e-6,0.21788950947300859,0.595422239326821,-0.8133117487998304,-0.09928136834522444,1.6873189464088678,-1.5880375780636415,0.5062736766258815,-1.1778500873677542,0.6715764107418662,2.7176082228831886,1.0003137558997364,0.7583176949975045,0.6,1.3603207442539174,0.4995083275949162,2.7175843180827934,1.0003254314273426,0.6,2.4056520394523546
0.9418837675350701,0.3228781033834994,0.06592850016983942,355.0524874350952,2.583995243813204e-6,-0.7988546006405477,0.6298906860526314,0.1689639145879361,-1.8935811236045337,0.9588550462388917,0.9347260773656807,1.0961196093088565,-0.1656719662243753,-0.9304476430844998,2.7175986641146466,1.0003181475253267,0.7583145062795251,0.6,1.3602954136480903,0.49953404039107224,2.7175748624775053,1.00032839797528,0.6,2.416544142021101
0.9458917835671342,0.3228781455248339,0.06592851008451377,356.5634738863058,2.446868701802893e-6,-0.3133912273565555,-0.5201200623176234,0.8335112896741884,-0.1270932829017701,-1.5726893139405111,1.6997825968422837,-0.375234199877386,1.1580439803235476,-0.7828097804461501,2.7175891415302575,1.0003219817646745,0.7583117326639028,0.6,1.3602697535301378,0.499558796431909,2.717565435137951,1.0003308750982998,0.6,2.4274362067139497
0.9498997995991983,0.32287818542921426,0.06592851948087818,358.0744603372724,2.3170142199286277e-6,0.7613894141909905,-0.6920702794041562,-0.06931913478684673,1.8783873027783093,-1.1468675773672008,-0.7315197254111467,-1.1409780079009826,0.30411424410507704,0.8368637637959321,2.717579670308635,1.0003252851780098,0.7583093544031492,0.6,1.360243807508907,0.49958262414184545,2.7175561184735524,1.0003328867924488,0.6,2.4383282338481047
0.9539078156312625,0.32287822321537274,0.06592852838602685,359.5854467880081,2.194046449353294e-6,0.4044140805314164,0.4373843772181538,-0.8417984577495754,0.3516515396371888,1.4355830791528201,-1.787234618790016,0.238832008827086,-1.121687352548069,0.8828553437209812,2.717570258374099,1.0003280838452215,0.7583073520948369,0.6,1.3602176170874023,0.49960555092287734,2.7175468414711017,1.0003344579340563,0.6,2.4492202237363636
0.9579158316633266,0.322878258996963,0.0659285368241411,361.0964332385034,2.077052001138906e-6,-0.7130425748243011,0.7443589790267212,-0.03131640420240259,-1.8363479052446856,1.3184892850643066,0.5178586201804164,1.1695297647201306,-0.43821012888133476,-0.7313196358388168,2.7175609044213473,1.0003304027206088,0.7583057074577609,0.6,1.3601912217155927,0.4996276038689335,2.7175376560157485,1.0003356096869713,0.6,2.460112176592658
0.9619238476953907,0.3228782928763741,0.06592854482369552,362.6074196888326,1.967281305495789e-6,-0.4896571781347325,-0.3483976270267629,0.8380548051615081,-0.5711840550283497,-1.2779597409751426,1.849143796003504,-0.0990165311950468,1.069299808303994,-0.9702832771089428,2.717551625136375,1.0003322657675218,0.7583044018003803,0.6,1.3601646588909881,0.49964880930923017,2.717528565061083,1.0003363651597754,0.6,2.471004092851769
0.9659318637274549,0.3228783249589726,0.06592855240401384,364.1184061389471,1.8628891201662915e-6,0.6545050266720731,-0.7860094586313671,0.13150443195928302,1.7680637296038726,-1.4712673605069824,-0.2967963690969264,-1.1813668173723266,0.5660431475943414,0.6153236697780118,2.717542417503194,1.0003336963960436,0.7583034185483779,0.6,1.360137964207471,0.49966919289022177,2.7175195368650313,1.000336744998249,0.6,2.481895972780973
0.969939879759519,0.3228783553384998,0.06592855958803438,365.6293925888753,1.7640241742005412e-6,0.5679022324153418,0.2544315943820546,-0.8223338267974057,0.7825533090753972,1.1020720231464642,-1.8846253322218773,-0.04221402341189331,-1.001630060073555,1.0438440834854519,2.717533290394694,1.0003347167964014,0.7583027408944458,0.6,1.3601111714319452,0.49968877987200866,2.717510630209615,1.0003367690369454,0.6,2.492787816766515
0.9739478957915831,0.3228783841053944,0.06592856639648619,367.1403790386276,1.6704030312958307e-6,-0.5866133880658729,0.8164264624405317,-0.22981307437464507,-1.6745106994934151,1.6030183462912362,0.07149235320221305,1.1763200060375247,-0.6857863498509512,-0.4905336561865956,2.7175242508629274,1.0003353486133193,0.7583023527154018,0.6,1.3600843125781135,0.49970759465742715,2.717501800937345,1.0003364577779474,0.6,2.5036796252234654
0.9779559118236472,0.3228784113452611,0.06592857284900172,368.6513654882134,1.5817455317925902e-6,-0.6380309698456444,-0.1568292259084187,0.7948601957540778,-0.9827384480155743,-0.9104336796338854,1.8931721276494797,0.18284122050720958,0.9196452288368743,-1.1024864493440856,2.7175152972697,1.0003356126128775,0.7583022385392939,0.6,1.360057417954442,0.49972566125148393,2.7174930761171976,1.0003358290429232,0.6,2.514571398478804
0.9819639278557113,0.3228784371434951,0.0659285789612562,370.1623519376823,1.4988015646766829e-6,0.5103379349993142,-0.8351752505899976,0.32483731559067486,1.5570258591051316,-1.7118592875331986,0.15483342842803555,-1.1544614467270395,0.7957283795101222,0.3587330672169431,2.7175064408271137,1.0003355286735287,0.7583023837779825,0.6,1.360030516245557,0.4997430030235064,2.717484465586774,1.0003349014461334,0.6,2.5254631370117893
0.9859719438877754,0.3228784615637633,0.0659285847594987,371.67333838691883,1.4182487573860113e-6,0.699041115622599,0.056985440007480834,-0.756026555630092,1.1688784609903986,0.705783573228933,-1.8746620342193554,-0.32085524788203706,-0.8245170263815144,1.1453722742635601,2.7174976804501267,1.000335116149723,0.7583027733423687,0.6,1.360003634561162,0.4997596426941529,2.717475943710735,1.000333692462869,0.6,2.5363548412024706
0.9899799599198396,0.3228784846922386,0.06592859025211904,373.1843248360568,1.3429820996034852e-6,-0.42676881468637146,0.8419878951216466,-0.41521908043526445,-1.4172882515318854,1.7962345979520875,-0.3789463464201733,1.1161035675920687,-0.8942980045039309,-0.22180556308815813,2.7174890207592455,1.0003343934370366,0.7583033941707397,0.6,1.3599767984974922,0.49977560258048903,2.7174675488198,1.0003322182192704,0.6,2.5472465114862275
0.9939879759519037,0.32287850659279893,0.06592859545757157,374.6953112850609,1.2717096809838457e-6,-0.7500607137449682,0.04367281158094045,0.706387902164045,-1.3383130620171646,-0.4910465240434714,1.8293595860606633,0.4542836383335644,0.7176050019674018,-1.1718886403009736,2.7174804674966935,1.0003333783608146,0.7583042327480817,0.6,1.3599500322022344,0.49979090428569883,2.717459256325054,1.000330495478401,0.6,2.558138148340111
0.9979959919839678,0.32287852733067657,0.06592860039083874,376.20629773393796,1.2042151430905872e-6,0.33710034610936496,-0.8367669859390454,0.49966663982967535,1.2572950030873515,-1.8549384378201412,0.597643434732764,-1.0617945379014584,0.980086450516618,0.08170808738486368,2.7174720190335977,1.0003320880542548,0.7583052762932203,0.6,1.359923358418289,0.4998055689672763,2.7174510770152476,1.0003285390750585,0.6,2.569029752169229
1.002004008016032,0.32287854696759033,0.06592860506615411,377.7172841826947,1.1403011404165088e-6,0.7903605916970364,-0.14370693398574017,-0.6466536577113112,1.4886207148480681,0.2692915182965564,-1.7579122331446548,-0.5812194594239635,-0.6004371201635624,1.1816565795875387,2.7174636824078195,1.000330538872899,0.7583065126046374,0.6,1.359896798549317,0.49981961724481155,2.717443023529425,1.0003263640654516,0.6,2.579921323477288
1.006012024048096,0.3228785655619878,0.06592860949700413,379.22827063133803,1.0797771228271046e-6,-0.24261406885085818,0.819587147271309,-0.5769730784204454,-1.079332704686583,1.8871318077592605,-0.8077991030726552,0.9923105450527268,-1.0518676605273058,0.05955711547455939,2.7174554574887977,1.000328746691595,0.758307929834957,0.6,1.3598703727063566,0.4998330691345113,2.7174350749691607,1.0003239847642809,0.6,2.590812862714045
1.0100200400801602,0.3228785831686322,0.06592861369589842,380.7392570798772,1.0225459976983067e-6,-0.8193647873193954,0.24168725312072614,0.5776775341986865,-1.6176532513855766,-0.04368784411793058,1.6613410955035401,0.6998485719299636,0.47468792444553953,-1.174536496375517,2.71744734631086,1.0003267266131466,0.758309516716082,0.6,1.3598440997579235,0.4998459442523289,2.717427256622811,1.0003214144087527,0.6,2.6017043703481333
1.0140280561122244,0.32287859984129713,0.06592861767544533,382.25024352830565,9.681520873759963e-7,0.14466036670825855,-0.7906939086751844,0.6460335419669233,0.8859447672081204,-1.8923546104364837,1.0064098432283453,-0.9086446447820568,1.1086157561053795,-0.1999711113233037,2.7174393529925314,1.0003244932050515,0.75831126236313,0.6,1.359817997385871,0.49985826160464897,2.71741955422204,1.0003186665275976,0.6,2.612595846887665
1.0180360721442885,0.32287861562863684,0.06592862144699023,383.76122997664334,9.167738345170281e-7,0.8366587741366818,-0.3362134472198817,-0.5004453269168168,1.7235665632775825,-0.1825402086799177,-1.5410263545976997,-0.8084755546220803,-0.3421545991172735,1.1506301537393708,2.7174314760047955,1.0003220604645244,0.7583131563323745,0.6,1.3597920821247143,0.4998700397515753,2.717411971450361,1.0003157532894966,0.6,2.623487292785837
1.0220440881763526,0.3228786305778311,0.065928625021318,385.27221642488934,8.681153773135546e-7,-0.044639178613862664,0.7505002051992824,-0.7058610265854175,-0.6798950590873091,1.870532205089275,-1.1906371460019525,0.8119925758220173,-1.1495197080207493,0.33752713219871633,2.717423719550977,1.0003194417308103,0.7583151886611823,0.6,1.3597663694151494,0.4998812967763817,2.7174045187799356,1.00031268680868,0.6,2.6343787085584336
1.0260521042084167,0.32287864473338124,0.06592862840874386,386.78320287304877,8.220349483724793e-7,-0.8419953861978676,0.4259345620440196,0.41606082415386586,-1.804846957518278,0.4061594282518151,1.3986875292664989,0.9055479344504924,0.20473128410858993,-1.1102792185591006,2.7174160835559453,1.0003166499037828,0.7583173497134487,0.6,1.3597408736459957,0.49989205022140815,2.7173971808884567,1.000309478700094,0.6,2.645270094689922
1.0300601202404809,0.32287865813742606,0.0659286316190455,388.29418932112605,7.783966738704686e-7,-0.05602000856765787,-0.6995804756862007,0.7556004842538601,0.46412840666971433,-1.8219764738095316,1.3578480671398079,-0.7037356710911576,1.1739949267815069,-0.470259255690334,2.71740856861824,1.0003136972601494,0.7583196303179448,0.6,1.3597156081961619,0.49990231723694706,2.7173899734324323,1.000306139679264,0.6,2.656161451668021
1.034068136272545,0.3228786708292628,0.06592863466051331,389.8051757691158,7.368155542654825e-7,0.8352983513794493,-0.5095683176897129,-0.3257300336897536,1.860332789484401,-0.6239738897879274,-1.2363588996965116,-0.9896783741904938,-0.06438200497467433,1.0540603791651881,2.717401177335821,1.0003105955914393,0.7583220216998033,0.6,1.359690585481621,0.49991211445054373,2.717382888751024,1.0003026805582789,0.6,2.6670527800106614
1.0380761523046091,0.32287868284810706,0.06592863754452051,391.31616221705036,6.978990175524265e-7,0.155878589422298,0.6386624531862538,-0.7945410426085548,-0.24172850866224954,1.7473813642477531,-1.5056528555854984,0.5854211166534585,-1.1816916172381244,0.5962705005846543,2.7173939082798673,1.0003073562174267,0.7583245152936104,0.6,1.359665816990694,0.4999214580580172,2.717375925719862,1.0002991112358683,0.6,2.677944080196233
1.0420841683366733,0.3228786942287224,0.06592864027716235,392.8271486649074,6.60859552844877e-7,-0.8166633720399438,0.5859194239608895,0.23074394807907067,-1.8892310563379902,0.8328706191919023,1.0563604371461262,1.059664493428591,-0.0768873906996508,-0.9827771027289619,2.717386763482624,1.0003039899047557,0.758327103156459,0.6,1.359641313327285,0.4999303638340428,2.7173690932955767,1.0002954413180496,0.6,2.688835352737983
1.0460921843687374,0.3228787050052981,0.0659286428669697,394.3381351126984,6.257825490742123e-7,-0.2535093999935048,-0.5686167655632983,0.8221261655568084,0.015873866107078978,-1.647812974827439,1.6319391087203596,-0.45873984123517303,1.1724997795265566,-0.7137599382913742,2.7173797429385727,1.00030050702418,0.7583297775059555,0.6,1.35961708424843,0.499938847069005,2.7173623801498357,1.0002916801418666,0.6,2.6997265981355643
1.0501002004008015,0.3228787152100077,0.06592864532144731,395.84912156042725,5.925683565743088e-7,0.7863567814669457,-0.6538966890501661,-0.132460092416797,1.8911287584230247,-1.029864108074552,-0.8612646503485113,-1.1145060710590884,0.21705791111093212,0.8974481599481778,2.7173728461001088,1.0002969174478515,0.7583325309641147,0.6,1.3595931386990048,0.499946922678599,2.717355794782532,1.000287836269379,0.6,2.7106178168790476
1.0541082164328657,0.3228787248728526,0.06592864764753843,397.3601080080972,5.611090065516017e-7,0.34751711560058823,0.49044449368899623,-0.8379616092895925,0.2102076449088906,1.5246943218619602,-1.7349019667708554,0.3255023505348875,-1.146550784099364,0.8210484335644689,2.7173660744394144,1.0002932306132681,0.7583353564617844,0.6,1.359569484851216,0.49995460512977447,2.717349334033611,1.000283918257125,0.6,2.7215090094826158
1.0581162324649298,0.3228787340200075,0.06592864985173114,398.8710944556777,5.304891532889114e-7,-0.7448117031161139,0.7125285801938234,0.03228312292230464,-1.86599875487554,1.212138947058857,0.6538598078167207,1.1534193134155546,-0.3541262630097589,-0.7992930504058199,2.7173594265009755,1.0002894555677677,0.7583382473066965,0.6,1.3595461301355583,0.4999619084833987,2.717342994509993,1.0002799339878332,0.6,2.732400176430826
1.062124248496994,0.32287874268609695,0.06592865194074984,400.38208090326924,5.03062556871065e-7,-0.4365581890409526,-0.4052628580182217,0.8418210470591827,-0.43328490363338745,-1.3797849843520293,1.8130698879854257,-0.18761284780091048,1.1042154809714249,-0.9166026331705112,2.717352902982661,1.0002856008988386,0.7583411968557572,0.6,1.3595230812762404,0.49996884642272976,2.7173367823390033,1.000275891095619,0.6,2.7432913182270435
1.066132264529058,0.32287875088997786,0.06592865392064987,401.89306735078003,4.763657356039848e-7,0.6926219017054174,-0.7609771481297266,0.068355246424295,1.8142002116079905,-1.3770901009891996,-0.4371101106188279,-1.1758480800375672,0.48613349054416766,0.6897145894934232,2.7173465034329416,1.000281674845258,0.7583441991646244,0.6,1.3595003443233147,0.4999754322055147,2.7173306897728824,1.0002717968879562,0.6,2.754182435365658
1.0701402805611222,0.32287875865821447,0.06592865579698494,403.4040537982431,4.5108174381329833e-7,0.5193600586317083,0.31428926273760044,-0.8336493213693199,0.6501697257215842,1.2151559896162252,-1.8653257153378224,0.0470420273890802,-1.0460989241410201,0.9990568967519385,2.71734022692016,1.000277685237721,0.758347248303488,0.6,1.3594779246822604,0.49998167873822724,2.717324721258993,1.0002676581485117,0.6,2.765073528331537
1.0741482965931863,0.32287876601396226,0.06592865757517574,404.91504024566115,4.2713610658375945e-7,-0.630533256192732,0.798549962752033,-0.1680167065592882,-1.736473419391431,1.5223601103702302,0.2141133090212363,1.1814718276182032,-0.6111929701613464,-0.5702788574568816,2.717334073815206,1.0002736395384266,0.7583503386894961,0.6,1.359455827146429,0.4999875985344978,2.7173188745503842,1.0002634815526952,0.6,2.775964597622662
1.0781563126252505,0.3228787729791256,0.06592865926035898,406.4260266930364,4.0445869810167423e-7,-0.5947393330200612,-0.21882388858283347,0.8135632216029062,-0.8577624306274176,-1.0331601914367419,1.8909226220641768,0.09420109740625925,0.9730317085995603,-1.067232806005822,2.7173280426656548,1.0002695448762289,0.7583534649884053,0.6,1.3594340559239062,0.49999320374146194,2.7173131465961844,1.0002592732953546,0.6,2.7868556437164487
1.0821643286573146,0.3228787795657508,0.06592866085925246,407.9370131403247,3.818070451217092e-7,0.5594330757610164,-0.8247099778965605,0.2652769021355323,1.6339291591265694,-1.6458727229064944,0.011943563779891891,-1.1702101222152481,0.7275173320616072,0.44269279015366436,2.7173221332237225,1.000265408004054,0.7583566217460793,0.6,1.359412614666607,0.4999985061641,2.717307541069377,1.0002550393527376,0.6,2.797746667098174
1.0861723446893787,0.32287878581916485,0.06592866237059052,409.4479995876666,3.626069383588874e-7,0.6616187035087318,0.12023111090986052,-0.781849814418606,1.053096140127439,0.8363986439887037,-1.889494784116164,-0.234097906015601,-0.8860580993977732,1.1201560054133788,2.717316344792187,1.0002612353732832,0.7583598053411512,0.6,1.359391506497582,0.5000035172334373,2.717302052054716,1.0002507852130118,0.6,2.8086376682479277
1.0901803607214429,0.3228787917327456,0.06592866380496756,410.95898603492725,3.4335635050945667e-7,-0.4803376765720737,0.8390835121465131,-0.3587458355744301,-1.5080332294509957,1.7458629684199043,-0.23782973896887788,1.142224104816987,-0.8334442234555446,-0.3087798813614664,2.717310675945112,1.000257033102797,0.7583630099810375,0.6,1.359370734035684,0.5000082480586696,2.7172966813278085,1.0002465163431553,0.6,2.819528647633249
1.094188376753507,0.3228787973323186,0.06592866516434659,412.469972482154,3.2513308812693824e-7,-0.7190423400357022,-0.019920001028194793,0.7389623410639106,-1.233379178875355,-0.6276834287183517,1.8610626075937318,0.3706490192915409,0.7864211076472629,-1.1570701269388124,2.7173051264575134,1.0002528069953516,0.7583662317324444,0.6,1.3593502994224171,0.5000127094075916,2.7172914282834255,1.000242237786248,0.6,2.830419605730748
1.0981963927855711,0.3228788026345936,0.06592866645263064,413.9809589293481,3.078723636212947e-7,0.3943773108012753,-0.8414649450316761,0.4470876342303916,1.3605846591412663,-1.8209015528310226,0.46031689368972845,-1.0979135567764513,0.9274596240134064,0.17045393276306578,2.7172996948005657,1.0002485625805573,0.7583694664543419,0.6,1.3593302043449385,0.5000169117135668,2.717286288685805,1.000237954330012,0.6,2.841310543000864
1.1022044088176353,0.3228788076553653,0.06592866767354275,415.49194537651147,2.915241933259004e-7,0.7661895513563662,-0.08067581141896524,-0.685513739937418,1.3960349710733002,0.4099974667438668,-1.8060324378171957,-0.5019028733773538,-0.6755447262754548,1.1774475996528178,2.717294380029358,1.0002443050772853,0.7583727102403595,0.6,1.3593104500596158,0.500020865108043,2.7172812651457203,1.0002336704566572,0.6,2.8522014599039887
1.1062124248496994,0.3228788124095932,0.06592866883060995,417.0029318236456,2.760391373112554e-7,-0.30278056366017314,0.8318203035084967,-0.5290397398483182,-1.1936908398270394,1.8699161172919658,-0.676225277464902,1.0379118180972453,-1.0082199254525956,-0.029691892644671473,2.7172891812632214,1.0002400394448197,0.7583759593780957,0.6,1.3592910374152516,0.500024579393738,2.717276353441492,1.0002293905183879,0.6,2.863092356898533
1.1102204408817635,0.322878816911156,0.06592866992687006,418.5139182707499,2.613117032163665e-7,-0.8023865169344663,0.18011862807270854,0.6222678888617731,-1.538738868638977,-0.186451888628239,1.7251907572672474,0.6259836123991619,0.555013580988608,-1.1809971933877834,2.7172840968574823,1.0002357703753348,0.7583792103692818,0.6,1.3592719668734619,0.5000280640806779,2.7172715534220555,1.0002251184906203,0.6,2.8739832344294474
1.1142284569138277,0.3228788211744749,0.0659286709662998,420.02490471783165,2.474637595211294e-7,0.20685652168209623,-0.8102874291548331,0.603430907472732,1.0097369940316514,-1.8922061606463298,0.8824691666146578,-0.9630764271502859,1.0745709199686464,-0.11149449281834148,2.717279126004333,1.0002315022978785,0.7583824598745853,0.6,1.3592532385307512,0.5000313283795832,2.7172668641422937,1.0002208582240106,0.6,2.884874092945467
1.1182364729458918,0.3228788252111805,0.06592867195128281,421.5358911648881,2.3433422681658866e-7,0.8271159111907097,-0.27698722600999004,-0.5501286851807365,1.6594513668893036,-0.03975842983136178,-1.6196929370579756,-0.7411178942753861,-0.4265502810191578,1.1676681752945584,2.7172742671512626,1.000227239408324,0.7583857047604129,0.6,1.359234852137755,0.500034381208037,2.717262282858539,1.000216613301064,0.6,2.895764932883224
1.122244488977956,0.3228788290334679,0.06592867288471708,423.04687761192093,2.2189660508044212e-7,-0.10797611294810612,0.7771740575829814,-0.6691979446348745,-0.8113521491802397,1.8874530997409098,-1.0761009505606538,0.874476909275584,-1.125564321342503,0.25108741206690033,2.717269519053358,1.0002229856547815,0.7583889420682938,0.6,1.3592168071187831,0.5000372312088175,2.717257809832341,1.000212387079243,0.6,2.906655754676444
1.12625250501002,0.3228788326527288,0.0659286737693003,424.55786405893156,2.1011530138388807e-7,-0.8400243024252328,0.36989717491530866,0.4701271275099406,-1.7564472560884477,0.2654005279917867,1.4910467280966968,0.8456602372486606,0.29199079971301506,-1.1376510369616943,2.7172648804368036,1.0002187447659838,0.7583921690070515,0.6,1.3591991025906383,0.5000398867416579,2.7172534422242864,1.000208182760234,0.6,2.917546558753984
1.130260521042084,0.3228788360797495,0.06592867460759307,426.0688505059211,1.9895659589339367e-7,0.007552521790179808,-0.7329534412893824,0.7254009194992016,0.601371593368914,-1.8557248694209096,1.2543532760519835,-0.7733795172188667,1.1604713432277394,-0.3870918260088577,2.7172603497023466,1.0002145202509842,0.7583953829500246,0.6,1.3591817373799198,0.5000423559032373,2.7172491791238937,1.0002040032899508,0.6,2.9284373455353396
1.134268537074148,0.32287883932394834,0.06592867540131989,427.57983695288186,1.8815696512255353e-7,0.8409272069146954,-0.45752061957827095,-0.3834065873364425,1.8283402924499434,-0.487249565154116,-1.3410907272958643,-0.9381165420133655,-0.1532582411919616,1.0913747832053453,2.71725592563036,1.0002103154043422,0.75839858144869,0.6,1.359164710040702,0.500044646528068,2.717245019519513,1.0001998514634203,0.6,2.939328115438232
1.1382765531062122,0.32287884239700243,0.06592867615454642,429.0908233998401,1.7833884749644616e-7,0.09297901354002325,0.6782575759232382,-0.7712365894632645,-0.38279633680414826,1.7974749302005038,-1.4146785933963477,0.661229120661499,-1.1787931042366577,0.5175639835751445,2.7172516066454393,1.0002061333285224,0.7584017621302728,0.6,1.3591480188707759,0.5000467661909535,2.7172409603598515,1.0001957299077913,0.6,2.950218868871479
1.1422845691382764,0.32287884530647376,0.06592867686804871,430.6018098467735,1.6887596016432502e-7,-0.8298117238042296,0.5386052622208295,0.29120646158341623,-1.8741029965949068,0.7021349112300095,1.1719680853649352,1.017165441850076,0.01233534701348436,-1.029500788863582,2.717247391198052,1.0002019769232875,0.7584049228738421,0.6,1.3591316619272082,0.5000487222269006,2.7172370019557643,1.0001916410090255,0.6,2.9611096062373865
1.1462925851703405,0.32287884806141814,0.06592867754421525,432.1127962936899,1.5991071102427635e-7,-0.19218171305950282,-0.613868166336358,0.8060498793958643,0.15875022075954132,-1.7135357835947906,1.5547855628352463,-0.5396285548396884,1.1802677553780458,-0.6406392005383472,2.7172432780173437,1.0001978489066439,0.7584080616302753,0.6,1.35911563704221,0.5000505217210786,2.71723314162153,1.0001875870750498,0.6,2.972000327935891
1.1503006012024046,0.32287885067005795,0.06592867818500273,433.62378274059023,1.514179363705836e-7,0.8068367118760574,-0.6119922532624557,-0.19484445861361893,1.8930813384204825,-0.9069854641245751,-0.9860958742959463,-1.0816771848886155,0.128763836919416,0.9529133479692211,2.7172392652834643,1.0001937518222488,0.7584111764965399,0.6,1.3590999418369354,0.5000521715261622,2.7172293776802188,1.0001835701836186,0.6,2.9828910343550126
1.1543086172344688,0.32287885314017073,0.06592867879226803,435.1347691874753,1.433731182056948e-7,0.28863778857147054,0.5407054548056208,-0.8293432433770966,0.06756472644601787,1.6051070740739868,-1.6726718005200059,0.41031571373155595,-1.1648742220103838,0.7545585082788194,2.7172353516766674,1.000189688033744,0.7584142657045793,0.6,1.359084573736022,0.5000536782680084,2.7172257096675274,1.0001795922905412,0.6,2.9937817258813726
1.158316633266533,0.32287885547636813,0.06592867936822049,436.64575563435966,1.3608299143533855e-7,-0.7723305167827208,0.6766327493165921,0.0956977674661447,-1.8850040780346489,1.0988735304660686,0.7861305475686184,1.1307297764399216,-0.2680227423221646,-0.8627070341177795,2.7172315355526004,1.0001856597506356,0.7584173275564983,0.6,1.3590695299808275,0.5000550483431377,2.7172221346462555,1.0001756552223002,0.6,3.0046724028927647
1.162324649298597,0.32287885769350366,0.065928679912831,438.1567420812018,1.2849145447984587e-7,-0.38096870579033754,-0.459815069450691,0.840783775241036,-0.29291405074683924,-1.4737384444625592,1.766652495209404,-0.2751387131786648,1.1328325049276637,-0.8576937917489935,2.717227815327044,1.0001816690202843,0.7584203606594403,0.6,1.3590548076421558,0.5000562879359285,2.717218651737186,1.0001717606057525,0.6,3.0155630657606936
1.1663326653306612,0.3228788597907208,0.06592868042975415,439.6677285280466,1.2167472681685882e-7,0.7267863207954512,-0.7316029445208547,0.0048166237253880265,1.8499866633457611,-1.2750566894980153,-0.5749299738477837,-1.1636221772213358,0.40345111759455343,0.7601710596268063,2.717224189459186,1.0001777177401103,0.7584233634541603,0.6,1.3590404036327464,0.5000574030171817,2.7172152592893393,1.0001679100027112,0.6,3.026453714851101
1.1703406813627253,0.32287886177664976,0.06592868091966017,441.17871497487914,1.1521474645297371e-7,0.46785488568497297,0.37235308102218156,-0.8402079667071639,0.5140770972424159,1.3213073902118042,-1.8353844874542309,0.1360294789939627,-1.0846005369250367,0.9485710579310711,2.717220656337741,1.0001738076649795,0.7584263346797085,0.6,1.3590263147189667,0.5000583993518212,2.717211955578434,1.0001641048060845,0.6,3.037344350522837
1.1743486973947894,0.32287886365749974,0.06592868138406922,442.68970142170036,1.0909898514752159e-7,-0.6708550076137346,0.7761171881596598,-0.10526218054591127,-1.7885295485459232,1.4330169513383901,0.35551259720756956,1.1798842837625636,-0.5331134320922354,-0.6467708516703521,2.717217214382942,1.0001699404108866,0.7584292731375375,0.6,1.3590125375321385,0.5000592825051952,2.717208739122967,1.0001603462937847,0.6,3.048234973128654
1.1783567134268536,0.3228788654383838,0.0659286818241509,444.2006878685105,1.033042567964486e-7,-0.548054566749023,-0.27956948295466777,0.8276240497037024,-0.7278930427516106,-1.14999243487712,1.8778854776287455,0.005023863127451236,1.0208676449845322,-1.0258915081119826,2.7172138620010187,1.0001661174628202,0.7584321777026343,0.6,1.35899906857934,0.5000600578474085,2.717205608200211,1.0001566356341522,0.6,3.0591255830148367
1.1823647294589177,0.3228788671196123,0.06592868224117594,445.711674315335,9.842464458079435e-8,0.6053359616460899,-0.8095393085598385,0.20420334691373804,1.7015110692197895,-1.5704967750769592,-0.13101429414286472,-1.1792836884981495,0.6551565835142913,0.524127104983883,2.7172105975745846,1.000162340180195,0.7584350472068173,0.6,1.35898590425369,0.5000607305595289,2.7172025611511823,1.0001529739068118,0.6,3.0700161805209785
1.1863727454909818,0.3228788687208113,0.06592868263603117,447.2226607620983,9.2563500486185e-8,0.6204215431390102,0.18279031966332004,-0.8032118628023412,0.9313060589491524,0.9622419714965973,-1.8935480304457686,-0.14600540318721794,-0.9425446786714622,1.0885500818586844,2.7172074195741,1.0001586097983586,0.7584378811926356,0.6,1.358973040844326,0.5000613056398872,2.7171995968582703,1.0001493619672226,0.6,3.080906765981199
1.190380761523046,0.32287887023261924,0.06592868301055183,448.7336472088797,8.765987676640579e-8,-0.5311655144038772,0.8313915980025429,-0.30022608359865355,-1.5901748565778004,1.6855313058877508,-0.09535644930991788,1.161828944763288,-0.7678363268829098,-0.39399261788040046,2.7172043262759673,1.0001549274456,0.7584406783493394,0.6,1.3589604745456543,0.5000617879050216,2.7171967128858934,1.0001458007490094,0.6,3.0917973397213006
1.19438877755511,0.32287887166405294,0.06592868336546232,450.2446336556519,8.300845214145246e-8,-0.6839215588052039,-0.08339874555558154,0.7673203043608006,-1.1214090014462896,-0.7607393053152084,1.882148306761521,0.2849002551498691,0.8507510219315408,-1.135651277081415,2.7172013162097706,1.0001512941311252,0.7584434380865879,0.6,1.3589482014665069,0.500062182002229,2.7171939086802466,1.0001422909631297,0.6,3.102687902062987
1.1983967935871742,0.32287887301941987,0.06592868370178304,451.7556201024156,7.859994852395845e-8,0.44940375559629897,-0.8413617921896851,0.39195803659337736,1.456112137408221,-1.7764765073385296,0.3203643699302792,-1.1277695464166784,0.8695422872374138,0.2582272591792879,2.717198387759063,1.0001477107669015,0.7584461597240771,0.6,1.3589362176387567,0.5000624924049492,2.717191181607892,1.0001388332776573,0.6,3.1135784533206015
1.2024048096192383,0.32287887430276646,0.06592868402049085,453.26660654917134,7.442261987019039e-8,0.7376470836282434,-0.017184751110389165,-0.7204623325178691,1.2954849531686359,0.548364281879867,-1.8438492350485294,-0.4197233577192977,-0.746798576952338,1.1665219346716442,2.7171955392672045,1.0001441781609717,0.7584488426612893,0.6,1.3589245190252817,0.500062723427537,2.717188530893528,1.0001354282387238,0.6,3.124468993801242
1.2064128256513025,0.3228788755076808,0.06592868432646183,454.7775929959385,7.093395821290956e-8,-0.3612191477170617,0.8393073090342772,-0.4780881613172084,-1.301238837371628,1.842032501601146,-0.5407936642294916,1.0775921955208125,-0.9588208325861248,-0.11877136293471005,2.7171927692967834,1.0001406970252211,0.7584514856660929,0.6,1.3589131015281397,0.5000628792230094,2.7171859549841426,1.0001320764741755,0.6,3.1353595238081766
1.2104208416833666,0.32287887666797793,0.06592868460827332,456.2885794426594,6.66735271512428e-8,-0.7808302821978661,0.1175226479352724,0.6633076342626094,-1.4510460523658504,-0.328152129481667,1.7791981818475469,0.5485478430124985,0.6321730154703166,-1.1807208584828264,2.7171900761586865,1.0001372679880982,0.7584540903860231,0.6,1.3589019609956652,0.5000629637880103,2.7171834514339537,1.0001287779919616,0.6,3.1462500436358267
1.2144288577154307,0.3228788777576486,0.06592868487964035,457.79956588939405,6.31298850925647e-8,0.26787214545239263,-0.8252577410282987,0.5573855955759003,1.1277685962213928,-1.8812626851253855,0.7534940889039696,-1.0120142040596785,1.034396195354193,-0.02238199129449466,2.7171874583326168,1.0001338915832392,0.758456654310818,0.6,1.3588910932297806,0.5000629809733113,2.71718101950748,1.0001255335081856,0.6,3.1571405535739463
1.2184368737474949,0.32287887878929494,0.06592868513671594,459.31055233612267,5.978066302223201e-8,0.812853987695903,-0.21618093268140667,-0.5966730550145143,1.5858690466771153,0.10325008285805139,-1.6891191295351986,-0.6695325742519874,-0.5085125460389224,1.1780451202909223,2.7171849142988855,1.0001305682657446,0.7584591778119046,0.6,1.3588804939926131,0.5000629344824908,2.7171786577513775,1.00012234314715,0.6,3.1680310539060637
1.222444889779559,0.322878879766164,0.06592868538034054,460.82153878284504,5.6604922843042884e-8,-0.17069671272657863,0.7994136517566719,-0.6287169390300915,-0.9381804038602743,1.893606076173744,-0.9554256723134504,0.931972615776172,-1.0951880804153031,0.16321546463911063,2.717182442517087,1.0001272984140674,0.7584616606114641,0.6,1.358870159013003,0.5000628278767291,2.717176364213851,1.0001192071030474,0.6,3.178921544909509
1.2264529058116231,0.3228788806911776,0.06592868561122199,462.3325252295617,5.359454045973762e-8,-0.8332605214352105,0.31174959796253704,0.5215109234726886,-1.6980270676219735,0.12312759767940415,1.574899469942604,0.7809484580197008,0.3775845019873639,-1.1585329600070822,2.7171800414284486,1.000124082331122,0.7584641024884876,0.6,1.358860083992466,0.5000626645823235,2.7171741377177994,1.0001161254906588,0.6,3.1898120268551002
1.2304609218436873,0.3228788815671028,0.06592868583003421,463.843511676273,5.0741482709995066e-8,0.07108170927374897,-0.7621444757888071,0.6910627665150548,0.7351838930173336,-1.8788863653118046,1.143702472294456,-0.838611431550684,1.140327720581659,-0.3017162890309598,2.7171777095828062,1.0001209202494337,0.7584665032747886,0.6,1.3588502646111296,0.5000624478917982,2.7171719767186158,1.0001130983791402,0.6,3.2007025000087856
1.2344689378757514,0.32287888239605184,0.06592868603704184,465.35449812297895,4.8022450702444485e-8,0.8417582346896375,-0.4028627904391834,-0.43889544425047355,1.7859171710819708,-0.3477455600557938,-1.438171611026213,-0.8812031566968289,-0.2412600854449734,1.1224632421418184,2.717175445436346,1.0001178123358623,0.7584688628651624,0.6,1.3588406965330697,0.5000621809693128,2.717169879762714,1.0001101257655889,0.6,3.2115929646295402
1.2384769539078155,0.3228788831821473,0.06592868623381679,466.86548456967944,4.544539473843824e-8,0.029549183671051475,0.7139828602292463,-0.7435320439003005,-0.5216802578506118,1.8373139299970613,-1.3156336721464388,0.7332649562116917,-1.1691699914745999,0.4359050352628911,2.7171732475443613,1.0001147586944732,0.7584711811650134,0.6,1.3588313754116537,0.5000618668534496,2.7171678450918995,1.0001072076132076,0.6,3.2224834209714204
1.2424849699398797,0.32287888392611014,0.06592868642018922,468.3764710163769,4.3039153766405626e-8,-0.8382256837481752,0.48821834064133035,0.35000734310685994,-1.8482832458205796,0.5673936030178268,1.2808896428027907,0.968863848984283,0.10148761864220951,-1.070351467626514,2.7171711143833,1.000111759368172,0.758473458157307,0.6,1.3588222968942265,0.5000615084642629,2.7171658718399456,1.0001043438044601,0.6,3.233373869281582
1.2464929859719438,0.32287888463048026,0.06592868659677685,469.8874574630697,4.07558014505429e-8,-0.1297577663635567,-0.6556171165422668,0.7853748829058239,0.3007208515743447,-1.7694829011784015,1.4687620496040505,-0.6174387774254119,1.1813026746930777,-0.5638638972676555,2.717169044609906,1.0001088143436798,0.7584756938541888,0.6,1.3588134566270857,0.5000611086023824,2.717163958298286,1.0001015342053954,0.6,3.2442643098033996
1.250501002004008,0.3228788852973705,0.0659286867640957,471.3984439097583,3.8590848589653955e-8,0.822713345146642,-0.5665963527196269,-0.25611699242703373,1.8842339546589792,-0.7789325483847997,-1.105301406274218,-1.0426776947476353,0.03973529105845847,1.002942403689196,2.7171670366809937,1.000105923556674,0.7584778883106197,0.6,1.358804850259584,0.5000606699555699,2.7171621028992052,1.0000987786125453,0.6,3.255154742772413
1.254509018036072,0.32287888592877834,0.06592868692263483,472.90943035644307,3.653764762962457e-8,0.228111873195587,0.5878813999230024,-0.8159932731185959,-0.07546359271352882,1.6763627123595073,-1.6008991196459772,0.4927882660961287,-1.176552373739516,0.6837641076433756,2.7171650892548476,1.0001030868885874,0.7584800416223535,0.6,1.3587964734484559,0.5000601951033676,2.717160304787992,1.000096076786437,0.6,3.2660451684203164
1.2585170340681362,0.32287888652437713,0.06592868707329097,474.4204168031228,3.45543370260799e-8,-0.7954429259730029,0.6368766654433561,0.1585662605296614,-1.8932555019315498,0.9793391153377391,0.9139163865938496,1.1015897647802628,-0.1803903102425085,-0.9211994545377789,2.7171632009156346,1.0001003041767704,0.7584821538892568,0.6,1.3587883218617094,0.5000596865166296,2.7171585621645984,1.0000934284588778,0.6,3.2769355869726913
1.2625250501002003,0.3228788870922306,0.06592868721486497,475.9314032498,3.270201718175123e-8,-0.3232058435706298,-0.5117437802842991,0.8349496238549335,-0.1508721776413055,-1.559284227934655,1.7101564055759637,-0.36109490896290175,1.1549869830615693,-0.7938920740986621,2.717161370293841,1.00009757521306,0.7584842253635175,0.6,1.3587803911822964,0.5000591465643313,2.7171568736524985,1.0000908332983447,0.6,3.287825998649871
1.2665330661322645,0.3228788876281707,0.06592868734978513,477.4423896964748,3.097294517966784e-8,0.756804165362474,-0.698054841163863,-0.0587493241986288,1.8752189618372657,-1.1657491346744646,-0.7094698271628391,-1.1447580946413598,0.31846721669580436,0.826290877945577,2.7171595959749943,1.0000948997466792,0.7584862561480128,0.6,1.3587726771114836,0.5000585775169167,2.717155238285981,1.0000882909593316,0.6,3.2987164036661736
1.2705410821643286,0.32287888813561316,0.06592868747762858,478.95337614314604,2.932864051233802e-8,0.413680610928878,0.4282924046980609,-0.8419730156269487,0.3750517070316547,1.4199207169485497,-1.7949724239802118,0.2242408459489887,-1.1169147139232534,0.8926738679742584,2.717157876713902,1.00009227748687,0.7584882465011267,0.6,1.3587651753723375,0.5000579815472012,2.717153654671326,1.0000858010613427,0.6,3.309606802232334
1.2745490981963927,0.32287888861608727,0.06592868759876999,480.4643625898143,2.7767744391567538e-8,-0.7073492899433518,0.7492565370636257,-0.04190724712026093,-1.830382108279831,1.3354984618576535,0.4948836464222148,1.1715657373643038,-0.4519926438709047,-0.7195730934934242,2.7171562111020715,1.0000897081085889,0.7584901966732176,0.6,1.3587578817125743,0.5000573607344918,2.7171521212368726,1.0000833631847035,0.6,3.320497194552141
1.2785571142284569,0.32287888907103424,0.06592868771356752,481.97534903647977,2.628742132934937e-8,-0.49824312568355483,-0.3387199460242838,0.836963071707848,-0.5938710605965605,-1.2602639395234665,1.8541350001200387,-0.08418197168199867,1.062879689303158,-0.9786977176211585,2.7171545978781153,1.000087191248688,0.758492106943911,0.6,1.3587507919075195,0.5000567170699027,2.7171506372314416,1.0000809768805894,0.6,3.3313875808254063
1.282565130260521,0.3228788894979539,0.0659286878217829,483.4863354831413,2.4843775988760613e-8,0.6477851245464762,-0.7897500096245,0.14196488507800983,1.7593857504415327,-1.4861610769536577,-0.27322467348791074,-1.1816295769082583,0.5790582823095863,0.6025712945986956,2.71715303576046,1.0000847265160133,0.7584939776402893,0.6,1.3587439017628242,0.5000560524542577,2.7171492006479934,1.000078641685285,0.6,3.3422779612468023
1.2865731462925851,0.32287888990932084,0.06592868792510333,484.99732192980133,2.3511558452253744e-8,0.5756848344963059,0.24430655803815396,-0.8199913925344726,0.8042029095964679,1.0825956816260998,-1.8867985912225842,-0.057080016835583405,-0.9936541675834938,1.0507341844190774,2.7171515234965082,1.0000823134814256,0.7584958090142309,0.6,1.3587372071169022,0.500055368709095,2.7171478114973806,1.000076357096704,0.6,3.353168336006024
1.2905811623246493,0.32287889029566696,0.06592868802286404,486.5083083764592,2.225950022108681e-8,-0.5789628687843138,0.8189564603400463,-0.23999359155572092,-1.663244530876917,1.6155837153269437,0.04766081555000733,1.174805732812399,-0.6978480887250915,-0.47695764408733204,2.717150059776711,1.0000799516991234,0.7584976014816818,0.6,1.3587307038432317,0.5000546675687515,2.7171464673826,1.000074122596012,0.6,3.364058705287231
1.2945891783567134,0.32287889066149544,0.06592868811551142,488.01929482311516,2.107753868764709e-8,-0.6448989522311126,-0.14640158056756297,0.7913005327986885,-1.0030412250809846,-0.8894551457374575,1.8924963708184623,0.19752622716028878,0.9102275060890668,-1.1077537332493597,2.7171486434615364,1.000077640687397,0.758499355388782,0.6,1.3587243878526187,0.5000539506936872,2.717145167910237,1.0000719376419342,0.6,3.374949069271238
1.2985971943887775,0.32287889100829903,0.06592868820345167,489.5302812697689,1.9960753403084418e-8,0.5018661997087095,-0.8364585479939994,0.334592348285279,1.5433325083606066,-1.7219167108170579,0.17858420245641918,-1.1511917799663585,0.8066643825873338,0.3445273973790481,2.717147273313401,1.0000753799460884,0.7585010711291189,0.6,1.3587182550951817,0.5000532196650592,2.7171439113119438,1.0000698016786413,0.6,3.385839428133265
1.3026052104208417,0.3228788913366373,0.0659286882867706,491.0412677164206,1.890051541970018e-8,0.7048962850692356,0.046404255714907736,-0.7513005407841579,1.1875442477276035,0.6836026676208662,-1.8711469153484939,-0.3351494266774528,-0.8137920285542035,1.1489414552316632,2.717145948120491,1.0000731689498048,0.7585027490885402,0.6,1.3587123015621132,0.500052475993632,2.71714269697988,1.0000677141200003,0.6,3.3967297820437174
1.3066132264529058,0.3228788916441539,0.06592868836524401,492.5522541631184,1.9089304736458362e-8,-0.41759696253496525,0.8420061398959399,-0.42440917736096573,-1.401363439731724,1.8036403684808295,-0.40227692874907695,1.1111251950058718,-0.9039519781755103,-0.20717321683038406,2.71714466679609,1.000071007154288,0.758504389480698,0.6,1.3587065232875937,0.5000517211168387,2.7171415233431757,1.0000656744248797,0.6,3.4076201311697614
1.31062124248497,0.32287889194117614,0.06592868844002496,494.06324060971684,1.689598315389834e-8,-0.7548193538678126,0.05425627223542064,0.7005630816324072,-1.355075079652307,-0.467980248575522,1.8230553282278568,0.4679827246530078,0.705725966040134,-1.1737086906931515,2.717143428129638,1.0000688939931337,0.7585059933406093,0.6,1.3587009163501595,0.5000509564068373,2.717140390020326,1.0000636818513415,0.6,3.418510475672645
1.314629258517034,0.3228788922198533,0.06592868851098653,495.57422705636327,1.6000716015823202e-8,0.3273594535854453,-0.8355198536247134,0.5081604000392619,1.2393662945521728,-1.8595866672230268,0.6202203726708287,-1.0551785672631004,0.9883204071673922,0.06685816009572987,2.717142231003337,1.000066828889155,0.7585075605047653,0.6,1.3586954768743156,0.5000501831659476,2.717139295044511,1.0000617359068835,0.6,3.4294008157100198
1.3186372745490982,0.3228788924835517,0.06592868857812494,497.08521350300816,1.515767018481727e-8,0.7939546690225882,-0.15414137897566527,-0.6398132900469389,1.5032394002800926,0.24566953388227655,-1.7489089341623998,-0.594127689714593,-0.5875737845777401,1.1817014742923455,2.717141074349126,1.000064811242487,0.758509091631992,0.6,1.358690201031725,0.500049402637104,2.7171382381589635,1.0000598359092632,0.6,3.4402911514354346
1.3226452905811623,0.32287889273319115,0.0659286886417254,498.5961999496513,1.4354651247376389e-8,-0.23244339966943622,0.8170924881499301,-0.584649088480489,-1.0596563419222327,1.8889560733063422,-0.8292997313840879,0.9841515144036891,-1.058563940108145,0.07441242570443612,2.7171399570971215,1.00006284044338,0.7585105871878095,0.6,1.3586850850425705,0.5000486159984195,2.7171372177091353,1.0000579812241168,0.6,3.4511814829983476
1.3266533066132264,0.3228788929695268,0.06592868870197657,500.1071863962929,1.3590685440458659e-8,-0.8217429165586391,0.2518235224316755,0.5699193941269803,-1.6299196737881982,-0.019847752769468652,1.6497674265577003,0.7117814799361932,0.46102409827848356,-1.172805578214691,2.717138878120801,1.000060915867624,0.7585120476479189,0.6,1.3586801251764387,0.5000478243715656,2.717136233054226,1.0000561711845284,0.6,3.4620718105430885
1.3306613226452906,0.3228788931932755,0.06592868875905955,501.61817284293306,1.2864412974010423e-8,0.1342053040128937,-0.7869873743753557,0.6527820703624594,0.8648019602551018,-1.8913288367329748,1.0265268764778552,-0.8990591344444778,1.1136786548077977,-0.21461952036330137,2.717137836467373,1.0000590368785631,0.7585134734972678,0.6,1.3586753177535225,0.5000470288202127,2.717135283203984,1.0000544051360645,0.6,3.472962134211635
1.3346693386773545,0.32287889340440773,0.06592868881295834,503.12915928956437,1.1978087415869698e-8,0.8377869531963403,-0.34590664631094836,-0.4918803068854092,1.7333054095151081,-0.206257687311466,-1.5270477222036773,-0.8192626089162329,-0.32788553436433054,1.1471481432805801,2.717136831054879,1.0000572028312036,0.7585148652328904,0.6,1.3586706591453221,0.5000462303529893,2.717134367048251,1.000052682403514,0.6,3.4838524541405844
1.3386773547094186,0.32287889360531136,0.06592868886406746,504.6401457362081,1.1482230776206546e-8,-0.034049168763212845,0.7456347701740708,-0.711585601410857,-0.6575879757735746,1.8666710483217042,-1.2090830725481159,0.8011175539662005,-1.1528768624242525,0.35175930845803594,2.717135860905657,1.0000554130710737,0.758516223337067,0.6,1.3586661457755433,0.5000454299255609,2.7171334834563297,1.0000510023189266,0.6,3.4947427704635015
1.3426853707414828,0.32287889379524687,0.06592868891266579,506.151132182845,1.0875495369585772e-8,-0.8418574802786793,0.4350461316680217,0.40681134861067547,-1.811919038162298,0.42941532863613185,1.3825037095262034,0.9150349745687424,0.1900608863227029,-1.1050958608914634,2.717134925014252,1.000053666934164,0.7585175483293984,0.6,1.3586617741206124,0.5000446284445824,2.7171326320216416,1.0000493641873895,0.6,3.5056330833095513
1.3466933867735469,0.32287889397510094,0.06592868895871916,507.66211862948063,1.0297825904798603e-8,-0.06659359193593203,-0.6936256794937852,0.7602192714297192,0.44097585455322946,-1.8153351122195736,1.374359257666335,-0.691726536734396,1.1755983485877555,-0.4838718118533447,2.7171340224921496,1.0000519637508734,0.7585188407160816,0.6,1.3586575407105141,0.5000438267653295,2.7171318114350616,1.0000477673372323,0.6,3.5165233928054387
1.350701402805611,0.3228788941454238,0.06592868900236251,509.1731050761148,9.74652015967669e-9,0.8338963218824262,-0.5179680111438792,-0.31592831073856376,1.864637024270874,-0.6464358382978723,-1.2182011859730397,-0.9977298146047862,-0.049519919850828986,1.0472497344556362,2.7171331523055584,1.0000503028467767,0.7585201010102495,0.6,1.3586534421290357,0.5000430256971892,2.7171310208105344,1.0000462110704778,0.6,3.5274136990724774
1.3547094188376752,0.3228788943067339,0.06592868904373134,510.6840915227484,9.222603751239566e-9,0.16628460879723142,0.6317034061535397,-0.7979880149507788,-0.2180613792476802,1.7380547097147865,-1.5199933304671325,0.5724494792532524,-1.1815183796928828,0.6090689004396228,2.7171323136094045,1.000048683539828,0.7585213297307737,0.6,1.3586494750143832,0.500042226004928,2.7171302596095663,1.00004469469803,0.6,3.5383040022300793
1.3587174348697393,0.3228788944576167,0.06592868908322756,512.1950779693788,8.669707456361066e-9,-0.8140172607138151,0.5934871828613695,0.2205300778523776,-1.890705929774006,0.854217595404264,1.0364883343696605,1.0661652699977855,-0.09172877990495162,-0.974436490092814,2.7171315054672203,1.0000471051471407,0.758522527373293,0.6,1.3586456360594477,0.5000414284080659,2.717129526605634,1.0000432175340412,0.6,3.5491943023932717
1.3627254509018034,0.3228788946043296,0.06592868911998134,513.7060644160114,8.231365416699395e-9,-0.26359911494738053,-0.5607529345325263,0.8243520494799139,-0.007969593535483613,-1.6359343237037223,1.6439039172392593,-0.44499107053686393,1.170552350719482,-0.7255612801826696,2.7171307270218246,1.0000455669812454,0.7585236945489361,0.6,1.3586419220121175,0.5000406335852544,2.7171288210040614,1.0000417788701714,0.6,3.5600845996741994
1.3667334669338675,0.32287889474161324,0.06592868915537389,515.2170508626435,7.832036575912398e-9,0.7825043938868548,-0.6605243286158857,-0.12198006527089683,1.889753185107811,-1.0497910208259724,-0.8399621642816912,-1.1193632658912602,0.23166650299827332,0.88769676289291,2.717129977347355,1.0000440683532608,0.758524831680385,0.6,1.3586383296753366,0.5000398421755096,2.717128142219352,1.0000403780223066,0.6,3.5709748941807273
1.3707414829659317,0.32287889487152066,0.06592868918888346,516.7280373092757,7.457261496752632e-9,0.35714630624739074,0.48178827260029333,-0.8389345788476456,0.2338866675723997,1.5104334296331734,-1.7443200972055548,0.3111729212173612,-1.1428569778987392,0.8316840566814129,2.7171292557018907,1.00004260857147,0.7585259393254666,0.6,1.3586348559074928,0.5000390547783008,2.7171274894012787,1.0000390143021858,0.6,3.5818651860192854
1.3747494989979958,0.3228788949944555,0.06592868922060179,518.2390237559077,7.0927322358922155e-9,-0.7398081040393546,0.7181213712705661,0.02168673276874044,-1.861792391704411,1.2303610019609272,0.6314313897433383,1.1565635050036454,-0.3682932885256073,-0.7882702164779383,2.71712856116981,1.000041186946637,0.7585270180079343,0.6,1.358631497622269,0.5000382719555209,2.7171268614564528,1.0000376870143892,0.6,3.5927554752912494
1.37875751503006,0.3228788951107963,0.06592868925063351,519.7500102025369,6.7479529749758965e-9,-0.4455892208455581,-0.39593797123919255,0.8415271920847248,-0.4564610710031603,-1.3633456676272724,1.8198067386303969,-0.17290753976469578,1.0988280797465255,-0.9259205399818341,2.7171278929873206,1.0000398027860053,0.7585280682543231,0.6,1.3586282517887542,0.5000374942354603,2.7171262581509095,1.0000363954650555,0.6,3.6036457620960416
1.382765531062124,0.32287889522035934,0.06592868927805672,521.2609966491823,6.823400883524051e-9,0.6865385884953067,-0.7654551349390004,0.07891654644375616,1.8072231756641775,-1.39334687265333,-0.4138763030107063,-1.1772343221762267,0.4996564809351158,0.6775778412410275,2.717127250364455,1.000038455401518,0.7585290906941115,0.6,1.3586251154314357,0.5000367221092915,2.7171256780879105,1.0000351389573903,0.6,3.614536046529887
1.3867735470941882,0.3228788953246717,0.06592868930566788,522.7719830957939,6.086185195364661e-9,0.5276638480484773,0.3044289907241963,-0.8320928387726243,0.6725118072486932,1.1967731972856108,-1.8692850045342513,0.03217099370125928,-1.0390949140627324,1.0069239203614835,2.7171266325521044,1.0000371441010698,0.7585300855352851,0.6,1.3586220856300628,0.5000359560389718,2.7171251213364878,1.0000339168555337,0.6,3.625426328686134
1.3907815631262523,0.32287889542335907,0.06592868933123569,524.2829695424225,5.811762255574295e-9,-0.6234571996177558,0.8018491551449051,-0.1783919555271905,-1.726825415558939,1.536419248302172,0.1904061672566325,1.1810803174832183,-0.6238786761420427,-0.5572016413410756,2.7171260387179346,1.0000358682023638,0.7585310536132922,0.6,1.3586191595194146,0.5000351964514727,2.7171245864790885,1.0000327284238733,0.6,3.6363166086542673
1.3947895791583165,0.32287889551673615,0.06592868935543193,525.7939559890508,5.552860811678085e-9,-0.6021971921548983,-0.20856916274821208,0.8107663549030695,-0.878951116731239,-1.0130966471330385,1.8920477638642088,0.10902533381235738,0.9645111793925588,-1.073536513204901,2.717125468224058,1.0000346270185465,0.7585319953448086,0.6,1.358616334289283,0.5000344437465132,2.7171240733562962,1.0000315730062217,0.6,3.6472068865226928
1.3987975951903806,0.32287889560513305,0.06592868937833703,527.3049424356792,5.29588565046736e-9,0.5514654554803535,-0.826783275994731,0.27531782051442666,1.6217481656953314,-1.6575333861452695,0.035785220450064686,-1.1680465055785987,0.7391844968494642,0.4288620087290497,2.7171249203005305,1.0000334198709837,0.7585329112462785,0.6,1.3586136071841393,0.5000336982923597,2.717123580735527,1.0000304499340413,0.6,3.658097162375785
1.4028056112224447,0.32287889568883194,0.0659286894000185,528.8159288823064,5.0377980994099526e-9,0.6681240358199602,0.10972849959834016,-0.777852535418243,1.0728286051740683,0.8149410913442379,-1.8877696965182225,-0.248663489295589,-0.8761428143716201,1.124806303667195,2.717124394236968,1.0000322460814566,0.7585338018328823,0.6,1.3586109755028108,0.5000329604324258,2.717123108506027,1.000029358530527,0.6,3.6689874362953905
1.4068136272545089,0.322878895766022,0.06592868941872154,530.3269153289187,4.464499943379612e-9,-0.4715922853303053,0.8399011861521378,-0.36830890082186407,-1.4934931724367877,1.7549583495279903,-0.26146517709131917,1.138319185542581,-0.8439260379554028,-0.29439314758708435,2.717123889404973,1.0000311049792832,0.7585346676708342,0.6,1.3586084365983275,0.5000322304803574,2.717122655273264,1.0000282981411444,0.6,3.67987770836164
1.410821643286573,0.32287889584266866,0.06592868943968277,531.8379017755539,4.4692562831198485e-9,-0.7245021635675849,-0.009319614962059249,0.7338217785295913,-1.2513734083707868,-0.6051385343840691,1.856511942754758,0.3847477883344943,0.7752527638205704,-1.1600005521550305,2.717123405094476,1.0000299958903804,0.7585355091049287,0.6,1.3586059878773933,0.5000315087299272,2.7171222218370294,1.0000272681119513,0.6,3.6907679786510315
1.4148296593186371,0.3228788959138626,0.06592868945820048,533.3488882221817,4.316475568582309e-9,0.38497914684746665,-0.8410152977015423,0.45603615085411003,1.3438934100085707,-1.8273017178414235,0.4834083078329578,-1.0923231685860084,0.9366062895557772,0.15571687903014975,2.717122940634724,1.000028918158722,0.758536326797647,0.6,1.3586036268001056,0.5000307954434404,2.717121806028646,1.0000262677871241,0.6,3.7016582472378587
1.4188376753507013,0.32287889598123887,0.06592868947575205,534.8598746688064,4.1277661311099374e-9,0.7705258273108253,-0.09122246472825149,-0.6793033625825098,1.4120337919084447,0.3866874373275003,-1.7987212292358348,-0.5153333363849452,-0.663282929522267,1.1786162659071762,2.717122495437,1.0000278711224806,0.7585371211992672,0.6,1.3586013508794712,0.5000300908662836,2.717121408245845,1.0000252965205072,0.6,3.7125485141945047
1.4228456913827654,0.3228788960453754,0.06592868949250302,536.3708611154312,3.953439891831188e-9,-0.2928639759930641,0.8301097963822404,-0.537245820389195,-1.1750869558524883,1.8735296105448334,-0.6984426546924369,1.0307158677443433,-1.0159007425321436,-0.014815125212115244,2.7171220688847506,1.00002685413116,0.7585378928133308,0.6,1.3585991576810745,0.5000293952177325,2.717121027282968,1.000024353683116,0.6,3.723438779590861
1.4268537074148295,0.3228788961061518,0.06592868950838694,537.8818475620561,3.784564093119807e-9,-0.8055372675101727,0.1904608089273889,0.6150764585827241,-1.5525136298779514,-0.16270986814756444,1.7152234980253946,0.6385538288875805,0.5418335681222581,-1.1803873970097851,2.717121660315042,1.0000258665385167,0.7585386421198963,0.6,1.3585970448224125,0.5000287086986526,2.7171206629741453,1.000023438634432,0.6,3.734329043493627
1.4308617234468937,0.3228788961636185,0.0659286895233932,539.3928340086809,3.6142972734495444e-9,0.1965632410953034,-0.8073405033013153,0.6107772622060306,0.989486352420625,-1.8929813285351038,0.9034949761145559,-0.9543777460889072,1.0806761108085443,-0.126298364719708,2.7171212692243993,1.000024907704108,0.7585393696012231,0.6,1.3585950099726196,0.5000280314885189,2.717120314726249,1.0000225507608398,0.6,3.7452193059688472
1.4348697394789578,0.32287889621725957,0.06592868953750118,540.9038204553019,3.3700853179346187e-9,0.8290360994063384,-0.2869771189021259,-0.5420589805041445,1.67080519348675,-0.06359312500002456,-1.6072120684865947,-0.7526482138694883,-0.41264040772610205,1.1652886215955347,2.717120894979338,1.0000239769958683,0.7585400757389071,0.6,1.358593050851762,0.5000273637475849,2.717119981895124,1.0000216894417548,0.6,3.75610956707896
1.438877755511022,0.3228788962689696,0.06592868955066113,542.4148069019266,3.2363796923186377e-9,-0.09745325594841558,0.7730328303679409,-0.6755795744195299,-0.7897441700304892,1.8853788637444966,-1.095634693714069,0.8643998121553454,-1.1300066310495338,0.26560681889425913,2.717120537035388,1.000023073788522,0.7585407610043631,0.6,1.358591165230415,0.5000267056175361,2.7171196637600628,1.000020854074204,0.6,3.766999826885006
1.442885771543086,0.3228788963175824,0.0659286895633805,543.9257933485499,3.088137941805251e-9,-0.8406864825310685,0.3793919981722541,0.46129448435875187,-1.765217883339518,0.28898725590633756,1.4762306274330428,0.85598587282641,0.27754985935389187,-1.133535732180232,2.717120194837894,1.0000221974619405,0.7585414258703208,0.6,1.3585893509289446,0.5000260572245763,2.7171193603717647,1.0000200440472204,0.6,3.777890085445555
1.4468937875751502,0.3228788963635551,0.06592868957541506,545.4367797951719,2.951254118403121e-9,-0.0030495144844197297,-0.7276771004260857,0.730726614910508,0.5787150960236724,-1.850830876505919,1.2721157804822918,-0.762068019897805,1.1631872833433616,-0.40111926344561344,2.7171198679168094,1.0000213474052317,0.7585420708016288,0.6,1.3585876058171547,0.5000254186756246,2.7171190707614934,1.0000192587811658,0.6,3.7887803428181535
1.4509018036072143,0.32287889640703843,0.06592868958681394,546.9477662417938,2.8269251565899676e-9,0.8403219150923845,-0.4663846700585865,-0.37393724503372866,1.834402372929942,-0.5102512270014743,-1.3241511459283237,-0.9470899241625024,-0.13849261552249426,1.0855825396849255,2.717119555665738,1.000020523015454,0.758542696256004,0.6,1.3585859278134271,0.5000247900634317,2.717118794546309,1.0000184976810031,0.6,3.7996705990567174
1.4549098196392785,0.3228788964481749,0.06592868959760462,548.4587526884154,2.713873497242113e-9,0.10350870119734623,0.6719215318831852,-0.7754302330805204,-0.35941512451657925,1.7898311255892945,-1.4304160010727434,0.6488448802981414,-1.17974385821146,0.5308989779133721,2.71711925766461,1.0000197236949888,0.7585433026875207,0.6,1.358584314884314,0.5000241714660069,2.717118531522484,1.0000177601740023,0.6,3.8105608542149683
1.4589178356713426,0.3228788964860819,0.065928689607254,549.9697391350583,3.109227860687689e-9,-0.8279476079473403,0.5467118508632819,0.28123575708399634,-1.8773698943324877,0.7242227740275363,1.1531471203048047,1.024658325044946,-0.0025439403571372032,-1.0221143846877259,2.717118973381387,1.0000189488570972,0.7585438905395941,0.6,1.3585827650438005,0.5000235629456784,2.7171182808894256,1.0000170456935693,0.6,3.821451108343681
1.4629258517034067,0.32287889652355767,0.06592868961714876,551.4807255816584,2.4507877114672814e-9,-0.20248855881382,-0.6065629745327334,0.8090515333465403,0.1349784535143761,-1.7032514110396635,1.568272957525298,-0.5263485598054437,1.1794397332989066,-0.6530911734935013,2.717118702367831,1.0000181979214577,0.7585444602610638,0.6,1.358581276352726,0.500022964552143,2.7171180422359194,1.0000163536806117,0.6,3.8323413614924435
1.4669338677354709,0.3228788965584656,0.06592868962633995,552.9917120282796,2.3574742283033282e-9,0.8037404149267773,-0.6192255177024589,-0.18451489722425252,1.893506359891837,-0.9278438483984469,-0.9656625114932422,-1.087582483440832,0.1435441389785861,0.944038344462164,2.717118444104613,1.000017470316537,0.7585450122759397,0.6,1.3585798469179735,0.5000223763229672,2.7171178153949063,1.0000156835762732,0.6,3.843231613708154
1.470941883767535,0.32287889659151764,0.0659286896350499,554.5026984749006,2.27227041714275e-9,0.2985744843116856,0.5325355214338258,-0.8311100057454854,0.09138730704426201,1.5923291147544505,-1.6837164217987055,0.3963297544488994,-1.1622792548399428,0.765949500391077,2.717118198239843,1.0000167654779728,0.7585455470175216,0.6,1.3585784748920666,0.5000217982824122,2.7171175998285504,1.0000150348483754,0.6,3.8541218650377234
1.4749498997995991,0.32287889662283137,0.06592868964331032,556.0136849215216,2.190065306152635e-9,-0.7680462983065437,0.682889318137795,0.08515698016869139,-1.8825811524413298,1.118204336674051,0.764376815767132,1.1349630955202634,-0.2824928290204596,-0.8524702664997124,2.7171179642440126,1.0000160828525113,0.7585460649059819,0.6,1.3585771584722577,0.5000212304431004,2.7171173948831515,1.0000144069578991,0.6,3.8650121155245074
1.4789579158316633,0.322878896652517,0.06592868965114164,557.5246713681427,2.1100648510070903e-9,-0.3903932335985444,-0.45089715939590225,0.8412903929944193,-0.31644697634815255,-1.4586495166081757,1.7750964929563038,-0.2606466700892078,1.1285076755934607,-0.8678610055042701,2.717117741743658,1.0000154218918602,0.758546566357722,0.6,1.358575895899966,0.5000206728085154,2.71711720065718,1.0000137993768374,0.6,3.8759023652115245
1.4829659318637274,0.3228788966819838,0.06592868965719041,559.0356578147642,2.0262938159370887e-9,0.7213753850789236,-0.7367933733938862,0.01541798831502223,1.8447504144229587,-1.2925836416091305,-0.5521667728136843,-1.1661230005498713,0.4174041754874185,0.7487188250623649,2.717117530314318,1.0000147820594494,0.7585470520122086,0.6,1.3585746854601042,0.5000201253694784,2.7171170163040936,1.0000132115511988,0.6,3.886792614139848
1.4869739478957915,0.32287889670739034,0.06592868966541396,560.5466442613828,1.8901421565654757e-9,0.4766325493391286,0.3628146511145274,-0.8394472004536152,0.5369840402513801,1.3041231457106648,-1.841107185962003,0.12123846694339457,-1.078607655531744,0.9573691885883621,2.7171173295870306,1.000014162825007,0.7585475215911314,0.6,1.3585735254803668,0.5000195881087941,2.7171168416761278,1.0000126431011627,0.6,3.897682862349333
1.4909819639278556,0.32287889673299097,0.06592868967222569,562.0576307080045,1.8305496520286093e-9,-0.6643947104970147,0.7801673132166923,-0.11577260271972606,-1.7805548051121345,1.4484895495691148,0.3320652555428809,1.1806168812734588,-0.5463500602530744,-0.6342668210202886,2.7171171390847224,1.0000135636696659,0.7585479761607696,0.6,1.358572414330411,0.5000190609994523,2.717116676315584,1.0000120933945018,0.6,3.908573109877161
1.4949899799599198,0.32287889675712683,0.06592868967862833,563.5686171546256,1.756106428154272e-9,-0.5560599111441834,-0.26954685454715055,0.8256067656912938,-0.7498466173540809,-1.1309584589389017,1.8808050762929238,0.01990245738882509,1.0132923507881746,-1.0331948081769948,2.7171169585340884,1.0000129840795937,0.7585484158824313,0.6,1.3585713504213774,0.5000185440065457,2.7171165201487133,1.0000115619900725,0.6,3.9194633567610113
1.498997995991984,0.32287889677990733,0.06592868968465171,565.0796036012467,1.669976921470808e-9,0.5979186062913849,-0.8123912221839629,0.21447261589262812,1.6909117976222272,-1.5836938840551704,-0.10721791356692496,-1.1782375712975222,0.6674875945878426,0.5107499767095912,2.717116787505168,1.000012423553864,0.758548841137223,0.6,1.358570332205044,0.5000180370851872,2.717116372312275,1.0000110484087348,0.6,3.9303536030356767
1.503006012024048,0.3228788968014149,0.06592868969033004,566.5905900478663,1.5827511193859443e-9,0.6275401551473301,0.1724267382419202,-0.7999668933891977,0.9519925083120476,0.9416302981143929,-1.893622806426366,-0.1607589388174601,-0.9334952367611105,1.0942541755785615,2.7171166256433517,1.0000118815968453,0.758549252301331,0.6,1.358569358173109,0.500017540185576,2.717116233039705,1.0000105521694442,0.6,3.9412438487349712
1.5070140280561122,0.3228788968513023,0.0659286897041649,568.1015764945113,2.133004063041354e-9,-0.5228971731451537,0.8330046140909563,-0.3101074409458398,-1.5771027010973244,1.6962644756279985,-0.11916177453079718,1.159019166489106,-0.7790855498872347,-0.3799336166017774,2.717116472644297,1.0000113577238767,0.7585496507486699,0.6,1.358568426856622,0.500017053248174,2.7171161015718406,1.0000100726301562,0.6,3.9521340938920657
1.5110220440881763,0.32287889684045923,0.06592868970045636,569.6125629411024,1.3648832398276554e-9,-0.6900516990960995,-0.07284232831623617,0.7628940274122851,-1.1405326790895647,-0.7388445150355477,1.8793771941250232,0.2993178792254363,0.8403567645548033,-1.1396746437802128,2.7171163281515596,1.0000108514570762,0.7585500338280986,0.6,1.3585675368251375,0.5000165762088477,2.7171159779776333,1.0000096098957056,0.6,3.963024338538112
1.5150300601202404,0.3228788968586324,0.06592868970525174,571.1235493877231,1.3274335428363704e-9,0.44040253185597156,-0.841712754656934,0.4013102228010006,1.440753632592209,-1.7845920405644669,0.3438384079723702,-1.1232360900543468,0.8795488559345185,0.24368723411974424,2.717116191796734,1.000010362331043,0.7585504049020275,0.6,1.358566686686056,0.5000161089951553,2.717115861491918,1.000009162956728,0.6,3.9739145827028644
1.5190380761523046,0.32287889687577026,0.06592868970981335,572.6345358343427,1.2716475576996059e-9,0.7427011399865546,-0.027783131482641374,-0.7149180085038523,1.3127725477952343,0.5254992914717831,-1.8382718392669153,-0.43359901796997846,-0.7352080554991927,1.1688070734691403,2.717116063325976,1.000009889884203,0.7585507633220551,0.6,1.3585658750839253,0.5000156515313615,2.7171157524236524,1.000008731560486,0.6,3.984804826415802
1.5230460921843687,0.3228788968919709,0.0659286897141287,574.1455222809617,1.220025640143064e-9,-0.3516137573581121,0.8383913233371126,-0.48677756597902483,-1.2838137006833825,1.847414667141258,-0.5636009664579755,1.0713999958590144,-0.9674418422474049,-0.10395815361152297,2.717115942423128,1.000009433667908,0.7585511094278248,0.6,1.358565100699799,0.5000152037332343,2.7171156498612707,1.0000083152874826,0.6,3.9956950697048206
1.5270541082164328,0.3228788969073015,0.06592868971821804,575.6565087275808,1.1728959743417345e-9,-0.7847360216718086,0.12801151920457454,0.6567245024671754,-1.466250492812759,-0.3046437215524406,1.7708942143650852,0.5616832325728847,0.6195518775436412,-1.181235110116479,2.7171158287412487,1.000008993239999,0.7585514435549012,0.6,1.3585643622503767,0.5000147655142548,2.7171155539754563,1.0000079137057918,0.6,4.006585312596009
1.531062124248497,0.3228788969218148,0.06592868972209273,577.1674951741995,1.1297450125424608e-9,0.25779977843530705,-0.8230877449151188,0.5652879664798353,1.1085257203555892,-1.883834355558777,0.7753086352032746,-1.004251634031738,1.0415083132642942,-0.03725667923263169,2.717115722073889,1.0000085681668074,0.7585517660329033,0.6,1.358563658487527,0.500014336781676,2.7171154643951803,1.000007526413437,0.6,4.0174755551158565
1.535070140280561,0.32287889693498195,0.06592868972548921,578.6784816208233,1.1991883975483247e-9,0.8155555884409659,-0.22641038825463902,-0.58914520018626,1.598773033390338,0.07943423443738638,-1.6782072678275999,-0.6817399653020663,-0.49504116837410844,1.1767811336761251,2.717115622081535,1.0000081580246598,0.7585520771857883,0.6,1.3585629881974024,0.5000139174386515,2.717115380804269,1.000007153001848,0.6,4.028365797288372
1.539078156312625,0.3228788969482457,0.065928689728935,580.189468067436,1.007375912094487e-9,-0.16030136800851505,0.7960207345053255,-0.6357193664968199,-0.9173948758733413,1.8933305996478942,-0.9759357237746246,0.9227506761828116,-1.10068972250455,0.17793904632181337,2.7171155285032067,1.0000077623985373,0.7585523773230626,0.6,1.3585623501998856,0.5000135073838767,2.7171153027346886,1.0000067930821503,0.6,4.0392560391372605
1.5430861723446891,0.3228788969606595,0.06592868973228741,581.7004545140552,9.797149721248714e-10,-0.8347193709672072,0.3215734378427624,0.5131459331243824,-1.708446176665637,0.14691051429032373,1.56153566237518,0.7920533846433052,0.3634554129710867,-1.1555087976143272,2.7171154410778926,1.0000073808795746,0.7585526667592796,0.6,1.3585617433477595,0.5000131065143812,2.717115230522877,1.0000064462581664,0.6,4.0501462806849755
1.5470941883767533,0.32287889697268407,0.06592868973555759,583.2114409606739,9.56812144368773e-10,0.060511956927199254,-0.7575771292787368,0.6970651723515445,0.7131527769083068,-1.8757676806516006,1.1626149037433497,-0.8280619201955561,1.1441402592695797,-0.31607833907408595,2.7171153596005193,1.0000070130696372,0.7585529458040782,0.6,1.3585611665262396,0.500012714720962,2.7171151634123456,1.000006112163504,0.6,4.061036521953808
1.5511022044088174,0.3228788969842068,0.06592868973871066,584.7224274072928,9.387674457905212e-10,0.8419534862411019,-0.41214061513677797,-0.4298128711042565,1.7937024983373815,-0.3711556442163269,-1.4225468541209139,-0.891046912251495,-0.22667521386775036,1.1177221261191783,2.717115283739143,1.0000066585788285,0.7585532147481416,0.6,1.3585606186520538,0.5000123318932289,2.71711510134657,1.0000057904182866,0.6,4.07192676296357
1.5551102204408815,0.32287889699503375,0.06592868974166553,586.2334138539115,9.219815316087633e-10,0.04014228149939505,0.7083063578954454,-0.7484486393948347,-0.4987184161133379,1.8313966026291852,-1.332678186515886,0.7215386407698771,-1.1712389345321401,0.449700293762322,2.7171152133410033,1.000006317023441,0.7585534738752997,0.6,1.3585600986729904,0.500011957917904,2.7171150443097005,1.0000054806673018,0.6,4.082817003734914
1.5591182364729457,0.32287889700473765,0.06592868974337608,587.7444003005301,8.825223969442486e-10,-0.8371545385929808,0.4968175465815377,0.3403369920113805,-1.8533235161529271,0.5900962810994894,1.263227235053293,0.97730574209174,0.08665540846352417,-1.0639611505551854,2.717115148126789,1.0000059880307102,0.7585537235016173,0.6,1.358559605567108,0.5000115926780271,2.717114991794956,1.0000051825504235,0.6,4.09370724428642
1.5631262525050098,0.3228788970143885,0.06592868974670077,589.2553867471478,8.37840403506741e-10,-0.14022281319135133,-0.6489125862371723,0.7891353994285153,0.2771564518073904,-1.7608514998678813,1.4836950480605124,-0.604703247358743,1.1815984520379874,-0.5768952046792888,2.717115087900422,1.0000056712347225,0.7585539638072814,0.6,1.3585591383421638,0.5000112360549437,2.7171149435584083,1.0000048957436423,0.6,4.104597484636519
1.567134268537074,0.32287889702340794,0.06592868974917303,590.7663731937666,8.297251153852393e-10,0.8203911149571483,-0.5743940415019755,-0.24599707345510638,1.8864571336376166,-0.8006033536087688,-1.0858537800287007,-1.0495970776874217,0.054602861455625123,0.9949942162317171,2.7171150323966615,1.0000053662774662,0.7585541951603253,0.6,1.3585586960348,0.5000108879290586,2.7171148997606984,1.000004619880464,0.6,4.115487724801952
1.571142284569138,0.32287889703188505,0.06592868975149178,592.277359640385,8.215846108466399e-10,0.23829930306899524,0.580244663489908,-0.8185439665588823,-0.05163341464918428,1.665140598983735,-1.6135071843345545,0.4792255358125799,-1.1750707597217538,0.6958452239092134,2.7171149814998032,1.000005072808478,0.7585544177959554,0.6,1.3585582777101628,0.5000105481773685,2.717114860000775,1.0000043546488024,0.6,4.126377964800303
1.5751503006012022,0.32287889703986306,0.06592868975367543,593.7883460870036,8.137940887624565e-10,-0.7919027985176225,0.643761392631129,0.14814140588643443,-1.8926298218525106,0.9996683370503043,0.8929614848020583,1.1068877463923616,-0.19508075533713815,-0.9118069910551346,2.7171149349136474,1.0000047904873681,0.7585546319728009,0.6,1.3585578824610196,0.5000102166755593,2.71711482391741,1.000004099719648,0.6,4.1372682046464915
1.5791583166332663,0.3228788970473816,0.06592868975572662,595.2993325336219,8.062493120379354e-10,-0.33297005866912516,-0.5032839818324628,0.8362540405015652,-0.1746275570482886,-1.5456317887983178,1.720259345846593,-0.3468988142204375,1.1517491533829476,-0.8048503391625341,2.7171148925034023,1.0000045189781095,0.7585548379461313,0.6,1.3585575094072748,0.5000098932994093,2.7171147917890237,1.0000038547765848,0.6,4.148158444356112
1.5831663326653305,0.322878897052282,0.06592868975743418,596.8103189801977,-2.8110017582932223e-10,0.752096742560951,-0.7039282144352469,-0.048168528125642374,1.8717533607667305,-1.1844462257279222,-0.6873071350386621,-1.148358964753901,0.33277058912155505,0.8155883756322594,2.717114854061635,1.0000042579551527,0.7585550360569994,0.6,1.3585571576953295,0.5000095779214926,2.7171147630774044,1.0000036194980813,0.6,4.159048683943507
1.5871743486973946,0.322878897060774,0.06592868975913065,598.3213054268574,7.310504062457052e-10,0.4228820621456563,0.41913045084909084,-0.8420125129947114,0.39839278039446674,1.4040330708055635,-1.802425851199999,0.20961427390561044,-1.1119669429324095,0.9023526690268185,2.7171148194392756,1.000004007099783,0.7585552262679307,0.6,1.3585568264974768,0.5000092704141434,2.717114737549857,1.000003393641187,0.6,4.169938923422717
1.5911823647294587,0.32287889706714246,0.06592868976088202,599.8322918734758,7.29216362471265e-10,-0.7015418439564619,0.7540346125113896,-0.05249276855497932,-1.8241261231275097,1.352296213654979,0.47182990947238823,1.1734180249460409,-0.46570451783066463,-0.7077135071152817,2.7171147883772564,1.0000037661007615,0.7585554090927759,0.6,1.3585565150111585,0.50000897064976,2.717114715283567,1.0000031768485165,0.6,4.180829162805941
1.5951903807615229,0.32287889707316386,0.06592868976254222,601.343278320094,7.279719801510198e-10,-0.5067503067033453,-0.328986778099605,0.8357370848029138,-0.6164642416285809,-1.2423681491145337,1.8588323907430668,-0.06933396167481543,1.0562926886645045,-0.9869587269896917,2.7171147608127795,1.0000035346525336,0.7585555846724599,0.6,1.3585562224586027,0.5000086784996093,2.7171146962331374,1.000002968860042,0.6,4.191719402106692
1.599198396793587,0.32287889707887935,0.0659286897641214,602.854264766712,7.264427560607877e-10,0.6409606288729099,-0.7933644752706933,0.15240384639783625,1.7504287788754869,-1.5008194098335874,-0.2496093690417629,-1.1817067953192253,0.5919826782644556,0.5897241170546801,2.7171147365111747,1.000003312460352,0.7585557532310356,0.6,1.3585559480860734,0.5000083938331745,2.717114679774514,1.0000027693974307,0.6,4.202609641336224
1.6032064128256511,0.3228788970843244,0.06592868976562483,604.3652512133302,7.247684204971761e-10,0.5833761610043572,0.23414128109074944,-0.8175174420950584,0.8257252999272197,1.0629475092620777,-1.888672809189233,-0.07193726042702861,-0.9855220759540657,1.0574593363810918,2.7171147153280457,1.0000030992330278,0.7585559149895827,0.6,1.3585556911633023,0.5000081165221953,2.71711466632823,1.000002578181103,0.6,4.2134998805058
1.6072144288577153,0.3228788970715143,0.06592868976635886,605.8762376599202,8.56622408379277e-12,-0.5712189000502107,0.821355692262903,-0.25013679221273366,-1.6517145729908693,1.6278931239235532,0.023821449067187084,1.1731068061966656,-0.7098003193856183,-0.46330648681095277,2.7171146971467635,1.000002894688255,0.7585560694998401,0.6,1.3585554509830395,0.5000078464359365,2.7171146554260655,1.000002395079322,0.6,4.224390119626595
1.6112224448897794,0.32287889709444845,0.06592868976823606,607.3872241065664,6.883555169594993e-10,-0.6516645020575264,-0.1359494760262592,0.7876139780837372,-1.0231852327588467,-0.8683354022127476,1.8915206349715146,0.21218036807469337,0.9006665478049702,-1.1128469158796443,2.7171146817974825,1.0000026985510646,0.7585562189747094,0.6,1.3585552268603451,0.5000075834444929,2.717114646908616,1.0000022194542593,0.6,4.235280358708518
1.6152304609218435,0.32287889709949097,0.06592868976964078,608.8982105531842,6.688090467550013e-10,0.49331342933303934,-0.837608259267119,0.34429482993412014,1.529394391895039,-1.7317013098768612,0.20230691798194161,-1.1477409796466138,0.8174736195502811,0.3302673600962456,2.7171146690986983,1.0000025105531083,0.758556361603271,0.6,1.3585550181320951,0.500007327418087,2.717114640632452,1.0000020514300103,0.6,4.246170597760826
1.6192384769539077,0.32287889710415957,0.06592868977097295,610.4091969998021,6.762367366535094e-10,0.7106393616309699,0.035814702794070966,-0.746454064424983,1.2060219716359453,0.661313186915834,-1.867335158551685,-0.3493910296814254,-0.8029388408106125,1.1523298704920129,2.7171146589828012,1.000002330430506,0.7585564982560487,0.6,1.3585548241564445,0.5000070782281818,2.7171146368933226,1.0000018906348682,0.6,4.257060836793241
1.6232464929859718,0.322878897108502,0.06592868977220782,611.9201834464201,6.836585988929319e-10,-0.40835759094294805,0.8418898507654723,-0.4335322598225538,-1.385216326462239,1.810760277867896,-0.425543951405765,1.1059718204651914,-0.9134637167101114,-0.19250810375499133,2.717114651296337,1.0000021579296718,0.7585566291241841,0.6,1.3585546443123275,0.5000068357440098,2.717114634948791,1.0000017368376932,0.6,4.267951075814366
1.627254509018036,0.32287889711254913,0.06592868977335375,613.4311698930381,6.899864050824785e-10,-0.7594578787786433,0.06483192837258217,0.6946259504060042,-1.371622440142678,-0.4448395910513674,1.8164620311939383,0.48160825132133955,0.6937356622790429,-1.175343913600343,2.7171146458733313,1.0000019928009583,0.758556754397151,0.6,1.3585544779987986,0.5000065998380997,2.7171146351684192,1.0000015897941332,0.6,4.278841314831864
1.6312625250501,0.32287889714363915,0.06592868978507664,614.9421563396646,9.060897023586242e-10,0.3175655946729581,-0.834139346792536,0.5165737521196047,1.2212410876842974,-1.8639403135089512,0.642699225824749,-1.0483963772634448,0.9963988115155613,0.0519975657478039,2.717114642669088,1.0000018348006172,0.7585568750763908,0.6,1.3585543246347176,0.5000063703821621,2.71711463744031,1.0000014491307911,0.6,4.2897315538543035
1.6352705410821642,0.32287889711929835,0.06592868977492991,616.4531427862743,6.641465116716398e-10,0.7974223498568334,-0.16455199217904876,-0.6328703576777204,1.5176199075189072,0.22200842262127052,-1.7396283301400592,-0.6069424069896687,-0.5746177293610506,1.1815601363506736,2.717114641505208,1.000001683695285,0.7585569888957031,0.6,1.3585541836580521,0.5000061472474762,2.7171146411486857,1.0000013150903584,0.6,4.300621792888407
1.6392785571142283,0.32287889712276086,0.06592868977596768,617.9641292328919,6.384678593809563e-10,-0.22223496217235625,0.8144673516335413,-0.5922323894612013,-1.039811857945212,1.8904809149097095,-0.8506690569645786,0.9758372632615977,-1.0650933986341231,0.08925613537260309,2.7171146422745744,1.0000015392535175,0.7585570984666291,0.6,1.3585540545255086,0.5000059303078757,2.71711464645605,1.0000011869946352,0.6,4.311512031941147
1.6432865731462925,0.322878897125863,0.06592868977684672,619.4751156795094,6.425932095891616e-10,-0.8239901941288909,0.2619203051298307,0.5620698889989976,-1.6419278048851293,0.003995650621411266,1.63793215426359,0.7236022427738422,0.44728745756380794,-1.1708897003375918,2.7171146448801373,1.0000014012503742,0.7585572031547623,0.6,1.3585539367119115,0.5000057194384775,2.7171146536836344,1.0000010647810358,0.6,4.322402271018994
1.6472945891783566,0.32287889712877216,0.06592868977767262,620.986102126127,6.50357181924694e-10,0.12372820693057793,-0.783155182645399,0.6594269757148321,0.8435219237142343,-1.8900032385205985,1.04648131480643,-0.8893317315378424,1.1185659218281536,-0.22923419029037898,2.717114649254113,1.0000012694688045,0.7585573031227435,0.6,1.358553829709912,0.5000055145127591,2.717114662173796,1.000000948259059,0.6,4.333292510128584
1.6513026052104207,0.32287889713151496,0.06592868977845218,622.4970885727449,6.572266169646226e-10,0.8387817100343962,-0.35554529754705566,-0.483236412487274,1.7427695477020446,-0.22994261848605912,-1.5128269292158494,-0.8299204774862717,-0.31356462926745626,1.1434851067536644,2.717114655215242,1.0000011436969882,0.7585573985313893,0.6,1.35855373302928,0.5000053154073352,2.7171146720715296,1.000000837219299,0.6,4.344182749274781
1.6553106212424848,0.32287889713410967,0.06592868977918426,624.0080750193626,6.628261322792581e-10,-0.02345314909936641,0.7406502921810221,-0.7171971430816563,-0.6351765168382446,1.8625139553859806,-1.2273374385477855,0.790116021101118,-1.1560520899538276,0.36593606885277224,2.7171146627532843,1.0000010237271038,0.7585574895388639,0.6,1.3585536461966599,0.5000051219994625,2.717114683428595,1.0000007314755304,0.6,4.355072988463814
1.659318637274549,0.32287889713583334,0.0659286897791931,625.5190614659643,2.2776497560900695e-10,-0.8415854994484906,0.4440888967692455,0.39749660267917974,-1.818703922458695,0.45260328602405053,1.366100636434502,0.924377629357722,0.17536038780875549,-1.0997380171664046,2.7171146717216708,1.0000009093594104,0.7585575763188269,0.6,1.358553568754977,0.5000049341666762,2.717114695920332,1.0000006308350338,0.6,4.365963227700269
1.6633266533066131,0.32287889713856055,0.06592868978018851,627.0300479125983,6.06289564815896e-10,-0.07715709751537494,-0.6875601520153636,0.7647172495307334,0.4177532732183522,-1.8084059356012663,1.390652662382947,-0.6796081049128777,1.1770161559377021,-0.4974080510248772,2.717114682055427,1.0000008003988161,0.7585576589551353,0.6,1.3585535002630809,0.5000047517879603,2.7171147093556054,1.0000005351324588,0.6,4.376853466989122
1.6673346693386772,0.322878897140856,0.06592868978084712,628.5410343592157,6.057187257863568e-10,0.832361489000619,-0.5262856518051687,-0.30607583719538467,1.8686456844127777,-0.6687954230156747,-1.1998502613969568,-1.0056237299463566,-0.03464992476965856,1.0402736547159368,2.717114693627736,1.0000006966547432,0.7585577376554135,0.6,1.358553440295148,0.5000045747450137,2.717114724104376,1.0000004441681927,0.6,4.387743706334245
1.6713426853707414,0.32287889714322116,0.06592868978154322,630.0520208058332,6.122318378866962e-10,0.17666462819015843,0.6246435169770356,-0.8013081451671797,-0.19435956875821236,1.7284524804965642,-1.5340929117383668,0.559387342914826,-1.1811585040233075,0.6217711611085254,2.7171147064416883,1.0000005979422504,0.7585578125453115,0.6,1.3585533884405092,0.50000440291879,2.717114739795679,1.0000003577863426,0.6,4.398633945740695
1.6753507014028055,0.32287889714569507,0.06592868978229517,631.5630072524509,6.249174298386209e-10,-0.8112415096041142,0.6009608220629871,0.21028068754106427,-1.8918810797194598,0.8754292508911026,1.0164518288282094,1.0724976277327698,-0.10655575005172908,-0.965941877680957,2.717114720322416,1.0000005040832738,0.7585578837608545,0.6,1.3585533443029756,0.500004236192248,2.717114756255332,1.0000002758123119,0.6,4.4095241852113505
1.6793587174348696,0.32287889714795504,0.06592868978297475,633.0739936990688,6.377796557891042e-10,-0.2736472981998596,-0.5527995815203087,0.8264468797201469,-0.03181189132958134,-1.6237962725410433,1.6556081638706222,-0.4311719103130812,1.1684199333369258,-0.7372480230238785,2.7171147352612293,1.0000004149016064,0.7585579514248405,0.6,1.3585533075005887,0.5000040744508726,2.7171147738271118,1.0000001980862625,0.6,4.420414424750331
1.6833667334669338,0.3228788971464974,0.06592868978440065,634.5849801456882,6.581002672991204e-10,0.7785273929507529,-0.6670471527392037,-0.11148024021148922,1.8880780127032362,-1.0695515820247936,-0.8185264306782953,-1.1240435621863958,0.24623854645707338,0.8778050157292342,2.7171147511595684,1.0000003302287614,0.7585580155934787,0.6,1.3585532776651774,0.5000039175797276,2.7171147921077563,1.0000001244671088,0.6,4.431304664360774
1.687374749498998,0.32287889715151463,0.06592868978378535,636.0959665923044,5.956048028701136e-10,0.3667190454364019,0.4730551231723538,-0.8397741686087272,0.25752870168295733,1.495933029337292,-1.7534617310202294,0.29679423777894526,-1.1389824930079484,0.8421882552290257,2.717114767976823,1.0000002499006633,0.758558076609338,0.6,1.3585532544419803,0.5000037654658345,2.7171148109038477,1.0000000547664663,0.6,4.442194904045981
1.691382765531062,0.3228788971532579,0.06592868978430295,637.6069530389223,5.962807575981885e-10,-0.7346867002950438,0.7236001653416023,0.011086534953384202,-1.8572908533297368,1.2483880665518736,0.608902786777718,1.159524852949042,-0.38240214499624203,-0.7771227079527095,2.717114785570692,1.0000001737572841,0.7585581343733288,0.6,1.3585532374891216,0.5000036179989624,2.717114830495437,0.9999999888648159,0.6,4.453085143807919
1.6953907815631262,0.32287889715484636,0.06592868978477441,639.1179394855398,6.017951190184569e-10,-0.45454970410994905,-0.386549839433762,0.8410995435436761,-0.47956495305080454,-1.3466901587763116,1.8262551118270791,-0.15817483171699592,1.0932669029535067,-0.9350920712365227,2.717114803982569,1.0000001016422506,0.7585581890800949,0.6,1.3585532264774736,0.5000034750694061,2.717114850842787,0.9999999266141419,0.6,4.4639753836502
1.6993987975951903,0.32287889715629825,0.0659286897852082,640.6289259321572,6.084428485694764e-10,0.6803459826747108,-0.7698115988708714,0.08946561619621483,1.7999595972206859,-1.4093827900949576,-0.3905768071255877,-1.1784344054805822,0.5131005129677689,0.665333892512722,2.7171148230724684,1.0000000334069636,0.7585582408423156,0.6,1.3585532210901006,0.5000033365680528,2.717114871469616,0.9999998678740344,0.6,4.474865623574474
1.7034068136272544,0.32287889715763574,0.06592868978560679,642.1399123787747,6.178327154391124e-10,0.5358840140225182,0.29452005078531435,-0.8304040648077897,0.6947473409474105,1.1782006193304833,-1.8729479602778396,0.017294818462361743,-1.0319265259494455,1.014631707487086,2.717114842806022,0.9999999689036009,0.7585582897723168,0.6,1.3585532210219395,0.5000032023897418,2.717114892880399,0.9999998125027929,0.6,4.4857558635829635
1.7074148296593186,0.32287889715387313,0.06592868978603983,643.6508988254106,1.063815286729205e-9,-0.6162818687970524,0.8050210086021371,-0.1887391398051326,-1.7169036288058528,1.5502348553141059,0.16666877349161288,1.1805019654630975,-0.636465728665689,-0.5440362367973156,2.7171148631519304,0.9999999079920046,0.758558335718414,0.6,1.3585532259795408,0.5000030724279179,2.7171149144074245,0.9999997604304386,0.6,4.496646103677956
1.7114228456913827,0.32287889715960577,0.0659286897859496,645.1618852720095,5.754061640082066e-10,-0.6095595598903416,-0.19828103157861754,0.8078405914689121,-0.9000005164140089,-0.9928724363744327,1.8928729527883714,0.12383236887652505,0.9558380296160823,-1.079670398492597,2.717114884043512,0.9999998505315424,0.7585583795659879,0.6,1.3585532356806052,0.5000029465811028,2.717114936778207,0.9999997113683885,0.6,4.507536343861021
1.7154308617234468,0.32287889716074275,0.06592868978627946,646.6728717186278,5.736604836468568e-10,0.5434099714686287,-0.8287252057823805,0.2853152343137945,1.60930995106497,-1.6689312179993951,0.05962126693455072,-1.1656980038420715,0.7507346943522003,0.4149633094897809,2.7171149053805848,0.9999997963928572,0.7585584206300756,0.6,1.3585532498536674,0.5000028247456961,2.7171149591755337,0.9999996653498222,0.6,4.518426584133216
1.719438877755511,0.322878897161791,0.06592868978659383,648.1838581652452,5.761885317405221e-10,0.674523383434482,0.09920821351618023,-0.773731596950609,1.0923910366036813,0.7933542882657049,-1.8857453248693008,-0.2631897649251349,-0.866088857694739,1.1292786226198537,2.717114927192824,0.9999997454435663,0.758558459276429,0.6,1.3585532682378219,0.5000027068230612,2.7171149821917573,0.999999622202468,0.6,4.529316824496611
1.723446893787575,0.3228788971627945,0.06592868978689759,649.6948446118627,5.797921342891796e-10,-0.4627717437854686,0.8405853960985505,-0.37781365231311764,-1.4787162929747208,1.763775501127102,-0.28505920815249675,1.1342340762067769,-0.8542742810947627,-0.2799597951119255,2.717114949399823,0.9999996975602325,0.7585584955978883,0.6,1.3585532905823918,0.5000025927131594,2.717115005176278,0.9999995818171666,0.6,4.5402070649522335
1.7274549098196392,0.32287889716377444,0.06592868978719772,651.20583105848,5.854091517673829e-10,-0.7298470321028867,0.0012824721516047216,0.7285645599512254,-1.2691692879192058,-0.5824976529058395,1.8516669408249462,0.3987856974877748,0.7639616886302911,-1.1627473861180346,2.7171149719284236,0.9999996526203996,0.7585585296874273,0.6,1.3585533166465131,0.5000024823204606,2.717115028606586,0.9999995440709197,0.6,4.5510973055007
1.7314629258517034,0.3228788971442932,0.06592868978859069,652.7168175051191,1.1312143282313794e-9,0.37551964958203327,-0.8404320659033774,0.4649124163213737,1.326989044113756,-1.8334121676409951,0.5064231235273429,-1.0865598598155988,0.9456047193569307,0.14095514045858362,2.717114994812972,0.9999996105055802,0.7585585606658528,0.6,1.358553346199025,0.5000023755493115,2.71711505231387,0.9999995090473032,0.6,4.561987546143748
1.7354709418837675,0.32287889716546636,0.06592868978743534,654.2278039517124,4.891623728028332e-10,0.7747398302609321,-0.10175482953830813,-0.6729850007225634,1.4278087865405575,0.36331605787631094,-1.7911248444167567,-0.5286822528122932,-0.6509161072166051,1.1795983600288575,2.7171150179389607,0.9999995711036168,0.7585585915394009,0.6,1.3585533790179514,0.5000022723056015,2.717115076015815,0.9999994760877058,0.6,4.572877786881395
1.7394789579158316,0.32287889716687557,0.06592868978794567,655.7387903983331,5.459278479298663e-10,-0.28290071106917297,0.8282674516484905,-0.5453667405793395,-1.1562967391170478,1.8768460819669603,-0.720549342850003,1.023356722803833,-1.0234207426332462,0.00006401982949325816,2.717115041283587,0.9999995343035688,0.7585586194665006,0.6,1.3585534148903955,0.5000021724974749,2.7171150997196722,0.9999994456426636,0.6,4.583768027714441
1.7434869739478958,0.3228788971679816,0.06592868978830675,657.2497768449507,5.511246650977878e-10,-0.8085601750092325,0.20077292397952598,0.6077872510296439,-1.5660422788516484,-0.1389420089516466,1.7049842878031725,0.651022969442582,0.528567739850298,-1.1795907092928288,2.7171150648284996,0.9999994999971213,0.7585586454992811,0.6,1.3585534536120834,0.5000020760358929,2.717115123881467,0.9999994174251025,0.6,4.594658268643415
1.7474949899799597,0.32287889716894935,0.06592868978862153,658.7607632915682,5.572778804354459e-10,0.18623859103490167,-0.8042653582081366,0.61802676717325,0.9690788030015581,-1.8934563832283064,0.924377580226824,-0.9455279317687987,1.086610198750163,-0.14108226698143744,2.717115088563481,0.9999994680819475,0.7585586697154948,0.6,1.358553494987283,0.5000019828306944,2.7171151478769455,0.9999993913516224,0.6,4.605548509669095
1.7515030060120238,0.32287889716979773,0.06592868978889971,660.2717497381857,5.638706144312844e-10,0.8308247087760615,-0.29692160458197875,-0.533903104194018,1.6818941486486312,-0.08741777704765659,-1.594476371600843,-0.7640593713602731,-0.3986651677861394,1.1627245391463528,2.71711511238168,0.9999994384579814,0.7585586921911436,0.6,1.3585535388283063,0.5000018927957416,2.7171151719763738,0.9999993673182641,0.6,4.616438750790896
1.755511022044088,0.3228788971705378,0.06592868978914006,661.7827361848032,5.714960808663347e-10,-0.0869147799180297,0.7687688361975491,-0.6818540562795266,-0.7680109522471227,1.8830057162078189,-1.1149947639607563,0.8541858108451393,-1.134269999790777,0.280084188945704,2.7171151363385535,0.9999994110270773,0.7585587130011967,0.6,1.358553584955469,0.5000018058458079,2.717115196225858,0.9999993452432356,0.6,4.62732899200982
1.759519038076152,0.32287889717037643,0.0659286897890709,663.2937226314187,4.957259878171284e-10,-0.8412152319013784,0.38882672865414136,0.45238850324717145,-1.7737086644972035,0.3125282004985892,1.4611804639984762,0.8661759620048738,0.2630649407273577,-1.129240902732164,2.7171151603475003,0.9999993856964394,0.7585587322183036,0.6,1.3585536331966757,0.5000017218967687,2.7171152204113156,0.9999993250373815,0.6,4.638219233325405
1.7635270541082162,0.3228788971713828,0.06592868978917726,664.8047090780383,5.222337265936615e-10,-0.013651202042135012,-0.7222851986062209,0.7359364006483553,0.5559668186833003,-1.8456434460548912,1.2896766273716347,-0.7506358096295968,1.1657190030845945,-0.41508319345505673,2.7171151844012518,0.9999993623758566,0.7585587499064091,0.6,1.3585536833872747,0.5000016408661386,2.7171152443439928,0.9999993066233186,0.6,4.649109474737802
1.7675350701402803,0.3228788971719095,0.06592868978935651,666.3156955246558,5.255936082011837e-10,0.8395832509535659,-0.47517480897231135,-0.3644084419811894,1.840173634799027,-0.5331720233114343,-1.307001611487449,-0.9559133117940776,-0.12370503323325961,1.0796183450272625,2.7171152084424093,0.9999993409766393,0.75855876613604,0.6,1.358553735369653,0.5000015626748209,2.7171152685143056,0.9999992899089233,0.6,4.659999716246418
1.7715430861723445,0.32287889717237894,0.06592868978951459,667.8266819712732,5.30890197918787e-10,0.11402208282446419,0.6654787830333674,-0.7795008658578226,-0.3359769022568151,1.7819035513714145,-1.4459266491146257,0.6363578486097407,-1.1805077468983785,0.5441498982886875,2.7171152325226573,0.9999993214140427,0.7585587809720783,0.6,1.3585537889932515,0.5000014872429629,2.717115292526804,0.9999992748298677,0.6,4.670889957851891
1.7755511022044086,0.32287889717280716,0.06592868978966278,669.3376684178905,5.360226629896265e-10,-0.8259520867411712,0.5547317694298273,0.27122031731127944,-1.880339153817527,0.7461958403277903,1.1341433134895897,1.0319889093018544,-0.01742284452985087,-1.0145660647719228,2.7171152565227037,0.9999993036073622,0.7585587944759189,0.6,1.3585538441140677,0.5000014144933627,2.717115316330664,0.9999992613023692,0.6,4.681780199552932
1.7795591182364727,0.3228788971732092,0.0659286897897995,670.848654864508,5.426414971501154e-10,-0.21276337920270857,-0.599161457255245,0.8119248364579371,0.11118526093627801,-1.6926969925099586,1.5815117315736893,-0.5129851689213646,1.178424873604038,-0.6654397046827133,2.717115280493305,0.9999992874756883,0.7585588067093202,0.6,1.3585539005946177,0.5000013443512435,2.717115340269104,0.9999992492554063,0.6,4.692670441349784
1.7835671342685369,0.3228788971715127,0.06592868979032769,672.3596413111479,1.0836537642452333e-9,0.8005165535526457,-0.6263605959787859,-0.17415595757379718,1.8936311822548013,-0.9485551510613084,-0.945076031193345,-1.0933154950778903,0.15830171764415243,0.9350137774336528,2.717115304380759,0.9999992729437086,0.7585588176800689,0.6,1.3585539583036492,0.5000012767416748,2.7171153639690253,0.9999992386307626,0.6,4.703560683241756
1.787575150300601,0.3228788971736046,0.06592868978970573,673.8706277577425,4.913113286251092e-10,0.3084638974332721,0.5242810164548164,-0.8327449138880642,0.11519542211469871,1.5792986925976362,-1.6944941147123258,0.3822809910881444,-1.1595001501526025,0.7772191590644887,2.7171153281917517,0.9999992599376736,0.7585588275953387,0.6,1.3585540171159585,0.5000012115920418,2.7171153873685943,0.999999229336085,0.6,4.71445092522856
1.7915831663326651,0.3228788971740289,0.06592868978986163,675.3816142043602,4.96420059733199e-10,-0.7636401737332803,0.6890375842008375,0.07460258953238369,-1.8798597521172211,1.137357874039291,0.7425018780777835,1.1390165998443096,-0.2969181705476948,-0.8420984292965253,2.7171153518393005,0.9999992483863707,0.7585588363554636,0.6,1.3585540769120428,0.5000011488322129,2.717115410739284,0.9999992213241153,0.6,4.725341167308821
1.7955911823647293,0.3228788971745437,0.06592868979004819,676.8926006509776,5.030645974262603e-10,-0.39975590137225,-0.4419076385161863,0.8416635398884057,-0.3399297522729812,-1.4433293185556508,1.7832590708286051,-0.24611331655596358,1.1240040437603869,-0.877890727204442,2.717115375408757,0.9999992382198473,0.7585588440696951,0.6,1.3585541375781436,0.5000010883926282,2.717115434042217,0.9999992145319536,0.6,4.736231409482926
1.7995991983967934,0.3228788971753705,0.06592868979035102,678.4035870975952,5.144945111771365e-10,0.7158499766031254,-0.7418669630592556,0.02601698645618677,1.8392216837747266,-1.3099056703050045,-0.5293160134695781,-1.1684390719600637,0.43129111951226073,0.7371479524477121,2.7171153987983208,0.999999229373665,0.7585588507936454,0.6,1.3585541990058414,0.5000010302045708,2.7171154569009297,0.999999208895317,0.6,4.747121651749374
1.8036072144288575,0.32287889717607027,0.06592868979060733,679.9145735442128,5.268166591612935e-10,0.4853346621875277,0.35321859117857896,-0.8385532533660679,0.5598058653204312,1.2867321257745963,-1.8465379910949837,0.10642823143474016,-1.0724438619267331,0.9660156304920022,2.7171154220267844,0.9999992217820577,0.7585588565625115,0.6,1.3585542610919377,0.5000009742030112,2.7171154798421826,0.9999992043535167,0.6,4.758011894107596
1.8076152304609217,0.3228788971766142,0.065928689789908,681.4255599908374,6.893369588390242e-10,-0.6578289938554073,0.7840937241173002,-0.1262647302619431,-1.772297773134769,1.463732521550807,0.30856525158382336,1.1811624181458036,-0.5595001393555087,-0.6216622787902016,2.7171154450893567,0.9999992153856349,0.7585588616152031,0.6,1.35855432373833,0.5000009203211953,2.7171155021103788,0.9999992008270859,0.6,4.768902136556987
1.8116232464929858,0.3228788971767067,0.06592868979062932,682.9365464374473,4.839745109929225e-10,-0.5639770983793478,-0.25948139991817765,0.8234584982974824,-0.7716813237876589,-1.111745163260032,1.8834264870476307,0.03477790952287962,1.0055564843143432,-1.0403343938372194,2.7171154679802627,0.9999992101200952,0.7585588654222597,0.6,1.3585543868517562,0.5000008684983908,2.71711552479815,0.9999991983525237,0.6,4.779792379096715
1.81563126252505,0.32287889717715745,0.06592868979080119,684.4475328840655,4.947309284743565e-10,0.5904063753062986,-0.8151142988288499,0.2247079235225979,1.680044443399347,-1.5966399219108345,-0.08340452148838118,-1.1770047547551865,0.6797128496334549,0.4972919051216404,2.7171154906180797,0.9999992059336958,0.7585588685992006,0.6,1.3585544503435751,0.5000008186701432,2.7171155468392416,0.9999991967810211,0.6,4.790682621725174
1.819639278557114,0.3228788971774863,0.06592868979093529,685.958519330683,5.033658794960278e-10,0.6345592663324837,0.16203574379300437,-0.7965950101254384,0.9725280387081534,0.9208693229598365,-1.893397361667914,-0.1754870095574156,-0.9242978593972322,1.0997848689546343,2.7171155130817377,0.9999992027676383,0.7585588710004487,0.6,1.3585545141297213,0.5000007707775386,2.717115568910311,0.9999991960955957,0.6,4.801572864442246
1.8236472945891782,0.3228788971777439,0.06592868979104484,687.4695057773005,5.114068339333215e-10,-0.5145457930799392,0.8344854186541716,-0.3199396255742716,-1.5637802124610838,1.7067284209460791,-0.14294820848511774,1.156025549462155,-0.7902112283331493,-0.3658143211289149,2.7171155353150502,0.9999992005707055,0.7585588726652336,0.6,1.3585545781304789,0.5000007247600115,2.7171155904163817,0.9999991962527764,0.6,4.8124631072466375
1.8276553106212423,0.32287889717794943,0.06592868979113531,688.9804922239178,5.200654517759781e-10,-0.696072419053499,-0.06227430054478773,0.7583467195982333,-1.159475544353591,-0.7168325738269584,1.876308118180459,0.3136880776514059,0.8298293248203754,-1.1435174024717558,2.7171155572900716,0.9999991992904982,0.7585588736333921,0.6,1.358554642270248,0.5000006805612375,2.717115611890298,0.9999991971958204,0.6,4.823353350137003
1.8316633266533064,0.3228788971753582,0.06592868979043197,690.4914786706039,2.2323176637714224e-9,0.4313314045659166,-0.84193021142611,0.4105988068602278,1.4251667073409373,-1.7924246564126856,0.3672579490718597,-1.1185246156766124,0.8894160343905331,0.22910858128599265,2.717115579064444,0.9999991988788812,0.7585588736356949,0.6,1.35855470647757,0.5000006381234011,2.717115632760269,0.9999991989536523,0.6,4.834243593113052
1.8356713426853706,0.32287889717773716,0.06592868979085181,692.0024651171518,4.752495244052702e-10,0.7476374218296812,-0.03837715581698735,-0.7092602660126347,1.3298520205376645,0.5025509755001052,-1.8324029960376658,-0.4474059680120551,-0.7235010102716734,1.1709069782836945,2.7171156005666997,0.9999991992848806,0.7585588736306604,0.6,1.3585547706847718,0.5000005973938323,2.71711565395029,0.9999992012874148,0.6,4.845133836173067
1.8396793587174347,0.3228788971779904,0.06592868979097843,693.5134515637701,4.824029531566533e-10,-0.3419525104153932,0.8373422835700819,-0.49538977315471383,-1.266184943869024,1.8525038371150508,-0.5863188932461256,1.065037929434611,-0.9759094688382902,-0.08912846059623655,2.7171156217903443,0.9999992004676407,0.7585588727293988,0.6,1.3585548348279746,0.500000558316208,2.7171156743595954,0.9999992043485211,0.6,4.85602407931599
1.8436873747494988,0.3228788971781203,0.06592868979104886,695.0244380103875,4.890910539022531e-10,-0.7885173173799274,0.13848013286964145,0.6500371845102254,-1.4812224764443807,-0.2810870036055123,1.7623094800497774,0.5747296081026629,0.6068325412457294,-1.1815621493483464,2.717115642760229,0.9999992023800178,0.7585588712740642,0.6,1.358554898846825,0.5000005208402918,2.7171156948345057,0.9999992080285873,0.6,4.866914322540883
1.847695390781563,0.32287889717825236,0.06592868979111782,696.5354244570049,4.961584292996647e-10,0.24768648355963696,-0.820787199103253,0.5731007155436372,1.089107086901619,-1.8861073577356282,0.7970002708340942,-0.9963298944284862,1.048455363717086,-0.05212546928867583,2.7171156634816573,0.9999992049811799,0.7585588692971651,0.6,1.3585549626845137,0.5000004849134609,2.7171157147554768,0.9999992123000985,0.6,4.87780456584689
1.851703406813627,0.322878897178404,0.06592868979119433,698.0464109036222,5.033451482304904e-10,0.8181278556234456,-0.2366039751727653,-0.5815238804506148,1.611423549770811,0.05560578263019694,-1.667029332400882,-0.6938393093981248,-0.48149132312224696,1.1753306325203192,2.7171156838826414,0.9999992082304288,0.7585588668296468,0.6,1.3585550262874349,0.5000004504869215,2.717115734475001,0.9999992171143947,0.6,4.888694809232081
1.8557114228456912,0.3228788971785842,0.06592868979127729,699.5573973502396,5.110121782604382e-10,-0.14988056243097939,0.7925015607344077,-0.6426209983034384,-0.8964638923380038,1.892754946537111,-0.9962910541991773,0.9133824784017346,-1.106016909577136,0.1926344311754743,2.717115704043508,0.9999992120877479,0.7585588639023938,0.6,1.358555089605278,0.5000004175120925,2.717115753996421,0.9999992224445018,0.6,4.8995850526961515
1.8597194388777554,0.3228788971783645,0.06592868979128634,701.0683837968576,4.99452050679599e-10,-0.8360458476721472,0.33134631300105755,0.5046995346710257,-1.718594428631594,0.17067014729404179,1.5479242813374179,0.8030327762501627,0.3492687115127214,-1.1523014877628195,2.717115723900283,0.9999992165165743,0.7585588605535952,0.6,1.3585551525907342,0.5000003859413794,2.717115773175454,0.9999992282510827,0.6,4.91047529623737
1.8637274549098195,0.3228788971792249,0.06592868979132219,702.5793702434746,4.732570043066365e-10,0.04993257338476811,-0.7528896247782255,0.7029570513934625,0.6910085872067577,-1.8723516035674796,1.1813430163607759,-0.8173811548866107,1.1477714502118876,-0.33039029532533964,2.717115743465483,0.9999992214815733,0.7585588567977473,0.6,1.358555215199487,0.5000003557282222,2.717115791818125,0.999999234509104,0.6,4.921365539854724
1.8677354709418836,0.32287889717968815,0.06592868979151807,704.0903566900922,4.84451643353985e-10,0.8420152126803547,-0.4213531062402824,-0.42066210644000523,1.8012034434456257,-0.39450689055797294,-1.4066965528875122,-0.9007494333500242,-0.21205440835889533,1.1128038417088504,2.717115762715636,0.999999226947014,0.7585588526595716,0.6,1.358555277389942,0.5000003268291536,2.7171158104691986,0.9999992411773927,0.6,4.932255783546666
1.8717434869739478,0.32287889718004736,0.06592868979167298,705.6013431367098,4.959238449039144e-10,0.050729044553152525,0.7025175117063791,-0.7532465562595261,-0.4756774977504598,1.8251889138169755,-1.3495114160665524,0.7096979513724836,-1.173122226948388,0.46342427557596116,2.717115781714696,0.999999232880094,0.7585588481641321,0.6,1.3585553391233456,0.5000002991992837,2.717115828690615,0.9999992482396706,0.6,4.943146027312776
1.875751503006012,0.3228788971803167,0.06592868979179842,707.1123295833273,5.063936398839614e-10,-0.8359506318390472,0.5053379885310475,0.33061264330793266,-1.8580699493013904,0.6127054047833254,1.2453645445179196,0.9855927250327245,0.07180945784051088,-1.0574021828731577,2.7171158003662543,0.9999992392500825,0.7585588433348208,0.6,1.3585554003634204,0.5000002727962526,2.7171158465238525,0.9999992556577065,0.6,4.9540362711508665
1.879759519038076,0.32287889718050916,0.06592868979189238,708.6233160299448,5.17383362063523e-10,-0.1506656510131697,-0.6421051334105543,0.7927707844237124,0.2535481040147952,-1.7519409228374878,1.4983928188227122,-0.5918718611774078,1.1817069326306318,-0.5898350714532705,2.7171158187463234,0.9999992460248687,0.7585588381964063,0.6,1.3585554610764528,0.5000002475793327,2.717115864275388,0.9999992634069779,0.6,4.964926515060425
1.8837675350701402,0.3228788971791913,0.0659286897917997,710.1343024765595,4.275450731323483e-10,0.8179387876257803,-0.5821006680913154,-0.2358381195344017,1.8883812274079652,-0.8221472341101033,-1.0662339932977145,-1.0563500909045345,0.06946178343780404,0.986888307466647,2.717115836813698,0.9999992531766322,0.7585588327692403,0.6,1.358555521231099,0.5000002235072897,2.7171158815753245,0.9999992714635338,0.6,4.975816759039929
1.8877755511022043,0.3228788971803293,0.06592868979165678,711.6452889231795,4.749420858173797e-10,0.24844896844121797,0.572515896022587,-0.8209648644637868,-0.027795044658988674,1.6536544849038868,-1.6258594402449,0.46558683789827043,-1.173402879847201,0.7078160419489662,2.717115854593148,0.9999992606770609,0.7585588270798972,0.6,1.3585555807983367,0.5000002005409767,2.7171158984724735,0.9999992798033112,0.6,4.986707003088401
1.8917835671342684,0.32287889718038937,0.06592868979171039,713.1562753697972,4.827911308071758e-10,-0.7882370901242273,0.650544052732087,0.13769303739207786,-1.8917040756686645,1.0198390702157327,0.871865005452784,1.1120102722209595,-0.20974028219988744,-0.902269990020986,2.717115872021418,0.999999268499811,0.7585588211413391,0.6,1.358555639751217,0.5000001786428633,2.7171159151903836,0.9999992883944112,0.6,4.9975972472038865
1.8957915831663326,0.32287889718041246,0.06592868979174876,714.6672618164146,4.910593340997779e-10,-0.3426814945746365,-0.4947443583757898,0.8374258529503987,-0.1983552555345358,-1.5317342964698981,1.7300895520044182,-0.33264772674078064,1.1483287510157167,-0.8156810242749627,2.717115889197757,0.9999992766181931,0.7585588149783261,0.6,1.3585556980650229,0.5000001577755511,2.717115931666485,0.999999297223864,0.6,5.0084874913862025
1.8997995991983967,0.3228788971804146,0.0659286897917811,716.1782482630321,4.982837555745052e-10,0.7472700462631374,-0.7096899762126988,-0.037580070050380186,1.8679910101235135,-1.2029555387948387,-0.665035471328529,-1.1517777934665123,0.3470212105211246,0.8047565829452976,2.7171159060314745,0.9999992850095799,0.7585588086080773,0.6,1.358555755716951,0.5000001379022562,2.7171159476021702,0.9999993062658694,0.6,5.0193777356332765
1.9038076152304608,0.32287889718041274,0.06592868979180758,717.6892347096494,5.06418419569493e-10,0.43201647462729886,0.40990201809409915,-0.8419184927213645,0.42167069568302984,1.3879228206714316,-1.8095935163544286,0.19495447069749292,-1.1068429019056194,0.9118884312081411,2.7171159225664603,0.9999992936487906,0.7585588020499381,0.6,1.3585558126861297,0.5000001189891435,2.717115963514009,0.9999993154957623,0.6,5.030267979944195
1.907815631262525,0.3228788971792756,0.0659286897907629,719.2002211562534,1.5315746863066517e-10,-0.6956231460787039,0.7586931331398744,-0.06306998706122616,-1.817580936974685,1.3688795753325755,0.4487013616419673,1.1750843023958202,-0.479342572041159,-0.6957417303545707,2.717115938798885,0.9999993025154105,0.7585587954835933,0.6,1.3585558689535557,0.5000001010005295,2.717115978782351,0.9999993248724914,0.6,5.041158224317815
1.911823647294589,0.32287889718001467,0.06592868979149298,720.7112076028837,4.632792840699298e-10,-0.5151771481276513,-0.3192014269298135,0.8343785750574234,-0.6389596898369123,-1.2242753850662784,1.863235074903141,-0.05447495781146986,1.0495382402225042,-0.9950632824110398,2.717115954754194,0.9999993115849573,0.758558788437519,0.6,1.3585559245019814,0.5000000839049479,2.71711599411272,0.999999334459883,0.6,5.052048468753134
1.9158316633266532,0.3228788971801249,0.06592868979156473,722.2221940495015,4.662831636137191e-10,0.6340345140549736,-0.7968531695957394,0.16281865554081346,1.741194292228553,-1.5152398044155175,-0.22595448781289945,-1.181596700526787,0.6048132470400781,0.5767834534866154,2.7171159703494996,0.9999993208409205,0.7585587814138459,0.6,1.3585559793157331,0.5000000676687861,2.7171160088956636,0.999999344150348,0.6,5.062938713248083
1.9198396793587174,0.3228788971802358,0.06592868979163544,723.7331804961188,4.738910587876144e-10,0.5909749957463591,0.2239388616829276,-0.8149138574292418,0.8471167790126152,1.0431308085879762,-1.8902475876005254,-0.08678310262993003,-0.9772337521579815,1.0640168547879034,2.717115985686042,0.9999993302610144,0.7585587742667543,0.6,1.3585560333808235,0.5000000522618635,2.7171160236207004,0.9999993539590594,0.6,5.073828957802401
1.9238476953907815,0.3228788971807623,0.0659286897918557,725.2441669427365,4.869457742657463e-10,-0.5633843686653757,0.8236247180594207,-0.26024034939409074,-1.6399227968580887,1.6399444881401342,-0.00002169128217331239,1.171221919634234,-0.7216400355638642,-0.44958188407027994,2.7171160007092428,0.9999993398287824,0.7585587670218613,0.6,1.3585560866847655,0.5000000376524296,2.7171160377372963,0.9999993638705407,0.6,5.08471920241447
1.9278557114228456,0.32287889718119134,0.06592868979203963,726.7551533893541,5.003413258659311e-10,-0.6583267299786545,-0.12547580012333337,0.7838025301019351,-1.0431670209825954,-0.8470779836921366,1.8902450046746504,0.22680087455910888,0.8909628058368879,-1.1177636803959805,2.717116015413804,0.9999993495252829,0.7585587596763392,0.6,1.3585561392164613,0.5000000238123962,2.717116051803586,0.99999937386308,0.6,5.095609447082889
1.9318637274549098,0.3228788971841588,0.06592868978953631,728.2661398359533,4.060013541309201e-11,0.48468245109804603,-0.8386251939420065,0.35394274284399746,1.5152138070974202,-1.7412113760914565,0.22599756899415474,-1.1441082416990709,0.8281532828496525,0.31595495884932806,2.7171160298530515,0.9999993593357646,0.7585587525234412,0.6,1.3585561909662909,0.5000000107112441,2.717116065089339,0.9999993838860979,0.6,5.106499691807091
1.9358717434869739,0.3228788971812948,0.06592868979192462,729.7771262825876,4.4628784063366575e-10,0.7162697644114824,0.025219458088042088,-0.7414892224994696,1.224308488094122,0.6389188549845388,-1.863227343078565,-0.36357724548984965,-0.7919583614519461,1.1555356069417664,2.7171160439924558,0.9999993692387686,0.7585587447358109,0.6,1.3585562419258779,0.49999999832443043,2.717116078925239,0.9999993940577814,0.6,5.117389936585515
1.939879759519038,0.32287889718153606,0.06592868979203165,731.2881127292064,4.738604730267019e-10,-0.39905348074723984,0.8416401022890625,-0.44258662154185435,-1.3688496005892332,1.8175931122824318,-0.44874351169330573,1.1006431259230356,-0.922830660214683,-0.17781246570826706,2.7171160578070697,0.9999993792258363,0.7585587371605749,0.6,1.3585562920881114,0.4999999866214772,2.7171160918661688,0.9999994042291013,0.6,5.128280181416764
1.9438877755511021,0.32287889718164225,0.06592868979210803,732.7990991758239,4.846144239784822e-10,-0.7639759890101363,0.07539731621672097,0.6885786727933555,-1.3879523387236306,-0.4216284037832918,1.8095807425068142,0.49515742959135833,0.6816353786014013,-1.1767928081927213,2.7171160713492495,0.9999993892786377,0.758558729534076,0.6,1.3585563414470412,0.49999997557852466,2.7171161048621513,0.9999994144288592,0.6,5.139170426300064
1.9478957915831663,0.32287889718168783,0.06592868979216013,734.3100856224414,4.950150494035693e-10,0.307721329942988,-0.8326264664312256,0.5249051364882614,1.202922037427426,-1.8679981297347925,0.6650760923074606,-1.0414478159717626,1.004319113242668,0.03712870272901268,2.7171160846205336,0.9999993993850493,0.7585587218655938,0.6,1.3585563899979154,0.49999996516859196,2.7171161172902982,0.9999994246549149,0.6,5.150060671234433
1.9519038076152302,0.3228788971816903,0.06592868979219664,735.8210720690588,5.05169368582206e-10,0.8007635961345784,-0.17493652383056402,-0.6258270723039521,1.5317598054691295,0.19831211162241344,-1.7300719170914232,-0.6196609055555318,-0.5615705778101187,1.181231483365602,2.7171160975661834,0.9999994095317257,0.7585587141653085,0.6,1.3585564377369395,0.4999999553681639,2.717116129562516,0.9999994348839234,0.6,5.1609509162180585
1.9559118236472943,0.3228788971816569,0.06592868979221694,737.3320585156763,5.151619435616247e-10,-0.2119912782098153,0.8117130732160903,-0.5997217950062911,-1.0198025159284192,1.8917060318259027,-0.8719035158975633,0.9673683094006859,-1.0714540059191628,0.10408569651855301,2.717116110272184,0.9999994197055143,0.7585587064437369,0.6,1.3585564846614475,0.49999994615314636,2.7171161416233907,0.9999994451141425,0.6,5.171841161250691
1.9599198396793585,0.32287889718095913,0.06592868979206894,738.843044962291,4.2066350694630126e-10,-0.8261068255748807,0.2719755683062864,0.554131257268531,-1.6536756188698876,0.027838422348147693,1.625837196521611,0.7353082923304332,0.4334799053067945,-1.1687881976371692,2.717116122680817,0.9999994298955305,0.7585586987135445,0.6,1.3585565307696628,0.49999993750021665,2.7171161533805757,0.9999994553301184,0.6,5.182731406330664
1.9639278557114226,0.3228788971811707,0.06592868979188196,740.3540314089109,4.712315632790058e-10,0.11323148321008791,-0.7791988140589298,0.6659673308488515,0.8221081498144976,-1.888377991165562,1.0662698413511287,-0.8794633387402303,1.1232758589596217,-0.24381252021945926,2.717116134807362,0.999999440091435,0.7585586909715167,0.6,1.358556576060772,0.4999999293864408,2.717116164631424,0.9999994655291661,0.6,5.193621651457036
1.9679358717434867,0.3228788971811303,0.06592868979190589,741.8650178555284,4.7847283809207e-10,0.8396434746596161,-0.3651275827464859,-0.4745158919130642,1.7519573801226176,-0.25359109489741183,-1.4983662852250692,-0.8404467763598906,-0.2991940121174129,1.1396407884772386,2.7171161466463856,0.9999994502813833,0.7585586832364412,0.6,1.3585566205347275,0.49999992179155184,2.717116175943322,0.9999994756906387,0.6,5.204511896628508
1.9719438877755509,0.32287889718109997,0.06592868979192813,743.3760043021458,4.860348714918843e-10,-0.012853402781443354,0.7355483768117766,-0.7226949740303339,-0.6126643523460722,1.858061570772673,-1.2453972184266489,0.7789892262297823,-1.1590440429773203,0.38005481674759956,2.7171161582575643,0.9999994604560626,0.7585586755138927,0.6,1.3585566641924216,0.49999991469321964,2.717116186831816,0.9999994858195738,0.6,5.2154021418447245
1.975951903807615,0.32287889718109375,0.06592868979195982,744.8869907487632,4.929655913655259e-10,-0.8411800808792681,0.45306125596869007,0.38811882491051286,-1.825200460953598,0.475719486507011,1.3494809744464435,0.9335737370125226,0.16063208752964603,-1.0942058245420951,2.7171161695537895,0.9999994706069556,0.7585586678103879,0.6,1.3585567070353886,0.4999999080714634,2.7171161974155607,0.9999994958974021,0.6,5.226292387103697
1.9799599198396791,0.3228788971811237,0.06592868979199878,746.3979771953806,5.005987355923574e-10,-0.08770837669481862,-0.6813856047717634,0.7690939814665755,0.39446445743264613,-1.801190044460876,1.4067255870282607,-0.6673819293572655,1.1782473631386101,-0.5108654337813964,2.7171161806205504,0.9999994807237099,0.7585586601342235,0.6,1.3585567490659718,0.4999999019071219,2.7171162079468325,0.9999995059206493,0.6,5.237182632405164
1.9839679358717432,0.3228788971803077,0.06592868979150533,747.9089636420044,6.388859128297698e-10,0.8306946828782057,-0.5345198553068281,-0.2961748275713119,1.8723580837551732,-0.6910489772490381,-1.1813091065059886,-1.01335821895065,-0.019774434862528032,1.0331326538130998,2.7171161914155704,0.9999994907993947,0.7585586525032535,0.6,1.3585567902871671,0.4999998961802936,2.717116218091254,0.9999995158807778,0.6,5.248072877747747
1.9879759519038074,0.32287889718142787,0.06592868979194308,749.4199500886153,4.6207164652573487e-10,0.18701664337769558,0.6174845851253162,-0.8045012285029963,-0.170626942233696,1.7185762154189381,-1.5479492731852555,0.5462365226209085,-1.1806113721040965,0.6343748494832313,2.7171162019686514,0.9999995008259233,0.7585586449038058,0.6,1.3585568307026505,0.49999989087254926,2.717116227877983,0.9999995257771674,0.6,5.25896312313071
1.9919839679358715,0.3228788971817958,0.06592868979211129,750.9309365352331,4.730788373250926e-10,-0.8083371345685308,0.6083391842540872,0.1999979503143817,-1.8927562771544213,0.896502110468317,0.9962541666859567,1.0786599549248026,-0.12136583043983332,-0.9572941244848839,2.717116212227257,0.9999995107961924,0.7585586373487322,0.6,1.3585568703165842,0.4999998859667962,2.7171162375846256,0.9999995355926736,0.6,5.269853368552396
1.9959919839679356,0.32287889718205776,0.06592868979224031,752.4419229818506,4.851853050503809e-10,-0.28365209917231204,-0.5447585756261654,0.8284106747984569,-0.0556491468994315,-1.611400773490552,1.6670499203899791,-0.41728439139109774,1.1661022749349448,-0.7488178835438785,2.7171162222908616,0.9999995207024989,0.7585586298394547,0.6,1.3585569091338334,0.4999998814453025,2.717116247075768,0.9999995453338648,0.6,5.280743614012861
2.0,0.32287889717964746,0.06592868979149501,753.952909428473,6.029011090307527e-10,0.7744269565503499,-0.6734642253902784,-0.10096273116000964,1.886103497366105,-1.089142579342136,-0.7969609180238215,-1.1285456511073308,0.2607715538999163,0.8677740972073275,2.7171162320673554,0.9999995305404383,0.7585586222917213,0.6,1.3585569471596939,0.4999998772907286,2.7171162560666353,0.9999995550072818,0.6,5.2916338595102435
