time,pi_cc_d,pi_cc_q,theta_pll,gamma_pll,i_vsc_a,i_vsc_b,i_vsc_c,v_sh_a,v_sh_b,v_sh_c,i_bus_a,i_bus_b,i_bus_c
0.0,0.2460917358604301,0.05027341682388865,-0.0025073718408679824,0.0,0.28902721560349,-0.10880568169796613,-0.18022153390552376,1.408384007045068,-0.8051537105810788,-0.6032302964639888,-1.131014845191197,0.5802074229194469,0.5508074222717497
0.004008016032064128,0.24609173585938704,0.05027341682473446,1.5084790747752812,-7.1100078841238804e-12,-0.023881856669911602,0.2639326856676688,-0.2400508289979659,0.20055714676215278,1.1112019217386555,-1.3117590685007796,-0.08454928540853596,-0.9345828532082122,1.0191321386165793
0.008016032064128256,0.24609173586138158,0.05027341682478658,3.0194655213959742,9.675901048958826e-11,-0.2918822613920711,0.1403584305273404,0.1515238308646391,-1.3844077362172196,0.9379962031883854,0.44641153302889997,1.1209071302055997,-0.6919353737270089,-0.428971756478683
0.012024048096192383,0.24609173585856456,0.050273416824895924,4.530451968011996,8.163994286465246e-11,-0.01101221571466862,-0.24715305242686894,0.2581652681414164,-0.3660609477218604,-0.999065926287655,1.3651268740095286,0.21855199710357887,0.8518630493630039,-1.0704150464667122
0.01603206412825651,0.24609173585745833,0.050273416824955536,6.041438414631341,1.4653285091991846e-10,0.2905657649145805,-0.16990519501700874,-0.1206605698975824,1.3406457059061185,-1.0574329889994634,-0.28321271690659805,-1.0947795688914945,0.7937742840229192,0.30100528486843725
0.02004008016032064,0.2460917358589523,0.05027341682503951,7.552424861247023,1.199314175985885e-10,0.045748903500755646,0.22684114958551402,-0.2725900530863649,0.5263330667815683,0.8726514492347723,-1.398984516016316,-0.34943120034087055,-0.7569685624502711,1.1063997627910707
0.024048096192384766,0.24609173586004712,0.0502734168250032,9.063411307866923,1.9784017758679785e-10,-0.2850965556452441,0.19702370570281547,0.08807284994240361,-1.2777234032274776,1.1617571278316619,0.1159662753958128,1.0530056114878612,-0.884268711594775,-0.1687368998931168
0.028056112224448895,0.2460917358560793,0.05027341682494984,10.574397754478406,6.476496902657047e-11,-0.07983175457222874,-0.20328727037378383,0.28311902494597274,-0.6790829231906588,-0.733765184387072,1.4128481075777304,0.4753163917278628,0.6512556078544148,-1.1265719995823238
0.03206412825651302,0.24609173586074778,0.05027341682509588,12.085384201099055,1.6170818018308998e-10,0.2755527841327447,-0.22132637959513388,-0.05422640453763813,1.1965400503607677,-1.249477587431097,0.05293753707033649,-0.9961822393865561,0.962125287146788,0.034056952239728246
0.03607214428857715,0.24609173585910396,0.050273416824752185,13.596370647718363,2.24946796008405e-10,0.11277366720800265,0.17682804554768183,-0.2896017127557203,0.822127445584396,0.5843920730080159,-1.4065195185924144,-0.5944084453116287,-0.5362350203265404,1.1306434656381352
0.04008016032064128,0.24609173585479438,0.050273416824794,15.107357094328153,5.1225591187021324e-11,-0.2620708707656745,0.24246590208329727,0.01960496868217116,-1.0982560066286886,1.319340781972708,-0.22108477534407264,0.9251216460951949,-1.0262313741372087,0.10110972804193807
0.044088176352705406,0.2460917358581288,0.05027341682487647,16.618343540949073,1.5563446353031333e-10,-0.14410383449846334,-0.14784162076501514,0.2919454552634499,-0.9534222493466895,-0.4266669196369783,1.3800891689836623,0.7050053052415574,0.4135506435163985,-1.1185559487579828
0.04809619238476953,0.24609173585353386,0.050273416824841245,18.12932998756165,5.3684142130634556e-11,0.24484347796551184,-0.2601401375851202,0.01529665961958732,0.9842758404751071,-1.3703481436372653,0.3860723031621541,-0.840839343375376,1.0756707074046639,-0.23483136402930516
0.052104208416833664,0.24609173585668087,0.050273416825006204,19.640316434182427,1.5656233458625603e-10,0.17337449261902949,0.11674226862396934,-0.2901167612430231,1.0710908995648754,0.2628439154554721,-1.3339348150203492,-0.8055263457743784,-0.2849558712044147,1.0904822169787691
0.05611222444889779,0.24609173585529867,0.05027341682488504,21.151302880795463,6.70886405559674e-11,-0.224116829872411,0.274096501389317,-0.04997967151692598,-0.8562285927503928,1.4017707531479753,-0.5455421603975816,0.7445399262973896,-1.109736762221049,0.36519683592363805
0.06012024048096192,0.2460917358662418,0.05027341682505237,22.662289327413564,1.0444166437949548e-10,-0.2001673177235762,-0.08397445683211918,0.28414177455568146,-1.173451729315784,-0.0952643951128255,1.268716124428611,0.8945349605496047,0.1522885631365052,-1.0468235236861252
0.06412825651302605,0.2460917358572741,0.05027341682457809,24.173275774027697,4.264949423241859e-11,0.20018713247634295,-0.2841355127574226,0.0839483802810666,0.715944234802688,-1.4131594350535848,0.6972152002508945,-0.6375996393939458,1.127942600926764,-0.4903429615328273
0.06813627254509018,0.2460917358537522,0.050273416824382945,25.684262220638487,-1.0031133915433044e-10,0.22409937701304616,0.05000649527289498,-0.2741058722859475,1.2590417452115201,-0.07367663583367899,-1.1853651093778432,-0.9707590039538454,-0.017444764335955563,0.9882037682897964
0.0721442885771543,0.24609173585344332,0.05027341682480259,27.195248667257438,-4.150860217608954e-11,-0.17339639676638452,0.29011370907658707,-0.1167173123102125,-0.5654277365560225,1.4043514988806078,-0.838923762324586,0.521546897198087,-1.1300280889446763,0.6084811917465793
0.07615230460921843,0.24609173585491978,0.05027341682469213,28.706235113876076,1.1668117197215619e-11,-0.24482864859547926,-0.015323848853887313,0.2601524974493593,-1.3266377544349846,0.2415646894742489,1.0850730649607387,1.0331091285263456,-0.1176483493781942,-0.9154607791481617
0.08016032064128256,0.24609173585305444,0.050273416824697596,30.217221560492366,5.313122402503073e-12,0.14412751004524615,-0.29194565166487113,0.14781814161958984,0.4068302432894924,-1.3754728140116854,0.9686425707221925,-0.3980402975823736,1.1159634105327172,-0.717923112950372
0.08416833667334668,0.24609173585603986,0.05027341682474149,31.72820800711169,7.704581331576148e-11,0.26205887350856116,-0.019577803707819842,-0.24248106980074566,1.3752737009063556,-0.40600034643898547,-0.9692733544673707,-1.080694246271757,0.2510600556704325,0.829634190601322
0.08817635270541081,0.24609173585402944,0.05027341682486604,33.2391944537265,3.470911779704585e-11,-0.1127987813298051,0.2896051675674498,-0.1768063862376452,-0.24241840806317544,1.3269361386547909,-1.0845177305916174,0.26884498114664085,-1.0859496026218076,0.8171046214751659
0.09218436873747494,0.24609173585136598,0.05027341682477909,34.750180900338364,-7.959912505751883e-11,-0.27554378741896335,0.05419965131231829,0.22134413610664544,-1.4042544308870295,0.5646335049006244,0.8396209259863991,1.1128342347576856,-0.3808836479685495,-0.7319505867891348
0.09619238476953906,0.24609173585527352,0.05027341682506389,36.26116734696303,1.2527231700623258e-10,0.07985794302902308,-0.28312566804728845,0.20326772501826534,0.07454195393469062,-1.2594350292237695,1.1848930752890796,-0.13580735948284023,1.0404155109682485,-0.9046081514854121
0.1002004008016032,0.24621071732721936,0.05027347370379259,37.77215251704839,-0.00003188470643247946,0.3683216541369424,-0.1266297572293576,-0.2416918969075114,1.438573237379334,-0.7272983560566234,-0.7112748813226988,-1.123515170510819,0.5025822417165301,0.6209329287942799
0.10420841683366733,0.24665399907590224,0.05037001569194641,39.28499840191003,0.044700019500635,-0.06661160977465251,0.4061642315508306,-0.33955262177361073,0.06999475746602463,1.1883900573303394,-1.2583848147973031,0.004806053514264497,-0.8588258109468984,0.8540197574413154
0.10821643286573146,0.24662442722423406,0.05042043711511244,40.79798815076488,0.08796962273834526,-0.43391024898023883,0.1818203989881838,0.2520898500051942,-1.4048384256308424,0.8358889253303764,0.5689495003011996,0.9863238077812596,-0.5401094655575713,-0.44621434221207606
0.11222444889779558,0.246594117730947,0.05044482372513536,42.3104146734014,0.11374114666056924,0.014314461767449042,-0.383975064621566,0.3696606028655295,-0.2378908818561167,-1.0873497170177773,1.3252405988737037,0.11291946514124995,0.7936102650487697,-0.9065297301786607
0.11623246492985971,0.24656738498495576,0.05045163610272926,43.82241231860865,0.12687826962563806,0.43484323939036507,-0.22773512360814976,-0.20710811577197408,1.3760716516932887,-0.9658402144054564,-0.41023143728761846,-0.9732991701763382,0.6349719932703393,0.33832717691593506
0.12024048096192384,0.2465435260893635,0.05044677127901739,45.334091810205756,0.1312136119989334,0.03802728217492325,0.3560524060001092,-0.39407968817003686,0.40249980634338645,0.9716521767622167,-1.3741519831056033,-0.22904054627822035,-0.718169663095327,0.9472102093784571
0.12424849699398796,0.24652195933234528,0.05043451341823731,46.845537265630114,0.12958275210959266,-0.4298366763161617,0.2703094036449798,0.1595272726682019,-1.3278160897149158,1.0819938278973043,0.24582226181771294,0.9462524741685346,-0.7208304255814187,-0.22542204859002962
0.1282565130260521,0.2465022455093265,0.05041793860167362,48.356812295465275,0.1240641581525814,-0.08962887964929266,-0.32332333835811466,0.4129522180021108,-0.561294363776108,-0.8422046227111867,1.4034989864879617,0.34201196393915506,0.6323161725829378,-0.9743281365277806
0.13226452905811623,0.2464840509592551,0.050399219534353445,49.867964739084826,0.11616379126898801,0.4188489222111589,-0.30897209529569464,-0.10987682691650484,1.260672258953104,-1.1826968496262635,-0.07797540932543481,-0.9056048479476321,0.7964394944495876,0.10916535349263297
0.13627254509018036,0.24535149316472551,0.05023585363411747,51.37684716924193,0.05359530025689828,0.05117994542215561,0.0975241891183863,-0.14870413454480297,0.7508543154235047,0.6537967693476305,-1.4046510847712022,-0.5841624252100318,-0.6793651255617689,1.2635275507681967
0.1402805611222445,0.24536543813760064,0.050098277976003754,52.88346668600113,-0.05515639886988678,-0.13578650165482264,0.11487763833368828,0.02090886331748836,-1.147787635366655,1.2876912527511597,-0.13990361738452106,1.094466549440738,-1.1146597172183725,0.02019316777397928
0.1442885771543086,0.24541354329313045,0.05002075845192831,54.39123006944483,-0.12636185307986514,-0.06138252376023875,-0.08510357470202881,0.14648609845771776,-0.8914069546885512,-0.5041874174620735,1.395594372150585,0.7203345895050699,0.5511410269051242,-1.2714756164146812
0.14829659318637273,0.24545492550575201,0.04998297843206759,55.89990355417251,-0.1691796122629763,0.13095073852703026,-0.12494923264984363,-0.006001505881466512,1.0418046294635819,-1.3482693776791383,0.30646474821556036,-1.0064009338272357,1.180869277286375,-0.1744683434633951
0.15230460921843686,0.2454906223629702,0.04997247975373654,57.40925889735454,-0.19173429366732056,0.07597928897510438,0.07242686167737841,-0.14840615065652082,1.0159255873744057,0.34333311067947286,-1.3592586980537402,-0.8416469379367991,-0.4080440065656866,1.2496909444985664
0.156312625250501,0.2455218689356021,0.04998014984678096,58.91912106488401,-0.20011222840745352,-0.12339998110523391,0.13374812902524186,-0.010348147923736034,-0.9205949395112579,1.3894075343178423,-0.46881259480656556,0.9044858415019603,-1.2295788041285154,0.32509296262271375
0.16032064128256512,0.24554964679011063,0.04999935477477641,60.4293569349904,-0.19882453966544428,-0.09024688748322227,-0.05768413814804029,0.1479310256241454,-1.1259407046424053,-0.17738124659200719,1.3033219512343241,0.9502027692510397,0.2599529600286331,-1.210155729286689
0.16432865731462926,0.24557466831197464,0.050025324818018115,61.93986566200045,-0.19118613994074107,0.11348582048036225,-0.14080959378336147,0.027323773296234928,0.7860927778359653,-1.4106338160390848,0.6245410382031372,-0.7901109151880884,1.2604980316550578,-0.4703871164737315
0.16833667334669336,0.2466012948594922,0.050141123723781905,63.45130255424005,-0.16139961177907183,0.29047982652716486,0.10207099446754862,-0.3925508209439346,1.214967048118603,0.05650835347791041,-1.2714754015591494,-0.8395136874094088,-0.10060365788317356,0.9401173452632499
0.1723446893787575,0.246725368669712,0.05032254536651424,64.96674560512325,-0.04006409228708732,-0.28511455004473163,0.4300070163316354,-0.14489246595885688,-0.6841288143461309,1.4141396307395817,-0.7300108162755274,0.5227474269006057,-0.9866487245488954,0.46390129806977143
0.17635270541082163,0.24668145783495474,0.050431675437781584,66.48125164131439,0.04726430927357393,-0.3480350527328229,-0.054679315477731645,0.4027143685813216,-1.2759903941911115,0.1110651803272133,1.1649252138643402,0.8670922153281869,-0.02482920917967341,-0.8422630057783094
0.18036072144288576,0.24664278831689426,0.05049449955377633,67.99479597108666,0.10343995307212038,0.24208650517928226,-0.4351910740119323,0.1931045691831407,0.5307923346023428,-1.3997507375215361,0.8689584029194883,-0.4196734873844216,0.9840648092228096,-0.5643913214881755
0.1843687374749499,0.2466097640224054,0.050524863464210416,69.50761397711392,0.13702312137396083,0.37622516232643965,0.0019160198782260107,-0.3781411818734267,1.3390593410065514,-0.2786520748612468,-1.0604072661450965,-0.9176919523137732,0.14204015248656734,0.7756518001582071
0.18837675350701402,0.24658110120174573,0.05053291082917559,71.01988933539417,0.15452738728077564,-0.1961278863383052,0.4344356743885587,-0.23830778773822697,-0.37036080794850423,1.3660308669131662,-0.9956700589644605,0.31057804864424976,-0.9676888733310252,0.6571108249991061
0.19238476953907813,0.2465558235318202,0.05052609881976555,72.53176197015426,0.16080672981837674,-0.399241513831151,0.050456791259734755,0.34878472286439305,-1.3831534504720178,0.44207297871645246,0.941080471754921,0.9550972681522394,-0.25742859314169864,-0.6976686747185485
0.19639278557114226,0.24653320326766873,0.05050985534263955,74.04333809239213,0.15945210828550643,0.14781903874121735,-0.427837365353996,0.28001832688998335,0.204848944440664,-1.3130113733591404,1.108162428919158,-0.19681258541399088,0.937322938998277,-0.7405103533080767
0.2004008016032064,0.2460623907614842,0.05048581335179518,75.55472712987655,0.1538235889507197,0.1830351965316889,-0.01150895984707901,-0.17152623641936854,1.2890790350983201,-0.5489129913090719,-0.740166043789,-1.0354141634905911,0.3946944532724425,0.6407197104828531
0.20440881763527052,0.2453710507180082,0.050266611169540655,77.06196563749342,0.049200186422064314,-0.03332310626140748,0.14041306973874687,-0.10708996322854086,0.01254479891004634,1.216008193074688,-1.2285529919840958,0.0952179062022232,-1.1476214491150618,1.0524035431608327
0.20841683366733466,0.24541463067424124,0.05014799225251039,78.56912357885116,-0.04633640381947805,-0.14425645608214763,0.04952524510433521,0.09473121121283715,-1.4098247578581329,0.7888958612437962,0.6209288966144683,1.275288198341773,-0.6221268119172061,-0.653161386189443
0.2124248496993988,0.2454586967611744,0.050079257747926285,80.07731417426683,-0.10824715782755336,0.018732464511479033,-0.13602996740105006,0.11729750311247754,-0.1809285248953808,-1.123484784959242,1.304413309854842,0.05947745283957745,1.0732259406528541,-1.1327033932698891
0.21643286573146292,0.2454964372954706,0.05004503228398026,81.58629444727998,-0.14551478714474378,0.14770257391479077,-0.06439955585970256,-0.08330301784441867,1.3885773490741644,-0.9231680992936562,-0.4654092497803524,-1.2673102331619943,0.7517266735143233,0.5155835598582278
0.22044088176352702,0.2455291392965103,0.05003455087877742,83.09586583813372,-0.16520182760474703,-0.00276033704991536,0.1300438237232728,-0.12728348647399126,0.34674354032913124,1.013440842678519,-1.3601843830074936,-0.21245903952168668,-0.9819524480096419,1.194411487730536
0.22444889779559116,0.24555789013920726,0.050039911588878994,84.60587662026704,-0.172585624713792,-0.14884414229403897,0.07929206009238594,0.06955208239345974,-1.3472838641306228,1.044283336881076,0.30300052724855053,1.2412429924990884,-0.8697115161653926,-0.3715314761338465
0.2284569138276553,0.245583547899421,0.05005535547598544,86.11621139549189,-0.1715780317960037,-0.014155169323956246,-0.12156240414641116,0.13571757365758716,-0.5077100677796094,-0.8887279199416467,1.3964379877214033,0.36161790089978396,0.877102884800727,-1.2387207855134947
0.23246492985971942,0.24560673528009277,0.05007674510716005,87.62678279184416,-0.16505271358158316,0.14766430847895065,-0.0935421765112664,-0.054122131790548374,1.286653374241177,-1.1504991975159642,-0.13615417672506153,-1.1975557000571744,0.9748114819263995,0.22274421830777819
0.23647294589178355,0.2467487232468692,0.05025524829789525,89.13996938366304,-0.09549527236422062,0.10538564923248162,0.3113094549101693,-0.4166951039744312,0.6194938367790407,0.7968531509574313,-1.4163469877334778,-0.38614867966843125,-0.6014158997262298,0.9875645795543396
0.24048096192384769,0.24673086471720346,0.05039935994861398,90.65516166447877,0.01343508613542213,-0.41697444002576073,0.32306155001535064,0.09391289015927236,-1.2326727988122614,1.2161509263787835,0.016521872433611695,0.8849121554400793,-0.820944189903256,-0.06396796538809942
0.2444889779559118,0.24668725502736125,0.050485120151137715,92.16926281328357,0.08604996113032633,-0.15701459634068315,-0.2742874457142464,0.43130204219580015,-0.7649649074186218,-0.646840039620581,1.4118049470393577,0.48909210596187785,0.4982064035379441,-0.9872985093590368
0.24849699398797592,0.24664995288319255,0.05053072920211477,93.6824945134054,0.13110742296923308,0.3964922830758103,-0.35508530700384333,-0.041406975937787166,1.140385360609911,-1.2929870012465916,0.15260164063661888,-0.8273364999057214,0.8808618560641422,-0.0535253560245815
0.25250501002004005,0.24661781502981084,0.05054844887811535,95.19507420459595,0.1563964711284959,0.2044939444638925,0.23063076383368136,-0.4351247081719035,0.90125985013905,0.49180941068709993,-1.3930692608260404,-0.587941224736613,-0.3936322166212467,0.9815734414834284
0.2565130260521042,0.24658967015250471,0.05054730516350318,96.70716851687014,0.1677567560482221,-0.3710183622909178,0.38220253667637805,-0.011184174260558177,-1.0322684812244864,1.3515747245101135,-0.319306243285564,0.7577105998749085,-0.9282053436156363,0.1704947438649572
0.2605210420841683,0.24656464310002763,0.05053390081478095,98.21890411791031,0.169522583538515,-0.24890964275184213,-0.18422866324869502,0.4331383061162121,-1.0246552449531443,-0.3300215600049503,1.3546768049579008,0.6784792205757244,0.28315915503417144,-0.9616383754947078
0.26452905811623245,0.2465420799790868,0.05051300904565814,99.73037696860153,0.16488614960944573,0.340658796673577,-0.4039738011256868,0.06331500456494979,0.9096134506202607,-1.3909521095338684,0.48133865891424776,-0.6770482341880804,0.9622509151559462,-0.2852026808543805
0.2685370741482966,0.2454866944657322,0.05039036988613576,101.24066088750084,0.1313951442019648,0.1132979645741467,0.05238215589720159,-0.16568012036448834,1.1475245547386235,0.11373476205698313,-1.2612593167955517,-0.9579852477752262,-0.2016792805493782,1.1596645284312201
0.2725450901803607,0.24539940297828372,0.05022305246097654,102.7472809777357,0.015046924857064162,-0.1034804534709567,0.1411635723722049,-0.03768311879914249,-0.7325200498507926,1.412435765101423,-0.6799157152506106,0.749868627174552,-1.2682799822766981,0.5184113552042379
0.27655310621242485,0.24544605380483736,0.05012369462822183,104.25483425456018,-0.06784413520225921,-0.10890597037836738,-0.03100399989720782,0.13990997037224007,-1.249998887485731,0.05396858644240779,1.1960303010434197,1.0751633805811998,0.056260473332291894,-1.131423853816907
0.280561122244489,0.24548700266382015,0.05006791282564572,105.76333105828637,-0.12043758420878416,0.09333207838939583,-0.1458521336748645,0.05252005537697456,0.5836923754532661,-1.4066573887448877,0.8229650132918322,-0.6190997205544682,1.2746296778529391,-0.6555299572070086
0.28456913827655306,0.24552210709234895,0.05004248818683453,107.27253977988117,-0.15112200810155643,0.11989455454060147,0.015685934294888945,-0.13558048874848636,1.3199220263213765,-0.22187950180829402,-1.098042524513017,-1.149444870570427,0.09795476394415625,1.0514901067132454
0.2885771543086172,0.24555264240014227,0.05003777741614668,108.782280276476,-0.16626194977340533,-0.08076439042996988,0.14857625512263473,-0.06781186461045381,-0.42615483583923786,1.3803393221562599,-0.954184486316977,0.48017911692137083,-1.2622515551522282,0.78207243831318
0.2925851703406813,0.24557958295799925,0.05004671405701759,110.29241508409157,-0.170602063473733,-0.12958835165459542,0.0009556245211843305,0.12863272721146565,-1.3709327512448126,0.3867724269108067,0.9841603243340776,1.2068556244741087,-0.2498434692414078,-0.9570121551546845
0.29659318637274545,0.24560369927932493,0.050064170359570864,111.80283984975424,-0.16764871578385024,0.06624825441440099,-0.14901335881674582,0.082765104476278,0.262382963153306,-1.3341761354025632,1.0717931722493306,-0.3350466279923993,1.2318955563596412,-0.8968489282935423
0.3006012024048096,0.246243046691917,0.05009744180823173,113.3133890240534,-0.16212719878790152,0.35764143610799437,-0.07780943415038447,-0.27983200188704993,1.531196964300005,-0.5899151000499401,-0.9412818642542522,-1.127439157852158,0.34750642888736955,0.7799327290294547
0.3046092184368737,0.24676682551455043,0.05031713644825544,114.82843435201136,-0.04960058159429777,-0.1321017467720803,0.427013743052312,-0.29491199621801567,-0.14393764071825516,1.2913169695743063,-1.147379328855476,0.15263105284856326,-0.9219080121206982,0.7692769593417468
0.30861723446893785,0.24672398965279146,0.050436695856447694,116.34321225541983,0.045092931849861795,-0.4239474339678165,0.11959887596568464,0.3043485580658086,-1.4124549146211351,0.6547425917577397,0.7577123228634254,0.9825310448720309,-0.409845657873732,-0.5726853869346672
0.312625250501002,0.2466822292545578,0.05050579192406703,117.85696270082373,0.10636595534991046,0.08062157494927998,-0.411680506768383,0.33105893187935453,-0.025274265739171464,-1.2111504994159528,1.2364247651551685,-0.035403677541591294,0.8722924919614505,-0.836888814359647
0.3166332665330661,0.24664651925063205,0.05053972861851496,119.3699302961825,0.14321891967199563,0.4322994389115881,-0.16899192238064814,-0.263307516473885,1.4088203510672406,-0.7995226527228687,-0.609297698344319,-0.987490167376691,0.5140144829749195,0.473475684458712
0.32064128256513025,0.24661552466413297,0.0505494559631192,120.88231269839747,0.16267157273557772,-0.028214216365915742,0.39026061761287256,-0.36204640119214154,0.19392881169654086,1.1150912782014761,-1.3090200898979696,-0.08219177204230052,-0.8115929263476944,0.893784698445048
0.3246492985971944,0.24658818370886815,0.05054302591034033,122.39426058372615,0.16995904559465694,-0.434927062665066,0.2157586953132084,0.21916836740375462,-1.3853552813508156,0.9328249760187883,0.4525303053352444,0.9781556016415255,-0.610958900706583,-0.36719670088844114
0.3286573146292585,0.246563729680383,0.05052629761955488,123.90588841239783,0.16895779258166324,-0.02421782465724956,-0.3637583753235859,0.3879762000273113,-0.3596572110185191,-1.0033627395340485,1.3630199505539935,0.19881876140035798,0.7390592221162106,-0.9378779834660634
0.33266533066132264,0.24654155496310776,0.05050349462284708,125.41728261962949,0.16250933788974908,0.4316039072219736,-0.2593285877472501,-0.17227531942852953,1.3422599426014237,-1.052803019264852,-0.289456923337208,-0.954728197458313,0.699262619270145,0.2554655782341346
0.3366733466933867,0.24539769627024596,0.05031720113317129,126.92581796241497,0.08723662360018743,0.025440930949723606,0.11543326405854135,-0.14087419496302275,0.5639478294547466,0.8358168703508291,-1.3997646998023474,-0.40849660927023823,-0.8362383436173774,1.2447349529306952
0.34068136272545085,0.24542322267165703,0.050179721605616304,128.43267214481244,-0.01916237395319481,-0.14265937058491499,0.09982089727004112,0.042838473369281926,-1.2587729657032236,1.1853828726256426,0.0733900930769359,1.1803480649088376,-1.008663424446093,-0.17168464040740078
0.344689378757515,0.24546802901453268,0.050098171531324905,129.94060019837283,-0.08989545584887626,-0.04037027463273815,-0.10248422381389095,0.1428544984992193,-0.7160875167143993,-0.6971921494680096,1.4132796661825286,0.5538592604827167,0.7176628067703974,-1.2715220672006315
0.3486973947895791,0.24550636548630347,0.05005482255301609,131.44938142526755,-0.13363671572601563,0.1399720246838783,-0.11161601172114373,-0.028356012911872192,1.1737041094855811,-1.2689392856644093,0.0952351761790338,-1.1125037328760297,1.0950613681335037,0.01744236479329904
0.35270541082164325,0.24553936396693138,0.050037958818647296,132.9588029161869,-0.15801363319884715,0.055860805113443476,0.09124806489385368,-0.14710886996603736,0.8563261213593334,0.5458225512867837,-1.4021486726457575,-0.6879957569688093,-0.5849758353561102,1.272971592351226
0.3567134268537074,0.245568197811041,0.05003896346189997,134.468701466845,-0.1687460759399927,-0.13462070498206732,0.1224341018701044,0.012186603140449332,-1.0715653116452368,1.3342617511346666,-0.2626964394893775,1.0291478154825031,-1.165127320413665,0.13597950495959116
0.3607214428857715,0.2455937489488648,0.05005154428408403,135.97895274530563,-0.17008585606990545,-0.0713551641493009,-0.07779478325975356,0.1491499474357636,-0.984381852024293,-0.38647155919444265,1.3708534112186594,0.8115672937325678,0.44466136125182293,-1.2562286549575625
0.36472945891783565,0.24561673691640884,0.05007115496139965,137.4894625095648,-0.16516515979979363,0.12686388539604504,-0.131767354326858,0.004903468956215028,0.953972169918377,-1.3804631340356783,0.42649096411730153,-0.9314335120437887,1.218239660136878,-0.2868061480677008
0.3687374749498998,0.24669735739763443,0.050201878045807814,139.00138780026413,-0.1258875549557862,0.2582427884222107,0.1584126059717032,-0.4166553943785396,1.081128858654891,0.26949183259273757,-1.350620691260943,-0.7310852940910031,-0.24642319873851215,0.9775084928458049
0.3727454909819639,0.24675747154998656,0.050367378827757964,140.51672978087166,-0.010345045045069022,-0.33192798741205615,0.4130571306565283,-0.08112914319905068,-0.8625802722313066,1.4018660282590483,-0.5392857560267877,0.6426907532021374,-0.9701085269754932,0.32741777381880827
0.37675350701402804,0.24671199741626493,0.05046622723573263,142.031102242823,0.07097734169925207,-0.3042944772127633,-0.11929213539428138,0.42358661265023967,-1.1698031907061635,-0.10231018303119879,1.2721133737373558,0.7861427263507385,0.12398684198194192,-0.9101295682893823
0.3807615230460922,0.24667239982129177,0.05052097068231344,143.54453918002233,0.12234231837983871,0.29392036860865756,-0.4259645859260633,0.1320442173586046,0.7218677208928995,-1.413125916042652,0.6912581951497565,-0.5494263877652518,0.9853770671154339,-0.4359506793091473
0.38476953907815625,0.24663836298552075,0.05054496020405278,145.0572719235787,0.15209891313510382,0.3389173760944072,0.06744817983142766,-0.4063655558881171,1.2558219146790108,-0.06695191741851725,-1.1888699972605066,-0.8521228398769488,-0.006737352189317231,0.8588601921039685
0.3887775551102204,0.24660862601193892,0.050547985585822616,146.56947952169494,0.16655693884402667,-0.2523656628575949,0.43317249582388373,-0.18080683292848293,-0.571374049143999,1.4047780786251862,-0.8334040294804045,0.44822011734847583,-0.9867221874113007,0.5385020700993574
0.3927855711422845,0.24658224458055725,0.050537222748083595,148.0812983595802,0.17041200402726606,-0.3688006374174409,-0.0151169950251677,0.383917632477658,-1.324003336591776,0.23504207161832338,1.0889612649735543,0.9059005670617591,-0.11084992219565191,-0.795050644831125
0.39679358717434865,0.2465585150381418,0.05051787888740071,149.59283166316592,0.16712492976465518,0.20766042360425688,-0.4344892801789308,0.22682885660767468,0.4129231999508429,-1.376529207664842,0.9636060077141468,-0.3403672457390019,0.9738312591896192,-0.6334640134187373
0.4008016032064128,0.2458021661786321,0.05046709154934835,151.1042849636773,0.16239334491639826,0.20218653728424138,-0.020974054895993022,-0.18121248238228416,1.2836498459598777,-0.39143643658530136,-0.892213409373988,-1.1116047937834073,0.2828167826210142,0.8287880111483306
0.4048096192384769,0.24539850074934041,0.05025802752605717,152.61094630682862,0.04381250267237649,-0.05443929025291516,0.14493241872604237,-0.09049312848852359,-0.20009646573945308,1.310501713559009,-1.110405247818448,0.2854208163675402,-1.218331371472066,0.9329105550901883
0.40881763527054105,0.24544310704305627,0.050143954061328454,154.11820538655138,-0.04880761118540792,-0.13879035373384063,0.028114427845602197,0.11067592587448911,-1.4083814356209796,0.6034116607535321,0.8049697748674086,1.2579722119528138,-0.447505609010036,-0.8104666029564425
0.4128256513026052,0.24548536033831767,0.050078051127839925,155.62647465151966,-0.10861606780319936,0.04064574074722957,-0.14318979279137248,0.10254405203111533,0.032153679132156165,-1.2397835466980769,1.2076298675659216,-0.13282142384949092,1.1644764921116222,-1.031655068275173
0.4168336673346693,0.24552145756717927,0.05004561788187484,157.13551260523266,-0.14448000236847608,0.1444722420886601,-0.043571473239975955,-0.10090076886143427,1.4125482771577356,-0.751516789472503,-0.6610314876855532,-1.2733070554228993,0.5882244457927581,0.6850826096177615
0.42084168336673344,0.24555267998470504,0.05003619588307667,158.64512577567444,-0.1632745836296376,-0.02514362835856149,0.13948494371157671,-0.1143413153648199,0.1364960621710374,1.1502432346187619,-1.286739296789802,-0.020934717163292905,-1.0929376171689438,1.1138723343204338
0.4248496993987976,0.24558009986534923,0.05004209687810683,160.1551663853454,-0.17013464609162046,-0.14807303613804532,0.05942229998809945,0.08865073613833135,-1.3963627806251422,0.8889597661818177,0.507403014443611,1.2703204255331724,-0.719620883375288,-0.5506995421701799
0.4288577154308617,0.24560453409180158,0.050057727541310854,161.66552207591928,-0.16886472595764976,0.008379599618206677,-0.13327187231681656,0.12489227268728229,-0.30332136583123825,-1.0440956135958637,1.3474169794270836,0.17362524524878303,1.0061298799093341,-1.1797551251694107
0.43286573146292584,0.24562659595681377,0.050079067774718156,163.17610775183317,-0.16225952969643104,0.14947013971551093,-0.07496774060928516,-0.0745023991166692,1.360141987604432,-1.0137285685495339,-0.34641341905488837,-1.2492020833507784,0.8402322598441918,0.40896982349614447
0.4368737474949899,0.24677211010090058,0.05027245056486507,164.6897971351023,-0.08106672155582267,0.04263309045746544,0.35309990774566113,-0.39573299820134655,0.4211832460216568,0.9614712964832595,-1.3826545424949814,-0.24355898233008322,-0.7110354635884777,0.954594445905502
0.44088176352705405,0.2467422239116057,0.05040946491757419,166.20486664921455,0.02357418458293243,-0.4320924877101186,0.2749889681308072,0.15710351955899918,-1.322813682277871,1.093693426780668,0.22912025549713852,0.9405914470155639,-0.7290752498781772,-0.21151619715751752
0.4448897795591182,0.24669841934916592,0.050490307196687935,167.71886607386952,0.0928079509354959,-0.0939418872831203,-0.322235411424214,0.4161772986882279,-0.5773386886439746,-0.8286137291255128,1.4059524177694802,0.3543872535006875,0.6208606336363,-0.9752478871560946
0.4488977955911823,0.2466609393460182,0.050532453603823545,169.23202075326725,0.13539321871612287,0.41920843376318345,-0.3129982724378689,-0.10621016134324177,1.252997214879393,-1.1923954151891787,-0.06060179969023238,-0.8991155165342606,0.8035483333419612,0.09556718317443333
0.45290581162324645,0.2466285265371363,0.05054778768913618,170.74454261556983,0.15890130726890953,0.14433772352312302,0.2835613330267649,-0.42789905656877725,0.7271813099397619,0.6855845100513434,-1.4127658199904005,-0.4616956174633158,-0.5255621988127375,0.9872578162575107
0.4569138276553106,0.24660003276046993,0.05054506051379942,172.2565938907265,0.1690016948517012,-0.4009729589223636,0.3466114863004087,0.05436147261705977,-1.1657120455407712,1.2742108401475,-0.10849879460763819,0.844561619385076,-0.86657849055011,0.02201687115726965
0.4609218436873747,0.2465746260371307,0.05053064130242793,173.76829731712795,0.16988551618345538,-0.19245229861849936,-0.24139046021261867,0.43384275881764534,-0.866570735145407,-0.5330378476138156,1.3996085827586315,0.5625383118039358,0.42248112559802853,-0.9850194374119419
0.46492985971943884,0.2465516429051371,0.05050917425562606,175.2797465224192,0.1646533662991044,0.37738772260798414,-0.3752700667929323,-0.002117655825024399,1.0619566451934905,-1.3378521192634034,0.27589547407483994,-0.777738062613278,0.9171987729729424,-0.13946071036695584
0.468937875751503,0.2454513092148175,0.050369348802147655,176.78957867619366,0.12021677300521565,0.081684136035127,0.07757097048410337,-0.15925510652615837,1.0132658091627447,0.3283314741099695,-1.3415972832712708,-0.8342747516877089,-0.39047030747937694,1.2247450591618319
0.4729458917835671,0.24541456143951437,0.050209107996759345,178.29621623030332,0.0054282424725897865,-0.11795500682296707,0.13380385999156452,-0.01584885313979243,-0.906055831297456,1.3918077997736793,-0.48575196847437196,0.8965504423266549,-1.2338088449620312,0.337258402660063
0.47695390781563124,0.24546050264387256,0.050114877884819546,179.80387471855,-0.07404785742933039,-0.09279799262958542,-0.052424076020639664,0.14522206867473356,-1.1365108470015246,-0.15924500641948952,1.2957558534209446,0.9597128402845643,0.2472613066434115,-1.2069741469034367
0.48096192384769537,0.2455002962312413,0.050062691453328076,181.31245175408154,-0.1241458310772829,0.10963607369470077,-0.14070322983525044,0.03106715619769722,0.7708328458476407,-1.4114371850119987,0.6406043391647448,-0.7796826401032335,1.2632183806519548,-0.4835357405020909
0.4849699398797595,0.2455344028325622,0.05003975953323793,182.8217205236598,-0.15305175489529046,0.10539713066739938,0.03778737480888364,-0.1431845054285401,1.228744641833818,-0.009202684805268181,-1.219541957028517,-1.0534728839562921,-0.0943689751575346,1.147841859161441
0.4889779559118236,0.24556407503987204,0.05003673657202702,184.33150556642187,-0.16695068225639062,-0.09872523555062429,0.14581086941648128,-0.0470856338207112,-0.6241948714276286,1.4105070364451864,-0.7863121650173664,0.652308046108939,-1.2740582515727437,0.6217502055085629
0.4929859719438877,0.2455902672389503,0.050046772373059115,185.84167319369462,-0.17044642748952624,-0.11703712311396297,-0.021534727042700055,0.1385718501995509,-1.303396680366523,0.17768675634918368,1.1257099240173774,1.1316254401933235,-0.058974805505148414,-1.0726506346452587
0.49699398797595185,0.24561371661324904,0.05006490351446773,187.35212188010155,-0.16694041283780756,0.08567958936784048,-0.1487932454452232,0.06311365612697131,0.46849380403940133,-1.3893226496085576,0.9208288455683782,-0.5161943123582442,1.266646586449258,-0.7504522740309556
0.501002004008016,0.24645672590015957,0.05013171173959716,188.8626916503743,-0.16096548310289432,0.3149960829683893,0.007667465047720302,-0.32266354797078217,1.4064258224951198,-0.3223200762245119,-1.0841057462755535,-1.0064850182371756,0.16196614935886386,0.844518868934712
0.5050100200400801,0.2467709358490379,0.05033078631362678,190.37819178715256,-0.038265186607994855,-0.19347085597868566,0.4366057517764705,-0.24313489574487737,-0.3541980112655231,1.363435373251805,-1.009237361987163,0.29768372648619157,-0.964420607180965,0.6667368807422819
0.5090180360721442,0.24672611646714465,0.05044440023884211,191.89285572620747,0.05264064912195114,-0.4030126606679061,0.054978004508215286,0.3480346562057585,-1.3873726299912195,0.4586862054592961,0.9286864245320143,0.957196363205392,-0.26999407960740923,-0.6872022835520679
0.5130260521042084,0.24668467927360904,0.05050942789805913,193.40651704512538,0.1110788716890786,0.14419840126682593,-0.4286959880800777,0.28449758685693494,0.18770373510437086,-1.3069688804311563,1.1192651453267997,-0.1835709512334064,0.9320339999622677,-0.7484630486852091
0.5170340681362725,0.24664917661722285,0.050540549671653404,194.91941779088592,0.14589610922488466,0.41915125734293573,-0.106637164141588,-0.3125140931594808,1.4092781395854803,-0.6150265104355275,-0.7942516291498841,-0.9797660727628874,0.38116959190534405,0.598596480899455
0.5210420841683366,0.24661828684768414,0.050548383920640934,196.43175036729923,0.1639111770648508,-0.09324006545254478,0.41479929797633247,-0.3215592324839856,-0.01894245383726781,1.2329943961536953,-1.214051942318272,0.06697660279675148,-0.8871829099534484,0.820206307198479
0.5250501002004008,0.24659098248802797,0.05054073445821957,197.94366140379805,0.17020615211129714,-0.42966839932941264,0.15647666427390844,0.2731917350925046,-1.4113109504297117,0.7624800031847199,0.6488309472445674,0.9881980763731203,-0.48706173905111844,-0.5011363372839094
0.5290581162324649,0.24656650047526632,0.050523278436456306,199.45526218127242,0.16853953869898722,0.041366322856694865,-0.3954245880459572,0.3540582652255738,-0.14991057301939664,-1.1416387372312335,1.2915493102507494,0.05079957489816156,0.8294341517584862,-0.880233726620554
0.533066132264529,0.24654427304531226,0.05050009480885836,200.96663681750354,0.16166674715436502,0.4342510292786511,-0.20391255391413965,-0.23033847532830717,1.3933009728243269,-0.8989990967557692,-0.4943018760685448,-0.9824138096756283,0.5861072400799884,0.3963065696319349
0.5370741482965932,0.24539813101854138,0.0502995064974753,202.4746768450666,0.07482646803110411,0.0031388580301800716,0.12687532933276044,-0.13001418733003994,0.3626405705669413,0.9990565912805933,-1.3616971618483673,-0.22371136797518928,-0.9719272284152,1.195638596426156
0.5410821643286573,0.2454323462872487,0.05016856077037828,203.98164218397676,-0.027742964278017788,-0.14610000451840185,0.08250927395863838,0.06359073059461576,-1.3411194687149455,1.056126555958687,0.28499291275631894,1.2395716697335757,-0.8797462867601522,-0.3598253829386284
0.5450901803607214,0.24547629395460124,0.050091535791538536,205.48966713725096,-0.095358067200568,-0.018498475420888002,-0.1173809017446413,0.13587937719783497,-0.5245089318339081,-0.8743282727945055,1.3988372046282551,0.37476366235402003,0.8680074173502255,-1.2427710796717457
0.5490981963927856,0.24551382856604428,0.050051361314304946,206.99852138707936,-0.13684551581481916,0.14569336319587728,-0.09569614587838211,-0.04999721728615629,1.2788891290202946,-1.1607470363492245,-0.11814209267091769,-1.193398667442848,0.9843926218196429,0.20900604565380373
0.5531062124248497,0.24554615458009985,0.050036673453914396,208.50799740490552,-0.15962254214005817,0.03446472917682952,0.10793100149570985,-0.14239573064193053,0.6772800213296283,0.7358990949589161,-1.4131791162885652,-0.5187346688213531,-0.7486675482807295,1.2674022171326391
0.5571142284569138,0.24557442267774196,0.05003912865351513,210.0179364154164,-0.16924155095801624,-0.14272276297989403,0.10828076847128819,0.03444199453765315,-1.1981400796259924,1.2487560128203596,-0.05061593319433094,1.130441944063012,-1.0742231690592279,-0.056218774974779395
0.561122244488978,0.24559951840673538,0.05005263042011418,211.52821746407224,-0.1698277508367393,-0.05080184822606655,-0.09611753048234227,0.14691937873605368,-0.8204454410802979,-0.5867608367151373,1.4072062777954237,0.654520045402899,0.6192588636707004,-1.2737789090462135
0.565130260521042,0.2456220942770443,0.05007278225751482,213.03874889277583,-0.1644176927530694,0.13733322189820882,-0.11967786246142359,-0.017655359411055345,1.1001437417250783,-1.3188962977805136,0.21875255605530103,-1.051590922422324,1.1483333919762948,-0.0967424695278209
0.5691382765531061,0.24673711542530868,0.050219398194338086,214.55110133571,-0.11490704940201404,0.2075361664553982,0.21985941773249398,-0.42739558416855894,0.9287805465671679,0.4729254563143226,-1.4017060028824637,-0.6093671135521995,-0.3886103003468918,0.9979774139217487
0.5731462925851702,0.2467557770448658,0.0503792175171315,216.06644098032473,-0.0005768531430615509,-0.371020070857176,0.38647709537049135,-0.015457024493201833,-1.0213570825651566,1.3576792186418465,-0.3363221360767826,0.7480654225060375,-0.9315372365933532,0.18347181410721364
0.5771543086172344,0.2467104532372085,0.05047293569856811,217.58070830584535,0.07731815999173555,-0.2536356392020628,-0.18112272830115672,0.43475836752217606,-1.0370157183785558,-0.3133333882715273,1.3503491066501154,0.6873184466576623,0.2700270378060471,-0.9573454844447752
0.5811623246492985,0.2466713386202707,0.05052409431532206,219.09406519397544,0.1261789086130053,0.33900156444030616,-0.40700419574316765,0.06800263132087547,0.8965017325341174,-1.3943473180224337,0.4978455854883245,-0.6667267826340905,0.9643107186299958,-0.29758393597788174
0.5851703406813626,0.24663765459200757,0.05054561827622021,220.6067380731029,0.15414912638933426,0.2938742509363977,0.13140947431381883,-0.4252837252324699,1.144013453193483,0.1462601920821977,-1.2902736452751835,-0.7671940417625666,-0.15538379916493072,0.9225778409445782
0.5891783567134268,0.24660815851230505,0.050547000349364324,222.11890123138105,0.1673572369077003,-0.30281058151441154,0.42199744982553705,-0.11918686829177315,-0.7593569663981882,1.411525094506948,-0.6521681281086682,0.5756859720021038,-0.9833337915555783,0.40764781957257845
0.5931863727454909,0.24658195566950902,0.05053519336839266,223.6306872369853,0.17035702865484148,-0.32991901102334026,-0.0803357257254036,0.4102547367666677,-1.234702148315984,0.022669274893899194,1.212032873422029,0.836113690039452,0.038253747015911665,-0.8743674370372149
0.597194388777555,0.2465583447797113,0.05051523818534883,225.14219657740213,0.16650665180689436,0.2627445986402443,-0.43119227894788653,0.16844768028674087,0.6115866239104224,-1.4087000954221935,0.7971134715128141,-0.4761887029661427,0.9882130409227848,-0.5120243379767018
0.6012024048096192,0.2456459026851864,0.05043208806005525,226.65342716544092,0.15627253976983393,0.16828838271287078,0.008438155301940007,-0.17672653803718089,1.2866465993134462,-0.2286055301146776,-1.0580410691989286,-1.0871147154337117,0.10827211082702975,0.9788426045908551
0.6052104208416833,0.24540375407093493,0.050243473111252046,228.15984387891694,0.03279967448908033,-0.07433763696649637,0.1463083532014254,-0.071970716254737,-0.40828975750741914,1.375035615020756,-0.9667458575125416,0.46921181811635293,-1.261188765698128,0.7919769475608502
0.6092184368737474,0.24544941780981072,0.05013515247747254,229.6672148904588,-0.056111982872570375,-0.1300594363346868,0.005986041411754059,0.12407339490336944,-1.374839115520187,0.40417190879588855,0.9706672067242313,1.2120871060255296,-0.2627601982489046,-0.9493269077962232
0.6132264529058116,0.24549091385571306,0.05007318346728527,231.17557127678575,-0.11315645167722199,0.06165937040135521,-0.14702621999846222,0.0853668495754486,0.2444995443759527,-1.3278442221234432,1.083344677747659,-0.3220605648638823,1.2292595752216762,-0.9071990103794887
0.6172344689378757,0.24552637771710134,0.050043489272288876,232.68467464425296,-0.14703521338596817,0.13787143728874982,-0.02168611173665841,-0.1161853255720249,1.404325862567263,-0.5627435907620122,-0.8415822718052887,-1.2503591108858036,0.41138444865938417,0.8389746622065027
0.6212424849699398,0.24555710098143893,0.05003592341631147,234.19433657930247,-0.16442901046613384,-0.04698065045872842,0.14569926484400117,-0.09871861441316813,-0.07685430473644805,1.2608328294284097,-1.1839785246921442,0.1710288617586438,-1.1790564078065813,1.0080275460202353
0.625250501002004,0.2455841005154889,0.050043034342593565,235.70441323411754,-0.17032373034719583,-0.1438685281280819,0.03814099673544404,0.10572753136616728,-1.4136202147492503,0.7133820710000982,0.7002381437491644,1.270513191276485,-0.5531945930213458,-0.7173185982816594
0.6292585170340681,0.2456082010292942,0.050059409649592726,237.2147953682031,-0.16840839882927114,0.03075510696480651,-0.1419109635611514,0.11115585657122712,-0.0920256712744151,-1.1756506833415061,1.2676763546159517,-0.01828740925982919,1.1122427137821915,-1.093955304547375
0.6332665330661322,0.24562998615622347,0.0500811609608889,238.72540021173526,-0.16139199638085971,0.1478261719346826,-0.05463742913702469,-0.09318874282132399,1.402645250072784,-0.8538708315696707,-0.5487744185031804,-1.272437104424504,0.6865681225707191,0.5858689818303517
0.6372745490981964,0.24677579970453778,0.050289151464448574,240.23957315971123,-0.06898090654477743,-0.02397374312941513,0.3893103076599805,-0.36533656455604685,0.21221838075582514,1.1066061723396938,-1.318824553096815,-0.09548626753517267,-0.8058333459462634,0.9013196134596511
0.6412825651302605,0.24673872216865783,0.05041951191096536,241.75453601778443,0.03196285819652146,-0.43732772228535727,0.22063838795817534,0.21668933430613704,-1.3828120229499243,0.9463283793752106,0.4364836435746416,0.9748793433783772,-0.620636400581953,-0.3542429428173539
0.6452905811623246,0.24669550069248042,0.050495842070571756,243.26843976161956,0.09812591857066719,-0.028729359978744685,-0.36281444886423386,0.3915438088261117,-0.37657329684625873,-0.9914953627969668,1.3680686596432536,0.21161964651862966,0.7293842088741077,-0.9410038554092145
0.6492985971943888,0.24665853290891696,0.050534839101941384,244.7815224426331,0.1384955673065584,0.43234617506901923,-0.26376318931548465,-0.1685829857691589,1.3370555378216338,-1.0646438022727929,-0.2724117355488859,-0.9504321304824439,0.7079526696787244,0.24247946078814583
0.6533066132264529,0.24662650469736055,0.050548024867722266,246.29399058344657,0.16043308307530352,0.08088309938998202,0.330014958040463,-0.41089805744503527,0.5365425808148223,0.8637307818454978,-1.4002733626601829,-0.3249497987192814,-0.6455267398173304,0.9704765385220604
0.657314629258517,0.24659830232186583,0.0505438753864039,247.80600188575286,0.16943871041538638,-0.42177491618816926,0.30307955743977527,0.1186953582293654,-1.2725858554540157,1.167821156865968,0.10476469854315577,0.9121848488145144,-0.785214923737274,-0.12696992556578188
0.6613226452905812,0.24657311774989818,0.05052858421058767,249.3176762374992,0.16959088547496404,-0.13158999128520887,-0.2930400291589566,0.42463001997213423,-0.6887404053978023,-0.7238990787127945,1.4126394841109768,0.43379850101354517,0.5521776090000784,-0.9859761104854371
0.6653306613226453,0.2465503122594277,0.05050661171562663,250.82910438789247,0.16388757876222465,0.4055070910127931,-0.3380536431231545,-0.06745344832390744,1.1901099432964537,-1.2543329500959688,0.06422300679744626,-0.8607267934479883,0.8512950401492976,0.009431752865403528
0.6693386773547093,0.24542379061042496,0.05034961287280585,252.33848935125133,0.10877095234239148,0.0647859530829145,0.08835601848800165,-0.15314197198869522,0.8613804789540414,0.5285468269594559,-1.3899273059234736,-0.6919576556321674,-0.5663885793793398,1.2583462345981151
0.6733466933867734,0.24542002793817697,0.05019713906077927,253.84515542286647,-0.004156765223017108,-0.12975520782445524,0.12342267375689732,0.0063325336795914625,-1.0589943627482845,1.3395434272056415,-0.2805490644575772,1.0228330363026508,-1.1712605042226316,0.1484274675319066
0.6773547094188376,0.24546551664688418,0.05010786513204564,255.35291772002404,-0.08025467934620896,-0.07451338792338502,-0.07266127898645187,0.14717466655832942,-0.9971221705770277,-0.3688311729784654,1.3659533435518108,0.8224600126572581,0.43261683070388035,-1.2550768437157618
0.6813627254509017,0.24550464256404703,0.05005913169837565,256.8615736326102,-0.127888950146126,0.12342246596518294,-0.13229779714746717,0.008875330844693285,0.9404016888351868,-1.384050979541025,0.4436492907056869,-0.9225139046965158,1.2230791491241118,-0.3005652447649563
0.6853707414829658,0.24553821831152214,0.05003858431161069,258.37090143271536,-0.15503714737158306,0.08844295010649042,0.05904229036115127,-0.14748524078791522,1.1095546760957706,0.20368113860677467,-1.3132358147020697,-0.9335350212561937,-0.28452769741397843,1.2180627183498007
0.68937875751503,0.24556747025819,0.05003715263742924,259.88073035323464,-0.16770559624795722,-0.1144252914112785,0.13967832866078966,-0.025253037550640626,-0.8080083455617129,1.4085306029338893,-0.6005222573724301,0.8095800140390202,-1.256873663147051,0.44729364880678096
0.6933867735470941,0.2455933162288489,0.05004820435010025,261.3909303418712,-0.17036153028148918,-0.10178091967857464,-0.04354857540237747,0.14532949478839796,-1.2061493307679447,-0.035444519444577105,1.2415938502125008,1.0306413685408835,0.13322021250026717,-1.1638615813331454
0.6973947895791582,0.24561650510125516,0.0500669372255195,262.9014026737776,-0.16630262460130865,0.10315297679197993,-0.14515045215770642,0.041997475088769116,0.6639249022164897,-1.4128062278575644,0.7488813256409663,-0.6855785129032895,1.2725597967073305,-0.5869812840806039
0.7014028056112224,0.2465850876919391,0.050160542853387315,264.41241018828634,-0.14949082937969912,0.3104745423726562,0.059358956383238466,-0.3698334990138948,1.2947672156943666,-0.09106604599363452,-1.203701169702249,-0.9113043894386479,0.004294040359779861,0.9070103488195957
0.7054108216432865,0.24676770969429251,0.050344839411809256,265.9279332776809,-0.027450438427842026,-0.25034833588273914,0.43597479457492877,-0.18562645892814417,-0.5562179029097837,1.404421681639589,-0.8482037787279333,0.4358512228461338,-0.9850902583091693,0.5492390352238222
0.7094188376753506,0.2467221568066244,0.05045273142214932,267.4424860923141,0.05978513053731692,-0.3728973871634693,-0.010878185084593657,0.3837755720228096,-1.3306847292397137,0.2521952818564457,1.078489447383112,0.9100597208830689,-0.12398821002954843,-0.7860715110786195
0.7134268537074148,0.24668134670839054,0.05051380046810721,268.9560612820159,0.11549816317694818,0.20447586340554397,-0.43593895069605715,0.23146308707709567,0.39639663134808767,-1.373010085233529,0.9766134538852865,-0.3275610604728879,0.9705505804508348,-0.6429895201911956
0.7174348697394789,0.24664633645967365,0.050542174256896645,270.46889749552207,0.14836267349247012,0.3964556265437614,-0.041861707070658574,-0.3545939196751024,1.377638775179975,-0.416528754767672,-0.9611100204125891,-0.9497331607220297,0.2396443058069694,0.7100888547133902
0.721442885771543,0.246615821856564,0.05054815360174729,271.9811820398016,0.16500281157966765,-0.1561353544752731,0.42987593775375116,-0.2737405834693259,-0.2313762490117836,1.3227874251121565,-1.0914111761014453,0.21461806116367327,-0.9425569500051318,0.7279388886510484
0.7254509018036072,0.24658881079773828,0.05053930147516997,273.4930575976509,0.17035188906051144,-0.4146103749945761,0.09362651548088577,0.3209838593328609,-1.4050951781932208,0.5747563596096384,0.8303388185834292,0.9757245116298834,-0.35206905768781127,-0.623655454122664
0.7294589178356713,0.24656455935445232,0.05052111435820459,275.0046323878807,0.16805482465245294,0.10600714355889408,-0.4180696946748793,0.31206255094483304,0.06324964502417751,-1.2538955741276565,1.1906459291032212,-0.09837512439617975,0.9009117464270223,-0.802536622201852
0.7334669338677354,0.2463853454840396,0.05049751967445859,276.5159885631181,0.16079074578668037,0.30929685626187253,-0.08837681336975585,-0.2209200430553675,1.387391676225217,-0.7126474699427662,-0.6747442062831793,-0.9915514095487113,0.46145085506771705,0.5301005543202676
0.7374749498997996,0.24539744487897094,0.050283131293899906,278.0235555990997,0.06304410566870096,-0.018689416880282052,0.13568077784815705,-0.11699136111986293,0.15413355760166306,1.137605098290719,-1.2917386558935726,-0.032979937943634074,-1.0854593304268148,1.1184392682180861
0.7414829659318637,0.24543729998786434,0.050158804788598965,279.53062657559565,-0.03588176688194114,-0.14616002122135033,0.0632590957315076,0.08290092534533224,-1.3928964919349,0.9027855985941238,0.49011089334068686,1.270588041944754,-0.73081604492109,-0.5397719971680859
0.7454909819639278,0.24548057890382727,0.05008605609322655,281.03874462140647,-0.10051145400144185,0.0038314255599625653,-0.12957937251676033,0.12574794681973334,-0.3209709537931822,-1.0315380841353354,1.3525090379283227,0.18715177621606852,0.9985924140338437,-1.1857441903868227
0.749498997995992,0.24551752041641203,0.05004886508975087,282.5476689473001,-0.13984461048794164,0.1480700481503261,-0.07756412822192303,-0.07050592005819922,1.3549546568233184,-1.0261234966010897,-0.3288311602224202,-1.2471493633462185,0.8513444899485552,0.39580487326814645
0.7535070140280561,0.24554938133831453,0.05003621436348799,284.05719733260145,-0.16109304573322641,0.012260651081278995,0.12214267595680421,-0.13440332716076583,0.48278939053153314,0.9091917457186491,-1.391981136250328,-0.33766736939385866,-0.8952982115147301,1.2329655807860511
0.7575150300601202,0.2455772938042666,0.05004001048910475,285.5671751534618,-0.16965094452845034,-0.1475504553678111,0.09163387196503223,0.05591658329580147,-1.2974154708257648,1.1347998698913082,0.1626156009341472,1.2059967041323398,-0.9588693255356394,-0.24712737870238555
0.7615230460921844,0.24560209657150978,0.050054347638465876,287.0774847234135,-0.1695214084084593,-0.029072121845176727,-0.1122456362980762,0.14131775804313426,-0.6378086141339933,-0.7736773007904713,1.411485914924409,0.48257296054232807,0.7797497313038878,-1.2623226919462607
0.7655310621242485,0.2456244433460692,0.05007497440251269,288.5880369160712,-0.16364796215503682,0.1446559911408264,-0.10483792230964137,-0.03981806892555256,1.2212366590875554,-1.2272664541029323,0.006029795015367323,-1.1477873476836646,1.052267651809963,0.09551969577908287
0.7695390781563125,0.24675859120088622,0.050240898439007864,290.1008706767676,-0.10265521675652131,0.1448984490638045,0.28024226823569776,-0.42514071739574266,0.7471505118782051,0.6742128162151528,-1.4213633281041287,-0.4768051485314585,-0.5216336116741437,0.998438760105834
0.7735470941883766,0.24675127964334748,0.050390921297284626,291.61613967220325,0.008777665100767199,-0.4016496466622554,0.35113665946356787,0.05051298710125102,-1.1568277009731116,1.282543570390382,-0.1257158694171818,0.8364288502981936,-0.8718250653445853,0.03539621494794476
0.7775551102204408,0.24670643661614053,0.05047966433858218,293.1303043268589,0.08334374325055455,-0.19721965206285416,-0.23880860685743605,0.4360282588262494,-0.8806133463479776,-0.5172069257700003,1.3978202721192359,0.5728245950159002,0.409922816810697,-0.9827474119211226
0.7815631262525049,0.24666791708813868,0.05052734960163397,294.6435835682491,0.12978734100804318,0.3763498612841436,-0.3787780030943902,0.0024281417217364293,1.0506949392239588,-1.343790161807183,0.29309522258313014,-0.7688327085405277,0.9212605471167421,-0.1524278386646592
0.785571142284569,0.24663469078749956,0.05054648408667836,296.15619841723003,0.15603647829544026,0.2421448119431146,0.19236572634939936,-0.4345105383754535,1.0061251914776448,0.356125060195574,-1.362250251672531,-0.664767996689092,-0.300487140429735,0.9652551370359194
0.7895791583166332,0.24660556102832973,0.050546274456611404,297.66831850165215,0.1680425632592906,-0.346352492648101,0.4012126332052576,-0.05486014063648009,-0.930039557727489,1.3861229744372914,-0.45608341671008223,0.6900381362441435,-0.9575412015303914,0.26750306520703265
0.7935871743486973,0.24657963542212635,0.05053345767269412,299.18007279375036,0.1702245564018953,-0.2835264721937143,-0.14371946451219225,0.4272459366309284,-1.1172771202033578,-0.19021810316195284,1.3074952233645911,0.7472796181533122,0.1864882551082951,-0.9337678733354151
0.7975951903807614,0.24655624691264952,0.05051290857793975,300.6915590217603,0.16583850289117982,0.311840912561201,-0.4180772336822136,0.10623632105197506,0.7963109233821286,-1.4087744556853674,0.6124635323031626,-0.6011627027265058,0.9800814377156999,-0.37891873505813317
0.8016032064128256,0.24554329451507895,0.05040573702598567,302.20221616005426,0.14143932037282983,0.13395993928464678,0.035728492755013205,-0.1696884321061454,1.2147493226433679,-0.02506611350208114,-1.189683209141605,-1.0224509472525989,-0.07528790589871032,1.0977388530857288
0.8056112224448897,0.24540794548871941,0.05022995696312088,303.70875319891286,0.02219519977518702,-0.09255017112760075,0.14440048641622089,-0.05185031534715356,-0.6072881796549662,1.4082286088560934,-0.8009404292016311,0.6423535210232822,-1.2751751369291155,0.6328216158470148
0.8096192384769538,0.24545400350672042,0.0501271164233808,305.2162339655531,-0.06309901641570229,-0.11831076721860591,-0.016304959256755333,0.1346157264195857,-1.3099694365579613,0.1957149954924187,1.1142544410655184,1.138633329694171,-0.07204788432991802,-1.0665854454200185
0.813627254509018,0.24549482597392464,0.05006892906143224,306.7246750632652,-0.11746693860773698,0.08127340966096638,-0.14747130959529403,0.06619789988161541,0.4512759683207197,-1.3856279324891203,0.9343519641682914,-0.5039585884143124,1.2660534547168885,-0.7620948663552471
0.8176352705410821,0.24552975540414118,0.05004185633832594,308.2338419864592,-0.1494264969588825,0.1280958694002243,0.0007142707965571947,-0.12881014024654883,1.3640996729655848,-0.3611415575103798,-1.0029581154553493,-1.1989524387923525,0.22518862736235515,0.9737638113803966
0.8216432865731462,0.24556005736034697,0.050036057860789615,309.74355123908333,-0.1654694921951309,-0.06775466166646119,0.1485778137625101,-0.08082315214304817,-0.2884562496276877,1.3426942261410102,-1.0542379765132903,0.35909319564124614,-1.2383319360860363,0.879238740397873
0.8256513026052104,0.24558673004891873,0.05004431286342142,311.25366289532093,-0.17043450886124725,-0.13636417936079237,0.015977231555898176,0.12038694777015393,-1.3986522865411035,0.5215419564107222,0.8771103301309087,1.241761209908691,-0.37417040312524785,-0.8675908068188026
0.8296593186372745,0.24561057151314705,0.05006138047838527,312.76407065079064,-0.1679007253611276,0.05243348817971005,-0.14730746656097454,0.09487397834794285,0.12136613513488478,-1.2804293941937697,1.1590632590589651,-0.20977855399713174,1.1930326069793058,-0.9832540530157076
0.8336673346693386,0.2460171216507259,0.05008457002546021,314.2746773676713,-0.16090884148494866,0.3666265309748783,-0.12914675783028678,-0.23747977317937646,1.5140325023118986,-0.7205667468148087,-0.7934657554984273,-1.228590741227565,0.49924080101922463,0.729349940177024
0.8376753507014028,0.24677563575890218,0.05030545039398585,315.789340423562,-0.0572257933161385,-0.08948245849518219,0.4151797015019341,-0.32569724304181247,-0.0015505159740781121,1.226848774551453,-1.2252982585751389,0.05374668780059329,-0.8819602056630685,0.8282135178280934
0.8416833667334669,0.24673419089015514,0.0504292197225217,317.3041939044449,0.03999113378835327,-0.4326044272757331,0.16128985323168807,0.27131457400760045,-1.4113088288035465,0.7774272802936566,0.633881548509908,0.986957231906763,-0.49805131101979705,-0.4889059209233941
0.845691382765531,0.24669162401374317,0.050501192696999576,318.8180047120241,0.10318309426386792,0.03711470555921146,-0.39512357851689994,0.35800887292332717,-0.16723851908498816,-1.1317830024249718,1.2990215215099385,0.06401913511861126,0.8212905175779155,-0.8853096527308483
0.8496993987975952,0.2466552041376263,0.05053714949307073,320.3310175761083,0.1414137649370182,0.43563929404274504,-0.20853504508813722,-0.22710424898715018,1.390649876682822,-0.9126403813403515,-0.478009495342965,-0.980089354710823,0.5962163082331656,0.3838730464448687
0.8537074148296593,0.24662359654816063,0.050548267372319475,321.84343375784607,0.1618401984122984,0.015605820043357456,0.3689417895787468,-0.38454760965378515,0.3336837994381262,1.0221893106783952,-1.3558731101158485,-0.18079644674010018,-0.7507805381241875,0.9315769848327712
0.8577154308617234,0.24659573353180983,0.05054275772173959,323.3554064642256,0.16979601730620425,-0.43295836011289995,0.2526562485530762,0.1803021115302883,-1.3504586836863248,1.0348074272650534,0.31565125642081415,0.9590146333042215,-0.6859580342553016,-0.27305659907803786
0.8617234468937875,0.24657080650311242,0.05052662038224259,324.86705251163505,0.16924257889611474,-0.06773709685881923,-0.3380134134170395,0.4057505102476582,-0.49522262432769304,-0.8982706563504734,1.39349328067838,0.2951725863155259,0.6692969835730554,-0.964469569916946
0.8657314629258517,0.24654821461393478,0.05050416764444065,326.3784599826905,0.16308171563156507,0.42438591076707355,-0.29308846632501173,-0.13129744446894037,1.291138914422605,-1.1421974095686098,-0.14894150485397692,-0.9240965111239609,0.7659666863777495,0.15812982471922699
0.8697394789579158,0.2454082854977619,0.050328319066005836,327.88733794876066,0.09589922195456463,0.04248631001252107,0.1039250182836907,-0.14641132831951306,0.6910706290172727,0.7155549409922828,-1.4066255700087518,-0.52713132135905,-0.7335375674418263,1.2606688887753423
0.8737474949899798,0.24542478889710315,0.05018597205015957,329.3941097878504,-0.01327611539279557,-0.13855977455245727,0.11012629006935898,0.028433484463666277,-1.1877962964468805,1.2566982843721677,-0.06890198792543174,1.1258070388304688,-1.081991988396391,-0.04381505045349231
0.877755511022044,0.24546974578817826,0.05010141675517393,330.90197234730425,-0.08612481475748802,-0.054475438377417945,-0.09123912760601774,0.14571456596479762,-0.8349928929664577,-0.5700147383145199,1.4050076312808581,0.6664881197128462,0.6081175057822811,-1.2746056255133549
0.8817635270541081,0.24550825310901955,0.05005597865306742,332.4107040873842,-0.13139993174516904,0.1343784634087763,-0.12083620922084681,-0.013542254205848609,1.088541629960462,-1.325117803951938,0.23657617399143469,-1.0443393041187192,1.155098167626135,-0.11075886352522557
0.8857715430861722,0.24554135066511285,0.0500376956913481,333.9200886204277,-0.15686707803372296,0.06944803342851094,0.07895169401635294,-0.14839972746137411,0.9650742428566774,0.4119233125875764,-1.3769975554442582,-0.7923442556496723,-0.46819867177072916,1.2605429274037718
0.8897795591182364,0.2455702183280884,0.0500377682743439,335.429959659179,-0.168361633472953,-0.12751267979437023,0.1303471992311275,-0.002834519443226436,-0.9734158664798113,1.3744643733755781,-0.4010485068954938,0.9484175688752066,-1.2110739254709553,0.26265635658975783
0.8937875751503005,0.24559577097994023,0.05004977461360487,336.94019070125347,-0.17021821688652417,-0.08418855372473233,-0.06457092844333466,0.1487594821621874,-1.0814192824115956,-0.24776647943198105,1.3291857618436136,0.9061844750625747,0.32237630896835784,-1.2285607840367436
0.8977955911823646,0.24561872455285416,0.05006906601688898,338.45068569512404,-0.16563532378366097,0.11827274056912972,-0.13818794950115124,0.01991520892694772,0.8442274592321661,-1.4040948286445942,0.5598673694123804,-0.8393447999467034,1.2494873688848043,-0.4101425689432506
0.9018036072144288,0.24666498467364162,0.050186585932451795,339.962286893812,-0.13422321387961278,0.2798531884309552,0.12212581751235906,-0.4019790059562184,1.1713049220949958,0.12946341550058052,-1.300768337596297,-0.803584727340622,-0.15052042790131415,0.9541051552323103
0.9058116232464929,0.24676350695895344,0.050358224646266464,341.477662430542,-0.017065590098271917,-0.30155379654670134,0.42547723580543084,-0.12392343926118903,-0.7455397966491376,1.413577850306137,-0.6680380536571623,0.5641254489978249,-0.9835482504153774,0.419422801417905
0.909819639278557,0.24671781192987308,0.050460639470388965,342.9921063472027,0.06659403611598408,-0.3343084522073064,-0.07646150106811961,0.41076995327513227,-1.2436919209695279,0.03997033339407161,1.2037215875754628,0.8421765913045164,0.024856745206626105,-0.867033336511412
0.9138276553106212,0.2466776403200264,0.05051788896871651,344.5055978537624,0.11967194411573766,0.26008018224021195,-0.4332543760386353,0.17317419379879911,0.5960481874939793,-1.4077612163297861,0.811713028835941,-0.46409246127232134,0.9869399076103917,-0.5228474463382634
0.9178356713426853,0.24664313049942585,0.050543618202593184,346.01837142142784,0.15065190210669652,0.3647340008835069,0.02385386042578197,-0.3885878613095627,1.3145993165921281,-0.20854297633562732,-1.1060563402566075,-0.898039963659232,0.09264656686208236,0.8053933967971183
0.9218436873747494,0.24661300517542803,0.05054781833994446,347.53060938780936,0.16596853813812934,-0.21546534614660634,0.43516290767185234,-0.21969756152859682,-0.43853497547373643,1.382445458344265,-0.943910482870566,0.35737388108745394,-0.9764522275634125,0.6190783464727354
0.9258517034068136,0.24658629871492518,0.05053781859307247,349.0424505637088,0.17040976047607034,-0.3901145295227099,0.028651886045204696,0.36146264347338414,-1.36687281351837,0.3739419280772985,0.9929308854410598,0.9410175736368476,-0.20905006199483891,-0.7319675116460962
0.9298597194388777,0.24656228675954092,0.050518939543174844,350.5540002050928,0.16751052241723394,0.16822906577000557,-0.4311957456683061,0.26296667989098044,0.27496847596209395,-1.3375860046640606,1.062617528700611,-0.24531166332314996,0.9518627037424111,-0.7065510404248668
0.9338677354709418,0.2459729552089912,0.05048786008348195,352.0654038964107,0.16150390065353357,0.18107866568408681,-0.010126316311304567,-0.17095234937645545,1.267054648199724,-0.48520361089819414,-0.781851037301372,-1.0691706482022905,0.3642998927701666,0.7048707554266842
0.937875751503006,0.2453987871319764,0.05026754274785441,353.5724346552174,0.0513924741115434,-0.040501747240054856,0.14236541294903354,-0.10186366571007886,-0.05852163634177726,1.2507197867019926,-1.1921981503630434,0.15910022342224034,-1.17421995323156,1.0151197298111923
0.9418837675350701,0.24544197176109234,0.050149522015366405,355.0796177469547,-0.04375522845086561,-0.14284669331312586,0.04252779623179524,0.10031889708108874,-1.4129232814426722,0.7288573703089318,0.6840659111337634,1.2726835754236485,-0.5652610027885736,-0.7074225726353409
0.9458917835671342,0.24548457794862844,0.050080942131311194,356.5878274138333,-0.10545979809697906,0.026094660977356174,-0.13880557495402746,0.11271091397666877,-0.11011354682109045,-1.165243210778735,1.27535675759983,-0.004709045430348342,1.106442326385595,-1.101733280955253
0.9498997995991983,0.24552094784050849,0.05004665344851131,358.09682061498603,-0.1426866880148521,0.14704401622359947,-0.05763376727749684,-0.089410248945767,1.4001266850248537,-0.86809940154397,-0.5320272834809481,-1.2724936604709065,0.6989109808245666,0.5735826796467511
0.9539078156312625,0.2455523703450286,0.05003597775355983,359.60640040968195,-0.16244423023137594,-0.010237179817789793,0.133558928830174,-0.12332174901181912,0.2772973010413934,1.061765193991656,-1.3390624950330634,-0.14891662024212593,-1.0215348732153,1.1704514934579762
0.9579158316633266,0.24557993519733637,0.050041065826165056,361.1164162976939,-0.1699700395714533,-0.1490061769130129,0.07288559549701372,0.07612058141668686,-1.3671373340390307,0.9949919597508848,0.3721453742881028,1.2540927655719665,-0.8216872602873874,-0.43240550528415317
0.9619238476953907,0.24560445658655278,0.05005620199627088,362.62675383670404,-0.16914647967863738,-0.006673183274383009,-0.12581246626144252,0.13248564953641523,-0.4406337924800586,-0.9429547769870952,1.3835885694670442,0.2996359844219331,0.9224687825738809,-1.2221047669949865
0.9659318637274549,0.24562659573868942,0.05007727509107118,364.1373263438967,-0.1628268359860474,0.1486760594985211,-0.08760119303489157,-0.061074866462022634,1.3145025434028133,-1.107672645635076,-0.20682989776562088,-1.2178360936747914,0.9322348467923772,0.28560124688484423
0.969939879759519,0.2467697452099288,0.05026075111431612,365.65068032784285,-0.08950269736909103,0.08514173422257632,0.3256523738505118,-0.41079410807130207,0.5545305635661931,0.8539939628160211,-1.4085245263822936,-0.33947080076231284,-0.6392870931110526,0.9787578938753602
0.9739478957915831,0.24674660482342334,0.05040211340429189,367.1658274215218,0.017785239000910655,-0.4231230158292494,0.30783407966708276,0.11528893616435525,-1.265957608029427,1.1782810414334226,0.08767656659617282,0.9057546162723641,-0.7922716585652608,-0.11348295770499343
0.9779559118236472,0.24670232738343614,0.05048606319988289,368.67989192935,0.0891156270932267,-0.13633481686060656,-0.29104031232505473,0.4273751291877644,-0.7041525254866987,-0.7092884004558245,1.4134409259425438,0.44526254756075906,0.540485362225877,-0.9857479097845379
0.9819639278557113,0.24666439948835026,0.050530389103956075,370.19309565002754,0.1332167286581975,0.40512430930624993,-0.34193879724232656,-0.06318551206892223,1.180952376356607,-1.2626273183890577,0.08167494203338349,-0.8534238579160056,0.8572124403608695,-0.0037885824506455057
0.9859719438877754,0.2466316292937072,0.05054721812020307,371.7056541073821,0.15780072302489787,0.1849132846783151,0.2489328272859633,-0.433846111970773,0.8453262832968501,0.5578765441697457,-1.4032028274665247,-0.5471906730101216,-0.43875212889472565,0.9859428018983726
0.9899799599198396,0.2466028555926264,0.050545477448104836,373.2177323633957,0.1686460751756371,-0.3820041167410947,0.3712952037233091,0.010708913013736433,-1.0795314069033974,1.3291379549503206,-0.24960654804699317,0.788668353977323,-0.9099240033964598,0.12125564941505101
0.9939879759519037,0.24657720931436453,0.050531692296370716,374.72945587416893,0.17004019099541165,-0.23068042571298747,-0.2038239700371828,0.4345043957467438,-0.974387792034185,-0.39876856853690407,1.3731563605712591,0.6414061408966363,0.3304757064237064,-0.9718818473242536
0.9979959919839678,0.24655404331518987,0.05051057939410546,376.240919672769,0.16513958871489426,0.35382972757461933,-0.3954363530111978,0.04160662543344651,0.962885826477922,-1.376740118779095,0.4138542923011572,-0.7124339008761217,0.9496053662477523,-0.23717146537414863
1.002004008016032,0.24548081440896644,0.05038132654962389,377.7510392866723,0.12761556274104935,0.10138312677213157,0.06208232697900648,-0.16346545374047583,1.1066048770896808,0.1851073733722151,-1.2917122504510312,-0.9192526428947672,-0.26573921862598476,1.1849918615227537
1.006012024048096,0.24541235433195974,0.05021716088812983,379.25767491205914,0.01200883408321762,-0.10858472609090654,0.1390500074068964,-0.030465281318740198,-0.792420964399237,1.4091140042579515,-0.6166930398587075,0.8008190304358875,-1.2599372879891426,0.459118257553728
1.0100200400801602,0.24545840716394915,0.050119555372567036,380.7652630603519,-0.06976464496810665,-0.10381834138239728,-0.038243253275723164,0.14206159465740437,-1.2152225899895495,-0.017209975560166263,1.2324325655495594,1.0392577645153376,0.12029327448055918,-1.1595510389963881
1.0140280561122244,0.24549857304530562,0.05006501070395392,382.27378640318375,-0.12154517028126537,0.09903296890789012,-0.1445293694471176,0.04549640053953774,0.6477719002874235,-1.411834260537296,0.7640623602498288,-0.6743765496347212,1.2740300173262866,-0.5996534676911008
1.0180360721442885,0.24553298376227484,0.05004045751232876,383.7830149206163,-0.15165424628672416,0.11537544664851851,0.023113455665862977,-0.13848890231379987,1.2927891597758032,-0.15130707459156376,-1.1414820851842624,-1.120250227229646,0.03387058433713949,1.0863796428929207
1.0220440881763526,0.24556288025884232,0.05003634902324783,385.2927700583785,-0.16639604654576448,-0.08698387405494173,0.14805117927617187,-0.06106730522113414,-0.4934784046858902,1.393938826711319,-0.9004604220252554,0.5389679461320454,-1.2693886101448577,0.7304206640128397
1.0260521042084167,0.24558924737297308,0.05004569245170405,386.80291559960887,-0.17046872130800308,-0.1257381513379525,-0.006558806355701318,0.1322969576688175,-1.3518273761348403,0.31782101999157475,1.034006356143998,1.1847382579162662,-0.18663027163710255,-0.9981079863042758
1.0300601202404809,0.24561282544933916,0.050063413497219954,388.31334814771543,-0.167343469112386,0.07291980997011037,-0.14933851564385414,0.07641870565046432,0.3319904682978926,-1.3560171607873825,1.0240266924892647,-0.3964864667572954,1.2466366006462695,-0.8501501339120743
1.034068136272545,0.24633419629371806,0.050106740489427884,389.8238700206261,-0.16253202564635028,0.33457031584327596,-0.04220968543482567,-0.29236063043442445,1.4973547884354534,-0.5020149197644179,-0.9953398686737538,-1.0791744909194743,0.27840570415646393,0.8007687867392767
1.0380761523046091,0.24677351378435688,0.050320828509028546,391.33910163046863,-0.04573920590254131,-0.15296460374749032,0.4313478964932441,-0.2783832927650826,-0.21463310216594977,1.3186939512482567,-1.1040608490814077,0.20154736165407558,-0.9384433110194765,0.7368959493414593
1.0420841683366733,0.24672964288439397,0.05043842503309516,392.85384131075216,0.04767819374296025,-0.41803740886413004,0.09829355673923629,0.31974385210386924,-1.4076562801269128,0.5908292276227383,0.8168270525041871,0.9765409470660742,-0.3641043331612015,-0.612436613925917
1.0460921843687374,0.24668773599216565,0.05050619128137881,394.36756172356473,0.10799198067795569,0.10209256733346556,-0.41843241150926974,0.31633984415594724,0.04589814741146649,-1.2462818635348238,1.200383716123336,-0.08505198030350009,0.8944827806689901,-0.8094308003853179
1.0501002004008015,0.24665185647141838,0.05053921832784524,395.88050676625005,0.1441547151818925,0.42901573443403795,-0.14857300574613164,-0.2804427287056908,1.4125606160642077,-0.7398481612131806,-0.6727124548508218,-0.9874076678654515,0.47088226694260366,0.516525400904185
1.0541082164328657,0.24662066749098452,0.050548344780714835,397.39287233893543,0.1631187847867772,-0.05003412066411962,0.3994714263345115,-0.34943730568666986,0.12322181632463775,1.1573618249274107,-1.2805836412519973,-0.03250638439388753,-0.838929803464652,0.8714361878421332
1.0581162324649298,0.2465931226459485,0.05054153920345948,398.9048077701694,0.17006812777767305,-0.43428877895395795,0.1964892868297188,0.23779949211046358,-1.397563529597278,0.8782235611426435,0.5193399684570202,0.9839928494627931,-0.5710662217347342,-0.4129266277444576
1.062124248496994,0.24656845411320794,0.050524598637950204,400.41642640974237,0.16883846699646843,-0.0023463393440084634,-0.3752840159429219,0.37763035527029687,-0.2904176170583747,-1.0521654259184183,1.342583042976919,0.1498131284104909,0.7711597943781308,-0.920972922805604
1.066132264529058,0.24654606679964614,0.050501699879099075,401.927813931742,0.16224277255148206,0.4335964798631071,-0.2414591803655847,-0.19213729947695043,1.3627438861354482,-1.0040340521599016,-0.358709833974966,-0.9664039318371829,0.663183441857858,0.30322049000335705
1.0701402805611222,0.24540081641023243,0.05031065538049479,403.4361824095898,0.08305421144712276,0.017669912932752104,0.11991551406191792,-0.1375854269774392,0.4978581906961644,0.8928976533165434,-1.3907558440098298,-0.34770456920276294,-0.8839094248478581,1.2316139940744366
1.0741482965931863,0.24542949427484315,0.05017536342268236,404.94307491354095,-0.02203567368957527,-0.1441856099864515,0.09429822959404,0.04988738041200237,-1.2895167798836429,1.1451643417514155,0.14435243813225618,1.2031461773911611,-0.9680980556333287,-0.23504812173806094
1.0781563126252505,0.24547385308029607,0.050095356980550974,406.45103523145593,-0.09172903171755274,-0.03316470688756454,-0.1077333533951922,0.14089806030184676,-0.6538284197983666,-0.7582114144756182,1.412039834274105,0.49535721613499695,0.7697671589394922,-1.2651243750555434
1.0821643286573146,0.24551176305443656,0.05005309719418619,407.95984075473604,-0.13471887692635243,0.1422537057525436,-0.10658872027893551,-0.03566498545544649,1.2118749479114326,-1.2359836701184523,0.024108722207003386,-1.142383633026828,1.0608222839555088,0.08156134908951171
1.0861723446893787,0.24554438669319878,0.05003699098082038,409.46928039672446,-0.15856189795818681,0.04885392907329696,0.09706507810829501,-0.1459190071262885,0.7986191419851567,0.610785122423711,-1.4094042644106677,-0.6331266317636592,-0.6412099729561391,1.2743366047821294
1.0901803607214429,0.2455728937811236,0.050038508865863106,410.97919241335416,-0.1689225501181439,-0.1376796797026384,0.11802081366610381,0.01965886609319223,-1.1166218518616335,1.3090512602107742,-0.19242940834901756,1.0656335068223222,-1.1376714971563102,0.07203799039066866
1.094188376753507,0.24559815808035287,0.05005142467172518,412.4894535932239,-0.17001058045921727,-0.06467028950458566,-0.08412401467648314,0.14879430423498308,-0.9320572946687997,-0.4544473840364007,1.386504678705329,0.7610998945713235,0.5041898047171244,-1.2652896992346019
1.0981963927855711,0.2456208796593925,0.05007124258011286,413.999970561675,-0.16492614875884362,0.1306935426486444,-0.12806699115484418,-0.0026265514427349437,1.0052856967342123,-1.3633782047896323,0.3580925080554836,-0.973983562421686,1.1979452429234245,-0.22396168045078738
1.1022044088176353,0.24671488725938984,0.05020723785865245,415.5120381701435,-0.12222705188645984,0.24443216398141204,0.17730747548975606,-0.421739639419428,1.0338261804195177,0.3371513849093874,-1.3709775653306218,-0.6925794544263397,-0.2938679110068463,0.9864473654767268
1.1062124248496994,0.24675905342971,0.050370980722000705,417.0273805613483,-0.0070586987991088776,-0.34585840756048947,0.4052374035981993,-0.05937899598694916,-0.9178887452019059,1.3906660924427399,-0.47277734724099396,0.6795654048135932,-0.9596650024915637,0.28009959772669685
1.1102204408817635,0.24671349164832837,0.05046812525313804,418.54171772422546,0.07311229326022343,-0.28812714350716023,-0.1402782048533142,0.4284053484072947,-1.1283636048707781,-0.1731521759524357,1.301515780823267,0.7550845209086732,0.17314668877987419,-0.9282312096417723
1.1142284569138277,0.2466739516128842,0.050521681982283524,420.0551277385452,0.12363479698341186,0.3097494041740471,-0.42071040456070047,0.11096100043114956,0.7821118805814227,-1.4104357690813751,0.6283238884999905,-0.5900527808333034,0.9808305382328771,-0.3907777573551757
1.1182364729458918,0.24663993387271357,0.05054485997175103,421.56784034142936,0.15279021968010012,0.3247162106081689,0.08901337673890092,-0.41372958730463605,1.2216118904676356,0.004189602516811386,-1.2258014929844416,-0.8258754887304238,-0.056470530195886715,0.8823460189687633
1.122244488977956,0.24661018828129935,0.050547349630507055,423.08003298606866,0.1668275266103927,-0.26988078056012915,0.4305384836024614,-0.1606577029996623,-0.635700440812656,1.410604126109438,-0.7749036852966388,0.4919898469759239,-0.988090871099093,0.49610102416576807
1.12625250501002,0.24658377921963057,0.05053625134191744,424.5918407684531,0.17039449342590404,-0.35673805041660195,-0.036968648734347284,0.3937066991917426,-1.2975049770601437,0.1646077964088366,1.1328971806513848,0.8848600248874005,-0.06126069520889443,-0.823599329637694
1.130260521042084,0.2465600051243417,0.0505167165181426,426.10336600132126,0.16691761034103786,0.2266144295671529,-0.4344974559002673,0.20788302637224407,0.4804203496780203,-1.39079278980025,0.9103724401223925,-0.3866602483437874,0.9811158227262471,-0.594455574343775
1.134268537074148,0.24574358888791809,0.05045403158101457,427.6147972431909,0.16165158685172776,0.19855073368399703,-0.016360678538153806,-0.18219005512144887,1.295698104010321,-0.34469138921709835,-0.9510067147905561,-1.112294995056671,0.2289374896982332,0.8833575053841278
1.1382765531062122,0.24540154015162693,0.0502528445255009,429.12132359372316,0.040097314792871985,-0.06122765455681013,0.1457435676677041,-0.08451591308385932,-0.27021719102248254,1.3354050066284935,-1.0651878156059524,0.3476068452121924,-1.2357712985046738,0.888164453318901
1.1422845691382764,0.24544653452938855,0.05014073078854921,430.6286201407162,-0.05127868666445383,-0.1362325378696943,0.020789540351008134,0.11544299754298594,-1.4007440185581257,0.538307652639118,0.8624363659190695,1.2458147030326134,-0.38684778300140943,-0.8589669200069789
1.1462925851703405,0.24548846963341253,0.05007616486662168,432.13691864549247,-0.1101576130951733,0.047776269095449575,-0.14484297865798046,0.09706670958597031,0.10325801504916667,-1.2723909473296409,1.1691329322807598,-0.1964536671995683,1.1890996963067169,-0.9926460290837693
1.1503006012024046,0.24552428583139188,0.05004466840600022,433.64597856429003,-0.14535332995969674,0.14264107157966707,-0.03636776679720654,-0.10627330476176537,1.4133940288815365,-0.6902908869528229,-0.7231031419276731,-1.2688682397774271,0.5305717695925662,0.7382964702042745
1.1543086172344688,0.24555528064455276,0.05003588308218116,435.1556081001109,-0.16367628554151514,-0.03251028439462245,0.14192039825732772,-0.10941011384422948,0.06548467234541488,1.1901468392854178,-1.2556315116307528,0.043217860618014525,-1.1245077214985448,1.0812898608989898
1.158316633266533,0.2455825040499727,0.050042204202824084,436.6656608177032,-0.1702107387385361,-0.14705323779384902,0.05246222872793472,0.09459100908556665,-1.405698750044906,0.8325025203658769,0.573196229678494,1.273621714828976,-0.6657895485366705,-0.6078321662728194
1.162324649298597,0.24560676486596947,0.05005809730199693,438.1760253728217,-0.1687232458411447,0.015884906382540254,-0.1365039635157135,0.12061905715187816,-0.2334200139917656,-1.0907459015114758,1.324165915503343,0.10987662534685882,1.044172774358848,-1.1540493996871803
1.1663326653306612,0.24562869074731417,0.05007958673468515,439.686617487874,-0.1619787907073666,0.14930185580816618,-0.06835969328890104,-0.08094216250168527,1.3778185956952913,-0.962840169939654,-0.41497842575554195,-1.26014723783626,0.7909707988084335,0.46917643904523665
1.1703406813627253,0.24677458465020452,0.05027784459373274,441.20046972591166,-0.07699156674332223,0.02049344614270456,0.36619105009485986,-0.3866844962159458,0.3525399248669993,1.012179774376513,-1.364719699238313,-0.19452680134602554,-0.7445929038086169,0.9391197051722281
1.1743486973947894,0.24674191858271294,0.05041271437213758,442.71550321782667,0.026401995125033672,-0.43494400104218445,0.25750636538301613,0.17743763567401782,-1.3462435872140963,1.0471807091199434,0.29906287809419074,0.9544479335300137,-0.6946571875948424,-0.259790745920351
1.1783567134268536,0.24669826095426034,0.05049204443416189,444.22947049256516,0.09460306389081269,-0.07236695018274084,-0.336630012435637,0.40899696263230295,-0.5116576122766192,-0.8852011969705798,1.3968588092470946,0.30753783372399335,0.6587363626758981,-0.9662741963861222
1.1823647294589177,0.24666094730302296,0.05053314353228046,445.74260104100006,0.136444587744762,0.42465258468429146,-0.2973145026818214,-0.12733808199474958,1.2843239638039508,-1.1527171856603913,-0.13160677814760022,-0.9185804849618588,0.7736275586040426,0.14495292637383997
1.1863727454909818,0.24662858488077663,0.05054775588846014,447.25510478817944,0.15942266265881216,0.12348230608542056,0.2998212649194154,-0.42330357099404026,0.6652693645187946,0.7469148446228479,-1.4121842091411134,-0.41713463361107206,-0.5670233105963919,0.9841579442177768
1.190380761523046,0.24660015686798586,0.05054455136493788,448.7671425110487,0.1691516017160185,-0.4089514998652004,0.3329261124932584,0.07602538738044104,-1.2044184268608658,1.2418627361400483,-0.03744430927945419,0.8693216760322918,-0.8415599690307791,-0.02776170699157482
1.19438877755511,0.24657475090122988,0.05052985927719232,450.2788363974045,0.16979474588298415,-0.17261660431836515,-0.25929908224285236,0.4319156865732516,-0.8092944478289108,-0.598225971259376,1.407520419083863,0.5209173365685604,0.46693281812590026,-0.9878501546752839
1.1983967935871742,0.24655183794129037,0.05050820571704179,451.7902783619444,0.16439979623321882,0.3877581281990654,-0.36379283839082105,-0.023965289789832672,1.1075237251867376,-1.3133407814703113,0.20581705628355842,-0.8074718084128358,0.8974881878016241,-0.09001637937040921
1.2024048096192383,0.24544102865275153,0.050363292282496794,453.29996990690887,0.11660209223929098,0.07516955768926199,0.0821004118916581,-0.157269969568627,0.9636489487510832,0.3975438344082466,-1.3611927831586417,-0.7890266491027836,-0.45033555926347396,1.2393622083820495
1.2064128256513025,0.24541692276283691,0.05020497897939083,454.8066080073099,0.0022094325597633996,-0.12220521275567439,0.13068312727936066,-0.008477914476994988,-0.959509439467967,1.377865880349855,-0.41835644087946045,0.9410667888743975,-1.216029246166613,0.27496245733431035
1.2104208416833666,0.24546270808976128,0.05011241339818694,456.314301090006,-0.07613849608425208,-0.0869218750249502,-0.05932492560232265,0.14624680066817386,-1.0927794826619197,-0.22974837438747256,1.322527857049434,0.9162403045442747,0.30988509349741006,-1.226125398000752
1.2144288577154307,0.24550224888555733,0.050061387931742515,457.82290447743725,-0.1254117408172212,0.11452859386312632,-0.13825922922271444,0.02373063539881926,0.8295076667326375,-1.4058687690798226,0.5763611023472185,-0.8294354887057143,1.253002118970309,-0.4235666302255372
1.2184368737474949,0.2455361613807046,0.0500392620081972,459.33219294501004,-0.15372951182897984,0.09999728667002546,0.04499072554615146,-0.14498801217860666,1.1920058254683505,0.061976554554573376,-1.253982380022796,-1.0160313506665484,-0.15821107901251066,1.174242429716608
1.222444889779559,0.24556565635928984,0.05003677740699845,460.84199264109435,-0.1672161237370236,-0.10423043067852483,0.14413568297850857,-0.0399052522650231,-0.6872631906964388,1.4134370314916997,-0.7261738407951153,0.7065704376188033,-1.2715522326290163,0.5649817950453548
1.2264529058116231,0.24559171401124041,0.05004715992377888,462.3521710915283,-0.17042977159114286,-0.11223237076836742,-0.028951580861896385,0.1411839516637965,-1.2741742250298393,0.10685359920533766,1.1673206258244968,1.1007145960664328,0.005158296309999255,-1.1058728923428551
1.2304609218436873,0.24561505832671904,0.05006549859709448,463.8626276855927,-0.16673773110861245,0.09174289339240926,-0.14795802755629908,0.056215134195763725,0.5350567543988622,-1.4007253895465408,0.8656686351475369,-0.5741654956250648,1.2718554072688202,-0.6976899116119479
1.2344689378757514,0.24650555394049564,0.050142461339799,465.3732979745682,-0.15827322674458807,0.3157285251281871,0.023946643702915636,-0.3396751687964114,1.3665469109809865,-0.24106960963835355,-1.1254773013395762,-0.976352146377641,0.10954513016608512,0.8668070162417391
1.2384769539078155,0.2467703113993859,0.050335466462100006,466.88885213972196,-0.034631909029336154,-0.2129795956272253,0.4374952537339408,-0.22451565808370746,-0.4226849618632471,1.3806192692734054,-0.9579343074127874,0.34465066075025863,-0.9737554826677486,0.6291048219431712
1.2424849699398797,0.24672514094359346,0.050447154192559907,468.4034789281073,0.05504515975651951,-0.3939636180546177,0.03308905220323879,0.36087456587488426,-1.3719381752382742,0.3907865532622923,0.9811516219760077,0.9438647306522564,-0.22184822356194245,-0.7220165070668764
1.2464929859719438,0.2466838953122834,0.050510854849546385,469.9171113469959,0.11256828076149453,0.16472701308432908,-0.4322074664006538,0.2674804533386219,0.25798132655365835,-1.332377403112672,1.0743960765590606,-0.23219555685630422,0.9472838478998211,-0.7150882910211585
1.250501002004008,0.24664854053255894,0.05054105592523283,471.4299904403573,0.1467296915057127,0.41262429825128255,-0.08524153978816798,-0.32738275844190595,1.4022753954744116,-0.5501982669198076,-0.8520771285546428,-0.9722101665512912,0.3348037449407981,0.6374064216316937
1.254509018036072,0.24661778967280812,0.05054827255652003,472.94230693689076,0.1642837691338231,-0.11451126575055093,0.42088620094174173,-0.3063749352536724,-0.09005125438438434,1.2661940261648306,-1.1761427717643678,0.11653442132490449,-0.9079795420080611,0.7914451207000361
1.2585170340681362,0.24659053760429922,0.05054021724451663,474.45420603187506,0.17025993468167558,-0.42572455050727187,0.1358532443927723,0.2898713061605632,-1.4128228201622404,0.7016327779996192,0.7111900421625403,0.9865400862553443,-0.4431508906210899,-0.5433891955885126
1.2625250501002003,0.24656611742468926,0.050522516932858044,475.9657980743087,0.16838096035993697,0.06309216526112542,-0.4040051377401324,0.3409129725220861,-0.07899703045081397,-1.1820880681132422,1.2610850985641353,0.0010354487432157056,0.8554502282594517,-0.8564856769596928
1.2665330661322645,0.24654393658681933,0.05049920212261115,477.4771663941688,0.1613734480461956,0.4329273186290561,-0.1843380496512313,-0.2485892689398086,1.4032943396759405,-0.8429912031529871,-0.5603031365229367,-0.986686791728838,0.5452859872342671,0.4414008045327006
1.2705410821643286,0.2453978374284752,0.05029390777860717,478.9850473911938,0.07085281529499293,-0.004050271693278096,0.12992828274270832,-0.12587801101367987,0.2938715488479665,1.047915387705474,-1.3417869365543402,-0.16061385877117101,-1.0123205627732856,1.1729344215788717
1.2745490981963927,0.24543423983786733,0.050165204500602446,480.4920475832091,-0.030505627949153725,-0.1464968234004843,0.07628589656408284,0.07021092687217832,-1.3618486241678678,1.0075271638619447,0.35432146030600764,1.2530935898643523,-0.8321684976507129,-0.4209250921779671
1.2785571142284569,0.24547795171120979,0.05008963162790128,482.0001040224539,-0.09711002688586957,-0.011080676680393064,-0.12176155180388928,0.13284222851682165,-0.4577650101211134,-0.9291319017071918,1.3868969118285936,0.3129661180162383,0.9138873029688812,-1.2268534209535455
1.282565130260521,0.24551526755628747,0.05005046684149115,483.50898194053104,-0.1378687865680566,0.14687413399968877,-0.08989034395452747,-0.05698379001457206,1.3075986898661038,-1.1186880967362907,-0.18891059312976205,-1.2144189288567397,0.9424033415529562,0.27201558733461356
1.2865731462925851,0.24554743301749213,0.05003647346735578,485.01847568833875,-0.16012754178000443,0.027127425320326644,0.1129589565696504,-0.14008638186050965,0.6139487722002185,0.7957238743947422,-1.409672646594999,-0.4594884497919255,-0.7996067187129303,1.2590951685341893
1.2905811623246493,0.24557557837051558,0.0500393858079479,486.52842782915235,-0.16938683348352826,-0.14470259478272343,0.10299169063679385,0.04171090408060276,-1.2344000391199597,1.2138258282237702,0.020574210858859937,1.158591416187481,-1.0383765328946282,-0.12021488330094975
1.2945891783567134,0.2456005545891992,0.05005317301285986,488.03871851725575,-0.1697304820557147,-0.04366349163852233,-0.10175706542213359,0.14542055702855708,-0.7614431395455874,-0.6507654596459523,1.4122085991915194,0.5986709147604132,0.6745081091851666,-1.2731790239776344
1.2985971943887775,0.24562305590999128,0.050073488835063,489.5492569867996,-0.16416266512038613,0.14013055906215674,-0.11501918230707359,-0.025111376785662255,1.143442042036606,-1.2916029771337383,0.14816093509713443,-1.0864356969293492,1.1191187650382926,-0.032683068139384375
1.3026052104208417,0.2467458610405941,0.050226211961452834,491.06176160401253,-0.11101932095270037,0.18639066428839293,0.24168537420092598,-0.42807603853163495,0.8706553759861387,0.5412029910925665,-1.4118583670842366,-0.5656461367772677,-0.4347545855278796,1.0004007222772335
1.3066132264529058,0.2467544279937091,0.05038317847688505,492.5770878942061,0.0025954331159126036,-0.3822066691773646,0.37562627797566733,0.00658039117036078,-1.069261572823282,1.3359864769439722,-0.2667249041209616,0.7795175381601177,-0.9139249753897564,0.13440743719859272
1.31062124248497,0.24670924684332443,0.050475212626956284,494.0913206201893,0.07936668289589631,-0.23541028381954632,-0.2008786079883735,0.4362888917782795,-0.9873427749459001,-0.38232044203019117,1.3696632169760314,0.6507751659902917,0.31750336630455844,-0.9682785323240826
1.314629258517034,0.2466703231984305,0.05052519580822433,495.6046512741646,0.1274095615690718,0.35235633280295037,-0.3985974788316932,0.0462411460009821,0.9503553281593842,-1.3809844583405952,0.43062913018116444,-0.7025738582378784,0.9523662571014302,-0.24979239889128418
1.3186372745490982,0.24663678272039233,0.050545910758410494,497.1173045507276,0.15479727072995964,0.2773194560394143,0.15213295494914267,-0.4294524110152363,1.1007998210442924,0.2168229844423553,-1.3176228054867867,-0.734886114220561,-0.204308738066396,0.9391948522605871
1.3226452905811623,0.246607409045473,0.05054675350265391,498.62945285370216,0.1675906542758877,-0.31813978773344426,0.41608740176048076,-0.09794761404766085,-0.8183799158198317,1.406633371767811,-0.588253455943413,0.6153968339090177,-0.9771990975633827,0.36180226362583395
1.3266533066132264,0.24658129153467537,0.050534604643179,500.1412284570702,0.1703210492405359,-0.3152408248216707,-0.1017398374912436,0.41698066229523617,-1.1985700062018074,-0.048475654427793266,1.2470456606298868,0.8085294291006155,0.08792972406420554,-0.8964591531832224
1.3306613226452906,0.24655771891285133,0.05051445315956262,501.6527300364375,0.1662899577075873,0.2798587073882775,-0.42797454427885623,0.148115836842669,0.6749400318839409,-1.4123633343438762,0.7374233024690728,-0.5192082476292117,0.9880419312650028,-0.4688336836696365
1.3346693386773545,0.24560623314435553,0.05042310762285928,503.16378980636654,0.15182676718570226,0.15377912599168136,0.019984847858345537,-0.17376397388656775,1.2671580097410662,-0.16193623429478018,-1.1052217754463862,-1.0685555944056666,0.04702730007543675,1.0215282942933162
1.3386773547094186,0.24540518038292244,0.050238873914713086,504.6702246462491,0.029218762718344674,-0.08061948605087235,0.14604307978945347,-0.06542359377211718,-0.47587600320934365,1.389635384027666,-0.9137593808176416,0.5283136509162367,-1.269090448611783,0.7407767976643054
1.3426853707414828,0.24545104041032534,0.05013240645772216,506.17763247628073,-0.058477091637188956,-0.1264669273153222,-0.001451759701271235,0.12791868698633377,-1.3566375054008846,0.3354792903512689,1.0211582150496024,1.1905957241510867,-0.19964060408266238,-0.990955120098687
1.3466933867735469,0.24549230824698706,0.05007171439390124,507.68601737747446,-0.11461931890220411,0.0683766968687893,-0.14755181436890355,0.07917511747192493,0.3142804267821829,-1.3505427739180096,1.0362623471358203,-0.3837174367976389,1.2446868405939395,-0.8609694038245843
1.350701402805611,0.24552758899525806,0.050042906919496304,509.1951421371683,-0.14785091040286233,0.1349583887384143,-0.014252760647419243,-0.12070562811766156,1.394450977145193,-0.496747698148542,-0.8977032789966926,-1.2363511490257189,0.35015618622038813,0.88619496277868
1.3547094188376752,0.24555816056850172,0.05003593791811047,510.70481997737187,-0.1647894981003372,-0.054048713417646804,0.14703355998061646,-0.09298484660585249,-0.14782071391324136,1.2914056516172838,-1.143584937700375,0.23436251158011528,-1.201868546600545,0.9675060349644069
1.3587174348697393,0.24558505773588898,0.05004343706545501,512.2149084176888,-0.17037020078077006,-0.14172562706615618,0.03082598549170097,0.11089964151452494,-1.4122170770847307,0.6510353055779396,0.7611817715068728,1.264131358840102,-0.49472451601194617,-0.769406842887961
1.3627254509018034,0.24560905555992865,0.050060047765927596,513.7252991740584,-0.16824587337833047,0.038084952415081516,-0.1440795263619056,0.10599457388987452,-0.02088792129577316,-1.2136844048876658,1.2345723261834116,-0.08238109316950126,1.1420927126447928,-1.0597116195321328
1.3667334669338675,0.24571074216646557,0.0500819272975133,515.2359102639548,-0.16109680755446273,0.20926161421962455,-0.07879466462308236,-0.13046694965035815,1.4170371313145242,-0.7997288311522879,-0.6173083001621847,-1.273139212909277,0.6313815655371519,0.641757647318201
1.3707414829659317,0.24677608130001696,0.05029467881289848,516.7502413194961,-0.06504708757207492,-0.046034060008733876,0.3991247731760569,-0.35309071323350394,0.1411381741053233,1.149761566803416,-1.2908997409134215,-0.045732075821778656,-0.8333500968456893,0.8790821726179487
1.3747494989979958,0.24673726590466608,0.05042279055131219,518.265168607077,0.03467300818227862,-0.43685856044337823,0.20134674927932894,0.23551181110728858,-1.3958575273148837,0.8922404884949569,0.5036170388198117,0.9813972731693615,-0.5812153172594382,-0.40018195596655926
1.37875751503006,0.24669425759370897,0.05049765369897107,519.7790411487757,0.09983715191092048,-0.0067791891536621435,-0.37454455636473316,0.3813237454641859,-0.3075161155470363,-1.0409385213488265,1.3484546368959451,0.1627928476222466,0.7619788814684683,-0.9247717291447538
1.382765531062124,0.2466574708519177,0.05053562744515084,521.2921003607265,0.1394867160784427,0.43454543877030716,-0.24595938227788108,-0.18858605654347008,1.3583789079253292,-1.0165091544117535,-0.341869753513499,-0.9627679887159132,0.6723818270144851,0.2903861616503022
1.3867735470941882,0.24662558335348478,0.050548115395019765,522.8045510077648,0.160914611519463,0.05925063600268618,0.34387429134695546,-0.4031249273978941,0.47005594161652486,0.9189256024606901,-1.3889815440771789,-0.27756078456649513,-0.682371393701938,0.959932178220206
1.3907815631262523,0.24659749675081855,0.050543509254873276,524.3165493825402,0.16956763773698463,-0.42658292711783136,0.2869817770744906,0.13960114999701814,-1.3018634524875505,1.1262947113161792,0.17556874117114293,0.9301629374484814,-0.754011494497795,-0.17615144299677687
1.3947895791583165,0.24657239305893805,0.050527930364732195,525.8282141953938,0.16948119982807575,-0.11056778648782778,-0.30882789380825626,0.4193956802520585,-0.6257686514709088,-0.7840624997725658,1.409831151243098,0.3885376819119928,0.5927548885114299,-0.9812925704669698
1.3987975951903806,0.2465496610046701,0.05050579180486951,527.3396353021117,0.1636210691734174,0.4128545795430005,-0.3238668413766303,-0.08898773820720006,1.2269284622929195,-1.2200181381250943,-0.00691032416785118,-0.8841107191252908,0.8249164663788101,0.05919425270565791
1.4028056112224447,0.24541758143528794,0.050342315865228665,528.8488575356497,0.10462458533955868,0.05854126034680478,0.09246349073864418,-0.15100475112345663,0.8074853827166236,0.5915319772296578,-1.3990173599462195,-0.6394201961907621,-0.6231813470096963,1.2626015431618274
1.4068136272545089,0.24542164351275045,0.050193368453275745,530.3555522067355,-0.007217140305006797,-0.13303256585271045,0.11929886350674702,0.013733702310470448,-1.1047685896974833,1.315252955967951,-0.21048436627046035,1.0598730834767285,-1.1443802143384405,0.08450713082623716
1.410821643286573,0.2454669641782201,0.050105676759360555,531.8633479173519,-0.08223015033956475,-0.0679997862469288,-0.07905868363655165,0.14705846984974924,-0.9454286823009986,-0.4370567624147155,1.3824854447155612,0.7723779323796879,0.4924151332680341,-1.26479306568129
1.4148296593186371,0.2455058794683443,0.05005804833384167,533.372029156504,-0.12907505565242108,0.12740238300040807,-0.1288045921096961,0.0014022090773316042,0.9923412895418522,-1.3678604121978701,0.37551912265608206,-0.9656048940236095,1.203449578788309,-0.23784468479666665
1.4188376753507013,0.2455392966197201,0.05003825975057002,534.881375893223,-0.15566080578893987,0.08231706187130979,0.065850251374355,-0.1481673132759267,1.0640551518893153,0.27384851769224616,-1.3379036695814628,-0.8886824588387784,-0.3466826273126812,1.2353650861209617
1.4228456913827654,0.24556841445855324,0.05003733402609047,536.3912188951157,-0.1679356698934977,-0.11909563198345073,0.13691664955828198,-0.01782101760336335,-0.8653906726351394,1.400726030375921,-0.5353353577406764,0.8580788138827997,-1.2447562496631697,0.38667743575179836
1.4268537074148295,0.245594164300005,0.050048707666317194,537.9014292648393,-0.17032335599357837,-0.09615535989530441,-0.05068978149855685,0.14684514136636448,-1.1674945011862266,-0.10654836028339099,1.2740428614695098,0.9916298142740068,0.1968247767021814,-1.1884545910034896
1.4308617234468937,0.24561723538743255,0.05006763712377908,539.4119088972639,-0.16609542700875368,0.10848326811618528,-0.14323498432051998,0.03475171747190515,0.725953871617649,-1.4136111932528148,0.6876573194874104,-0.7387660879975874,1.2681210894370263,-0.529354998711768
1.4348697394789578,0.24661627999740252,0.05016909626075837,540.9231186537179,-0.14429094711430973,0.30132715144564426,0.08064271562054526,-0.3819698651337224,1.2564452627634852,-0.017342667313152177,-1.2391025954448822,-0.8756577675055043,-0.048719471380102894,0.9243772408163567
1.438877755511022,0.2467663658047771,0.05034934394895254,542.4385892158884,-0.023965143699317605,-0.26810344250945206,0.43356005529070896,-0.16545661094795405,-0.6209569948618053,1.4110496725572528,-0.7900926776940028,0.4798572720239776,-0.987064102477153,0.5072068322869543
1.442885771543086,0.24672072282964677,0.05045539660417129,543.9531056934009,0.06207520334763098,-0.36093622955460664,-0.032843974483159,0.39378020577878214,-1.3049697505468458,0.18185363879020316,1.1231161117578115,0.8896699262514828,-0.07452181396424463,-0.8151481105473868
1.4468937875751502,0.24668012649406296,0.050515184514120244,545.4666528619463,0.11690490471422738,0.22359391939250134,-0.4361469984215311,0.2125530806814082,0.46418069253916666,-1.3881219661999777,0.9239412736620413,-0.3740572633812608,0.978499045855196,-0.6044417808227822
1.4509018036072143,0.24664528295435778,0.05054267056808021,546.979468092036,0.14913735298307895,0.3868515540200869,-0.019987184342554372,-0.36686436810949175,1.3600554612146996,-0.34802319796314013,-1.0120322632502705,-0.9348583696272729,0.19108904375745006,0.7437693274366205
1.4549098196392785,0.24661490196850638,0.05054806629506699,548.4917372202463,0.16533802355721872,-0.1763718869669842,0.432723138048603,-0.25635124959685124,-0.3012342398064837,1.3460273955995499,-1.044793155791716,0.2628981527281066,-0.9562496674537806,0.6933515162103884
1.4589178356713426,0.24658798337394977,0.05053881427649166,550.003601066646,0.17037748930338095,-0.4074662864127828,0.07212955149369084,0.33533673633388333,-1.3958798158487773,0.5090512489296795,0.8868285669195178,0.9665955890748494,-0.30512921020293016,-0.6614663774582271
1.4629258517034067,0.24656385087393945,0.050520398390848736,551.515167477029,0.16787921810917777,0.1270835150561564,-0.42350767043973164,0.2964241567312508,0.1342356541553955,-1.2851184122243153,1.1508827580590573,-0.1477808332567959,0.9202723653528377,-0.7724915307344303
1.4669338677354709,0.24623049556107657,0.050496299518744465,553.0265248143601,0.16066857701245496,0.22182447081002488,-0.03510557672745826,-0.18671889283755558,1.3355218549517978,-0.6278430263409611,-0.7076788286106163,-1.006558020038949,0.4252822306779763,0.5812757906060684
1.470941883767535,0.24539768025310837,0.050277833673332516,554.5339269923584,0.0591339787378201,-0.026024818692874294,0.13822101254377803,-0.11219619266544525,0.08347590957135465,1.1782709815961068,-1.2617468911676402,0.03115100376038371,-1.1179441781657034,1.0867931755892184
1.4749498997995991,0.2454388691215072,0.0501556562792349,556.0410348271173,-0.03854144131623714,-0.1454283933801875,0.056490132928544115,0.08893826157657342,-1.4031375365152274,0.8469097503807099,0.556227786135233,1.274515559400157,-0.6772990042046784,-0.5972165540712392
1.4789579158316633,0.24548193029752471,0.05008431332708679,557.5491836962373,-0.10218599291592631,0.011284375186585163,-0.13299410652721363,0.12170973240530378,-0.2512653090123271,-1.0788814454186715,1.3301467544317587,0.12345565966898651,1.0372017708965464,-1.160657429500718
1.4829659318637274,0.245518676558307,0.050048100664172555,559.0581311809141,-0.14080987871547865,0.14810357860432366,-0.07109661326610484,-0.07700696432723565,1.3735043703408794,-0.9758768298468274,-0.3976275404932738,-1.2587914347824782,0.8025211285664453,0.45627030722622375
1.4869739478957915,0.24555038897114453,0.05003611676334179,560.5676768537973,-0.16155604929508563,0.00476865338586258,0.12627274820281145,-0.13104140062314878,0.41528892967097614,0.9625403242410755,-1.377829253911835,-0.27539527194829055,-0.9398002275919717,1.2151955005053687
1.4909819639278556,0.24557818028579873,0.0500403497102551,562.077667486424,-0.16976580659104357,-0.1484133886779357,0.08559720859222661,0.062816181002376,-1.32402972912583,1.0909217644944966,0.23310796463197903,1.2251450421128804,-0.9154214616338844,-0.30972357956289887
1.4949899799599198,0.24560289250556272,0.05005495755859721,563.5879864724325,-0.16940191008393712,-0.021655239785040206,-0.1170685459720415,0.13872378662715207,-0.5734830804576694,-0.8322633513728376,1.4057464318312598,0.4226133649773224,0.829467149404917,-1.2520805135129687
1.498997995991984,0.2456251649528063,0.050075736200377474,565.0985455049173,-0.16337758769350127,0.14636976909427957,-0.09934057138409744,-0.04702919688487151,1.25553651862767,-1.1903876796746957,-0.06514883895218726,-1.174135033689699,1.014796665400049,0.15933836911415938
1.503006012024048,0.24676323812880088,0.050248013958050966,566.611552065227,-0.09827505374374211,0.12509883143309317,0.29647730813248296,-0.4215761387833818,0.6835945196309526,0.7370685813039323,-1.4206631009342063,-0.4318100066583356,-0.5622710089051773,0.9940810163422749
1.5070140280561122,0.24674973635666886,0.050394708065803505,568.1267819684376,0.011811305116708564,-0.40985423761025963,0.3375461393003359,0.07230809904724904,-1.1962666141542024,1.2509241729714728,-0.054657558816895324,0.8617412679998452,-0.8474345838176818,-0.014306683444971907
1.5110220440881763,0.2467050765489119,0.05048183961657081,569.6409131099822,0.08529272922336875,-0.177352440175454,-0.25688639155724613,0.4342388324325169,-0.823830505655839,-0.5827682495831302,1.4065987552394146,0.5316179542610673,0.45463355086396423,-0.9862515044256693
1.5150300601202404,0.2466667523354732,0.05052839521199417,571.154167032271,0.13094966248891501,0.38693323079492076,-0.3674198153091065,-0.019513414821660198,1.0969386688051492,-1.3200660565009705,0.2231273876962347,-0.7990847190266201,0.902187282345287,-0.10310256265479738
1.5190380761523046,0.24663369607728725,0.050546762513211316,572.6667630941749,0.1566422899206748,0.22360300741853115,0.2117658733375769,-0.4353688801287352,0.9548692747212655,0.4244933956421047,-1.3793626703626625,-0.6271164924391522,-0.34748566486070226,0.9746021579275733
1.5230460921843687,0.2466046639016263,0.05054602757784636,574.1788690371092,0.1682552075045603,-0.3591564109389196,0.39222543561832607,-0.033069024077886505,-0.9824013849151031,1.3705857403544297,-0.3881843554389321,0.724779705296966,-0.9440495959409447,0.2192698912451783
1.5270541082164328,0.24657883331730115,0.050532883975526174,575.690613004209,0.1701719568678431,-0.2665691229411894,-0.16418704046735172,0.4307561639797347,-1.0723205048622686,-0.2604525996612993,1.3327731045237234,0.713765704399989,0.23511918295557452,-0.9488848867848511
1.531062124248497,0.24655551924424737,0.05051214340247157,577.2020917053642,0.16561235411567832,0.32667607505980634,-0.41156542552787995,0.08488935100854464,0.8540462481664265,-1.401637898674378,0.5475916505084157,-0.6399053842764957,0.9723778664141708,-0.3324724815976317
1.535070140280561,0.24551921694946416,0.05039696068755302,578.7125528047615,0.13640119522526897,0.12442661868529907,0.04337689161345276,-0.16780350975809957,1.1834264234007115,0.04377298541829619,-1.2271994088171785,-0.9926592653045774,-0.1379250120959627,1.1305842779438422
1.539078156312625,0.2454093985117305,0.05022563905018956,580.2191386386032,0.018770456456727157,-0.09813895751257373,0.1429552701642695,-0.04481631213213617,-0.670759320333103,1.4121293996680149,-0.7413700793357912,0.6969830435421924,-1.2733119476256216,0.5763289046021434
1.5430861723446891,0.2454554682821667,0.050124560322249205,581.7266553012662,-0.06534492703684278,-0.11377130630037893,-0.023682520181190644,0.1374538269733102,-1.2816040242062923,0.12499799102713516,1.1566060331794301,1.1082814950576738,-0.007899780756027402,-1.1003817138101606
1.5470941883767533,0.2454960801668342,0.05006759749418811,583.235123981705,-0.11884409897795964,0.08742033884669882,-0.14686713060437595,0.05944679222426545,0.518144029726267,-1.3979156147477194,0.8797715850218617,-0.5622379715085982,1.271937607018628,-0.7096996350438278
1.5511022044088174,0.245530838987325,0.05004137222221001,584.7443115471547,-0.15018249050548238,0.12417030090591455,0.008205557056177166,-0.1323758575194192,1.343723746403798,-0.2918794579427199,-1.051844288460647,-1.1756794967630915,0.16177168422660393,1.0139078129787469
1.5551102204408815,0.24556099650145197,0.05003614185369953,586.2540361791724,-0.1657884671256088,-0.07435892856462482,0.14878138968686888,-0.07442246070282423,-0.3577598210199436,1.363239800850735,-1.0054799798306047,0.420165946509265,-1.2518608850027433,0.8316949389129482
1.5591182364729457,0.24558757567839012,0.050044763641238096,587.7641592038595,-0.17045332241238176,-0.13315859939197883,0.00848203409250647,0.1246765656974985,-1.3865489325289582,0.4547320240000028,0.9318169085291201,1.2258448100748258,-0.31239605184098096,-0.9134487578359956
1.5631262525050098,0.2456113195283569,0.05006205161688492,589.2745752698062,-0.16772057866713283,0.05941982799619645,-0.14836517289586357,0.08894534527700543,0.1921213457222012,-1.3089679020269172,1.1168465563046939,-0.27275952206349424,1.213996804169426,-0.941237281728551
1.567134268537074,0.24614526222789576,0.05008857933805562,590.7851585526887,-0.16133692002951278,0.37560622680671035,-0.1114873737382011,-0.26411885271087493,1.539255324549476,-0.664726549245289,-0.8745287753035965,-1.1805851969743413,0.422971897362479,0.7576132999698396
1.571142284569138,0.2467750963595619,0.050310653978932446,592.3000069683435,-0.053371860452164174,-0.11092349175774524,0.4216385315046092,-0.3107150394055653,-0.07286326896110312,1.2606930663789304,-1.1878297974130474,0.10332429329690747,-0.9030426783081321,0.7997183853570359
1.5751503006012022,0.2467326743396104,0.050432332961262594,593.8148227667673,0.042581724052613346,-0.4288304040763685,0.14062638803852057,0.28820401636217846,-1.413674290460187,0.7169917847036166,0.6966825057567084,0.9859833131831999,-0.4545184892574533,-0.5314648236015849
1.5791583166332663,0.24669032892442772,0.05050289232062963,595.3286032783546,0.10480770517721556,0.058942632144181224,-0.4039247681261221,0.3449821362895671,-0.0963772742682477,-1.1729598349353663,1.2693371092038195,0.014324722460842959,0.8478609041694816,-0.8621856263228667
1.5831663326653305,0.24665407179536347,0.05053786619810587,596.8415933976926,0.14234370214456188,0.43457728358136866,-0.18904407301236256,-0.24553321033452116,1.4015571689718243,-0.8572019503807639,-0.5443552186050297,-0.985054229099377,0.555833580046372,0.42922064939526433
1.5871743486973946,0.24662261993313642,0.050548309263384425,598.353992521926,0.16227666278932654,-0.00631648170642779,0.38009461879815676,-0.3737781367903567,0.2641387969857705,1.0700017427814168,-1.3341405397669521,-0.13165635969861603,-0.7821745150699031,0.9138308750695308
1.5911823647294587,0.24659486108745038,0.050542363213322686,599.865952719302,0.16989385695365658,-0.43450364418818266,0.234508318295874,0.19999532616835447,-1.3696470412041333,0.985067155073972,0.38457988613036875,0.9698068026114683,-0.6492737245022545,-0.32053307783416046
1.5951903807615229,0.24657002136260647,0.0505259555509381,601.377589633084,0.16911433305072485,-0.04603802721482899,-0.3513373815352624,0.39737540901074353,-0.42798086338728336,-0.9520249311911064,1.380005794578425,0.24730586090573692,0.7050666128735481,-0.9523724735188345
1.599198396793587,0.2465474975996332,0.05050335130019449,602.888990422697,0.16280718977914094,0.42854501100378617,-0.2765661401677691,-0.15197887058701423,1.318368810762524,-1.0988895353000725,-0.2194792754622297,-0.940595636890939,0.7335372637395501,0.2070583734001383
1.6032064128256511,0.24540507244030896,0.05032205548170763,604.3976950022436,0.09152106286636302,0.033792615654688676,0.11001927130094848,-0.14381188672083128,0.6286076532720909,0.7764281398810968,-1.4050357931533977,-0.46837399991427575,-0.7860640356528933,1.254438035803886
1.6072144288577153,0.24542636834635215,0.05018236798622823,605.9045087162979,-0.01624540977162248,-0.14079639573288924,0.10511340591027284,0.03568299004623051,-1.2248391039645563,1.2225911715691122,0.002247932395523615,1.154534129985636,-1.046646198522562,-0.10788793123950254
1.6112224448897794,0.24547113186350397,0.05009935250917014,607.4124043170376,-0.08802680497348947,-0.047491347625409686,-0.09698883589665538,0.14448018373434754,-0.7765247272727145,-0.6344083364568585,1.4109330637295758,0.6109431178818693,0.6637279364654672,-1.2746710541351907
1.6152304609218435,0.24550943762622124,0.050054991029551264,608.921160989952,-0.1325288899175641,0.1373566035033806,-0.11638187359762976,-0.02097472970422818,1.1325610422214056,-1.2986766216779844,0.16611557945686137,-1.0797855680487825,1.1265011178920534,-0.046715549642049534
1.6192384769539077,0.24554233375901904,0.05003745120398436,610.4305641805233,-0.15744597354696988,0.06272705848184548,0.0852248996223709,-0.14795195787659604,0.9118411201640336,0.4794671102323566,-1.3913082303989686,-0.7410900867569538,-0.5272517485666981,1.26834183554584
1.6232464929859718,0.24557109132222188,0.05003800255507861,611.9404491141323,-0.16855569157615344,-0.13123319012346304,0.12655178545758689,0.004681404874704493,-1.0237782604738443,1.3560758532144395,-0.3322975927402566,0.990026951725447,-1.189593734815634,0.19956678329938624
1.627254509018036,0.2455965462878172,0.050050318319717575,613.4506903243586,-0.17015250336676568,-0.0778771094262611,-0.07127574832962744,0.14915285794092722,-1.0342151107678994,-0.31752368445954415,1.3517387952276634,0.8599648089022234,0.3840062245755496,-1.2439710332931408
1.6312625250501,0.24561942438149964,0.05006978895372008,614.961192738585,-0.16539983023617025,0.12272805961762585,-0.13515462770533612,0.012426568262882697,0.9002399968176564,-1.394042848673471,0.4938028518560028,-0.8865085117341562,1.2354217954736473,-0.34891328356427154
1.6352705410821642,0.24668411838721072,0.05019448071436453,616.4729651096939,-0.1298208186729391,0.2695589440748581,0.1404954906849885,-0.4100544345903194,1.1266584428599695,0.20050653303826305,-1.3271649758967081,-0.7677639860037581,-0.19887298392147396,0.9666369700965258
1.6392785571142283,0.24676201980756207,0.050362557984656796,617.9883159115432,-0.01367241469631159,-0.3171480789752126,0.41980959768537207,-0.10266151855294488,-0.8050806165150283,1.4095069223320023,-0.6044263058157386,0.604171718597228,-0.9780616077326082,0.373889889290465
1.6432865731462925,0.24671633728745926,0.05046318859449073,619.5027238635416,0.06880974694174581,-0.31970916198550525,-0.0980025047010676,0.417711666833759,-1.2082772384488052,-0.0312107392129772,1.2394879776617813,0.8151891544879498,0.07451595412492058,-0.8897051084656652
1.6472945891783566,0.24667638112714144,0.05051918810899737,621.0161878441918,0.12102317468740403,0.2773546574269179,-0.4301584879237669,0.15280383063762426,0.6597964319899728,-1.4122346990561836,0.7524382670664465,-0.5074015103800752,0.9874075455953358,-0.4800060350748522
1.6513026052104207,0.24664203422589304,0.05054405631331778,622.5289409103129,0.15138793654963956,0.3522831197482953,0.045699342827230656,-0.39798246243906127,1.286842028494786,-0.13792185541936372,-1.1489201730758516,-0.876195488010724,0.043014139126761275,0.8331813490194815
1.6553106212424848,0.24661203917236485,0.05054767186756299,624.0411634564526,0.16626860702395835,-0.2342144511302894,0.43472403283169314,-0.20050958157421597,-0.5055951378392806,1.3953804095863789,-0.8897852717470724,0.40330741763053507,-0.9828309041783194,0.5795234866755838
1.659318637274549,0.24658543336162128,0.05053729881064902,625.5529933333767,0.170413121568965,-0.3799425947356633,0.006776636125877991,0.37316595872993635,-1.347145696581374,0.3048782832033252,1.042267413378043,0.924627726947457,-0.16015215291357873,-0.7644755739137014
1.6633266533066131,0.24656150116613182,0.05051819590565954,627.0645346663069,0.16731635418517077,0.18818788303732847,-0.43339283040956544,0.24520494749044283,0.344382157764072,-1.358777480668387,1.0143953229040445,-0.2932117538933728,0.9640639186791137,-0.6708521646683171
1.6673346693386772,0.24587810635013807,0.05047850765918517,628.5759717236349,0.1621626379336108,0.1940576246021005,-0.017451660917146675,-0.17660596357395664,1.2695794637787179,-0.43553479059397626,-0.834044673184002,-1.0973338262213357,0.32828576490159217,0.7690480614318046
1.6713426853707414,0.24539960940496727,0.05026251369361506,630.0828070287497,0.04754422016879738,-0.047538342304733396,0.14383765627681624,-0.09629931385594226,-0.12947979454661182,1.2822836495193295,-1.1528038549687893,0.22254523770375334,-1.1978241131188825,0.9752788755285691
1.6753507014028055,0.24544350215251093,0.05014650860523209,631.590028574271,-0.046323178159786794,-0.1410027908839982,0.035369167587906786,0.10563362340521762,-1.4124439136554636,0.6669806869906448,0.7454632266648196,1.2669289177287137,-0.5070237264050034,-0.7599051912145963
1.6793587174348696,0.2454858775922501,0.050079297998413916,633.0982684646804,-0.1070656318910526,0.03341325167583639,-0.14118229374955832,0.10776904218302728,-0.039028606256798715,-1.2040377919505862,1.24306639820826,-0.06885301722031484,1.1368963556277545,-1.068043338297879
1.6833667334669338,0.24552206064016738,0.050045960763790975,634.607284364699,-0.14360072541179877,0.1459506739149881,-0.05067062890467771,-0.0952800449058718,1.4081210803433923,-0.8108347268444132,-0.5972863534985288,-1.2745136554070888,0.644383254597382,0.6301304009135305
1.687374749498998,0.24555334371648382,0.050035929359385674,636.1168810722917,-0.1628697646283126,-0.017711830113275453,0.13669617777067986,-0.11898434755897894,0.20715864854889451,1.1074031679779088,-1.314561816526743,-0.08503269809920747,-1.0585702199080707,1.143602918105671
1.691382765531062,0.24558079118803522,0.05004143842510062,637.626909491284,-0.17005766664364044,-0.14873426703680231,0.06624169307907474,0.08249257405058952,-1.3835140538886508,0.9431771012067833,0.4403369526820237,1.2638147311532482,-0.7716350466180124,-0.4921796844425226
1.6953907815631262,0.24560522574506305,0.050056834002561994,639.1372562284756,-0.16900751361330302,0.0008546157757250358,-0.12970846740014447,0.12885385171244815,-0.37244759801894983,-0.9947815725406741,1.3672291705596031,0.23692908626620846,0.9655177331737776,-1.2024468193520104
1.6993987975951903,0.2456272958867546,0.050078050348151354,640.6478354126154,-0.1625427148394833,0.14926487125893573,-0.08139026375459556,-0.06787460741806119,1.3390261016114882,-1.062051623772048,-0.2769744778369501,-1.2350859610821336,0.887358862010664,0.34772709915805566
1.7034068136272544,0.24677186639606252,0.050266585498683285,642.1613593267498,-0.08522297170657327,0.06421800670012112,0.33956330796905604,-0.403781314584915,0.48847652903228445,0.9087960144326339,-1.397272543465169,-0.2919195519293232,-0.6758712658948212,0.967790817908967
1.7074148296593186,0.24674502843990795,0.050405721856445596,643.6764665905558,0.02071183758977032,-0.4281526778012837,0.29178251180504405,0.13637016607736063,-1.296029258501141,1.1374298225319064,0.15859943596911658,0.9243430906324336,-0.7616375282024848,-0.16270556234866507
1.7114228456913827,0.2467009531562883,0.05048811029199209,645.1904982969172,0.09098467637511326,-0.11528056169136493,-0.30702797419048367,0.42230853595908346,-0.6415549748157153,-0.7699263081591129,1.411481282974965,0.4003305479232301,0.5814083612175026,-0.9817389090636073
1.7154308617234468,0.24666322104952712,0.050531341195982224,646.7036772987622,0.1343209604579822,0.4126914586053604,-0.32788515394220097,-0.0848063045897517,1.218521295803867,-1.2290706348832559,0.010549339079567482,-0.8773814249090953,0.8314340840925508,0.0459473408897981
1.719438877755511,0.24663060157302052,0.050547420172625215,648.2162173051653,0.15836182829983397,0.16483479061553644,0.2665870353676988,-0.4314218259167397,0.7872532528995869,0.622521698130061,-1.4097749510299336,-0.5050838279902868,-0.48276974413656726,0.9878535721935989
1.723446893787575,0.24660194599959265,0.05054518252481488,649.7282818787861,0.16882901378771709,-0.39198703440445254,0.3594038666056878,0.032583167861435544,-1.1240466295965017,1.3033271999161413,-0.17928057031962763,0.8176491674302111,-0.8893725495822302,0.0717233822147254
1.7274549098196392,0.2465763904855345,0.050531084711536785,651.2399953313187,0.16996703742268468,-0.21183565152710365,-0.22289079836009268,0.43472644994731874,-0.9216471906315222,-0.4664949342829956,1.3881421249146364,0.602735861769388,0.37695598097269917,-0.9796918426823075
1.7314629258517034,0.24655330060224406,0.05050979070792755,652.7514518041339,0.16489961472174125,0.36607794193311466,-0.38585872989702064,0.019780788017390184,1.0137135412346558,-1.3590400711124992,0.34532652987822193,-0.7460346551835554,0.9345920279821105,-0.1885573727458372
1.7354709418837675,0.24546546028750063,0.050375032391966806,654.2614249099075,0.12384366762717759,0.09041385710374517,0.07090429673350278,-0.16131815378541073,1.0613300629675408,0.2571220564436292,-1.3184521194102725,-0.8777074648120237,-0.3289131268040635,1.206620591665528
1.7394789579158316,0.24541384964954305,0.05021304439014028,655.7680639219165,0.008705799835249271,-0.11340782480227983,0.13658858537004878,-0.023180760522026597,-0.8503174650648821,1.4022466149753945,-0.5519291499105055,0.849759384756384,-1.248449673065659,0.3986902883546702
1.7434869739478958,0.24545983043895822,0.05011713573094978,657.2756872438002,-0.07191771364758533,-0.09843819107115646,-0.04539123435591329,0.14382942547034835,-1.1773587238120131,-0.08833899346403816,1.2656977172760193,1.00075060160998,0.1840105440707383,-1.1847611456374125
1.7474949899799597,0.24549979604735991,0.05006377573038141,658.7842374566083,-0.12285530300854507,0.10446848633817625,-0.1428036359515507,0.038335149654311174,0.7102031045616422,-1.413430864992686,0.7032277604311078,-0.7279522608685446,1.2702336498223945,-0.5422813889130198
1.7515030060120238,0.24553404972839063,0.050040040599272535,660.2934861287472,-0.15236113880263066,0.11052321900817678,0.030486444829324822,-0.14100966379885416,1.262359914157861,-0.08035677100986013,-1.1820031431479232,-1.0882311919215613,-0.030288335836140934,1.1185195277962088
1.755511022044088,0.24556379986413884,0.05003647948884783,661.803256204492,-0.16668104185899205,-0.09297498927934272,0.14712284907481712,-0.05414785975824955,-0.5595486777064117,1.4040085608362392,-0.8444598831296757,0.5963967482705518,-1.2733431603853709,0.6769464121517546
1.759519038076152,0.2455900635955514,0.050046173684343304,663.3134127955825,-0.17046435473173702,-0.12154183938562053,-0.014064463741209912,0.13560630316211458,-1.3292847953631834,0.24806693164638957,1.081217863716734,1.1596404549355281,-0.12295731554185146,-1.0366831393583584
1.7635270541082162,0.24561356843396923,0.05006410381856625,664.8238534217105,-0.1671478594010748,0.07940111927359475,-0.14925976359406243,0.06985864435461017,0.40075548159743457,-1.3744275204992162,0.9736720389020183,-0.4569239390564368,1.2582470238905596,-0.8013230848002315
1.7675350701402803,0.24640102038554737,0.05011919467421769,666.3343758011159,-0.1623394925361774,0.31948234462036207,-0.013150519273465368,-0.3063318253142431,1.451868993469716,-0.41034558151879064,-1.0415234119501577,-1.0393948889957767,0.21713432903244334,0.8222605599964703
1.7715430861723445,0.24677254480176816,0.05032578155199975,667.8497652068069,-0.04199755830615468,-0.17344211878081506,0.43454534001558587,-0.2611032212131837,-0.28478236302726334,1.3427674045324807,-1.0579850415115062,0.24994141805825035,-0.9526414650876001,0.7027000470615092
1.7755511022044086,0.24672813392037296,0.05044138474341451,669.364467056555,0.05016457189418989,-0.4110462518600501,0.07673174943513537,0.33431450245361516,-1.3992880945254642,0.5254225766520292,0.8738655178733551,0.9680961098051561,-0.3174522936236675,-0.6506438161527146
1.7795591182364727,0.2466864493850306,0.05050778218422277,670.8781579167685,0.10953995460034319,0.12330309770737659,-0.42410333187350957,0.30080023419342516,0.11695050612030553,-1.2782505851553174,1.1613000790350638,-0.13448199980430153,0.9144200100549338,-0.7799380102234345
1.7835671342685369,0.24665074604483525,0.050539857229233216,672.3910808023136,0.14502930300109387,0.4246227481998937,-0.12776663718725031,-0.2968561109865058,1.4127150895512113,-0.6782988835991082,-0.7344162059518012,-0.9848378244630878,0.4265678781157108,0.5582699463731955
1.787575150300601,0.24661969194472896,0.05054833842339179,673.9034298715303,0.16351837217306522,-0.07172844610151638,0.40765339771894255,-0.33592495159363456,0.052206184872893746,1.1966937396737283,-1.2488999245466137,0.017256293354086044,-0.8641510191961891,0.8468947258658609
1.7915831663326651,0.2465922600355436,0.0505411111073977,675.4153530975083,0.1701400324806449,-0.43252400874599434,0.17670525080961336,0.2558187579591574,-1.4062125615877172,0.8213896492217139,0.5848229123656811,0.9873419162957461,-0.5297327575108044,-0.4576091587628517
1.7955911823647293,0.24656767511442806,0.05052391425002066,676.9269627987354,0.1686914540288125,0.019534674777128974,-0.38584283292310373,0.36630815816788925,-0.22044318373110014,-1.0982937414182175,1.3187369251494931,0.10043368322453437,0.8013112687782192,-0.9017449519808325
1.7995991983967934,0.24654535784168619,0.05050087421415756,678.438343901732,0.16195759447311542,0.4344747560746041,-0.22297024175998498,-0.21150451429345163,1.3797712154292687,-0.9527241017790505,-0.42704711365011205,-0.9756458838905399,0.6254391239058057,0.3502067600057782
1.8036072144288575,0.24539946179502362,0.05030504511850484,679.9465458149187,0.07887956341181748,0.010305632708868532,0.12363102729259233,-0.133936659982819,0.4306384654959211,0.9474216047324493,-1.3780600702280392,-0.28610180077030917,-0.9291224839505751,1.215224284740057
1.8076152304609217,0.24543110551115277,0.050171896938828876,681.4534757765891,-0.024920477554453067,-0.1453300481698094,0.08852029352627953,0.056809754684056496,-1.3169887798350184,1.1020433131693637,0.21494546666557307,1.2229078702831722,-0.925094861458581,-0.29781300878318945
1.8116232464929858,0.245475251951788,0.05009339749893404,682.9614687582134,-0.09356352035360525,-0.02586854258918173,-0.11270127203824014,0.13856981466640103,-0.5899190944269885,-0.817306070281218,1.4072251647082332,0.4356122838617896,0.8199255850907736,-1.2555378689136054
1.81563126252505,0.24551296770224762,0.05005219283007036,684.4702988780917,-0.13579472010091692,0.1441590399936612,-0.10127398483812748,-0.042885055117774636,1.2469826406744557,-1.1999033617496568,-0.04707927892445015,-1.1693877487868396,1.0239157144473916,0.1454720343766711
1.819639278557114,0.24554543125913975,0.05003680472077328,685.9797569195151,-0.1590985268277531,0.04171970738095333,0.10262875354922325,-0.14434846089517886,0.7388922231078654,0.6741974621044069,-1.4130896852119874,-0.5766628774216936,-0.6958197286498827,1.272482606106154
1.8236472945891782,0.24557380645931332,0.05003879810173852,687.4896825515385,-0.1690849265351041,-0.14038332777741525,0.11329832767442222,0.02708500013638965,-1.1588612002312222,1.2805378857170184,-0.12167668548575641,1.0994406896777016,-1.1073597157372812,0.0079190260925696
1.8276553106212423,0.24559898019476772,0.050052011417042616,688.9999537726251,-0.16991923822781438,-0.05780934866777023,-0.09023396031843184,0.14804330901680554,-0.8773597431020335,-0.5212611133785552,1.398620856480566,0.7087034889571716,0.5624333660506684,-1.2711368549772166
1.8316633266533064,0.24562162541914564,0.0500719993086856,690.5104780466369,-0.16467019162217955,0.13418443077698067,-0.1240318477137386,-0.010152583034176646,1.0540614503406205,-1.3428521721223874,0.2887907217818939,-1.0140803079122795,1.1746363882030701,-0.16055608026195
1.8356713426853706,0.24672714455002318,0.050213149180168073,692.0226867835693,-0.11859274289169319,0.22726129635548326,0.19804671085032477,-0.4253080071790054,0.9831956997076139,0.40484498996363905,-1.3880406896710367,-0.65185459876599,-0.3414345020710626,0.9932891008617031
1.8396793587174347,0.246757531212061,0.050375133736885506,693.5380304052773,-0.0037809007360263044,-0.35889498106453505,0.3963573114879779,-0.03746233039533093,-0.9708551473451339,1.375917120372857,-0.4050619730280134,0.7147200282232767,-0.9467970789315672,0.23207705073722298
1.8436873747494988,0.2467120679233917,0.050470549131588154,695.0523323944469,0.07524249750840843,-0.2712241998744942,-0.16090587143133356,0.4321300713333087,-1.0840608128108282,-0.24355169182780506,1.3276125046383092,0.7221174061156335,0.22186738771049946,-0.9439847937984002
1.847695390781563,0.24667273640588774,0.05052289498755866,696.5657156038374,0.12492580215899211,0.3247878245248733,-0.41438150783795225,0.08959368333858135,0.840369585025219,-1.4041664874142339,0.5637969023890707,-0.6291862564054015,0.9738041141239555,-0.3446178576930212
1.851703406813627,0.24663888129675154,0.050545237211600244,698.0784081556561,0.1534823299973538,0.30968567235251254,0.11035205634065157,-0.42003772867001193,1.1843069649901283,0.07531848751079628,-1.2596254524996595,-0.7975419588999715,-0.10605962564298121,0.9036015845647603
1.8557114228456912,0.24660926221627832,0.05054716699275168,699.590585931014,0.1671008466703095,-0.28670872351943966,0.4268093035483551,-0.14010058000998932,-0.6984123069723541,1.4128543211044253,-0.7144420141322033,0.5345146704785415,-0.9869625051123794,0.45244783465298544
1.8597194388777554,0.24658295204429878,0.05053571133071885,701.1023827135803,0.17038078489355277,-0.3437648627046142,-0.05872694634398737,0.40249180906702225,-1.2677136481935782,0.09375725635226102,1.1739563918412286,0.8615810858307076,-0.011518158486991815,-0.8500629273250386
1.8637274549098195,0.24655925644696447,0.05051596352104578,702.6138999292011,0.16671500073509557,0.2449907718532181,-0.4333961384839403,0.18840536665110097,0.5466967815994934,-1.4015255852251336,0.8548288036258773,-0.4319729020053662,0.9859162105414309,-0.5539433085157618
1.8677354709418836,0.24569175429688067,0.05044225905882268,704.125258084528,0.15964178942084606,0.18498561744158243,-0.004960713474298033,-0.1800249039471154,1.2971783281811737,-0.2904610826425028,-1.0067172455386582,-1.102569782267151,0.1695814276372693,0.9329883546495374
1.8717434869739478,0.24540268274243143,0.050248115655709615,705.6317019673915,0.03643445577461338,-0.06787300139643435,0.1462128413908431,-0.07833983998184861,-0.3396821064467502,1.3569470552224328,-1.0172649487763117,0.408923810696878,-1.2500651831633693,0.8411413724789738
1.875751503006012,0.2454480449175183,0.050137905722829744,707.1390357066632,-0.05370890828621166,-0.13331856410256812,0.013407297789899495,0.11991126632478835,-1.3895545876886914,0.47183908020895093,0.917715507479631,1.23050975688466,-0.3252156185009675,-0.9052941383714501
1.879759519038076,0.2454897541361719,0.05007464421056876,708.6473632084922,-0.11166795393329952,0.05478742197159855,-0.14612544473729294,0.0913380227770305,0.17409981703744665,-1.3017684019335252,1.127668584896081,-0.25958630985192016,1.2107154373198552,-0.9511291274565474
1.8837675350701402,0.24552539559948933,0.05004405124594691,710.1564448724745,-0.14620362935668876,0.14043498397245224,-0.029064114392846098,-0.11137086956881245,1.410648459872803,-0.6273120169629834,-0.7833364429096953,-1.261211580170586,0.4715746911547832,0.7896368890264712
1.8877755511022043,0.24555625068943726,0.050035879762682825,711.6660906314057,-0.16406056578214614,-0.039795617875716005,0.14399361581004982,-0.10419799792393533,-0.005691748857833995,1.227045593706226,-1.2213538448483305,0.10725927462730989,-1.1532425594129883,1.0459832847960826
1.8917835671342684,0.2455832864499222,0.05004261854109889,713.1761553492548,-0.1702738549128606,-0.14574234810382355,0.045427168415274236,0.1003151803092347,-1.4115635455559983,0.7740094171368236,0.6375541286534104,1.273742339427595,-0.6103123984052764,-0.6634299411723765
1.8957915831663326,0.24560752753543158,0.050058733970477755,714.686528709121,-0.16857134572989177,0.02334955077871285,-0.1393851473732079,0.11603559660646358,-0.1629290596636435,-1.134641387717087,1.2975704473810294,0.04585238182880563,1.0795788826829882,-1.1254312644994189
1.8997995991983967,0.24562937991455838,0.050080355623646586,716.1971272001247,-0.16169013037866195,0.14875051978853226,-0.061575379118847424,-0.0871751406573943,1.3919973284145126,-0.9095093955539112,-0.4824879328604983,-1.267897910726704,0.7397057241172156,0.5281921866217278
1.9038076152304608,0.24677539527531828,0.05028350611327048,717.7111402942372,-0.0729718824762465,-0.0018062927594163364,0.3783657522971076,-0.3765594595247316,0.28274392331148435,1.0607121550839014,-1.343456078395914,-0.14510712038144769,-0.7762465266952058,0.9213536470896688
1.907815631262525,0.24674035385757037,0.050416127057084155,719.2261386350497,0.02919924217447893,-0.4366892383806345,0.2393745166135655,0.19731472179930404,-1.3662606083640125,0.9980219314907331,0.36823867686493594,0.9658882717562127,-0.6584816141841314,-0.3074066575389469
1.911823647294589,0.2466969077768189,0.05049395271022972,720.7400735692257,0.09636549896278153,-0.05057232436042139,-0.35015445929828626,0.4007267837133834,-0.4446813580572144,-0.9395452269081908,1.384226584966597,0.25989548211774305,0.6949390881122586,-0.9548345701808975
1.9158316633266532,0.24665974395644727,0.05053399102419965,722.2531804492127,0.137476795236083,0.4290554469547873,-0.2809023182355931,-0.14815312867023953,1.3123485925179532,-1.1100830672048738,-0.20226552531300965,-0.9356896560323019,0.7417302349942729,0.19395942108695852
1.9198396793587174,0.24662756824452953,0.05054788783149774,723.7656663415635,0.15993266394369962,0.1023115054808233,0.3153191711422705,-0.4176306765780993,0.6016695876362527,0.8063467790071885,-1.4080163666434813,-0.3715138862242267,-0.6070457916415142,0.9785596779107724
1.9238476953907815,0.24659927563302242,0.050544225120678674,725.2776910832275,0.16930521125688472,-0.41585888212157573,0.3183883067600862,0.09747057538662572,-1.2399949452924544,1.2063032217197491,0.03369172356469097,0.8918388782369371,-0.8143829125518671,-0.07745596564398857
1.9278557114228456,0.24657396826321293,0.05052920942208183,726.789374815324,0.16969299954023262,-0.15228004264949968,-0.27651012259840657,0.42879016528527597,-0.7499686470151292,-0.661902653287665,1.411871300302797,0.4779598366208756,0.5102021584020539,-0.9881619949856149
1.9318637274549098,0.2465510969949997,0.050507398598789034,728.3008098417067,0.164142907542949,0.3971366302402039,-0.3513623201524015,-0.045774310052562266,1.1502759553689532,-1.285466973129897,0.1351910177611539,-0.835157609366685,0.8754976855357817,-0.040340076134192854
1.9358717434869739,0.2454317056339778,0.05035682664565542,729.8103545865458,0.11284041437476554,0.0700711869910367,0.08518367163196872,-0.15525485858660676,0.9131222103347477,0.4641701568309417,-1.3772923671649104,-0.7417711013149703,-0.5087759990803655,1.2505471004290538
1.939879759519038,0.2454184631253946,0.05020105116184386,731.3170008786632,-0.0009669758737929097,-0.12614155009975359,0.1272186535866211,-0.0010771034586463668,-1.0105319825417154,1.3604292574054417,-0.3498972748637126,0.9831972960299009,-1.1951621952342033,0.2119648992325602
1.9438877755511021,0.24546411303127283,0.050110123888729916,732.824728306753,-0.07819673332318254,-0.08081845147807816,-0.06607557759799162,0.14689402910326343,-1.0462750398860792,-0.2996690039083017,1.3459440437943107,0.870449409386463,0.37172257240253825,-1.2421719817616426
1.9478957915831663,0.24550344690154105,0.05006024237447471,734.3333578108042,-0.1266539332538935,0.11912714240742156,-0.13545469927469428,0.016327556893895496,0.8860842161349374,-1.3967396776444698,0.5106554615096481,-0.8770914989421303,1.2396185023429842,-0.3625270033745069
1.9519038076152302,0.2455371878295452,0.050038901991684745,735.8426658048182,-0.15438987402690357,0.09434039042162792,0.05208194235927804,-0.14642233275556893,1.152238344209386,0.13299686007609496,-1.2852352042851707,-0.9760171175733203,-0.2216503796239493,1.1976674972221537
1.9559118236472943,0.24556656693261567,0.05003694357935917,737.3524800304341,-0.16746873732994047,-0.10946625918279564,0.14208767328959265,-0.03262141408316973,-0.7485872105976383,1.4127785870248872,-0.6641913764290428,0.7590390308481135,-1.265819024201041,0.5067799933771644
1.9599198396793585,0.2455925137028717,0.0500476605911392,738.8626691811265,-0.17040441210754032,-0.10714382855471163,-0.0362963787963972,0.14344020737389296,-1.241739181077505,0.03575007173012862,1.205989109347227,1.0670331352936318,0.06927749813127226,-1.1363106334020379
1.9639278557114226,0.2456157817874639,0.05006619746674106,740.3731336056321,-0.1665290241198611,0.0975711727328663,-0.14674013544262748,0.049168962731735114,0.60024920206352,-1.4085463464361723,0.8082971443726116,-0.6306689480717471,1.2738169504531793,-0.6431480023593641
1.9679358717434867,0.24654801434132526,0.05015185135064158,741.8839540021758,-0.1543457399425787,0.31538512127002355,0.04031516849798441,-0.35570028974714035,1.3305320960385372,-0.16493562611838875,-1.1655964699199384,-0.9451391916703281,0.05728997267444062,0.8878492190170617
1.9719438877755509,0.24676905205490918,0.05034016267792829,743.3995113563717,-0.03103614636953663,-0.23195883068015502,0.43729192706156605,-0.20533309636261746,-0.4900722702777427,1.3942731218606041,-0.9042008515807143,0.3907472509930803,-0.9806558435187804,0.5899085925480828
1.975951903807615,0.246723651771174,0.050449946489039964,744.9141011294754,0.05741900007412996,-0.3839159593247723,0.011118070076243321,0.3727978892698435,-1.3530263548379906,0.32189842868072105,1.03112792615716,0.9281396384788054,-0.17313852753326614,-0.755001110924126
1.9799599198396791,0.24668262198541457,0.05051232908147147,746.4277048816717,0.11403546924635234,0.18483676412566263,-0.4346240042466921,0.2497872401418047,0.32760406167237177,-1.3544093170843674,1.0268052554120533,-0.2802328584196686,0.9601345122640836,-0.6799016538238023
1.9839679358717432,0.24664743937066538,0.05054161489033836,747.9405624935338,0.14754722584078936,0.4050533364749857,-0.06363134941397358,-0.34142198704103077,1.3917208161335186,-0.4839768571144578,-0.907743959018978,-0.9621924953498362,0.28758956253206047,0.6746029328377532
1.9879759519038074,0.24661679401738928,0.05054821013726914,749.452862966452,0.16464308131913175,-0.13549681697613258,0.42592533911363467,-0.2904285221185875,-0.16091336636771159,1.2961155723788755,-1.1352022060111775,0.16578220151996179,-0.9264309220360487,0.760648720534895
1.9919839679358715,0.2465896777407271,0.05053975754750539,750.9647502906581,0.17030564804728848,-0.4206998146160131,0.11488475090486411,0.3058150637293297,-1.4107443047989168,0.6390030262792399,0.7717412785195698,0.9823762213578603,-0.3981142841909262,-0.5842619371485762
1.9959919839679356,0.24656534301330016,0.05052181347029345,752.476333691152,0.1682172769180577,0.08465722206796479,-0.4115583631062141,0.32690114105591483,-0.007883617016871736,-1.2195382653188016,1.227421882335615,-0.04873157452122666,0.8792956669373964,-0.8305640923984946
2.0,0.2465432237036553,0.0504983672809591,753.9876957581735,0.1610770381409169,0.43051149050133486,-0.1643004202585427,-0.2662110702252886,1.4097321107911664,-0.7848486369265619,-0.6248834738643672,-0.9884613009928974,0.5030846271311086,0.4853766738790941
