time,pi_cc_d,pi_cc_q,theta_pll,gamma_pll,i_vsc_a,i_vsc_b,i_vsc_c,v_sh_a,v_sh_b,v_sh_c,i_bus_a,i_bus_b,i_bus_c,i_l_f,v_dc_f,i_dc_f,i_load_f,x_1,x_2,i_L,v_dc,i_load,soc
0.0,0.24562387635328198,0.0005971569499863549,-0.0025073718408679824,0.0,-1.1157651997457845,0.5837699464100027,0.5319952533357815,1.408384007045068,-0.8051537105810788,-0.6032302964639888,-1.131014845191197,0.5802074229194469,0.5508074222717497,-0.37366487834896756,1.0,-0.7868324391744838,0.6,-0.18683243917448378,0.5,-0.37366487834896756,1.0,0.6,0.01
0.004008016032064128,0.24562387635316757,0.0005971569516274602,1.5084790747758485,7.728637806997836e-12,-0.09653268789655327,-0.9147394952503048,1.0112721831466922,0.2005571482050335,1.1112019498314638,-1.3117590980365654,-0.0845492871961787,-0.9345828762729859,1.019132163469,-0.37366487836528994,0.9999999999996823,-0.7868324391912428,0.6,-0.18683243917451964,0.5000000000005012,-0.3736648781593031,1.0000000000016764,0.6,0.008502345176721285
0.008016032064128256,0.24562387635159227,0.0005971569516975291,3.019465521398878,1.6871043212303574e-10,1.1042248481077392,-0.6931256266892437,-0.4110992214185726,-1.3844076877457643,0.937996170286034,0.44641151745978763,1.1209070903258633,-0.691935349907073,-0.42897174041883385,-0.37366487828857575,0.9999999999994902,-0.7868324391379193,0.6,-0.18683243917447018,0.500000000000096,-0.37366487829541,0.9999999999982588,0.6,0.007004690354568004
0.012024048096192383,0.2456238763484226,0.0005971569514966345,4.530451968006045,-7.011152537875913e-11,0.22854106394182264,0.8318773790658116,-1.0604184430076926,-0.3660609535581314,-0.9990659351053783,1.3651268886635057,0.2185519982678965,0.8518630551283594,-1.0704150533962962,-0.37366487833292517,0.999999999998558,-0.7868324390490518,0.6,-0.18683243917440662,0.4999999999997691,-0.37366487839892026,0.9999999999762524,0.6,0.005507035531244827
0.01603206412825651,0.24562387634697255,0.0005971569516530684,6.041438414629018,8.405176532946002e-11,-1.0769031393281467,0.7925752985811748,0.28432784074691475,1.3406456905396862,-1.0574329757087202,-0.28321271483093857,-1.0947795561048115,0.7937742750407037,0.30100528106402985,-0.3736648783009038,0.9999999999969891,-0.7868324390277408,0.6,-0.18683243917421855,0.5000000000002366,-0.37366487817360244,0.9999999999739901,0.6,0.004009380708622712
0.02004008016032064,0.24562387634876692,0.0005971569515072823,7.552424861248128,1.4074359188626393e-10,-0.3572831764443992,-0.7371262441596313,1.0944094206039237,0.526333080742026,0.8726514751464511,-1.3989845558885257,-0.34943121015365664,-0.7569685853974245,1.1063997955509746,-0.37366487829811545,0.9999999999963474,-0.7868324391268191,0.6,-0.18683243917395378,0.49999999999956435,-0.3736648783914601,0.9999999999918524,0.6,0.0025117258858416923
0.024048096192384766,0.24562387635077249,0.0005971569514617822,9.063411307869517,2.539728215010714e-10,1.0341905010416084,-0.880697611367965,-0.15349288967373573,-1.2777234007761897,1.1617571241424098,0.11596627663376899,1.0530056120446911,-0.8842687122623035,-0.16873689978248146,-0.37366487831229256,0.9999999999948744,-0.786832439230342,0.6,-0.18683243917360437,0.49999999999977857,-0.3736648782558522,1.0000000000087848,0.6,0.0010140710628095773
0.028056112224448895,0.24562387635006458,0.0005971569513652594,10.574397754485219,2.2486794157467563e-10,0.48091904855651596,0.6318401990717029,-1.112759247628319,-0.6790829355940068,-0.7337651996193045,1.412848135213331,0.47531640187514584,0.6512556220589478,-1.1265720239341905,-0.3736648782881723,0.9999999999939756,-0.7868324392264716,0.6,-0.18683243917314984,0.49999999999952877,-0.3736648782940037,1.0000000000092817,0.6,-0.0004835837597862054
0.03206412825651302,0.24562387634985305,0.0005971569511938209,12.085384201100773,1.928345866028656e-10,-0.9766973456125728,0.9562331069549246,0.020464238657558892,1.1965400548102358,-1.2494775927587258,0.05293753794846586,-0.9961822436452022,0.9621252914119964,0.03405695223311375,-0.3736648783063647,0.9999999999930557,-0.7868324392364663,0.6,-0.18683243917263426,0.49999999999926925,-0.3736648783359841,1.0000000000084543,0.6,-0.001981238582799262
0.03607214428857715,0.24562387634790858,0.0005971569511968631,13.596370647715718,1.4566575850339908e-10,-0.5976816984343967,-0.5175239957951958,1.1152056942295059,0.8221274406573902,0.5843920683739476,-1.4065195090313185,-0.594408440884391,-0.5362350161232766,1.1306434570075874,-0.3736648782961401,0.9999999999920436,-0.786832439189591,0.6,-0.1868324391720325,0.49999999999931355,-0.37366487825358624,0.9999999999996693,0.6,-0.0034788934055602462
0.04008016032064128,0.2456238763454682,0.0005971569510335406,15.107357094328812,5.372013297073788e-11,0.9052454177707502,-1.0181022976237628,0.11285687985295861,-1.0982559862440084,1.3193407589976769,-0.22108477275365238,0.9251216283927705,-1.026231354497959,0.10110972610514238,-0.3736648782961368,0.9999999999914267,-0.7868324391275329,0.6,-0.18683243917137085,0.4999999999989596,-0.3736648783262254,0.9999999999871979,0.6,-0.004976548228376594
0.044088176352705406,0.24562387634468677,0.0005971569511132314,16.618343540944863,3.603562259999624e-11,0.7059023878139554,0.39581143660029283,-1.1017138244142628,-0.9534222452109783,-0.4266669166052504,1.3800891618162359,0.7050052991711112,0.41355064015331877,-1.1185559393244182,-0.37366487830324163,0.9999999999907291,-0.7868324391123754,0.6,-0.1868324391706567,0.49999999999888395,-0.3736648782910405,0.9999999999830277,0.6,-0.006474203051301705
0.04809619238476953,0.24562387634281682,0.0005971569510114155,18.12932998755993,-4.597335002722673e-12,-0.820855881437434,1.0654209489560968,-0.24456506751865398,0.9842758345158537,-1.370348135416283,0.3860723009004297,-0.8408393369353336,1.0756706988052793,-0.23483136186993556,-0.3736648782938471,0.9999999999901835,-0.7868324390752226,0.6,-0.1868324391698873,0.4999999999987076,-0.37366487829221035,0.9999999999763253,0.6,-0.007971857874043016
0.052104208416833664,0.24562387634147298,0.0005971569510343059,19.640316434177947,2.8863089320458568e-11,-0.8040344495574864,-0.2684420114769339,1.072476461034432,1.0710909077210862,0.2628439174071951,-1.333934825128282,-0.8055263499066986,-0.28495587271600975,1.0904822226227175,-0.3736648783018691,0.9999999999898216,-0.7868324390415736,0.6,-0.18683243916908648,0.4999999999984617,-0.37366487832436757,0.999999999968807,0.6,-0.009469512696958022
0.05611222444889779,0.2456238763404913,0.0005971569509563969,21.151302880793935,1.3008503891980298e-11,0.7247348121439396,-1.0975127867999401,0.3727779746560101,-0.8562285767608382,1.401770726955752,-0.545542150194916,0.7445399123899736,-1.1097367422707225,0.3651968298807604,-0.3736648782982318,0.9999999999893464,-0.7868324390372758,0.6,-0.18683243916824896,0.49999999999841965,-0.37366487827560413,0.999999999967932,0.6,-0.010967167519772584
0.06012024048096192,0.24562387634266517,0.0005971569508900717,22.662289327415227,1.302765907014758e-10,0.8906753956565219,0.1372360573337709,-1.0279114529902842,-1.1734517324063665,-0.09526439584463041,1.2687161282510155,0.8945349657384128,0.15228856382083866,-1.046823529559252,-0.37366487829768474,0.9999999999891808,-0.7868324391342492,0.6,-0.186832439167388,0.49999999999816064,-0.37366487831484,0.9999999999860171,0.6,-0.012464822342598958
0.06412825651302605,0.2456238763429737,0.0005971569508585247,24.17327577403036,9.4311914501969e-11,-0.6182559587424213,1.1139191659450707,-0.49566320720264784,0.7159442524448274,-1.4131594664107432,0.6972152139659232,-0.6375996554686721,1.1279426292359125,-0.4903429737672425,-0.3736648783017855,0.9999999999889361,-0.7868324391672902,0.6,-0.18683243916651238,0.499999999998069,-0.3736648782910501,0.9999999999916575,0.6,-0.01396247716548934
0.06813627254509018,0.24562387634585775,0.0005971569506902376,25.684262220648705,1.3907263193165098e-10,-0.9645869344084146,-0.004068742174994575,0.9686556765834073,1.2590417604470192,-0.07367663612699892,-1.1853651243200285,-0.9707590171307171,-0.017444764989116807,0.988203782119832,-0.3736648782970386,0.9999999999888151,-0.7868324392790752,0.6,-0.1868324391656206,0.4999999999979294,-0.37366487828747275,1.000000000013048,0.6,-0.015460131988284305
0.0721442885771543,0.24562387634424254,0.0005971569507486322,27.195248667263524,9.595097616663247e-11,0.5029410747496675,-1.1144055665226533,0.611464491772979,-0.565427748884168,1.4043515292137252,-0.838923780329572,0.5215469092433144,-1.130028114776103,0.6084812055327816,-0.37366487830157874,0.9999999999888567,-0.7868324392370944,0.6,-0.1868324391647283,0.49999999999773115,-0.3736648783121493,1.0000000000047127,0.6,-0.016957786811172288
0.07615230460921843,0.24562387634319233,0.0005971569505951513,28.706235113878673,6.210089386904222e-11,1.0247127458166556,-0.12915672088424718,-0.8955560249324219,-1.3266377548241162,0.24156469066223554,1.0850730641618782,1.0331091270430193,-0.11764834921255679,-0.915460777830476,-0.37366487829987105,0.9999999999887735,-0.7868324392112614,0.6,-0.18683243916383227,0.4999999999976842,-0.37366487827854716,0.9999999999999774,0.6,-0.018455441634006024
0.08016032064128256,0.24562387634298902,0.0005971569507055414,30.217221560494394,4.2657345440362314e-11,-0.38043823955650724,1.0989650594095863,-0.7185268198530932,0.40683024482707664,-1.375472820862971,0.9686425760359032,-0.39804029949780284,1.1159634155901634,-0.7179231160923727,-0.37366487830011336,0.9999999999890056,-0.7868324392118299,0.6,-0.18683243916294165,0.4999999999974604,-0.37366487832009754,1.0000000000002245,0.6,-0.0199530964568511
0.08416833667334668,0.24562387634139657,0.0005971569506218395,31.728208007109053,-2.1017453519076067e-12,-1.0701935410936978,0.26053629509206033,0.8096572460014894,1.3752736709429678,-0.4060003385493848,-0.9692733323935755,-1.0806942204217067,0.251060049912616,0.8296341705089528,-0.3736648783020661,0.9999999999890575,-0.7868324391721059,0.6,-0.18683243916206071,0.49999999999740424,-0.3736648782978838,0.9999999999926519,0.6,-0.021450751279721972
0.08817635270541081,0.24562387634044008,0.000597156950679159,33.23919445372648,2.203802376480084e-11,0.2524982523475915,-1.0678183406224677,0.8153200882747006,-0.24241839973359547,1.3269360962436123,-1.0845176965100196,0.2688449714191858,-1.0859495635171685,0.8171045920978056,-0.37366487829989437,0.9999999999893106,-0.7868324391389782,0.6,-0.18683243916119,0.49999999999726114,-0.37366487831447703,0.9999999999868391,0.6,-0.022948406102548693
0.09218436873747494,0.24562387633908034,0.0005971569506447092,34.75018090034067,-3.3468642814765814e-11,1.1003793176641752,-0.3881923288624026,-0.7121869888019441,-1.4042544120703797,0.5646334968857416,0.839620915184632,1.1128342195404817,-0.3808836426830071,-0.7319505768576466,-0.37366487830227146,0.9999999999895042,-0.7868324391147943,0.6,-0.186832439160338,0.4999999999971757,-0.3736648783118762,0.9999999999822664,0.6,-0.024446060925422033
0.09619238476953906,0.24562387633751295,0.0005971569506001068,36.26116734695922,1.999760631326499e-11,-0.12094960652998588,1.0214105601940544,-0.9004609536642362,0.07454195542571464,-1.2594350446277145,1.1848930892020013,-0.13580736068161425,1.0404155214647888,-0.9046081607833475,-0.3736648783009015,0.9999999999897364,-0.786832439060637,0.6,-0.1868324391595027,0.49999999999711725,-0.37366487830237144,0.9999999999724428,0.6,-0.02594371574826157
0.1002004008016032,0.24562387633664431,0.0005971569505946656,37.77215379357344,-3.532146880317623e-11,-1.1148386689086518,0.5103003882403931,0.6045382806680865,1.4131657994348623,-0.7151970156226346,-0.6979687838122246,-1.1290697910936622,0.5052637158230389,0.623806075270454,-0.37366503245893296,1.0000001582169071,-0.7868323145592723,0.5998557191214464,-0.18683243929979712,0.4999999158636176,-0.37369960632154947,1.000027257482899,0.5838196950414732,-0.027441372119270845
0.10420841683366733,0.2456238763370008,0.0005971569503025339,39.283140240192076,2.0612986384476572e-11,-0.012327633649647916,-0.96040493783065,0.9727325714801429,0.09439983557592192,1.1739343473472568,-1.2683341829231778,0.0008288114521851769,-0.9800120282608087,0.9791832168084642,-0.3915338955949486,1.0007104445021,-0.7862750129716612,0.5729503280579337,-0.1868516393562752,0.49968599977990197,-0.5093037301349503,1.0037888431932247,0.5015229542185731,-0.02913619204265207
0.10821643286573146,0.24562387633604926,0.000597156950584111,40.79412668680461,-7.674167333620538e-11,1.1133649204647333,-0.6251153158690838,-0.48824960459579686,-1.4018804456375162,0.8555390527851076,0.5463413928524018,1.1291688766999755,-0.6224226415534202,-0.5067462351467008,-0.4386681743736767,1.0019086162040507,-0.7853366300522522,0.5489711486917999,-0.18695691915209234,0.49981453220842803,-0.49817167463480333,1.0050853448173198,0.5000276711809969,-0.03128000319480361
0.11222444889779558,0.245623876339674,0.0005971569503402496,42.305113133428875,1.1984313855880278e-10,0.14542869181932563,0.8856733863617728,-1.0311020781812419,-0.26199248290021276,-1.0716559989706262,1.3336484818708338,0.1341615859669544,0.9056023848422289,-1.039763970809325,-0.4409677002726562,1.0037309368143952,-0.783915515507222,0.5328020429260582,-0.18717502833400587,0.5000985024702322,-0.44514439727127664,1.00966757431278,0.5000005027694598,-0.0330735705010018
0.11623246492985971,0.2456238763403928,0.0005971569505048371,43.816099580042824,5.831327602915174e-11,-1.0959791650333175,0.7309962118587889,0.36498295317438995,1.3705596816883039,-0.9836538939635898,-0.38690578772470774,-1.1131300914085065,0.7306860209776118,0.38244407043075557,-0.4617777588479132,1.0061552067416957,-0.7820334341744148,0.5219702848434302,-0.18757251345293885,0.5000808700680383,-0.5341285408662042,1.0117666843300013,0.500000009135024,-0.03508048660122441
0.12024048096192384,0.2456238763403646,0.0005971569504068794,45.327086026659664,6.962012492006761e-11,-0.27645130666935863,-0.7982839108761054,1.0747352175453329,0.4258407729053259,0.9540616879993179,-1.3799024609046413,-0.2672345666671034,-0.8182499931801293,1.085484559847101,-0.4729181207434025,1.0083660302508328,-0.7803218212886311,0.5147153224302394,-0.18815361644611275,0.500519180607479,-0.45873958977153056,1.014283322372717,0.5000000001659779,-0.03707793457577927
0.12424849699398796,0.24562387634104138,0.0005971569504676828,46.83807247327591,6.58506070262567e-11,1.0629298144785368,-0.8264298035841078,-0.23650001089454986,-1.3196510495160145,1.0977104752675815,0.22194057424842095,1.0811825871334757,-0.8285065262059875,-0.2526760609276099,-0.47353148026487585,1.010924192669279,-0.7783517681133632,0.5098560717940527,-0.1889253716989761,0.5006815109187335,-0.5079802096322077,1.0173186309386293,0.5000000000030157,-0.03897325138242592
0.1282565130260521,0.2456238763399208,0.0005971569504552289,48.34905891988948,-4.191625231356939e-12,0.4035229190790077,0.699485489955902,-1.1030084090350323,-0.5836030073106208,-0.8228320798910325,1.40643508720166,0.39648826898384554,0.7192033020258679,-1.1156915710098345,-0.48816750936441583,1.013265124379924,-0.7765547772253986,0.5066014286508717,-0.18989761727271537,0.501017304165683,-0.5023251647860932,1.0187257569291441,0.5000000000000547,-0.041050011890317276
0.13226452905811623,0.2456238763385842,0.0005971569504455799,49.86004536650559,-1.072407419744848e-11,-1.0146892608615548,0.9100522033229669,0.1046370575384655,1.2498821961625655,-1.1960787645657753,-0.053803431596786695,-1.0337830118685924,0.914486157672029,0.11929685419643966,-0.4861768721324653,1.0155301248140445,-0.7748231468895554,0.5044215242280491,-0.19105042541744577,0.5014085441729847,-0.4841775452305591,1.021393683941468,0.500000000000001,-0.04298497406900818
0.13627254509018036,0.24562387633903351,0.0005971569503452878,51.37103181312393,3.8695157665239065e-11,-0.5248274508150538,-0.5906901516671579,1.1155176024820974,0.7330244903974591,0.6798427066567493,-1.4128671970542053,-0.520075429714253,-0.6098778901374472,1.1299533198515856,-0.4817449934631284,1.017085785662786,-0.7736346388900357,0.5381197115471311,-0.19237539968706635,0.5020279979200999,-0.375521680752686,1.0170699853689729,0.6891507929322195,-0.0448922102698939
0.1402805611222445,0.24562387633665603,0.0005971569500757632,52.88201825973688,-4.5772092869899043e-11,0.9519469669962052,-0.9806683162034053,0.028721349207096177,-1.162250267811951,1.277352928197519,-0.11510266038556843,0.9716088172604229,-0.9873961370698706,0.0157873198093423,-0.38966622808812973,1.0165854065309339,-0.7740092459440696,0.5907898471037059,-0.19372696193180475,0.5027992834938384,-0.15872900249531038,1.0153677737280256,0.6998028761609957,-0.04573656716411745
0.1442885771543086,0.24562387633420774,0.0005971569506140035,54.393004706355384,7.195010533807812e-12,0.638631248183653,0.47345277843928646,-1.112084026623048,-0.8719697152879959,-0.5271371459520822,1.3991068612400683,0.6362297696482464,0.49183621488471047,-1.1280659845330603,-0.3625937517491783,1.0154542206746593,-0.774869627145568,0.6268386316761627,-0.19502400467355976,0.5023155472132307,-0.4059160065792513,1.0096721689439132,0.6999964183769777,-0.046932920861923313
0.14829659318637273,0.24562387633831456,0.0005971569501889366,55.90399115297883,1.8390524258212597e-10,-0.8755996006222154,1.0372688777754717,-0.16166927715336102,1.0580076485322019,-1.3403713833246202,0.2823637347924241,-0.8955485435655809,1.0461944122768663,-0.15064586871139002,-0.34765611373164823,1.0123008474723243,-0.7772954353333471,0.65099750499511,-0.1961432481230972,0.5028538743598757,-0.20910690061626006,1.0039817186957796,0.6999999349239764,-0.048234784633511926
0.15230460921843686,0.2456238763404893,0.0005971569503797345,57.41497759959479,1.7215135741296242e-10,-0.7433078212964306,-0.3494488866675681,1.0927567079639033,0.998452907464981,0.3668978188408724,-1.3653507263058535,-0.7432912134563641,-0.3667652921719171,1.110056505628185,-0.3052712736008359,1.0093393962010988,-0.7795817522201528,0.667178960578125,-0.19700706037823792,0.5025860873338012,-0.29326359236964006,1.0021056991208512,0.6999999988176081,-0.04910027300989442
0.156312625250501,0.24562387633840982,0.0005971569503000325,58.925964046201315,-7.3299306246856e-11,0.786738276224426,-1.0790449279621508,0.29230665173764325,-0.9386441229067679,1.3842334211882465,-0.4455892982814895,0.8066892058601399,-1.090040610054275,0.28335140419405197,-0.31584451853623,1.0058544313880409,-0.782292794801363,0.6780170279443714,-0.19762387220853586,0.5024269023321102,-0.30929852905529465,0.9959630778016239,0.6999999999785166,-0.0504504973940762
0.16032064128256512,0.24562387633644148,0.0005971569503898312,60.43695049281746,-7.833283874779301e-11,0.8373611604330052,0.22045072809060892,-1.057811888523693,-1.1106663495909044,-0.20141485046173468,1.312081200052635,0.8397296501294432,0.2364526169371176,-1.0761822670666399,-0.2898872454539065,1.0021190256749035,-0.7852177346225262,0.6852761805512703,-0.19793858123014746,0.5024601869348209,-0.21831516974084036,0.9938328647540059,0.6999999999996096,-0.05141441798251751
0.16432865731462926,0.24562387633575128,0.0005971569505067109,61.9479369394289,-2.0082340944776794e-10,-0.686633039509182,1.1053994681891632,-0.4187664286800651,0.8058656724216491,-1.4083122418392655,0.6024465694176147,-0.7063008170646394,1.1183081466599696,-0.4120073295954118,-0.28659274359674475,0.9988560387937809,-0.7877838811790707,0.6901382370593376,-0.197978925203203,0.5019433466269126,-0.32115936027501885,0.9902001212780209,0.6999999999999929,-0.05252097917024085
0.16833667334669336,0.24562387633945418,0.0005971569499953082,63.4589233860577,1.120339271749859e-10,-0.9194470799378177,-0.08830193133043476,1.0077490112682188,1.2070063356349006,0.03305330165518105,-1.2400596372900174,-0.9241668239999438,-0.10276060481514337,1.026927428815037,-0.2876269031330048,0.9954409200403996,-0.7904888855611127,0.6772918095676073,-0.197744716310333,0.5017533553259355,-0.27761405374251813,0.9895815837236562,0.5377416939007461,-0.053691663344231574
0.1723446893787575,0.24562387633434218,0.0005971569504394939,64.96990983266578,-9.522950772557057e-11,0.5767145730585611,-1.1159558494046797,0.5392412763460802,-0.6615699397725695,1.4122637315925557,-0.7506937918199899,0.5958181116850338,-1.1305930390353116,0.5347749273502387,-0.3456546449386002,0.9944804221099812,-0.7912366977720942,0.6214795830809622,-0.19732902138391298,0.5006300165021293,-0.6229388356971427,0.9930789713735276,0.5006857448317336,-0.0554974902442315
0.17635270541082163,0.24562387633949265,0.000597156950278478,66.48089627929537,2.3601193028242377e-10,0.9883924484962685,-0.04510886480155672,-0.9432835836947457,-1.2860960412819455,0.13578065141602602,1.1503153898659093,0.9953959893551919,-0.032400045061140574,-0.9629959442940841,-0.41519912849140495,0.9939473049699731,-0.7916493227025266,0.5814146001306668,-0.19686107311554243,0.5009916330956453,-0.4229054792052593,0.9942331849670655,0.5000124595867795,-0.057757944135944476
0.18036072144288576,0.24562387633939714,0.0005971569502754557,67.99188272591019,1.977373799555084e-10,-0.45855378315585976,1.1105631482782368,-0.6520093651224155,0.507819145108204,-1.396031369687147,0.888212224578943,-0.4768200611763853,1.1267196657440517,-0.6498996045677056,-0.40768607643701027,0.995363140847717,-0.7905192850238265,0.5545310115612049,-0.19641693080276032,0.5007980464765254,-0.4654845591846638,1.0011466953893449,0.5000002263831551,-0.05932334097136115
0.1843687374749499,0.24562387633862434,0.0005971569501727673,69.50286917252302,1.0949735178255586e-10,-1.0432118113695845,0.17787497149947862,0.8653368398700655,1.3468050071720647,-0.3026740468264971,-1.0441309603455584,-1.0523990606786309,0.16709763797541788,0.885301422703173,-0.4571846606457234,0.9974095838344371,-0.7888970268205736,0.5365239571221182,-0.19613261352751435,0.5005658103712489,-0.5563877625873319,1.0015813036414585,0.5000000041132451,-0.06154553349362467
0.18837675350701402,0.2456238763410126,0.0005971569501414245,71.01385561912818,-1.7049604511703752e-10,0.3338394245280471,-1.0892984861936592,0.7554590616655787,-0.34681069311287255,1.359847196546899,-1.0130365034340265,0.3510073882493825,-1.1067434315241678,0.7557360432747515,-0.45725517780603125,0.9994209277117245,-0.787309377648302,0.5244631233423955,-0.19599856887745876,0.5009837644970594,-0.41116704497465506,1.0059801201905556,0.5000000000747353,-0.06340015798065948
0.19238476953907813,0.24562387633897875,0.0005971569497633054,72.52484206575791,1.6650279907142525e-10,1.083121805169186,-0.3080989223985585,-0.7750228827706567,-1.3882656968920684,0.46524167624933344,0.923024020642729,1.0943614567007538,-0.2994071011180594,-0.7949543555827242,-0.46645748187481134,1.0022647380622522,-0.7850815472017582,0.5163849824477824,-0.19606622743287233,0.5007353496034906,-0.5524681194310521,1.0088631234093564,0.5000000000013578,-0.06532331031728676
0.19639278557114226,0.2456238763353506,0.0005971569503699406,74.03582851236854,2.2289421420897274e-11,-0.20435387636466448,1.0524657020905113,-0.84811182572588,0.18084566548625328,-1.304228205375828,1.1233825398895725,-0.22017815019883447,1.0709497246657462,-0.8507715744669474,-0.4860689035862392,1.004602707314396,-0.7832542268946782,0.510974381562006,-0.1963438198143426,0.5011004340394196,-0.470485771847815,1.0103929743530795,0.5000000000000246,-0.06744366961974602
0.2004008016032064,0.2456238763348734,0.0005971569495152889,75.54681495898083,-7.918259541129044e-11,-1.1075520060010484,0.4339195753685441,0.6736324306324657,1.4098855247265252,-0.6211601486446295,-0.788725376081892,-1.1206834221930049,0.42743749130180164,0.6932459308911675,-0.4771180599122844,1.0072289127009426,-0.7812142963274967,0.5087690884575373,-0.19681463715975553,0.5012459683484963,-0.49014550755561265,1.0139245611667138,0.5665833835843075,-0.06927967444823924
0.20440881763527052,0.2456238763369929,0.0005971569504854901,77.05780140560196,4.005451310524394e-11,0.07194774705862644,-1.0005912870410119,0.9286435399823535,-0.01229603385657467,1.2299694822164355,-1.2176734483598601,0.08620217991695645,-1.0198502287243134,0.9336480488073262,-0.4530472661102679,1.0081754800746803,-0.7804738001789387,0.5622572359058644,-0.19745417845146382,0.5020530886431952,-0.2377632649980977,1.0073451304924455,0.6975759013649541,-0.07093718902358377
0.20841683366733466,0.2456238763392108,0.0005971569503255016,78.56878785222304,1.5727863448269256e-10,1.116153243251737,-0.5535387175191093,-0.5626145257326525,-1.4113554886784165,0.7682010934846302,0.6431543951937811,1.1309887582830949,-0.5493590126309947,-0.5816297456521249,-0.35987631659537295,1.0079037658429288,-0.7806770759822592,0.6075667394030375,-0.19809713266866327,0.5021026010819138,-0.24009167059100753,1.0071238754727334,0.6999559555243766,-0.07162018307402193
0.2124248496993988,0.24562387633444632,0.0005971569501663613,80.07977429881969,-3.341074780323252e-10,0.06148664938014859,0.9344165962616461,-0.9959032456418224,-0.156429337548837,-1.13813223566839,1.294561573217229,0.0490057767560092,0.9541752201457243,-1.00318099690176,-0.3609830895623569,1.0064632467407895,-0.7817940988048647,0.6380865909444584,-0.19869003964195606,0.5017472507006009,-0.37628693711081296,0.999760735192168,0.69999919973819,-0.07305666036054959
0.21643286573146292,0.24562387633779734,0.0005971569504564488,81.59076074545152,5.268788063983823e-11,-1.1088026355216594,0.6652467945170178,0.44355584100461176,1.3926546270235565,-0.9042630528935318,-0.48839157413001816,-1.1251302170965263,0.6634292006809107,0.4617010164155851,-0.3245096372451578,1.00354255006249,-0.7840782635859784,0.6585313974906087,-0.19909008100755687,0.5021458487046943,-0.17875045715404836,0.9969736746917459,0.6999999854596967,-0.07408991681225748
0.22044088176352702,0.24562387633177715,0.0005971569503046476,83.10174719209746,7.926810221425162e-10,-0.19404228187107908,-0.8548873796811931,1.048929661552246,0.3229190324695611,1.030028948935957,-1.3529479814055176,-0.18351335617984604,-0.8748632864421827,1.0583766426220027,-0.3023407475305344,1.0010486849223725,-0.7860339597250394,0.6722250368324144,-0.19927533915368323,0.5015592521709175,-0.34118571739438924,0.9940259555647281,0.6999999997358115,-0.07509686708142564
0.22444889779559116,0.24562387633560118,0.0005971569501281844,84.61273363869485,3.1846920088325926e-10,1.0856051387281478,-0.7674472335187692,-0.3181579052094011,-1.354050080390874,1.0274013873198666,0.3266486930709982,1.1031914309322304,-0.768017725715025,-0.3351737052172272,-0.3078736976061177,0.9977101146461603,-0.7886741810946979,0.6813968037533669,-0.19923058036342584,0.5015573236149309,-0.25244227735769464,0.988960572430692,0.6999999999951999,-0.07638964762286637
0.2284569138276553,0.24562387633563612,0.000597156950217263,86.12372008530053,5.064736857526354e-11,0.32382470163745053,0.7631402335534166,-1.0869649351908919,-0.4847936482602053,-0.9072047219062616,1.391998370166464,0.3153981845039975,0.7830479464874188,-1.098446130991442,-0.27930483209447354,0.9946196433880136,-0.7911283541930436,0.6875398966979537,-0.19891749873420075,0.5012750579642725,-0.24752123645856416,0.9877650987338442,0.6999999999999128,-0.07727690177437763
0.23246492985971942,0.24562387633341157,0.0005971569502524136,87.63470653189425,-5.127290767177066e-10,-1.046892414075463,0.8586794897136001,0.18821292436183315,1.2960937972471644,-1.135856340917391,-0.16023745632976757,-1.065486084880133,0.8616299114515781,0.20385617342852574,-0.28621226835529956,0.9916878896823882,-0.7934685275391014,0.691654435493709,-0.1983723187616681,0.500785934575476,-0.30812164527854474,0.9836699528568208,0.6999999999999984,-0.07847153133227733
0.23647294589178355,0.24562387633770486,0.0005971569502690182,89.14569297853234,3.239472587047156e-11,-0.4489790860643856,-0.660486453428416,1.1094655394927795,0.6397396656313501,0.7714148817996866,-1.4111545474310323,-0.4427754127902616,-0.6800414450469687,1.1228168578372077,-0.2908259187669761,0.9893724251031463,-0.7953214732128786,0.6558077583313231,-0.19759313116896737,0.5002326141446684,-0.3872691431355599,0.9878168113098362,0.5086672454347124,-0.07966622843034965
0.24048096192384769,0.24562387633896196,0.0005971569502124065,90.65667942515034,7.360543531921324e-11,0.9932176627932711,-0.9376396233310118,-0.05557803946227183,-1.2196139225071945,1.2280778138786734,-0.008463891371487314,1.012552983087101,-0.942927827684103,-0.06962515540301017,-0.3800455792683152,0.9891421773728948,-0.7954944585816521,0.6049848985868486,-0.19673152636919872,0.4994167218021956,-0.6106696584377741,0.9883152537464881,0.5001574786456816,-0.08188265273775669
0.2444889779559118,0.2456238763386424,0.0005971569503052482,92.16766587175977,-9.976256761172608e-11,0.5677167164871385,0.5483930725982018,-1.1161097890853497,-0.7855426192285717,-0.6246000631810078,1.4101426824095764,0.5638245499434401,0.5673158695923064,-1.1311404195357562,-0.40787498711573844,0.9894481433318935,-0.7952410087766637,0.5703284947373484,-0.1958607528377505,0.49989441218413755,-0.36093189645870255,0.9931250533886194,0.5000028612930593,-0.0837808480220669
0.24849699398797592,0.24562387633743687,0.0005971569502421208,93.6786523183793,-1.987840418366829e-11,-0.9253479920877252,1.0031991537955294,-0.0778511617078194,1.1257034943861055,-1.3027477617893126,0.17704426740320806,-0.945148611158045,1.0107495457240312,-0.0656009345660021,-0.41882743563795505,0.9917931831203883,-0.7933645234136711,0.5471050324721671,-0.1951016481539508,0.49933460363606186,-0.5491008445039963,0.9981354058538363,0.5000000519879745,-0.0855198906301619
0.25250501002004005,0.24562387633788482,0.0005971569503927168,95.18963876499384,-6.503653639704337e-11,-0.6783406352724684,-0.42846215856974623,1.1068027938422014,0.9201187257644465,0.46885857434368683,-1.3889773001081303,-0.6768156021002034,-0.44648231713125913,1.1232979192314487,-0.4615374714701204,0.9939617814763704,-0.7916342605937035,0.5315501504616801,-0.19453413821340876,0.4995145009454145,-0.47893151478918566,0.9992358872494997,0.500000000944591,-0.08772836159737149
0.2565130260521042,0.2456238763366996,0.000597156950301731,96.70062521161381,2.6040812677429435e-11,0.8442534142116983,-1.0544211389678801,0.21016772475617385,-1.0157047174097293,1.3587990731638648,-0.34309435575413816,0.8642363480507469,-1.0641258127837898,0.19988946473303615,-0.4503957855297104,0.9966683711012803,-0.7894897785160794,0.5211317523061438,-0.19415050138276682,0.4996466859855571,-0.44911613465785966,1.0046950029396793,0.5000000000171627,-0.08944670667958148
0.2605210420841683,0.24562387633701135,0.0005971569503936589,98.21161165823148,5.864234850221103e-11,0.7792698203070579,0.3024077369980447,-1.0816775573051145,-1.0415446477020123,-0.3064162396768279,1.3479608873788391,0.7801337163336436,0.31926771590336145,-1.0994014322370143,-0.4744560292285606,0.9996879798128278,-0.7871107649738187,0.5141536869903076,-0.1940089571837326,0.49952321504039304,-0.5467068587019567,1.006262725291657,0.5000000000003119,-0.09152981535351568
0.26452905811623245,0.2456238763362395,0.0005971569503192638,99.72259810484925,9.516437582759633e-11,-0.7510929082326683,1.0905735129844174,-0.3394806047517649,0.8911896602307031,-1.3954306575001,0.5042409972694006,-0.7709725641437718,1.1022937711470429,-0.33132120700328743,-0.47836648050176667,1.0022952271407466,-0.7850635167055978,0.5094798979517359,-0.19408685127244435,0.4999549090830973,-0.4430828574730164,1.0093666436488162,0.5000000000000056,-0.09349440305048005
0.2685370741482966,0.2456238763371317,0.0005971569500185903,101.23358455146263,2.013775591155337e-11,-0.869061816712797,-0.1720313575968053,1.0410931743095888,1.1480849954182644,0.13959465823081194,-1.287679653649073,-0.8723022955526099,-0.18749019819651663,1.059792493749112,-0.47537581228309295,1.0050386068175388,-0.7829217455025103,0.5254677250731927,-0.19438762961906764,0.5000946145352668,-0.4700210508918001,1.0090175817081573,0.6692106298820734,-0.09536781968812859
0.2725450901803607,0.24562387633316698,0.0005971569500748524,102.74457099807992,4.471685420984151e-11,0.6471979179569549,-1.1111396087875218,0.46394169083055947,-0.7539378789074365,1.4121189964319159,-0.658181117524481,0.6666901791240499,-1.1247079467260968,0.4580177676020409,-0.4118038315384502,1.0053644092330005,-0.7826573192376887,0.5808720647766549,-0.1948153657715075,0.5010682934018654,-0.13780785362833547,1.0052094520898764,0.699440575078035,-0.09655076653524786
0.27655310621242485,0.24562387633890156,0.0005971569501445044,104.25555744469347,-2.4895209017269172e-11,0.9464333380572505,0.03919633518887268,-0.985629673246128,-1.2382171109086297,0.029221985260816416,1.2089951256478058,0.9520040826676278,0.05303310239616112,-1.0050371850637938,-0.3484745546270442,1.0052400572322393,-0.7827465929517852,0.6201696392201486,-0.19524482729612766,0.5005675647519446,-0.3518688906187037,1.0032584961327948,0.6999898355809818,-0.09739967591582509
0.280561122244489,0.2456238763376537,0.0005971569503001341,105.76654389131343,6.554860812252558e-11,-0.5340532757685681,1.1158254733270045,-0.5817721975584473,0.6059109390817898,-1.4086255640993275,0.8027146250175422,-0.552879564817086,1.1310479787633336,-0.5781684139462581,-0.35294206457046945,1.0032102400038896,-0.784332826205416,0.6465302510817453,-0.19559785182158126,0.5007250350183443,-0.2799016253358407,0.9961789527402072,0.6999998153184606,-0.09886246528619472
0.28456913827655306,0.245623876334999,0.0005971569501193113,107.27753033792754,1.0100152715039717e-11,-1.0102785715848321,0.0941988746737312,0.9160796969110884,1.3106528224556013,-0.19762099375626177,-1.1130318286993324,-1.0180999728845916,0.08218193523183558,0.9359180376527443,-0.3031962527881751,1.0006867807375188,-0.7863148113202186,0.6641868615001704,-0.1957486325706918,0.5007722909548731,-0.2157717380693167,0.995325746410381,0.6999999966444479,-0.09968186640009652
0.2885771543086172,0.24562387633588145,0.0005971569503875407,108.78851678453884,-1.1588118033359421e-10,0.41327602493054116,-1.1045641276912364,0.6912881027606879,-0.4492244110424881,1.3850002554504552,-0.9357758444079655,0.43116727653791087,-1.1212232361704566,0.6900559596325401,-0.30509562334023704,0.9982025178029367,-0.7882748003989598,0.6760129708972805,-0.19571098014899024,0.5002751222148742,-0.34468540986873963,0.9905310728780307,0.6999999999390317,-0.10090130143942574
0.2925851703406813,0.24562387633442936,0.0005971569501221524,110.29950323115919,-1.572961303185887e-11,1.059685083825686,-0.22624781083295892,-0.8334372729927308,-1.3643569109548013,0.3631956377395644,1.00116127321523,1.0696453559407444,-0.21622244153855935,-0.8534229144021896,-0.2932125212661854,0.9949724478240545,-0.7908425107333871,0.6839338973455485,-0.19543669218676532,0.5003981576768761,-0.20692149004671273,0.987495716013631,0.6999999999988922,-0.10200045457572665
0.29659318637274545,0.24562387633412947,0.0005971569503749877,111.8104896777775,3.391047933763808e-11,-0.2865923117184439,1.077516554278137,-0.7909242425597051,0.28611765203768214,-1.3415807873547905,1.0554631353171102,-0.3032928270161467,1.095374179117784,-0.7920813521016491,-0.27492659854248486,0.9923049322862774,-0.7929687806070265,0.6892391986800367,-0.19492408393164398,0.49989671047755657,-0.29206653783754416,0.9857561653278348,0.6999999999999797,-0.10294056771208906
0.3006012024048096,0.24562387633492125,0.0005971569498363371,113.32147612438301,-2.334261938372162e-10,-1.0939467566256698,0.355063253240519,0.7388835033851374,1.3985618306501888,-0.5235795421088075,-0.8749822885413755,-1.1059035486982778,0.34717273353525796,0.7587308151630068,-0.2830470617294347,0.989408760352489,-0.7952926054100359,0.6898272715806841,-0.1941939144507399,0.499637154112614,-0.26915699857074366,0.982365486646237,0.6090746882888795,-0.10414520569636872
0.3046092184368737,0.24562387633682767,0.0005971569502667451,114.83246257101695,2.0450982939781874e-10,0.15581266759456597,-1.0350692880561825,0.8792566204616059,-0.11892174312345061,1.2789876521174002,-1.1600659089939491,0.1710837660664858,-1.0538702138682767,0.8827864478017812,-0.311523202832156,0.9883549126345813,-0.7961311038198963,0.6350402376513635,-0.19328154391131147,0.49866531795964747,-0.535981129120139,0.9885551127394252,0.5019818219617115,-0.10558567977287778
0.30861723446893785,0.24562387633581934,0.0005971569503190214,116.34344901762596,2.0772870353053467e-11,1.1125739119289337,-0.4788041838730153,-0.6337697280559248,-1.4127787365717475,0.6764805414833508,0.736298195088392,1.1263563425726335,-0.47316128834397914,-0.6531950542286605,-0.401780313184776,0.9883120163281786,-0.7961564362100755,0.5905911330164045,-0.19234741265956173,0.4985670592735831,-0.5070273442860779,0.9885607054272498,0.5000360085327155,-0.10793565069622593
0.312625250501002,0.2456238763339903,0.0005971569501873408,117.8544354642425,2.585080785740096e-11,-0.02280617433758654,0.9778289911048396,-0.9550228167672657,-0.04997377332708851,-1.1981154492375257,1.248089222564614,-0.036429605379862354,0.9973045141793828,-0.9608749087995317,-0.39922327176010314,0.9895881763363983,-0.7951275446876669,0.5606790016345562,-0.19144453560728747,0.49876729372067113,-0.38961270047313834,0.9958147370917982,0.500000654253818,-0.1095314832832811
0.3166332665330661,0.24562387633357113,0.0005971569502554191,119.36542191085455,-8.142360641002091e-11,-1.1153003608304013,0.595702132363747,0.5195982284666343,1.4068044560559998,-0.819713397766199,-0.587091058289794,-1.1307114496987383,0.5923875044623808,0.5383239452363385,-0.43637074966549205,0.9922411554452778,-0.7930077385713842,0.5406418069125947,-0.19071813343192096,0.49828431557002667,-0.5759433772723653,0.9980625307761287,0.5000000118874061,-0.1115550388337762
0.32064128256513025,0.24562387633262772,0.0005971569501606771,120.87640835747034,-9.540575526019633e-11,-0.11052626252748397,-0.906613729523904,1.0171399920513726,0.2181550742060811,1.100119991309691,-1.3182750655157707,-0.09874520249216706,-0.926485511437972,1.025230713930124,-0.4557906719085275,0.9945356638389244,-0.7911795219709875,0.5272211894021657,-0.19018563583440937,0.4987527648236666,-0.41519956265303987,1.0012324900405631,0.5000000002159873,-0.11356401303571784
0.3246492985971944,0.2456238763324453,0.0005971569502792596,122.38739480408601,-1.1300779012072058e-10,1.1020871257390432,-0.7040864084632118,-0.3980007172758428,-1.380724364961366,0.9512310500589108,0.4294933149024528,1.1189066207598417,-0.7031474201844283,-0.4157592005754249,-0.4515047773932135,0.9977109108311945,-0.7886703818596854,0.5182322880290038,-0.18987049740635875,0.4986331156765196,-0.5097645605956792,1.0059275184074818,0.5000000000039244,-0.11532413219215804
0.3286573146292585,0.2456238763320828,0.0005971569502285804,123.89838125070321,-9.101619454896133e-11,0.2422790772983535,0.8224412901099994,-1.064720367408369,-0.38321853931824035,-0.9864017922161715,1.3696203315344095,0.23250876148743757,0.8424253260192544,-1.0749340875067077,-0.4785475342288883,1.0006120776837448,-0.7863864143336498,0.5122116753088855,-0.18980816337268577,0.49883415005064213,-0.5026497716331196,1.0071977696543173,0.5000000000000714,-0.11746374359789871
0.33266533066132264,0.24562387633317803,0.0005971569502908769,125.40936769732195,-3.092006663019639e-11,-1.073123049771492,0.8024080037070513,0.27071504606444696,1.3349111946076366,-1.0691538703042744,-0.2657573243034015,-1.091110571840323,0.8038580765644839,0.28725249527583074,-0.4709012375707227,1.0034833516125927,-0.7841381458818261,0.5081791716768289,-0.1899684440376094,0.49918208931586194,-0.4539500135290394,1.0113326211859097,0.5000000000000013,-0.11929584601040007
0.3366733466933867,0.24562387633214317,0.0005971569501560603,126.9203541439377,-4.57565541337914e-11,-0.3705692790724913,-0.7265146538387588,1.097083932911278,0.5428051096923283,0.8585860979688077,-1.4013912076611068,-0.36294934393529926,-0.7463253357472756,1.1092746796825814,-0.46404459034398793,1.0055947789028084,-0.7824873428512396,0.5470758879617306,-0.19035343684053263,0.49969662428635503,-0.3449694683825168,1.0067302349270664,0.692882500745425,-0.12111338070647099
0.34068136272545085,0.24562387633486343,0.0005971569500787203,128.4313405905575,4.26802138473551e-11,1.0288220399793715,-0.8892616874966335,-0.13956035248274032,-1.2700196529022287,1.171796485404877,0.09822316749744713,1.0477205144218187,-0.8930800987236794,-0.15464041569812992,-0.3715660153325613,1.005697456006943,-0.7823967373659354,0.5970587224300176,-0.19080656644960872,0.5003035907399555,-0.15698511435837798,1.006147930444152,0.6998706793411431,-0.12187754884448058
0.344689378757515,0.24562387633313293,0.0005971569502651474,129.94232703716511,-1.7544035659100668e-10,0.4935633629132871,0.620204785535415,-1.1137681484486799,-0.6946339938310384,-0.7184996320852972,1.4131336259163316,0.48820271029634976,0.6395589828336125,-1.1277616931299426,-0.35045005654192846,1.005182487216483,-0.7827914739195971,0.631042326413304,-0.19125614117885556,0.4997582155107296,-0.3965663803681746,1.0008833584550398,0.6999976503194768,-0.12307496870249297
0.3486973947895791,0.24562387633343466,0.0005971569500324254,131.45331348378994,3.769640656406124e-11,-0.9698173242102285,0.9634062319121305,0.0064110922981444746,1.1869772592430843,-1.2576920363829445,0.0707147771398356,-0.9893566549191678,0.9695384067335543,0.019818248185660234,-0.33370148590860305,1.0026989348400723,-0.7847353723028,0.6538131571708851,-0.19157774576105313,0.5002560512583976,-0.19310948531533784,0.9962403059163761,0.6999999573076627,-0.12430704100313311
0.35270541082164325,0.24562387633211308,0.0005971569503037884,132.96429993040542,1.543430173113775e-11,-0.6095035295352714,-0.5050310661862664,1.114534595721574,0.8365352970391077,0.568144498661447,-1.404679795700574,-0.6064787755791144,-0.5236521710696728,1.130130946648825,-0.2937654711133829,1.0004784107493576,-0.7864780497810333,0.669064837962461,-0.19170191366059527,0.4999100815891844,-0.2902667404741534,0.9949963390199619,0.6999999992243057,-0.125144441483809
0.3567134268537074,0.2456238763349376,0.0005971569501770957,134.47528637701697,-1.0381936960208758e-10,0.8969521265000336,-1.0237819263742627,0.12682979987423448,-1.0869707649149334,1.3256128454172016,-0.23864208050224495,0.9168530643949889,-1.032140226207287,0.11528716181230263,-0.3049276892442862,0.9976811803122237,-0.7886891743073282,0.6792801564528788,-0.1916359579066074,0.4997522560437737,-0.29434954192676555,0.9895458271749202,0.6999999999859061,-0.12645748559869555
0.3607214428857715,0.24562387633735475,0.0005971569501964192,135.98627282364112,9.115556297426794e-11,0.7167327792410262,0.38263952642217697,-1.0993723056631957,-0.9664809936559088,-0.4096695411306705,1.3761505347866005,0.7160871550550627,0.40026141188848463,-1.1163485669435398,-0.27857883829393004,0.9946698334682496,-0.7910823809641062,0.6861222024653016,-0.19132438721976802,0.49975273092860495,-0.2107062962518663,0.9881823686229622,0.6999999999997438,-0.12737176816640192
0.36472945891783565,0.24562387633674682,0.0005971569501566772,137.49725927025872,1.2280075292529527e-10,-0.8112678237921083,1.069525881811412,-0.2582580580192664,0.971429451116987,-1.3745882017259323,0.40315875060892775,-0.831245947059219,1.0799908543997498,-0.24874490734049348,-0.27670469120951574,0.9920943282112115,-0.7931360089961873,0.6907048880967362,-0.19079557855364984,0.49923753585326097,-0.3118282093079282,0.9850905203727082,0.6999999999999953,-0.12845054860293992
0.3687374749498998,0.2456238763334507,0.0005971569498936993,139.00824571686144,-2.167516843894277e-10,-0.8137185787633544,-0.2547793504065502,1.0684979291699397,1.0826138533665601,0.24533964011055798,-1.3279534934771393,-0.8154613025450335,-0.2711501646754747,1.086611467220544,-0.27924831273732,0.9894784785822974,-0.7952331171533913,0.6714699715086432,-0.1900479605582081,0.49899492845691573,-0.2946112649025804,0.986203696193684,0.5249495032562848,-0.12959685723279474
0.3727454909819639,0.24562387633254187,0.0005971569502390433,140.519232163487,1.3735890654095651e-11,0.7139890195663584,-1.099984355045456,0.3859953354791017,-0.8420046272828486,1.403918161061473,-0.5619135337786063,0.7337587990919627,-1.1124064282127373,0.3786476291207768,-0.34708544938590025,0.9892774473412688,-0.7953837901331369,0.6166540415386621,-0.1891883810763802,0.497962104540953,-0.6183054680511838,0.9892826998373719,0.500453317916522,-0.1314916377330181
0.37675350701402804,0.24562387633539576,0.0005971569502630832,142.03021861010419,3.63388173275531e-11,0.89907488356363,0.12327792529425242,-1.0223528088578844,-1.1832742307435897,-0.07750339528867962,1.2607776260322936,0.9031810551498933,0.1381636994674609,-1.0413447546173566,-0.40555342740958833,0.9894393422841058,-0.7952462702607307,0.5781657067167961,-0.1883291314359647,0.4984314183209977,-0.39330654818461636,0.9918036134542427,0.5000082365243329,-0.13362678684681703
0.3807615230460922,0.24562387633651178,0.0005971569502787962,143.5412050567216,6.31388023675953e-11,-0.6065060167100936,1.114722055882152,-0.5082160391720293,0.7005460351353029,-1.4131835947063867,0.7126375595710697,-0.6257849120221015,1.128923704239949,-0.5031387922178174,-0.4018879808795193,0.9915878929713351,-0.7935266802533822,0.552354652457428,-0.18755517535010144,0.49817461277800135,-0.48144035527029594,0.9987092800011695,0.5000001496527797,-0.13519355277229708
0.38476953907815625,0.24562387633865082,0.0005971569501600811,145.0521915033379,6.220610790389536e-11,-0.9715817304477861,0.009985374420620183,0.9615963560272002,1.2670234192127916,-0.09144052103810145,-1.1755828981747145,-0.977992667145037,-0.003202614205640608,0.9811952813507125,-0.4508893113921868,0.9940994475349754,-0.7915258105187191,0.5350662633892236,-0.18698691084462168,0.4981112039638194,-0.5288889703318135,0.9995619597177059,0.5000000027191013,-0.13739299811883995
0.3887775551102204,0.24562387633744928,0.0005971569502505811,146.56317794995363,4.7592803769951757e-11,0.49035491570380396,-1.113528309234883,0.6231733935310833,-0.5490753359626129,1.4022520113373425,-0.8531766753747172,0.5088673935523707,-1.1293065620222449,0.6204391684698776,-0.4470875057298585,0.9966977263592605,-0.7894663149621222,0.5234867848564392,-0.18661066296120046,0.49852486306130406,-0.41082678164010805,1.0046717690898028,0.5000000000494044,-0.139171199486504
0.3927855711422845,0.24562387633695948,0.0005971569501321906,148.07416439656896,2.293866808940926e-11,1.0302028912535854,-0.14310596260571462,-0.887096928647878,-1.3326645145257123,0.25907758169264306,1.073586932833094,1.0388269662033223,-0.13180423956047616,-0.9070227266428538,-0.4606823683536754,0.9999850632366962,-0.7868795816028723,0.5157310475951696,-0.1864792695951623,0.4983627041433723,-0.5458757163882894,1.0074995969178557,0.5000000000008976,-0.1411080142012908
0.39679358717434865,0.2456238763372677,0.0005971569502771138,149.58515084318523,2.262561036810081e-11,-0.36719574479103423,1.0964201980448343,-0.7292244532537809,0.38975734476026436,-1.3712796709022235,0.9815223261419508,-0.384677227878499,1.113549554644787,-0.7288723267662687,-0.47637234770681747,1.002745770504861,-0.7847137393105891,0.5105363871604105,-0.18659018050487422,0.49882678010994336,-0.4538561205541223,1.009737675101825,0.5000000000000163,-0.1431590079065744
0.4008016032064128,0.2456238763332566,0.0005971569497402764,151.09613728979264,-1.9786252075710964e-10,-1.0741005851575247,0.27418130694152854,0.7999192782160507,1.3792594081460814,-0.42301194950247745,-0.9562474586436291,-1.084814540938333,0.26492737025698826,0.8198871706813917,-0.46925992055530164,1.0057915259489374,-0.7823405268762169,0.5118773126771089,-0.18693060175495876,0.4990160825725455,-0.4870890444858362,1.012776665318314,0.6099250866548346,-0.1449759763123599
0.4048096192384769,0.24562387633636026,0.0005971569501792524,152.60712373642002,7.864482055438672e-11,0.2387886778043721,-1.0636422359445283,0.8248535581401788,-0.224869011180584,1.3207092326129561,-1.0958402214323724,0.2549893227440921,-1.081877883623225,0.8268885608791535,-0.4351357734805429,1.00684527100576,-0.7815115690826054,0.5674770759481309,-0.18745694651710712,0.49999366560800806,-0.19366115239730755,1.006858488050015,0.6983633936186884,-0.14648635135500987
0.40881763527054105,0.24562387633679827,0.0005971569502560465,154.11811018303158,-4.0580309016884896e-11,1.1026474177207135,-0.4013381007747076,-0.7013093169460035,-1.4061421732906672,0.5809007072623297,0.8252414660283661,1.115298138458531,-0.3942642080795203,-0.7210339303790081,-0.3476532668844412,1.0069363466624097,-0.7814314674179069,0.6111199147807115,-0.18800883134604857,0.4999390363436314,-0.2661659559747463,1.006677690295018,0.6999702637824691,-0.14715620158137463
0.4128256513026052,0.24562387633850838,0.0005971569502250007,155.62909662964773,-4.5533504600479025e-11,-0.10696888708549629,1.0156628986216816,-0.9086940115361573,0.056766891352635344,-1.251263464199004,1.1944965728463692,-0.12165715955936796,1.034744221013764,-0.913087061454368,-0.35272113198534577,1.0056064478739344,-0.7824626158863937,0.6404674831055315,-0.18852877355272962,0.4998024235705899,-0.3460911654101446,0.9993601725653245,0.6999994597110724,-0.14860031084675088
0.4168336673346693,0.24562387633620678,0.0005971569502133425,157.14008307626094,-1.2603355563734948e-10,-1.1154353477913055,0.5227590180970977,0.5926763296942539,1.4129285257887063,-0.7304873049403635,-0.6824412208483741,-1.1298420263792845,0.5179662672544817,0.6118757591248486,-0.31075963047543487,1.0030353441958093,-0.7844732404801879,0.6601260972503772,-0.1888724750405515,0.5002083165264226,-0.17597517317595246,0.9974942953908917,0.6999999901832752,-0.14952952228731248
0.42084168336673344,0.24562387633562333,0.0005971569502830288,158.6510695228846,5.7621933091841917e-11,-0.026379685499376027,-0.9531678520031993,0.979547537502597,0.11214652811857054,1.1639348149635231,-1.2760813430820968,-0.013413711708660056,-0.9728221365136828,0.9862358482223635,-0.2960994141262838,1.000814935613551,-0.7862145446444343,0.6732931398500503,-0.18902994812581014,0.4996972314641625,-0.3416647728883818,0.9941879583452361,0.699999999821636,-0.15057224024462026
0.4248496993987976,0.24562387633599783,0.0005971569502827237,160.16205596949732,-3.338990274396195e-11,1.112281695111411,-0.6367087614070603,-0.475572933704355,-1.39952157827704,0.8696339141308825,0.5298876641461879,1.1282384375561663,-0.6342656516415961,-0.4939727859145741,-0.29744965495032016,0.997708919564688,-0.7886705404184245,0.6821122009272385,-0.18897436831626271,0.49983785050369495,-0.2295123469204824,0.9898182443270366,0.6999999999967593,-0.15179259218945654
0.4288577154308617,0.24562387633496668,0.000597156950212705,161.6730424161144,-1.4607081957480432e-11,0.15935124450850152,0.8770503049517,-1.0364015494601877,-0.2794571729641443,-1.059971428587799,1.3394286015519505,0.1482928739038486,0.8969966605802997,-1.0452895344841338,-0.2707536919811856,0.9949594465213072,-0.7908518462084616,0.6880190575141364,-0.1886754892005281,0.49956523933841646,-0.2545695510929075,0.9887558513662169,0.6999999999999411,-0.15265635624616658
0.43286573146292584,0.24562387633401167,0.0005971569504700896,163.18402886273603,1.174055398521458e-10,-1.093231497904437,0.7415587689264881,0.3516727289779899,1.3661128923846877,-0.9963518494765408,-0.36976104290817413,-1.1105102494870356,0.7415002145746225,0.3690100349124541,-0.2793694617026701,0.9922284458616096,-0.7930301275756969,0.6919753692300203,-0.18816591484597608,0.4992238995334817,-0.2919668321041349,0.9847435024742118,0.699999999999999,-0.1538409729369412
0.4368737474949899,0.2456238763366253,0.0005971569499883567,164.69501530934858,2.2516215334592163e-11,-0.29004538417590126,-0.7883981055316114,1.078443489707537,0.4427738683173056,0.9408591100752741,-1.3836329783925887,-0.2810526617638788,-0.8083514634840789,1.089404125247982,-0.28826412328041057,0.9904258954272801,-0.7944682404072375,0.6498426080347691,-0.18744818027794466,0.49863498261702,-0.4236512047644542,0.9900284533026079,0.5057587859156322,-0.15505130356527053
0.44088176352705405,0.24562387633702715,0.0005971569503542902,166.20600175596545,3.5381769252885196e-11,1.0585570219145883,-0.8358105454906096,-0.22274647642398143,-1.3131799749549342,1.1088301137077186,0.20434986124724197,1.076910842132646,-0.8381373848613224,-0.23877345727132707,-0.3818066938124148,0.9904315347674832,-0.7944539023699767,0.6007789658979799,-0.1866821161364907,0.4980885861227913,-0.5826642213184706,0.9901751514504065,0.5001046336908559,-0.1573197507670787
0.4448897795591182,0.24562387633581628,0.0005971569502327615,167.71698820257964,-1.6343354127297955e-11,0.4165942386171387,0.6884782393506481,-1.1050724779677774,-0.5997624983880766,-0.8083001759376678,1.4080626743257574,0.40979568646498715,0.7081534253648901,-1.1179491118298677,-0.3988686964249582,0.9911448067537034,-0.7938773153888583,0.5675076067622546,-0.18592914788848508,0.4986107787797894,-0.35375191978606496,0.9960144163929183,0.5000019011321487,-0.1590908938818623
0.4488977955911823,0.245623876334651,0.0005971569502947034,169.2279746491956,-2.425251448996155e-11,-1.008753823744206,0.9181170552445942,0.09063676849964945,1.2414792919944042,-1.2054611482922954,-0.03601814370213452,-1.027920397052257,0.9227960299225751,0.1051243671297202,-0.41777603147757625,0.9937688642016835,-0.7917877149732999,0.5452155803424772,-0.18532015335322766,0.49810810839556996,-0.559732642100581,1.000324224716704,0.5000000345424447,-0.1608879985676444
0.45290581162324645,0.24562387633430893,0.000597156950315587,170.73896109581037,-6.241061595044642e-11,-0.537189200139292,-0.5787187639105759,1.1159079640498968,0.7481794279108305,0.6641891572813287,-1.4123685851921741,-0.5326819820747023,-0.5978345845299864,1.1305165666047174,-0.45516123883079196,0.9960783228791743,-0.7899534680100817,0.5302846264135227,-0.18491523009811514,0.49848179225054196,-0.45108104771479285,1.0020215203530791,0.5000000006276157,-0.16303324061062285
0.4569138276553106,0.24562387633263683,0.000597156950184407,172.24994754242687,-5.7777238716294933e-11,0.9445336934030988,-0.987301998561349,0.04276830515824752,-1.1520356042524416,1.2848639446178485,-0.1328283403653837,0.9642390978506105,-0.994266240459601,0.030027142608987825,-0.4443081765314815,0.9990595402663455,-0.7876035247143215,0.5202841258789701,-0.1847129457635942,0.4986071161339421,-0.46176117745813705,1.0075251712514137,0.5000000000114033,-0.16472347168747195
0.4609218436873747,0.245623876332615,0.0005971569503119328,173.7609339890429,-6.55278359182319e-11,0.6501067473946089,0.4606883393768706,-1.1107950867714766,-0.8859035081064315,-0.5105856606725032,1.3964891687789531,0.6479552801879246,0.47897159505266523,-1.1269268752405868,-0.4711458555108382,1.0021588746487944,-0.785173003619816,0.5135859612774295,-0.18476695131013476,0.49864676943681774,-0.532164825797697,1.0089310902791893,0.5000000000002073,-0.1668200743272715
0.46492985971943884,0.24562387633198454,0.0005971569501738674,175.2719204356611,-1.8302543459034063e-11,-0.8668144390583714,1.0423765818217607,-0.1755621427633566,1.0461272112886528,-1.3459036775033708,0.29977646621469545,-0.8867770485209824,1.0515265595892,-0.1647495110681838,-0.47082431766972865,1.0049309779315763,-0.7830077982898292,0.5090996449602948,-0.1850486007966097,0.49914575382958287,-0.437393969292769,1.0125056495762637,0.5000000000000038,-0.16871856464150342
0.468937875751503,0.2456238763327027,0.0005971569500519983,176.7829068822739,-1.0597308231520364e-10,-0.7537330768310114,-0.3360738304219441,1.0898069072529795,1.0109664036883987,0.34968495594434185,-1.3606513596327625,-0.7539681077926275,-0.35326322108201735,1.1072313288746682,-0.4691557076840559,1.0076487132288685,-0.7808958059981034,0.5312764412193911,-0.18556415221983,0.49942844748438875,-0.4412036614906989,1.0108986926359782,0.6793138598319063,-0.17058069238384366
0.4729458917835671,0.24562387633647334,0.0005971569499476753,178.29389332889914,1.1761543707355466e-10,0.776706819995514,-1.082553697405648,0.3058468774101253,-0.9252677486942392,1.3877079882313195,-0.4624402395370592,0.7966413343131598,-1.09375864372633,0.29711730941316083,-0.395271010239251,1.0079344996665534,-0.7806628333806583,0.5854941327215686,-0.18619616983512802,0.5004289374749576,-0.1256108202697696,1.00815558235551,0.6996241448362525,-0.17161078365958077
0.47695390781563124,0.2456238763353595,0.0005971569503068795,179.8048797755103,-1.2752427772598835e-11,0.8465871658887661,0.20665620689220182,-1.0532433727809785,-1.1215807227134265,-0.18378661026821788,1.3053673329816677,0.8492053383925731,0.22250606435577078,-1.0717114027483539,-0.3438381167522447,1.0078088307138768,-0.7807523717807134,0.6232787121681348,-0.18683428539248761,0.4999268526383713,-0.370622447370035,1.0053369295590466,0.6999931709420595,-0.1725335057260065
0.48096192384769537,0.2456238763348188,0.000597156950303798,181.31586622212708,-4.666555385469891e-14,-0.6754986148634005,1.107259104986241,-0.4317604901228205,0.7911844858349999,-1.4096793638804777,0.6184948780454612,-0.6951201288563336,1.1203588743185708,-0.4252387454622168,-0.3444297585699833,1.0056578325938732,-0.782425079759066,0.6486128965588914,-0.18738640871376702,0.5002853133666918,-0.24691342601431768,0.9987816803435944,0.6999998759200476,-0.17393826633561288
0.4849699398797595,0.24562387633274949,0.00059715695023936,182.82685266874253,-2.192107510560105e-11,-0.9273419926501827,-0.07428509221725896,1.0016270848674655,1.2161656154592537,0.015261620243446572,-1.2314272357027258,-0.9323058838424226,-0.088568892247306,1.0208747760897534,-0.2950610795625896,1.0032671652942573,-0.7842921257105889,0.6655817862750106,-0.187738725511117,0.5002770681644747,-0.23211737741020838,0.9980670211176076,0.6999999977455396,-0.17472071367016312
0.4889779559118236,0.24562387633303437,0.0005971569503077228,184.33783911535656,-7.964435753567363e-11,0.5646363165109638,-1.1161397797313926,0.5515034632204215,-0.6457937691056399,1.4115038728386318,-0.7657101037329785,0.5836644038680492,-1.130947153619011,0.5472827497509541,-0.3019335306164832,1.0007280373026297,-0.7862857210678696,0.6769472677809137,-0.18790668012127545,0.49992627922735233,-0.3314926419610709,0.99289031899523,0.6999999999590377,-0.17597248118623174
0.4929859719438877,0.24562387633229893,0.0005971569501536029,185.84882556197348,-6.339092400457709e-11,0.9948433946213906,-0.05914769498434483,-0.9356956996370612,-1.2933692661712273,0.15348148791122537,1.139887778260029,1.0020820659926872,-0.04663409377574859,-0.9554479722169541,-0.28492737522836775,0.9975554682801941,-0.7887941712141202,0.6845596734515201,-0.1878356217598512,0.5001017853307768,-0.19872045702841754,0.990426309138372,0.6999999999992558,-0.17699585510361615
0.49699398797595185,0.24562387633254976,0.0005971569503279062,187.35981200858916,-8.127415710199451e-11,-0.4457043270620705,1.1090687661728684,-0.6633644391107834,0.4911734723822154,-1.3931553994753536,0.9019819270931283,-0.4638670422275654,1.1253721219005717,-0.661505079672992,-0.2715021739175883,0.9949479575666587,-0.7908613836738024,0.6896583328344549,-0.18753382954594058,0.4996293035406176,-0.2990481990832124,0.9882987780186219,0.6999999999999864,-0.177959627111339
0.501002004008016,0.24562387633625757,0.0005971569497040526,188.87079845521112,6.277235612660325e-11,-1.048126657688378,0.19173515264425525,0.856391505044151,1.3520882955396198,-0.320031062203334,-1.032057233336315,-1.057536659021789,0.1811705939843171,0.8763660650375006,-0.2781340774682021,0.9920657849739224,-0.7931616739732964,0.6858931744623384,-0.1870141425950686,0.49947487821738257,-0.26035803259414975,0.9859052167719382,0.5730837925335965,-0.17913551767735678
0.5050100200400801,0.24562387633557006,0.0005971569500363465,190.3817849018372,3.0640057798585656e-10,0.3204024066530773,-1.0861471268601157,0.7657447202070384,-0.329533406662562,1.354896192451859,-1.0253627857892882,0.33744017221748673,-1.1037134685605123,0.7662732963430258,-0.3169039554835712,0.9913057292561239,-0.7937595396756864,0.629799451561948,-0.18632955333701814,0.4984805829514766,-0.5669431978866416,0.9915523898292841,0.5013278892908072,-0.1806751414505784
0.5090180360721442,0.24562387633373484,0.0005971569502200635,191.89277134843664,-1.147282920993021e-10,1.0864302625369149,-0.3215823630947999,-0.7648478994421306,-1.391483501846495,0.4820068108394078,0.909476691007115,1.097877097762698,-0.3131178301813897,-0.7847592675813244,-0.4014180120571634,0.9912852585778723,-0.7937673105024555,0.5870335982396274,-0.1856314799340528,0.4986292791237166,-0.4691971415926933,0.9919956860415758,0.5000241269504837,-0.18298713965695446
0.5130260521042084,0.24562387633291347,0.0005971569503628319,193.4037577950538,-9.377541937316266e-11,-0.19052134396653878,1.0477024507337638,-0.857181106767214,0.16318370413160788,-1.2972730186470662,1.1340893145154554,-0.2061906580208234,1.0662807050377134,-0.8600900470168804,-0.3953421745099778,0.9928178914382412,-0.7925413698952757,0.5582953653218937,-0.18497736081532407,0.4987503598406821,-0.4091113627595719,0.9994504458263243,0.5000004383725062,-0.1845301373078719
0.5170340681362725,0.24562387633230215,0.000597156950323594,194.91474424167106,-6.957712865953388e-11,-1.1092068033030882,0.44683357542366486,0.6623732278794517,1.4109918634896046,-0.6370937941371001,-0.7738980693525338,-1.1225268793127214,0.4405900440357742,0.6819368352769762,-0.43842357691869793,0.9954471155265484,-0.7904537225021295,0.5390452723675635,-0.18451069084089722,0.4984061716476554,-0.5673338385606114,1.00106033449857,0.5000000079649703,-0.1866145963929613
0.5210420841683366,0.24562387633172267,0.0005971569502921573,196.4257306882894,-1.9517897760381793e-11,0.05791738487338166,-0.9942841968148235,0.9363668119414468,0.005498193496936241,1.2211094386861872,-1.2266076321831245,0.07199430412186038,-1.0136088523320979,0.9416145482102417,-0.45045720290924834,0.9977918417478183,-0.7885979972335543,0.5261518575313748,-0.1842354674891189,0.4989393159803187,-0.4041143489363674,1.004856074497183,0.5000000001447188,-0.18854229555477325
0.5250501002004008,0.24562387633633884,0.0005971569502848513,197.9367171349171,2.640854982292292e-10,1.116130758231285,-0.5656987228779585,-0.5504320353533456,-1.4103345898202515,0.7830755541720805,0.6272590356482058,1.131133715579618,-0.5617654306319432,-0.5693682849476973,-0.45099340066868704,1.0010185963046019,-0.7860649341428039,0.5175160677912022,-0.18418511524051448,0.4988176929202712,-0.522993009665443,1.0090351500981651,0.5000000000026296,-0.1903360752010004
0.5290581162324649,0.2456238763375462,0.0005971569500181806,199.44770358152718,1.0816964467906077e-10,0.07551432066824476,0.926655795768325,-1.0021701164365633,-0.17410151853315206,-1.1274939792333767,1.3015954977665354,0.06323098193570188,0.9464506753256686,-1.0096816572613634,-0.4762353120160551,1.0038455270009083,-0.783853052605274,0.5117319632182329,-0.18438427180762512,0.4991505954974405,-0.48483595762130327,1.0104438078191469,0.5000000000000479,-0.19245638788877298
0.533066132264529,0.24562387633136964,0.0005971569502548419,200.95869002813583,-8.301064730356344e-11,-1.1071031200072219,0.6764789841046234,0.4306241359026294,1.3895209984989252,-0.9178657063101813,-0.4716552921887717,-1.1235745277106337,0.6749121350421465,0.4486623926685177,-0.4674444281243077,1.0067610974906365,-0.7815852790064677,0.5078578687061253,-0.18480550686582084,0.49948394926257916,-0.4619487828555073,1.0146302099876534,0.5000000000000009,-0.19426141650368223
0.5370741482965932,0.24562387633766725,0.0005971569503893114,202.4696764747968,1.0349947077750368e-9,-0.20786678077810752,-0.8457837753656545,1.0536505561437732,0.34021658915804787,1.0177645406456595,-1.3579811298037148,-0.19755258380560828,-0.8657659589177145,1.0633185427233336,-0.4557443678189364,1.0085617885939289,-0.7801837279586404,0.5530362082734578,-0.18544269187592521,0.5001733082504377,-0.29793031504971723,1.0090998082308067,0.695290540586134,-0.1960157421534713
0.5410821643286573,0.24562387633811938,0.0005971569499361743,203.98066292140686,8.756157967796967e-10,1.0822529596378114,-0.7775911160790404,-0.304661843558787,-1.3488486160931406,1.0395378782647249,0.309310737828444,1.099957413437619,-0.7784131147591895,-0.32154429867844614,-0.3607392735372651,1.0086177721750922,-0.7801302713428304,0.6012251889417396,-0.18613045495382396,0.5006317489140409,-0.18064987910364522,1.008930126177642,0.6999144319327429,-0.19670524942970935
0.5450901803607214,0.2456238763341024,0.0005971569495735612,205.49164936799195,9.848822227655468e-11,0.33724846072603254,0.7528239579171297,-1.0900724186431634,-0.5014693884166836,-0.8934893967998963,1.3949587852165906,0.32905079706703866,0.7727078903011709,-1.10175868736821,-0.35007718915379815,1.0078508398730197,-0.780718952751635,0.6338361223123836,-0.18680599791929206,0.5001968564829748,-0.39007685799905994,1.0027667537685172,0.6999984452772512,-0.19799099306981044
0.5490981963927856,0.24562387633398497,0.0005971569499057415,207.00263581461545,2.7736636588146877e-10,-1.0419354193270955,0.8675900534507435,0.17434536587637697,1.2888987368288303,-1.1463531659962807,-0.14254557083257458,-1.0606198945770329,0.8707891411515819,0.18983075342547728,-0.32536824456023117,1.005250411867062,-0.7827443019842388,0.6556844515413348,-0.18733409868974155,0.5007430029090998,-0.17767391040473202,0.998929158915848,0.6999999717516439,-0.19912600141989503
0.5531062124248497,0.2456238763357428,0.0005971569499400863,208.5136222612165,-1.0147537877823864e-10,-0.46181024038166135,-0.649104909757594,1.1109151501392691,0.6555552543471432,0.7564446594247743,-1.4119999137719323,-0.45584627088963614,-0.6686063930026894,1.1244526638923396,-0.29203505788990886,1.0030110520984659,-0.784492774163533,0.670318200030374,-0.18766372761564415,0.5003389551824625,-0.3094438249799401,0.9971175821919389,0.6999999994867433,-0.20000513817549295
0.5571142284569138,0.24562387633475116,0.0005971569501690961,210.02460870782764,-2.3043238758036105e-10,0.9867267210547024,-0.9451895440311586,-0.04153717702356096,-1.2105281232522096,1.2367849481747069,-0.026256824922471236,1.0061241746889615,-0.9507199950798281,-0.055404179609149444,-0.30223455254864484,1.000047264478989,-0.786825009032974,0.6801196369958159,-0.1877933350801695,0.500310144761813,-0.27307433114278185,0.9917499747722345,0.6999999999906744,-0.2013055807828961
0.561122244488978,0.2456238763340919,0.0005971569502683717,211.53559515445525,5.145479602644263e-11,0.5797718970190238,0.5361089562421253,-1.1158808532611595,-0.8002720047962332,-0.6085889236617426,1.4088609284579914,0.5761268654838352,0.5549492796384168,-1.13107614512226,-0.27405516353884884,0.9970534925123256,-0.7891921256884904,0.6866844722020442,-0.1876716365100139,0.5002562331267136,-0.2199131796855192,0.990578518534939,0.6999999999998305,-0.20218221306347325
0.565130260521042,0.24562387633597801,0.0005971569500679037,213.04658160107255,7.399980894619448e-11,-0.917415920732092,1.0092805724365668,-0.09186465170445408,1.1148568718213452,-1.309540845613778,0.19468397379240787,-0.9372491341610969,1.0170633594991034,-0.079814225337985,-0.27659646272940863,0.9943841109469082,-0.791311127427013,0.6910814867682502,-0.18733119831246067,0.49979629733029146,-0.3091537596321085,0.9870382617834442,0.6999999999999968,-0.20329837170075823
0.5691382765531061,0.24562387630198526,0.0005971569590038175,214.55756804734682,-8.489507374824141e-9,-0.6894475824668705,-0.4154509998470683,1.1048985823138235,0.9335512894492856,0.45203534016995606,-1.385586629619259,-0.6881735350379425,-0.43336092368295237,1.1215344587207967,-0.2785621463386213,0.9918755307402,-0.7933114887756584,0.6655744372239125,-0.18676686067641043,0.49950754160570393,-0.32022214060233106,0.9894377530314139,0.5167312501221255,-0.20443330997931228
0.5731462925851702,0.24562387632141056,0.0005971569496141012,216.06855449426757,-8.375074424086342e-10,0.83499351169311,-1.0589470825258012,0.22395357083256412,-1.003252221025312,1.3635809450504408,-0.36032872402510824,0.8549790273084379,-1.0688709611594411,0.21389193385087552,-0.3564292875425154,0.9917233354177346,-0.7934221107366245,0.6121102994518867,-0.18610486484604583,0.4985720339275113,-0.62037174498596,0.9914253036264378,0.5003039968866244,-0.20645088508229048
0.5771543086172344,0.24562387632791027,0.000597156949417292,217.5795409409003,-4.008935924423516e-10,0.7892697411980518,0.28885553192273306,-1.0781252731209054,-1.0534886862491035,-0.28902134361485693,1.342510029863983,0.7903849721333075,0.3055790509676537,-1.095964023101082,-0.4032112359138527,0.9919357804126375,-0.7932450025745849,0.5751115747596643,-0.1854411099830428,0.49912966571543177,-0.3709625809027017,0.9948533234806286,0.5000055234481622,-0.20848497025832136
0.5811623246492985,0.24562387632655677,0.0005971569499539733,219.0905273875126,-4.867273781752568e-10,-0.7406375322782862,1.093479307580539,-0.3528417753023385,0.8773092750799466,-1.3981329857956764,0.5208237107157128,-0.7604897228394227,1.1054024600511687,-0.3449127372118315,-0.40422863917702145,0.9942087465617514,-0.7914355958439019,0.5503088505680964,-0.18487447168808344,0.49877691141218733,-0.5078797549439762,1.001141516641348,0.5000001003576786,-0.21009203967644824
0.5851703406813626,0.24562387632537386,0.000597156950456346,220.60151383414978,4.0275660013947316e-11,-0.8778118150221992,-0.15813176903401624,1.03594358405614,1.1583696274965325,0.12187671360240752,-1.2802463410989648,-0.8813003529593582,-0.17342989152493782,1.054730244484219,-0.45254934573577116,0.9965938463582933,-0.789544135886247,0.5336960166412981,-0.18451089656068734,0.49885994832531705,-0.5068328475347026,1.0019510297937329,0.500000001823442,-0.21229988223065482
0.5891783567134268,0.2456238763228644,0.0005971569502275675,222.11250028077276,2.0480389946176821e-10,0.6356964918187803,-1.1123837190061645,0.4766872271872832,-0.7388279724305711,1.4127031558473329,-0.673875183416747,0.6551316343676349,-1.1261357445108373,0.4710041101431002,-0.44464440688310297,0.999244491460107,-0.7874542852355223,0.5225690169067874,-0.18433607874677316,0.49921275484692873,-0.420354810546132,1.0073224549709596,0.5000000000331308,-0.21403007494745363
0.5931863727454909,0.24562387632623747,0.0005971569499366728,223.62348672738267,4.048084613509352e-11,0.953808348235211,0.025148010321023026,-0.9789563585563383,-1.2466953990903435,0.04700979171756842,1.1996856073727988,0.9596203260544058,0.03880210017244691,-0.998422426226957,-0.46333842117699464,1.002445962884792,-0.7849468963492353,0.5151163422892628,-0.18440685473180474,0.49909079124358974,-0.5472395994285053,1.009573132535099,0.500000000000602,-0.21602039123507985
0.597194388777555,0.24562387632583005,0.000597156950200241,225.1344731739964,-3.030782421118296e-11,-0.5216701847501245,1.1153901404060311,-0.5937199556559765,0.5897874784317406,-1.4070832396016266,0.817295761169875,-0.5404105177751054,1.1307744917332045,-0.5903639739581691,-0.47441937924474603,1.0051344461781042,-0.7828475983628236,0.5101246680389947,-0.1847108776373512,0.49959667438878264,-0.444103650176049,1.0121564204180091,0.500000000000011,-0.2180276107761008
0.6012024048096192,0.2456238763295362,0.0005971569494570897,226.64545962062053,1.5776577516301038e-10,-1.016173208351234,0.10819515743413863,0.907978050917039,1.317203581087968,-0.21522441833212652,-1.1019791627558697,-1.0242255689377562,0.096380244281903,0.9278453246557973,-0.46934728151182065,1.0081076089960719,-0.7805414230788748,0.5160698384769612,-0.1852423126950702,0.4997710982381927,-0.48812954007404286,1.0140537549485011,0.6383170753669422,-0.21985908631070888
0.6052104208416833,0.24562387632875102,0.0005971569501113678,228.15644606723222,3.142002356073634e-11,0.4001882362056815,-1.1024555470401982,0.7022673108344356,-0.4323178141053248,1.3813534606020526,-0.9490356464967191,0.4179659229459649,-1.1192523551171703,0.7012864321711235,-0.42508882018031413,1.0088457040380625,-0.7799596931696614,0.5723407808194487,-0.18593874314365957,0.5008221873858584,-0.16352962494556728,1.0086793602393225,0.6988792591779017,-0.22125149207329262
0.6092184368737474,0.24562387633054203,0.000597156950154208,229.66743251384474,-7.169683027441509e-11,1.0640150860299644,-0.23999201806316792,-0.8240230679668886,-1.3688864878213718,0.38036308755370873,0.9885234002676903,1.0741927347908735,-0.23018513455366066,-0.8440076002373051,-0.3446519427520189,1.0088560565821245,-0.7799430235276763,0.6144148907299968,-0.18664911159934325,0.5006093524866847,-0.2985183342355175,1.0079873787957163,0.6999796367889212,-0.22195738208401827
0.6132264529058116,0.2456238763303265,0.0005971569502739196,231.17841896047625,2.9906170116392897e-10,-0.272986878329293,1.0737648691068675,-0.8007779907776369,0.26866955163261624,-1.3358816422341775,1.067212090601555,-0.2895478411542036,1.0917340750194768,-0.8021862338653354,-0.35183273005168725,1.0072272090555945,-0.7812039411740992,0.6426750803712661,-0.18731052515878752,0.5006135015754266,-0.3217380216222252,1.0005029044910245,0.6999996300127942,-0.22342365713216117
0.6172344689378757,0.24562387632773122,0.0005971569501957795,232.68940540707996,-2.468907827801113e-11,-1.0966502321047484,0.3683589465454183,0.7282912855592886,1.4010054992804994,-0.5400656682451168,-0.8609398310354115,-1.1088077175553477,0.3607002546040517,0.7481074629512543,-0.3054163443753118,1.0046222118395272,-0.7832345974499397,0.6616047205440161,-0.18778133958684357,0.5009297067407076,-0.18466107108960175,0.9991032670254733,0.6999999932775502,-0.22429011240318572
0.6212424849699398,0.24562387632764549,0.000597156950208255,234.20039185370453,1.7465431978120457e-10,0.14188403826798077,-1.0297281329556145,0.8878440946875698,-0.10118150702296286,1.27131762472726,-1.1701361177042957,0.15699159196568557,-1.0486129196450735,0.8916213276793237,-0.2977850739102095,1.0022781796542959,-0.7850680538483409,0.6742834967162915,-0.18806273352499447,0.5004273712788494,-0.34610773418539786,0.9951236905543585,0.6999999998778571,-0.22539758005854874
0.625250501002004,0.2456238763282048,0.0005971569502005656,235.7113783003158,4.2255959387556055e-11,1.1136122484224764,-0.4914613530909561,-0.6221508953316005,-1.41310159244014,0.6920497279799986,0.721051864460171,1.1275758194115624,-0.4860603093751185,-0.6415155100365246,-0.2944561745721114,0.9990575029741162,-0.787607867136376,0.682775525056034,-0.1881182554645084,0.5006067721921459,-0.21613442379579403,0.9911742135966921,0.6999999999977806,-0.22657040032118508
0.6292585170340681,0.24562387632770627,0.0005971569501043399,237.2223647469326,4.764609454059354e-11,-0.008753413385498149,0.9709746898885802,-0.9622212765031367,-0.06775260630479522,-1.1885841496700225,1.2563367559748195,-0.02219164447411265,0.990505163095644,-0.9683135186215864,-0.2702548860778717,0.9962988484957063,-0.7897899907050087,0.6884633406928414,-0.1879278222491098,0.5002588404728361,-0.2686893426772727,0.9898730439592383,0.6999999999999597,-0.22744839477200843
0.6332665330661322,0.2456238763284702,0.0005971569501692387,238.73335119354624,-2.5160403625543577e-11,-1.1146587065414135,0.6075398775698696,0.5071188289715144,1.405001875040943,-0.8341431286843137,-0.570858746356658,-1.1302287969263816,0.604473671572734,0.5257551253536178,-0.2797071929183048,0.9934425551114923,-0.7920629821944547,0.6922729425195532,-0.1875205774645523,0.4999738251720549,-0.28179398143214446,0.9857340910295344,0.6999999999999992,-0.22864482849101087
0.6372745490981964,0.24562387633142702,0.0005971569499459025,240.24433764016408,8.462789465906006e-12,-0.12450231320395498,-0.8983442299663594,1.0228465431702656,0.23571841058787182,1.0888636253104491,-1.3245820358983262,-0.11292546214995802,-0.9182412655069804,1.0311667276568897,-0.2937382947477376,0.9918409446778443,-0.7933351370609796,0.6445975237102585,-0.18690721430399143,0.49926071194589244,-0.4635454540316961,0.9916581460780419,0.50398298136286,-0.22991034699136118
0.6412825651302605,0.24562387633111732,0.0005971569501725383,241.7553240867806,1.039443509716889e-11,1.0997746414770466,-0.7149355390941134,-0.38483910238300395,-1.3768221002866845,0.9643150911926422,0.41250700909407073,1.1167287286912582,-0.7142479942366227,-0.402480734454706,-0.3888201583111453,0.9917783175085346,-0.7933753216907968,0.5971373270290827,-0.1862525162211128,0.49888276614865024,-0.558622724091619,0.9914712704389751,0.5000723684062598,-0.23222909053720597
0.6452905811623246,0.24562387632944477,0.0005971569500827927,243.2663105333944,-5.389811159872596e-11,0.255978674331004,0.8128747929045915,-1.0688534672356444,-0.4003153663878268,-0.9735812484824703,1.373896614870306,0.24642865751384546,0.8328540223192791,-1.0792826798331736,-0.39731564678589004,0.992625944004892,-0.7926934201880038,0.5650661631552006,-0.18561146737539985,0.4993280927220508,-0.3596102891819579,0.9979200477773948,0.5000013148914578,-0.23391964984762148
0.6492985971943888,0.24562387632881985,0.000597156950209923,244.7772969800122,-1.9419535706461866e-11,-1.0691727977919692,0.8121134732721527,0.2570593245198219,1.3289650260784243,-1.080705231738219,-0.2482597943402336,-1.0872685714120276,0.8138144116901117,0.2734541597219243,-0.42331983866560013,0.9952373833076795,-0.7906195610763063,0.5435803006446683,-0.1851231423243984,0.49881569791047237,-0.570337858188517,1.0013991061392005,0.5000000238908046,-0.2357962117420848
0.6533066132264529,0.2456238763285541,0.0005971569501849082,246.28828342662766,-2.6758545794763896e-11,-0.3837966329824252,-0.7157878871644998,1.0995845201496435,0.5591910832772793,0.8443846116256973,-1.403575694899872,-0.37640993785643867,-0.7355637709866016,1.1119737088450128,-0.45491014515313954,0.9974712821416876,-0.7888498852702062,0.5291893432142201,-0.1848313476585452,0.4992559701260811,-0.4341121814473175,1.0035306086923885,0.5000000004340819,-0.23789729935778414
0.657314629258517,0.24562387632909052,0.0005971569501600559,247.7992698732467,4.0684765905619507e-11,1.0232905175390328,-0.8976848217296902,-0.12560569580732334,-1.2621146083702188,1.1816501186041128,0.08046448976603107,1.042269357842723,-0.9017499351731799,-0.14051942266756062,-0.44544585135179354,1.0004856843971475,-0.786480760661318,0.5195505238739649,-0.18474288728700097,0.4992913127797744,-0.47923494017383933,1.008791548623076,0.500000000007887,-0.23959826216741875
0.6613226452905812,0.24562387633014934,0.0005971569501742484,249.3102563198624,2.257365576588599e-11,0.5061294397757377,0.6084710645827485,-1.1146005043565754,-0.7100749434794686,-0.7031201774243007,1.413195120903786,0.5010116368111509,0.6277609711997281,-1.1287726080089664,-0.47357240446326604,1.0034620526577211,-0.7841520385072112,0.5130946071769098,-0.18490648644525823,0.4993952322955624,-0.5223560482414712,1.0099951148567992,0.5000000000001432,-0.24171921823569165
0.6653306613226453,0.2456238763346701,0.0005971569500498943,250.8212427664812,8.179736803289455e-11,-0.9627835370770181,0.9704266082888607,-0.007643071209985978,1.177226266420101,-1.2657070708030096,0.08848080438288654,-0.9823742079823039,0.9767978054492249,0.0055764025349358745,-0.46992635907402264,1.0062136831859478,-0.7820086075089242,0.5087705443709625,-0.18529106156933414,0.49985443605581825,-0.44055748106227177,1.0137914638262546,0.5000000000000027,-0.24358502844284766
0.6693386773547093,0.24562387633265145,0.0005971569500130824,252.3322292130936,-1.7623447676664662e-11,-0.6212287276481994,-0.4924580664268531,1.1136867940768205,0.8508105314643825,0.5518068578730192,-1.4026173893374185,-0.6184529592726197,-0.5109863078571965,1.1294392671315838,-0.4678200721505729,1.0086888638904266,-0.7800880693058018,0.5371171263160885,-0.1859038776822126,0.5002100118729967,-0.41018237334624086,1.0109169150118253,0.6860203131334799,-0.24544332947892317
0.6733466933867734,0.24562387633118063,0.0005971569497931238,253.84321565971382,7.750218775588506e-11,0.8885165748785966,-1.0292991782110095,0.14078260333407275,-1.0755131474524107,1.3316746885221837,-0.25616154106975086,0.9084390824638265,-1.0378853966689798,0.12944631420681207,-0.38537746112743543,1.0088225412799656,-0.7799737802620639,0.5898916811553754,-0.18661019618693156,0.5010982674610935,-0.12957705187227114,1.0090251096005172,0.6997459977225778,-0.2463586904889258
0.6773547094188376,0.2456238763290277,0.0005971569502698403,255.35420210632554,-4.030142109513016e-11,0.7274495013543935,0.3694069281281351,-1.0968564294809047,-0.9793864481404392,-0.392607192603718,1.3719936407442355,0.7270554372608387,0.38690869906640557,-1.1139641363256596,-0.34564251123675094,1.008519848738727,-0.7802009688668151,0.6262329373662869,-0.1873149430201503,0.5005488295744436,-0.3863869230040183,1.0052134152503556,0.69999538492656,-0.2473823153740586
0.6813627254509017,0.2456238763295764,0.0005971569500752604,256.8651885529425,-2.678713414131926e-11,-0.8015511220280399,1.0734612204401766,-0.2719100984105909,0.9584290208694262,-1.3786102891300767,0.4201812682606247,-0.8215207382152189,1.0841397459100988,-0.2626190076933346,-0.34066714653995783,1.0061574693059727,-0.782037212216363,0.6505917464654281,-0.1879132559221301,0.5009851200589587,-0.22319966762351015,0.9992279892383271,0.6999999161468354,-0.24873243825658367
0.6853707414829658,0.2456238763344912,0.0005971569501874569,258.376174999563,7.692113570677693e-11,-0.8232737127779858,-0.2410763022919894,1.0643500150714535,1.093965183451758,0.2277964667375018,-1.3217616501892804,-0.8252669879003921,-0.2573014732585119,1.0825684611603823,-0.2935639821252738,1.003777208626382,-0.7838939735429029,0.666907189075897,-0.18830652092450717,0.5008412704550429,-0.2540777826505347,0.9983775587325908,0.6999999984764366,-0.24952050136764534
0.68937875751503,0.2456238763348252,0.0005971569502405946,259.8871614461771,2.383198045841317e-11,0.7031300326153733,-1.1022815347819572,0.39915150216796613,-0.8276471919612605,1.4058430249094214,-0.5781958329481418,0.7228613596678547,-1.1148997586392846,0.39203839897281173,-0.3033783605223833,1.0010784822020347,-0.7860121047524871,0.6778350000057027,-0.18850931904914922,0.5005580807939144,-0.3195224048851821,0.9929159700934331,0.6999999999723177,-0.25080715163064
0.6933867735470941,0.24562387633712168,0.0005971569500435703,261.3981478927967,1.0521879935457654e-10,0.9073318009880367,0.10930024564758276,-1.0166320466343024,-1.1929091124461089,-0.05973010469913612,1.2526392171452716,0.9116839296852622,0.12401692617312252,-1.0357008558570682,-0.28214014767915213,0.9978919521226307,-0.7885293782764604,0.6851542613456147,-0.18846452874809522,0.5006785418331651,-0.20020414544402854,0.9908694189795477,0.699999999999497,-0.25178278476344684
0.6973947895791582,0.24562387633544316,0.0005971569503155479,262.9091343394053,-8.643111027085733e-11,-0.5946599065275152,1.1153481967685954,-0.5206882902397926,0.6850367392887309,-1.41298364696216,0.7279469076734166,-0.6138709431060482,1.1297257746901561,-0.5158548315828195,-0.2732927887123808,0.9952453973434205,-0.7906261979153488,0.6900565776561379,-0.18818935470750386,0.5001730402651613,-0.30654634637261086,0.9883042813779037,0.6999999999999907,-0.25279019124823443
0.7014028056112224,0.245623876331355,0.000597156949624481,264.4201207860247,-8.812887682093688e-12,-0.9784224770560347,0.024037907864287465,0.9543845691929861,1.2748041785036248,-0.10918990492186996,-1.1656142735817796,-0.9850712496383011,0.011040044598581704,0.9740312050409577,-0.278099593046952,0.9923591452628935,-0.7929279304301714,0.6808713874876938,-0.1876902590405072,0.5000071295904389,-0.2656070842933655,0.987104897954772,0.5486701505756576,-0.25395241976769245
0.7054108216432865,0.24562387633424895,0.0005971569501399777,265.93110723264357,5.310146561505603e-11,0.4776910178359672,-1.1124745173636459,0.634783499528834,-0.5326358730341155,1.3999301836982376,-0.8672943106641114,0.4961072035308017,-1.1284059723133377,0.6322987687836911,-0.3280444650394959,0.9917892321858736,-0.7933723855242382,0.6246683599168377,-0.1870404836223318,0.498954729754957,-0.5941213618261751,0.9918303296007884,0.5008843087925791,-0.25562433013855407
0.7094188376753506,0.2456238763351348,0.000597156950112135,267.44209367925885,2.3650140234586425e-11,1.0355297140935156,-0.15703251721267125,-0.8784971968797518,-1.3384799992129508,0.27654939903797204,1.0619306001750064,1.0443801151959677,-0.14593923436940062,-0.8984408808254746,-0.404042948375244,0.9917560622617231,-0.7933903963447365,0.5835647647464473,-0.18637865605420426,0.49924722497860774,-0.4371749461521202,0.992893712516606,0.5000160673625245,-0.2578862569619098
0.7134268537074148,0.24562387633581662,0.0005971569501995954,268.9530801258769,6.577298822672195e-11,-0.3538950336352463,1.0937015066517164,-0.7398064730153986,0.37262265097471026,-1.366869114495953,0.9942464635212369,-0.37125316822358595,1.1109591482853614,-0.7397059800607033,-0.3970551625235978,0.9934823312669537,-0.7920122279236289,0.5559714163299351,-0.18577086136960244,0.49921080768135734,-0.4361454976783248,1.0002607880356216,0.5000002919343922,-0.25941985360525527
0.7174348697394789,0.24562387633533184,0.0005971569501455881,270.4640665724907,2.774013604550583e-12,-1.0778373038735523,0.287782840311191,0.7900544635634005,1.3830264442875049,-0.4399564863219403,-0.9430699579655917,-1.0887628432888052,0.27875268154417254,0.810010161745672,-0.44397740229725835,0.9960201747046313,-0.7899987434862503,0.5374887203967048,-0.18535491083237865,0.498956260611372,-0.5562737016564666,1.0013836318637113,0.5000000053042731,-0.26156367133176744
0.721442885771543,0.24562387633577376,0.0005971569502073108,271.97505301910945,6.268768350960747e-11,0.22504124436520445,-1.0592974979258198,0.834256253561581,-0.2072839720720669,1.3142729782793723,-1.1069890062073011,0.24109324722226103,-1.0776346788730904,0.8365414316517948,-0.4491875936764985,0.9983962574920594,-0.7881207899962162,0.5251093053965654,-0.1851253956224064,0.4994538124462854,-0.4029072736335655,1.0057088005005435,0.5000000000963755,-0.26342912334868823
0.7254509018036072,0.24562387633508667,0.0005971569502021211,273.48603946572206,-3.014951576366575e-11,1.104740627833719,-0.4144202174908953,-0.6903204103419188,-1.4078069096189005,0.5970757854557978,0.8107311241631319,1.1175851578590554,-0.40758223978485286,-0.7100029180732982,-0.4547789920506689,1.0016128782806453,-0.7855984493341065,0.5168177841616756,-0.18512476828372948,0.4992894328556925,-0.5353285243302247,1.0093193925859394,0.5000000000017513,-0.26527731589058007
0.7294589178356713,0.24562387633439345,0.0005971569502137211,274.99702591233904,-9.940118136963697e-12,-0.09297120783694504,1.0097541940486172,-0.9167829862107941,0.038982830882213666,-1.2428934814173698,1.203910650535184,-0.10748766642391358,1.028908842287615,-0.9214211758627984,-0.47694498895766196,1.0043525001483247,-0.7834565612314829,0.5112642647625367,-0.18536710538717688,0.49967486512708964,-0.47179626976003947,1.0109507931364619,0.5000000000000319,-0.2673791820402616
0.7334669338677354,0.24562387633369767,0.0005971569502489977,276.5080123589526,-8.082801414027519e-11,-1.1158551878349705,0.5351347700872883,0.5807204177486279,1.4124672390959905,-0.7456617770275201,-0.6668054620684886,-1.1304351364924092,0.5305867006894834,0.599848435803827,-0.46811982724952356,1.0072843959214688,-0.7811788030111203,0.5077010807245936,-0.18582990708069103,0.49993383121689916,-0.47403067373308677,1.01503861562221,0.5243071439940599,-0.2691828631149809
0.7374749498997996,0.24562387633272387,0.0005971569500605923,278.0189988055692,-7.455438523326323e-11,-0.040427556374505076,-0.9457796631858774,0.98620721956123,0.12987544712246063,1.153750768482023,-1.2836262156044893,-0.027654108097442884,-0.965478025603625,0.9931321337019156,-0.44966734323011986,1.0087572838488976,-0.7800306420444486,0.5584810395930155,-0.18649596654892037,0.5007335637897444,-0.25670284649240194,1.0088613442948728,0.6968077642487498,-0.2708668559025778
0.7414829659318637,0.2456238763367677,0.0005971569501568047,279.52998525219164,8.035754108314314e-11,1.1110221558041382,-0.6482012784967206,-0.4628208773066313,-1.396940857243711,0.883590915326387,0.5133499419173537,1.127129153910762,-0.6460081203157558,-0.4811210335942198,-0.35504362065851786,1.0087782004453292,-0.7800049352022196,0.6049818932897302,-0.1871974481884942,0.5009875822663933,-0.21074700925205914,1.0088579126084365,0.6999419989180047,-0.2715258995455079
0.7454909819639278,0.2456238763357627,0.0005971569501260427,281.04097169880515,5.976924645586599e-12,0.17324853775308197,0.8682882070729754,-1.041536744825287,-0.2968775691043209,-1.0481188481922912,1.3449964172966191,0.16240065624401856,0.8882487605753485,-1.0506494168185971,-0.35213841403289603,1.0077619215193838,-0.7807878719732936,0.6363542946610876,-0.18787707130553707,0.5006344268780327,-0.37919344948076367,1.0020433524989807,0.6999989461551499,-0.2728893489714232
0.749498997995992,0.24562387633286176,0.0005971569504225257,282.5519581454253,1.0053451312624852e-10,-1.0903105423115935,0.7520037811115365,0.33830676120081793,1.3614495671090527,-1.0088918777962201,-0.3525576893128597,-1.1077143836040735,0.7521968737182083,0.3555175098866262,-0.3202591031316033,1.0050984941412275,-0.7828630415797215,0.6573711166572677,-0.18839313800800625,0.5011420024139233,-0.17227087407320227,0.9989567347414797,0.6999999808522711,-0.2739444987815602
0.7535070140280561,0.24562387633182145,0.000597156950170044,284.0629445920468,2.2652269453061804e-10,-0.3035934778513092,-0.7783873155875449,1.081980793439567,0.459636765233558,0.9275073755669843,-1.3871441408005505,-0.2948262009082397,-0.7983247819082078,1.0931509828171597,-0.29367883517967447,1.0028378401873435,-0.7846287781112736,0.6714479001974745,-0.18871143450243458,0.5006629386584506,-0.3256837103390677,0.9965723619441318,0.6999999996520969,-0.27488207932488906
0.7575150300601202,0.24562387633069807,0.0005971569501851435,285.57393103866264,2.1387391355720218e-10,1.054016426033211,-0.8450587941528455,-0.2089576318797127,-1.3065007246889864,1.119773975710088,0.18672674897892438,1.0724683825366454,-0.8476353800378286,-0.22483300249816388,-0.3014790450852948,0.9997586990099306,-0.7870535098865052,0.68087629089225,-0.1888214450006466,0.5006972601200367,-0.25611592622465834,0.9914466382347787,0.6999999999936788,-0.2761648725867406
0.7615230460921844,0.24562387633336089,0.0005971569500570979,287.08491748527155,2.7152588400267172e-11,0.4295995241842761,0.6773618584873774,-1.1069613826710178,-0.6158269254569979,-0.7936401460294106,1.4094670714864208,0.4230381476430344,0.6969913006103351,-1.1200294482527338,-0.2728497670905753,0.9968115398383651,-0.7893841738251819,0.6871912660675773,-0.1886783673852786,0.5005474967819961,-0.232509898314378,0.9903689765531023,0.699999999999885,-0.27702856331564757
0.7655310621242485,0.24562387633871335,0.0005971569500791933,288.5959039318819,-1.2039419382427958e-10,-1.0026584709937425,0.9260363605156116,0.07662211047876688,1.2328795971854618,-1.214652452199836,-0.018227144985654233,-1.021894839154133,0.9309596227885253,0.09093521636624315,-0.27844115640901257,0.9940790404121518,-0.7915549128644055,0.6914209286491811,-0.18831667478507397,0.500111009633643,-0.30539795099447314,0.9865390967798444,0.6999999999999978,-0.27817945942844535
0.7695390781563125,0.24562387633694238,0.0005971569500845422,290.10689037850045,-6.287643849895632e-11,-0.5494657844857705,-0.5666556269622873,1.1161214114486557,0.7632157513820123,0.6484303118590162,-1.4116460632410448,-0.5452040851471842,-0.5856965009385181,1.1309005860863002,-0.2815175683967086,0.9917604741191896,-0.7934028971668461,0.6596823470160111,-0.1877314031329236,0.4997106421102006,-0.35542123554093624,0.9901101241091771,0.5112697175129723,-0.27932918306315246
0.7735470941883766,0.24562387633414642,0.000597156950123551,291.6178768251176,-3.913004324432433e-11,0.9369706678474304,-0.9937791484083773,0.05680848056148843,-1.1416382947024957,1.2921712559626644,-0.15053296126014398,0.9567165070295639,-1.0009787111859787,0.04426220415695636,-0.3671787665377917,0.9916512684114054,-0.793479273732738,0.6077684548400053,-0.18706470118976304,0.498879128627275,-0.6138056671915875,0.9912021442843741,0.5002047640403244,-0.2814597221811873
0.7775551102204408,0.24562387633381602,0.0005971569503077757,293.12886327173254,-7.514648190375095e-11,0.6614791767018559,0.4478508613613674,-1.109330038062703,-0.8996968399453786,-0.49395322754127396,1.3936500674866714,0.6595780620164061,0.4660310378046535,-1.1256090998205386,-0.4023455566635626,0.9919855103405518,-0.7932051916475323,0.5721962967374243,-0.1863976594703897,0.49944294552235297,-0.3588400213122646,0.9955471560177501,0.5000037204413172,-0.2833964072851687
0.7815631262525049,0.2456238763323632,0.000597156950186686,294.6398497183525,1.4147301977488232e-11,-0.8578918583515439,1.0473190320137584,-0.189427173661685,1.0340809301898672,-1.3512226058533403,0.31714167566345175,-0.8778649721712753,1.0566920068173893,-0.17882703464558514,-0.40933400205912973,0.9943805512341524,-0.7912995393288651,0.5483561165772232,-0.18584238013768245,0.4989945966113362,-0.5315062164677656,1.0011298107862632,0.5000000675982373,-0.28506733882920554
0.785571142284569,0.2456238763321096,0.0005971569503102959,296.1508361649693,2.6683150706408082e-11,-0.7640388273402994,-0.3226454917414444,1.086684319082248,1.0233196239960478,0.3324166532562005,-1.3557362772522679,-0.764525466887235,-0.3397051428859594,1.1042306097736978,-0.454849172794946,0.9966894251323292,-0.7894683124622377,0.5323881063698205,-0.18548867849700051,0.4991826097003251,-0.4861033422818599,1.002120387577778,0.50000000122822,-0.287268174369243
0.7895791583166332,0.24562387633158297,0.0005971569501888035,297.66182261158673,5.461763519085246e-11,0.7665522010107533,-1.0858908083307783,0.3193386073204776,-0.9117446533587517,1.3909625106027077,-0.4792178572439383,0.7864671370955989,-1.0973032370689917,0.3108360999738451,-0.4445815741046065,0.9994307549662351,-0.7873082591814634,0.5216930008918185,-0.18532502828098432,0.49943912877458435,-0.4345613907562623,1.007627674444119,0.500000000022316,-0.28897359948765655
0.7935871743486973,0.24562387633115737,0.0005971569501675818,299.1728090582027,4.675455297312232e-11,0.8556789658882272,0.19282892484216488,-1.0485078907299628,-1.1323172994825552,-0.16612923437285285,1.2984465338554338,0.8585464055887331,0.20852423829349745,-1.0670706438818003,-0.46712723032078696,1.0025707201071745,-0.7848490520951666,0.514529601713653,-0.18540933511588978,0.4993512351612441,-0.5451238701684484,1.0094546520524355,0.5000000000004055,-0.29101300666254276
0.7975951903807614,0.2456238763316467,0.000597156950135739,300.68379550481654,-1.0052750519305641e-11,-0.6642571075506044,1.1089432170216988,-0.44468610947060166,0.7763778752427347,-1.4108230149971026,0.6344451397541888,-0.6838292464318295,1.122231996364461,-0.43840274993211115,-0.47372865084323723,1.0052470800569049,-0.7827597146607802,0.5097316792170661,-0.18572174420046145,0.49985395748038036,-0.43955723820966397,1.0124024789656991,0.5000000000000073,-0.2929812617687986
0.8016032064128256,0.24562387633195037,0.0005971569498482562,302.19478195143364,1.1281754077502841e-11,-0.9350898766363346,-0.060256476266419536,0.9953463529032697,1.2251320717524274,-0.0025324747354768186,-1.2225995970169548,-0.9402971357856574,-0.07436313743651544,1.0146602732226762,-0.4704048641259306,1.008132699618314,-0.780521023102312,0.5216128509048704,-0.18626227766360817,0.500030695512924,-0.47838027361860735,1.0129574773020171,0.6595553017155201,-0.29483088849314865
0.8056112224448897,0.2456238763357999,0.0005971569500094955,303.7057683980475,-5.317827223579947e-11,0.5524685600465348,-1.1161467923531974,0.5636782323071218,-0.6299152340625859,1.410520274762167,-0.7806050406995705,0.5714181814987479,-1.1311220049166935,0.5597038234184045,-0.41430128910119596,1.0086279467187922,-0.7801267326802961,0.5775910756039415,-0.18694731078986251,0.5010871591154279,-0.14156853087165747,1.0085033126165364,0.6992651433646639,-0.2960854238106932
0.8096192384769538,0.2456238763322178,0.0005971569501989753,305.21675484466255,-8.564632695914047e-11,1.001136633891246,-0.07317714668906002,-0.9279594872017564,-1.3004374593029997,0.17115799096498646,1.1292794683380398,1.0086092896051362,-0.06086074912840173,-0.9477485404763049,-0.34399121953992795,1.008582049103804,-0.7801540545071199,0.6179593871626142,-0.18764008256702383,0.5007173926477664,-0.33110535968579685,1.0070840229201163,0.6999866481008666,-0.2968630802304893
0.813627254509018,0.24562387633132937,0.0005971569503216813,306.7277412912726,-2.4367341087206404e-10,-0.432784214815076,1.1073985671815454,-0.6746143523660307,0.4744499341711203,-1.3900585795730838,0.9156086454019537,-0.450840489645331,1.1238461794463863,-0.6730056898006156,-0.35041859271027137,1.0067067999297648,-0.7816084818474565,0.6450496312032217,-0.1882683784572205,0.500854717496869,-0.2934159328253651,0.9997675124085118,0.6999997574038308,-0.2983266399082537
0.8176352705410821,0.24562387633622346,0.000597156950159841,308.2387277378949,-9.772097850752673e-11,-1.052875339579562,0.2055649385388585,0.8473104010411363,1.3571572454988576,-0.33733735370047535,-1.0198198917984103,-1.062506596425276,0.195214826795239,0.8672917696304698,-0.3012966252810064,1.0041521804308602,-0.7836012706524473,0.6631951633799986,-0.1886985379058838,0.5010381524854254,-0.2006910265488873,0.9987552735670446,0.6999999955921676,-0.29914782114303884
0.8216432865731462,0.24562387633601523,0.0005971569503024346,309.74971418452037,1.3159954861258314e-10,0.3069146035925143,-1.082823615597909,0.7759090120057807,-0.3122038934679111,1.349730450190535,-1.0375265567226168,0.3238194771714542,-1.100508574513817,0.776689097342749,-0.30019862186873997,1.0017211199148182,-0.7855054547693021,0.675348748347125,-0.18894021736109687,0.5005630115131495,-0.34495003149189274,0.9942083317829271,0.6999999999199122,-0.3003208587798998
0.8256513026052104,0.24562387633573765,0.000597156950178632,311.2607006311321,1.8428782433861617e-11,1.08956650814215,-0.3350148287312704,-0.7545516794105259,-1.3944807433009967,0.49869554629071366,0.8957851970103102,1.101218718803437,-0.3267789277407614,-0.7744397910623223,-0.2914790472467306,0.998477530896582,-0.7880660644995331,0.6834890124182368,-0.18894844025028582,0.5007450055536214,-0.2067603727919087,0.9908183644521754,0.6999999999985448,-0.3014389623631922
0.8296593186372745,0.245623876338004,0.0005971569503015456,312.7716870777486,2.599941211918941e-11,-0.1766586090638368,1.0427731069522832,-0.8661144978880834,0.1454958736739219,-1.2901121604277233,1.1446162867537988,-0.19217047983036786,1.0614426551526834,-0.8692721753219523,-0.27094908182523864,0.9957671417164765,-0.7902117964921772,0.6889412223496619,-0.18871447709379469,0.500322540115738,-0.28258331139570936,0.9892312788147656,0.6999999999999735,-0.30234621009539825
0.8336673346693386,0.2456238763322185,0.0005971569498414736,314.2826735243667,6.965658459383336e-11,-1.1106857492197673,0.4596767330304469,0.651009016189687,1.4118745249211357,-0.6529264498227078,-0.7589480750984561,-1.1241923798807723,0.45367274971629146,0.6705196301648472,-0.27995357163357604,0.9928579813550424,-0.7925298798701633,0.6915626368008853,-0.18826203959752819,0.5000867962838548,-0.2706560243995212,0.985347601626822,0.6420641784628363,-0.30354378616344346
0.8376753507014028,0.2456238763350407,0.0005971569500572968,315.7936599709761,-1.0474700991958815e-10,0.04387784049656116,-0.9878194648401478,0.9439416243439128,0.023291550396878694,1.212055816214544,-1.2353473666114234,0.05777501515791796,-1.0072067801765952,0.9494317650190027,-0.30242730521781747,0.9915809488745982,-0.7935419723305697,0.6385910439814687,-0.1876157599930582,0.4992296664155833,-0.5088309918624524,0.9916411081504716,0.5025812245928832,-0.3049035295450194
0.8416833667334669,0.24562387633486374,0.0005971569502668308,317.304646417594,-6.383290498146281e-11,1.1159313017820658,-0.577769035274749,-0.538162266507027,-1.4090900828503807,0.7978258636755111,0.6112642191749006,1.1310993171852999,-0.5740827728051459,-0.557016544379865,-0.395685595524866,0.9915085298366995,-0.7935904080155587,0.5930128001374695,-0.18693961412443608,0.49905297102925333,-0.525388099256064,0.9914607737169016,0.5000468993245913,-0.30724672322762175
0.845691382765531,0.2456238763367273,0.0005971569501295133,318.8156328642098,-7.945067081328065e-11,0.08953002207950132,0.9187480625459572,-1.0082780846251629,-0.19174608976984653,-1.1166769602726874,1.3084230500425362,0.0774461609666781,0.9385760642703086,-1.016022225236691,-0.39646510815246583,0.9926032714885145,-0.7927119552996602,0.5623017814426939,-0.18628589698411535,0.49937268459592576,-0.3749792961383334,0.9984694158288847,0.5000008521326963,-0.3088636545213174
0.8496993987975952,0.2456238763369014,0.000597156950320144,320.3266193108271,-5.438100177654051e-11,-1.1052281196418052,0.6876039443277042,0.4176241753144067,1.3861671270412967,-0.931322865101853,-0.4548442619394702,-1.1218407422402648,0.6862880887783667,0.43555265346220434,-0.4300546631877137,0.9952289498845815,-0.7906265507012189,0.541728731455086,-0.1857988645219476,0.49888869716345563,-0.574955931923943,1.0011074253148653,0.5000000154827487,-0.31083077369535345
0.8537074148296593,0.245623876336569,0.0005971569502383558,321.8376057574458,9.371974314792789e-13,-0.22165833489858872,-0.8365460686973928,1.0582044035962568,0.35746022529555044,1.0053387442099093,-1.3627989695054674,-0.21156048764729718,-0.8565313782570566,1.0680918659046292,-0.45405128272115475,0.9974701163382097,-0.7888511314961452,0.527949193165887,-0.1855047899992716,0.4993761347483623,-0.41898967661515973,1.0038717290516022,0.5000000002813123,-0.31286941267986396
0.8577154308617234,0.2456238763374324,0.000597156950341313,323.3485922040644,5.732280871268802e-11,1.078729193933144,-0.7876117251568134,-0.2911174687760953,-1.3434332918287408,1.0515095469718956,0.29192374485687583,1.0965489988904338,-0.7886850833478962,-0.3078639155423019,-0.44767814069760165,1.0005692185775825,-0.7864160459403383,0.5187198925276956,-0.1854209776937333,0.4993236389020393,-0.4984903485173538,1.0087710373476935,0.5000000000051112,-0.31459940347509446
0.8617234468937875,0.2456238763367767,0.000597156950267685,324.85957865068184,8.993243489295824e-11,0.35061874038205126,0.7423882954724834,-1.093007035854295,-0.5180655961959886,-0.8796323929547749,1.3976979891507746,0.34265122422255645,0.7622452865507758,-1.1048965107730924,-0.47566517941174113,1.0034680826413558,-0.7841472424242404,0.512538264478553,-0.18558796991423399,0.49950805878555565,-0.5087411586558575,1.0099478123423196,0.5000000000000929,-0.31673255615701024
0.8657314629258517,0.2456238763362501,0.0005971569502649082,326.3705650972986,1.0265950580408089e-10,-1.036813250237235,0.8763630870596449,0.16045016317784785,1.2814993292316839,-1.1566682239852344,-0.12483110524647906,-1.055585559248542,0.8798103184010814,0.17577524084771876,-0.4691709910880823,1.006267621153183,-0.7819670854566256,0.508397915527271,-0.18597445034170668,0.4999123641529951,-0.4475038088892498,1.0139621009596194,0.5000000000000017,-0.3185690065303921
0.8697394789579158,0.24562387633672922,0.000597156950182319,327.8815515439115,1.826795158205752e-11,-0.47456816248803946,-0.6376204383600043,1.1121886008482784,0.6712668607075063,0.7413544886081049,-1.4126213493156257,-0.4688448463776536,-0.6570653184200373,1.1259101647979268,-0.4651531097138574,1.008501009493047,-0.7802321237782848,0.5431860270462322,-0.18658573317091923,0.5003732190855987,-0.3711067246323796,1.0099222021541614,0.6907220350832685,-0.32040855352549547
0.8737474949899798,0.24562387633674362,0.0005971569498386518,329.3925379905304,8.829322094031448e-11,0.9800793897344022,-0.9525896538261055,-0.02748973590809904,-1.2012504526590861,1.2452960488965785,-0.044045596237463444,0.9995359143075594,-0.958361492056565,-0.041174422250798204,-0.37559789193243526,1.0085699813064617,-0.7801681839863954,0.5942969390393085,-0.18727176742943388,0.5011121092793911,-0.14249126078034097,1.0088604911206633,0.6998314246516845,-0.3212188555641218
0.877755511022044,0.24562387633716415,0.0005971569502369618,330.90352443713977,-8.465497597739497e-11,0.5917351503756948,0.5237398316311921,-1.1154749820066907,-0.8148745122953854,-0.592481287674978,1.4073557999703812,0.5883378310788847,0.5424946986634227,-1.1308325297421113,-0.34780312689056386,1.0081083973431093,-0.780519184255467,0.6291896889444691,-0.18795243063241984,0.5005604671015493,-0.39521200712923826,1.0040737539663402,0.6999969370861193,-0.32234918431428766
0.8817635270541081,0.24562387633684893,0.000597156950171362,332.4145108837586,-2.2395272401947603e-11,-0.9093383552375369,1.0152019305070488,-0.10586357526929394,1.1038334499877396,-1.3161262552718147,0.2122928052840529,-0.9292010227720133,1.0232158821918749,-0.09401485941964294,-0.33580612024448236,1.0056152330707846,-0.7824595540943976,0.6525722405840916,-0.18850987716710924,0.501057354263225,-0.2018262595789398,0.9988483111802836,0.6999999443486904,-0.32362699812266255
0.8857715430861722,0.24562387633723737,0.000597156950349385,333.9254973303743,-4.116101786281321e-11,-0.7004451371687087,-0.40237400191916645,1.1028191390880795,0.9468360842131256,0.4351404191789938,-1.3819765033921392,-0.6994223691741861,-0.42017081277806007,1.1195931819524507,-0.29268260976836447,1.0032946287930367,-0.7842710435495087,0.6682336922761701,-0.18886302780479394,0.5007894428292572,-0.2767758033629908,0.9977524638366165,0.6999999989888488,-0.3244373780793794
0.8897795591182364,0.24562387633657504,0.0005971569502740292,335.43648377699316,2.275666205560699e-11,0.8256012134879882,-1.0633051121257229,0.23770389863789876,-0.990640648907621,1.3681466073593562,-0.3775059584517148,0.8455861507088722,-1.0734466445179676,0.2278604938092586,-0.304005404442813,1.0004845101598798,-0.7864797756122044,0.6787234692441951,-0.18902261595508232,0.500592396115346,-0.3038584246889404,0.9921905798926586,0.699999999981628,-0.32574459571408154
0.8937875751503005,0.24562387633717608,0.0005971569503465866,336.94747022361133,6.731850662895997e-11,0.7991444840965681,0.275257516880541,-1.074402000976951,-1.0652656393604458,-0.27158060393476946,1.3368462432952357,0.8005108848148978,0.2918419228163894,-1.0923528076311306,-0.2791751959249862,0.9973546177508635,-0.7889543002484545,0.6857493428751449,-0.18893144197440082,0.5006483090952452,-0.20513125671124574,0.990557762704323,0.6999999999996661,-0.3266759304074794
0.8977955911823646,0.24562387633687754,0.0005971569502968982,338.4584566702285,8.900069719235541e-11,-0.7300647240860375,1.0962117217773202,-0.3661469976911015,0.8632897867865533,-1.40061364838489,0.5373238615983176,-0.7498863103765431,1.1083358949390405,-0.3584495845623147,-0.2749584859840435,0.9947069229491737,-0.7910543371372074,0.6904551531073299,-0.18861435316145117,0.5001357330630344,-0.3108153772351393,0.9875931146283815,0.6999999999999938,-0.32772790464712004
0.9018036072144288,0.2456238763373815,0.000597156949850793,339.9694431168468,1.3960334086109947e-10,-0.8864226000724057,-0.14420710056478367,1.0306297006373701,1.1684706044826623,0.10413940773496541,-1.2726100122176502,-0.8901586417811934,-0.159342079526785,1.0495007213081584,-0.27802178960838164,0.9919143497380318,-0.7932827084571564,0.675427838324545,-0.18807194538226576,0.49994077654442254,-0.2786639655332662,0.9877299481798871,0.5327909097150817,-0.32887526589682486
0.9058116232464929,0.24562387633850447,0.0005971569499212907,341.48042956346546,1.9859315297784121e-10,0.624094285366867,-1.1134514795382253,0.48935719417149975,-0.7236009421598065,1.4130633815700253,-0.6894624394102042,0.643469234091653,-1.1273850174295497,0.4839157833380379,-0.3389143614917567,0.9915358706926803,-0.7935740691040841,0.619872682769696,-0.187397991009811,0.49888331042546197,-0.6120971242887289,0.9914472202493801,0.5005957917700455,-0.3306792040584569
0.909819639278557,0.24562387633889207,0.0005971569501969894,342.9914160100711,-6.886626588129247e-11,0.9610321004505428,0.011095696126702373,-0.9721277965771142,-1.254975981408779,0.06479013714650629,1.190185844262298,0.9670843863826964,0.02456494414734841,-0.9916493305299149,-0.4049882574273437,0.9915624381772917,-0.793544689206515,0.5803318129821676,-0.1867159795984786,0.49929713497296596,-0.40869695953512725,0.9933020241556663,0.5000108251739913,-0.33287091262708823
0.9138276553106212,0.24562387633737293,0.0005971569503431507,344.5024024566838,-1.596707103896722e-10,-0.5092043681933044,1.1147779310415504,-0.6055735628480928,0.573570493223435,-1.4053177931692353,0.8317472999457892,-0.5278557754623874,1.1303216934551465,-0.6024659179926051,-0.3992412182122037,0.9935071442148963,-0.7919932288510686,0.5538056608814061,-0.1861027813137832,0.4991233020833537,-0.46332934947471854,1.000427307782441,0.5000001966869925,-0.33441507950901117
0.9178356713426853,0.24562387633457977,0.000597156950266368,346.0133889033034,-8.001643543690456e-11,-1.0219066900211848,0.12217428267759364,0.8997324073437494,1.3235454317368482,-0.2327937041987704,-1.0907517275381042,-1.0301887229863675,0.11056326860608467,0.9196254543804412,-0.4482267151384143,0.9959885769968437,-0.7900238634400613,0.5360381274699267,-0.1856871263682595,0.49898032048784213,-0.540943399162992,1.0012790637941307,0.5000000035736856,-0.3365991786116952
0.9218436873747494,0.24562387633317775,0.0005971569502902506,347.52437534991606,-1.7450451190538562e-10,0.38703699952703474,-1.1001721775418116,0.7131351780149008,-0.41534267545457293,1.3774876454654172,-0.9621449700108369,0.4046983011120325,-1.1171040178649914,0.712405716753083,-0.44759956855957556,0.9984527264227605,-0.7880770371245184,0.5241377228901686,-0.18545745292731292,0.4994330434894329,-0.40585268102713534,1.0060804265409466,0.5000000000649317,-0.3384078912122181
0.9258517034068136,0.24562387633232213,0.0005971569502397723,349.03536179655015,2.6713163799387526e-10,1.0681763667824664,-0.25369816541226947,-0.8144782013700934,-1.3731990017077158,0.39747022716240255,0.9757287745453419,1.0785697815819932,-0.24411133010797947,-0.8344584514739096,-0.4581941602985136,1.0016791946749997,-0.7855470056079085,0.516167034781427,-0.18546334502096054,0.4992592524212872,-0.5433243501018514,1.0091681240438586,0.5000000000011798,-0.34030986503843397
0.9298597194388777,0.2456238763330664,0.0005971569503977933,350.54634824315883,7.5816650895731e-11,-0.25933816470628623,1.06984295062557,-0.8105047859191528,0.25117885259394734,-1.3299706959753086,1.0787918433813541,-0.27575694972093534,1.087920883645073,-0.8121639339240063,-0.4766662588415001,1.0043856774099447,-0.7834308051834246,0.5108284039354943,-0.1857086078615664,0.4996953516855846,-0.46003602661726894,1.011113731299263,0.5000000000000214,-0.34238343346545225
0.9338677354709418,0.24562387632866237,0.0005971569525422815,352.0573346897958,5.861316579654369e-10,-1.099179903076264,0.38159626389148843,0.7175836391849186,1.4032270051071734,-0.5564661508869412,-0.8467608542202611,-1.111536098486046,0.3741705897951172,0.7373655086910723,-0.4686592353710599,1.0073573050551887,-0.7811226668047897,0.5096811819807446,-0.186176474735074,0.4999016036744543,-0.4837864135133737,1.0146581286905023,0.5837228410425965,-0.3441924960180676
0.937875751503006,0.24562387633699503,0.0005971569504787025,353.5683211364294,1.0228943030239735e-9,0.1279329189041091,-1.024223717892653,0.8962907989886569,-0.08342523086397716,1.263445994305669,-1.1800207634416906,0.142874524725982,-1.0431893675372133,0.9003148428113443,-0.4410751384904738,1.0085251262135049,-0.7802091290563505,0.5641090630749565,-0.18683453516338513,0.5008146467167195,-0.21619371696549888,1.0084274786205025,0.6978873149502566,-0.3457758552573201
0.9418837675350701,0.24562387633305974,0.0005971569498573202,355.0793075830396,8.670831762274849e-10,1.114474046237862,-0.5040406076565662,-0.610433438581208,-1.4132004258898183,0.7075092067862435,0.7056912191036024,1.1286165528321352,-0.4988822818836597,-0.6297342709483877,-0.35004252310009143,1.0085488631302257,-0.7801815847933807,0.6088296084409215,-0.18751782283127455,0.5008689160421865,-0.24494660372391153,1.0083481334468074,0.6999616137174546,-0.3464329003484699
0.9458917835671342,0.2456238763344695,0.0005971569499364501,356.59029402963023,2.2468464534678193e-10,0.005300734472462029,0.9639664278707377,-0.9692671623430931,-0.0855207041762874,-1.1788643771478435,1.2643850813241335,-0.007950165121314676,0.9835487568669034,-0.9755985917454829,-0.352881774951944,1.0072958229400242,-0.7811496470418315,0.6389328487388358,-0.18817012111327094,0.5006398750936861,-0.3603912352729498,1.001108551715053,0.6999993025450676,-0.3478541480311334
0.9498997995991983,0.24562387633940402,0.0005971569498655812,358.1012804762436,1.4518410540545374e-10,-1.1138403485990003,0.6192813107779612,0.4945590378211627,1.4029765844869102,-0.8484406462524279,-0.5545359382345106,-1.1295669810403983,0.6164640176628877,0.5131029633776351,-0.3143773227291657,1.0046380314693635,-0.7832220551922742,0.659098213959227,-0.1886468892228576,0.501086537762022,-0.17286235891940982,0.9987696984275065,0.6999999873276372,-0.34882870721013637
0.9539078156312625,0.24562387633304916,0.0005971569498921109,359.61226692284254,-2.911572071968422e-10,-0.13845862860013725,-0.8899323176935104,1.0283909462937482,0.2532443848308656,1.0774346475760272,-1.3306790324068984,-0.1270878190173643,-0.9098514491188918,1.0369392681363554,-0.2952753827013906,1.0023658763772725,-0.7849985290387983,0.6726046809621362,-0.18892966919283682,0.5005721693972496,-0.3374281360289783,0.9957687532420337,0.6999999997697508,-0.3498320396702389
0.9579158316633266,0.24562387633333083,0.0005971569495859403,361.12325336941586,-1.3675226031151484e-9,1.097287829806357,-0.7256713496927981,-0.3716164801134894,-1.3727016124819804,0.9772462963680228,0.39545531611398493,1.114373816257305,-0.7252353459388693,-0.38913847031836607,-0.29933362987462875,0.9992203120359343,-0.7874783663198495,0.6816510829113681,-0.1889977626288955,0.5006712443393303,-0.23903806327442467,0.9910479857333393,0.6999999999958164,-0.35107999502485027
0.9619238476953907,0.2456238763337326,0.0005971569506398788,362.63423981605735,-7.354792164628185e-10,0.26963769715715324,0.8031794339279518,-1.0728171310850216,-0.4173487132225387,-0.960606401214336,1.3779551144368853,0.26030948790972197,0.8231506930467579,-1.0834601809563973,-0.2715796612315621,0.9963554264258185,-0.7897453069831859,0.687710208538,-0.18881509214640882,0.5004352699063425,-0.24650750234544405,0.9899718944273074,0.699999999999924,-0.3519410732365815
0.9659318637274549,0.24562387633254257,0.0005971569503760157,364.14522626266955,-8.401606126286659e-10,-1.0650530664628115,0.8216902157816879,0.24336285068122956,1.322808202556138,-1.0920852828231171,-0.23072291973304893,-1.0832542142546362,0.8236417364386557,0.25961247781608604,-0.2793975236980447,0.9935821925162995,-0.7919509905771608,0.6917685074575817,-0.18841561633664444,0.5000484133030958,-0.29792099351040136,0.9859585706056102,0.6999999999999985,-0.3531171907542774
0.969939879759519,0.24562387633239213,0.000597156950689137,365.65621270931075,-2.1988576392705463e-10,-0.39696314174544334,-0.704947640116744,1.101910781862276,0.5754883793440247,0.8300492555956913,-1.4055376349397286,-0.3898108536946716,-0.7246855869096238,1.1144964406043834,-0.2852095354201609,0.9915254097350609,-0.7935895715449586,0.6537723788616562,-0.18779767444374157,0.4995291891812421,-0.3956627210746584,0.9905957183123841,0.5075461140874765,-0.35429601636711927
0.9739478957915831,0.24562387633734004,0.0005971569511142705,367.1671991559533,4.3524898304717655e-10,1.017596765953531,-0.9059656399055126,-0.11163112604796292,-1.2540094541357973,1.1913163849790085,0.06269306915681497,1.03665293391619,-0.9102767856200684,-0.12637614829606608,-0.37663487857293787,0.991456010497655,-0.7936345587096025,0.6035404645591429,-0.18711583785679475,0.4988508160993061,-0.5981225676605751,0.9909960688629463,0.5001371085682638,-0.35651991416505907
0.9779559118236472,0.24562387633775423,0.0005971569503375549,368.6781856025623,2.566426772085498e-10,0.5186152632802552,0.5966408637756875,-1.1152561270558805,-0.7254032909696908,-0.6876292333726174,1.4130325243423232,0.5137411210048232,0.6158634172748899,-1.129604538279651,-0.4005039217743759,0.9919728570815192,-0.7932151213519492,0.5693595626584724,-0.18643828685081806,0.4993943521621956,-0.35322683428866497,0.9962497303487907,0.5000024911813924,-0.3583555385571842
0.9819639278557113,0.2456238763415073,0.0005971569499555647,370.1891720491749,1.6125862436576322e-10,-0.95559710994511,0.9772931315849006,-0.021696021639701808,1.1672886345738602,-1.2735214400652097,0.10623280549132608,-0.9752360091086991,0.9839023371485885,-0.008666328039799834,-0.41454681769784957,0.99448503793541,-0.7912170062094338,0.5464560315158896,-0.1858893884558171,0.4988913775700175,-0.5508761722733888,1.0010486344038239,0.5000000452633375,-0.36010122267593636
0.9859719438877754,0.245623876332056,0.0005971569502709789,371.70015849577993,-1.214554654458175e-10,-0.6328554100333935,-0.4798069735825139,1.1126623836159846,0.8649508257429878,0.5353817084912832,-1.40033253423429,-0.6303290683056547,-0.4982394073194702,1.1285684756252023,-0.4556600699044514,0.9967548507500794,-0.7894166320888755,0.5311154602060781,-0.1855412571387099,0.4991882823420959,-0.46466821275425124,1.0023930698187578,0.5000000008224066,-0.3622755173750795
0.9899799599198396,0.24562387633303356,0.0005971569501831602,373.2111449424083,1.807970902412812e-10,0.8799401946391424,-1.0346532872500858,0.1547130926109877,-1.0638850525646002,1.337525447870907,-0.2736403953062845,0.899881114687362,-1.043466063516348,0.14358494882902959,-0.44449677274390437,0.9996122541995999,-0.7871664309326775,0.5208406041856929,-0.18538779412371234,0.49935486596912165,-0.4508966293534607,1.0079212691974937,0.5000000000149427,-0.36396763393968523
0.9939879759519037,0.245623876332135,0.0005971569500395716,374.72213138901947,4.5855908133165507e-11,0.7380508923060408,0.3561157668963423,-1.0941666592021915,-0.9921366587891154,-0.3754825917642203,1.3676192505533915,0.7379084620035569,0.3734946524095831,-1.1114031144129475,-0.47007458004010416,1.0027002126551912,-0.7847479076331146,0.5139586809479678,-0.18548534518263537,0.49932981299717344,-0.5388176601512864,1.009425929070439,0.5000000000002714,-0.3660470188265569
0.9979959919839678,0.2456238763342709,0.0005971569487380772,376.2331178356005,-8.336169618871841e-10,-0.791707329730514,1.0772263564997113,-0.2855190267689836,0.9452766551609562,-1.3824138598580873,0.43713720469711137,-0.8116652961791457,1.0881167702509034,-0.27645147407154447,-0.4723203893986452,1.0054006565673375,-0.7826405437672902,0.5093492862335652,-0.1858080672881502,0.49982558395548354,-0.43745163754147964,1.0127437774924508,0.500000000000005,-0.36797344950515243
1.002004008016032,0.24562387633516242,0.0005971569501190667,377.7441042822294,-5.207994121558667e-10,-0.8326982847499754,-0.22733501548934648,1.060033300239526,1.1051430156235404,0.2102171718176663,-1.3153601874412282,-0.8349417829591631,-0.2434119742449617,1.0783537572043294,-0.47034787464019273,1.0081738770377482,-0.7804884430226896,0.5273408848371985,-0.18636057443152554,0.5000449896111485,-0.4596175969884938,1.0119625523558236,0.6729549608938744,-0.36983547210365675
1.006012024048096,0.24562387633656932,0.0005971569492199151,379.2550907288271,-9.896929672934073e-10,0.6921595553098587,-1.1044039410597213,0.4122443857500267,-0.8131585128882641,1.4075450023972162,-0.594386489508935,0.711849298540892,-1.117216301373365,0.4053670028326366,-0.4032407589902409,1.0084997371733295,-0.7802250347229129,0.5823977704328835,-0.1870385503287648,0.5010735325698801,-0.1290222998228879,1.0085083032710902,0.6995086070116245,-0.3709550402252937
1.0100200400801602,0.24562387633489366,0.0005971569505085841,380.76607717546267,-5.052798236539553e-10,0.9154448878907682,0.09530523574599335,-1.010750123636611,-1.2023548505568236,-0.0419473561708847,1.2443022067277332,0.9200422657514149,0.1098504935649175,-1.0298927593161813,-0.34398864213738234,1.00838968899585,-0.7803023854807846,0.6211964564486557,-0.18772088071514306,0.5005998596089708,-0.3573661490648906,1.0062564870211061,0.6999910716913967,-0.3718170710142829
1.0140280561122244,0.24562387633240393,0.0005971569503879878,382.27706362208716,-3.012025317697215e-10,-0.5827195226808511,1.115797516379911,-0.5330779936988869,0.6694188415518582,-1.4125596836854695,0.7431408421335979,-0.6018596542615887,1.1303487443189888,-0.5284890900572269,-0.347575947283054,1.0063131150436837,-0.7819150436920002,0.6472180852291186,-0.18832394785683423,0.5008658651761208,-0.2654541181461462,0.9993112001006441,0.699999837777815,-0.37325415149035585
1.0180360721442885,0.2456238763327464,0.0005971569506094061,383.7880500686791,-9.065223963996626e-10,-0.9851081234397597,0.03808663521450658,0.9470214882254265,1.282382840636893,-0.12692196450244259,-1.1554608761344765,-0.9919936686391084,0.02528095094251353,0.9667127176967683,-0.29765439180196934,1.0038302529923635,-0.7838525235802116,0.6646475626945269,-0.18872503740469931,0.5009242294609355,-0.21915624119946137,0.9985150555792079,0.6999999970525187,-0.37404722041997474
1.0220440881763526,0.2456238763329217,0.0005971569505596935,385.2990365153196,-3.0473653357415196e-10,0.4649513683295555,-1.1112443170489281,0.6462929487195087,-0.5161119622539019,1.3973863799291135,-0.8812744176752018,0.48326834346615166,-1.1273264458199075,0.6440581023538919,-0.30180692388723535,1.0013129535822278,-0.7858264074607587,0.6763215407228738,-0.18893852159867786,0.5005072572745678,-0.3387738762268596,0.9935247412305802,0.6999999999464459,-0.3752732488381714
1.0260521042084167,0.24562387633650956,0.0005971569508103642,386.8100229619377,-2.5803953974949134e-10,1.0406923526734526,-0.17093417632238161,-0.8697581763509543,-1.3440832341698599,0.29397734712575413,1.050105887044133,1.0497676679435042,-0.1600510890926598,-0.8897165788507279,-0.28797379355343095,0.9980806016860008,-0.7883797952087699,0.6841405721471873,-0.18891289831537414,0.5006818646540184,-0.20096368201694192,0.990680331487337,0.6999999999990268,-0.37633549505981106
1.0300601202404809,0.24562387633805258,0.0005971569501518124,388.32100940859283,7.086064252063869e-10,-0.3405382167197525,1.0908094141628606,-0.7502711974429679,0.35542887348128993,-1.362241830040104,1.0068129565588064,-0.3577702398673676,1.108192583580186,-0.7504223437126777,-0.27158886809983485,0.9954139639047057,-0.7904920419611867,0.689377625934989,-0.18865001693174244,0.5002127857641446,-0.2937663831258383,0.9887616552992918,0.6999999999999823,-0.37727658797880087
1.034068136272545,0.2456238763340273,0.0005971569492339544,389.8319958551674,-3.4052476072690387e-10,-1.0814031498527588,0.301338750240087,0.78006439961282,1.3865742761094604,-0.45683131929090004,-0.9297429568185881,-1.0925385449043308,0.2925338025094569,0.8000047423950235,-0.27935866650859564,0.9924851364158085,-0.7928276520936764,0.6887602053511239,-0.18816726513186277,0.5000231460158289,-0.26255426805408383,0.9856152989176374,0.5964382208858668,-0.3784650047993827
1.0380761523046091,0.24562387633754343,0.0005971569501208321,391.34298230177194,-6.327415086480526e-10,0.21125812844126302,-1.0547848076799706,0.8435266792388249,-0.18966607269733488,1.3076283775156343,-1.1179623048182952,0.22715894961504013,-1.0732206274425808,0.8460616778276574,-0.31089380701935126,0.991500457993407,-0.7936051841874968,0.6334106356752146,-0.18750508599178267,0.4990631621694986,-0.5453410401075398,0.9916620203295792,0.5017522248551747,-0.3799253513700192
1.0420841683366733,0.2456238763397191,0.000597156950250817,392.85396874839955,-3.5176676439135366e-10,1.1066587161743648,-0.42743664144958515,-0.679222074724686,-1.4092485087532876,0.6131562256072985,0.7960922831460189,1.1196950249806512,-0.4208356625337203,-0.6988593624468376,-0.3999753689591603,0.9914331400789755,-0.7936499427834379,0.5894830302507059,-0.18682178431361182,0.4990715745239534,-0.4930730530399584,0.9917421264493931,0.5000318368715209,-0.38226200431804114
1.0460921843687374,0.24562387633313898,0.0005971569502877871,394.36495519502483,-1.2658676756435424e-10,-0.07895878894856322,1.003685425335096,-0.9247266363864213,0.021192588714860863,-1.2343264743373248,1.2131338856224638,-0.09330113545374791,1.0229103614143895,-0.9296092259605294,-0.3958942163618949,0.9927652428050371,-0.7925831199961584,0.5599365112832454,-0.1861712630656091,0.49926911871741303,-0.39369168477338073,0.9990745297901262,0.5000005784573147,-0.38382936206792456
1.0501002004008015,0.24562387633711316,0.0005971569503249686,395.87594164163914,-1.7849688787254818e-10,-1.1160981512917243,0.5474256977138555,0.5686724535779956,1.4117820581274503,-0.7607180506109648,-0.6510640075165138,-1.1308490578714487,0.5431230287744785,0.5877260290970976,-0.4354917873655729,0.9953843489817091,-0.7905033239519542,0.540144494064759,-0.18569887958837333,0.4988471499105912,-0.5730319597070919,1.001049994948521,0.5000000105102366,-0.38587044218286143
1.0541082164328657,0.2456238763367785,0.0005971569501018283,397.38692808827005,1.8465003554410553e-10,-0.0544690152929251,-0.9382415197807179,0.9927105350737431,0.1475837725345697,1.143383787087715,-1.2909675596222892,-0.04189012065511679,-0.9579808360170091,0.9998709566722259,-0.45244828501409556,0.9976613177751676,-0.788700431938754,0.5268880976411023,-0.18541701621037915,0.4993609607589501,-0.4089661637730751,1.0044086703400918,0.5000000001909646,-0.38784642087003557
1.0581162324649298,0.2456238763363861,0.0005971569503007965,398.89791453488033,3.1339727416160585e-11,1.109586431848361,-0.6595910051887047,-0.44999542665958486,-1.3941386118602683,0.8974078031344812,0.4967308087258163,1.1258411301150026,-0.6576481453743728,-0.4681929847405589,-0.4498313656027205,1.0008269200358606,-0.7862144366410257,0.5180091888514375,-0.18535262869102548,0.49925148228735616,-0.5140615104373166,1.0088993117908538,0.5000000000034697,-0.38961186833721895
1.062124248496994,0.2456238763351544,0.0005971569501653369,400.40890098149595,1.0673853314208454e-11,0.18711836043048188,0.8593884328397888,-1.0465067932701848,-0.3142508919268003,-1.0361000753721816,1.3503509672989882,0.17648268803674522,0.8793600167160377,-1.055842704752697,-0.4766112599555905,1.0036662272641013,-0.7839924901921119,0.5120622472875682,-0.18553741806462257,0.4995149436475263,-0.49522170053458753,1.0101615262931514,0.5000000000000631,-0.39174333615054174
1.066132264529058,0.24562387633444227,0.0005971569502516941,401.91988742811196,5.72852032635911e-12,-1.0872167206866832,0.7623295650254486,0.3248871556613418,1.3565704027919352,-1.0212719676008397,-0.3352984351911239,-1.104742893771571,0.7627742747255501,0.3419686190461283,-0.4684140447152245,1.0065192107867078,-0.7817721474528905,0.5080790873383915,-0.18594172874289572,0.4998699074455272,-0.4556426916866295,1.014297709163875,0.5000000000000012,-0.39355960185548866
1.0701402805611222,0.24562387633811109,0.0005971569502839411,403.43087387472934,3.3273610776446196e-11,-0.3170934441995446,-0.7682531206911881,1.0853465648908198,0.4764267889851085,0.9140086039193233,-1.3904353929044422,-0.3085529990011395,-0.7881715419653,1.0967245409665263,-0.46087303601315216,1.0085049262498538,-0.7802280425990035,0.548741982442304,-0.18656583508019878,0.5004484950333503,-0.3309676552030651,1.0093384439467759,0.6936555275463052,-0.39536154503982296
1.0741482965931863,0.2456238763376262,0.0005971569499397212,404.9418603213531,2.163906841762101e-10,1.0493087203778335,-0.8541730616950247,-0.19513565868275473,-1.2996143521176136,1.1305403124503366,0.169074039667303,1.0678558936390092,-0.8569989905259076,-0.21085690311304725,-0.3671602002085844,1.0085470595639623,-0.780185188309262,0.5982306123806386,-0.18724933186391723,0.5010287168171857,-0.1617351835831813,1.0088592018520728,0.6998847246011081,-0.39609515875349366
1.0781563126252505,0.2456238763380046,0.0005971569502163898,406.45284676796103,7.028601699442533e-12,0.4425366820856986,0.6661380561802783,-1.108674738265914,-0.6317936831834524,-0.778854261193627,1.4106479443770916,0.4362135221014525,0.6857186426660866,-1.1219321647674763,-0.3495388077205256,1.0079129996723766,-0.7806705123619514,0.6318282552016189,-0.1879232741391088,0.5005201651288911,-0.3956417163517909,1.0032409034258771,0.6999979055151361,-0.3973182832073303
1.0821643286573146,0.24562387633793442,0.0005971569502359373,407.9638332145782,2.5214731451760898e-11,-0.996404120993785,0.9338088185224284,0.06259530247144592,1.2240843697497392,-1.2236511132869465,-0.000433256462818124,-1.0157072183718021,0.9389755756726701,0.0767316426992217,-0.3304488956094408,1.005335379257798,-0.7826778828374762,0.6543395773407658,-0.18845917059291398,0.5010493308607424,-0.18640853267883312,0.9987794479558469,0.6999999619444709,-0.39851907046769874
1.0861723446893787,0.2456238763365962,0.0005971569503264299,409.4748196611913,-5.6430472211532165e-11,-0.5616552472096182,-0.5545026430745378,1.1161578902842326,0.7781310655815089,0.6325686483666059,-1.4106997139481303,-0.5576397425161429,-0.5734655505236386,1.1311052930398584,-0.2923791237163452,1.0030580795943873,-0.784456056667337,0.6694174255426006,-0.1887928899339312,0.5006885223374312,-0.29637432225929355,0.9973190622521255,0.6999999993085538,-0.39936421100932773
1.0901803607214429,0.24562387633510652,0.0005971569502427294,410.98580610780874,-3.361334194138556e-11,0.9292590972341184,-1.0000987466787574,0.07083964944468221,-1.1310599903556748,1.2992737049075194,-0.16821371455182227,0.9490422392763459,-1.007532487816607,0.058490248540303914,-0.3036394739629604,1.000149287430867,-0.7867443136431855,0.6795163136034665,-0.18892909847554418,0.5005792873536883,-0.287261912083845,0.9918037929986949,0.6999999999874369,-0.4006748675041086
1.094188376753507,0.2456238763353465,0.0005971569503475593,412.4967925544244,-5.190616238437978e-11,0.6727467352448252,0.43494238169536253,-1.1076891169401415,-0.9133475365618213,-0.47724248173183365,1.3905900182936737,0.671096274375813,0.45301659589643073,-1.1241128702721976,-0.2764710161122405,0.9970842188213426,-0.7891682211038098,0.6862803764941224,-0.18881299038498686,0.5005691165366563,-0.21264848560435498,0.9904648756097458,0.6999999999997717,-0.4015726558477683
1.0981963927855711,0.24562387633430222,0.0005971569502588809,414.00777900104305,3.5427794437038712e-12,-0.8488332649290367,1.0520954374193634,-0.20326217249025366,1.0218707029272973,-1.356327306808133,0.33445660388081605,-0.8688137168686367,1.0616899231611543,-0.19287620629244387,-0.27625014675936155,0.9944216077422349,-0.7912814694529888,0.6908108303608124,-0.18847462794648126,0.5000721876581614,-0.3114540388083738,0.9871525376112897,0.6999999999999958,-0.4026634499908329
1.1022044088176353,0.24562387633307506,0.0005971569498354507,415.51876544766225,7.731267352577663e-11,-0.7742234484455984,-0.3091660013757009,1.0833894498213694,1.0355105990738762,0.3150956480753402,-1.3506062471492373,-0.7749616205011326,-0.32609320885646476,1.101054829357667,-0.27842749818268675,0.9917694175832391,-0.7933975774547489,0.6697423873015029,-0.18791071494475775,0.4998244823230671,-0.30043927004913057,0.9886037692884871,0.522192022931946,-0.4038027111550653
1.1062124248496994,0.24562387633685853,0.0005971569500604481,417.0297518942918,4.0674501732794126e-10,0.7562760601025683,-1.0890557706139963,0.3327797105114641,-0.8980770224726774,1.393996532205854,-0.49591950973315907,0.7761682664901334,-1.100673881488684,0.3245056149985867,-0.34948642824468756,0.9915298090569017,-0.7935779129029752,0.6152972894116933,-0.18723430021364684,0.49881561730132107,-0.6202118345295411,0.9912978433218158,0.500403216083138,-0.4057339713325352
1.1102204408817635,0.24562387633331814,0.0005971569503818401,418.5407383408892,-6.732712653254195e-11,0.8646350809687321,0.17897106505511243,-1.0436061460238124,-1.1428743317820478,-0.1484455210357361,1.2913198528178071,0.867751333736028,0.19450934752256321,-1.0622606812585598,-0.4046019286922984,0.9916465026042378,-0.7934768729307258,0.5772533498437045,-0.1865529889835201,0.49931781568358335,-0.38531827877133235,0.9940374483356117,0.5000073261937731,-0.4078394454098742
1.1142284569138277,0.2456238763325908,0.0005971569503387516,420.0517247875089,1.4796135371225955e-11,-0.6529102666391337,1.110451480044967,-0.45754121340577336,0.7614481561679131,-1.4117429475184904,0.6502947913505619,-0.6724299272356145,1.1239271631906849,-0.4514972359550102,-0.402171398742682,0.9937830754787704,-0.7917740723049296,0.5517435054885083,-0.1859560883428184,0.4990272332478572,-0.4898300881012421,1.0007271011199743,0.5000001331126289,-0.4094149708509312
1.1182364729458918,0.24562387633230268,0.0005971569502790197,421.562711234125,7.421689798930583e-12,-0.9426895017429435,-0.04621830702145879,0.9889078087644687,1.233904282137895,-0.020326169499431126,-1.213578112638487,-0.948139296617929,-0.06014559158155275,1.008284888199546,-0.4513472303689887,0.9962022742240247,-0.7898543964095391,0.534656926385776,-0.18556005337075335,0.49900722749146853,-0.5222821900742498,1.0014914826542671,0.5000000024185781,-0.4116199325607338
1.122244488977956,0.2456238763324383,0.0005971569503491523,423.07369768073625,-1.1792606216793143e-10,0.5402131934352604,-1.115976808281153,0.5757636148459253,-0.6139368054233418,1.409312985021348,-0.7953761795979936,0.5590813387632204,-1.1311174751115824,0.5720361363483943,-0.4460898528088262,0.9987651481335121,-0.7878313906276269,0.523212617896581,-0.18535068255686638,0.499400592543714,-0.41319123686579823,1.006655839140577,0.5000000000439441,-0.4133809130129082
1.12625250501002,0.24562387633732286,0.0005971569503098211,424.5846841273682,2.7376524801968134e-10,1.0072711694009047,-0.08719499620265717,-0.9200761731982267,-1.3072994984861162,0.18880735810134092,1.1184921403848023,1.0149766272724263,-0.07507775720687726,-0.9398988700655282,-0.4614776607203295,1.0019779696092357,-0.7853131370412443,0.5155474152474432,-0.18538252671027974,0.49924355909795126,-0.5471412469087816,1.009242311324766,0.5000000000007984,-0.41533571400636915
1.130260521042084,0.24562387633669838,0.0005971569499882844,426.09567057398505,2.891272498843716e-10,-0.4197954816113715,1.1055527715651337,-0.6857572899537143,0.4576511721329865,-1.3867413785220883,0.9290902063890927,-0.4377424544478628,1.1221420496321974,-0.6843995951842862,-0.47577816983073906,1.0046640714431607,-0.7832138207664932,0.5104133933473486,-0.1856497845741552,0.4997188118512974,-0.4503159064116149,1.0115430940129964,0.5000000000000144,-0.41737370883447356
1.134268537074148,0.24562387633424948,0.0005971569494183821,427.60665702058503,-1.1597411230072943e-10,-1.0574570477415863,0.21936212368236702,0.8380949240592773,1.3620109746131823,-0.3545901538769702,-1.0074208207362405,-1.0673080388063079,0.2092281028947289,0.8580799359116379,-0.469299784249203,1.0076420347113548,-0.7809019826786612,0.5132843318405557,-0.18614198445582691,0.4998943738931885,-0.48825018044910606,1.0141650264378168,0.621290877112596,-0.419195024592464
1.1382765531062122,0.24562387633609467,0.0005971569503836521,429.11764346719656,-2.3949893620611847e-10,0.29337813236564153,-1.0793284035888038,0.7859502712231912,-0.2948248761784016,1.344350688621789,-1.0495258124433804,0.31014743540568507,-1.0971291789458626,0.786981743540206,-0.4317415791360419,1.0085351857653932,-0.7802003095048986,0.5692423740191626,-0.1868092681809921,0.5008934577089186,-0.18259498234814425,1.0083585897180911,0.6985698999177483,-0.4206657437718916
1.1422845691382764,0.24562387633273894,0.000597156950249741,430.62862991382525,6.995027033559745e-11,1.0925299646501814,-0.34839416697320036,-0.7441357976769701,-1.397256836244654,0.5153051942845278,0.8819516419601537,1.104385696743401,-0.3403882024851753,-0.7639974942582155,-0.34661542013869967,1.0085508815408264,-0.7801793325150587,0.6123172326768853,-0.18749403874762746,0.5007730338237952,-0.2781230838624365,1.0079623322617268,0.6999740159466489,-0.42134718668298854
1.1462925851703405,0.2456238763376273,0.0005971569499867143,432.13961636045093,3.0229724780896304e-10,-0.1627678602762368,1.0376784046089778,-0.8749105443327061,0.1277849660913964,-1.2827467351867543,1.1549617690953564,-0.1781198262827319,1.056436283680338,-0.8783164573975716,-0.3526963716958523,1.0070650756946908,-0.7813292199476967,0.6412696978494105,-0.18813705348662582,0.5006785188894379,-0.3378987840362422,1.0005184794714956,0.6999995278850112,-0.42280247872037524
1.1503006012024046,0.24562387633619434,0.0005971569497418982,433.65060280707536,5.035050146075828e-10,-1.111988624042567,0.47244701936061706,0.6395416046820018,1.4125333657814312,-0.6686556050646095,-0.7438777607168503,-1.1256796629460268,0.46668353490077163,0.6589961280453074,-0.3090096053496534,1.0044327288340416,-0.7833822753369899,0.6606634119245554,-0.18859465949901943,0.5010450778422092,-0.17893775674978776,0.9987858961376153,0.6999999914219465,-0.4237089133432624
1.1543086172344688,0.2456238763378456,0.0005971569500689389,435.1615892536728,3.042357507675957e-11,0.02983133786912197,-0.9811980748430467,0.951366736973951,0.04108121022442296,1.2028099646654702,-1.2438911748898964,0.043546561336099,-1.0006449664197816,0.9570984050837091,-0.2969891152093939,1.0021218308702164,-0.7851901736693612,0.6736530241401012,-0.18886114689964525,0.5005257044092026,-0.3441292698451622,0.9951835671990733,0.6999999998441419,-0.42477680994667666
1.158316633266533,0.24562387633663416,0.0005971569502413665,436.6725757002897,4.45426742864728e-11,1.115554879412651,-0.5897477219225327,-0.5258071574901152,-1.4076221194150529,0.8124496503059673,0.5951724691091144,1.130885552753894,-0.5863090800240469,-0.5445764727298438,-0.2966895688230414,0.9989254308442994,-0.787711572820899,0.6823532452838134,-0.18890611918655295,0.5006729385524566,-0.2246332403615875,0.9909198109279895,0.6999999999971681,-0.4259817465266355
1.162324649298597,0.245623876333722,0.000597156950090486,438.1835621468998,-1.1263962166254517e-10,0.10353152580407907,0.9106946469715745,-1.0142261727756308,-0.20936026092952037,-1.1056828666656098,1.3150431275951344,0.091649059819846,0.9305526215008413,-1.0222016813206642,-0.27084138953690323,0.9961279907227436,-0.7899255154052262,0.6881805049095496,-0.18870306830288586,0.500361531131319,-0.26024947928720393,0.989734021462719,0.6999999999999486,-0.4268511940739263
1.1663326653306612,0.24562387633310306,0.0005971569502706929,439.6945485935157,-1.2374971479846014e-10,-1.1031778523674314,0.6986198649150377,0.40455798745244026,1.3825934311128267,-0.9446323342637918,-0.43796109684906404,-1.119929052482683,0.6975552103359245,0.4223738421468046,-0.2798899621444313,0.9933056832875502,-0.7921718484770279,0.692083503939511,-0.1882835201723917,0.5000306171299563,-0.2887114033968563,0.9856233233394909,0.699999999999999,-0.4280427664046813
1.1703406813627253,0.24562387633675353,0.0005971569501043465,441.20553504013685,4.536825052872597e-14,-0.23541473918754563,-0.8271757435414886,1.0625904827290615,0.3746471762152741,0.9927535578674472,-1.3674007340827286,-0.22553485398642772,-0.8471609983776076,1.072695852364062,-0.28983490835893805,0.9915118274525219,-0.7935992717031098,0.6483931369740354,-0.1876519886134857,0.49939280007993175,-0.4354528328592283,0.9910818673816049,0.5051998167375511,-0.4292653785847564
1.1743486973947894,0.24562387633816557,0.0005971569503102869,442.7165214867526,-1.020853761257969e-11,1.0750344068584357,-0.7975074612283569,-0.277526945630079,-1.3378049686403857,1.0633145058499855,0.27449046279042716,1.0929667356252493,-0.79883201476861,-0.2941347208566403,-0.38435915264224213,0.9914519148258341,-0.7936370487599073,0.5997676647141138,-0.1869706605539916,0.49888068175520395,-0.577091989495782,0.991048145308295,0.500094477580432,-0.4315546826482559
1.1783567134268536,0.24562387633766558,0.0005971569502437071,444.22750793337264,8.567680020101608e-11,0.363933437242745,0.7318349477027659,-1.095768384945498,-0.5345796866723735,-0.8656359397141236,1.4002156263865073,0.35619733498699824,0.7516618540962642,-1.1078591890832499,-0.3986934476220724,0.9921564622162224,-0.7930683833444144,0.5668295191709909,-0.18629861524044286,0.49937368405661703,-0.3546198704340559,0.9970534198145404,0.500001716600907,-0.43330190746986275
1.1823647294589177,0.24562387633772534,0.0005971569502840868,445.738494379989,8.522229558074518e-11,-1.0315267051592394,0.8849971815645454,0.14652952359473365,1.273896764289392,-1.1667999220754384,-0.1070968422139796,-1.0503838731686101,0.8886920122960386,0.1616918608726118,-0.41973579034603364,0.9947406227522857,-0.7910141746648357,0.5447613954862462,-0.18576984578312594,0.4988497727235354,-0.564359661352796,1.0010805972861625,0.5000000311896093,-0.4351237332481252
1.1863727454909818,0.2456238763371776,0.0005971569502689315,447.2494808266045,6.395532329601749e-11,-0.487250857537123,-0.6260348941320885,1.1132857516692383,0.6868720726764584,0.7261468017473239,-1.4130188744237564,-0.4817691010089695,-0.6454200889251356,1.1271891899341266,-0.45561141233665053,0.9969843352584481,-0.7892350764211379,0.5299804209064568,-0.18543973933979413,0.49923410544121893,-0.4460282248657679,1.0028570520552518,0.5000000005666966,-0.4372599150550283
1.190380761523046,0.24562387633639285,0.0005971569501693692,448.7604672732189,1.9240352052030668e-11,0.973276608128043,-0.9598386768204993,-0.013437931307552518,-1.1917822557874713,1.2536096383022535,-0.061827382514758375,0.9927891093406059,-0.9658509755501451,-0.026938133790469665,-0.4449506008423617,0.9999395336274097,-0.7869097552874132,0.5200803742166554,-0.1853092141507682,0.49931840404084143,-0.467403647583758,1.0082770629897,0.5000000000102965,-0.43895268566195983
1.19438877755511,0.24562387633586183,0.0005971569502499072,450.2714537198336,-1.9180641922888182e-11,0.6036045696225344,0.5112876580736018,-1.1148922276961357,-0.8293477976212247,-0.576279699347674,1.405627496968916,0.600455501874876,0.5299540910572147,-1.1304095929320896,-0.47241278750492594,1.0029663918333038,-0.7845396777923719,0.5134494918921337,-0.18543096922772237,0.49936283815238264,-0.5301688140264523,1.0095695923289763,0.5000000000001872,-0.4410606134127763
1.1983967935871742,0.24562387633424734,0.0005971569501339645,451.78244016644766,-7.635677253698751e-11,-0.9011166174760222,1.0209623305773439,-0.11984571310129466,1.092635014041165,-1.3225029933737829,0.2298679793325945,-0.9210055849905081,1.0292061718954972,-0.1082005869049615,-0.47099294250325746,1.0056957757623635,-0.7824111912246207,0.5090082400952346,-0.185775373237576,0.49983891773139105,-0.4383004774318142,1.0131906470415073,0.5000000000000033,-0.4429503797220795
1.2024048096192383,0.24562387633569435,0.0005971569501193728,453.2934266130645,-6.194169188084453e-11,-0.7113316686784529,-0.38923318843844884,1.1005648571169064,0.9599706235784132,0.41817651038305803,-1.3781471339614855,-0.7105602958987796,-0.4069140825500265,1.1174743784488081,-0.4692186830228449,1.008305833862462,-0.780385263036232,0.5332686329135922,-0.18634932098603407,0.5001296689015691,-0.43196534998333164,1.0111264332736003,0.6818895352666108,-0.4448133381942963
1.2064128256513025,0.24562387633524466,0.0005971569498763048,454.80441305968,-8.06662617751678e-11,0.8160780380720984,-1.0674945873543156,0.2514165492821892,-0.9778720359783526,1.3724953876541237,-0.3946233516757525,0.836059223361276,-1.0778521527269906,0.24179292936568628,-0.39236770114046027,1.0085058125087143,-0.7802194037498426,0.5870149515029058,-0.1870295396028536,0.5010828079376302,-0.12662972128938088,1.0086446598883336,0.6996709430799867,-0.4458060552471396
1.2104208416833666,0.2456238763372761,0.0005971569503261979,456.31539950630673,1.793025968453043e-10,0.8088925366082882,0.2616158645643049,-1.0705084011726205,-1.0768737201265621,-0.25409681384327143,1.330970533969856,0.8105098867804887,0.2780585281492576,-1.0885684149297736,-0.3448545846711428,1.008293043784095,-0.7803767320716296,0.6243007188920182,-0.18771080599338996,0.5005481132190734,-0.3770107025541143,1.0054680701248477,0.6999940212376934,-0.4467640240877292
1.2144288577154307,0.2456238763365665,0.0005971569503935885,457.82638595291064,-1.2400589936242302e-10,-0.7193761611838418,1.0987703298766862,-0.37939416869283976,0.8491334207266408,-1.4028722291875937,0.5537388084609349,-0.739163995622094,1.1110935909438293,-0.3719295953217304,-0.34371959608392966,1.0060391776837263,-0.7821286840109466,0.6492974807811102,-0.1882968548111798,0.5009215562680812,-0.2392200194929873,0.999066168197718,0.6999998913694364,-0.44815394435686723
1.2184368737474949,0.2456238763331594,0.0005971569503515143,459.3373723995291,-7.140366981443459e-11,-0.8948928509224604,-0.1302595684373861,1.0251524193598553,1.1783863044008787,0.08638560496651525,-1.2647719093674181,-0.8988757995150638,-0.14522900524344623,1.0441048047585195,-0.2949660003868844,1.0036242422805868,-0.7840133891967294,0.6660403102211215,-0.18867887924877957,0.5008541458124589,-0.23990816593400727,0.9982949225607098,0.6999999980262466,-0.448938699841107
1.222444889779559,0.24562387633323818,0.0005971569502552939,460.84835884615035,5.48282745505199e-11,0.6123931066805459,-1.114342663287684,0.5019495566071167,-0.7082591576853374,1.413199497097441,-0.7049403394120882,0.6317047826351935,-1.12845549561905,0.496750712983835,-0.30296115985742,1.0010047689497856,-0.7860692396380184,0.6772543793133841,-0.1888723872881751,0.5005119602980062,-0.32827850030458433,0.9929860105333768,0.699999999964138,-0.45020539705224055
1.2264529058116231,0.245623876332719,0.0005971569501809317,462.3593452927623,-5.433173287963751e-11,0.9681035027876841,-0.0029583756374608333,-0.9651451271502507,-1.263057596596461,0.08256021447181294,1.1804973821246738,0.9743951337810416,0.010323893580932025,-0.9847190273620019,-0.28447584870360976,0.9977999717372363,-0.7886017884657001,0.6847653715143505,-0.1888217667511311,0.5006574838979314,-0.19937807842055386,0.990644548808074,0.6999999999993484,-0.4512143042671285
1.2304609218436873,0.24562387633281443,0.0005971569504275367,463.87033173937397,-1.736306126973226e-10,-0.4966578284805091,1.1139889954051736,-0.6173311669246637,0.5572625742912664,-1.4033295488564816,0.8460669745652033,-0.5152173501178028,1.1296897011195839,-0.6144723510017787,-0.27258543071557206,0.9951557960205244,-0.7906971449658654,0.6897961058857496,-0.18853850595129149,0.5001593282698147,-0.3023328287470305,0.9883486099617727,0.6999999999999882,-0.4521945490519176
1.2344689378757514,0.2456238763362622,0.0005971569495044034,465.38131818601056,3.3308220599891494e-10,-1.0274781948696852,0.1361340396200797,0.8913441552496189,1.3296775051918746,-0.2503261003205943,-1.0793514048713078,-1.0359885960831474,0.12472876871066257,0.9112598273724978,-0.2785929638004747,0.992243193961578,-0.7930207390661453,0.6842988583142061,-0.18803332859083755,0.49999115981149994,-0.26163983571526034,0.9863167017029976,0.5637457459273912,-0.4533678111095525
1.2384769539078155,0.24562387633496388,0.0005971569502706739,466.8923046326083,-1.3314709130617267e-10,0.37382439686617724,-1.0977143737853416,0.7238899769191482,-0.3983016843839959,1.3734034514855915,-0.9751017671015871,0.3913665157756329,-1.1147785659758829,0.723412050200233,-0.32108181682395875,0.9915291673445215,-0.7935810493599449,0.6280555173768676,-0.18736599251086433,0.49895952542525795,-0.5775124278230035,0.9916585181953828,0.5011582208909987,-0.4549530279580593
1.2424849699398797,0.24562387633393956,0.0005971569502630193,468.40329107922804,-4.261618455327322e-11,1.0721683018212513,-0.2673640968858226,-0.8048042049354589,-1.3772938236815635,0.4145143549958811,0.9627794686857111,1.0827758290059997,-0.25799882082738573,-0.8247770081786444,-0.40295475400070613,0.9914796961723065,-0.7936119101980922,0.5858532566469306,-0.1866840346385435,0.49914703385297315,-0.45863518574080914,0.9922712235914692,0.5000210441905723,-0.4572528090827377
1.2464929859719438,0.24562387633278784,0.0005971569502810227,469.91427752584326,-7.316765186949021e-11,-0.24564833532145144,1.0657514192135071,-0.8201030838920591,0.23364833732653695,-1.3238489085620353,1.0902005712354923,-0.2619223396124082,1.0839352124459083,-0.8220128728335037,-0.3963011034307591,0.9930583499809778,-0.7923498601108862,0.5575045694748061,-0.18604754508245416,0.49920241439926705,-0.4184325680622452,0.9997037688183636,0.5000003823606044,-0.45879196388764976
1.250501002004008,0.24562387633231694,0.0005971569502785422,471.42526397246024,-5.8207029403233755e-11,-1.1015351910742492,0.3947730359753232,0.7067621550989399,1.4052261300800275,-0.5727784492100713,-0.8324476808699836,-1.114088248988359,0.387581603773945,0.7265066452144289,-0.44086188243139857,0.9956390733610859,-0.7903011648839892,0.5385156067522338,-0.18559864106993312,0.49887391231149386,-0.5646568676732336,1.0011135668246391,0.5000000069472672,-0.46090008250251996
1.254509018036072,0.24562387633191857,0.0005971569502311198,472.9362504190782,-1.457250545202926e-11,0.11396150598227472,-1.018556921115098,0.9045954151328136,-0.0656557249910964,1.2553741352987142,-1.1897184103076166,0.12873481131634867,-1.037600436836991,0.9088656255206321,-0.4505205955673632,0.997973693049161,-0.788454144521531,0.5257970964694989,-0.18533786359655013,0.49938569061067756,-0.40361962076394764,1.0050791676306212,0.5000000001262277,-0.4628083283834037
1.2585170340681362,0.24562387633168653,0.000597156950269184,474.4472368656928,-5.5377014799000083e-11,1.1151591180475853,-0.5165399442920358,-0.5986191737555792,-1.4130751737562601,0.7228564891064253,0.6902186846498634,1.1294783014319796,-0.511625135148875,-0.6178531662831341,-0.4527142137095421,1.0011821876658151,-0.7859361590817362,0.5172784548845821,-0.18530191427823725,0.49923521440817953,-0.5279925494040343,1.0090552019449137,0.5000000000022935,-0.46462171238835676
1.2625250501002003,0.245623876336283,0.0005971569501345243,475.95822331231255,3.040359949898578e-11,0.019354043237570888,0.956805388093121,-0.976159431330699,-0.10327523087007616,-1.1689577866255336,1.2722330174956136,0.006292574229535025,0.9764364667929949,-0.9827290410225371,-0.477016937636219,1.0039618845966714,-0.7837615665715674,0.5115728141510453,-0.18551198542317177,0.49957518185008715,-0.4808102701479905,1.010515387260443,0.5000000000000416,-0.46673884904105073
1.2665330661322645,0.24562387633487914,0.0005971569502539539,477.4692097589273,-6.321293177753398e-12,-1.1128453907074094,0.6309245578547986,0.4819208328526269,1.4007288078707312,-0.862603600638042,-0.5381252072327188,-1.1287260565826527,0.6283566157810914,0.5003694408015782,-0.4680958399452772,1.0068678514847444,-0.781501887264111,0.5077560793530116,-0.1859422165536238,0.49987186858641663,-0.46635798414691576,1.0146750179975983,0.5007057997468429,-0.46854415955001366
1.2705410821643286,0.24562387633542526,0.0005971569501353923,478.98019620554317,-1.7684964491461742e-11,-0.15239299108063042,-0.8813793270242121,1.0337723181048386,0.2707301960452274,1.0658348535799826,-1.3365650496252153,-0.14123003079483962,-0.9013173994686,1.042547430263436,-0.4544852363784658,1.0085499168626681,-0.7801919614157109,0.5547749102196684,-0.18658341313059235,0.5005856605736445,-0.28509456338367656,1.0088951866772282,0.6958372680004503,-0.47028082941533145
1.2745490981963927,0.2456238763332243,0.0005971569500525396,480.4911826521612,2.9093760112654502e-11,1.094627016536321,-0.7362920769827593,-0.3583349395535913,-1.3683633973155362,0.990022489328015,0.37834090798754894,1.1118421933136842,-0.7361076986434005,-0.3757344946703138,-0.359240230193032,1.0085799093466759,-0.780158916879823,0.6024293257150727,-0.18726890372187974,0.500968426117274,-0.19015850485468572,1.0087988240021895,0.6999243657152076,-0.47095900400812796
1.2785571142284569,0.2456238763323513,0.0005971569502325128,482.00216909877366,-7.043567626424872e-11,0.2832539585644888,0.7933567282378813,-1.0766106868023833,-0.43431592282183956,-0.9474791710444587,1.3817950938663073,0.2741490456757342,0.8133168403231642,-1.0874658859989108,-0.3512680868000638,1.0077228127577484,-0.780818008347856,0.6346433517953541,-0.18793825288756466,0.5005449294915897,-0.3878852321180252,1.002395707534383,0.6999986257694564,-0.47227322711427216
1.282565130260521,0.2456238763321249,0.0005971569502694471,483.5131555453922,-1.4820841712786078e-11,-1.0607644494696227,0.8311366531578415,0.22962779631179647,1.3164416057599913,-1.1032921639191768,-0.21314944184084222,-1.0790681042317785,0.8333384746081001,0.24572962962369382,-0.32421931570232293,1.0050860856983628,-0.7828724517069502,0.656225133131947,-0.1884538470105546,0.5010717961275464,-0.17566776018187208,0.9987913087005376,0.6999999750310426,-0.473384493365322
1.2865731462925851,0.24562387633175523,0.0005971569502739389,485.0241419920075,-4.397894202235526e-11,-0.41006671144732487,-0.6939956276923906,1.104062339139718,0.5916944844099168,0.815582298372732,-1.4072767827826613,-0.4031499720702811,-0.7136925151505883,1.1168424872208715,-0.2929375408488764,1.0028313978828514,-0.7846335609468348,0.6706803395724632,-0.18877020347912055,0.5006301768719139,-0.31544126408220996,0.9967980172331538,0.6999999995463286,-0.47428278568888843
1.2905811623246493,0.24562387633288682,0.0005971569502774403,486.5351284386266,2.243944417088672e-11,1.0117416189809392,-0.9141027683352714,-0.09763885064569389,-1.2457054552712987,1.2007937773002002,0.044911677971123165,1.0308721593006123,-0.918659321996584,-0.11221283730405525,-0.30252306115877764,0.9998188592361164,-0.7870053795481747,0.6803621918797167,-0.18888314435093626,0.5006119977833098,-0.2680948532406876,0.9914835488926669,0.6999999999917571,-0.4755810143264552
1.2945891783567134,0.24562387633246696,0.0005971569502622822,488.0461148852402,-4.990997845086485e-11,0.5310188608841119,0.5847160582834434,-1.1157349191675707,-0.7406166497138391,-0.6720292625811846,1.4126459122950388,0.5263891485637937,0.6038682171260774,-1.1302573656898869,-0.2740477043070085,0.9968298019049214,-0.7893695983385883,0.6868469313253469,-0.18874324075122678,0.5005179227796841,-0.2240687162037696,0.9903481463202566,0.6999999999998502,-0.47645382921570056
1.2985971943887775,0.24562387633583382,0.0005971569501543439,489.5571013318592,1.8268040375357138e-11,-0.9482591454307633,0.9840046809076549,-0.03574553547687681,1.1571658963473477,-1.2811338565589987,0.12396796021162829,-0.9679431636752858,0.9908508487789508,-0.02290768510365063,-0.2776312937216982,0.9941328210535073,-0.7915116671663093,0.6911902991154496,-0.18838400085784665,0.500053762633406,-0.3087232586890144,0.986701239687272,0.6999999999999973,-0.47758332980237306
1.3026052104208417,0.2456238763383648,0.0005971569499171222,491.0680877784866,2.957770310117742e-10,-0.6443817770219177,-0.46707982380888585,1.1114616008308107,0.8789540468760365,0.518871696051555,-1.3978257429276102,-0.6421052621228155,-0.4854135347581411,1.1275187968809641,-0.27983653585764523,0.991673890943069,-0.7934728132519288,0.6636416230487173,-0.1878001188859281,0.4997213071412086,-0.3314921086745426,0.9894873967707725,0.5147094119522374,-0.47872354900644193
1.3066132264529058,0.24562387633257768,0.0005971569500763405,492.5790742250856,-1.385240910012657e-10,0.8712242771860637,-1.039843328702163,0.16861905151607587,-1.0520882660205377,1.3431641347673298,-0.2910758687467706,0.8911804456396439,-1.0488812586155698,0.15770081297590213,-0.36040492375959154,0.9915320749286629,-0.7935751383639973,0.6106693494018308,-0.18712334766673477,0.49880654204754477,-0.6194618037262667,0.9911612086506572,0.50026726108428,-0.48078093069112815
1.31062124248497,0.2456238763320053,0.0005971569502730202,494.09006067170054,-1.7408209984678188e-10,0.7485352899834185,0.3427681525591052,-1.0913034425425452,-1.0047295711241457,-0.3582984902582444,1.3630280613824102,0.748644498090289,0.3600213921974751,-1.108665890287785,-0.40338905747421766,0.9917737735409422,-0.7933746423148402,0.574143791280198,-0.1864446394200295,0.49936098135771523,-0.36674532750931765,0.9948822424252934,0.5000048559769167,-0.4827852385933939
1.314629258517034,0.2456238763342429,0.0005971569503004329,495.60104711831985,-1.0233669701693738e-10,-0.7817380548093836,1.0808207524094007,-0.29908269760000517,0.931974421158563,-1.3859981898692062,0.4540237687106212,-0.8016811695428031,1.091921281914891,-0.2902401123720759,-0.40620483138089986,0.9940828093884234,-0.7915361046720135,0.549660597396514,-0.18586723551942777,0.498965888087088,-0.5161844694712207,1.0009477607371475,0.5000000882302917,-0.48441303801742375
1.3186372745490982,0.2456238763349562,0.0005971569503733182,497.11203356494235,5.4361326904630034e-11,-0.8419908803156497,-0.2135577082443524,1.0555485885600138,1.1161456893553112,0.192604555890374,-1.308750245245709,-0.8444842585357203,-0.22948389683258527,1.0739681553683174,-0.45376287453999986,0.996436144132037,-0.789669020547666,0.5332618268503716,-0.18549205962037446,0.49907491215134925,-0.5005506688774202,1.0017950454337894,0.5000000016030925,-0.48662171472992494
1.3226452905811623,0.2456238763381252,0.000597156950476384,498.6230200115604,9.85209491200484e-11,0.6810793408065671,-1.1063512368872146,0.4252718960806294,-0.798540923309273,1.4090237519135178,-0.610482828604228,0.7007243774603529,-1.1193557218237704,0.41863134436339994,-0.44494578531796425,0.999110003851086,-0.7875604455955781,0.5222782039813684,-0.18530544611690278,0.4993892324964204,-0.4249765026319531,1.007218882615665,0.5000000000291273,-0.4883440378749178
1.3266533066132264,0.24562387633976776,0.0005971569503419659,500.1340064581854,3.1680204224153737e-10,0.9234128411323181,0.0812951251631927,-1.0047079662955274,-1.2116100044772544,-0.02415793691399283,1.2357679413912617,0.9282547620125233,0.0956666453448301,-1.0239214073573866,-0.4649328353819704,1.0022879685801074,-0.7850704938850448,0.514921560753572,-0.18536486516590145,0.4992685367034023,-0.5472321454564871,1.0093222277229774,0.5000000000005292,-0.4903519996405695
1.3306613226452906,0.24562387633705163,0.0005971569502622604,501.6449929047899,2.474142136417412e-11,-0.5706867582816877,1.116069938957614,-0.5453831806759282,0.6536948151318511,-1.4119118006363123,0.7582169855044495,-0.5897529526418788,1.130792519883646,-0.5410395672417669,-0.47456247660652096,1.0049664045722746,-0.7829783414368067,0.5099942066916404,-0.18565544895312772,0.49976720103549666,-0.4426920462470455,1.0120194385550443,0.5000000000000095,-0.49234815806981336
1.3346693386773545,0.2456238763318348,0.000597156951558885,503.1559793513397,-1.6316994669986913e-9,-0.9916375705744741,0.05212931765267648,0.9395082529218062,1.2897581201244386,-0.14463389557247638,-1.1451242245519877,-0.9987588084307168,0.03951785192844113,0.9592409565022838,-0.4700001568609915,1.0079063031538544,-0.7806968811684201,0.5182129229023339,-0.18617331557943495,0.49993509177882345,-0.4849047172163076,1.0134169432829077,0.6478362323828419,-0.4941862324208102
1.3386773547094186,0.2456238763346264,0.0005971569505237739,504.6669657980431,5.424905239989382e-10,0.45213801466419323,-1.1098379411802943,0.6576999265160794,-0.49950619879495445,1.3946209760087238,-0.89511477721376,0.4703528677772074,-1.1260682020145947,0.6557153342373653,-0.4210920318856208,1.008544126510832,-0.7801923184184272,0.5744653835674411,-0.18684817474881285,0.5009840123133865,-0.15461173345499027,1.008383772155735,0.6990522155189536,-0.49552562208257633
1.3426853707414828,0.24562387633279495,0.0005971569498588557,506.17795224466266,6.210648322226242e-10,1.045689953519504,-0.1848087206824108,-0.8608812328371267,-1.3494733817486113,0.31135872761074307,1.0381146541378952,1.054988764184654,-0.17413756785791734,-0.8808511963267698,-0.3445180190725687,1.008532539428258,-0.780192822803889,0.615850435687896,-0.1875342736555365,0.5007012795081633,-0.3116928000967577,1.0074214625798004,0.6999827793157368,-0.4962591676366589
1.3466933867735469,0.24562387633229169,0.0005971569500377624,507.68893869127277,4.646708066028385e-10,-0.3271273949033359,1.0877443456841627,-0.7606169507808312,0.33817874073188403,-1.3573985681286143,1.0192198273967235,-0.3442305936337223,1.1052503315390925,-0.7610197379053741,-0.3515495480210696,1.0068060976291764,-0.7815309194242912,0.6436368113980409,-0.18816537379192363,0.5007515530937627,-0.3109820443326761,0.9999911578352101,0.6999996871102797,-0.49772666563125106
1.350701402805611,0.2456238763325116,0.0005971569500268894,509.19992513786264,-1.9676583976212013e-10,-1.0847975377417305,0.3148468845639315,0.7699506531778108,1.389902149390876,-0.4736336381641563,-0.9162685112267479,-1.0961409986250716,0.3062685346619698,0.7898724639631136,-0.30397274622572085,1.0042204108330515,-0.7835479729984237,0.6622488757045695,-0.18860279388399073,0.5010109209698311,-0.19084521552133957,0.9987555313465687,0.6999999943149795,-0.4985753118290084
1.3547094188376752,0.24562387633725832,0.0005971569501463903,510.7109115844783,-2.1143566585633694e-10,0.19744152386505337,-1.0501049025195266,0.8526633786545066,-0.1720180921852341,1.30077642239874,-1.1287583302134998,0.21318863434057056,-1.0686364122511247,0.8554477779106084,-0.29893054313505646,1.001845109476225,-0.7854076998605631,0.674714940920983,-0.1888513042248295,0.5005119935203268,-0.34613628445912137,0.9945538455444705,0.6999999998967065,-0.49970942381361855
1.3587174348697393,0.24562387633657182,0.0005971569498569419,512.2218980310656,-9.358057839230454e-10,1.1084013609512628,-0.44038530511369917,-0.6680160558374477,-1.4104666771630225,0.6291394515527714,0.7813272256101762,1.1216273697146977,-0.43402236259361,-0.6876050071210318,-0.29351533265884017,0.9986161153232904,-0.7879562391886122,0.6830644990224308,-0.18887110277323396,0.5006882012843612,-0.2124867247886837,0.9908236831550694,0.6999999999981231,-0.5008619884174914
1.3627254509018034,0.24562387633442903,0.0005971569504369646,513.7328844777007,-4.694066891398175e-10,-0.06493385249374024,0.9974575201467324,-0.9325236676529899,0.0033990042463905284,-1.2255638046309065,1.2221648003845496,-0.07909981121565321,1.016749704228026,-0.9376498930123714,-0.2706856850149949,0.9958793782905615,-0.790122645164966,0.6886568905224808,-0.1886465479844306,0.5003054405072981,-0.27431288329194564,0.9894203911975484,0.6999999999999659,-0.5017515128559976
1.3667334669338675,0.2456238763338785,0.0005971569498490895,515.2438709242867,-1.2314808331372915e-9,-1.1161641242465987,0.559629819685779,0.556534304560763,1.4108730187620613,-0.7756537013590457,-0.6352193174029057,-1.131083636686102,0.5555732215406243,0.5755104151454201,-0.2800116814790684,0.9930044704199711,-0.7924125910796647,0.6923526430101377,-0.1882048032667144,0.5000349971994049,-0.2775248826186224,0.9853123925019552,0.6861817387120189,-0.5029496171277683
1.3707414829659317,0.24562387633507735,0.0005971569508433964,516.7548573709564,1.0921756674566901e-10,-0.06850184151653196,-0.9305546321668801,0.9990564736834361,0.16526867912068235,1.1328355482904449,-1.298104227411116,-0.05611949184355784,-0.9503317742966589,1.0064512661402412,-0.2970158035192581,0.9915288450564538,-0.7935843532776693,0.6423143546806162,-0.18756149428271018,0.49926041233655555,-0.48132659905630276,0.9914664355929138,0.5033828109946804,-0.5042487798604743
1.3747494989979958,0.24562387633146374,0.0005971569509326219,518.2658438175437,-6.16019665725328e-10,1.107974829329386,-0.6708761822590747,-0.4370986470701984,-1.3911153482176708,0.9110823984459407,0.4800329497716218,1.1243746389320568,-0.6691839205882291,-0.4551907183437138,-0.39178846571434844,0.991464765320608,-0.7936258937235251,0.5955646461494523,-0.18688175113063377,0.498954356825371,-0.5465849782849712,0.9912468359204504,0.5000614636885229,-0.506581384632333
1.37875751503006,0.2456238763323746,0.0005971569504818497,519.776830264191,1.5036907144492422e-10,0.2009585192510222,0.8503524254990495,-1.0513109447500317,-0.3315743847045477,-1.0239170477295352,1.3554914324340566,0.190536743314685,0.8703318698383693,-1.0608686131530156,-0.397069455841051,0.9924071265696506,-0.7928683308165319,0.5640120188263186,-0.18621892244168536,0.49935098932544447,-0.3647336133141522,0.9979372472669066,0.5000011167586728,-0.5082421647967241
1.382765531062124,0.24562387633463542,0.0005971569505401074,521.2878167108056,1.0090209289178288e-10,-1.083950527809605,0.7725344862403111,0.3114160415692333,1.3514761265289568,-1.0334901031592025,-0.31798602336964926,-1.1015962504829515,0.7732307406341696,0.3283655098487199,-0.42602935792289603,0.9950311878281032,-0.7907835450342581,0.5428742384184038,-0.1857145677197967,0.498841040973807,-0.5730403448899531,1.0010912866074935,0.5000000202908326,-0.5101540895743177
1.3867735470941882,0.24562387633535138,0.0005971569504334654,522.7988031574401,5.63461434796531e-10,-0.33054313254418755,-0.757997119219286,1.0885402517634717,0.49314125420353255,0.9003648772772918,-1.3935061314807866,-0.3222308691525185,-0.7778933160715583,1.1001241852240757,-0.4548016170240453,0.9972676206743757,-0.7890111312469742,0.5287164345261941,-0.18540563366132967,0.4992988313554747,-0.42800241829655733,1.0034597643917378,0.5000000003686724,-0.5122330674147707
1.3907815631262523,0.24562387633654856,0.0005971569503771757,524.309789604046,3.0143045359880745e-10,1.0444346033193694,-0.8631518650769071,-0.18128273824236918,-1.292521866940985,1.1411273531130681,0.15139451382782004,1.0630740469987137,-0.8662266854300691,-0.1968473615685505,-0.44633926137439867,1.0003193579382008,-0.7866119641592901,0.5192337777010464,-0.18530281386237335,0.4992957840513782,-0.4867366092187752,1.0086024548517867,0.5000000000066985,-0.5139437503547762
1.3947895791583165,0.24562387633271981,0.0005971569498997687,525.8207760506663,3.979711543437479e-10,0.45540367028515494,0.6548086358893105,-1.11021230617442,-0.6476602868489341,-0.7639448703401144,1.4116051571889978,0.449319735935385,0.6743372641160685,-1.1236570000514086,-0.4745641949808115,1.0032695829852416,-0.784302522186177,0.5128824559969294,-0.18545200359134636,0.4994265848270902,-0.5175242925591772,1.0097838638753764,0.5000000000001217,-0.5160713413945764
1.3987975951903806,0.24562387633484814,0.0005971569488371741,527.3317624972642,-6.570463029425383e-11,-0.9899917981196209,0.9414332300939184,0.048558568025633866,1.2150951002752377,-1.2324558302042417,0.017360729929100996,-1.009358581125185,0.9468426737337785,0.0625159073913363,-0.46972439128124377,1.0060417362874792,-0.7821424951662717,0.5086284491315954,-0.1858217497975466,0.4998633926098968,-0.4429144007391421,1.0136766149673415,0.5000000000000021,-0.5179255198128192
1.4028056112224447,0.24562387633462235,0.0005971569502023411,528.842748943864,-4.804547671120214e-10,-0.5737556673556953,-0.5422617474152321,1.11601741477089,0.7929230154590037,0.6166067034603605,-1.4095297189193026,-0.569986990499073,-0.5611436833764771,1.1311306738755136,-0.4672126306190055,1.0084386119817494,-0.7802813055314732,0.5392656295815502,-0.18641911532180153,0.5002512731118892,-0.3971301360158013,1.0103684621210915,0.6879087579330062,-0.5197805398073457
1.4068136272545089,0.2456238763358175,0.000597156949818088,530.353735390497,-5.7064075614480826e-11,0.9214002007420934,-1.006259788308586,0.08485958756657194,-1.1203023692107517,1.3061701730768096,-0.18586780386614574,0.9412175090127436,-1.0139265286031984,0.07270901959053584,-0.38190932599608496,1.008548385218975,-0.7801855357272642,0.5914674382341502,-0.18710338868747767,0.5010886415455998,-0.1330366379793608,1.0088009338405284,0.6997803092781885,-0.5206561734293199
1.410821643286573,0.2456238763337216,0.000597156950369779,531.8647218371113,-1.116596160755052e-10,0.6839076379096649,0.421964947017621,-1.1058725849272257,-0.9268534274412621,-0.4604560762499868,1.3873095036911771,0.6825080923350982,0.43993033321017233,-1.1224384255452102,-0.3464787671769476,1.008198372822751,-0.7804496829767881,0.6272908367713711,-0.18778519032083668,0.5005299828668199,-0.3906716481866293,1.0046432848099427,0.6999960083491894,-0.5217181497365782
1.4148296593186371,0.24562387633305466,0.0005971569501861095,533.3757082837308,-3.5163999483869225e-11,-0.8396401054935386,1.0567050534943667,-0.2170649480008858,1.0094984754268737,-1.3612169882903968,0.3517185128636017,-0.8596247263467387,1.0665195275011428,-0.20689480115446418,-0.33914029374511934,1.005789311815049,-0.7823237101562062,0.6513003545654128,-0.18835494700241565,0.5009895873196112,-0.21512362444583782,0.9989190628194661,0.6999999274740469,-0.5230447029217844
1.4188376753507013,0.2456238763323087,0.0005971569503581646,534.8866947303469,-3.1447268737288134e-11,-0.7842853229909966,-0.29563749358165387,1.0799228165725965,1.0475374220240994,0.2977246888341977,-1.3452621108582155,-0.7852749065286468,-0.31242957407499566,1.0977044806035883,-0.2932152123915416,1.0034364701761327,-0.7841601277319292,0.6673818035079471,-0.1887200754227602,0.5007978853088814,-0.26222098394927673,0.9980093877943067,0.699999998682246,-0.5238385433109537
1.4228456913827654,0.24562387633237825,0.0005971569502470671,536.3976811769646,6.112793213206522e-12,0.7458800097628123,-1.09204806333398,0.3461680535712326,-0.8842669970251968,1.3968095180415758,-0.5125425210164474,0.7657463269645515,-1.1038700039237461,0.3381236769592616,-0.30377036888387043,1.000703311927337,-0.7863070818576147,0.6781528886658944,-0.1888942194565895,0.5005422617049279,-0.31441326000676373,0.9924969701770865,0.6999999999760571,-0.5251347952173712
1.4268537074148295,0.24562387633720806,0.0005971569503666197,537.90866762358,-1.77637279002326e-11,0.8734541464245545,0.16508483859195666,-1.0385389850164357,-1.1532501979518248,-0.13073827564118978,1.2839884735929257,0.876818718864248,0.18046362606858554,-1.0572823449327577,-0.28113327597669646,0.9975396369807532,-0.7888078356912778,0.6853671777409924,-0.18881986345885765,0.5006401971932849,-0.2014958955737543,0.9906129189613413,0.6999999999995651,-0.5260940116938074
1.4308617234468937,0.24562387633639385,0.0005971569504007877,539.4196540702004,8.923844726689159e-11,-0.6414599315494877,1.1117837213302881,-0.4703237897808436,0.7463977384873183,-1.412439102702768,0.666041364215508,-0.6609240220399398,1.1254441773772998,-0.4645201553374053,-0.27393277506697783,0.9948999235799973,-0.7909006807283718,0.6901991854239128,-0.1885171564508888,0.5001279816100271,-0.3085355250537546,0.9879111115939668,0.6999999999999921,-0.527117319792861
1.4348697394789578,0.24562387633492194,0.0005971569495572381,540.930640516823,2.494935903020674e-10,-0.9501396559495436,-0.032172811471406396,0.9823124674208821,1.2424808605396553,-0.038116645127536514,-1.2043642154120218,-0.9558311320568987,-0.045918509704495715,1.0017496417613259,-0.27810520272655115,0.9920471017065373,-0.7931769785694192,0.6789308189575456,-0.1879903810337531,0.49995320872783455,-0.26947881305482596,0.9871913348529623,0.5421345659087872,-0.5282744913988127
1.438877755511022,0.24562387633481825,0.0005971569501975855,542.441626963421,-2.0438695658248966e-10,0.5278721963125986,-1.1156299273210422,0.587757731008491,-0.5978610626557861,1.407882315631955,-0.8100212529762156,0.5466558800044442,-1.130933657570221,0.5842777775658259,-0.33202715521905213,0.9915568137780274,-0.7935578855097704,0.6228954140888722,-0.1873201573234254,0.4988928406293441,-0.6015958319468273,0.9915673637432975,0.5007655611152853,-0.5299942174955793
1.442885771543086,0.24562387633640878,0.0005971569501817856,543.9526134100437,-4.49434956789105e-11,1.0132459903234556,-0.10119902366181177,-0.9120469666615584,-1.3139542626592928,0.2064267980372949,1.107527464621896,1.0211830266864177,-0.0892828602526601,-0.9319001664336716,-0.40457927862732496,0.9915469638448288,-0.7935574135630525,0.5823686783870078,-0.18663984681994242,0.4992315024277594,-0.4265166046591359,0.9929061906047285,0.5000139097946648,-0.53223289490742
1.4468937875751502,0.245623876336971,0.0005971569503142682,545.4635998566583,-9.013627837568116e-11,-0.40674020528966254,1.103531744532238,-0.6967915392426013,0.44077986307741396,-1.3832043164863017,0.942424453408922,-0.42457502878150444,1.1202600342753306,-0.6956850054938529,-0.3978014407182406,0.9933585163652274,-0.792111215164068,0.5551701418935736,-0.18601914392335003,0.49914353076505635,-0.44590421648876133,1.0002111515834557,0.5000002527327551,-0.5337681456440165
1.4509018036072143,0.24562387633717786,0.0005971569502776139,546.9745863032782,4.923162530815548e-12,-1.0618711484050958,0.23312453798389687,0.8287466104211211,1.3666488064556528,-0.3717867343769653,-0.99486207207858,-1.0719403102886935,0.2232082158878106,0.8487320944008043,-0.44564195577932375,0.9958812477724452,-0.7901090041966093,0.5369520376186098,-0.18559292794379692,0.4989270815093677,-0.5511823975311297,1.0012214448253307,0.5000000045920034,-0.5359283698863454
1.4549098196392785,0.24562387633797203,0.0005971569503490083,548.4855727498957,3.9095811643142456e-11,0.27979514709420955,-1.075662058107225,0.7958669110130419,-0.2773991067121082,1.3387577777328488,-1.0613586710207612,0.29642621762988136,-1.0935758301066323,0.7971496124767793,-0.4486436515599047,0.9982914657663554,-0.7882038582059889,0.5247498443818446,-0.18535319689189603,0.499409963561985,-0.4035048549813617,1.0057310123486314,0.500000000083434,-0.5377727666607164
1.4589178356713426,0.24562387633772684,0.0005971569503239924,549.9965591965138,8.589075489089351e-11,1.095320219615803,-0.36171827328976647,-0.7336019463259487,-1.3998114342472376,0.5318331561235183,0.8679782781236121,1.107377601385526,-0.35394351572974586,-0.7534340856556909,-0.4560243546465309,1.0015178622615073,-0.7856732800398047,0.5165770233086789,-0.18534514406471853,0.4992393238978329,-0.538599115124245,1.0091572729426002,0.500000000001516,-0.5396401594324786
1.4629258517034067,0.24562387633792696,0.0005971569503198742,551.5075456431317,1.2356460350338023e-10,-0.14885130405429753,1.0324191818664497,-0.8835678778121616,0.11005380859400582,-1.2751779240446486,1.1651241154506509,-0.16404093247801685,1.0512624142813556,-0.8872214818033484,-0.4769238555225909,1.004248042613944,-0.78353818415523,0.5111030072526096,-0.18557911870590385,0.49964380371382594,-0.4674188103703349,1.0108990219939147,0.5000000000000275,-0.5417327531453475
1.4669338677354709,0.24562387633349844,0.000597156950182389,553.018532089744,1.9054373404775268e-11,-1.1131151466713567,0.48514238592889797,0.6279727607423747,1.4129681812038861,-0.6842787020648023,-0.7286894791389732,-1.126988427874762,0.4796203093612882,0.6473681185133892,-0.46830080100292754,1.0072007448824638,-0.7812439540975966,0.5080848209535443,-0.18603457369002066,0.49988193336687303,-0.4779666211419942,1.0148653133989114,0.5470080406833551,-0.5435375323481978
1.470941883767535,0.24562387633778768,0.0005971569502014358,554.5295185363615,4.39385478518582e-11,0.015780106630438148,-0.9744211495446907,0.9586410429142576,0.058864354750601845,1.1933734505856324,-1.2522378053362322,0.029311205966494704,-0.9939245358793904,0.9646133299129016,-0.44699054685438766,1.0085729551697684,-0.7801729248517103,0.5603816411197209,-0.18668951591678057,0.5007228050796148,-0.24248001088568938,1.0086008218606572,0.6972202275777493,-0.5451905052157224
1.4749498997995991,0.24562387633630617,0.0005971569501218452,556.0405049829769,1.6527947857427914e-11,1.1150016642730392,-0.6016329457492624,-0.5133687185236868,-1.4059310711836264,0.8269446768720999,0.5789863943114164,1.130492563875257,-0.5984424666250511,-0.5320500972501142,-0.35318561137753357,1.008599545471728,-0.7801429137237774,0.6062847467115849,-0.18737644426110303,0.500908352598548,-0.22201757027323682,1.008611882278033,0.6999494931032948,-0.5458449420883364
1.4789579158316633,0.24562387633727173,0.0005971569502254685,557.5514914295911,-3.4696547035235565e-11,0.1175166191357479,0.902496885277574,-1.0200135044133096,-0.22694124260100873,-1.0945135253498341,1.3214547679508246,0.10583743183450917,0.9223816907097258,-1.0282191225442234,-0.3525172193715322,1.0075088738675708,-0.7809841485878394,0.637227466232941,-0.18803904223057838,0.5005943000961953,-0.3736192558518844,1.001629383864903,0.6999990823197821,-0.547230688257583
1.4829659318637274,0.24562387633762295,0.0005971569502971908,559.0624778762156,1.6169015880377423e-10,-1.1009527136831714,0.7095250414407016,0.39142767224238684,1.3788005754123165,-0.9577920629330845,-0.4210085124791246,-1.1178398454621772,0.7087117636353266,0.4091280818267664,-0.3182674584232939,1.0048474650716017,-0.7830586839614518,0.6579559619304063,-0.1885341311993851,0.5010852789579988,-0.17164028113212987,0.9988101439401502,0.6999999833263015,-0.5482577547012365
1.4869739478957915,0.24562387633657656,0.0005971569502632526,560.5734643228211,-1.0401625543972558e-10,-0.2491338134416453,-0.8176742451886929,1.0668080586303217,0.3917747181556004,0.9800109427478942,-1.3717856609034649,-0.2394734554450038,-0.8376562767657426,1.0771297322107305,-0.2941726318115314,1.0025902968393705,-0.7848225570501821,0.6718396197597021,-0.18883306745642878,0.5005906252621518,-0.33023055471049073,0.9962265171409386,0.6999999996970488,-0.5492168197925221
1.4909819639278556,0.24562387633626656,0.0005971569503764152,562.0844507694399,-5.37750853568126e-11,1.0711691360808007,-0.8072767255211786,-0.26389241055953594,-1.3319644921144271,1.0749508427736865,0.257013649340637,1.0892111447705004,-0.8088522642728656,-0.28035888049754754,-0.3008470409791089,0.9994904162427177,-0.787264986010824,0.6811386579733929,-0.1889219570894693,0.500648840484162,-0.25016355991137024,0.9912274986494133,0.6999999999944955,-0.5504894591855601
1.4949899799599198,0.24562387633611177,0.0005971569503448441,563.5954372160622,1.0441209896740281e-10,0.3771904250490422,0.7211655529485029,-1.0983559779975138,-0.5510090088931683,-0.8515022223521503,1.4025112312452757,0.3696869633504943,0.7409592294358117,-1.1106461927862754,-0.2723476084697948,0.9965752587937978,-0.7895711785600171,0.6873669950613044,-0.1887587008664454,0.5004699638431632,-0.2370720324703643,0.990169857852902,0.6999999999999,-0.5513506183208489
1.498997995991984,0.24562387633574229,0.0005971569502236936,565.106423662677,7.258061083359423e-11,-1.0260766000577248,0.8934909499398959,0.13258565011775075,1.2660922130243475,-1.1767466168645062,-0.08934559615974237,-1.045015631282809,0.8974327892367684,0.14758284204596075,-0.2788061261132899,0.9938338740307774,-0.7917501749699598,0.691538628929483,-0.18837788789116594,0.5000491220367489,-0.3032109058672059,0.9862707194328528,0.6999999999999982,-0.5525110656068332
1.503006012024048,0.24562387633838512,0.0005971569501323537,566.617410109297,1.6524392208640824e-10,-0.4998563073171532,-0.6143501026672313,1.114206409984347,0.7023683901561744,0.7108239986697651,-1.4131923888258846,-0.494616979303946,-0.6336725392410331,1.1282895185449426,-0.28259097435482355,0.9916031278594826,-0.7935282345078971,0.6576889346474277,-0.18777524467710696,0.4996110170655728,-0.36840584952642047,0.9902235186527526,0.5098495067827211,-0.5536683655948074
1.5070140280561122,0.24562387633772498,0.0005971569501811754,568.1283965559095,6.852045490657305e-11,0.9663195572202554,-0.9669355594449763,0.0006160022247978653,-1.1821251601760872,1.2617245280731462,-0.07959936789715154,0.9858849463305172,-0.9731873697442824,-0.012697576586156202,-0.3704527878265895,0.9915145923995029,-0.7935882605709708,0.6063304758750598,-0.1870975600741714,0.49882751445852547,-0.609469321593395,0.9910617111465057,0.5001789595647933,-0.5558325925827903
1.5110220440881763,0.2456238763369973,0.0005971569502922535,569.6393830025248,4.985271764147748e-11,0.6153783115163335,0.4987544405503015,-1.1141327520665847,-0.8436896207259234,-0.5599867671267051,1.4036763878525607,0.6124779947043676,0.51732948241964,-1.129807477123959,-0.401747638132682,0.9919100975187108,-0.7932653797174216,0.5712312946903477,-0.18642125564038373,0.4993895058443325,-0.35607983173397534,0.995722000607212,0.5000032515898154,-0.5577350559333616
1.5150300601202404,0.2456238763353127,0.0005971569501747268,571.150369449139,-1.1274297790909566e-11,-0.8927520272915491,1.0265608787425478,-0.1338088514510661,1.081263367063486,-1.328670078352875,0.2474067112894742,-0.9126641445182111,1.0350333058235288,-0.12236916130538694,-0.41100083329721965,0.9943518374469101,-0.7913226104629918,0.5477097407296851,-0.18586269401934968,0.49891974307031794,-0.5384856837722357,1.001054024608481,0.5000000590794456,-0.5594297016854576
1.5190380761523046,0.24562387633548388,0.0005971569503365959,572.6613558957548,-2.1873136176322258e-11,-0.7221054333277372,-0.3760306696684791,1.0981361029961614,0.9729529814144822,0.40114630777653537,-1.3740992891909414,-0.721585578480874,-0.3935928455856783,1.1151784240664973,-0.4552111732868414,0.9966492422938551,-0.7895002118951291,0.5319551742433942,-0.18550585902717207,0.49914621637362977,-0.4788323110187862,1.0021497209652286,0.5000000010734386,-0.5616234816559899
1.5230460921843687,0.24562387633430066,0.0005971569502392522,574.1723423423705,-4.5306078453397515e-11,0.8064254384076911,-1.0715147653592274,0.2650893269516008,-0.9649483420104729,1.376626500418715,-0.4116781584083178,0.8263997033956122,-1.0820867229423956,0.25568701954684936,-0.44446591884642045,0.9994328364858528,-0.7873070429850322,0.5214030303318331,-0.1853407316306019,0.4993735664439041,-0.43974992601175283,1.0076831781361528,0.5000000000195037,-0.5633226784071755
1.5270541082164328,0.24562387633378274,0.0005971569503247416,575.6833287889875,-2.6905953105289594e-11,0.8185123516748262,0.24793273558596218,-1.0664450872607247,-1.0883110663243425,-0.23657273738691453,1.3248838037111719,0.8203803872978396,0.2642310498292915,-1.0846114371270668,-0.46813333839638005,1.0025598372878286,-0.7848577185441314,0.5143353843817303,-0.18542498471418364,0.4993056248033464,-0.5433886033197326,1.0093943097302847,0.5000000000003545,-0.5653763193336466
1.531062124248497,0.24562387633312915,0.0005971569502840766,577.1943152356029,-5.132843265283745e-11,-0.7085735541648345,1.1011547456049118,-0.3925811914401348,0.8348424369767178,-1.4049084074533864,0.5700659704767312,-0.7283244972462737,1.1136751399287312,-0.3853506426825158,-0.47324503015878977,1.0052456132770002,-0.782761052693179,0.5096015957632525,-0.1857365397254078,0.4998085387210258,-0.4384630405666104,1.0124716721158475,0.5000000000000064,-0.5673303809986576
1.535070140280561,0.24562387633416086,0.0005971569499364675,578.705301682227,1.39725468354291e-10,-0.9032212272108638,-0.11629138802450113,1.0195126152352898,1.1881151924578859,0.06861810730496067,-1.2567332997627507,-0.9074504571199372,-0.13109290749521318,1.0385433646150775,-0.47044332855233806,1.0081021070765444,-0.7805445783674423,0.5234904623798974,-0.18627712501464233,0.49999680046961514,-0.47311505608615984,1.0125847309318199,0.6646449962641043,-0.5691847104299274
1.539078156312625,0.24562387633428048,0.0005971569500736579,580.2162881288338,-9.751423531879227e-11,0.600594866002661,-1.1150572281739382,0.5144623621713227,-0.6928051182163042,1.4131116289592485,-0.7203065107429987,0.6198402120917977,-1.1293471219522364,0.5095069098604852,-0.41059265152143054,1.0085384211426078,-0.7801957408406672,0.5792171692878519,-0.18695614371913347,0.5010498822860672,-0.1362890311535404,1.0084614878925853,0.699357619716514,-0.5703938439030589
1.5430861723446891,0.2456238763359186,0.0005971569501915792,581.7272745754561,5.381356222988517e-11,0.9750214075465327,-0.017011977768596732,-0.9580094297778616,-1.2709389631886017,0.10031720089241847,1.1706217622960844,0.9815513910717585,-0.0039187931373942594,-0.9776325979342887,-0.3438435632540376,1.0084774051080718,-0.7802348686313321,0.6190552123867488,-0.18764190207880974,0.5006419032345881,-0.34042188158390746,1.0067819693962008,0.6999883283473571,-0.57119776671514
1.5470941883767533,0.24562387633466676,0.000597156950438085,583.2382610220601,-2.6327859458719633e-10,-0.4840325441558323,1.1130234393936922,-0.6289908952378993,0.5408663070157217,-1.4011188195891935,0.8602525125735132,-0.5024972406562914,1.1288786025927289,-0.6263813619364782,-0.34955323936672567,1.0065353762211862,-0.7817418662326702,0.6457837178868421,-0.18825860854356677,0.5008244769192379,-0.2840164252695149,0.9995704898297744,0.69999978793297,-0.5726547952436103
1.5511022044088174,0.24562387633370839,0.0005971569501007421,584.7492474686933,1.5955897068601405e-10,-1.0328867780905175,0.15007221338214863,0.8828145647082858,1.3355987289820421,-0.2678187964791297,-1.0677799325028086,-1.0416241895907106,0.13887449058733276,0.9027496990032952,-0.29995452540519224,1.0040068215121547,-0.7837146887877761,0.6636868443188066,-0.1886758815736036,0.5009676606864769,-0.20645906089540875,0.9986526945166704,0.6999999961468623,-0.5734644229457654
1.5551102204408815,0.2456238763354122,0.0005971569501944988,586.2602339153065,9.496732830352518e-11,0.3605525421089275,-1.0950825751226425,0.7345300330137429,-0.381197556787732,1.3691015462655762,-0.9879039894778782,0.37797269597724276,-1.1122764151283324,0.7343037191511196,-0.30073640027760606,1.001551461224139,-0.7856387226621357,0.6756780678868283,-0.18890533264645598,0.5005104627110287,-0.34336682261830537,0.9939489210896246,0.6999999999299906,-0.5746560602568025
1.5591182364729457,0.24562387633557814,0.0005971569500932207,587.7712203619238,1.2059490763181902e-10,1.0759902835732722,-0.28098764514730046,-0.7950026384258877,-1.3811703221151816,0.43149277891789806,0.949677543197175,1.086810247904104,-0.27184541760744024,-0.8149648302965787,-0.29029060696107384,0.9983119794016702,-0.7881968227124775,0.6837095850255352,-0.18889958277607086,0.5006931583722258,-0.20435963874050647,0.9907448065813748,0.6999999999987279,-0.5757554286123594
1.5631262525050098,0.2456238763373459,0.0005971569502152521,589.2822068085378,6.038961649142296e-11,-0.23191955925422794,1.061490915259685,-0.8295713560054756,0.21608077539936812,-1.3175172340572479,1.1014364586578969,-0.24804620486798143,1.0797776961099788,-0.8317314912420175,-0.2710818616566559,0.9956205063983079,-0.7903280743983184,0.689088958117713,-0.18865347516528247,0.5002542123055821,-0.2865020681680735,0.9890562681719471,0.6999999999999769,-0.5766730430963352
1.567134268537074,0.2456238763342414,0.0005971569496488114,590.7931932551372,-3.6230056945819606e-10,-1.1037158843973185,0.4078872394016168,0.6958286449956145,1.4070024098305587,-0.5889999147887982,-0.8180024950416511,-1.116463758310839,0.4009311639339632,0.7155325943767877,-0.2797570631959564,0.9927041935234813,-0.7926526412413328,0.6908208274795778,-0.1881887007293656,0.5000364935144088,-0.2674008477619131,0.9853752965915454,0.6248942893846219,-0.5778683073876171
1.571142284569138,0.24562387633397195,0.0005971569502641258,592.30417970177,4.4945313205913184e-11,0.09997202920423,-1.0127286152886117,0.9127565860843887,-0.04787581107605668,1.2471031825632388,-1.1992273714871855,0.11457468251812947,-1.0318469752366521,0.9172722927185308,-0.3050824073843901,0.991529117158692,-0.7935829959880919,0.6368510673125204,-0.18753480725956095,0.49914319206276814,-0.521440322339715,0.9916436447001405,0.5022692548391432,-0.5792593597733486
1.5751503006012022,0.24562387633321045,0.0005971569503081826,593.81516614838,-1.067955900008038e-10,1.1156673835315019,-0.5289573795384831,-0.586710003992932,-1.4127258833514456,0.7380891700961277,0.674636713255208,1.1301609829244164,-0.5242868762261692,-0.6058741066981596,-0.3972357489048464,0.9914597725634929,-0.7936291263265579,0.591824806386566,-0.18685440556627364,0.4990298340994964,-0.5147614720094491,0.9915248763304141,0.5000412310240115,-0.581603244384662
1.5791583166332663,0.2456238763320967,0.0005971569501532159,595.326152595,-1.0994033344700936e-11,0.03340428359342184,0.9494925897127905,-0.9828968733062073,-0.12101338754316697,-1.1588657738440593,1.2798791613872165,0.020534317421447824,0.96916930225658,-0.9897036196780239,-0.39615817246393625,0.9926352047508343,-0.7926865875616427,0.5615056731185424,-0.18619985681786344,0.49931152036845705,-0.380607524920974,0.9986651772588548,0.5000007491437233,-0.5832013638444645
1.5831663326653305,0.24562387633171787,0.0005971569502770968,596.837139041614,-6.65254140011204e-11,-1.1116739640755708,0.6424677569521027,0.46920620712338446,1.3982589304123916,-0.8766297897377964,-0.5216291406744851,-1.1277061482846835,0.6401495748622628,0.48755657342233605,-0.43185528855294814,0.995263800016438,-0.7905989536250766,0.541195504231526,-0.18571618734070447,0.4988459882161783,-0.5749186756423771,1.0010735601893679,0.500000013611498,-0.585193763602868
1.5871743486973946,0.24562387633411265,0.0005971569501659342,598.3481254882338,2.1827920295177707e-11,-0.1663031904663211,-0.8726865731662833,1.0389897636325942,0.28817308808511954,1.0540660526145718,-1.342239140699669,-0.15534984740386665,-0.8926404231468434,1.0479902705507012,-0.4535214893322726,0.9975165118296974,-0.7888146105186019,0.5275920465410197,-0.18542480471165962,0.499345874135053,-0.415146392424647,1.0040365911291131,0.5000000002473131,-0.5872118328522646
1.5911823647294587,0.24562387633484922,0.0005971569502729813,599.8591119348513,4.997711389235262e-11,1.0917926933125142,-0.7467960995005626,-0.34499659381186354,-1.363808310258457,1.0026417757478647,0.3611665345104854,1.1091343366207174,-0.7468633712786347,-0.3622709653419928,-0.4482979030011825,1.000641740675206,-0.7863593896990656,0.5184806818129793,-0.18534621399828935,0.4992735732511197,-0.5038249468065603,1.00881100712735,0.5000000000044935,-0.5889523159800335
1.5951903807615229,0.2456238763358819,0.0005971569501996616,601.3700983814675,4.8073162546466595e-11,0.29682532132178585,0.7834082559041281,-1.080233577225888,-0.45121426735097947,-0.9342017817265006,1.385416049077444,0.2879451445411625,0.8033540650648088,-1.0912992096059453,-0.4760057626493674,1.003522153844275,-0.784105051059273,0.5123780452253048,-0.18551815589871948,0.49948546855480186,-0.5042797172448515,1.0100063424276737,0.5000000000000817,-0.5910860288667901
1.599198396793587,0.24562387633764646,0.0005971569502331257,602.8810848280859,1.0312935793974771e-10,-1.0563076800730653,0.8404513431751796,0.21585633689781297,1.3098663415187328,-1.114324155416681,-0.195542186101948,-1.074710936439629,0.8429031064102894,0.23180783002926655,-0.4688451302905881,1.0063409357515691,-0.7819103329763655,0.5082906034065173,-0.18590964870577154,0.49987496520241664,-0.44993859791740487,1.0140720668449275,0.5000000000000014,-0.5929146986373153
1.6032064128256511,0.24562387633718163,0.0005971569501813644,604.3920712747008,7.079273767985629e-11,-0.4231052727602221,-0.6829335948280834,1.1060388675882835,0.6078067641549488,0.8009860506526038,-1.4087928148075048,-0.4164251769635607,-0.7025862996828368,1.1190114766463755,-0.46379396163299164,1.0084949379053734,-0.7802365033465066,0.5450916804225613,-0.18652462422912863,0.5003754199664936,-0.35768793178812697,1.0097055822342424,0.6918486857977068,-0.5947430645259082
1.6072144288577153,0.24562387633264215,0.0005971569499278555,605.9030577213113,-7.077026608173857e-11,1.0057260851834597,-0.9220949882189995,-0.08363109696437208,-1.2372039586324632,1.2100807786936136,0.027123179938753364,1.0249279305401973,-0.9268961961441706,-0.09803173439593675,-0.372577874370564,1.0085538635593618,-0.780180428217986,0.5956548843326452,-0.18720909776462408,0.5010635383401749,-0.1482943629183051,1.0088634395974394,0.6998518955712999,-0.5955248151061053
1.6112224448897794,0.24562387633472765,0.0005971569501663439,607.41404416793,-1.2645817617343828e-11,0.5433382745609214,0.5726985617766367,-1.1160368363375066,-0.7557125924656083,-0.6563227577442924,1.4120353502098422,0.5389537298820601,0.5917772878650797,-1.1307310177470886,-0.3483535675223748,1.0080379069917034,-0.7805737663059086,0.6301006996409656,-0.18788701710910052,0.5005237486928564,-0.3960507860587309,1.0037866137822762,0.6999973090279267,-0.5966872300167605
1.6152304609218435,0.24562387633465987,0.0005971569502207438,608.9250306145431,-9.68877196935953e-11,-0.9407708397101582,0.9905602206702578,-0.04978938096016518,1.1468596982290948,-1.2885431568517047,0.1416834586226998,-0.9604968559519144,0.9976422658157361,-0.03714540986388905,-0.3339861116584375,1.0055142540969226,-0.7825383151402737,0.6531824469273482,-0.18843674130727475,0.5010355285208455,-0.19604758015687676,0.99881839689882,0.6999999511066495,-0.5979393804670582
1.6192384769539077,0.24562387633787133,0.0005971569504700289,610.4360170611609,-6.34956536036152e-11,-0.6558059685792983,-0.4542786096470988,1.1100845782263535,0.8928178817789048,0.5022794084522185,-1.395097290231054,-0.653779638863773,-0.4725106894057371,1.1262903282694663,-0.29245985743727576,1.0032114896223558,-0.7843360385119955,0.6686423985579365,-0.18878291004070774,0.5007351050749549,-0.2835643404473111,0.9976126303387767,0.6999999991116368,-0.5987600126085884
1.6232464929859718,0.24562387633709545,0.0005971569502072987,611.9470035077836,8.685573479932696e-11,0.8623702403382769,-1.0448685154283117,0.18249827509010927,-1.0401246892409375,1.348589875839464,-0.30846518659860844,0.8823385003471619,-1.0541301782119927,0.17179167786490704,-0.30390616712649043,1.0003688033147773,-0.7865710369024596,0.6789972137446599,-0.18893441052648363,0.5005688015265105,-0.2983133430104866,0.9920543412213513,0.6999999999838589,-0.6000696861487744
1.627254509018036,0.2456238763374373,0.0005971569503367013,613.457989954398,3.628822176251361e-11,0.7589009968310348,0.32936619066032474,-1.0882671874912937,-1.017163182374116,-0.3410575678085068,1.3582207501825436,0.7592618420569228,0.346491052642929,-1.1057528946997857,-0.2781781487600653,0.9972614360090188,-0.7890279834182831,0.6859326922687689,-0.18883460904823968,0.5006041058119165,-0.207352439939352,0.9905321639831506,0.6999999999997066,-0.6009885295923502
1.6312625250501,0.2456238763369801,0.0005971569503563411,614.9689764010157,7.055138391593909e-11,-0.7716447982768676,1.0842437343218079,-0.31259893604499417,0.9185244018424845,-1.3893627754934623,0.4708383736510487,-0.7915699197828429,1.0955526473975117,-0.3039827276147243,-0.2753615214025634,0.9946113791795879,-0.791130344514115,0.6905779574017232,-0.18851031106395047,0.5000960901635425,-0.3113015171962065,0.9874471693680471,0.6999999999999947,-0.6020538059402264
1.6352705410821642,0.2456238763349554,0.000597156949580251,616.4799628476372,1.943032348043946e-10,-0.8511499509310496,-0.19974653051214972,1.0508964814431396,1.1269713729119468,0.1749613913044368,-1.3019327642162952,-0.8538928141541652,-0.2155194276114435,1.0694122417655478,-0.27804769403034274,0.9918640327334465,-0.7933225694546729,0.6734615874966773,-0.1879606100450549,0.4998862807405504,-0.2853858695334927,0.988044127441816,0.5286017429112259,-0.6031975421552715
1.6392785571142283,0.24562387633733887,0.000597156950199706,617.9909492942448,-3.16676730525192e-11,0.6698911472155025,-1.1081231389702302,0.43823199175478567,-0.7837967279507997,1.4102791620823192,-0.6264824341315818,0.6894883646654073,-1.1213176772255167,0.43182931256016877,-0.3425873994101544,0.9915399944873035,-0.7935703877852424,0.6182524195939781,-0.1872860870928191,0.4988419952403941,-0.6158487401499532,0.9914037242911938,0.5005196766746676,-0.6050463807218198
1.6432865731462925,0.24562387633804478,0.0005971569502176016,619.5019357408636,3.118496069759014e-11,0.9312343907488784,0.06727211804261471,-0.9985065087914151,-1.2206730460252573,-0.006364699419259635,1.2270377454444212,0.9363200718891872,0.0814676301631138,-1.0177877020522221,-0.40491867096482315,0.9915958902684879,-0.7935177001294855,0.5792410775199697,-0.18660474494388646,0.4992913572355243,-0.39993583630796836,0.9935608835534452,0.5000094422133929,-0.6072091510071927
1.6472945891783566,0.24562387633719487,0.0005971569502710996,621.0129221874755,-8.940890467266328e-11,-0.5585635041146938,1.116165399248524,-0.5576018951338688,0.6378671403867366,-1.4110400307483766,0.7731728903616905,-0.577552735735247,1.1310569885990334,-0.553504252863826,-0.40013750939858767,0.9936111741942789,-0.7919105648290812,0.5530750047574595,-0.185997663657442,0.4990757669405189,-0.47265462968078875,1.000552685049395,0.5000001715593827,-0.6087620904350484
1.6513026052104207,0.2456238763356325,0.0005971569501975633,622.5239086340938,-3.9996274244550286e-11,-0.9980097835995744,0.06616373131164244,0.931846052287859,1.2969290564828198,-0.16232295476554107,-1.1346061017171762,-1.00536559507462,0.05374848615971256,0.951617108914834,-0.44937639104117205,0.9960718849307266,-0.7899577926056109,0.5355487446501235,-0.1855895712852631,0.4989761108651895,-0.5346614022987553,1.0013564232003267,0.5000000031171313,-0.61095521682725
1.6553106212424848,0.24562387633600702,0.0005971569503228624,624.034895080709,-7.032286552849429e-11,0.4392529722311735,-1.108255619335635,0.6690026471044997,-0.4828212697441881,1.3916345597267852,-0.9088132899826353,0.4573628269345052,-1.1246314310612942,0.6672686041268288,-0.44700594277652456,0.9985702553002028,-0.7879845855086016,0.5238099425981253,-0.18536763595205968,0.4994105676443609,-0.407952335910753,1.0062968530339729,0.5000000000566365,-0.612746067956828
1.659318637274549,0.24562387633468383,0.0005971569502419668,625.5458815273287,6.799444203493572e-12,1.0505217967015692,-0.19865397824908837,-0.851867818452395,-1.3546495905459053,0.32869071628412355,1.0259588742616768,1.060042613285966,-0.18819643652296067,-0.8718461767629183,-0.4593096787638078,1.0017947183949696,-0.7854565730923255,0.5159474931358117,-0.18538339516185331,0.4992412394370455,-0.5450331664326736,1.009206480789361,0.5000000000010291,-0.6146665269106524
1.6633266533066131,0.2456238763347257,0.0005971569503325975,627.0568679739465,4.751723093738604e-11,-0.3136647134899391,1.0845068400975313,-0.7708421266076135,0.3208750015003309,-1.3523400872878468,1.0314650857875405,-0.33063636842447797,1.102132833840285,-0.7714964654158296,-0.47636355925389423,1.0044932253337922,-0.7833469707451471,0.5106813586888819,-0.18563720619720442,0.4996933451895395,-0.45636904303190184,1.0112733445044484,0.5000000000000187,-0.6167281145105769
1.6673346693386772,0.24562387633490984,0.0005971569498045962,628.5678544205599,-2.844954944691629e-11,-1.088019958420756,0.3283051049160494,0.7597148535046239,1.393009741493303,-0.4903609003210027,-0.9026488411721926,-1.099569708673923,0.3199547225306837,0.7796149861431556,-0.46884443110271146,1.0074726071929176,-0.7810333442866036,0.5106605590459596,-0.18611447410949175,0.499886683139362,-0.4862552050897326,1.0145540869813494,0.5972183462875745,-0.618540819176818
1.6713426853707414,0.2456238763332278,0.0005971569502065321,630.0788408671791,4.6430710632856756e-11,0.18359361279376193,-1.0452584782692116,0.8616648654754655,-0.15434284435145912,1.2937182063639876,-1.1393753620125393,0.1991845129087692,-1.0638827481929358,0.8646982352841843,-0.43823968544498043,1.0085494343161874,-0.7801900065499487,0.5657421279847722,-0.1867774006236968,0.5008328373454715,-0.20463827830755454,1.0084135992059509,0.6981325201957509,-0.6200904360676676
1.6753507014028055,0.24562387633763344,0.0005971569501573991,631.5898273137947,2.4964326085779295e-11,1.109968271696035,-0.4532641364953416,-0.6567041352006056,-1.4114611683466018,0.6450229084100134,0.7664382599364771,1.1233818935256987,-0.4471402581053135,-0.6762416354202958,-0.3487524865810953,1.0085729364542628,-0.780162750901522,0.6099411606742225,-0.18746285659295092,0.5008299405615696,-0.25554233206065374,1.0082647790319808,0.6999660689853977,-0.6207515832103304
1.6793587174348696,0.24562387633722596,0.0005971569502731587,633.1008137604106,1.3931858951073163e-11,-0.05089862058381867,0.9910714482861182,-0.9401728277023019,-0.014395156028745242,-1.2166067170660497,1.2310018730947947,-0.06488594393290284,1.0104278194125123,-0.9455418754796127,-0.35293841662935516,1.0072458547151544,-0.7811885834597105,0.6396776700123293,-0.1881141715087996,0.5006433605402574,-0.35373767949511964,1.0009300970199908,0.6999993834938074,-0.6221866308341637
1.6833667334669338,0.24562387633580604,0.0005971569502061408,634.6118002070243,-5.603558956027595e-11,-1.116053113525563,0.5717451934706455,0.5443079200548312,1.4097402350207333,-0.790466354124083,-0.6192738808965402,-1.1311388965938731,0.5679353387439862,0.5632035578498,-0.31259517335199954,1.0045931042925162,-0.7832571438452842,0.6595970884018025,-0.1885865425971911,0.5010684249838734,-0.17402634439388176,0.9988003503043511,0.6999999887984474,-0.6231378573461769
1.687374749498998,0.2456238763345274,0.0005971569502021232,636.1227866536402,-7.257849723123295e-11,-0.08252380531246331,-0.9227201932549065,1.0052439985673645,0.18292742346821445,1.1221076818571634,-1.3050351053253633,-0.07033996403250628,-0.9425320252178926,1.0128719892503948,-0.2957847384714392,1.002311513137012,-0.785041246760265,0.6729388186523552,-0.18886590772809267,0.5005495801687513,-0.34019991460046267,0.9956052639556306,0.6999999997964744,-0.6241616900846687
1.691382765531062,0.2456238763356739,0.0005971569503555827,637.6337731002569,-6.235521989351876e-11,1.106187519429022,-0.6820549668761641,-0.4241325525527703,-1.3878715422016394,0.9246125927433214,0.4632589494582096,1.1227298613481111,-0.6806135859702795,-0.4421162753777426,-0.29854224811423963,0.999146741822775,-0.7875366106691377,0.6818748826355845,-0.18892840635408992,0.5006672080162031,-0.23408958373623096,0.991020828310511,0.699999999996302,-0.6253970089516996
1.6953907815631262,0.24562387633445995,0.0005971569502422203,639.1447595468749,-2.2308404117452016e-11,0.21476681437019451,0.8411815752056877,-1.0559483895758635,-0.3488453221885559,-1.0115716738399343,1.3604169960284627,0.20456058486842646,0.8611657222631479,-1.0657263071315568,-0.2712531918068765,0.9963040182895017,-0.789786029387255,0.6878601057731503,-0.18874086496316053,0.5004068791351383,-0.25087775584338523,0.9899232504192216,0.6999999999999328,-0.6262591739739612
1.6993987975951903,0.24562387633494898,0.000597156950339101,640.6557459934933,3.1763501951185714e-11,-1.0805124767215515,0.7826169233293796,0.29789555339208884,1.3461676192634249,-1.0455444214588152,-0.30062319780450475,-1.0982749570345933,0.7835646162727838,0.314710340761725,-0.27959517553710833,0.9935149915828738,-0.7920046921695432,0.6918689060671167,-0.18833671398823507,0.5000378701881638,-0.29521139277080266,0.9858659563252011,0.6999999999999986,-0.6274414215941532
1.7034068136272544,0.24562387633268487,0.0005971569501481223,642.1667324401157,1.842510944020372e-10,-0.3439404136500392,-0.7476209376855669,1.0915613513355802,0.5097775853639736,0.8865784568944906,-1.396356042258424,-0.33585766294474645,-0.767491787611711,1.1033494505564323,-0.28679232917652603,0.9915479365687871,-0.7935711246622266,0.6518117944693145,-0.1877161503373285,0.49947880657764343,-0.40967808990539323,0.9908084366582611,0.5065989823058403,-0.6286350016273238
1.7074148296593186,0.2456238763365628,0.0005971569501539312,643.6777188867261,4.264669906381602e-11,1.0393949349219476,-0.8719938538087633,-0.16740108111310176,-1.2852245050089106,1.1515335153714044,0.13369098963740605,1.0581236994597092,-0.8753170784969486,-0.1828066209626772,-0.37949268202758707,0.9914833102629603,-0.793612423932978,0.602158724840282,-0.18703680577015594,0.49885872076186183,-0.5911190236137565,0.9910361017384441,0.5001198995790322,-0.6308839233326221
1.7114228456913827,0.24562387633562294,0.0005971569502301691,645.1887053333354,-1.345264861045687e-10,0.46819847193148706,0.6433754117417608,-1.111573883673211,-0.6634241870857008,-0.7489144015264524,1.4123385886121027,0.46235471245183857,0.6628489782254676,-1.1252036906772696,-0.3998739294315326,0.9920647934490991,-0.793141611203638,0.5684328510226846,-0.186363406476518,0.4993874141068697,-0.3531980534803308,0.9965638386330266,0.5000021785040295,-0.6326875246248497
1.7154308617234468,0.24562387633472213,0.0005971569503117591,646.6996917799539,-7.285886838977255e-11,-0.9834225295173786,0.9489083895416444,0.034514139975658276,1.2059131614820122,-1.2410650651946342,0.03515190371271436,-1.002849899023045,0.9545596422917647,0.04829025673120292,-0.4163799788715179,0.9946043738421417,-0.791122232577707,0.5458353132366773,-0.185823878505708,0.4988752517214458,-0.5560557756355546,1.0010887392367138,0.500000039582125,-0.6344598889581297
1.719438877755511,0.24562387633443203,0.0005971569503547201,648.2106782265669,-1.4885803431938512e-10,-0.5857651159619117,-0.5299348800627776,1.1156999960246443,0.8075892391840924,0.6005469891298634,-1.4081362283138925,-0.5822438687890608,-0.5487328460202033,1.1309767148092191,-0.45570987833514237,0.9968627109008205,-0.789331249852903,0.5306997132926091,-0.18548436760941775,0.4992051023440022,-0.4578998386636023,1.002578086074195,0.5000000007191838,-0.6366216247788866
1.723446893787575,0.24562387633196772,0.0005971569503248141,649.7216646731915,6.370565600606882e-11,0.9133952309751956,-1.0122613027000338,0.09886607172490978,-1.109367133302995,1.3128595472007127,-0.2034924138978038,0.9332435612230532,-1.0201598260987446,0.08691626487576322,-0.4446191733711257,0.9997545021249705,-0.7870547532307846,0.5205621439927938,-0.18534112384937934,0.4993426753644221,-0.4566992724034003,1.0080762153377552,0.5000000000130672,-0.6383129410143914
1.7274549098196392,0.2456238763314267,0.0005971569502425063,651.232651119807,3.872465176835781e-11,0.6949601118433157,0.40892061358788634,-1.1038807254311442,-0.9402123789593276,-0.44359666102492556,1.3838090399841723,0.6938117040914152,0.42677432222404926,-1.1205860263154062,-0.47094619734830406,1.0028201716488212,-0.7846540257742959,0.5137721730645819,-0.1854493584097999,0.4993420889748197,-0.5359481560941993,1.0094965105650386,0.5000000000002375,-0.6404032416707715
1.7314629258517034,0.24562387633170288,0.0005971569501367024,652.7436375664204,-3.2833331578173316e-11,-0.8303138204505409,1.061147128508401,-0.23083330805792207,0.9969661919358113,-1.3658908476093883,0.36892465567365484,-0.8502994428931107,1.071180036023314,-0.2208805931302662,-0.47184910532526597,1.0055290310234104,-0.7825407046289856,0.5092243664365813,-0.18578173044756585,0.4998322951679561,-0.43753357619157546,1.0129247516391935,0.5000000000000043,-0.642316379999393
1.7354709418837675,0.24562387633457827,0.0005971569517941592,654.2546240130608,5.764005714393876e-10,-0.7942228600263255,-0.28206212152656723,1.076284981552833,1.0593981167737774,0.280306562376801,-1.3397046791504954,-0.7954637082434337,-0.29871641015583617,1.0941801183992104,-0.47006360343125436,1.0082469649140124,-0.7804314777596493,0.529466989641299,-0.1863438642248802,0.5000753419040658,-0.4504450935188289,1.0116735283982443,0.6765989206085725,-0.644179956438521
1.7394789579158316,0.24562387633535068,0.0005971569502555551,655.7656104596902,9.059343976736111e-10,0.7353657105331549,-1.0948672183592567,0.3595015078261617,-0.8703167717616673,1.3994010343955854,-0.5290842626339841,0.7552029864964115,-1.1068911217687638,0.3516881352724135,-0.39927246241820963,1.008521753734089,-0.7802076402480776,0.5840856272096808,-0.187024425569776,0.5010815145069658,-0.12713707979497066,1.0085758144434507,0.6995748166390646,-0.6452524799407329
1.7434869739478958,0.24562387633654792,0.0005971569498842811,657.2765969062895,4.788612082429297e-10,0.8821346664135954,0.1511724290237941,-1.0333070954373182,-1.1634431641363483,-0.11301028047841616,1.2764534446146734,0.8857470324352377,0.16638927812213827,-1.0521363105573043,-0.3442313839894741,1.008377049323788,-0.7803119780542638,0.6223317477787339,-0.18770805422150375,0.5005816020337408,-0.3652036762200073,1.0059940881093934,0.6999922746743374,-0.6461483798960272
1.7474949899799597,0.24562387633239577,0.0005971569499963724,658.7875833528998,3.3410988525757246e-10,-0.6299078629678146,1.1129396367450946,-0.48303177377732687,0.7312289411266533,-1.4129112703744733,0.6816823292478773,-0.6493132941942132,1.1267826989763396,-0.4774694047821744,-0.3462809453215046,1.0062321549322863,-0.7819782208719105,0.6479785710826921,-0.18830662259731004,0.5008892175484089,-0.25571083240811304,0.9992284423259484,0.6999998596353599,-0.6475703410699623
1.7515030060120238,0.24562387633131758,0.0005971569501233514,660.2985697994907,-3.0264671894645164e-10,-0.9574391890603801,-0.018122209661908653,0.9755613987222163,1.2508604481884136,-0.05590107667265293,-1.1949593715156632,-0.9633714378106925,-0.0316841499696862,0.995055587780306,-0.2965869278696565,1.0037731341370653,-0.7838971197875193,0.6651569247207815,-0.18870218486142915,0.5009019683894801,-0.22651080524343367,0.9984589561380304,0.6999999974496574,-0.6483584155799532
1.755511022044088,0.24562387633611438,0.0005971569500949641,661.8095562460982,-5.173976919033829e-10,0.5154474833818714,-1.115106120037592,0.5996586366557632,-0.5816905219100044,1.4062284135042522,-0.8245378915942942,0.5341437336216613,-1.1305705004168718,0.5964267667952543,-0.3022829515134952,1.001218699342593,-0.7859007118385818,0.6766627027415957,-0.18890987695450048,0.5005108436011592,-0.335381227664103,0.9933382521736337,0.6999999999536617,-0.6496005592705519
1.759519038076152,0.24562387633540425,0.0005971569501733165,663.3205426926689,-1.651982391982285e-9,1.0190601552164018,-0.11518701319959954,-0.9038731420167206,-1.320400669706649,0.22401349690185154,1.096387172804695,1.027227487540027,-0.10347380204902329,-0.9237536854909214,-0.28670367165077215,0.9979933436657096,-0.7884488510703752,0.6843690766461153,-0.18887645043890627,0.5006771674860352,-0.1999688292503622,0.9906803041751536,0.699999999999158,-0.6506430986207331
1.7635270541082162,0.2456238763317859,0.0005971569506099704,664.8315291393218,-7.408092267937496e-10,-0.39362042295148947,1.10133571384116,-0.7077152908896984,0.4238386600997647,-1.3794479131015052,0.9556092530017724,-0.41134026867579404,1.118200354994447,-0.7068600863186826,-0.2719255735973965,0.9953355949877147,-0.7905543051046169,0.6895306743470471,-0.18860736796678015,0.5001958391441121,-0.29716787354089413,0.9886269050666895,0.6999999999999846,-0.6515979951079437
1.7675350701402803,0.2456238763344266,0.0005971569501239059,666.3425155859345,-8.396066835701172e-10,-1.0661168592768862,0.24684999074375802,0.8192668685330473,1.3710699157690263,-0.38892435102424444,-0.9821455647446743,-1.0764025822371743,0.23715292805723961,0.8392496541798533,-0.2790806984959584,0.9924059479571685,-0.792890905569602,0.6873509807727827,-0.18811759362273858,0.5000175100887572,-0.26113922526419964,0.9858392981427334,0.583542153948475,-0.652781263805474
1.7715430861723445,0.2456238763345468,0.000597156951452823,667.8535020325926,1.980702395432915e-10,0.26616780335426204,-1.0718251763860143,0.8056573730317754,-0.2599293742972837,1.3329526027421488,-1.0730232284448855,0.28265800490369347,-1.0898491096447345,0.8071911047410657,-0.3143184837984582,0.9915197792176548,-0.7935893296484933,0.631533066279851,-0.18745411022289482,0.499027283431563,-0.5574952272020897,0.9916806819170677,0.5015179129485045,-0.6542833587659933
1.7755511022044086,0.245623876333775,0.0005971569502935764,669.3644884792145,3.4228493880393175e-10,1.0979368092917006,-0.37498502699463176,-0.7229517822969806,-1.4021440650319061,0.5482767644111888,0.8538673006206075,1.1101939209454108,-0.36744270953536295,-0.7427512114099585,-0.40120028253663254,0.9914551081201837,-0.7936320976677558,0.588208501783735,-0.1867719542588268,0.49910097328999675,-0.48093481344855804,0.991917136316323,0.5000275795643007,-0.656610621967434
1.7795591182364727,0.2456238763333246,0.0005971569501244036,670.8754749258287,2.754842708325681e-10,-0.13491115181954513,1.0269962809339763,-0.8920851291144384,0.09230520405617651,-1.2674069499510734,1.175101745894904,-0.1499360308842562,1.0459218784952367,-0.8959858476109892,-0.3959056813847502,0.9928731760995484,-0.7924971885824389,0.5590825456324846,-0.18612669860708284,0.49924975027045615,-0.40184652274160165,0.9993134862291368,0.500000501104212,-0.6581650919123723
1.7835671342685369,0.24562387633755217,0.0005971569506235366,672.3864613724446,2.659886464998379e-10,-1.1140652471131487,0.497760855194542,0.6163043919185225,1.4131790354936349,-0.6997933350971078,-0.7133857003964169,-1.1281185662299746,0.49248106484356546,0.6356375013863238,-0.43743277718071294,0.995481037417064,-0.7904265829257466,0.5395725168494162,-0.18566311600334875,0.4988573775478319,-0.5708456578298455,1.0010716268464688,0.5000000091047784,-0.6602312647964849
1.787575150300601,0.24562387633666846,0.0005971569506446487,673.8974478190528,5.305784114496388e-11,0.001726376177303427,-0.9674897553857944,0.9657633792084941,0.07663815576590036,1.1837477580640199,-1.2603859138299136,0.015071202837708055,-0.9870465528879084,0.9719753500502044,-0.4517935171723346,0.9977747509230352,-0.7886109505883656,0.5265049969668009,-0.18538907582998151,0.49937399979891894,-0.40644302415425193,1.0046467702683233,0.5000000001654284,-0.6621834873223965
1.7915831663326651,0.245623876334769,0.0005971569501725568,675.4084342656736,1.6657248384120165e-10,1.1142716217040478,-0.6134227564079032,-0.5008488652961198,-1.404017068494763,0.8413085668422592,0.5627085016522231,1.1299202990149189,-0.6104809528069027,-0.5194393462079897,-0.45077969683800156,1.0009577482275198,-0.7861119330598417,0.5177525945569462,-0.185335051846897,0.4992475627036175,-0.5193073691174158,1.0089645007992922,0.5000000000030058,-0.6639646580053175
1.7955911823647293,0.24562387633523422,0.0005971569492256753,676.9194207122948,2.9470830137220204e-10,0.13148307161882533,0.8941559884736016,-1.0256390600924736,-0.24448626938712256,-1.0831706189406345,1.3276568883277413,0.12000902060836763,0.9140644747310386,-1.0340734953394517,-0.47683084702647316,1.0037745428821994,-0.7839078636721968,0.5118903848077018,-0.18552917688969095,0.49953883479973205,-0.4901429582463587,1.0102829729156282,0.5000000000000546,-0.6660926105003143
1.7995991983967934,0.24562387633524935,0.0005971569489369686,678.4304071588559,-1.08655320596541e-9,-1.0985530167111126,0.720317727622303,0.37823528908867116,1.3747891233274396,-0.9707999670164711,-0.403989156310861,-1.1155734055964037,0.7197559489038582,0.3958174566924047,-0.4682479222050891,1.0066457830387487,-0.7816739946861295,0.507963976783822,-0.1859428987869325,0.49987377294383617,-0.45918807707104753,1.0144397273445298,0.500000000000001,-0.6679037677695666
1.8036072144288575,0.2456238763378711,0.0005971569501848544,679.9413936055055,-2.528510360202121e-10,-0.26281339207715154,-0.808043124299764,1.0708565163768433,0.40884014870043184,0.9671129744103003,-1.3759531231106994,-0.25337409308979275,-0.8280187640287456,1.0813928571184674,-0.45866060256715735,1.0085223607419693,-0.7802140692491819,0.5510029934917249,-0.18657345946564372,0.5005012610280308,-0.3140625048978857,1.0091568564367022,0.6945731700737627,-0.6696837205977808
1.8076152304609217,0.24562387633867386,0.0005971569499800227,681.4523800521291,-7.241344665672868e-11,1.0671340875609432,-0.8169180374245244,-0.250216050136385,-1.3259129002194003,1.086416800376044,0.23949609984325293,1.0852829160234867,-0.8187443114582713,-0.2665386045651799,-0.3640697687433473,1.0085577340225405,-0.7801766021843939,0.5998114376840831,-0.18725757857779368,0.5010100643568698,-0.17158374826572384,1.0088461729942306,0.6999013976283575,-0.6703937530786662
1.8116232464929858,0.24562387633811766,0.0005971569503456754,682.9633664987526,1.090984781166684e-10,0.3903876217742852,0.7103818413224852,-1.1007694630967868,-0.5673509861064685,-0.8372335291260926,1.4045845152325172,0.38311799044842454,0.7301391523839688,-1.1132571428324103,-0.35020049662597014,1.007843612450164,-0.7807242897575827,0.632888272158879,-0.18792985888171312,0.5005291375436292,-0.393592968236393,1.0029219545098933,0.6999982084541799,-0.671651932544421
1.81563126252505,0.24562387633774638,0.0005971569502726281,684.4743529453667,5.7197241232477015e-11,-1.0204638299457067,0.9018430720180529,0.11862075792752896,1.2580869389954847,-1.1865067508307652,-0.07158018816462124,-1.03948173222175,0.9060313041649487,0.13345042805667487,-0.32816380397832506,1.0052401959399302,-0.7827521622561869,0.6550495805371606,-0.18845815203044694,0.5010610829092333,-0.1817788304980402,0.9987776434584203,0.699999967448684,-0.6728198812529791
1.819639278557114,0.2456238763367491,0.0005971569503660824,685.9853393919817,2.261403402850643e-11,-0.5123824929067198,-0.6025678884662756,1.114950381372913,0.7177533319656918,0.6953884699791537,-1.4131418019447912,-0.5073864215951388,-0.6218245020588145,1.1292109236538703,-0.29249768322149866,1.0029735441087029,-0.7845222282593473,0.6698929739621561,-0.18878527352261937,0.5006677981942546,-0.30373171837870955,0.9971320252070741,0.6999999994085618,-0.673683310189745
1.8236472945891782,0.24562387633426405,0.0005971569501204714,687.4963258385956,-3.8139783478408096e-11,0.9592092949100249,-0.9738791331448746,0.014669838234883242,-1.172280640469406,1.2696393727862776,-0.09735873231696161,0.9788244696877931,-0.9803694639017156,0.0015449942139582964,-0.3032982784354869,1.0000253287040428,-0.7868422252136993,0.6798348278243257,-0.18891281928897247,0.5005928313385918,-0.28022023452860984,0.9916761262621278,0.6999999999892539,-0.6749909999402193
1.8276553106212423,0.24562387633489285,0.0005971569505350883,689.0073122852082,-1.3871193204883665e-10,0.6270544812825173,0.4861421415184982,-1.1131966228010053,-0.8578976642137245,-0.5436050446470306,1.4015027088606873,0.6244033721476833,0.504622845336769,-1.1290262174844428,-0.2755149871544875,0.9969878017550732,-0.7892445281968807,0.6864937118828978,-0.18878770842620918,0.5005523554802235,-0.21658434630210124,0.9904249234578516,0.6999999999998047,-0.6758782893665927
1.8316633266533064,0.2456238763332509,0.0005971569502670023,690.5182987318336,9.274210542825922e-11,-0.8842459024432705,1.0319966776215224,-0.1477507751783587,1.069720295493545,-1.334626511854364,0.26490621636090306,-0.9041780107247858,1.0406963467625105,-0.13651833603783312,-0.27677129480871443,0.9943139499851652,-0.7913672577418157,0.6909537187624721,-0.18844152054624427,0.5000658515212486,-0.31078948282077684,0.9869828672678538,0.6999999999999965,-0.6769839176930081
1.8356713426853706,0.24562387633768598,0.0005971569497972706,692.0292851784523,1.4544181606934364e-10,-0.7327647172671405,-0.3627685373363172,1.095533254603364,0.9857810933237197,0.3840525079380568,-1.369833601261699,-0.7324964654714674,-0.3802092104464076,1.112705675917782,-0.2787833883203745,0.9917270014650549,-0.793431088354362,0.6675308132487549,-0.18786990100030548,0.4997901698206637,-0.31082572204771797,0.9889336828826074,0.5191022228284526,-0.6781217291665261
1.8396793587174347,0.24562387633557803,0.0005971569502504308,693.5402716250602,-5.6918588833537555e-11,0.7966450068714518,-1.07536509002208,0.278720083150656,-0.9518716866036845,1.3805393925834575,-0.4286677059798467,0.8166091861882595,-1.0861497642114364,0.2695405780232066,-0.35351772920766755,0.9915286063684058,-0.7935785177436484,0.6135923087164808,-0.18719304070656842,0.4988101553651188,-0.6211211545835686,0.9912412015130619,0.5003470759278635,-0.6801005520321523
1.8436873747494988,0.24562387633543395,0.0005971569503230004,695.0512580716805,3.5604362991321535e-11,0.8280023915602182,0.2342102981272909,-1.0622126896874766,-1.0995758693988573,-0.21901115433003213,1.3185870237288027,0.830120822644137,0.2503616794504025,-1.080482502094507,-0.40423687479322407,0.9916867963125877,-0.7934444662619411,0.5761073182486107,-0.18651234232412445,0.49933657128603204,-0.37768315413750736,0.9943370343275812,0.500006306163721,-0.6821699747748675
1.847695390781563,0.24562387633416316,0.0005971569503245578,696.5622445182927,-6.861635514013284e-11,-0.6976586011974645,1.1033645716579454,-0.40570597046056595,0.8204190900924401,-1.40672183764164,0.5863027475492633,-0.7173695241487954,1.1160801168860348,-0.39871059273732584,-0.403526690162745,0.9938903579967632,-0.7916888953548011,0.5509758392363786,-0.18592218175579486,0.499004740630707,-0.4997644582494464,1.000817476256259,0.5000001145792818,-0.6837623480533507
1.851703406813627,0.2456238763332158,0.0005971569503093024,698.0732309649122,1.3209033058952235e-11,-0.9114064088123782,-0.10230476932561451,1.0137111781378938,1.197655711337505,0.0508397329636677,-1.2484954443010798,-0.9158812473403842,-0.11693602645554545,1.0328172737958297,-0.45234159428875825,0.9962849752977866,-0.7897888331963949,0.5341427552922924,-0.18553363161665307,0.49903219353497236,-0.5145196281822904,1.0015903577429084,0.5000000020818383,-0.6859710133540428
1.8557114228456912,0.2456238763328111,0.0005971569503254188,699.5842174115252,-6.583243719646087e-11,0.5887013777581971,-1.115594956536224,0.5268935787780483,-0.677241204174112,1.4127996564137286,-0.7355584522396682,0.6078773397404041,-1.1300596451305638,0.5221823053901814,-0.44560390921269877,0.9988878015521485,-0.7877350069964301,0.5228682348507726,-0.18533227916024636,0.49939821587218997,-0.4170263317675797,1.0068664074829772,0.5000000000378257,-0.6877162280182602
1.8597194388777554,0.2456238763321879,0.0005971569501768566,701.0952038581438,-9.22238660290782e-12,0.9817847559657542,-0.031062884628408144,-0.9507218713372938,-1.2786188583473768,0.11805828459979142,1.1605605737474858,0.9885520530230145,-0.018160858795639015,-0.9703911942273223,-0.46275012635328067,1.0020903074591083,-0.7852252088916274,0.5153167533602285,-0.185374058245558,0.4992519769707686,-0.547676327542926,1.0092687821037898,0.5000000000006875,-0.6896909830174069
1.8637274549098195,0.24562387633190874,0.0005971569503063912,702.6061903047587,-5.449629876003468e-11,-0.4713305302547623,1.1118814429280555,-0.6405509126733564,0.5243842971350771,-1.3986859772432545,0.8743016801082156,-0.4896974723089115,1.1278885494816828,-0.6381910771728347,-0.475361931068493,1.0047718212736605,-0.7831298782796854,0.5102588999535609,-0.18564968999407871,0.49973792507480286,-0.44716556174686023,1.011713257021322,0.5000000000000125,-0.6917140802408214
1.8677354709418836,0.24562387633372676,0.0005971569496597607,704.1171767513772,5.5056415255614545e-12,-1.0381315861401508,0.16398659275377236,0.8741449933861837,1.3413081828101379,-0.285269033386137,-1.0560391494237824,-1.047094621794482,0.15299819128455688,0.894096430509723,-0.46958873065663337,1.0077442080748584,-0.7808227530421187,0.5147711793145645,-0.18615117902246484,0.4999058537669452,-0.48864693602910664,1.0139490521967727,0.6311379529761334,-0.6935414646267345
1.8717434869739478,0.24562387633507748,0.0005971569502134784,705.6281631979954,5.835620956411081e-11,0.3472235083111149,-1.0922771170934162,0.7450536087822148,-0.3640329827625979,1.36458253036712,-1.0005495476045525,0.36451893449268596,-1.1095978731892808,0.7450789386965081,-0.42839742442526063,1.0085475720066142,-0.780190380384452,0.5709511821198645,-0.18682200422164424,0.5009282636020941,-0.17222124745060485,1.0083639016380235,0.6987488158906873,-0.694970857405449
1.875751503006012,0.24562387633405255,0.0005971569502000172,707.1391496446079,-3.6643216083964193e-11,1.079641612228313,-0.29456663015335827,-0.7850749820749805,-1.3848277603910204,0.4484027619477673,0.9364249984431462,1.0906722914479023,-0.2856488985397745,-0.8050233929081523,-0.34574306610215694,1.0085577871631577,-0.7801737622390863,0.613474716963929,-0.18750802038513117,0.5007507400912011,-0.2894840457993203,1.0078138255016011,0.6999772667570723,-0.695665698406501
1.879759519038076,0.24562387633378277,0.0005971569503901145,708.6501360912263,8.199073563219792e-12,-0.21815401059240347,1.057062099893376,-0.8389080893010947,0.19847895251618136,-1.3109766357914574,1.1124976832752917,-0.23413073515313906,1.0754489540055696,-0.841318218852553,-0.3524973440710714,1.0069916033844915,-0.7813864634284798,0.6420451964326471,-0.1881482056916824,0.5007037834796106,-0.3294668490750902,1.000339299611248,0.6999995869504365,-0.6971286489283377
1.8837675350701402,0.24562387633254731,0.0005971569501971203,710.1611225378413,-2.8163159361795983e-11,-1.1057215978021215,0.4209367756561178,0.6847848221458176,1.4085556211855634,-0.605127996946094,-0.8034276242393602,-1.118662268087062,0.41421716334460384,0.704445104742271,-0.3072764615373709,1.0043715255094627,-0.7834300567369484,0.6611828319146584,-0.18859991350417443,0.5010381503143306,-0.18207738885405714,0.9987919393815663,0.6999999924951301,-0.6980138710742128
1.8877755511022043,0.24562387633215543,0.0005971569502706128,711.672108984458,-2.404611497111945e-11,0.08596670343214712,-1.0067397716402524,0.9207730682080167,-0.03008830522731433,1.2386345298906767,-1.2085462246633636,0.10039639109530774,-1.0259299430376208,0.9255335519422258,-0.2976388537960061,1.0020423068251163,-0.7852526919554781,0.6740009228569233,-0.18886132885018486,0.5005216394633645,-0.34556936187908677,0.9949845144592414,0.6999999998636409,-0.6991040731591206
1.8917835671342684,0.24562387633238034,0.0005971569502986225,713.183095431072,-7.967261443993716e-11,1.1159987830406712,-0.5412909592006014,-0.5747078238400729,-1.4121526291766442,0.7532048397887267,0.6589477893878073,1.1306644999808957,-0.5368655025251988,-0.5937989974556991,-0.295716923459729,0.9988313030030262,-0.7877860610449403,0.6825862619075139,-0.18889879539133647,0.5006816820848629,-0.2201617034995038,0.9908890357240846,0.6999999999975224,-0.7002927499596169
1.8957915831663326,0.2456238763321844,0.0005971569501474905,714.6940818776894,-5.5511822588637494e-11,0.04744922762264574,0.9420292752171998,-0.9894785028399277,-0.13873236092269178,-1.1485900578022445,1.2873224187249248,0.03477280403428035,0.9617485049993423,-0.9965213090337062,-0.2707160988573168,0.996054841923527,-0.7899835144996779,0.6883365754664127,-0.188689284009253,0.5003452810961114,-0.2649942228253111,0.9896454989787024,0.6999999999999549,-0.7011672274364207
1.8997995991983967,0.2456238763318151,0.0005971569502913746,716.2050683243042,-8.437961187664724e-11,-1.1103263047334058,0.6539091052541719,0.4564171994790639,1.3955673925623717,-0.8905170083560026,-0.5050503842062609,-1.1265074689628385,0.651841052452601,0.47466641651006686,-0.2800083971155733,0.993214429297247,-0.7922447953442796,0.6921880373346766,-0.18826313780145854,0.5000341035554299,-0.2852360539491235,0.9855173236900951,0.6999999999999991,-0.7023624942043998
1.9038076152304608,0.24562387633719152,0.0005971569500670857,717.7160547709334,2.275604017816123e-10,-0.180187022759087,-0.8638554639474,1.0440424867063938,0.3055702938502924,1.0421301448037987,-1.3477004386540652,-0.16944503555102292,-0.8838219311535365,1.053266966704467,-0.29245690858307105,0.9915353676481616,-0.793579945721888,0.6460600204602222,-0.1876285191318056,0.4993467504943929,-0.4526952641060651,0.9912587830979743,0.5044197233157488,-0.7036124221197994
1.907815631262525,0.24562387633326602,0.0005971569501928766,719.2270412175369,-9.882964169434508e-11,1.088785217389255,-0.7571816853467016,-0.33160353204254406,-1.3590369360262669,1.0151020563991495,0.3439348796270115,1.1062505697220755,-0.7575005911814936,-0.3487499785405706,-0.38732198014239244,0.9914744638120276,-0.7936186740950165,0.5981485031603997,-0.18694926629697106,0.4989109525767651,-0.5661713387976383,0.9911290500240417,0.5000803036551333,-0.7059206221920709
1.911823647294589,0.24562387633238109,0.0005971569502149317,720.73802766415,-1.8080170541500058e-10,0.31034961529472904,0.7733355473109019,-1.0836851626056772,-0.4680410551207041,-0.9207762417067323,1.3888172968274002,0.30169557897639593,0.7932638846501581,-1.0949594636266011,-0.3980967710390012,0.9922655769090155,-0.7929812452891452,0.5657440061923321,-0.18628194918737445,0.4993708975521001,-0.35776930791402567,0.9974036884786389,0.5000014590704089,-0.7076343116885953
1.9158316633266532,0.24562387633208088,0.0005971569503664776,722.2490141107714,-4.5100168869925557e-11,-1.0516834096516279,0.849632762088689,0.20205064756279179,1.3030833590732223,-1.1251794370931467,-0.1779039219799723,-1.070183336774542,0.8523340688282893,0.21784926794610293,-0.42211535631162234,0.9948668695578883,-0.7909139253328168,0.5440343187788202,-0.18576365138930287,0.498849265925712,-0.5681903297117722,1.001100094655504,0.500000026510448,-0.709489878071701
1.9198396793587174,0.24562387633181737,0.0005971569503007168,723.760000557387,-5.976082794744523e-11,-0.4360767421456277,-0.6717632642946468,1.1078400064401774,0.6238226544268731,0.7862627773763261,-1.41008543180315,-0.4296343449898306,-0.6913686643865277,1.1210030093762622,-0.4554049687582546,0.9971046560661919,-0.7891399015150921,0.5294934370000332,-0.18544275700457163,0.4992633505335777,-0.43901619610601667,1.003089806020232,0.5000000004816791,-0.7116057571265109
1.9238476953907815,0.2456238763384337,0.0005971569504679444,725.2709870040142,2.1516336824564828e-10,0.9995511236800373,-0.9299410342650737,-0.06961008941494129,-1.228506341893522,1.2191759503413002,0.009330391552159149,1.0188212371369139,-0.9349861453504956,-0.08383509178639076,-0.4454376075611123,1.0000959276055756,-0.7867870517272787,0.5197542007053293,-0.18532371332006706,0.49931424778246164,-0.47466532345042056,1.00841633331164,0.5000000000087519,-0.7133040011368745
1.9278557114228456,0.24562387633653163,0.0005971569501865057,726.781973450627,1.262901670537874e-10,0.5555715366022591,0.5605902580594438,-1.1161617946616982,-0.7706887010607363,-0.6405121850629811,1.4112008861236416,0.5514328566119419,0.5795925268765714,-1.131025383488515,-0.47329622410274225,1.003093031971549,-0.7844405771747912,0.5132310264412469,-0.1854568682966736,0.49939056356817374,-0.5256623996215893,1.0096550625986533,0.5000000000001591,-0.7154204776925278
1.9318637274549098,0.24562387633780855,0.0005971569500808095,728.2929598972387,9.44918197979136e-12,-0.9331333901895766,0.9969587208025119,-0.06382533061305479,1.1363716769201468,-1.295748176904516,0.15937649998445536,-0.9528982716821451,1.0042755167777997,-0.051377245095777055,-0.4705265127915683,1.0058362832897592,-0.7823019923123306,0.5088619156646653,-0.1858117047722713,0.4998531451521483,-0.4397701749469486,1.0133829480519074,0.5000000000000029,-0.7172964602649342
1.9358717434869739,0.24562387633090982,0.0005971569512981549,729.8039463438644,2.5023770615085573e-10,-0.6671261803393391,-0.4414053795346462,1.1085315598738876,0.9065401201070763,0.485607511442157,-1.3921476315491628,-0.6653503689816788,-0.4595329289191849,1.1248832979007661,-0.4687122450173154,1.0083727007040668,-0.7803330578632797,0.5354109500593459,-0.18639554712464443,0.5001765376141607,-0.4202575313037796,1.0108530417880566,0.6843269962502926,-0.7191590361223763
1.939879759519038,0.24562387633174732,0.0005971569499825427,731.3149327905018,7.772871859093158e-10,0.8533794842322824,-1.049728044073345,0.19634855984108532,-1.0279961883246496,1.3538017784545935,-0.32580559013002425,0.873356661437039,-1.059211970330489,0.18585530889347454,-0.3885541037012162,1.0085342196230678,-0.7801970644256411,0.5886263147580131,-0.18707844591571907,0.5010929205674355,-0.12779904343957088,1.0087162618240004,0.6997152308115212,-0.7201075501952392
1.9438877755511021,0.2456238763331094,0.0005971569498974246,732.8259192371046,4.395046758349948e-10,0.7691463748170247,0.315912007754248,-1.0850583825712534,-1.029435521233944,-0.32376255835912676,1.3531980795929908,0.7697587971685361,0.33290577175408725,-1.1026645689226042,-0.34542155227620486,1.0082750308064128,-0.7803905238061649,0.625383188988286,-0.18776109110264164,0.5005442490938153,-0.3829145174452428,1.0051841415814338,0.6999948259148554,-0.7211028228867331
1.9478957915831663,0.24562387633453175,0.0005971569499343272,734.3369056837133,2.5518742882641274e-10,-0.7614292118607355,1.087494827442326,-0.3260656155816894,0.9049287439124162,-1.392507083917475,0.48757834000512784,-0.7813331717035866,1.0990103195329626,-0.3176771478294763,-0.34219994179915403,1.0059597462513903,-0.7821907133572853,0.6500225590353441,-0.1883423678047329,0.5009523395076748,-0.23009536382425652,0.9990106524966038,0.699999905989963,-0.7224718599985938
1.9519038076152302,0.2456238763378531,0.0005971569500850165,735.8478921303218,6.546965683158575e-11,-0.8601740877404216,-0.18590368219379688,1.0460777699341135,1.1376184010496788,0.15729049616677976,-1.29490889721637,-0.8631659988082945,-0.20152079385643884,1.064686792664628,-0.2942468003070523,1.0035669605654707,-0.7840581556056847,0.6665259563118318,-0.1887190848856573,0.5008389171991776,-0.2479406895266208,0.9982093127057691,0.6999999982918902,-0.7232576843741891
1.9559118236472943,0.24562387633445704,0.0005971569500377756,737.3588785769233,-3.050724827628816e-10,0.6585967315537852,-1.109719332169961,0.45112260061619125,-0.7689282656128341,1.4113109808321151,-0.6423827152193404,0.6781430200336561,-1.1231018248672413,0.44495880483360223,-0.3033581274758769,1.0009055671340323,-0.786147536675895,0.6775796567979505,-0.18890646584579635,0.5005268351682635,-0.3236873779334272,0.9928074628421826,0.6999999999689647,-0.724536973116195
1.9599198396793585,0.2456238763334079,0.0005971569500481245,738.8698650234841,-1.6819823913832568e-9,0.9389083035863842,0.05323843730155635,-0.9921467408879017,-1.2295425430894646,0.01142953715843912,1.2181130059309302,0.9442369266512761,0.06725570127847745,-1.011492627929714,-0.2832707579539459,0.997712248991642,-0.7886712519781588,0.6849832368212198,-0.18884787999403266,0.5006573009510374,-0.19967666829621908,0.9906388826357606,0.6999999999994361,-0.7255272372492865
1.9639278557114226,0.24562387633142402,0.0005971569507796408,740.3808514701269,-1.0202607087264374e-9,-0.5463517070988103,1.1160839354226166,-0.5697322283238817,0.6219383469251242,-1.4099445493036857,0.7880062023786097,-0.5652609577340044,1.1311421442784246,-0.5658811865444967,-0.2730761429704723,0.9950704744335508,-0.7907650269453926,0.6899420283492266,-0.18855813745783997,0.5001516993837287,-0.3049848426709297,0.9881957873000375,0.6999999999999897,-0.7265229357648703
1.9679358717434867,0.245623876336105,0.0005971569502567413,741.8918379167459,-9.522244094063267e-10,-1.0042238114864634,0.08018766749859745,0.9240361439877565,1.3038943134835888,-0.17998622576560477,-1.1239080877178833,-1.0118130060859578,0.06797059737509217,0.9438424087107554,-0.27837346831280785,0.9921687587982768,-0.7930801573304664,0.6826809028460331,-0.1880455187699431,0.4999865297321441,-0.2626370963522687,0.9865755770240717,0.555912913881555,-0.7276901077177199
1.9719438877755509,0.24562387633551355,0.0005971569509057016,743.4028243634109,2.64652226135816e-10,0.42629830927059303,-1.1064976276261562,0.6801993183555665,-0.4660598158368978,1.3884275215833937,-0.9223677057465319,0.444300285335134,-1.1230163912117483,0.6787161058766193,-0.3244868969130189,0.9915324594208919,-0.7935781086908388,0.6264047293909495,-0.1873765368042761,0.49893809609160417,-0.5865309301278426,0.9916298883941814,0.5010159052033578,-0.7293172618196272
1.975951903807615,0.2456238763344509,0.0005971569503345572,744.9138108100371,5.112397734930728e-10,1.0551871160163515,-0.21246774014937622,-0.8427193758669208,-1.3596110408224593,0.3459705854934628,1.013640455328892,1.0649284266715104,-0.20222547529787066,-0.8627029513735853,-0.40367347641224877,0.9914903990375084,-0.7936031466742046,0.5847372831593042,-0.18669450992675887,0.4991782141258377,-0.44791714390051596,0.9924481711331059,0.5000184583902414,-0.731600967851023
1.9799599198396791,0.2456238763355433,0.0005971569502228485,746.4247972566504,4.3837689200656355e-10,-0.30015231902174416,1.0810974360792447,-0.7809451170575509,0.30352039925530727,-1.347067257866305,1.0435468586110224,-0.3169897366205188,1.0988406506069646,-0.7818509139864979,-0.3966246231566088,0.993144899683227,-0.7922810688126217,0.5567569222668605,-0.18606216115416355,0.4991869375734162,-0.42693673940637505,0.9998733302091279,0.5000003353781669,-0.733135321883667
1.9839679358717432,0.24562387633813,0.0005971569503108677,747.935783703259,2.4725643126443103e-10,-1.0910698495269702,0.34171126544595265,0.7493585840809068,1.3958964491941575,-0.5070104150494376,-0.8888860341446095,-1.102824057990609,0.3335901752195236,0.7692338827709733,-0.4425035424742647,0.9957086654870593,-0.7902459524481871,0.5380148420095245,-0.18561990516064486,0.49889148769622493,-0.5610756216400673,1.001128985428286,0.500000006093619,-0.7352626035621905
1.9879759519038074,0.24562387633160473,0.0005971569506433054,749.4467701498863,5.226730762893502e-10,0.1697165977514609,-1.0402463575681729,0.8705297598167006,-0.13664313964941943,1.286454911140263,-1.1498117714908551,0.18514881786361453,-1.0589604418355496,0.8738116239719245,-0.44991726577524904,0.9980642600828732,-0.7883828054207535,0.5254616927295401,-0.18536505685581525,0.4993974938068766,-0.4028240347310174,1.005279707582691,0.5000000001107174,-0.7371496936694265
1.9919839679358715,0.24562387633180024,0.0005971569506274409,750.9577565964912,2.3442976417650476e-10,1.1113592045574678,-0.4660711112792266,-0.6452880932781778,-1.4122319029946175,0.6608041012998717,0.7514278016946353,1.1249583054994525,-0.46018725814931516,-0.6647710473500729,-0.4537353320641298,1.0012816719543502,-0.785858265740434,0.517053807183551,-0.1853372718717077,0.49923699460833265,-0.5319349412002858,1.00908292107114,0.5000000000020116,-0.738979722068459
1.9959919839679356,0.24562387633792987,0.0005971569503541195,752.4687430431371,9.68755301483619e-10,-0.036855323172137675,0.9845282447355427,-0.9476729215634407,-0.03218702048585016,-1.207456737446029,1.2396437579318567,-0.05066178807817279,1.003945728228487,-0.9532839401503437,-0.47707598344085167,1.0040434184669675,-0.7836978990195612,0.5114223489521929,-0.18555429916939462,0.49959921742341223,-0.4763452680503863,1.0106216449104461,0.5000000000000365,-0.741090506796195
2.0,0.2456238763330482,0.0005971569498215902,753.979729489759,1.1073088620442134e-9,-1.1157652009401107,0.5837699414534282,0.5319952594865706,1.4083840146905426,-0.8051537134920312,-0.6032303011983997,-1.1310148445868535,0.5802074252824908,0.5508074193042489,-0.46810069133405685,1.0069652947694685,-0.7814263864922907,0.5076504943573549,-0.18599178188891646,0.4998765284016119,-0.47004039972680023,1.014773165066679,0.5000000000000007,-0.742894171627696
