time,angle_pc,w_pc,p_pc,q_pc,gamma,i_vsc_a,i_vsc_b,i_vsc_c,v_sh_a,v_sh_b,v_sh_c,i_bus_a,i_bus_b,i_bus_c
0.0,-0.2233523924075243,1.0,-0.7808077594991666,0.1179482700055562,0.888173128764158,-0.7640461286072499,1.5696298891070821,-0.8055837604998328,1.3772802112412843,-0.8871683714700573,-0.4901118397712271,-1.131014845191197,0.5802074229194473,0.5508074222717496
0.004008016032064128,1.2876340542089595,0.9999999999998834,-0.7808077597583366,0.11794827091130247,0.888173128766499,-1.4145484594134772,0.11776229873149487,1.2967861606819482,0.31115665500078266,1.0231816992187353,-1.334338354219518,-0.08454928491581228,-0.9345828624431036,1.0191321473589234
0.008016032064128256,2.7986205008257072,1.0000000000005038,-0.7808077596996376,0.11794827004156824,0.8881731287657088,0.5949390352192424,-1.555551563383985,0.9606125281647054,-1.3400818919260458,1.009488148212658,0.33059374371339306,1.1209070905642342,-0.6919353496198084,-0.4289717409444085
0.012024048096192383,4.309606947443237,1.0000000000009945,-0.7808077589048745,0.1179482695478691,0.8881731287694996,1.4856724856001593,-0.3037260845516514,-1.1819464010485217,-0.47136137354521135,-0.9024989404795025,1.3738603140247156,0.21855199811582315,0.8518630498234048,-1.0704150479392391
0.01603206412825651,5.820593394061007,1.0000000000010218,-0.7808077591807553,0.11794827002711562,0.8881731287653902,-0.4173291951694155,1.5192416179778632,-1.101912422808399,1.2837314017164305,-1.1173805302554303,-0.16635087146098773,-1.0947795646413097,0.7937742808759783,0.30100528376531244
0.02004008016032064,7.331579840678617,1.00000000000068,-0.78080775937026,0.11794827050874743,0.8881731287656155,-1.5355635970338453,0.4853490838279415,1.0502145132059078,0.6248294951306977,0.768917851887986,-1.3937473470186708,-0.3494312102632295,-0.7569685879047047,1.1063997981679612
0.024048096192384766,8.84256628729604,1.0000000000006692,-0.7808077601895117,0.11794826999838127,0.888173128764013,0.23375493939404365,-1.4612188661451662,1.2274639267511356,-1.2090339845977014,1.2093034549111497,-0.0002694703134366941,1.05300558954596,-0.8842686939555433,-0.16873689559040012
0.028056112224448895,10.353552733913764,1.0000000000011786,-0.7808077590010789,0.11794826996693113,0.8881731287643364,1.5635085866484837,-0.6600355234217978,-0.903473063226699,-0.7693676185633036,-0.6243474660818212,1.3937150846451358,0.4753163897320895,0.6512556054232026,-1.1265719951552717
0.03206412825651302,11.864539180531553,1.0000000000008935,-0.7808077591124636,0.11794827025762188,0.8881731287678111,-0.04683989583368198,1.3823126228478682,-1.3354727270141458,1.1170572633342837,-1.2839432189207094,0.1668859555864291,-0.9961822401540668,0.9621252876215313,0.03405695253251079
0.03607214428857715,13.375525627149225,1.0000000000008524,-0.7808077584719033,0.11794827022281086,0.888173128770366,-1.5691082423301235,0.8252888768077423,0.7438193655224603,0.9029101018623518,0.4708540447282493,-1.3737641465906003,-0.5944084456866371,-0.5362350213342212,1.1306434670208534
0.04008016032064128,14.886512073766847,1.0000000000007112,-0.7808077589161746,0.11794827003758337,0.8881731287707391,-0.14074457220924036,-1.2836506332732767,1.4243952054826188,-1.0091157740125594,1.3402331160192968,-0.331117342006732,0.9251216455854706,-1.0262313734643733,0.10110972787897086
0.044088176352705406,16.397498520384527,1.0000000000009868,-0.7808077580917636,0.11794826988822701,0.8881731287708589,1.5522824436914429,-0.978747325200435,-0.5735351184908636,-1.0235483319437322,-0.3106312459523888,1.334179577896113,0.7050053087324881,0.41355064570075295,-1.118555954433227
0.04809619238476953,17.908484967002163,1.0000000000007718,-0.7808077599471775,0.11794826997393615,0.8881731287634972,0.32631754055308243,1.1666429219441177,-1.4929604624971164,0.8867521629473655,-1.3773686175051705,0.49061645455777664,-0.8408393599325001,1.0756707285028262,-0.23483136857028566
0.052104208416833664,19.419471413619707,1.000000000000973,-0.7808077602829449,0.11794827054881495,0.8881731287563845,-1.5132717305566679,1.118217703614063,0.3950540269427691,1.129558205430286,0.14596896272410861,-1.2755271681543827,-0.8055263691591095,-0.2849558813426654,1.0904822505017846
0.05611222444889779,20.930457860237222,1.000000000000571,-0.7808077598557376,0.11794827029867326,0.8881731287644739,-0.5072268405043598,-1.0329617274409604,1.540188567945447,-0.751715226998755,1.394818987176953,-0.6431037601782017,0.744539930553343,-1.1097367678324337,0.3651968372791133
0.06012024048096192,22.441444306854663,1.0000000000008236,-0.7808077606227629,0.11794826963536166,0.8881731287580595,1.452633481012504,-1.2417066279501645,-0.21092685306224318,-1.2194245490065678,0.020779492882055745,1.1986450561244655,0.8945349305312514,0.15228855643282,-1.0468234869640494
0.06412825651302605,23.952430753472125,1.0000000000007938,-0.7808077600683307,0.11794827012560417,0.8881731287586592,0.6808869187520372,0.8845175961657402,-1.5654045149177425,0.6059348860521596,-1.392334799292406,0.7863999132402233,-0.6375996413193652,1.127942605254179,-0.4903429639347717
0.06813627254509018,25.463417200089427,1.0000000000006255,-0.7808077606458307,0.11794827051044698,0.8881731287573388,-1.3712345210576908,1.3474493573584108,0.02378516369924291,1.2918631424371099,-0.18723096614285828,-1.104632176294284,-0.9707589932019263,-0.017444764814550526,0.9882037580165265
0.0721442885771543,26.97440364670683,1.0000000000006477,-0.7808077589651592,0.11794827000072558,0.8881731287666097,-0.8448158808050893,-0.7234320884212051,1.5682479692262588,-0.4514946338245205,1.3699516072541889,-0.9184569734296593,0.5215468952184902,-1.130028084426037,0.6084811892076318
0.07615230460921843,28.485390093324074,1.0000000000005456,-0.780807759200395,0.11794826954094223,0.8881731287669495,1.2702380733876157,-1.433934538305586,0.16369646491797385,-1.3458386251438306,0.3510065648886774,0.9948320602551428,1.0331091176597713,-0.11764834905182109,-0.9154607686079358
0.08016032064128256,29.996376539941235,1.0000000000007438,-0.7808077586953829,0.11794827022448205,0.8881731287649072,0.9966708952490528,0.5520074379590233,-1.548678333208064,0.29060171079267666,-1.3279893350099734,1.0373876242172697,-0.39804030174667304,1.1159634209212284,-0.7179231191745048
0.08416833667334668,31.50736298655844,1.0000000000003257,-0.7808077585260147,0.11794827037710919,0.8881731287726701,-1.1510876164190809,1.4999261919579105,-0.3488385755389188,1.3805796257490637,-0.509765642599154,-0.8708139831499342,-1.0806942319443227,0.25106005211069915,0.8296341798336337
0.08817635270541081,33.01834943317556,1.000000000000602,-0.7808077583850273,0.11794826975345969,0.888173128769257,-1.1342816395759279,-0.3726935744115547,1.506975213987474,-0.12555554754578646,1.2670476368312675,-1.1414920892854654,0.26884497452342393,-1.0859495766039298,0.8171046020805336
0.09218436873747494,34.52933587979262,1.000000000000524,-0.7808077597067536,0.11794826997154347,0.8881731287607102,1.0154860331977387,-1.5444811713905897,0.5289951381929406,-1.3955896282454001,0.6612392435407947,0.7343503847046158,1.112834259179294,-0.38088365618057396,-0.7319506029987326
0.09619238476953906,36.040322326409594,1.0000000000004547,-0.7808077617325847,0.11794827077705386,0.8881731287492023,1.2556814436663895,0.18805326050278723,-1.443734704169105,-0.041285031541252716,-1.1879975288229985,1.2292825603642528,-0.13580736473336458,1.0404155426258852,-0.9046081778925513
0.1002004008016032,37.55130965394218,1.0000215957935277,-0.7808077583826105,0.11794826997862486,0.8881731287635242,-0.8653711561018725,1.5669627921934448,-0.7015916360913672,1.3906539911899551,-0.8032624660861561,-0.5873915251037641,-1.1290697533519485,0.5052636984156932,0.623806054936281
0.10420841683366733,39.062600916745964,1.0003657822361116,-0.7807688954827884,0.1177370746915109,0.8881725958992044,-1.3599755277156547,-0.00021795841239465041,1.360193486128123,0.2072741951616343,1.0921809938759048,-1.299455189037545,0.0005078117091175532,-0.9796182289159316,0.9791104172068205
0.10821643286573146,40.574345035837744,1.0006244234278796,-0.7798603562545865,0.11638024915929034,0.8881709151327698,0.7010587746673898,-1.5683702860511581,0.8673115113838402,-1.3661478356494376,0.9331392688126774,0.43300856683671723,1.126611449757068,-0.6225200011235507,-0.5040914486334871
0.11222444889779558,42.08642587600815,1.000813590474784,-0.7772859201723858,0.11462595258171103,0.888168120282102,1.446575420392014,-0.19323806794466042,-1.2533373524473068,-0.36886535917825364,-0.9819160865387399,1.3507814457169682,0.13595855381163205,0.8983649609870915,-1.0343235147987568
0.11623246492985971,43.598747653177725,1.0009453926713086,-0.7737719440893422,0.11343784814285068,0.8881642676481224,-0.5204290861849677,1.5419853164587687,-1.021556230273136,1.3228120277763766,-1.048928862631373,-0.27388316514514327,-1.1004987818754433,0.7244318816531475,0.3760669002227983
0.12024048096192384,45.11123327068682,1.0010325733902665,-0.7702838267426763,0.11247652124242753,0.8881592733807152,-1.5076846217237907,0.38372921828078405,1.1239554034439898,0.5244053153992051,0.8587013478450721,-1.3831066632443132,-0.26486197639552655,-0.8042876479328234,1.0691496243266632
0.12424849699398796,46.62382416826203,1.001086261869709,-0.7667239421305203,0.1111279791603034,0.8881530832431579,0.3325029829360772,-1.491130624756027,1.158627641824222,-1.2613723025948747,1.1498169812520709,0.1115553213441326,1.0585871671876934,-0.8128854593524616,-0.24570170783459372
0.1282565130260521,48.13647555228412,1.0011135366016213,-0.7626798774140073,0.10960551560060089,0.8881458049960851,1.5457466979832772,-0.5685305868324092,-0.9772161111290925,-0.6723524981022676,-0.7239460872787631,1.3962985853787075,0.3879323030555875,0.699140470376653,-1.0870727734174417
0.13226452905811623,49.64915132479479,1.001119366054546,-0.75836759014346,0.10836261249062967,0.8881375763593509,-0.1388074446238451,1.4161523487980816,-1.277344904124692,1.1826795819878089,-1.2347413405522971,0.052061758568228214,-1.0006173102881653,0.8863706436953249,0.11424666659633419
0.13627254509018036,51.16150909735195,1.0005700380433817,-0.7542293068320554,0.10741970785481149,0.888128743061507,-1.5577225161258956,0.7422450186458059,0.8154774975306882,0.811122854645351,0.5790952758029313,-1.3902181304495733,-0.5013456335977475,-0.5870614863450839,1.0884071199452388
0.1402805611222445,52.672893443511086,0.9999821023056698,-0.7512717457821585,0.1082627501405469,0.8881215449696559,-0.05152838053484807,-1.319478064700089,1.3710064453011848,-1.08667302223374,1.3031069049793533,-0.2164338827331362,0.9344726564863456,-0.9472685200648384,0.012795863582527225
0.1442885771543086,54.18349764711924,0.9995330288815341,-0.7514179907582649,0.11053519723011251,0.888115586135838,1.5454456692653031,-0.8947657959258357,-0.6506798733075994,-0.9409206527733196,-0.423249807703465,1.364170460479244,0.6078915038280672,0.477987047001402,-1.0858785508292512
0.14829659318637273,55.693513497857246,0.999199691032735,-0.7541768373729435,0.11221267333704978,0.8881107010074328,0.22907521550759996,1.2153926252102898,-1.4444678407234024,0.9731552121040674,-1.3539111055659658,0.38075589344834815,-0.8691014094882082,1.0089259821418743,-0.13982457265416887
0.15230460921843686,57.20309870695464,0.9989590435191672,-0.7575069238038189,0.1131759440100149,0.8881074149055227,-1.5215609405796395,1.0358187004510238,0.4857422400794062,1.058724981078782,0.25913338348170234,-1.3178583645583783,-0.7175740471957965,-0.3611858211719184,1.0787598683671387
0.156312625250501,58.712376019028845,0.998788903942846,-0.7609383140929535,0.11464294089465923,0.888105979146149,-0.40458908424437684,-1.0983672190519247,1.5029563032803555,-0.8441732009045875,1.3852993985340845,-0.5411261976150917,0.7911050825524197,-1.0620206771998615,0.2709155946564413
0.16032064128256512,60.22143935649861,0.9986738720206099,-0.7652901608055787,0.11672489088385872,0.8881061294974396,1.4780712407288257,-1.1626666278617703,-0.31540461285980426,-1.1616759347911636,-0.08994285495601362,1.2516187897503128,0.8203747998102986,0.23834934423069035,-1.058724144035901
0.16432865731462926,61.730364183936885,0.9986040769905743,-0.7705595726559361,0.11856433652280197,0.8881076695275856,0.5725339583000805,0.9701465916970095,-1.5426805499775476,0.7019416661166078,-1.3961256633944101,0.6941839972790943,-0.7032633952379165,1.1052374376772334,-0.4019740424405921
0.16833667334669336,63.23931433012417,0.9988872841070727,-0.775893171267519,0.11995789091626742,0.8881106945119412,-1.4189485635602894,1.2770171820934602,0.14193138148207832,1.2475145952991087,-0.08103900667434127,-1.1664755886265163,-0.91757233587081,-0.10737082128213415,1.0249431571518886
0.1723446893787575,64.74910224620035,0.9995007907807213,-0.7805684344684868,0.12027569829365929,0.8881131831689691,-0.738694085196779,-0.8281092811403591,1.566803366344851,-0.5499423463387356,1.3862888717685906,-0.8363465254329476,0.5990566585639969,-1.1320184361248462,0.5329617775614314
0.17635270541082163,66.2597094734255,0.9999764988655279,-0.7827537083245303,0.11871884164421115,0.8881150332228017,1.338689030501748,-1.381936738733476,0.04324770823077159,-1.3140255467359172,0.24835844520923026,1.0656671015250636,0.9982347146174598,-0.03281796953294312,-0.9654167450848359
0.18036072144288576,67.77094651071735,1.0003377771587088,-0.7819905346113027,0.11710566459589655,0.888116083304167,0.9039683504817887,0.661752497186422,-1.565720847686554,0.39269426377101635,-1.356701084815804,0.9640068210527839,-0.47550853133038684,1.127411027011199,-0.6519024956905187
0.1843687374749499,69.28265589495501,1.0006053461062685,-0.7800787814851493,0.11637917319342687,0.8881159480393783,-1.2276747045514294,1.4628191876498617,-0.2351444831050996,1.3608158402030888,-0.40966345763482714,-0.9511523825628921,-1.0510488604994321,0.16846544373779382,0.8825834167577437
0.18837675350701402,70.79471242467129,1.0008006228721766,-0.7780906936920103,0.11553325020455232,0.8881144691593001,-1.0533135367095636,-0.482309067698242,1.5356226044439998,-0.23179596720642076,1.308382530333469,-1.076586563127752,0.3475965449768336,-1.1011794917253335,0.7535829467309312
0.19238476953907813,72.30702029358157,1.0009401631889805,-0.7754142497617076,0.11394354967024736,0.8881117724873984,1.09706294550741,-1.5212631963855927,0.42420025090585156,-1.3882901422311416,0.563934043003098,0.8243560992315738,1.0854703501254752,-0.2993200184655729,-0.7861503316548986
0.19639278557114226,73.81950357180413,1.0010342029675503,-0.7716774669331362,0.11229567799678347,0.8881079344825767,1.1883274128132284,0.2923092142723529,-1.4806366270533287,0.06856169264624629,-1.2421958234947612,1.1736341308422853,-0.21433610155357158,1.0550602004440899,-0.8407240988856606
0.2004008016032064,75.33209385490055,1.0010115175589072,-0.7675671116961765,0.11111701731656907,0.888102907291462,-0.9462481116294165,1.5538287825356212,-0.6075806708917914,1.3964533836311563,-0.7097762326064604,-0.6866771510325669,-1.099280291134154,0.42123136930902133,0.6780489218327321
0.20440881763527052,76.84409631067402,1.0003611128737258,-0.7637413732681682,0.11052471316575639,0.8880979143228601,-1.300714121874326,-0.0995104412973902,1.4002245631722596,0.09572864656040002,1.158666134717648,-1.25439478128397,0.08315726418189154,-0.9950126230193916,0.9118553588478108
0.20841683366733466,78.3552324629382,0.9998591425525292,-0.7617390824459971,0.1119651185722517,0.8880940865895691,0.785444923204602,-1.5590138526771504,0.7735689294666002,-1.3849531331529576,0.8471698641146619,0.5377832690357017,1.1024585284854331,-0.533705172772344,-0.5687533557022847
0.2124248496993988,79.8657045858662,0.9994785900803098,-0.7628032945187905,0.11406104930442958,0.888091482674965,1.3888217416815734,-0.08288385852428479,-1.3059378831630415,-0.26158463333800797,-1.0570905126790007,1.318675146017605,0.04374364197646437,0.9348622954666622,-0.9786059374345111
0.21643286573146292,81.3756804100068,0.9991986751964731,-0.7656089696119935,0.1152438806583442,0.8880900728556045,-0.6254191436049582,1.5496441356444552,-0.9242249920406821,1.3532368481570225,-0.9745937665554553,-0.3786430815997885,-1.1046150001596902,0.6477492458474617,0.4568657543162681
0.22044088176352702,82.88529552831183,0.99899753869995,-0.7685631176198194,0.11615568680076716,0.8880900563794593,-1.4632599141927771,0.26209098701650424,1.201168927179683,0.42559336566334793,0.9388184527952488,-1.3644118184570542,-0.17702487720442367,-0.864454102083396,1.0414789792882873
0.22444889779559116,84.39465393129088,0.9988563175521958,-0.7718727729154208,0.11779431905019819,0.8880916164003426,0.4578254859649412,-1.5217520613181612,1.063926575355814,-1.3013163770179124,1.0886657706701086,0.2126506063481787,1.0932460716974568,-0.7571797685629102,-0.3360663031336106
0.2284569138276553,85.90383630862222,0.9987629964137038,-0.7761921397006577,0.11974993700345632,0.888094659818147,1.5181363181917429,-0.43601812091232056,-1.0821181972771206,-0.5842385524449917,-0.8059581430652792,1.3901966955103302,0.3096611940199429,0.7835252164395214,-1.0931864104588833
0.23246492985971942,87.41290843575186,0.9987089482828373,-0.7811072207190815,0.1212742153568984,0.888099032365547,-0.2868507850098421,1.4767196355974137,-1.189868850585787,1.2297995281293257,-1.1870147711966872,-0.042784756932822646,-1.069825983331941,0.8613356192772792,0.2084903640551694
0.23647294589178355,88.9222658056998,0.9992466925749007,-0.7858774182871231,0.12240744139431274,0.8881043717056548,-1.5569360694040344,0.6065924883625924,0.9503435810431866,0.7343863602190865,0.6609718100743507,-1.395358170293596,-0.44381297330465264,-0.6885202842051689,1.1323332575097758
0.24048096192384769,90.43255400947966,0.9998053867450841,-0.7894377387432293,0.12178642656208133,0.8881085139135004,0.10655846226168932,-1.413187324587826,1.306628862326048,-1.1408290924107476,1.2672292068792592,-0.1264001144694253,1.0251087327047055,-0.9543966037926126,-0.07071212891220827
0.2444889779559118,91.94358557313981,1.0002346600552057,-0.7900205466214988,0.11986343684111994,0.888111758674695,1.576353290596893,-0.7793871664672738,-0.7969661241034344,-0.8713640689127121,-0.5089627212802174,1.3803267901995846,0.572547085052658,0.5717118025764113,-1.1442588876245328
0.24849699398797592,93.45518160696426,1.0005559512939632,-0.7881780434517918,0.11851993291336334,0.8881141911733843,0.08719954275447005,1.3191040510196261,-1.4063035937305055,1.037186600634382,-1.328004802395228,0.2908182017708008,-0.9515858683510702,1.02083580894948,-0.06924994059624084
0.25250501002004005,94.9671950257131,1.0007908342242249,-0.7858097586272904,0.11778908437966826,0.888115277679138,-1.5640321206522159,0.9407756570293115,0.6232564636769858,0.9942992030266783,0.3517364941850741,-1.34603569720798,-0.6827454506251465,-0.4463738222813469,1.129119272902021
0.2565130260521042,96.4795113594641,1.000959886940421,-0.7832859578883025,0.11653716009535366,0.8881147547850115,-0.2792725230297351,-1.2019588665593535,1.4812313896485665,-0.9200540705098675,1.3696032376991771,-0.449549167191147,0.8637296910076036,-1.0671471977394795,0.2034175067198557
0.2605210420841683,97.99204271648402,1.0010772293304888,-0.7798322427006736,0.11472442981471966,0.888112874673921,1.5276020754716793,-1.0888203122106115,-0.4387817632214228,-1.1025272246728957,-0.19082061855252191,1.293347843215623,0.7803504053004903,0.3145633609864543,-1.0949137662930144
0.26452905811623245,99.50471814307083,1.0011519748392494,-0.775496903716075,0.11316257294122166,0.888109832276574,0.46965632837387117,1.06329056204324,-1.5329468903971926,0.7908535740296349,-1.3921348818512373,0.6012813078082646,-0.7613096177741253,1.0930014645434416,-0.3316918467733797
0.2685370741482966,101.01735838368208,1.000848795863354,-0.7710864320623063,0.11200810395031352,0.8881055615299194,-1.4642485097205094,1.2179936021089335,0.24625490760803886,1.1952772578103008,0.027735142686247237,-1.2230124005085001,-0.8611453301090989,-0.18193537184524333,1.0430807019583155
0.2725450901803607,102.52915604120317,1.00025036781029,-0.7673305913406218,0.11199866844593333,0.888102177928809,-0.6476773189091112,-0.9089427834535673,1.5566201023454938,-0.650038176960693,1.3953375660459872,-0.7452993890922177,0.653483572605481,-1.1034866569112838,0.45000308431456415
0.27655310621242485,104.04015683980373,0.9997893401986448,-0.7660970745156404,0.1138155929522512,0.888099668831842,1.3803093959557131,-1.321055235600269,-0.059254160377210964,-1.2724438794129882,0.13823471430927636,1.1342091651019166,0.9326106455835275,0.05433878850311506,-0.9869494340758089
0.280561122244489,105.55054976740867,0.9994423912038719,-0.7677451929387744,0.11560018566976199,0.8880981277779867,0.8066887114540393,0.7537025614749238,-1.5603912729504252,0.4974135746838652,-1.3785981160883942,0.8811845414030195,-0.5471806763787082,1.1129777267779524,-0.5657970503976512
0.28456913827655306,107.0604915622495,0.9991885294422959,-0.7704334711902595,0.1164999258244691,0.8880979567004903,-1.2881409545635305,1.4092697411100024,-0.12112878656078802,1.3323509827203015,-0.30458979015589205,-1.0277611925595875,-1.0040232632795911,0.07783520010778414,0.9261880631664434
0.2885771543086172,108.57010635705494,0.999006217483864,-0.7731550778681784,0.11755365292141011,0.8880993185817644,-0.9572179511948439,-0.5913523162960433,1.5485702674856923,-0.3357889646338051,1.3415149879301367,-1.005726023295128,0.43060617513886473,-1.1119997188496462,0.6813935437040315
0.2925851703406813,110.07948891467825,0.9988790180265894,-0.7765534269039556,0.11933409738258458,0.8881020508148608,1.1796001365390067,-1.4790202016438678,0.29942006510115016,-1.3730324278167718,0.4677287614193434,0.9053036663975637,1.064437195701458,-0.21145341696570624,-0.8529837787407958
0.29659318637274545,111.58871428241095,0.9987967465044126,-0.7809621463141848,0.12113794520356126,0.888106072466935,1.0934799488731155,0.42413759764450354,-1.517617546520373,0.16839736981823394,-1.284355761079692,1.1159583912622024,-0.3079854114313722,1.0991229929830924,-0.7911375815571782
0.3006012024048096,113.09785720672274,0.9988680277032346,-0.7856746949088823,0.12247320673302171,0.8881114640497375,-1.0588213827723116,1.531973066942247,-0.4731516841715909,1.3934593679184206,-0.6244840511850657,-0.7689753167331665,-1.1147693656372122,0.3469857031243244,0.7677836625084965
0.3046092184368737,114.60764632816579,0.9995196457718907,-0.7900321404526038,0.12314880663941223,0.8881168728955294,-1.2202030245838376,-0.24944367368606646,1.46964669826951,0.0012415840237771092,1.2083498442726643,-1.2095914282966111,0.17528440888698296,-1.0691518579063346,0.8938674490160802
0.30861723446893785,116.11830468747854,1.0000241285217133,-0.7924269738617865,0.12176410745252543,0.8881213170428914,0.9195180899022725,-1.5689347009642747,0.649416611059189,-1.3934470817328886,0.7703984053283552,0.6230486764025628,1.144023016278915,-0.48175143529544573,-0.6622715809873602
0.312625250501002,117.6296314053743,1.0004078481997636,-0.7917253603599698,0.11980927185123744,0.8881246410362577,1.3359486198697954,0.05887078758197192,-1.394819407455406,-0.1678854324473721,-1.11633293860448,1.284218371050591,-0.033537113438217886,1.0091207800267952,-0.9755836665909298
0.3166332665330661,119.14145966850556,1.0006915666026823,-0.7893611313546357,0.11878310351169889,0.8881267928772505,-0.7549234223607051,1.5762065736295927,-0.821283151270604,1.3736657082810075,-0.9029941691218425,-0.47067153915737764,-1.1420175690956433,0.6011845888254246,0.5408329802722203
0.32064128256513025,120.65365490827796,1.0008971780521698,-0.7868624455806269,0.11795794482476309,0.8881275854396304,-1.4270475789210817,0.13495869561158041,1.2920888833141435,0.33013682924006454,1.0098194193938352,-1.339956248635709,-0.10252242242586418,-0.9309212339655608,1.0334436563942562
0.3246492985971944,122.16611395363098,1.0010432399797342,-0.7839333957701371,0.11637775958473685,0.8881268715934083,0.5778808325112552,-1.557714192534054,0.9798333600095894,-1.3349688753056579,1.0219454993404713,0.3130233759678258,1.1210458666740406,-0.7077823791675409,-0.41326348750422587
0.3286573146292585,123.67875639585485,1.001141444794017,-0.7799496752539552,0.11452186875397155,0.8881247396639456,1.4968261868358725,-0.32894832998336737,-1.167877856858622,-0.4868531421957114,-0.8899810171861594,1.376834159385348,0.23576031227278493,0.8369223051222394,-1.0726826173947333
0.33266533066132264,125.19151646049251,1.0012003793919546,-0.775386424985542,0.11312108345900973,0.8881213361799429,-0.3890691525151338,1.5124235385901057,-1.1233543860749526,1.278077547921968,-1.126289122831242,-0.15178842508745166,-1.0800042085454082,0.7988492277177532,0.2811549808253422
0.3366733466933867,126.70396160876732,1.0006402413137707,-0.7709730671070767,0.11211803968330576,0.8881171410069042,-1.539727500791165,0.5157360251505698,1.0239914756438693,0.636661311540251,0.7580060762892562,-1.3946673878277223,-0.35998071827725564,-0.7333024884148799,1.0932832066882128
0.34068136272545085,128.21548453981603,1.000093300175465,-0.767829406743924,0.11291368768968456,0.8881142312926159,0.19950659918589703,-1.4425779830409593,1.2430713838503755,-1.2028165081114195,1.2157148670466507,-0.012898358935420007,1.0291871920067568,-0.8770084308526718,-0.15217876115743142
0.344689378757515,129.72628077689365,0.9996744021614181,-0.7676690224023693,0.11491995307399552,0.8881123081155959,1.5573160440010494,-0.6842962283870997,-0.8730198156173462,-0.7801014176163598,-0.6128902244420597,1.3929916420596886,0.4774592797184175,0.6313755389652115,-1.1088348186883044
0.3486973947895791,131.23652730233306,0.9993622593924172,-0.7698358094567994,0.11628886966277735,0.8881112494004733,-0.019038766312398536,1.3619292835590888,-1.3428905172791152,1.1089026327098213,-1.2892291219229852,0.18032648921089753,-0.9779333804454264,0.9549709112679186,0.022962469167380213
0.35270541082164325,132.7463693154118,0.9991352818180944,-0.7724648026527896,0.11708442133764427,0.8881115388380588,-1.5613843183568934,0.8428463379139687,0.7185379804102995,0.9140094293932648,0.4570317303238476,-1.3710411597149514,-0.5979647218086667,-0.5212843097775074,1.1192490315802943
0.3567134268537074,134.25591954903544,0.9989731201742489,-0.7752605056144201,0.11842839154332138,0.8881134418671132,-0.16183383463487983,-1.2661003878750057,1.4279342224899774,-0.9978825074937417,1.3445602878023741,-0.34667778030372337,0.9136740439357691,-1.024790968936381,0.11111692499354653
0.3607214428857715,135.76526459663037,0.9988619395941334,-0.7789825469110089,0.12030235876269958,0.8881167328178345,1.544942138726232,-0.9891900910802137,-0.5557520476531118,-1.0353742194201605,-0.29332341743202356,1.3286976368578112,0.7127186690621781,0.40395624208056463,-1.1166749111503351
0.36472945891783565,137.27447439561087,0.9987927044969771,-0.7835373253406559,0.12190447275120882,0.8881212273961476,0.33804283447419653,1.1565393979158907,-1.4945822323851354,0.8715039898211073,-1.380178295502727,0.5086743056846905,-0.8386645083140665,1.0852232037644713,-0.24655869545894107
0.3687374749498998,138.78376385931108,0.9991468270234761,-0.7881288659350372,0.12310966985419383,0.8881269692746838,-1.5116393153925658,1.1247379277777423,0.3869013876214544,1.141644978514663,0.12486418739412677,-1.2665091659084762,-0.8230681720968237,-0.2771694234588472,1.1002375955479313
0.3727454909819639,140.2939268150085,0.999738137470907,-0.7919624145735884,0.12301754938758969,0.8881317439980604,-0.5152232414561513,-1.0311914193982947,1.546414660858425,-0.7329948940849711,1.3953982424111804,-0.6624033483279753,0.7458664402402394,-1.12999482070815,0.38412838046197795
0.37675350701402804,141.80487730853855,1.0001937766725906,-0.7931425810483554,0.12118266495021811,0.8881356718370494,1.4567905602683615,-1.2534369292742098,-0.2033536309920275,-1.2298669439074512,0.042800902157333565,1.1870660417487184,0.919034166662547,0.13793838762124538,-1.0569725542874941
0.3807615230460922,143.3164284402991,1.0005365330761524,-0.7915099226075801,0.11950909925066641,0.8881386858142355,0.6952476534339792,0.8789959141695238,-1.574243567603896,0.5864346063844506,-1.3904645148287453,0.8040299084393516,-0.6309339386287673,1.1437847813668989,-0.5128508427330657
0.38476953907815625,144.82842536333533,1.0007875404836497,-0.7889647637566113,0.11867620273286975,0.8881402889984671,-1.3698344678221959,1.360631878859742,0.009202588956977703,1.2994599712421895,-0.2075315410781179,-1.0919284301694412,-0.9889666502833929,1.6901947267750073e-6,0.9889649600835096
0.3887775551102204,146.34074595096774,1.0009682271834746,-0.7863769615570163,0.117597660319524,0.8881402902448216,-0.862672493975694,-0.7105737114530577,1.5732462054185437,-0.4333110435994717,1.366144741769661,-0.9328336981736813,0.5088568735340186,-1.1358075641007177,0.6269506905619474
0.3927855711422845,147.85329692891358,1.001094524203036,-0.7830398126887684,0.11581433265387492,0.8881389118326374,1.2613524459944492,-1.4471324553846336,0.1857800093780904,-1.3505341393918326,0.36809128271110975,0.9824428566791643,1.0414614401503295,-0.13593897017662673,-0.9055224699759538
0.39679358717434865,149.36600405681205,1.0011763068630681,-0.7786982501757476,0.11407728754324757,0.888136271673179,1.0187320376624653,0.528155667675151,-1.5468877053461123,0.27499229134072933,-1.32313462727325,1.0481423359325335,-0.3789923691549545,1.1072793848834395,-0.7282870157325728
0.4008016032064128,150.87878302502327,1.0010672193678223,-0.77410383849611,0.11280953120455822,0.8881322829208219,-1.130117214379445,1.5087755950925696,-0.37865838071919267,1.382856379139458,-0.5230303576160176,-0.8598260215227423,-1.0738369576486972,0.2652097459395325,0.8086272117051483
0.4048096192384769,152.39087653214693,1.0004252792493686,-0.7699025655831667,0.11225094318445158,0.8881284540358315,-1.1542438439282874,-0.33934455322688273,1.4935883971513662,-0.11255423454678372,1.2616690417776308,-1.1491148072301351,0.24922217729062668,-1.064131287519049,0.8149091102248047
0.40881763527054105,153.90211407446228,0.9999288237873147,-0.767747413853212,0.11373115176935204,0.8881255725195246,0.9856786044760625,-1.5425482558941996,0.5568696514081357,-1.396049349809249,0.6725045016771732,0.723544848133252,1.095734787067489,-0.38611303696690163,-0.7096217500971944
0.4128256513026052,155.41269450635204,0.9995520016216144,-0.7686641609021739,0.11568625907759891,0.8881238041593109,1.2662738651625747,0.15797947408521884,-1.4242533392510162,-0.05442220172055227,-1.181113138106812,1.235535339837893,-0.12316555784282415,1.0205940284758102,-0.897428470629731
0.4168336673346693,156.92278297644685,0.9992740562436809,-0.7711466717050849,0.11670448173927551,0.8881232237175732,-0.8392209799318747,1.5609988440629872,-0.7217778641239071,1.389351343572176,-0.814730134885756,-0.5746212086805073,-1.1167036715956056,0.5091146140877642,0.6075890575100868
0.42084168336673344,158.43251235798928,0.9990731472792218,-0.7737401065026678,0.11757050956591789,0.888123983355733,-1.3653008118405194,0.022929279238572034,1.3423715326379615,0.222631500653269,1.0823343858484125,-1.304965886493538,-0.010190011396810347,-0.9666353879657279,0.9768253993600582
0.4248496993987976,159.94198442457886,0.9989310318300911,-0.7767955243989549,0.11919280673416503,0.8881261930065728,0.6826070432430796,-1.560213605765473,0.8776065625635794,-1.362146382041736,0.94610660336241,0.4160397786794855,1.1245560549618612,-0.6289322574765619,-0.49562379749387614
0.4288577154308617,161.4512786466938,0.9988362472609874,-0.7808947744715594,0.12105924211473008,0.888129791909693,1.4456049912606093,-0.20119452708808624,-1.2444104641442375,-0.38849035957640243,-0.9670043003163131,1.3554946598865647,0.14461757138282821,0.9015531618525446,-1.0461707332403856
0.43286573146292584,162.96046002650021,0.9987802121117586,-0.7855271186208093,0.12247155440001192,0.8881346868407993,-0.519913457287623,1.5417107771891734,-1.0217973198894756,1.3146108358098103,-1.064002227932127,-0.2506086078858308,-1.1205582008406605,0.7451742160437844,0.37538398479711266
0.4368737474949899,164.4700211060215,0.9993843432468089,-0.7899804095726274,0.1234523634580697,0.8881402588134156,-1.510944798301043,0.37903012513624923,1.131914673163176,0.5487244981609856,0.837289580375497,-1.3860140785433277,-0.28272063396164565,-0.8213262199305864,1.1040468538968418
0.44088176352705405,165.980501567308,0.9999228102442757,-0.7930210810255339,0.12252881441067935,0.8881446054653807,0.34498156562837234,-1.5045361108153126,1.1595545451786053,-1.248319483981665,1.1653783494555767,0.08294113452252438,1.0947397953080509,-0.8526069633507608,-0.24213283195071827
0.4448897795591182,167.49169717589933,1.000334786256975,-0.7930207277462575,0.12052021473223659,0.8881479221136,1.5583473183294039,-0.5626742108910477,-0.9956731074483371,-0.69828020027077,-0.6977975484498888,1.3960777487206555,0.41905053088188954,0.7165268833013703,-1.1355774141773591
0.4488977955911823,169.00343302808756,1.0006413485317165,-0.7908246711684355,0.11924000017609193,0.8881502961071812,-0.1531158040436703,1.4362700635210908,-1.2831542594966336,1.1654681052262932,-1.2484715559208763,0.08300345069531506,-1.0387826454052502,0.9358764190168364,0.1029062263929233
0.45290581162324645,170.51556607512472,1.0008642158731123,-0.7882595181032779,0.1184581228154098,0.8881512945576242,-1.5752527165808061,0.7387943621811646,0.8364583543925989,0.8361733089821043,0.5502557331239739,-1.38642904210034,-0.5400493601256622,-0.6002902738203257,1.1403396339491325
0.4569138276553106,172.0279856428371,1.0010234368708104,-0.7854799129884571,0.11706056600372362,0.8881506539816186,-0.0411353806915626,-1.3433912203150085,1.3845266010065727,-1.0671207806475673,1.3133960112722676,-0.24627523062034395,0.9667304290889932,-1.0005439798964024,0.033813550808704775
0.4609218436873747,173.54060650732353,1.0011323463802313,-0.7817269318396063,0.11518397291768379,0.8881485817213739,1.5679589125308953,-0.9048805721146109,-0.6630783404143811,-0.9615284404148826,-0.39613783816174164,1.357666278582526,0.650790688706793,0.47477270750343215,-1.1255633962140785
0.46492985971943884,175.0533595649807,1.001199815129061,-0.7771831105040463,0.11363931687051208,0.8881452911823224,0.23733770971825785,1.2268994630355414,-1.4642371727441914,0.9545936369239324,-1.3599514742304648,0.4053578373094022,-0.8782227386432166,1.0455502958064895,-0.1673275571689035
0.468937875751503,176.56600901471046,1.0008198950094092,-0.7726467034364652,0.11248065210055476,0.8881408100279768,-1.5330873475516344,1.0548614344316218,0.4782259131297728,1.0733702610667428,0.2369411625609386,-1.3103114236280606,-0.7465029592524512,-0.34591965308230993,1.0924226123296574
0.4729458917835671,178.07777286401824,1.000233955397914,-0.768915774303407,0.11266216104957687,0.8881373955481058,-0.42459592977860283,-1.0918153154853818,1.516411245266449,-0.8281110157246676,1.3877928289311232,-0.5596818132074372,0.7828442916630247,-1.0755668756912753,0.29272258402741086
0.47695390781563124,179.5887565869961,0.9997828187333901,-0.7678735161386913,0.11452733766346238,0.8881348372856646,1.4756050137914336,-1.1802950584935885,-0.2953099552981262,-1.1717815297516603,-0.07176982630226872,1.2435513560489755,0.8335165799010664,0.22111997237605113,-1.0546365522787302
0.48096192384769537,181.0991459603599,0.9994438837020669,-0.7695986316696339,0.11617848876362234,0.8881331465483326,0.5951194901774829,0.9528366461845621,-1.5479561363560217,0.6874999202181518,-1.3962287508415634,0.7087288306220725,-0.6883744769838227,1.1046509868808536,-0.416276509899441
0.4849699398797595,182.60909477753688,0.9991959876012746,-0.7721907604895524,0.11701382393708169,0.8881328313502996,-1.408033135107222,1.2916684219497785,0.116364713164021,1.2546258486036364,-0.0967142841685465,-1.1579115644399378,-0.9210818819527984,-0.09079272701131516,1.0118746089639648
0.4889779559118236,184.1187241564215,0.9990178189080924,-0.7748356310852301,0.11812182061453938,0.8881340925077326,-0.7593553080602351,-0.8042026517980873,1.5635579598567333,-0.5353123366105357,1.3843612332639015,-0.849048896657444,0.5827693082980655,-1.1236241853225808,0.540854877027004
0.4929859719438877,185.62812663919135,0.9988936549026861,-0.7782420669343446,0.11991726277500321,0.8881366959076522,1.3223308264062734,-1.3856962054967619,0.06336537908959286,-1.3195830830003208,0.2650686823155777,1.0545144006816594,0.9988365513736128,-0.04260479107439111,-0.9562317602984514
0.49699398797595185,187.1373759606883,0.998813694456082,-0.7826307373258276,0.121652064907192,0.8881405349611202,0.911551095228249,0.648022321876783,-1.5595734171091347,0.3744462542379959,-1.351903706797082,0.9774574525570973,-0.4695858556062839,1.1310087787080019,-0.6614229231002907
0.501002004008016,188.64656993844628,0.9989641502392417,-0.7872481356071253,0.12293488453454499,0.8881457307375765,-1.2226118540448256,1.463985064289226,-0.24137321024959563,1.365154748314887,-0.4300301682901762,-0.9351245800253672,-1.0677099568246886,0.17999614761866897,0.8877138092079186
0.5050100200400801,190.1564899363282,0.9995974967437911,-0.7914296137343291,0.12341414550325432,0.8881506471865448,-1.0567905263682071,-0.4817139103959504,1.538504436759982,-0.2084480757243503,1.2996459793806587,-1.0911979036558597,0.3440695490308583,-1.1211932922995667,0.7771237432703354
0.5090180360721442,191.66725439957534,1.000087157181683,-0.7934461284757154,0.12186109874495318,0.8881546664674376,1.102831083080618,-1.5282362363664694,0.4254051532836124,-1.3904290123658067,0.5867135766282121,0.8037154357383298,1.1166524582228567,-0.3200199127516641,-0.796632545470679
0.5130260521042084,193.17866660755715,1.0004583346266513,-0.7924059149773116,0.11994318499466045,0.888157578142311,1.1944405211357105,0.2960299637838489,-1.4904704849290054,0.04235388886632764,-1.2296865580775387,1.18733266920951,-0.20566253333018097,1.0803007886580598,-0.8746382553292089
0.5170340681362725,194.69056311735645,1.0007318148134026,-0.789922052109691,0.11897222978806149,0.8881592200685583,-0.955247482008536,1.5642435136556387,-0.608996031645245,1.395590831426587,-0.7326191501432571,-0.6629716812812135,-1.1350569993018587,0.4484292624846834,0.6866277368179735
0.5210420841683366,196.20281289477123,1.0009294525093093,-0.7873635516270271,0.11808123479650832,0.8881594441798931,-1.3102867983914812,-0.10331408871294205,1.4136008871036319,0.12232591896976146,1.143375849762206,-1.2657017687306535,0.06929982508302522,-1.0195986588401738,0.950298833758654
0.5250501002004008,197.71531572440992,1.0010691197676147,-0.7842876305493043,0.11642217086120983,0.8881582038123065,0.7921362935345467,-1.5751806352108142,0.7830443416793853,-1.3813712530944369,0.8671875150676296,0.5141837380250032,1.1342987134945595,-0.5666926753033934,-0.5676060381921009
0.5290581162324649,199.22799308385981,1.00116193332657,-0.7801540583052856,0.11457433859585575,0.8881555735449281,1.4069170348580877,-0.09352193271670128,-1.3133951021431414,-0.28440019843865305,-1.0417593889777763,1.326159587414264,0.06714928371603618,0.9413001440988238,-1.0084494278155967
0.533066132264529,200.74078063597005,1.001216444136848,-0.7755348224395127,0.1132047665372362,0.888151634785839,-0.6138417145861438,1.5590561161169325,-0.9452144015359893,1.348204433804302,-0.9892482660310252,-0.3589561677741946,-1.1129023539969225,0.6715443494700051,0.44135800452741725
0.5370741482965932,202.25315088732123,1.0005884166321426,-0.7711251113755181,0.11227878273276666,0.8881471277759534,-1.4777571939010625,0.2867661693342721,1.1909910245619557,0.44246294210744996,0.925796980805186,-1.3682599229125418,-0.197030701203258,-0.8515741018282246,1.0486048030321418
0.5410821643286573,203.76460611341747,1.0000550216708182,-0.7681964142963817,0.11327912274790865,0.8881438444976113,0.43126011259550895,-1.5169030053821135,1.0856428927862742,-1.2958188057603934,1.0985700543563817,0.1972487514059939,1.0812057498406475,-0.76461028499421,-0.3165954648452235
0.5450901803607214,205.2753532123425,0.9996473100915969,-0.7683174410025824,0.11529217893923756,0.8881416108733619,1.5232298398999708,-0.4645773452127575,-1.058652494675232,-0.5971115979256767,-0.7945694502906746,1.3916810482217672,0.32095038916457136,0.7628664989802736,-1.0838168881454469
0.5490981963927856,206.78556596306422,0.9993442741559408,-0.7705678723430373,0.11654393475255692,0.8881403152398751,-0.25462588369071015,1.462052656075105,-1.207426772367487,1.2238486697870943,-1.1939980044953333,-0.029850665287189507,-1.0487875335199213,0.8579644724085771,0.19082306111054476
0.5531062124248497,208.29538627490697,0.9991241913684994,-0.773159495272967,0.11733267945201484,0.8881403391963398,-1.5546057978841992,0.6346015649012424,0.9200042329926477,0.7449877618070772,0.6501369170553435,-1.3951246788613472,-0.44900876048772453,-0.6651798953413498,1.114188655828012
0.5571142284569138,209.80492382656922,0.9989672072088458,-0.7759900891362951,0.11875471909379626,0.8881419465983619,0.07495682200895853,-1.3904548057862947,1.3154979837825567,-1.1333121998192168,1.2727772619469486,-0.13946506212878454,1.003014938891051,-0.944281428833955,-0.05873351006254599
0.561122244488978,211.31426318082902,0.9988601816435498,-0.7797967744708274,0.12063415184607067,0.8881449668144965,1.5654175278564406,-0.7948351271026662,-0.7705824007532959,-0.882864392417315,-0.49513882500749506,1.378003217424222,0.5730640362362399,0.5589594569072385,-1.1320234931457218
0.565130260521042,212.82347294662696,0.9987942701874964,-0.7843634962468119,0.1221743616548293,0.8881492061618739,0.10306518644015394,1.303427397725001,-1.406492584164611,1.02551148896608,-1.3330243448022374,0.3075128558347378,-0.9458111085952876,1.0225220785152356,-0.07671096992106773
0.5691382765531061,214.33282680594306,0.999215133089523,-0.7889051929187608,0.12333305589328789,0.8881546003713167,-1.5591498360652916,0.9467809100031551,0.6123689260607754,1.007919796068368,0.33246765682993745,-1.3403874528994495,-0.6947465470195885,-0.44147538880859744,1.136221935828071
0.5731462925851702,215.84308177861956,0.9997921635434021,-0.7925460294789274,0.12301756042588026,0.8881588639646045,-0.2851588380113747,-1.199187966009609,1.4843468040186045,-0.9033492930578988,1.3734108701659207,-0.47006157710861246,0.8692773017416738,-1.086448991955787,0.21717169021449167
0.5771543086172344,217.35410476708665,1.0002360391354357,-0.7934029033159493,0.12111066222776858,0.8881622561478456,1.531719649244787,-1.0950532845413488,-0.436666364701616,-1.1164755644114526,-0.167644027986029,1.2841195923988904,0.8050343189602672,0.3079504521893895,-1.1129847711482386
0.5811623246492985,218.86571206680617,1.0005689510764857,-0.7915796145238143,0.11953082253351814,0.8881647844195826,0.4741473080604083,1.0662423576905846,-1.5403896657505773,0.7704510820152526,-1.3935544330245206,0.6231033510140869,-0.76776912586047,1.1205456478135907,-0.35277652194287057
0.5851703406813626,220.3777518446863,1.0008121918225132,-0.7890052027216639,0.1187186489131555,0.8881658894531279,-1.4717044614998398,1.2252992106528233,0.246405250834337,1.207816467764298,0.002655115165672954,-1.2104715829303916,-0.8917632544641305,-0.17193856467306806,1.0637018191416103
0.5891783567134268,221.8901049975069,1.000986923484879,-0.7863657102138842,0.11755547133599151,0.8881653493180155,-0.6544673664875009,-0.9141225008210306,1.5685898673016367,-0.6282012156484418,1.3940093626800947,-0.7658081470306247,0.6561650379998175,-1.133057850922656,0.47689281292866365
0.5931863727454909,223.40268047306682,1.0011083985611062,-0.7829095175317179,0.11573482516074846,0.8881634352698435,1.3887553850282606,-1.3372417603356055,-0.05151362469524917,-1.2817466793891834,0.16108921487897976,1.1206574645143956,0.9625109474128011,0.03477500901735049,-0.9972859564300436
0.597194388777555,224.91540542646544,1.0011861636583737,-0.7784911870219984,0.11403989869638938,0.8881602917172193,0.8269011065660218,0.74485296825912,-1.5717540748219847,0.4780179827987196,-1.3752838462921,0.8972658634976876,-0.5341008596174017,1.124694249497945,-0.5905933898816114
0.6012024048096192,226.42816655845655,1.0009967242728839,-0.7738943482328693,0.1127952453355417,0.8881558138859016,-1.2810325133792284,1.4261645282641464,-0.1451320148772729,1.337825390033917,-0.32209778717054743,-1.015727602861048,-1.0140567487854364,0.0984713869083534,0.9155853618744078
0.6052104208416833,227.9401666373758,1.0003713923099296,-0.7697856763314029,0.1124228392876582,0.8881517874106909,-0.9815271221512809,-0.5655470695258163,1.5470741916840172,-0.3207448888226262,1.3373785825722866,-1.016633693750035,0.4099634890967089,-1.1011685939599907,0.691205104861981
0.6092184368737474,229.4513331150606,0.9998882299760511,-0.7679310195915016,0.11403875836934835,0.8881486438648173,1.1570883439406643,-1.4873846562958106,0.3302963123626934,-1.3757263439643879,0.4807431093770179,0.8949832345860267,1.055462305292907,-0.2246055374386135,-0.8308567678627312
0.6132264529058116,230.96186086091748,0.9995225095254786,-0.7690997937425965,0.11592281469103317,0.8881465657832149,1.114040159992764,0.3905949181133277,-1.5046350781051114,0.15607187257310898,-1.2797022720482192,1.123630399474929,-0.28869215658459546,1.076949692302021,-0.7882575357198878
0.6172344689378757,232.47191175008746,0.9992534142472915,-0.7716197076489125,0.11686876756379071,0.8881457571678376,-1.028551032752957,1.53315505467786,-0.5046040219072367,1.3944060164277394,-0.6349358036654275,-0.7594702127639236,-1.0960998777577255,0.3537048108217127,0.7423950669070296
0.6212424849699398,233.9816152158168,0.9990591681709605,-0.7742052243363533,0.11778760113991658,0.8881463539121563,-1.2349027809968591,-0.21314632282211543,1.4480491038239176,0.012847323006029285,1.2026520512250551,-1.215499374238752,0.15899020312383597,-1.042093171030956,0.883102967884839
0.625250501002004,235.4910702141448,0.9989222340635632,-0.7773453355893369,0.11946730304264432,0.888148356665966,0.8873129961027504,-1.5595125895178248,0.6721995934070284,-1.3926777506393437,0.7809917069331058,0.6116860436958507,1.1241977794362379,-0.4812662735896671,-0.6429315058583952
0.6292585170340681,237.0003544639707,0.9988317048650392,-0.7815304520246186,0.12130370041948924,0.8881517096677477,1.338397203781903,0.035546866032345886,-1.3739440698323075,-0.18246543885278305,-1.1074044576858748,1.2898698965310065,-0.026302533357909406,0.9956019360966486,-0.9692994027455754
0.6332665330661322,238.5095316132888,0.9987775440562013,-0.7861578533760271,0.12267043567380181,0.8881563942689084,-0.7374537637111099,1.5681397740207603,-0.8306860103333942,1.3702794189294145,-0.9160416955414115,-0.4542377233908106,-1.1408407678753851,0.6072226437114318,0.5336181241611304
0.6372745490981964,240.01919224048254,0.999446842338164,-0.7905467621908145,0.1235457877930595,0.8881615193898573,-1.4286236374435026,0.14468863949520103,1.2839349979277694,0.34939447095394205,0.9958051508354478,-1.3451996217884885,-0.11243625976069221,-0.9329710851995605,1.0454073449586385
0.6412825651302605,241.52975639877462,0.9999715557504993,-0.7933184864654651,0.12242167540136681,0.8881655057112948,0.572662711303033,-1.5585754193690717,0.9859127080524305,-1.3281624094031406,1.0364738142881043,0.2916885951177428,1.135530048921836,-0.7271003877764821,-0.40842966114827056
0.6452905811623246,243.0410167389731,1.0003720461817547,-0.7930080442601996,0.12040629458431833,0.8881684040659482,1.5030626300267447,-0.33452187684851226,-1.1685407531847798,-0.5083737315917776,-0.8718559243697428,1.3802296559646174,0.25340388387688295,0.8432978551051957,-1.096701738986163
0.6492985971943888,244.55280149787012,1.000669192236996,-0.7907019979270619,0.11922121045451597,0.8881702750743008,-0.387575189728685,1.5179928489966505,-1.1304176592722992,1.2679344002445465,-1.1401577648837702,-0.12777663535850334,-1.099161606737339,0.8258159263362553,0.2733456803942383
0.6533066132264529,246.06497088516448,1.000884813655198,-0.7881334007614844,0.11842555120530565,0.8881707946077783,-1.5488270066038599,0.5209148246318036,1.027912181964424,0.6582701898943638,0.7372261388221508,-1.3954963287128666,-0.3825363186105951,-0.7393593840438502,1.1218957026488476
0.657314629258517,247.5774171895244,1.0010384368194658,-0.7852759894464975,0.11694531397029267,0.888169719030153,0.19609083842914632,-1.4518244779485274,1.2557336395129757,-1.1905772202577167,1.2270645555551651,-0.036487335293813955,1.0452474368144535,-0.9077987697207935,-0.1374486670983434
0.6613226452905812,249.09005713929426,1.0011427435888771,-0.7814070614813352,0.11506062089971525,0.8881672007156247,1.5709538763763906,-0.7009360450064638,-0.8700178313725853,-0.7980687057543454,-0.5932905093529521,1.3913592151101526,0.5040545632767977,0.6234618688414391,-1.1275164321232518
0.6653306613226453,250.60282295506477,1.0012064560064695,-0.7768249650658458,0.11356591528845426,0.8881634496616184,0.0010770306886546954,1.3604313329495297,-1.3615083636379786,1.0972303430898498,-1.296686302083707,0.1994559589944837,-0.9732064448628902,0.9713495562335749,0.001856888626531307
0.6693386773547093,252.11540854328578,1.0007526388349706,-0.7723083243583344,0.11245029056894128,0.8881586328990179,-1.565352378810474,0.8679876275865421,0.6973647512246333,0.9266115303864912,0.44147550050412787,-1.3680870308906605,-0.6126241436942141,-0.5017122815352238,1.114336425226757
0.6733466933867734,253.62708296303256,1.0001822458953271,-0.7687704853569042,0.1128762390694084,0.8881550373680143,-0.19287930241862922,-1.2478785928357112,1.4407578952519307,-0.9879296708982651,1.3486576546515867,-0.3607279837543181,0.8930212538061245,-1.0205235932490273,0.12750233943993275
0.6773547094188376,255.13799846690907,0.9997438620660408,-0.7680638590196938,0.11480657220033802,0.8881523384184409,1.5357009571694373,-1.0125667616644132,-0.5231341955086863,-1.0441853773453373,-0.2807770431205283,1.3249624204630082,0.7132250161735183,0.3830830495501141,-1.0963080657248718
0.6813627254509017,256.64833726571516,0.9994155189898186,-0.7699654435420962,0.1163387135894917,0.8881504714210401,0.37063374128182247,1.128614830475399,-1.4992485717621071,0.862489003507897,-1.3821858611488806,0.51969685764023,-0.8131276819323687,1.0689625802910656,-0.2558348983488855
0.6853707414829658,258.15824974901193,0.9991758719771707,-0.772558058148185,0.11714410912797742,0.8881499861137329,-1.4943724032130294,1.1443131548925367,0.3500592483216202,1.1481972112117453,0.11388916315017938,-1.2620863743632496,-0.8151639078712989,-0.25785533545611056,1.0730192433091434
0.68937875751503,259.66785364618215,0.9990039384656805,-0.7752375510669671,0.11834131552505424,0.8881511184161739,-0.5445195426812386,-0.9973591167869162,1.5418786594597624,-0.7231538863267293,1.3958615483121704,-0.6727076619843393,0.721269225467365,-1.107801369602042,0.38653214412353365
0.6933867735470941,261.17723904614957,0.9988847655368027,-0.7787535508095381,0.12016965536536064,0.8881536054411892,1.4336182185609088,-1.2603210136348324,-0.17329720493274695,-1.2360426985548219,0.05593691399741285,1.180105784556577,0.9086720090775927,0.1279447555945007,-1.036616764678395
0.6973947895791582,262.6864781494193,0.9988089061249085,-0.7832014057380225,0.12184827606970436,0.8881573055823085,0.7089511828186378,0.8560219374249547,-1.5649731202539015,0.5724114036036987,-1.3888834951705362,0.8164720915666789,-0.6204337238366361,1.1356470817039597,-0.5152133578723458
0.7014028056112224,264.19570469861844,0.9990401984642856,-0.7877968235997647,0.12309787251715706,0.8881623459128275,-1.357415160031841,1.3621168661962118,-0.00470170617230662,1.3057819310227161,-0.22542846343962614,-1.0803534675825324,-0.994767621881477,0.008087048439872985,0.9866805734375312
0.7054108216432865,265.70572634964054,0.9996567030241498,-0.7918500345188846,0.12336817411150192,0.8881668221117067,-0.8692820310105598,-0.7021352461462085,1.5714172771514014,-0.41377544206260886,1.361542169225331,-0.9477667271619254,0.5050550931393104,-1.146503789758498,0.6414486966154811
0.7094188376753506,267.2165696933803,1.000132771747352,-0.7935369831088716,0.12168442995626112,0.8881704504916598,1.26013854376761,-1.4522876898620685,0.19214914608910844,-1.3557468461158537,0.3893489404907218,0.9663979056255732,1.0625611089387943,-0.15035691064760653,-0.9122041982922093
0.7134268537074148,268.72804194797254,1.0004925570868204,-0.7922355736759995,0.11984311700463221,0.8881730406681363,1.0257740878589,0.5256847084223769,-1.5514587962885893,0.2519719043407681,-1.31521414039329,1.0632422360521998,-0.3731006341988012,1.1258147840928783,-0.7527141498971196
0.7174348697394789,270.2399829972974,1.0007569420721119,-0.7897049589505248,0.11893156562638309,0.8881742924002837,-1.132976522021897,1.5162486967807076,-0.38327217475660985,1.385745279111605,-0.5452966054301833,-0.8404486736781915,-1.1010979513945442,0.2848624267929339,0.8162355246012127
0.721442885771543,271.752265289286,1.000947676847124,-0.787132465559229,0.11797397670924265,0.888174058899638,-1.1636540596903657,-0.3385853047746191,1.502239364476601,-0.08856013544605267,1.2510458121543837,-1.1624856767060419,0.23959073337552106,-1.0841630115428111,0.8445722781723914
0.7254509018036072,273.2647914054253,1.0010819009071341,-0.7839501171091547,0.11625724472096237,0.8881724099355511,0.9876576407989234,-1.5564007243113023,0.5687430835246918,-1.3963268844091337,0.6924469644618079,0.7038799199470117,1.1207333614128856,-0.41216003810957924,-0.7085733233028555
0.7294589178356713,274.77748455873825,1.0011702024332598,-0.7797190358197864,0.11444178022303139,0.8881694251188971,1.2849407002194668,0.14347084881818392,-1.4284115490295566,-0.07521209197017198,-1.1699595343069595,1.2451716262754189,-0.10305942101707485,1.0234668898656216,-0.9204074688474494
0.7334669338677354,276.29028128601533,1.0011979770968276,-0.7750948556080899,0.1131118991901414,0.8881651097888851,-0.8239957761285529,1.5698166074237034,-0.7458208312917183,1.387652608874309,-0.829485980741917,-0.5581666281340455,-1.119581089701701,0.5284238855989352,0.5911572041044006
0.7374749498997996,277.8025497342105,1.00052733021819,-0.7707427291363134,0.11229959710754005,0.8881604918243173,-1.382012273817738,0.05177092447193348,1.3302413493461183,0.2379956262291549,1.0726506152882833,-1.3106462415188072,-0.029390351754573014,-0.9498575568491975,0.9792479086057936
0.7414829659318637,279.3139236369623,1.0000079939303455,-0.7680870530993756,0.11349734524266074,0.888156999617578,0.6526037996720916,-1.5561551186250018,0.9035513189772428,-1.3593812762487505,0.9562942057922271,0.4030870704553473,1.1078663068224381,-0.634149178762255,-0.4737171280618163
0.7454909819639278,280.82460878926605,0.9996120057361058,-0.7685152068298916,0.1155053889517183,0.8881546135998339,1.4541134975284051,-0.2345081972557803,-1.2196053002579055,-0.400364118017953,-0.9583151151725644,1.3586792331833615,0.1567063341020234,0.8766592530154675,-1.0333655871194705
0.749498997995992,282.3347757097143,0.9993185314965906,-0.7708628030994389,0.11665728407167145,0.8881532646613508,-0.4840308250854023,1.5283993815533718,-1.044368556466409,1.3110407284006191,-1.0715182713900258,-0.23952245702133684,-1.095246610679758,0.7407583143746858,0.35448829630529016
0.7535070140280561,283.84456291292815,0.999105760036648,-0.7734474694038976,0.11746099621594311,0.8881532253060279,-1.5120696177047168,0.4120335863469613,1.1000360313441595,0.5588945233841486,0.8285945294055787,-1.3874890527979409,-0.28934004043746736,-0.793793109671867,1.0831331501182848
0.7575150300601202,285.3540770249391,0.9989544004245119,-0.7763511425280215,0.1189632496050552,0.8881547267960671,0.3097457452983335,-1.482648623585576,1.1729028782804614,-1.243053066075304,1.171991443400262,0.07106162267148079,1.0691435268355218,-0.8416375904377025,-0.22750593638227534
0.7615230460921844,286.86340061330526,0.9988519805469426,-0.7802673355443082,0.12084518376762425,0.8881576554193591,1.5498347418568035,-0.5823602476014675,-0.9674744942629145,-0.7101719061423347,-0.6858252289996445,1.3959971351425966,0.4198281568081623,0.7012472410818312,-1.121075397876945
0.7655310621242485,288.37260092113814,0.998789795797759,-0.7848618072822248,0.12233229411809435,0.8881618323453313,-0.13409627784077122,1.4202169319798137,-1.2861206541422534,1.1562923938074405,-1.2555256353325455,0.09923324152800907,-1.0312029222830463,0.935974758438553,0.09522816385356193
0.7695390781563125,289.8820268934952,0.999282317655922,-0.789372073194742,0.1234359818831041,0.8881670218082428,-1.5708654306687724,0.747218230311465,0.8236472003591462,0.8511681522209626,0.5326516356257306,-1.3838197878434824,-0.5501289386638888,-0.5957937047954449,1.1459226434645713
0.7735470941883766,291.392371532724,0.9998442248469971,-0.7927990581380122,0.12287833400535833,0.8881709814687233,-0.04878234782363647,-1.339583555747554,1.3883659035770273,-1.0532388956190708,1.3201348116323763,-0.26689591601072005,0.9726586235971217,-1.0177248755907988,0.045066251996182735
0.7775551102204408,292.9034634963928,1.0002756309321408,-0.7933197383011519,0.12091564040198224,0.8881740247430794,1.5715255843328755,-0.9118055760498118,-0.6597200082746585,-0.9775669608869706,-0.3743953667468854,1.351962327633208,0.6723771740249844,0.47084057494244763,-1.1432177489639355
0.7815631262525049,294.4151225167141,1.000598193933675,-0.7913314246587291,0.1194512948772907,0.8881762152512431,0.2424663878977058,1.2288964204054664,-1.4713628082979178,0.9370131322302218,-1.3648656123370164,0.4278524801058159,-0.8867815550939249,1.0713262102400587,-0.18454465514239315
0.785571142284569,295.92720011426246,1.0008333853726528,-0.7887540085267394,0.11865876439495163,0.8881769951858464,-1.5398499225169056,1.0621461967337584,0.4777037257852519,1.0885657904291572,0.21290936995910165,-1.30147516039358,-0.7739210916637957,-0.33985509560481697,1.113776187272259
0.7895791583166332,297.4395804766478,1.001001998522615,-0.7860665402348687,0.11740378088512843,0.8881761140920462,-0.4315907943480215,-1.0965610540108346,1.5281518483497913,-0.808866525107752,1.3900838845910333,-0.5812173594867707,0.788216405329869,-1.104091744219569,0.3158753389010727
0.7935871743486973,298.95217488476374,1.0011185346973377,-0.7824944630799011,0.11555396587515558,0.8881738469970758,1.4843240656030166,-1.1969947086697443,-0.2873293569429193,-1.1836707115778702,-0.04969838369733125,1.2333690952754992,0.8613538941218529,0.2045541128776913,-1.065908006989558
0.7975951903807614,300.46491196660895,1.001192232872442,-0.7780178059627708,0.11391496453156137,0.8881703722570713,0.6164564549750805,0.9442988196721935,-1.5607552746532993,0.6702379601887526,-1.3960675355970988,0.725829575411129,-0.6767240289457097,1.1160740162938065,-0.43934998733997765
0.8016032064128256,301.9776383562362,1.0009257423926614,-0.7734392222639219,0.11270044970116301,0.8881656017919236,-1.402538185389019,1.3111015506461565,0.09143663474295216,1.262238983655775,-0.11372540755286945,-1.1485135760993581,-0.9308812521751539,-0.07041421458581802,1.00129546676548
0.8056112224448897,303.48954371613627,1.0003163424535721,-0.769459599052473,0.11253551452697505,0.8881615566046129,-0.7866103553572004,-0.7785671506646112,1.565177506026804,-0.5217181749672666,1.3826332918566606,-0.8609151168865755,0.5611836897710147,-1.1127198763786663,0.5515361866093498
0.8096192384769538,305.00063704041037,0.9998460631623619,-0.7679207967475428,0.1142649068988037,0.8881583656603812,1.301811130044663,-1.398240081681131,0.09642895163368735,-1.3240588663644195,0.27795679215352265,1.0461020742083702,0.9907557180255109,-0.05782776745056169,-0.9329279505792987
0.813627254509018,306.51110948120544,0.9994911267348816,-0.7693263383789484,0.11606576271455105,0.8881561668125528,0.9363839259715729,0.6140650451470576,-1.550448971143406,0.3630868616535423,-1.3491854601456585,0.9860985984767959,-0.44769736186922726,1.1084857448031382,-0.6607883829598554
0.8176352705410821,308.02111971402564,0.999230604420867,-0.7718818972939869,0.11695818159883539,0.8881552992789002,-1.1941985645626365,1.4701801647335428,-0.27598160022239915,1.3677174677777062,-0.4406179002089876,-0.9270995675783854,-1.0501967108384898,0.18998231618123068,0.8602143946421097
0.8216432865731462,309.5307938424863,0.9990428515263213,-0.7744814195462533,0.11794415316263158,0.888155913110747,-1.0762769881315777,-0.4442069144183207,1.5204839024945844,-0.19730834891792443,1.2956472328172974,-1.0983388839018347,0.32469472911305575,-1.0936076590022268,0.7689129298974293
0.8256513026052104,311.04022818767714,0.9989110416712123,-0.7777218482726266,0.11967451839834899,0.888157900582802,1.0715593760333848,-1.523046648490361,0.45148727241764963,-1.3915351534768303,0.5980539000672647,0.7934812534140145,1.097928801177035,-0.3223134689596286,-0.77561533220898
0.8296593186372745,312.54949883374513,0.9988247508256132,-0.7819929795316156,0.12147538189910649,0.8881611930597229,1.2005165117110685,0.27138240979169087,-1.4718989215233256,0.02777419410428565,-1.2226526946399257,1.1948785005439553,-0.19686026669309,1.066862683975373,-0.8700024172817442
0.8336673346693386,314.0586713549224,0.9988336334145242,-0.7866192611802936,0.12280522683273101,0.8881658411422354,-0.9380246474228762,1.558594095908028,-0.6205694484890792,1.3947916467988781,-0.7471954943918967,-0.6475961523989745,-1.1349131895881255,0.4551117936951083,0.6798013958883669
0.8376753507014028,315.56841771165836,0.9994968691765751,-0.7909488960319445,0.12357560384593358,0.8881707127234364,-1.313554454583103,-0.09297644251905897,1.4065308971092916,0.1420521119539901,1.1316856348191766,-1.2737377467680975,0.06061282730733749,-1.0233245554249668,0.9627117281094272
0.8416833667334669,317.07904870412955,1.0000103596706469,-0.793488153435127,0.12229913938068004,0.8881745343438239,0.787307833227569,-1.5770330500972098,0.7897252168801782,-1.3777637867080652,0.8839249700434741,0.4938388166662385,1.1503845983739662,-0.5848994092861246,-0.5654851890965964
0.845691382765531,318.59036038103693,1.0004014633209648,-0.7929315441503544,0.12029447504321923,0.8881772309447853,1.4135593455207196,-0.09876617746589622,-1.3147931680399891,-0.3068558067107128,-1.0260663087457,1.3329221154541775,0.0819907386548035,0.9508161389238422,-1.0328068775953596
0.8496993987975952,320.1021835805138,1.00069096580371,-0.7905506492734726,0.11918270228971797,0.8881788206776269,-0.6131550786466174,1.565136774883763,-0.9519816962217197,1.3414900031066317,-1.0058347391911933,-0.3356552639153634,-1.1344259767301605,0.6969595270176698,0.43746644970138204
0.8537074148296593,321.6143812403132,1.0009007387457076,-0.7879818733614891,0.1183666636984377,0.8881790630184512,-1.487146613579454,0.29120524162394995,1.1959413719691778,0.4653406702440424,0.9073867429521275,-1.3727274132000893,-0.21638308584341925,-0.8614848910642728,1.077867976889761
0.8577154308617234,323.1268480591229,1.0010498304652444,-0.7850564987754677,0.11682313018220152,0.8881777527737654,0.42884947744735075,-1.5272498254907945,1.0984003480499414,-1.286875184430097,1.1127345888362796,0.17414059558731584,1.0999034633143385,-0.794439129747152,-0.30546433357703556
0.8617234468937875,324.639502319597,1.0011504034630088,-0.7810957442165114,0.11493989371520233,0.8881750020910092,1.538274275519793,-0.48110208757017703,-1.0571721879574856,-0.6163997031542876,-0.7769050930518696,1.3933047962004026,0.3459819804725746,0.7578265389958773,-1.1038085194721738
0.8657314629258517,326.15227732946215,1.0012110924600621,-0.7764907155609713,0.11348549873353593,0.8881709982815206,-0.2351582393347067,1.463040153619829,-1.2278819142981074,1.2148224472116607,-1.2038313186221228,-0.01099112859281702,-1.0459379650547216,0.8751179822101197,0.17081998284443878
0.8697394789579158,327.66479443095966,1.000693075561267,-0.7719977997828926,0.11242266574418147,0.8881660800040974,-1.562003393818077,0.6614542339740453,0.9005491598301955,0.7587348446782942,0.6359191115806545,-1.3946539562594973,-0.4649095932244059,-0.6459531405373543,1.1108627337629338
0.8737474949899798,329.17638965117374,1.000136470207096,-0.7686595363982086,0.11306712872706272,0.8881624424475336,0.04315789178892204,-1.3754504857053345,1.3322925939054004,-1.1252279011630502,1.2787819575108383,-0.1535540563471246,0.9827591901404114,-0.9421933427711451,-0.040565847369734884
0.877755511022044,330.6872448257941,0.999709458271957,-0.768256219509153,0.11503958599657077,0.888159749490174,1.560731644758363,-0.8217587389034988,-0.7389729058579686,-0.8928010829366216,-0.4834014805904905,1.3762025635288841,0.5765755566946047,0.5363428169588912,-1.1129183736576578
0.8817635270541081,332.19753900953,0.9993905194775442,-0.7702956811225323,0.11646277729695605,0.8881578988438149,0.1377035712900334,1.2785824562487702,-1.4162860275009759,1.0178554197974479,-1.3366818586796645,0.3188264388821194,-0.9194026857267651,1.0088188037214907,-0.08941611800543779
0.8857715430861722,333.70741947909465,0.9991581503969085,-0.7728829254736573,0.1172513470142229,0.8881574163898459,-1.546534025980939,0.9707961512848541,0.5757378747333135,1.0156333239331121,0.3219104108369536,-1.337543734780175,-0.6905332914353952,-0.41917340847500095,1.109706699893181
0.8897795591182364,335.2170009414435,0.9989917353251325,-0.775604057444888,0.11853127232025043,0.8881585583929557,-0.3172247694196717,-1.167696684235375,1.484921453670764,-0.89455492298889,1.3755986299641068,-0.4810437069879022,0.843407543297184,-1.0666303893109845,0.22322284600754416
0.8937875751503005,336.7263713667786,0.9988770096041851,-0.7792213642821313,0.12038290575041187,0.8881610750555435,1.5120954391091284,-1.1060950219822543,-0.40600041713580254,-1.124374025432496,-0.15449031273488104,1.2788643381546987,0.7976103837798308,0.29577007591513005,-1.0933804596924916
0.8977955911823646,338.23560160842686,0.9988047917303912,-0.7837141513130943,0.12200863621887179,0.8881647990347218,0.49010615542690417,1.0444355960755796,-1.5345417515253645,0.7573764392516703,-1.3942759976343582,0.6368995583763691,-0.7572942897690383,1.1143233791892577,-0.35702908941009914
0.9018036072144288,339.7448677350073,0.9991062359603338,-0.7882863519308215,0.12322768476994247,0.8881698237117689,-1.4611917550760891,1.2290892769071289,0.2321024781460318,1.2166956098697952,-0.01566786022993276,-1.2010277496398618,-0.8989973634665279,-0.1642172705994223,1.0632146340759503
0.9058116232464929,341.25497767735357,0.9997081224541098,-0.7922041440580831,0.12329389066116628,0.8881740449992124,-0.6618591204383789,-0.9065670243943491,1.5684261448258432,-0.6096874831431798,1.3924327313676634,-0.7827452482195623,0.6546500986849717,-1.1457006299773917,0.49105053129899423
0.909819639278557,342.76588947812127,1.0001723160706177,-0.7935902090158388,0.12151327636080189,0.8881774309215216,1.3887907482850286,-1.3432168584836526,-0.045573889797707615,-1.290157972051747,0.1831008866030182,1.1070570854550439,0.9843007333846248,0.022730411683386856,-1.0070311450662743
0.9138276553106212,344.2774137269021,1.0005221580286123,-0.7920769061578234,0.11975595769744236,0.8881798547173161,0.8337706742957489,0.7434205056032639,-1.5771911798860168,0.4558519520666569,-1.3707545993660089,0.9149026473042317,-0.5319671185725394,1.1456947306983498,-0.6137276121261995
0.9178356713426853,345.78939328260157,1.0007786597343875,-0.7895169948363331,0.11888681252857516,0.8881808945299737,-1.2849458727587686,1.4338056746630174,-0.1488598018817389,1.344294921241495,-0.3455418938285342,-0.9987530274126198,-1.0421032879505228,0.1149204164935271,0.927182871453572
0.9218436873747494,347.301703671473,1.0009634148173177,-0.7869235514320242,0.11785964920155126,0.8881803819114176,-0.9905799411928663,-0.5661513865920891,1.5567313277918784,-0.2974111714366966,1.330162091034911,-1.0327509196064533,0.4043022974833352,-1.1240259346164707,0.7197236371277258
0.9258517034068136,348.81424986293416,1.0010928899895768,-0.7836414198300473,0.11609873910491139,0.8881784826705859,1.160759239923082,-1.502278505460901,0.3415192655345332,-1.3794114394558854,0.5019122190168837,0.877499220431911,1.0817210850832628,-0.2484202842430419,-0.8333008008435399
0.9298597194388777,350.3269565466373,1.00117725372676,-0.7793314844536415,0.11432037670945848,0.888175295909164,1.1338250236688872,0.3771979935595901,-1.511023017240408,0.13568079521910284,-1.2714497874755195,1.1357689922516545,-0.27072313642731166,1.0822825402140916,-0.8115594037857264
0.9338677354709418,351.8397507845431,1.001117444457418,-0.7747090312484827,0.11302236212142815,0.8881707664081585,-1.0154283664260149,1.5449600873737432,-0.5295317209629037,1.3954248819509532,-0.6508038676823888,-0.7446210142693963,-1.1008057322889488,0.37346821272242076,0.7273375195686108
0.937875751503006,353.3519120923516,1.000465229791273,-0.7704314696290449,0.11236110827982343,0.8881662315628003,-1.2548816124791673,-0.18434271465189328,1.4392243271186305,0.028138744790113634,1.1950277899112294,-1.2231665346997365,0.13881962275173307,-1.0264832389629945,0.8876636162123052
0.9418837675350701,354.8632035645637,0.9999605098873923,-0.7680799351908825,0.1137440958522697,0.8881627061473799,0.8590612748822326,-1.5599111198429272,0.700849844950356,-1.3919547331213356,0.792259662473971,0.5996950706480426,1.109344168913358,-0.4892631849114769,-0.6200809840051892
0.9458917835671342,356.37382646482376,0.9995767299204094,-0.7688148256968913,0.11571972653877892,0.8881603062609391,1.3517649637684066,0.0010126181498612274,-1.3527775819157872,-0.194531455290849,-1.1002056921499437,1.29473714744358,-0.011176068094678526,0.9706069928665273,-0.9594309247760421
0.9498997995991983,357.8839478552247,0.9992931302327076,-0.7712406182829675,0.11677668422443749,0.8881590478233143,-0.7025144925860125,1.559913392627063,-0.8573989000505686,1.3683800594563345,-0.9246678036822267,-0.443712255773501,-1.1168909992768448,0.6066662606931486,0.5102247385792447
0.9539078156312625,359.3937026178729,0.9990878617174885,-0.7738160810525417,0.11761253363597204,0.8881591135110225,-1.435003760948158,0.17996713722034297,1.2550366237107395,0.3601182782225473,0.9881684872965374,-1.348286765519631,-0.1229673078369594,-0.9045029280452181,1.0274702358731054
0.9579158316633266,360.9031942260053,0.9989422981815212,-0.7768031997449738,0.11919159419077849,0.8881606668908769,0.5375666750332301,-1.5409973565570856,1.0034306815120906,-1.3244941101447962,1.0445623258649632,0.279931784280675,1.1110759603102929,-0.7197833141610508,-0.39129264615632203
0.9619238476953907,362.4125032338572,0.998844635840135,-0.7808281563060606,0.121063232535965,0.8881636340248997,1.4988076800239336,-0.3564325650900866,-1.1423751149393078,-0.5213522861519511,-0.8608793935720075,1.3822316797243792,0.2568868028534509,0.8277909777484924,-1.0846777806120484
0.9659318637274549,363.921695450587,0.9987862627314745,-0.7854387838259923,0.1224971732041278,0.8881678839452121,-0.36835378062989443,1.5046345140496598,-1.1362807334240759,1.2607554923088546,-1.1494819766225608,-0.11127351568660368,-1.0933032897393813,0.8280909099767308,0.26521237975456763
0.969939879759519,365.4311968636472,0.9993422454832847,-0.7899067556957389,0.12353619923086018,0.8881729775433338,-1.546742085857589,0.5304285046505883,1.0163135812024957,0.6750559153086398,0.7206952045932024,-1.3957511199025143,-0.39289513984636315,-0.7367422105350696,1.1296373503751747
0.9739478957915831,366.94162178010015,0.9998910205358474,-0.7931167438796317,0.12276998073365943,0.8881768195316058,0.18888834764682674,-1.449588559594347,1.2607002119449593,-1.179119109941965,1.2368037439925117,-0.05768463405102511,1.0540977630727193,-0.9259515211316744,-0.12814624194609703
0.9779559118236472,368.45277598869535,1.0003115305152457,-0.7933382261122446,0.12077170554494074,0.8881796845892186,1.5756389480582755,-0.7077234469129141,-0.8679155011498871,-0.8164101768539734,-0.5725666042342828,1.3889767810885583,0.524566967162603,0.6230601765883265,-1.1476271437539274
0.9819639278557113,369.964482186177,1.0006250745747272,-0.7912172761150474,0.11940598253326891,0.888181665443345,0.005168793622904094,1.3637254761910649,-1.3688942698166169,1.0821688614221372,-1.305056967081436,0.22288810565794948,-0.9856619920182614,0.997918318525833,-0.012256326503942427
0.9859719438877754,371.47659486617874,1.0008532675530701,-0.7886343415040582,0.1186198783213539,0.8881822562060047,-1.5730796819683541,0.8748216244548129,0.6982580574970565,0.9445102116645909,0.41826328941278135,-1.3627735010802418,-0.6386594190814827,-0.4999571303186173,1.1386165494002365
0.9899799599198396,372.9890010604419,1.0010165194308867,-0.7858893949611753,0.11728273462103828,0.8881811928065835,-0.1988422437572352,-1.2541971476207343,1.45303939135553,-0.9710380089756452,1.354448889323306,-0.3834108803446375,0.9023417635123745,-1.050195852951282,0.14785408944738734
0.9939879759519037,374.50161401120164,1.00112868701252,-0.7822087903725176,0.11541230515665038,0.8881787199056008,1.546274251961179,-1.0295672622439,-0.5167069897273678,-1.058609638904994,-0.25929836341260265,1.3179080023228777,0.7408472784000876,0.36952591185978034,-1.1103731902554173
0.9979959919839678,376.0143636128134,1.0011987884346354,-0.7776832886562239,0.11382221367580703,0.8881750416409875,0.3919856915361005,1.1223942070555115,-1.514379898591375,0.8471146559988537,-1.3849832460344047,0.5378685900397954,-0.8038674436388302,1.0822309123100229,-0.27836346867066186
1.002004008016032,377.52705330308737,1.0008678829668611,-0.7731180778043821,0.11263449815441805,0.8881701210645818,-1.4922382087151924,1.1662709441767651,0.3259672645440658,1.1578694337981472,0.0971842606217151,-1.2550536944171233,-0.8267442013239596,-0.23750898446772079,1.0642531857898554
1.006012024048096,379.03888160588815,1.0002716750118354,-0.7692629675167589,0.11265926932903297,0.888166133924417,-0.5738353258257133,-0.9739039925478173,1.5477393183808281,-0.7107687893621611,1.3963600500949915,-0.6855912607318968,0.6995403818801472,-1.0989960024902201,0.3994556206072526
1.0100200400801602,380.54991577899057,0.9998121180225669,-0.767995093994051,0.11446826378802473,0.888162997804767,1.4168666501674918,-1.2772757123435858,-0.13959093781030524,-1.2422389594737198,0.06886147113289724,1.1733774883342751,0.9034896082002627,0.11025533375389732,-1.0137449419599844
1.0140280561122244,382.0603439204572,0.9994661361861004,-0.7695801905250808,0.11618536061188912,0.8881607836472324,0.7373528390020471,0.8235159170626629,-1.560868756065077,0.5618143509928178,-1.3879403983139722,0.8261260473148311,-0.5965817757024996,1.1147866192526934,-0.5182048435525483
1.0180360721442885,383.5703219689274,0.9992126744164496,-0.7721522288819249,0.11704037286472321,0.8881599354552839,-1.3326006989819354,1.3736154005265315,-0.04101470155346609,1.3098907565923332,-0.23627520934603588,-1.0736155472657563,-0.9803462276489663,0.021831550384621368,0.9585146772825404
1.0220440881763526,385.0799732154417,0.9990302556382293,-0.7747677514209952,0.11809106773006854,0.8881606304756627,-0.8930537540178829,-0.665152358562493,1.55820611254957,-0.40297731857460883,1.3591561195079407,-0.956178800943777,0.48310912872957057,-1.1202194621695116,0.6371103334553003
1.0260521042084167,386.58939182808246,0.9989026741697046,-0.7780946665286165,0.11985822300763543,0.8881626799060877,1.2313221113404322,-1.4517708654871828,0.22044875411460602,-1.3587308131173537,0.40150353786973936,0.9572272752449921,1.0465688530542419,-0.1558565323556917,-0.8907123206835482
1.0300601202404809,388.0986525587766,0.9988198733374363,-0.7824290523484897,0.12162181756113445,0.8881659967979406,1.0351574223127178,0.5010314494429947,-1.5361888717800138,0.23738788409125378,-1.3100867078331369,1.0726988237467499,-0.36311061865404876,1.1138440914795016,-0.7507334728139271
1.034068136272545,389.6078370994361,0.9989180564775391,-0.7870464451811363,0.12292257296750567,0.8881706785288861,-1.1171714287569932,1.5134036619129658,-0.39623223316562284,1.3875700836983067,-0.5613389249554442,-0.8262311587352656,-1.103074267902303,0.29244525945289707,0.8106290084546476
1.0380761523046091,391.1176958310765,0.9995620360803456,-0.7912865398359973,0.1235162300056262,0.8881752712887876,-1.1685271175716128,-0.32853243946516786,1.4970595570401029,-0.06858142343429786,1.2418200477217114,-1.1732386242806319,0.23231179566027743,-1.0903147064720127,0.8580029108113837
1.0420841683366733,392.62841334174016,1.0000602028151009,-0.7934952713438206,0.12205447211646843,0.8881789252835539,0.9839133400408574,-1.5596157739757397,0.5757024339456287,-1.3959849921139145,0.7111712062011486,0.6848137859166579,1.1388144461983751,-0.4293387012058617,-0.7094757449961369
1.0460921843687374,394.139790361681,1.0004384934279336,-0.7926219394689257,0.1200963809237225,0.8881814568088535,1.291964914382925,0.1389678287434418,-1.430932743114357,-0.09825960686394625,-1.1569447401535788,1.255204347018246,-0.09122085823180011,1.036341003260661,-0.9451201450330902
1.0501002004008015,395.6516613787318,1.0007176652912597,-0.7901676579734408,0.11907812003183137,0.888182779072097,-0.8244949072084344,1.576521806991046,-0.7520268997661474,1.3844719162365628,-0.8485067345956043,-0.5359651816400188,-1.143486966541182,0.5520809593816419,0.5914060071578068
1.0541082164328657,397.1638931781065,1.000919601571121,-0.7876060550629894,0.11821871801797879,0.8881827233208642,-1.3916401934017486,0.05509435837055551,1.3365458350449535,0.2616954041243781,1.0569212475829934,-1.3186166517064357,-0.04536854141804914,-0.9636371389002942,1.009005680314533
1.0581162324649298,398.67638374152745,1.0010626163053422,-0.7845861184210475,0.11659774354119742,0.8881811764884365,0.6515627180791008,-1.5678271877742662,0.9162644697145746,-1.3538481629250454,0.9729450284476099,0.3809031344732566,1.129089369110321,-0.6628460425210386,-0.46624332659071355
1.062124248496994,400.1890534244287,1.0011581871785404,-0.7805115772888734,0.11473247407326642,0.8881782200769865,1.4706165206553399,-0.2506293008422167,-1.219987219805955,-0.4205682996021836,-0.9428769062218793,1.3634452058185573,0.1800735968108682,0.8745136004265867,-1.0545871972351826
1.066132264529058,401.70183704133257,1.0012148799257388,-0.775893351197055,0.11333298217504781,0.8881739800687267,-0.46571042133088475,1.5321664483176576,-1.0664560269889538,1.3047354586373576,-1.0834451906073852,-0.22129026803358304,-1.0943998858927837,0.7587371365249594,0.3356627493726063
1.0701402805611222,403.21425994223125,1.0006232956025536,-0.7714501079058913,0.11235441259061398,0.8881690499845997,-1.5229783288008496,0.44010409764660197,1.0828742311488244,0.5734945878269682,0.8159174754574051,-1.3894120632857956,-0.30654006709477605,-0.7751812451419762,1.0817213122419553
1.0741482965931863,404.7257619086614,1.0000822688624378,-0.7683775073753532,0.11324026670488327,0.8881653848849774,0.2780036095553906,-1.471420871838781,1.1934172622820858,-1.2369117588124803,1.179728098270392,0.0571836605424484,1.0498265165436573,-0.8421079125009108,-0.20771860403924844
1.0781563126252505,406.2365452342903,0.999668192750101,-0.7683252837368091,0.11524423857083768,0.8881627380225258,1.5500302184217503,-0.6122239320678607,-0.9378062863534808,-0.7210335789381875,-0.6750695897241963,1.3961031686664387,0.4265681377484848,0.6773674807466143,-1.1039356184917999
1.0821643286573146,407.7467854321243,0.9993599231310818,-0.7705095426257312,0.11654975293168413,0.8881609918248229,-0.09829390193632118,1.3992490841136087,-1.3009551821699072,1.1500799117363454,-1.2607363632883404,0.11065645155436887,-1.004669090263813,0.9254782271643792,0.07919086309042427
1.0861723446893787,409.2566261946071,0.9991358004142238,-0.7730979855507747,0.11733401480066388,0.8881605860659999,-1.5632767479389733,0.7751069420680187,0.7881698058710777,0.8599336535601375,0.5226343937228725,-1.3825680472877147,-0.5499598699534772,-0.571023745298065,1.1209836152310808
1.0901803607214429,410.7661788444655,0.998975700169462,-0.775887736987967,0.11870924541554188,0.8881617866028704,-0.08268325670510104,-1.311269409092557,1.3939526657634902,-1.0456208044879165,1.3240265791759092,-0.27840577469424665,0.9463533880952201,-1.000971694390849,0.054618306281661276
1.094188376753507,412.27552904363756,0.9988661186045531,-0.779630186667819,0.12058114304720734,0.8881643927082278,1.555947554248288,-0.9265244269863736,-0.6294231273027711,-0.987107477334632,-0.3614295080850122,1.3485369854152784,0.668153694341869,0.4570413798632096,-1.1251950742192167
1.0981963927855711,413.7847461374313,0.9987981153493571,-0.7841732484222013,0.12214839925072356,0.8881682149231112,0.2600172419658447,1.208962394670251,-1.4689796366723247,0.9251298139770012,-1.3679520102475682,0.4428221962705553,-0.8770212261701077,1.067504872193989,-0.19048364603273465
1.1022044088176353,415.2940599277646,0.9991707980283377,-0.7887242342256355,0.12333209927642491,0.8881732653303589,-1.5315939984742226,1.0679551833941474,0.4636388150536779,1.0999126744965242,0.19448197780047452,-1.294394652293621,-0.7825808405907858,-0.3329600980876896,1.1155409386703088
1.1062124248496994,416.80425605779425,0.9997582109080115,-0.7924863674568767,0.12317938970329166,0.8881773016756501,-0.43931271525398274,-1.090328873039255,1.5296415882782122,-0.7917329355021611,1.3916140733531233,-0.5998811378464016,0.7893862887027341,-1.1187633331016347,0.32937704438987214
1.1102204408817635,418.3152343521902,1.0002105857240111,-0.7935648466252616,0.12131866258385963,0.888180492535004,1.4858004771215612,-1.2035453277040433,-0.282255149425082,-1.1951497806593774,-0.027346123655921206,1.2224959043186672,0.8835954633301739,0.19526865378802244,-1.0788641171290743
1.1142284569138277,419.82680871649836,1.0005505582458256,-0.7918605889317052,0.11965881577531813,0.8881827921233099,0.622835559322602,0.9441941041408006,-1.5670296634606846,0.6493668275654061,-1.395044584291792,0.7456777567263194,-0.6786029274399099,1.1393888849984235,-0.4607859575677661
1.1182364729458918,421.3388250523468,1.000799296432102,-0.7892844204869893,0.11882392664469475,0.8881836793597871,-1.4076353438103533,1.3187747555295535,0.08886058828569246,1.272178565108157,-0.13788240006375205,-1.1342961650457994,-0.9593289977968112,-0.05755226880822684,1.016881266605734
1.122244488977956,422.85116198664974,1.0009781709413,-0.7866638582314023,0.11771916679102233,0.8881829532397136,-0.7950378999738128,-0.7807649911815636,1.5758028911667339,-0.49949541695269967,1.3789383047318962,-0.879442887783297,0.5596615090848401,-1.138197123152515,0.5785356140719271
1.12625250501002,424.3637268153639,1.0011029527068447,-0.7832789960998779,0.11592053339285002,0.8881808567364593,1.3074172371478978,-1.4140302842250105,0.10661304708243233,-1.3310132439790567,0.2999044661177606,1.03110877785788,1.0180515176143925,-0.07916950131870634,-0.9388820162960901
1.130260521042084,425.87644566822763,1.001183433721627,-0.7788999054348947,0.11418701722529678,0.8881775143785714,0.9570136307331261,0.6022608163697953,-1.5592744471037452,0.34349907749175396,-1.343931475610596,1.0004323981157948,-0.4320226400204028,1.1163129556414872,-0.6842903156196339
1.134268537074148,427.3892257463675,1.0010470400002283,-0.7742868597230038,0.11291905246288016,0.8881728297635149,-1.1837019230724903,1.4849929838703233,-0.3012910608018493,1.371349355096387,-0.45725490885318426,-0.9140944462449513,-1.056904040200847,0.21014475380540215,0.8467592863979911
1.1382765531062122,428.9012931648181,1.0004106732876876,-0.7700979579711849,0.11241786174114576,0.8881684098036056,-1.099302139670698,-0.41611771116352286,1.515419850829418,-0.18238228478921945,1.2901779133126685,-1.1077956285237192,0.3037471697993439,-1.0795699309914724,0.7758227611948009
1.1422845691382764,430.4125120758658,0.9999186230643854,-0.7680310362351104,0.11394372016176552,0.8881649170933534,1.0457504293396473,-1.5280646085590917,0.482314179214188,-1.3928211277355522,0.6101611626102957,0.7826599651241694,1.0853705671330027,-0.3331526823526284,-0.7522178847842975
1.1462925851703405,431.9230799405642,0.9995454488219553,-0.7690234132438559,0.11587119198604824,0.8881625312760528,1.218522862028198,0.2364042136764813,-1.454927075702589,0.015760240370519665,-1.2170608233916893,1.2013005830217334,-0.17890436591619482,1.0423336759272177,-0.8634293100101147
1.1503006012024046,433.433160783614,0.9992703787321133,-0.7715062674078537,0.11685788078194914,0.8881613685368333,-0.90488492474028,1.5557273811410006,-0.6508424563852804,1.3945813932258644,-0.7567383466077827,-0.6378430466206054,-1.1129378562659136,0.45853939681653755,0.6543984594219108
1.1543086172344688,434.9428862912502,0.9990715862091194,-0.7740825495440155,0.11773705716025172,0.8881615718075759,-1.3251324234256003,-0.0561532587729095,1.3812856821646922,0.15310621957416684,1.1252915295586416,-1.2783977491449396,0.04639016277979213,-0.9945750448755941,0.9481848820838619
1.158316633266533,436.45235725705487,0.9989310724093078,-0.777154461364309,0.11937690290521,0.888163216407548,0.7529975844073009,-1.5640301176523064,0.8110325332063744,-1.3758179711380951,0.8933449229465922,0.48247304818930425,1.127551526097943,-0.5812674886552203,-0.5462840374416037
1.162324649298597,437.96165254897994,0.9988375759318003,-0.78127315770638,0.12123030047966188,0.8881662442370736,1.4134269100435088,-0.12237458617342183,-1.291052323900069,-0.3206341985965798,-1.016383662456699,1.3370178610585772,0.08783229894522662,0.9355010686857879,-1.0233333676306715
1.1663326653306612,439.4708367201814,0.9987825242602573,-0.7858937045107994,0.12262261576692228,0.8881705870725489,-0.594154922559726,1.5545615093449223,-0.9604065867997014,1.336562511547494,-1.0172669289562253,-0.3192955825840535,-1.1304111066053866,0.7010612449529758,0.4293498616488011
1.1703406813627253,440.980435911095,0.9994091599647627,-0.7903154764972684,0.1235656272144113,0.8881755330510382,-1.487272817110209,0.30150359115783665,1.1857692259508152,0.48350734020562375,0.8924009372274522,-1.3759082774269298,-0.2265132638556675,-0.8609156536227544,1.0874289174715803
1.1743486973947894,442.4909499134072,0.9999425570773397,-0.793253560781815,0.12256616594986582,0.8881792869260544,0.422130840011152,-1.5265055778650476,1.1043747378605142,-1.2781893033257246,1.1252680343688648,0.1529212689600422,1.1113427852797155,-0.8129059133438972,-0.2984368719443922
1.1783567134268536,444.0021720622127,1.0003502857819575,-0.7931336563146086,0.12054991974478549,0.888181994290257,1.5438209375683893,-0.4876970879727959,-1.0561238495890914,-0.6365852377522214,-0.757758302500168,1.394343540251483,0.36472715840760794,0.7608825911912235,-1.1256097496077322
1.1823647294589177,445.51392858459144,1.0006533407169516,-0.7908884248534003,0.11930146009358032,0.8881837376534363,-0.23203517194289944,1.467314515768399,-1.2352793438115075,1.20269694584014,-1.2154531973951426,0.012756251553400266,-1.061773609647891,0.901531881074097,0.1602417285659965
1.1863727454909818,447.0260775977954,1.000873480062201,-0.7883144230944988,0.11851348771549779,0.8881841211950295,-1.5704262706298888,0.6677150509480604,0.9027112196973192,0.7788379178269949,0.6141644861179449,-1.3930024039493965,-0.48875335456420377,-0.6484491820884839,1.1372025366464928
1.190380761523046,448.5385094986748,1.0010305737328133,-0.7855011713948369,0.1170835119274943,0.8881828862841812,0.0381963239363588,-1.3831234124050815,1.3449270884695879,-1.111120102328136,1.2878909358577624,-0.17677083353448395,0.9955824213787978,-0.9721456043986353,-0.023436816977984692
1.19438877755511,450.0511397786276,1.0011377216469353,-0.7817003725793157,0.11520058160755527,0.8881802195356462,1.5729491093074746,-0.8388925895962108,-0.7340565197172082,-0.9093370854204594,-0.4630633062880968,1.3724003917065906,0.6033773241135908,0.525813914509197,-1.129191238623039
1.1983967935871742,451.5638998179489,1.0012037356143615,-0.7771358738844162,0.1136715760529277,0.8881763373983967,0.15883452814717522,1.2747265419289986,-1.433561070082895,1.0047226833951484,-1.3422755403987239,0.33755285700299487,-0.9123437118148712,1.0234594380269346,-0.11111572621150181
1.2024048096192383,453.0765280339785,1.0007950567999893,-0.7726002500630632,0.11252549108274229,0.8881713123767966,-1.5477839472478103,0.9949651739985281,0.5528187732429822,1.0270436490969441,0.30593170810513054,-1.3329753572015575,-0.7036377082549053,-0.39899665674215423,1.1026343649974373
1.2064128256513025,454.58825906619154,1.000215120807853,-0.7689353148263824,0.11280013095764783,0.8881674286705586,-0.34807675922318854,-1.1468545454572994,1.4949313046754313,-0.8836562372591156,1.3782510712546092,-0.49459483399381465,0.8218125714583454,-1.0599833260799576,0.23817075462308937
1.2104208416833666,456.099218143241,0.9997688868280035,-0.7680184697906967,0.11469114830563937,0.8881644208639061,1.499498886381122,-1.1271342102808604,-0.3723646760990354,-1.1321128209347953,-0.1418261031152238,1.2739389240492034,0.7954696492850708,0.2759269692116558,-1.0713966185055503
1.2144288577154307,457.609589647959,0.9994340178759726,-0.7698104298384589,0.11629443517914541,0.8881622672290564,0.5214679191033204,1.0141427103356264,-1.5356106294451084,0.7477522188003894,-1.3950921365779196,0.6473399177742749,-0.731951452225889,1.0956475244786792,-0.36369607225932193
1.2184368737474949,459.11952605792374,0.9991892798857337,-0.7723988103043555,0.11711486671496618,0.8881614998525871,-1.4405512274803922,1.2456372414600987,0.1949139860160858,1.222241979414454,-0.026553528236448985,-1.1956884511854773,-0.8880829649986004,-0.1469340389720402,1.0350170039706958
1.222444889779559,460.62914717075495,0.9990134799859358,-0.7750512289767841,0.11825559626925841,0.8881623346426187,-0.6893644643991073,-0.8709376524329279,1.5603021168181601,-0.5994728687664097,1.3917314481277963,-0.7922585793649588,0.6306604048162079,-1.1213088846230057,0.4906484798080638
1.2264529058116231,462.1385445648633,0.9988911965512222,-0.7784959366699102,0.1200632222314073,0.8881645203340357,1.362983822623917,-1.3472674146801342,-0.015716407957224926,-1.2950146806699148,0.1958289532377675,1.0991857274302828,0.9713194259954558,0.01434648137298894,-0.9856659073647661
1.2304609218436873,463.64779137775815,0.9988127740061867,-0.7829050512162604,0.12177504496842016,0.8881679364140164,0.8460561243491749,0.7193273370882005,-1.5653834614485242,0.44158203280938524,-1.3677078455108582,0.926125812702367,-0.5212941873462995,1.135555798245736,-0.6142616108961548
1.2344689378757514,465.15699551209315,0.9989895049981129,-0.7875106775984004,0.12304349229951736,0.8881727119567306,-1.2708744069866675,1.433629215747351,-0.16275480876700493,1.3487804527940608,-0.36272344050472066,-0.9860570122869716,-1.0461268035286069,0.12296097566820967,0.9231658278618984
1.2384769539078155,466.66694961856166,0.9996175108291997,-0.7916489303252529,0.12345912160204393,0.8881771224337546,-0.9967152041342825,-0.5567396117836761,1.5534548159164712,-0.2776240682428566,1.3236512012481672,-1.0460271330028403,0.3988501378465016,-1.1326187800078722,0.7337686421611226
1.2424849699398797,468.17774096449574,1.0001028557162073,-0.7935592761153031,0.12186136323031574,0.8881806615442482,1.1583101743211197,-1.5067043181946114,0.3483941438755659,-1.3823809136398635,0.522228465007256,0.8601524486344005,1.1014960172161021,-0.2640739732685263,-0.8374220439491797
1.2464929859719438,469.68917406808254,1.0004704043119876,-0.7924305776155351,0.11996244486471415,0.8881831158295581,1.1410099962568618,0.3736798953365482,-1.5146898915898928,0.11254076639280708,-1.2614174646117264,1.1488766982196088,-0.2622541716305202,1.0983926702113271,-0.8361384985828021
1.250501002004008,471.20108651691794,1.0007409653199144,-0.7899252291827299,0.11900899009252947,0.8881842813804498,-1.0171894286570708,1.5521596146955192,-0.5349701860330753,1.3958605313870611,-0.6718614769543181,-0.7239990544297917,-1.126684446947754,0.3948600593390112,0.7318243876113975
1.254509018036072,472.7133483576429,1.0009363687073836,-0.7873585267388824,0.11809727886379091,0.8881840140576067,-1.264529180017013,-0.1823472935696123,1.4468764735839643,0.05213155745934093,1.1822934275150279,-1.2344249849734845,0.12649189771806973,-1.0438984236270834,0.9174065259083527
1.2585170340681362,474.22586025548327,1.0010742646783066,-0.7842459609641689,0.11641792212479915,0.888182304816465,0.8596111404489181,-1.572898241673277,0.7132871012234913,-1.3898998305357633,0.8109801254762323,0.5789197050603854,1.1327428643722122,-0.5164454720029958,-0.6162973923702842
1.2625250501002003,475.7385442388161,1.0011656013627825,-0.7800779332117466,0.11457725267175799,0.8881792193581257,1.3696554196745974,-0.014408414516528495,-1.3552470051596368,-0.21518528096574285,-1.0872823046095248,1.302467585574806,0.010338425860546382,0.9712855210046561,-0.9816239468650884
1.2665330661322645,477.2513363990604,1.0012189269370775,-0.7754515392039238,0.11321861403865659,0.8881748373558203,-0.6857571842085795,1.5666181521078366,-0.8808609679010194,1.364837958981378,-0.9383572389132694,-0.42648072006785653,-1.1180613786984959,0.6253913171310497,0.4926700615682094
1.2705410821643286,478.763670789724,1.0005662088966152,-0.7710565516513,0.1123316661838681,0.8881699787892514,-1.4494494776738183,0.20881205860088561,1.2406374190720801,0.3752294096396201,0.9772578872793416,-1.352487296918486,-0.14142254516127267,-0.8867166845985062,1.028139229760233
1.2745490981963927,480.27509664182423,1.0000381651377788,-0.7682250729014605,0.11340829122689103,0.8881663182811365,0.5064822193810067,-1.533912470247966,1.0274302508684106,-1.320372677360515,1.0538019003642882,0.2665707769980799,1.092990238943095,-0.7229581577649783,-0.3700320811767665
1.2785571142284569,481.7858217286127,0.999634901410371,-0.7684608838100799,0.1154197155342254,0.8881637332762469,1.5039858690986883,-0.3887267435705328,-1.11525912552611,-0.532854724067786,-0.8513388517910288,1.3841935758583408,0.2668383547422014,0.802971007419398,-1.0698093621597204
1.282565130260521,483.29601857833734,0.9993354887972312,-0.7707464516889464,0.11663030898897755,0.8881621228152127,-0.3320852123179696,1.4880141629593115,-1.1559289506375658,1.2561157579173088,-1.1560913594272841,-0.10002439848945285,-1.0671063863117567,0.8210218988712482,0.24608448744522887
1.2865731462925851,484.80582780187353,0.9991181645108963,-0.773330527752768,0.11742193789323839,0.8881618348941576,-1.544345335604355,0.5617119174508758,0.9826334181717652,0.6846688154327357,0.7114538508101335,-1.3961226662429176,-0.39677456839309333,-0.7099653960604759,1.1067399644354698
1.2905811623246493,486.3153578989404,0.9989632843694097,-0.7761839163551103,0.11887402112390663,0.8881631203113867,0.15375751440519503,-1.4248839567709655,1.2711264423742097,-1.172885148462296,1.242320581993141,-0.06943543353584666,1.0277889382172132,-0.9124350952010335,-0.11535384303153409
1.2945891783567134,487.8246926589662,0.9988579701998826,-0.780029339623339,0.12075406703307486,0.8881658269216797,1.5642182949791599,-0.7257401118944286,-0.8384781830833151,-0.8273750980136625,-0.5601504402860473,1.3875255382943956,0.5233172412429349,0.6080346438559199,-1.1313518851082407
1.2985971943887775,489.3339001694805,0.9987934371090992,-0.7846041236390598,0.12227227914708545,0.8881697677391126,0.023938226334184975,1.3458690278617558,-1.3698072542033997,1.0718443813868894,-1.3105054717780746,0.2386610903863734,-0.9768661680031379,0.9962675082839589,-0.019401340283918395
1.3026052104208417,490.84327753912225,0.9992381146520206,-0.7891310111478044,0.12341285598249593,0.8881748269912713,-1.5670595541706647,0.8824059851442521,0.6846535690149036,0.9580797476711816,0.40023969874752857,-1.3583194464212682,-0.6481948654782392,-0.4942596481429813,1.1424545136210462
1.3066132264529058,492.3535633681745,0.999810207010722,-0.7927014308495841,0.1230179382480342,0.8881787167696179,-0.20675943331255203,-1.2492445373388865,1.4560039706400048,-0.9557635243558745,1.359097156932769,-0.4033336325770328,0.906151178023007,-1.0663048960958372,0.16015371807364404
1.31062124248497,493.8646104544209,1.0002500071923581,-0.7934464088646114,0.12108955799213965,0.8881817250471449,1.548952651434437,-1.0364998560025955,-0.5124527954381677,-1.07287849996503,-0.237197186290951,1.3100756862583323,0.7627507596936179,0.3632748370495498,-1.126025596741426
1.314629258517034,495.37623620266254,1.0005795216488218,-0.7915633077431852,0.11954470841504965,0.8881838834856957,0.3977992185990583,1.123410965565282,-1.5212101841702996,0.8281054932913575,-1.3875173097125069,0.5594118164248255,-0.8096189752886889,1.1070153019168574,-0.29739632662161963
1.3186372745490982,496.8882898498218,1.0008201002370178,-0.7889828691277314,0.11873834314083222,0.8881846239161001,-1.4982621637690823,1.1738034398916277,0.324458723879712,1.1710262923806551,0.07296005103000082,-1.2439863434065241,-0.8546585658999457,-0.228591738584437,1.0832503044902895
1.3226452905811623,498.4006533515125,1.000992795967453,-0.7863251119102611,0.11754460249925841,0.8881837146094895,-0.5815238974537207,-0.9775177158613988,1.559041613324816,-0.6902110806693041,1.3962538785629364,-0.7060427978934635,0.7020839843963229,-1.1263269797598754,0.424242995358646
1.3266533066132264,499.9132364165588,1.0011126213350194,-0.7828285484518855,0.11571251435390098,0.8881814315185059,1.4242773730483418,-1.293693945274512,-0.13058342776568008,-1.252225270559636,0.09102015055958623,1.1612051200000781,0.9311650175049643,0.09170101855639698,-1.0228660360641202
1.3306613226452906,501.4259666801759,1.0011890183066585,-0.7783870568060011,0.11403380039476983,0.8881779324640097,0.7585594319131562,0.8135066720459394,-1.5720661039604906,0.5435108213527619,-1.3857440646699908,0.8422332433178055,-0.5832413966610699,1.1247475405288074,-0.5415061438705268
1.3346693386773545,502.93871760298487,1.0009715669440793,-0.7737922083241078,0.11279758362962725,0.8881731125374737,-1.3249601387216017,1.3912753974461403,-0.06631525872478174,1.3159656386541005,-0.25324441084680993,-1.06272122780714,-0.9888591394132067,0.042193467994011746,0.9466656714164277
1.3386773547094186,504.45068426988314,1.0003520780024633,-0.7697240030655194,0.11249794491026384,0.8881688487341113,-0.9187722726483175,-0.6382929601635794,1.5570652328120647,-0.3887605900054544,1.355919285100016,-0.9671586950946145,0.46165506740571427,-1.107916398206685,0.6462613307987346
1.3426853707414828,505.96182522676304,0.9998736197700635,-0.7679807533750629,0.11415681592944023,0.8881654576032205,1.208490560307074,-1.4613329654881995,0.2528424051905938,-1.3619542322813978,0.41416345143876826,0.9477907808439404,1.0365798893221234,-0.16938289779397006,-0.8671969915295872
1.3466933867735469,507.47233396188676,0.9995118302800954,-0.7692354165567952,0.11601064648188739,0.8881631104223037,1.0574200661965645,0.4664025548850023,-1.5238226210802979,0.22568736501603145,-1.306192886480924,1.0805055214677224,-0.34264581321263093,1.0903264666187238,-0.7476806533966893
1.350701402805611,508.98237117811476,0.9992458562987249,-0.7717662817283438,0.116934165400186,0.8881620599755656,-1.0866281651836514,1.516002031266565,-0.4293738660744041,1.3890321258240719,-0.5715801250446262,-0.8174520007767196,-1.0836137144045654,0.29986137203937135,0.7837523423581892
1.3547094188376752,510.4920650837461,0.9990539622878937,-0.7743524373021864,0.11787538156942247,0.8881624456262129,-1.1849678152527616,-0.2910283648858557,1.4759961802028934,-0.05738691269367632,1.2368049634146587,-1.1794180506952654,0.21483887872820762,-1.0620524849629562,0.8472136062340297
1.3587174348697393,512.0015136561742,0.9989188706975672,-0.7775257614460884,0.11957357240771219,0.888164227294553,0.9512539216687461,-1.5512982140300224,0.6000442924388844,-1.3958375128574028,0.7218107197604259,0.6740267931052033,1.118353026178903,-0.4293558023616329,-0.6889972238288757
1.3627254509018034,513.5107940086757,0.9988298588015636,-0.7817405435446559,0.12139677499196465,0.8881673462896321,1.2956785540666307,0.1145711642444439,-1.4102497182477545,-0.1126325547442302,-1.1487553085358677,1.2613878632748468,-0.08341718566765238,1.0220382955184213,-0.9386211098615103
1.3667334669338675,515.0199694788174,0.9987913485615093,-0.7863654889004654,0.12274845728254669,0.888171809645428,-0.8064676878955874,1.568962691483511,-0.7624950035510673,1.381960072218232,-0.8619144523636577,-0.5200456198670275,-1.1418336349210017,0.5579316427303451,0.5839019921873007
1.3707414829659317,516.5296600767357,0.999464455604187,-0.7907322037401624,0.12358995268148067,0.8881766462920926,-1.3937706291414949,0.06552758456074434,1.32824304459074,0.2809549966809091,1.0437740639245563,-1.3247290606187296,-0.054842744250906406,-0.9656225486633891,1.0204652929195779
1.3747494989979958,518.0402478891829,0.9999853755020385,-0.7934247583026246,0.12241254158269942,0.8881803755182329,0.6459501862744599,-1.5687237547365986,0.9227735684540611,-1.348129636290607,0.9881049187554839,0.3600247175274981,1.1434497381463735,-0.6814135740651928,-0.4620361640676235
1.37875751503006,519.5515266425427,1.0003826884960663,-0.7930285311579953,0.12039767341564202,0.8881830042552821,1.4769347025492838,-0.25647479176255417,-1.2204599107995326,-0.44228460209804865,-0.9256419847910378,1.3679265868871315,0.19670517935920454,0.8814645113298348,-1.078169690676807
1.382765531062124,521.0633254400988,1.0006772346932546,-0.7906932467752896,0.11923659086716032,0.8881845823145444,-0.4640549673254763,1.5376343978063085,-1.0735794304958093,1.2957617657228766,-1.0981466673645088,-0.1976150983614176,-1.1138143609381574,0.7848394515094618,0.3289749094374629
1.3867735470941882,522.5755053972707,1.000890854541585,-0.7881217902246938,0.11843430372146649,0.8881848158030748,-1.5321262765408423,0.44536979514521924,1.0867564813754695,0.5954338422608114,0.7960063996654818,-1.3914402419248046,-0.3279253543170951,-0.7821441600705903,1.1100695144000252
1.3907815631262523,524.0879596107798,1.0010429206725657,-0.7852398591024257,0.11693151171064174,0.8881834700777655,0.2744778252467689,-1.480751702457591,1.2062738771979282,-1.2258144159809676,1.1919612884526005,0.0338531275327732,1.0662438929235947,-0.8722108122135261,-0.19403308070704686
1.3947895791583165,525.6006053348937,1.0011459402265854,-0.7813377833417109,0.11504549351344985,0.8881806829344798,1.5640057323246426,-0.6291497043537173,-0.9348560279750052,-0.7393525687935808,-0.6562048512636243,1.395557420061966,0.45245440843328105,0.6700432898039311,-1.1224976982382766
1.3987975951903806,527.1133751553293,1.001208602347905,-0.7767450305908034,0.11356352446388825,0.8881766603212207,-0.07797316443920378,1.3982217111871715,-1.3202485467449838,1.1393524376326936,-1.2689412919224383,0.12958885429391526,-1.0000636311926312,0.9416525093101652,0.05841112187796773
1.4028056112224447,528.6259322566113,1.0007267601705423,-0.7722338680961902,0.1124678869800146,0.8881716351653652,-1.5681928017092568,0.8010580612090064,0.7671347405065142,0.8728357791288991,0.507619394615899,-1.3804551737425959,-0.5647684650405428,-0.5512883209142859,1.1160567859498514
1.4068136272545089,530.1375724284561,1.0001625605285274,-0.7687792323446007,0.11299170901103162,0.8881678658769468,-0.11433429457198332,-1.2937623264744325,1.4080966210480825,-1.0363512782339992,1.328727986382162,-0.2923767081501486,0.9254114465810745,-0.9969817377689025,0.07157029118211977
1.410821643286573,531.6484621465736,0.9997292691340662,-0.7682061069156296,0.11494171539385149,0.8881650151332384,1.5480180255925817,-0.951257393887263,-0.5967606317134923,-0.9962320191126315,-0.3492323320003982,1.3454643511117252,0.6693975005394022,0.43539115242025284,-1.1047886529566464
1.4148296593186371,533.1587821928061,0.999405133571256,-0.770168601358873,0.11642326798515948,0.8881629983678943,0.2935879692957549,1.181739323030033,-1.475327292320702,0.9166199184367789,-1.3704881095000403,0.45386819106580606,-0.8508400686999201,1.0516967769540397,-0.2008567082496608
1.4188376753507013,534.6686815568285,0.9991687353782899,-0.7727554577944871,0.11721867696730856,0.8881623613226733,-1.515681207263724,1.089156351160601,0.42652485611573077,1.106800185989849,0.18371806413677266,-1.2905182501241246,-0.7756474948724648,-0.3124936275980663,1.0881411224767372
1.4228456913827654,536.1782765996696,0.998999250615699,-0.7754492279828717,0.11845216365168239,0.8881633493295107,-0.4698051352555982,-1.0569659480274458,1.5267710832862942,-0.7822888577110375,1.3926357325826795,-0.6103468748737512,0.7640479107030871,-1.0969833104168283,0.33293539972428043
1.4268537074148295,537.6876564456611,0.9988820395713265,-0.7790077588319952,0.12029086365353359,0.8881657018037064,1.4635973155915256,-1.2119226687901146,-0.2516746467951556,-1.2018549947749668,-0.014262115907573085,1.2161171106815882,0.8739582183812545,0.18441797562419962,-1.058376193996406
1.4308617234468937,539.1968926870431,0.9988077811730275,-0.7834739087578251,0.12194480954110748,0.8881692653411837,0.6375006377552017,0.9213255812799387,-1.558826219030652,0.6356949817343209,-1.394214093850937,0.7585191121165359,-0.667855523273325,1.1315510967872675,-0.4636955735063061
1.4348697394789578,540.7061292437849,0.9990585226390784,-0.7880561091278956,0.12318118189615553,0.8881741601497691,-1.3956586010640997,1.3210794840880862,0.07457911697985439,1.2793200233157944,-0.15588480562871845,-1.123435217686703,-0.9653915861218022,-0.049508892953541675,1.014900479081295
1.438877755511022,542.2161757308955,0.9996713961683169,-0.7920700639091239,0.1234024248935572,0.8881784262186233,-0.8020433058196496,-0.7724046619537701,1.5744479677770735,-0.48031124060256825,1.3753296527667611,-0.8950184121637312,0.5564594556702737,-1.149301363064733,0.5928419073990803
1.442885771543086,543.7270389707471,1.0001444992389656,-0.7936781888777505,0.12169204971043299,0.8881818531917595,1.3064779912439581,-1.4194801128953207,0.11300212165762108,-1.3372753195779885,0.3214060838104287,1.0158692357676724,1.0392439889078582,-0.09283834575671808,-0.9464056431485921
1.4468937875751502,545.2385269972923,1.0005017826061458,-0.7923164253284436,0.11986629358501798,0.8881842620677253,0.9640925859182495,0.599989479621696,-1.5640820655351924,0.32075361344259323,-1.3371244505670388,1.016370837123948,-0.42726602584178197,1.135522719074345,-0.7082566932304627
1.4509018036072143,546.7504804031181,1.0007641555752227,-0.789769630065161,0.11896277866398944,0.8881853177653157,-1.1868079600762178,1.4925411392330057,-0.3057331791490268,1.375419607735691,-0.47992236308334335,-0.8954972446511852,-1.084340071256134,0.22877842667593434,0.8555616445814638
1.4549098196392785,548.2627723721517,1.000953337220454,-0.7871856300181622,0.11798772083623282,0.8881848704390326,-1.1086691764370906,-0.4156903392139669,1.5243595156592098,-0.15858913914440542,1.2806745435847524,-1.122085404442208,0.2953558594398029,-1.1004311555841981,0.8050752961454741
1.4589178356713426,549.7753060673236,1.0010863108016919,-0.7839733793826542,0.1162582670621316,0.8881830191088663,1.0481907121726814,-1.542272339100916,0.4940816269260253,-1.3942307825858788,0.6305295052253642,0.7637012773624648,1.1107122816490578,-0.35847744925605196,-0.7522348323963035
1.4629258517034067,551.2880050658857,1.0011735612306525,-0.7797163685083829,0.11444870849462746,0.8881798455304157,1.2376236539059868,0.22214196082019655,-1.459765614725099,-0.004916841779689415,-1.2068619597432118,1.2117788015265234,-0.15944437534180284,1.0459212347134499,-0.8864768593787713
1.4669338677354709,552.8008040294137,1.0011705067982433,-0.7750859199902745,0.11312459883961269,0.8881753358168343,-0.8902429043985366,1.5655325163784732,-0.6752896119752987,1.3937860103178437,-0.7718761828734932,-0.62190982744266,-1.1163207717652965,0.47800007918352183,0.6383206925746929
1.470941883767535,554.3130362618219,1.0005065593560585,-0.7707500740994226,0.11236228223891317,0.8881706299053457,-1.3429780244278773,-0.027190794540290948,1.370168818972366,0.1684577290644257,1.116283984897319,-1.2847417139624053,0.026813182202353965,-0.9780583566758853,0.9512451744676892
1.4749498997995991,555.8243828998228,0.9999924989903198,-0.768196387951009,0.11362887644020303,0.8881670071914893,0.7234548029532075,-1.5614289789710718,0.8379741760035136,-1.3737260976499797,0.9038975289648993,0.46982856867901013,1.1113560648307081,-0.5873927307216227,-0.5239633341157546
1.4789579158316633,557.3350480538888,0.9996008987906253,-0.7687318169922199,0.1156252418174604,0.8881645013746174,1.423596467147692,-0.15622396253604617,-1.2673725046155961,-0.3325822190811827,-1.0081785809237003,1.3407607999984505,0.10098258751803413,0.9104480010209106,-1.0114305885590702
1.4829659318637274,558.8452009787585,0.9993109628401142,-0.7711030059572052,0.11673840797087545,0.8881630708120314,-0.5584532082653879,1.5429087305269196,-0.9844555222679239,1.333537644802989,-1.0251558178605487,-0.30838182694854943,-1.1054302614122988,0.6979123839808505,0.4075178774254313
1.4869739478957915,560.3549788611856,0.9991008581871953,-0.7736768828130003,0.11755047475893216,0.888162952115436,-1.4901687128301642,0.3353824049988505,1.1547863078124403,0.4938709024827546,0.8840380057194739,-1.3779089082083054,-0.2344826541737321,-0.8329412168784689,1.0674238710510018
1.4909819639278556,561.8644871629491,0.9989515326683385,-0.7766037107944703,0.11908043883895668,0.8881643580273788,0.38683996078275285,-1.5060223232448693,1.11918236243082,-1.2734331185837664,1.1323718672867702,0.14106125129207708,1.0860281566610164,-0.8031454872481179,-0.2828826694120217
1.4949899799599198,563.3738077078191,0.9988507665083368,-0.7805546423065621,0.12095821518142202,0.8881671879204676,1.5367594731882266,-0.5082154685237328,-1.028544004695104,-0.6488571026771411,-0.7460834796432103,1.394940582321332,0.3664704906589219,0.7454312885123237,-1.1119017791699282
1.498997995991984,564.883007219141,0.998789894798948,-0.7851504570297445,0.12242365685193433,0.8881712793769445,-0.21287430514672528,1.4521531084459707,-1.2392788033194597,1.1941486081000596,-1.2232646592715477,0.02911605117625269,-1.0547107749995779,0.9023977873366492,0.1523129876620673
1.503006012024048,566.392459714818,0.9993040781734756,-0.7896407739568825,0.12350559739503851,0.8881763317380407,-1.5668402243741864,0.676572833355876,0.8902673910098503,0.7944589376637515,0.5968655647351776,-1.391324502393463,-0.4990140627881245,-0.6445040198810097,1.1435180826653308
1.5070140280561122,567.9028337111855,0.9998614810175414,-0.7929915288429925,0.12287589557840015,0.8881801392485367,0.030655595286197213,-1.379851760115155,1.3491961648341768,-1.097998690931338,1.2956333003540255,-0.19763460941840977,1.0024655625374737,-0.9897222641130858,-0.012743298430196365
1.5110220440881763,569.4139488415514,1.000289142365785,-0.7934065733148179,0.12089806079585057,0.888183011187114,1.5769350271253249,-0.8458242030120482,-0.7311108241131675,-0.9261758694988745,-0.4416003105716817,1.3677761800767525,0.6247067663751288,0.5230011106418451,-1.1477078770227946
1.5150300601202404,570.9256258387463,1.0006085891816505,-0.7913667318629127,0.11946521415577865,0.8881850253680139,0.16365100173762778,1.2771822631603247,-1.4408332648858888,0.9879286176548903,-1.348344983414274,0.36041636577018515,-0.922198304597069,1.0495911948713241,-0.12739289028180759
1.5190380761523046,572.4377172180099,1.0008413421115103,-0.7887820404407108,0.11867434725774867,0.8881856350181484,-1.5549149182866095,1.0021601896983545,0.552754728622611,1.0431747990238889,0.28210848999260507,-1.3252832890038513,-0.7307031098817106,-0.39431163126830243,1.1250147411247606
1.5230460921843687,573.9501081264582,1.001008073243927,-0.7860715368923766,0.11739052047902501,0.8881845850877095,-0.3547859938393958,-1.1521283621300322,1.506914356003272,-0.8651475863802436,1.3817091953236238,-0.5165616089430044,0.8284667163366163,-1.0889542357326791,0.26048751937701425
1.5270541082164328,575.4627105152596,1.0011230678723442,-0.782459067517866,0.11553178230221839,0.8881821416936228,1.5088499538522393,-1.1440089090512262,-0.36484104477675966,-1.144870967250662,-0.11990622639235106,1.2647771936375805,0.8232865834458113,0.2602897712275986,-1.0835763546870785
1.531062124248497,576.9754534449396,1.0011954860252832,-0.7779612388880837,0.11390779794223073,0.8881784933181912,0.542896626096864,1.0063192737767253,-1.5492158998650192,0.7310868849919456,-1.3959184735439287,0.6648315885439298,-0.7210376093043942,1.10766730978165,-0.386629700483172
1.535070140280561,578.4881649237135,1.0008999854778278,-0.7733828436487047,0.11270183662386728,0.8881735691240716,-1.4361372374174775,1.2659602630870481,0.17017697432567871,1.2305565571196446,-0.04349485462421558,-1.1870617025023686,-0.8984653059847807,-0.1265114755611897,1.0249767815458335
1.539078156312625,580.0000362137276,1.0002967496484931,-0.7694536546343809,0.11262366718139467,0.8881694680210308,-0.7173633961128384,-0.8459579995128393,1.5633213956093652,-0.5862478577645623,1.3907408573083688,-0.80449299954771,0.608982313147141,-1.111067871406822,0.5020855582646581
1.5430861723446891,581.5111038157338,0.9998314584669336,-0.7680367010652216,0.11439098865678983,0.8881662190125438,1.3436891258424462,-1.3613018559123347,0.01761273003526617,-1.3000742832665937,0.20876745130338714,1.0913068319622385,0.9642147171265717,-0.0017346526194156808,-0.9624800644998824
1.5470941883767533,583.0215574348323,0.9994806780816721,-0.7695236228416246,0.11615151986382727,0.8881639293069213,0.8721325773499841,0.6858120969552733,-1.557944674332447,0.4304368971705782,-1.365567972364021,0.9351310751979313,-0.49869676154303627,1.1135806309203597,-0.6148838693622485
1.5511022044088174,584.5315544614208,0.9992234217923048,-0.7720825259543781,0.11702353856204062,0.8881629883722898,-1.243638296309348,1.4416410894997436,-0.1980027932022671,1.3518634777298166,-0.3734346349971442,-0.9784288427263136,-1.0296581397245215,0.13426274530465587,0.8953953944255839
1.5551102204408815,586.0412196727759,0.9990381178415942,-0.7746836890129641,0.11803810000026368,0.8881635585620593,-1.017688925306927,-0.5193516159714093,1.537040541267247,-0.26655346031189253,1.3201656313549914,-1.053612171036689,0.3785511129651227,-1.1054475650661033,0.7268964521063177
1.5591182364729457,587.5506483691603,0.9989082327806189,-0.777960079950747,0.11978543914967708,0.8881654931467574,1.1278427965704263,-1.5031077678124145,0.3752649712387303,-1.3841037275566805,0.533877215700685,0.8502265118620465,1.0837145810990814,-0.26751323343078987,-0.8162013476658716
1.5631262525050098,589.0599160065624,0.9988235212969355,-0.7822576189817796,0.12156807631857174,0.8881687154186088,1.148242623718513,0.3490055884965366,-1.497248212209063,0.09790703331513662,-1.2549815348219455,1.1570745015078852,-0.25297859235905024,1.085448643748098,-0.832470051385048
1.567134268537074,590.5690915762117,0.9988618725531868,-0.7868760730949209,0.12288269005796597,0.8881732991737824,-1.000450593078129,1.5474967193365705,-0.5470461262538634,1.3959196145419785,-0.6869704568949034,-0.7089491576461703,-1.1273162262372856,0.40194799597656095,0.7253682302632738
1.571142284569138,592.0788758303593,0.999519055544845,-0.7911727584683009,0.12360173517343905,0.888178010074174,-1.2683797875392455,-0.17209823277874792,1.4404780203225311,0.07201021327786786,1.171375206371681,-1.2433854196493204,0.11820250141981284,-1.048472525465624,0.9302700240476087
1.5751503006012022,593.5895365843546,1.0000277201376213,-0.7936058330138246,0.12226359881405605,0.8881817092784342,0.8551772026253598,-1.5752567372513657,0.7200795346243382,-1.3873601579127814,0.8284330708479642,0.5589270870623487,1.1496025484667762,-0.5344260496707062,-0.615176498796008
1.5791583166332663,595.1008713462425,1.0004147756904156,-0.7929430810569088,0.12026704391240683,0.8881842761396201,1.3764669075185905,-0.019393406104684263,-1.357073501408695,-0.23791312850154994,-1.072423819714342,1.310336948212767,0.02425988818001186,0.9819843918346854,-1.0062442800171665
1.5831663326653305,596.6127120727155,1.0007009862334137,-0.7905303707875345,0.11918334093587449,0.8881857009379883,-0.6855167431186326,1.5729788314261635,-0.8874620883074783,1.3592749396947874,-0.955807716555656,-0.40346722314505945,-1.1404987831504678,0.6503550058555184,0.49014377729027053
1.5871743486973946,598.1249228781481,1.0009082348956844,-0.7879578334677536,0.11835476998971033,0.8881857746701927,-1.4589823942686055,0.2128821246327327,1.2461002696236034,0.3984536410642401,0.9596839423087835,-1.3581375833792324,-0.15973691319256583,-0.8979693648721362,1.0577062780638042
1.5911823647294587,599.6373994813775,1.001055354548609,-0.7849988401585237,0.11678483535424272,0.8881843147770739,0.504532371169752,-1.5447526295540877,1.0402202583565907,-1.3125422886698552,1.068842091372234,0.24370019729454373,1.1126074965386863,-0.7525223940242552,-0.3600851025169899
1.5951903807615229,601.1500608175492,1.0011542932962552,-0.7809969479577418,0.1149036656801097,0.8881814201728766,1.5195571375476726,-0.4051508891296094,-1.1144062484430466,-0.5525066741982256,-0.8343675747337657,1.3868742489343224,0.2913826756090429,0.7988982043977426,-1.0902808800015051
1.599198396793587,602.6628406626861,1.0012136578228077,-0.7763813085926082,0.11346503105008329,0.8881772629187005,-0.3129662206665068,1.4899372770493626,-1.1769710563968068,1.247977170657721,-1.1666549667818475,-0.08132220387139932,-1.0649395834815063,0.8384998335575574,0.22643974992786636
1.6032064128256511,604.1753306957819,1.00067165360461,-0.7718975722962785,0.1124256098615427,0.8881722592004933,-1.5529437076521362,0.5890286830350782,0.963915024612972,0.6987368914097444,0.6977167058811266,-1.3964535972857315,-0.4131518505934536,-0.6909072492812042,1.1040590998748872
1.6072144288577153,605.6868974704507,1.0001200598744289,-0.7686376171561182,0.1131487479869384,0.8881685402852163,0.12189502086652432,-1.4111171153278899,1.2892220944716186,-1.1654314919774946,1.2489199822357537,-0.08348849025259172,1.007795072752974,-0.911204762150039,-0.09659031060516912
1.6112224448897794,607.1977310698566,0.9996971923296443,-0.7683444402534682,0.11513234621292658,0.8881657890254676,1.5611587584201687,-0.7537308478233959,-0.8074279105875329,-0.8376435091544365,-0.548712749978115,1.3863562591351815,0.5279236716384823,0.5849218584138374,-1.1128455300561213
1.6152304609218435,608.7080093976462,0.99938166776358,-0.7704290850425765,0.11651542218415012,0.8881638930343665,0.059064992498610275,1.3222538010425484,-1.3813187935299838,1.0646513633447974,-1.3146866305199945,0.2500352671762709,-0.9503291863520831,0.9835933471030102,-0.03326416075244375
1.6192384769539077,610.2178785744472,0.9991519279754033,-0.7730124790930332,0.11729994147871958,0.8881633600815054,-1.5561089651623567,0.9077929725418042,0.6483159926307098,0.9661542717497872,0.389842994767539,-1.3559972665175273,-0.6453304516665054,-0.4710512642682574,1.1163817159257912
1.6232464929859718,611.7274522043521,0.9989875089109457,-0.7757506170026438,0.11861009513600332,0.8881644475685675,-0.239547206603091,-1.2187447724744298,1.4582919790834916,-0.947339833682369,1.3618502806334687,-0.41451044695554967,0.8800343072821911,-1.0474601644344146,0.16742585714924305
1.627254509018036,613.2368175001136,0.9988743964941319,-0.7794048659281971,0.1204683779091141,0.8881669200722093,1.5306515319662821,-1.0488442825332807,-0.48180724943152026,-1.0813318824133198,-0.22407756633274453,1.3054094487420222,0.7564011682377134,0.35046433790375736,-1.1068655061421704
1.6312625250501,614.7460448270926,0.9988034943869323,-0.7839115497215351,0.12207406687988537,0.8881706021605756,0.4143720128840451,1.1021677004087231,-1.516539713297075,0.815393350571379,-1.3890145312220525,0.5736211806479897,-0.7992934529022443,1.10156323326759,-0.3022697803644425
1.6352705410821642,616.2553277972428,0.9991297247908952,-0.7884738803658865,0.12328090885056994,0.888175564658573,-1.4884886427476731,1.1783227386255715,0.31016590411564554,1.1807363241140916,0.05456248457707309,-1.235298808692205,-0.8624010534531102,-0.22106727122133954,1.0834683246762737
1.6392785571142283,617.7654691754092,0.999726447209883,-0.7923371652199281,0.12327066797804827,0.888179645990897,-0.5890945108544552,-0.9703652520256704,1.5594597628749858,-0.6721141192534398,1.3956997631811026,-0.7235856439273491,0.7013980959152276,-1.1396491093220305,0.4382510134082578
1.6432865731462925,619.2764053880068,1.0001864265524054,-0.7936134569276813,0.1214593255513548,0.8881828916625867,1.4247848876330114,-1.2999137263671863,-0.1248711612680446,-1.2616691462524365,0.11319092729045178,1.1484782189628961,0.9531457717680407,0.08050342642986968,-1.0336491981975857
1.6472945891783566,620.7879482049832,1.0005327425208335,-0.7920286095609297,0.11973453729709385,0.8881852027198943,0.7653217249182193,0.8124806786013767,-1.5778024035240348,0.5217272362513793,-1.3823679774102284,0.8606407411561501,-0.5823942535498604,1.1465311398925266,-0.5641368863361672
1.6513026052104207,622.2999415553163,1.0007864591654476,-0.789460067342404,0.11887792701045995,0.888186117644325,-1.3292584153325087,1.398963267310886,-0.06970485198382573,1.3236004471717042,-0.27697537272389217,-1.0466250744461794,-1.0170867492658648,0.05751032970431537,0.9595764195693962
1.6553106212424848,623.8122620614394,1.0009690988750648,-0.7868562840399659,0.11782372634398465,0.8881854593091154,-0.9276767785541546,-0.6393895474624525,1.5670663260159141,-0.36575261150346927,1.3498629234961745,-0.9841103119853368,0.4573200740804141,-1.131650292901746,0.6743302188300475
1.659318637274549,625.3248155245692,1.0010968847220627,-0.783536847158331,0.1160482854548126,0.8881834220535256,1.2127678288249477,-1.476568004904118,0.2638001760881264,-1.3667402113766958,0.4356319764840083,0.931108234898415,1.0631861867880916,-0.19242294798309995,-0.8707632388009127
1.6633266533066131,626.8375271496415,1.0011798469936957,-0.7791999176641746,0.11428434322094222,0.8881801160159861,1.0775482340073752,0.4534443964182854,-1.5309926304127592,0.20552945174733828,-1.2989307726320125,1.093401320887693,-0.32539227911735286,1.0964410762741161,-0.771048797156186
1.6673346693386772,628.3503201323555,1.0011002156783881,-0.7745791581482584,0.11299659948343083,0.8881754599714344,-1.0742988137423353,1.528818602776494,-0.4545197890200326,1.3909290930073186,-0.5877303595748655,-0.8031987334319401,-1.0889312621482792,0.31977059320113677,0.7691606689469068
1.6713426853707414,629.862458391282,1.0004517861968496,-0.7703223487190776,0.11237110937562617,0.8881708696173237,-1.206044089221134,-0.2623355146917756,1.4683796039232992,-0.04220869353048006,1.229897440298813,-1.1876887467699273,0.19433264794932215,-1.0468476288448592,0.8525149808959109
1.6753507014028055,631.3737319063202,0.9999500892506363,-0.7680382704236915,0.11378996974059688,0.8881672700826222,0.923660975967074,-1.5532401743873383,0.6295791984212865,-1.39578749297858,0.7333582551293787,0.6624292378458151,1.1041045513487866,-0.43829135306136346,-0.6658131982847615
1.6793587174348696,632.8843410317112,0.9995688426150315,-0.7688369412304369,0.11575672797228032,0.8881647956534002,1.310655589716946,0.07968803926341736,-1.390343628974972,-0.12467445510462476,-1.142098487836041,1.2667729429369519,-0.06729630357270301,0.9969981376733189,-0.9297018340913497
1.6833667334669338,634.3944521158279,0.9992872906164105,-0.7712792740505677,0.11679658199817315,0.8881634849056433,-0.771930927948833,1.5624535986986514,-0.7905226707417873,1.3806254790148338,-0.8708371100225322,-0.5097883689976888,-1.1183349665180176,0.558625393194628,0.5597095733214458
1.687374749498998,635.9041992898898,0.999083584135966,-0.7738559909395972,0.11764152601616741,0.8881635089049944,-1.4019104458439093,0.10149909473974114,1.3004113511129387,0.291772888714346,1.0365577354537467,-1.3283306241676507,-0.06663806548235582,-0.9368629230973406,1.0035009885779973
1.691382765531062,637.4136853884702,0.9989392401973471,-0.7768638995071389,0.11923571029624584,0.8881650097148708,0.6109239836243829,-1.5525966654348087,0.9416726818244044,-1.3450320658625878,0.9966225300080095,0.34840953585074963,1.119322576825831,-0.6752426876841454,-0.44407988914420593
1.6953907815631262,638.9229905608236,0.9988425862428303,-0.7809127689089029,0.12110428438875931,0.8881679199384579,1.474062610840325,-0.27911873376649216,-1.1949438770664582,-0.45552103804525285,-0.9150959627672561,1.3706170008080623,0.2009874112175159,0.8658422245977521,-1.0668296358155709
1.6993987975951903,640.4321803191383,0.9987850232324189,-0.7855277527167108,0.12252835473368003,0.8881721230670491,-0.44474328391401924,1.5251147676512429,-1.0803714837375427,1.2893223900815536,-1.1081660539403648,-0.1811563361449584,-1.1084025855483044,0.7876467702490653,0.32075581530148584
1.7034068136272544,641.9417156130305,0.9993664312293312,-0.7899850805914566,0.12353546293644467,0.8881770877848311,-1.5307749038096317,0.4552692766537907,1.0755056271507075,0.6126839016069336,0.7799790777325171,-1.3926629793414969,-0.3382187454222816,-0.7800832830869452,1.1183020285130747
1.7074148296593186,643.4521725417683,0.9999094132554228,-0.7930997999453373,0.1226801022010151,0.8881808186813382,0.2672945122831314,-1.4789356446518716,1.2116411323624148,-1.2152684550791344,1.2026326513600676,0.012635803718795385,1.0758212815616524,-0.8904079754168962,-0.18541330614087642
1.7114228456913827,644.9633508122142,1.0003251248715923,-0.7931950622637209,0.12067364086542268,0.8881835512561097,1.568953722648228,-0.6359779728194319,-0.9329757498324089,-0.7583188395185488,-0.6359913612907778,1.3943102008120567,0.4723692512899266,0.6706879625935764,-1.1430572138768131
1.7154308617234468,646.4750744613151,1.0006347341526896,-0.791028642852626,0.1193544043856711,0.8881853752806345,-0.07408690991828759,1.4017541635398714,-1.3276672536239917,1.1252569451150263,-1.2784001005844328,0.15314315547137008,-1.0135393060610571,0.9680999313719416,0.04543937469632876
1.719438877755511,647.9871993501264,1.0008599154107383,-0.7884532217600911,0.11857028531115515,0.8881858224785641,-1.5761320819762081,0.8077992611827841,0.7683328207987485,0.8914825361658287,0.48488001011932086,-1.376362546280819,-0.5900572782629806,-0.5508732150659333,1.1409304933353281
1.723446893787575,649.499613792924,1.001020882102503,-0.7856877077217697,0.11719836318381323,0.8881846284684595,-0.12012631141918784,-1.3004211323549457,1.4205474437832797,-1.0203858919026285,1.3356311609240314,-0.3152452690183985,0.9357498849261859,-1.026645489349217,0.09089560442596255
1.7274549098196392,651.0122318945531,1.0011311994371443,-0.7819649442946507,0.11532284422405727,0.8881820193859246,1.5590543433683783,-0.968419460580042,-0.5906348827819882,-1.011361249868839,-0.32814063734548,1.339501887216422,0.6966508957918249,0.42273354776829425,-1.1193844435595504
1.7314629258517034,652.5249841115234,1.0011997999323723,-0.7774269047438712,0.11375690105120675,0.8881782041758289,0.31504226411055747,1.1761128284893363,-1.4911550925933355,0.9020113332277724,-1.3742251669138152,0.47221383368699965,-0.8421431753347628,1.0652103042338938,-0.22306712889923314
1.7354709418837675,654.0376469859883,1.0008350001191715,-0.7728757737144509,0.11258591045354545,0.8881731845937118,-1.5145366696843714,1.1119178627902688,0.4026188069023907,1.1170475741740178,0.16727575543668596,-1.2843233296104648,-0.7875717680799151,-0.29214215220531303,1.0797139202853556
1.7394789579158316,655.5494313417935,1.0002461028439256,-0.7691027384834876,0.1127210667505409,0.8881691988063279,-0.4997693269217767,-1.0341843412105043,1.5339536681370938,-0.7704131472149075,1.3938572114671857,-0.6234440642534415,0.7422290500446905,-1.0886857240178776,0.346456673973702
1.7434869739478958,657.0604315226349,0.9997925233352449,-0.7679916659303639,0.11456926428866954,0.8881660734265572,1.4480927815963753,-1.23026797887078,-0.21782480271867224,-1.2085639906966854,-0.0014321588692640316,1.209996149560759,0.8696471557098856,0.16598187680921755,-1.0356290325175512
1.7474949899799597,658.5708339562484,0.9994515331533933,-0.7696728686650829,0.11623675766859448,0.8881638376096902,0.6669992651197212,0.8893956404619086,-1.556394905589635,0.6254275717595241,-1.3938593178150074,0.7684317460481306,-0.6433888183794896,1.1112496466795845,-0.4678608282948818
1.7515030060120238,660.0807930418929,0.9992019993614614,-0.7722540413268879,0.11707489533819194,0.8881629802356654,-1.3721163980669717,1.3343047523283755,0.037811645717231196,1.283906099658518,-0.16673926924906535,-1.1171668304173654,-0.9520085617460732,-0.03455024041103362,0.9865588021585371
1.755511022044088,661.590430507918,0.9990225616550356,-0.7748852179113781,0.11816492686661355,0.888163695473343,-0.8271788696754359,-0.7357031702016344,1.5628820398443326,-0.4697097912352029,1.373501779715932,-0.9037919884831314,0.5337076668522668,-1.123475082112458,0.5897674152669028
1.759519038076152,663.0998393526598,0.9988973632769881,-0.7782647344474959,0.11995114003625669,0.8881657623905755,1.2785324939639717,-1.4205124128558222,0.1419799188631043,-1.3408749344955215,0.3337482490831571,1.0071266854178675,1.0241233729555053,-0.09934009656832943,-0.9247832763832786
1.7635270541082162,664.6090936001049,0.9988165340479057,-0.7826341839295484,0.12169245837092685,0.8881690795162804,0.9745319566088396,0.5753702167552289,-1.549902173376909,0.30626876780039214,-1.3326792795736346,1.026410511780936,-0.41694396895878144,1.124002918049175,-0.7070589490914223
1.7675350701402803,666.1182831138816,0.9989440372582727,-0.7872474443835068,0.12297858419186074,0.8881737627191187,-1.1714704588326756,1.4905925920895993,-0.3191221332565276,1.3781219410964667,-0.49635189465958146,-0.8817700464303073,-1.086901781091729,0.23654140521863048,0.850360375867781
1.7715430861723445,667.6281766149972,0.9995823211690201,-0.7914517164120771,0.12351208001808797,0.8881782575713171,-1.1140395349633514,-0.40572916758033784,1.5197687025516207,-0.13865820017021255,1.2723403262239823,-1.1336821260502459,0.2885999828544223,-1.1072832946656195,0.8186833118038933
1.7755511022044086,669.1389212180097,1.0000759197663942,-0.7935546790433615,0.12199944613451569,0.8881818420017608,1.0447695926086185,-1.5458993200546263,0.5011297274615627,-1.3949871520834272,0.6497985312821215,0.7451886208030901,1.1292707596076677,-0.37517325537699964,-0.7540975042369142
1.7795591182364727,670.6503190044829,1.0004503790498076,-0.7925871917908621,0.12005881773290819,0.8881843128385744,1.2447505704418513,0.21784651984361048,-1.4625970902773593,-0.02801712138467341,-1.1948244685211882,1.222841589907477,-0.14866911537961408,1.0597673373310086,-0.9110982219609263
1.7835671342685369,672.1622055521167,1.0007264668216262,-0.7901111325576765,0.11906390866800999,0.8881855434908458,-0.891065390852321,1.5723828162566884,-0.681317425403369,1.3918044456666718,-0.791593014041628,-0.6002114316252438,-1.1408094502604116,0.5009051479257941,0.6399043023314188
1.787575150300601,673.6744487943593,1.000926054665393,-0.787546579674126,0.11818727175070162,0.8881853793166629,-1.3526555583137647,-0.024205036894803276,1.3768605952023891,0.19227791614568315,1.101540814671512,-1.2938187308183027,0.012011480916547222,-0.9929656816531678,0.9809542007381485
1.7915831663326651,675.1869476691322,1.001067227739225,-0.7844930829194176,0.1165444704343281,0.8881837432038331,0.7228194760992831,-1.573508280308333,0.8506888042043687,-1.3693533917524154,0.9212574758758248,0.44809591587811287,1.1332082507631593,-0.6155642017784688,-0.5176440489814848
1.7955911823647293,676.6996231311231,1.0011612721915044,-0.7803828307260384,0.11468600749654224,0.8881807105208338,1.4405717889974112,-0.1722406129971848,-1.2683311760035192,-0.3529528996415821,-0.9935727070844665,1.346525606725016,0.12374173477436284,0.9091352990698077,-1.0328770338310405
1.7995991983967934,678.2124104460167,1.0012167435259007,-0.7757595179766182,0.11330083528187744,0.888176382967953,-0.5405101916229922,1.5475805234526234,-1.0070703318313763,1.3281596955381982,-1.0376821793768771,-0.2904775161598657,-1.1051211026384247,0.7160623427857113,0.38905875986300276
1.8036072144288575,679.724816405923,1.000611632610526,-0.7713275045490475,0.11233880767618792,0.8881714090522989,-1.5022786826401306,0.36386129511721915,1.1384173875244183,0.5086333225506384,0.8719650002638866,-1.380598322812072,-0.25209634265249037,-0.814460188386299,1.0665565310457323
1.8076152304609217,681.2363027034986,1.0000731070324045,-0.7683018408410659,0.1132630508352179,0.8881676941906657,0.3550801968694285,-1.4960712319914213,1.1409910351314363,-1.2679820870844865,1.1406038031087025,0.1273782839796822,1.0668761925668304,-0.8043810461565999,-0.2624951464060668
1.8116232464929858,682.7470738057231,0.999661116999713,-0.7683070278752087,0.11527097177937023,0.8881650136973998,1.5385679543282145,-0.5391025118940638,-0.999465442424186,-0.6599092608145505,-0.7357611701620205,1.3956704309768033,0.3742094722770531,0.7210220590943358,-1.0952315313752792
1.81563126252505,684.2573046609419,0.9993545672487456,-0.7705143617048263,0.1165585777948326,0.8881632475211865,-0.17666331349227693,1.4324307291111558,-1.2557674156144354,1.1884829885896793,-1.228926892442487,0.0404439038522339,-1.0280063228064413,0.8928041507202729,0.1352021720787731
1.819639278557114,685.767138383607,0.9991317765378515,-0.7731048977848025,0.1173438046420324,0.8881628157592498,-1.5608980510351511,0.7057539741566119,0.8551440768852736,0.8034719542860569,0.5871460185027035,-1.3906179727944945,-0.5000780493781988,-0.6188850104819451,1.1189630598588403
1.8236472945891782,687.2766857600058,0.9989727053244232,-0.7759083526614368,0.118734574667574,0.8881639884147217,-0.003901822599989141,-1.3525405209083423,1.3564423435104274,-1.0908645024924741,1.300050800485437,-0.2091862980007283,0.9758834101704099,-0.9738066186329114,-0.0020767915235221923
1.8276553106212423,688.7860320909703,0.9988639687560155,-0.7796724596477504,0.12060923503105885,0.8881665733894718,1.5626271640225131,-0.8617883105405602,-0.7008388534897249,-0.9361649472059059,-0.42884578498277315,1.3650107321853207,0.6213434411366361,0.5086329446761924,-1.129976385800362
1.8316633266533064,690.2952464811458,0.9987966597728141,-0.7842242716172975,0.12216745373516387,0.8881703768281881,0.18180286728177517,1.2577354086049304,-1.4395382758996325,0.9765760813774782,-1.3522038910091145,0.37562780963216813,-0.9125343147670443,1.0462666782300534,-0.13373236344668504
1.8356713426853706,691.8045801169985,0.9991931943351047,-0.7887731865824765,0.12334033393410779,0.8881753794164526,-1.5472874497147948,1.0086476357471004,0.538639813960699,1.055247700498106,0.2638278784629322,-1.3190755789570092,-0.7395384036540389,-0.38771396656640034,1.1272523702320458
1.8396793587174347,693.3148058577793,0.9997752195673617,-0.7924765153183749,0.12310356629844847,0.8881793116717718,-0.3627212559319527,-1.1461560914219326,1.5088773473508896,-0.848636630965946,1.384273559294291,-0.5356369283251812,0.8303564064247576,-1.1039326524477064,0.2735762460285131
1.8436873747494988,694.8258064306941,1.0002231949282898,-0.7934420902851274,0.12121779907756912,0.8881823902179365,1.5106191553603792,-1.150747424280335,-0.35987173107921444,-1.1572773954201938,-0.09763742049528464,1.254914815918627,0.84530996704819,0.25194938460718863,-1.0972593516497113
1.847695390781563,696.3373969902601,1.0005595162397372,-0.7916769678548191,0.11959972070575405,0.8881845959432864,0.549198770244339,1.0064396759898477,-1.555638446236836,0.7108306865159475,-1.396079965402076,0.6852492788876842,-0.7240956176086847,1.1313303806799029,-0.4072347630692374
1.851703406813627,697.8494246149322,1.0008054161007238,-0.7891037045297234,0.11877784309074531,0.8881853884502411,-1.4414416549004991,1.2736276695406492,0.16781398536152992,1.2415724300286815,-0.06768282109345902,-1.173889608923812,-0.9266461562076428,-0.1149270282977466,1.0415731845188425
1.8557114228456912,699.3617691152989,1.0009821606700364,-0.7864761169648746,0.11764317576647386,0.8881845552338614,-0.7256741787565203,-0.8484718569509134,1.5741460357182755,-0.5645835922002388,1.3882460178798641,-0.8236624256688955,0.6086875973970116,-1.137007026352156,0.5283194289774777
1.8597194388777554,700.874338652325,1.0011052502352933,-0.7830563181527634,0.11583275518085855,0.8881823539284891,1.3497441682234705,-1.3773534835757981,0.027609315376569937,-1.3080431019452645,0.2307753852877198,1.0772677166640494,0.9914658207322701,-0.02218148467956746,-0.9692843360449305
1.8637274549098195,702.3870598903364,1.001184345358636,-0.778658124476693,0.11411925211270742,0.8881789200867685,0.893081650338386,0.6743706327417028,-1.567452283054833,0.4112979057302453,-1.3613477305710495,0.9500498248423527,-0.483690736187241,1.1218738407427626,-0.6381831045505809
1.8677354709418836,703.8998329866548,1.0010274072637126,-0.7740552190545472,0.11286363962467105,0.8881741505336617,-1.233884996979373,1.4573993719495577,-0.22351437495019716,1.3563138495602436,-0.3901587033162761,-0.9661551462454353,-1.036730595432405,0.15445474211462426,0.882275853321789
1.8717434869739478,705.4118739165631,1.0003950775695944,-0.7698995147780321,0.11240777172997182,0.8881697195786376,-1.0417521444047313,-0.49140720596099857,1.5331593503818786,-0.25190920344988027,1.31546282287589,-1.063553619428297,0.3572978523779005,-1.091686624800507,0.7343887724277959
1.875751503006012,706.9230718009181,0.999906288948284,-0.767912686224995,0.11396786254305866,0.8881662007991281,1.1027417822976,-1.509629244801891,0.4068874625080593,-1.3860353137020212,0.546118869411135,0.8399164442844956,1.0716642495918414,-0.2791980256546631,-0.7924662239319727
1.879759519038076,708.433623165285,0.99953586076122,-0.768974184412813,0.11588265749826568,0.8881637798601018,1.1677788196625187,0.313801596335219,-1.4815804159966648,0.08605930519741709,-1.249988094105735,1.1639287889081509,-0.23409242080398796,1.060867227018366,-0.8267748062062933
1.8837675350701402,709.9436912662591,0.9992630096207372,-0.7714763422021984,0.11685550290560492,0.8881626042432327,-0.9678472183895562,1.5463521397327102,-0.5785049213291236,1.396270336211735,-0.6966930704962001,-0.6995772657142784,-1.1057895101936646,0.40656142396283745,0.6992280862364737
1.8877755511022043,711.4534069849909,0.9990659233964401,-0.7740602046034453,0.11774866604832562,0.8881628118766081,-1.2816429834651832,-0.13474015090592453,1.4163831344018873,0.08304522350320173,1.1654737792809036,-1.2485190027797293,0.1028287178031535,-1.019519194851793,0.9166904770561243
1.8917835671342684,712.9628704513858,0.9989267644200541,-0.7771603591237985,0.11940378342007117,0.8881644495427129,0.8210951982343423,-1.5637048368384214,0.7426096386314472,-1.3860138814150609,0.8382030136890458,0.5478108677271643,1.1271644232719245,-0.5318620434886678,-0.5953023797830518
1.8957915831663326,714.4721601145337,0.9988343996539735,-0.7813071629151316,0.121252640447653,0.8881674628074201,1.3776479831362345,-0.04355689857156621,-1.3340910845454448,-0.25183299077671994,-1.0632697200861683,1.3151027108606161,0.03077702107443906,0.9666670903074408,-0.9974441113820134
1.8997995991983967,715.9813402055147,0.9987802616173543,-0.7859345858169807,0.12263645756793765,0.8881718007080891,-0.6665494667678088,1.5632629324345286,-0.8967134656590962,1.3551518652403731,-0.9678578373960831,-0.38729402784703065,-1.1369346872297008,0.6548726867232795,0.48206200050749104
1.9038076152304608,717.4909632248205,0.9994240914708448,-0.7903478597729235,0.12355256916736031,0.8881766775467453,-1.4597577581693908,0.2234380295049994,1.2363197286663068,0.41695320419522364,0.9453264852157419,-1.362279689413552,-0.16963707433282252,-0.898008894849464,1.0676459691848796
1.907815631262525,719.0014969388557,0.9999538423888201,-0.7932201774044475,0.12249977509236315,0.8881803870442639,0.49796619840509304,-1.544421703507393,1.0464555051008788,-1.3048435027220069,1.0822310080676485,0.22261249465268718,1.1247788981351428,-0.770884626412447,-0.3538942717194683
1.911823647294589,720.5127337848061,1.0003585422096113,-0.7930224619932494,0.12048388702518033,0.8881830355445497,1.5253341163385399,-0.41164478471110694,-1.113689331630006,-0.5731897657721436,-0.8158629441784697,1.3890527099504368,0.3094013433109195,0.8030877923597962,-1.1124891356672435
1.9158316633266532,722.0245008435801,1.0006591311589905,-0.790754138623023,0.11926380559475891,0.8881846982570263,-0.31016165776027216,1.494499040622262,-1.1843373828666355,1.236897904098822,-1.1792975134925128,-0.0576003905993622,-1.0817923639402405,0.8647029005113831,0.21708946343490815
1.9198396793587174,723.536657120017,1.0008773961891184,-0.7881861600095978,0.11847383505216656,0.8881850081794662,-1.5615661265604528,0.5950764146667591,0.9664897119045343,0.7194586288636134,0.6765686696121249,-1.3960272984617632,-0.4361454217227673,-0.6947788924729253,1.1309243141974665
1.9238476953907815,725.0490938178207,1.0010330632242859,-0.7853579844144042,0.11702278693307012,0.8881837111225273,0.11727498783245183,-1.4192283963361296,1.301953408525558,-1.1523221127961232,1.2590753787136417,-0.10675326591020856,1.0216870376989076,-0.9411079271625548,-0.08057911054094995
1.9278557114228456,726.5617269561318,1.0011390516677015,-0.7815310839381714,0.1151393362718521,0.8881809815209297,1.5739124640934516,-0.7708814281583016,-0.8030310359104789,-0.8547834373251137,-0.5288597841299696,1.3836432214568661,0.5543720483711094,0.5753813014145044,-1.1297533497915944
1.9318637274549098,728.0744882696745,1.0012041327166255,-0.776961622065901,0.11362567403426428,0.8881770324450384,0.08006355853282379,1.3192228315716048,-1.3992863900865111,1.0523222103273182,-1.3211610808990406,0.2688388705694989,-0.9439657371644359,0.9986318758034877,-0.0546661386434961
1.9358717434869739,729.5870919010621,1.0007705937479285,-0.7724367737792174,0.11249540957268271,0.8881719830309219,-1.5585125113159672,0.9326400912967467,0.6258724200287068,0.978068027935197,0.3741850411065634,-1.3522530690458479,-0.658927579781413,-0.45094447646294017,1.1098720562426818
1.939879759519038,731.0987902960851,1.0001961756811408,-0.7688436843879521,0.11285679478577915,0.888168124509504,-0.2708024002296473,-1.1988753055871642,1.4696777058165316,-0.9369852610198326,1.3651895790281463,-0.42820431801214764,0.8585258896373952,-1.0415597913842973,0.1830339017516266
1.9438877755511021,732.6097242718545,0.9997544769929042,-0.7680479840302797,0.11477110389999275,0.8881651553643318,1.51952205684106,-1.0711844107287756,-0.44833764611122,-1.0895349702830106,-0.21156780037795653,1.301102770655677,0.7553017454547982,0.3299505890139218,-1.0852523344579776
1.9478957915831663,734.1200769540111,0.999423379363014,-0.7699039893165045,0.11633318527899433,0.8881630290446333,0.4465975742544219,1.07275494923427,-1.5193525234713778,0.8061396873044799,-1.3904044120589654,0.584264724755662,-0.7735419747861053,1.08369984056094,-0.31015786577086524
1.9519038076152302,735.6299996163762,0.9991815847795908,-0.7724947514503645,0.11714402555488583,0.8881622899300865,-1.469332603084909,1.196481960231802,0.27285064290124517,1.1867289785717308,0.0437170047653935,-1.2304459833440218,-0.8527174497458129,-0.2026615504246445,1.0553790001582986
1.9559118236472943,737.1396108607312,0.9990080185955337,-0.7751620617493885,0.11831684624055386,0.8881631642028882,-0.6177051164094121,-0.9353538752401457,1.5530589916744149,-0.6621470510008418,1.3955673682803669,-0.7334203172919723,0.6768471646603348,-1.115997043317136,0.4391498786528861
1.9599198396793585,738.6490014010642,0.9988875300500378,-0.7786475963756657,0.12013656193083186,0.888165393149771,1.4000955871838525,-1.305441745278461,-0.09465384190239925,-1.2671402945958774,0.1260516042688504,1.1410886903144233,0.9412163300001188,0.07124342375299035,-1.0124597537478628
1.9639278557114226,740.1582438322082,0.9988105864823794,-0.7830792439482589,0.1218291505594579,0.8881688450470984,0.7784757809088089,0.788701973298448,-1.5671777542200271,0.5076319609969823,-1.3800447361712243,0.8724127751668624,-0.5716062088644174,1.1370797264916526,-0.5654735176164871
1.9679358717434867,741.667458254848,0.9990149922931584,-0.7876788680163859,0.1230866715756926,0.8881736488021849,-1.3158333207526547,1.399645616959237,-0.08381229622376411,1.3289699998689766,-0.29445931418793997,-1.034510685682831,-1.0217737219185385,0.0656104256330913,0.9561632962966738
1.9719438877755509,743.177446387892,0.999637301032341,-0.7917751397260139,0.1234319410494141,0.8881779885323824,-0.9341690540087292,-0.6302602152300936,1.5644292692255903,-0.3461304394982083,1.344301619991107,-0.998171180490661,0.45254532238732825,-1.1410405828173718,0.6884952604387077
1.975951903807615,744.6882640605085,1.0001180521661635,-0.7935748974651766,0.121790093138677,0.8881814734619614,1.2107763987021836,-1.4813687729699483,0.27059237426209004,-1.3708087997709912,0.45637823089269364,0.914430568882199,1.0834294938801887,-0.20747104677410538,-0.8759584471006745
1.9799599198396791,746.1997171269159,1.000481752279711,-0.7923583443135622,0.11991748301840228,0.8881838963477611,1.084748106638844,0.45027799733247453,-1.5350261039701814,0.182478557043154,-1.2899520650330627,1.1074735079937756,-0.3181053944214705,1.113552805494919,-0.7954474110717868
1.9839679358717432,747.7116443014738,1.0007492429121474,-0.7898379799705184,0.11898466349305424,0.888185005903652,-1.0764666245042418,1.5361447714496665,-0.4596781469362946,1.3925744898628811,-0.6093619825426366,-0.7832125073156448,-1.1153336556710414,0.34028675645427625,0.7750468992192127
1.9879759519038074,749.2239168111179,1.0009423194768858,-0.7872676137891241,0.1180508083835149,0.8881846578273378,-1.2156153924861217,-0.26082217891620796,1.4764375714111755,-0.018229374513542514,1.2182158466068922,-1.1999864720891231,0.18329740003195283,-1.0654169123209534,0.8821195122835298
1.9919839679358715,750.7364362698333,1.0010783836610917,-0.7841199025514128,0.11635221398625087,0.8881828838080426,0.924824788233435,-1.5666291130289953,0.6418043248030123,-1.3948878918144596,0.7526780746749415,0.642209817137694,1.1281955329348927,-0.46488461442066314,-0.663310918524029
1.9959919839679356,752.249125294015,1.001168203395644,-0.7799185777898917,0.1145227102524455,0.8881797590052856,1.3289651048797277,0.06463494780604402,-1.393600052681339,-0.14539182059948838,-1.1300551327646116,1.2754469533608086,-0.046442406776728715,0.9986794187869853,-0.9522370120166351
2.0,753.7619204380585,1.0012203297049558,-0.775291986551215,0.11317794555120186,0.8881753126077626,-0.7558547985586123,1.570204428775686,-0.8143496302188953,1.3779976795628333,-0.8850538420667793,-0.4929438374993721,-1.1202693735354685,0.5776355718300729,0.5426338017023421
