time,pi_cc_d,pi_cc_q,theta_pll,gamma_pll,i_vsc_a,i_vsc_b,i_vsc_c,v_sh_a,v_sh_b,v_sh_c,i_bus_a,i_bus_b,i_bus_c,int_vdc,v_dc,i_load
0.0,0.2460917358604301,0.05027341682388865,-0.0025073718408679824,0.0,0.28902721560349,-0.10880568169796613,-0.18022153390552376,1.408384007045068,-0.8051537105810788,-0.6032302964639888,-1.131014845191197,0.5802074229194469,0.5508074222717497,-0.7997758473835557,1.0,-0.3011698503147266
0.004008016032064128,0.246091735860513,0.05027341682474835,1.5084790747758765,7.590885556467569e-12,-0.023881856551589496,0.2639326862974059,-0.2400508297458695,0.2005571469583202,1.1112019228373526,-1.3117590697957042,-0.08454928548144255,-0.9345828542314105,1.0191321397128241,-0.7997758473835593,0.9999999999955084,-0.3011698503147266
0.008016032064128256,0.24609173585658373,0.05027341682479157,3.0194655213933923,3.2268390796827294e-11,-0.2918822534797073,0.14035842628668005,0.15152382719282434,-1.3844077095538958,0.9379961860111554,0.4464115235427065,1.1209071079393804,-0.691935360768479,-0.4289717471711324,-0.7997758473836823,1.0000000000015254,-0.3011698503147266
0.012024048096192383,0.24609173586080108,0.05027341682489499,4.530451968013044,1.0842288770142329e-10,-0.01101221617114869,-0.2471530572032424,0.25816527337416917,-0.3660609535926663,-0.9990659430255329,1.3651268966181946,0.21855200056393784,0.8518630639172609,-1.0704150644814276,-0.7997758473838772,0.9999999999910942,-0.3011698503147266
0.01603206412825651,0.24609173585819993,0.05027341682502867,6.0414384146312,1.4473439840468914e-10,0.2905657576222077,-0.16990519115852226,-0.12066056646393888,1.3406456685129948,-1.0574329598516703,-0.28321270866134274,-1.0947795387166144,0.7937742624981897,0.3010052762182117,-0.7997758473841182,0.9999999999953632,-0.3011698503147266
0.02004008016032064,0.24609173585531663,0.0502734168249828,7.552424861244552,6.112325836653425e-11,0.04574890305557455,0.22684115083841036,-0.272590053894254,0.5263330727402863,0.8726514582275305,-1.3989845309677762,-0.34943120404310996,-0.7569685698759312,1.1063997739187887,-0.799775847384406,0.9999999999975134,-0.3011698503147266
0.024048096192384766,0.2460917358599331,0.050273416825047844,9.06341130786605,1.80477893776e-10,-0.28509655690674884,0.19702370676543401,0.08807285014105783,-1.2777234070887957,1.1617571312456831,0.11596627584310777,1.0530056148855822,-0.8842687144432582,-0.1687369004425779,-0.7997758473847258,0.9999999999900681,-0.3011698503147266
0.028056112224448895,0.24609173585746913,0.050273416824963266,10.574397754476903,3.413181509898166e-11,-0.079831754423748,-0.20328726993241839,0.28311902435591957,-0.6790829202145405,-0.7337651814370548,1.4128481016515966,0.47531638971785084,0.6512556054009255,-1.1265719951190276,-0.7997758473850677,0.9999999999904996,-0.3011698503147266
0.03206412825651302,0.24609173585894517,0.05027341682486053,12.085384201094133,4.7965586346355465e-11,0.27555279486901696,-0.2213263879743936,-0.054226406894862154,1.1965400934976058,-1.249477631715754,0.05293753821815105,-0.9961822758450982,0.9621253217486323,0.03405695409621394,-0.799775847385428,0.9999999999871453,-0.3011698503147266
0.03607214428857715,0.24609173585837668,0.050273416824822593,13.596370647711048,5.3536160552532554e-11,0.11277366544460853,0.17682804427606771,-0.2896017097209204,0.8221274394667387,0.5843920687152925,-1.4065195081820328,-0.5944084407188155,-0.5362350163603825,1.130643457078956,-0.7997758473857919,0.9999999999868673,-0.3011698503147266
0.04008016032064128,0.2460917358544595,0.05027341682475633,15.10735709432628,1.8785051829962343e-11,-0.2620708708968005,0.2424659023261323,0.01960496857051149,-1.098256005871543,1.3193407810985858,-0.22108477522700593,0.9251216454877798,-1.0262313735207755,0.10110972803282316,-0.7997758473861667,0.9999999999929867,-0.3011698503147266
0.044088176352705406,0.24609173585798644,0.050273416824932485,16.618343540949883,1.921250809806013e-10,-0.14410383700483112,-0.1478416243204379,0.2919454613251407,-0.9534222676018617,-0.4266669281790354,1.380089195780896,0.7050053190233768,0.4135506524173765,-1.118555971440872,-0.7997758473865321,0.9999999999886364,-0.3011698503147266
0.04809619238476953,0.24609173585687077,0.0502734168247637,18.129329987563807,1.2670361778674136e-10,0.2448434836020579,-0.2601401438703533,0.015296660268174243,0.9842758597771052,-1.3703481697557083,0.3860723099786024,-0.8408393602526641,1.075670728093113,-0.23483136784057085,-0.7997758473869208,0.9999999999883921,-0.3011698503147266
0.052104208416833664,0.2460917358565506,0.050273416824914326,19.640316434177937,6.525561025540515e-11,0.17337449285479722,0.11674226787033495,-0.29011676072525444,1.071090897229618,0.2628439145666948,-1.3339348117963186,-0.805526343846191,-0.284955870230523,1.0904822140765982,-0.7997758473872905,0.9999999999899937,-0.3011698503147266
0.05611222444889779,0.2460917358523515,0.05027341682485398,21.151302880792993,2.900631982673382e-11,-0.2241168251220028,0.27409649545959996,-0.04997967033771332,-0.8562285775875822,1.4017707297363902,-0.5455421521488083,0.7445399129051931,-1.1097367432541234,0.36519683034880934,-0.799775847387668,0.9999999999960669,-0.3011698503147266
0.06012024048096192,0.24609173585738392,0.05027341682501504,22.66228932741567,1.8275008672822208e-10,-0.20016731635865434,-0.08397445816666706,0.2841417745252148,-1.1734517277745995,-0.09526439431115882,1.2687161220857666,0.8945349605636304,0.1522885629047123,-1.0468235234684635,-0.7997758473880355,0.999999999990023,-0.3011698503147266
0.06412825651302605,0.24609173585525254,0.050273416824974486,24.173275774025523,1.6579000699943316e-11,0.20018713046186434,-0.28413551011358,0.08394837965159717,0.715944228547481,-1.4131594219484302,0.6972151934009475,-0.6375996335083944,1.127942591127263,-0.49034295761898455,-0.7997758473883886,0.9999999999902408,-0.3011698503147266
0.06813627254509018,0.246091735853487,0.05027341682435441,25.684262220637,-1.0801816082861422e-10,0.22409937719329315,0.05000649537960654,-0.27410587257301267,1.2590417479398646,-0.07367663599243027,-1.1853651119474373,-0.9707590058775108,-0.017444764430970733,0.9882037703083729,-0.799775847388734,0.9999999999887699,-0.3011698503147266
0.0721442885771543,0.2460917358537895,0.050273416824817646,27.195248667255903,-4.869859373509598e-11,-0.17339639633612003,0.29011370853091334,-0.11671731219489756,-0.5654277348673582,1.40435149463531,-0.8389237597679496,0.5215468957116197,-1.130028085667442,0.6084811899557143,-0.7997758473890587,0.9999999999919099,-0.3011698503147266
0.07615230460921843,0.24609173585393862,0.050273416824693176,28.706235113874396,2.1511806548075076e-12,-0.24482865081928767,-0.01532384924579491,0.26015250006498,-1.326637770568891,0.24156469223403249,1.085073078334863,1.0331091408048225,-0.11764835061252178,-0.915460790192406,-0.7997758473893757,0.9999999999920102,-0.3011698503147266
0.08016032064128256,0.246091735852371,0.05027341682471202,30.21722156049025,-1.4122046823486996e-11,0.14412751027241585,-0.2919456520532973,0.14781814178073913,0.4068302439803051,-1.3754728164475696,0.9686425724672328,-0.3980402982335242,1.1159634124679039,-0.7179231142345014,-0.7997758473896688,0.9999999999948328,-0.3011698503147266
0.08416833667334668,0.24609173585481364,0.05027341682475879,31.728208007109703,6.136070735752102e-11,0.2620588746289907,-0.019577803576541535,-0.24248107105252478,1.3752737095589678,-0.40600034882213554,-0.9692733607368318,-1.0806942529548944,0.2510600570808768,0.8296341958739368,-0.7997758473899611,0.9999999999912409,-0.3011698503147266
0.08817635270541081,0.24609173585059727,0.05027341682488954,33.239194453726995,8.171621391999807e-11,-0.11279877856823907,0.2896051581542267,-0.1768063795860602,-0.24241840255203778,1.3269361129619728,-1.084517710409937,0.2688449749772001,-1.0859495796966714,0.8171046047194004,-0.7997758473902321,1.0000000000007618,-0.3011698503147266
0.09218436873747494,0.24609173585563024,0.050273416824868966,34.750180900343054,7.276349303858872e-11,-0.27554379428850057,0.0541996539487045,0.2213441403397228,-1.404254450111233,0.5646335122189123,0.8396209378923144,1.112834250991572,-0.38088365320405665,-0.7319505977875833,-0.7997758473905033,0.999999999990008,-0.3011698503147266
0.09619238476953906,0.24609173585179542,0.05027341682509098,36.26116734695718,1.5504594935365213e-11,0.07985794325546368,-0.2831256691164146,0.20326772586087705,0.07454195392341921,-1.2594350305479785,1.1848930766245591,-0.1358073595400362,1.0404155131143502,-0.9046081535743881,-0.7997758473907608,1.0000000000008067,-0.3011698503147266
0.1002004008016032,0.24609187855992587,0.05027340955152705,37.772152908260345,-0.000022116046183366365,0.28664742093490325,-0.08884039517335136,-0.19780702576162582,1.4134641231761491,-0.7153465981490128,-0.6981175250271306,-1.130041058877611,0.5057380745395451,0.6243029843379858,-0.7997758477754744,0.9999987113290374,-0.3011698503147266
0.10420841683366733,0.24613932565273194,0.05032613554118327,39.28470353665846,0.037626211063114014,-0.04935163378177217,0.2744906193039493,-0.22513898552793532,0.0859812718125251,1.179698117004367,-1.2656793888239521,0.005922471864884302,-0.9831843287292791,0.9772618568600292,-0.7997837976572053,0.9997547497316035,-0.3011698503147266
0.10821643286573146,0.24613653278615316,0.05037043025711437,40.797396424458235,0.07452653449804973,-0.2905563038504543,0.11793860403393072,0.17261769979842606,-1.4036350420426933,0.8490489446175782,0.5545860974235389,1.1300577569021113,-0.6180351667791032,-0.51202259013827,-0.799794148265908,0.9997327582580218,-0.3011698503147266
0.11222444889779558,0.24613457110814918,0.05039339239885784,42.30960859551667,0.09649494991882528,0.013732156446693282,-0.2594031726533675,0.24567101618655326,-0.2536817948773129,-1.0776532743362706,1.3313350692248447,0.12833539792685678,0.9097522899083129,-1.0380876878518581,-0.7998049640133608,0.9997300429913389,-0.3011698503147266
0.11623246492985971,0.24613461138928036,0.05040150157859108,43.82145510953438,0.10769212727786294,0.29168304310430737,-0.14931610714873506,-0.1423669359600457,1.3730894327757384,-0.9778790382805251,-0.3952103944949988,-1.1150436081481816,0.7264702778690344,0.38857333026881624,-0.7998156308746385,0.9997391409635777,-0.3011698503147266
0.12024048096192384,0.2461360276220499,0.0503997253653998,45.33303118447239,0.11140479591539892,0.021658843623980045,0.24099848451313327,-0.2626573281584269,0.4179037383529083,0.9605974776471159,-1.3785012160004522,-0.2611989593420088,-0.8233114182653747,1.0845103775831038,-0.799825790823397,0.9997545900452282,-0.3011698503147266
0.12424849699398796,0.24613828669584212,0.05039169074702146,46.84440898416035,0.11005937106405675,-0.2889217195865923,0.1783908358155766,0.11053088377217235,-1.3229991289672385,1.0926700591849972,0.23032906978427248,1.0839204852635411,-0.8246451936331857,-0.25927529163078744,-0.7998352666591065,0.9997729032534346,-0.3011698503147266
0.1282565130260521,0.24614112308549996,0.0503799195291519,48.355641994749746,0.10540732543849342,-0.05649357224315939,-0.2194308734169521,0.27592444566973645,-0.5760971669320465,-0.8299135504244854,1.4060107173632328,0.3905111014651445,0.7249216373109566,-1.1154327387782075,-0.7998440060118926,0.999791153484061,-0.3011698503147266
0.13226452905811623,0.24614428087167792,0.05036630500663096,49.86677163234036,0.09874648820911884,0.28205386037001734,-0.20475103955479002,-0.07730282079858851,1.2541920885190037,-1.191955146379997,-0.06223694212482997,-1.0373226120565637,0.9111703828907848,0.1261522291709063,-0.7998520247351478,0.9998084945960399,-0.3011698503147266
0.13627254509018036,0.2461473765431598,0.050352045007345664,51.37782769361823,0.0909756885637223,0.09040697874966747,0.1948461324170583,-0.28525311114728175,0.7260423530233681,0.6874141773425284,-1.413456530365922,-0.5143488693759313,-0.6160880940188864,1.1304369634157292,-0.7998593885723815,0.999823740251668,-0.3011698503147266
0.1402805611222445,0.2461505350699637,0.050338014985136396,52.888832818394235,0.08273780935073305,-0.2712963283006753,0.22820423056167333,0.04309209776199045,-1.167376908746955,1.2741269161869277,-0.10675000744076601,0.9758053409778386,-0.984687536232808,0.008882195279474966,-0.7998661847702176,0.999836719322705,-0.3011698503147266
0.1442885771543086,0.24615358496503012,0.05032474653065836,54.39980361361829,0.0744714597773157,-0.12295282903504257,-0.1675334473217486,0.2904862763733836,-0.8656086377579892,-0.5351034037319233,1.4007120414898884,0.6308916730464833,0.4984167773739516,-1.1293084504045716,-0.79987250956199,0.9998472677541138,-0.3011698503147266
0.14829659318637273,0.24615648648255933,0.05031256243167575,55.91075215276471,0.06646585448564316,0.25663298228308684,-0.24833275777911676,-0.008300224486351928,1.0639196186025206,-1.3381227312163915,0.274203112615375,-0.9003752069294122,1.0441969290021804,-0.14382172205755608,-0.7998784588745095,0.999855483958312,-0.3011698503147266
0.15230460921843686,0.24615920598475619,0.0503016316026812,57.4216871719203,0.058903383316618624,0.15370800538891283,0.13783806144832106,-0.2915460668234839,0.992810056508641,0.3751457911306921,-1.3679558476393685,-0.738464375392182,-0.3736070409914324,1.1120714163989427,-0.7998841222767583,0.9998615775111936,-0.3011698503147266
0.156312625250501,0.24616173430484356,0.050292018029649936,58.93261492125155,0.05189004679600821,-0.23828947063806769,0.26487798728344886,-0.026588516634479815,-0.9452493961704382,1.3829916409936114,-0.4377422448230841,0.8120798338284021,-1.0888125397447967,0.27673270592742455,-0.7998895796954191,0.9998658087155656,-0.3011698503147266
0.16032064128256512,0.24616406115528663,0.0502837125215876,60.44353976914371,0.04547708260204759,-0.18224203282835555,-0.10617647551581091,0.2884185083544541,-1.105830537308201,-0.20982149399922034,1.3156520313074422,0.8355168299144015,0.2434500355843464,-1.0789668654884417,-0.7998948999036695,0.999868474310529,-0.3011698503147266
0.16432865731462926,0.24616619845053814,0.050276659338910464,61.9544647197587,0.03967847988199259,0.2165298488498687,-0.27761410170319445,0.06108425286298212,0.8130631215881974,-1.408093235157021,0.5950301135688357,-0.7121842577206415,1.1178914791637058,-0.4057072214334119,-0.7999001402075563,0.9998698463590862,-0.3011698503147266
0.16833667334669336,0.24616815161874941,0.05027077328583886,63.465391751339034,0.0344825558240991,0.2081524323852225,0.0729957904767061,-0.2811482228528777,1.2030492473377903,0.0414900459090546,-1.2445392932468367,-0.9206474861835704,-0.10980557464281275,1.0304530608354319,-0.7999053467293853,0.9998701972829761,-0.3011698503147266
0.1723446893787575,0.2461699264242991,0.05026595361928188,64.97632211053889,0.029861384357040693,-0.19166645031143878,0.28636507491587676,-0.09469862459652185,-0.6692517748999982,1.4130709936971884,-0.7438192187976994,0.6021137153174998,-1.131011512633596,0.5288977973236143,-0.7999105553133473,0.9998697850797481,-0.3011698503147266
0.17635270541082163,0.24617154068161098,0.05026209201560941,66.48725650944654,0.025777009544892045,-0.23107585690732418,-0.038772386473030364,0.2698482433869072,-1.2830695984096163,0.12744126363454708,1.1556283347749894,0.9926319750362671,-0.025415562960344685,-0.9672164120693306,-0.7999157924707774,0.9998688074441147,-0.3011698503147266
0.18036072144288576,0.24617300575533363,0.05025908112958904,67.99819529890132,0.022186533277350456,0.16405918234138106,-0.29101397766127457,0.1269547953260388,0.5158700912220358,-1.3978542128920775,0.8819841216701253,-0.48343752349833247,1.1279781898178822,-0.6445406663136487,-0.7999210766962508,0.9998674616144675,-0.3011698503147266
0.1843687374749499,0.24617433358637605,0.05025681560760864,69.50913856015204,0.019044760303803403,0.25068826230733704,0.003995812343711994,-0.25468407464501763,1.3447524401723618,-0.29455557180540914,-1.0501968683668912,-1.0504374951689477,0.16027901515229964,0.8901584800227005,-0.7999264196137442,0.9998659025900413,-0.3011698503147266
0.18837675350701402,0.2461755372108467,0.05025519654353604,71.02008620204961,0.01630671331175857,-0.1341044730344076,0.29149574464700684,-0.15739127160708197,-0.3551085051764058,1.3626505963866422,-1.0075420912101336,0.357847136866277,-1.1088234485702788,0.7509763117095705,-0.7999318271140039,0.9998642584053927,-0.3011698503147266
0.19238476953907813,0.246176627749232,0.05025413264977166,72.531038021332,0.013929046748472914,-0.26671365634625366,0.030836442271193597,0.23587721408037765,-1.3872140578893783,0.45746277180221195,0.9297512860870575,1.0932329514348074,-0.29285639565008537,-0.8003765557793776,-0.799937300415579,0.9998626343814461,-0.3011698503147266
0.19639278557114226,0.24617761645733352,0.05025354092715227,74.04199374625081,0.011870926002662237,0.10223330996958524,-0.2878090034231569,0.18557569345834407,0.18926789205198968,-1.3079675421544015,1.1186996501024484,-0.22713820086285694,1.0738194849886284,-0.8466812841211323,-0.799942837012562,0.9998611118930089,-0.3011698503147266
0.2004008016032064,0.24617851306693958,0.050253346838942524,75.55295306902727,0.010094558196688572,0.27892597597062185,-0.0652265409682201,-0.2136994349984099,1.4098470059702606,-0.6138330837525954,-0.796013922217685,-1.120402893783663,0.4212512103483302,0.6991516834393741,-0.7999484315213765,0.9998597536115721,-0.3011698503147266
0.20440881763527052,0.2461793270716754,0.05025348415739371,77.06391566741674,0.008565413321874576,-0.06890233941669602,0.2800096783731525,-0.21110733895272527,-0.020720083652275137,1.2345877596383081,-1.213867675986007,0.09317922683147302,-1.0234645218878953,0.9302852950601055,-0.7999540764057245,0.9998586043446206,-0.3011698503147266
0.20841683366733466,0.24618006623417057,0.05025389456884671,78.57488122071969,0.007252292582722675,-0.2871530133525791,0.09868365355935493,0.18846935979678517,-1.4123277145822593,0.7614305094151007,0.6508972051671451,1.1315563523476462,-0.5436265922246224,-0.5879297601194717,-0.7999597625974322,0.9998576966414296,-0.3011698503147266
0.2124248496993988,0.24618073852081057,0.050254527094740424,80.08584941945526,0.0061272405486049565,0.034588247802252226,-0.2682108233957849,0.23362257559687546,-0.14812484454816316,-1.1435596376863166,1.2916844822344882,0.04211429486215369,0.9584761832558741,-1.000590478114688,-0.7999654800146391,0.9998570489719903,-0.3011698503147266
0.21643286573146292,0.2461813503350007,0.05025533752970801,81.59681997103264,0.005165369348869273,0.29127910924915146,-0.13073062883836212,-0.16054848040765987,1.394621819409595,-0.898145327559646,-0.49647649184993675,-1.1265330707516663,0.658232161937768,0.4683009088170199,-0.7999712179934886,0.9998566714095077,-0.3011698503147266
0.22044088176352702,0.24618190784403035,0.050256287852355586,83.10779260585659,0.004344711568684896,0.0002188976520566886,0.25258273665782843,-0.2528016343069612,0.3148530224310126,1.0361875681768644,-1.3510405906078666,-0.17680752885710466,-0.8797851648410632,1.0565926937010808,-0.7999769656290432,0.9998565666242373,-0.3011698503147266
0.22444889779559116,0.24618241623363757,0.05025734538681475,84.61876707545463,0.003645897874228392,-0.2912459946058127,0.16091030448671725,0.1303356901217985,-1.3569819407177677,1.0220227517405982,0.3349591889771656,1.10540353902133,-0.7634282291623402,-0.3419753098562819,-0.799982712061999,0.9998567303190914,-0.3011698503147266
0.2284569138276553,0.24618288037975639,0.05025848243714264,86.12974315555576,0.0030519806792732224,-0.035022441584131446,-0.23334840997510473,0.26837085156176216,-0.47708094276615304,-0.9140043889888065,1.3910853317549616,0.30897415251533644,0.7885145348867845,-1.097488687399599,-0.799988446689135,0.9998571539841956,-0.3011698503147266
0.23246492985971942,0.2461833045757358,0.05025967553558753,87.6407206442464,0.002548160087810773,0.2870546952004757,-0.1887922804453402,-0.09826241475278943,1.2999468429241412,-1.1312923630827247,-0.1686544798414069,-1.068470038753186,0.8577104088637315,0.2107596298917917,-0.799994159331374,0.9998578251432375,-0.3011698503147266
0.23647294589178355,0.24618369250473388,0.050260905016853076,89.15169936196943,0.002121578877516159,0.0693256330392546,0.21078271360874226,-0.28010834664582573,0.6324897174212059,0.7787580061926517,-1.4112477236138528,-0.4367241531926256,-0.6859704471025513,1.1226946002973446,-0.7999998403506106,0.9998587294504604,-0.3011698503147266
0.24048096192384769,0.24618404763671328,0.05026215440861559,90.66267914844724,0.0017610636759129766,-0.2787649726833176,0.21397858419047344,0.06478638849485516,-1.2243320961782227,1.2243924424274488,-0.000060346249228446225,1.0162608742135704,-0.9397305026391787,-0.07653037157237955,-0.8000054807365488,0.999859849998166,-0.3011698503147266
0.2444889779559118,0.24618437294722084,0.050263410169776944,92.17365986313732,0.0014569756060325112,-0.10263899637332885,-0.18520758566772566,0.287846582042915,-0.7788582466599131,-0.6323815367928688,1.411239783452782,0.5582307542638527,0.5736192472605663,-1.1318500015225588,-0.8000110721623875,0.9998611695352234,-0.3011698503147266
0.24849699398797592,0.24618467114398843,0.05026466115137826,93.68464138199828,0.001200987289620258,0.26649511257468816,-0.23610988903069846,-0.03038522354226989,1.1312189714691363,-1.2999927795217487,0.16877380805261957,-0.9495230721918502,1.0083160837670762,-0.05879301157351418,-0.8000166070140963,0.9998626700145745,-0.3011698503147266
0.25250501002004005,0.24618494462040477,0.05026589831444363,95.19562359637553,0.0009859308956511553,0.13448709785828686,0.15698781878663856,-0.29147491664333697,0.91409456919774,0.4769673336032562,-1.3910619028009905,-0.6717567677343949,-0.4530677213311623,1.12482448906714,-0.8000220784016431,0.9998643333888448,-0.3011698503147266
0.2565130260521042,0.24618519554989662,0.05026711441354344,96.70660641141873,0.000805650074964151,-0.2504198684714588,0.2548700365628806,-0.004450168089955042,-1.021938488937524,1.357013036084857,-0.33507454714733403,0.8692112814099405,-1.0624868692617349,0.19327558785326343,-0.8000274801549986,0.999866141832097,-0.3011698503147266
0.2605210420841683,0.24618542585421127,0.05026830372825222,98.21758974444606,0.0006548646137338998,-0.16441522577642134,-0.12652596012265324,0.29094118590042667,-1.0362660150969594,-0.3147367596686033,1.3510027747655602,0.7756792719988537,0.32603977376785487,-1.1017190457653538,-0.8000328068080353,0.9998680780723644,-0.3011698503147266
0.26452905811623245,0.24618563729024667,0.05026946183100786,99.72857352362752,0.0005290556069054101,0.23076830973598564,-0.26999089632365225,0.03922258658891355,0.898052649820994,-1.394638413569072,0.496585763748084,-0.7764741618721234,1.1014687823328937,-0.3249946204595296,-0.80003805357397,0.999870125505844,-0.3011698503147266
0.2685370741482966,0.24618583141410524,0.050270585382976817,101.23955768666954,0.00042436162076234945,0.19199594396303604,0.09425662439278622,-0.2862525683546747,1.1436266365328305,0.14800849700776086,-1.2916351335405842,-0.8685128192523696,-0.19435173708979459,1.0628645563433043,-0.8000432163138516,0.999872268422779,-0.3011698503147266
0.2725450901803607,0.24618600964568074,0.050271671958537635,102.750542179607,0.0003374872718359274,-0.20782062532570217,0.28125622458348504,-0.07343559925672813,-0.7613322652985626,1.4123314973988317,-0.6509992321002699,0.6726380462622081,-1.1247051528498404,0.45206710658868743,-0.8000482915011731,0.9998744919949273,-0.3011698503147266
0.27655310621242485,0.24618617326800732,0.05027271989564641,104.2615269558568,0.00026562677889261206,-0.21683519802796952,-0.06064033636622961,0.27747553439516615,-1.2346421869065236,0.02083455717289791,1.2138076297336224,0.9489306350126836,0.05988639630998868,-1.0088170313217024,-0.8000532761831441,0.9998767824185256,-0.3011698503147266
0.280561122244489,0.24618632344374455,0.05027372816428116,105.77251197517528,0.00020639252454398335,0.18190408986355264,-0.28850470769009634,0.10660061782742931,0.6137313520500051,-1.4098394792851503,0.7961081272351499,-0.5591876672191624,1.1318642557923648,-0.5726765885723218,-0.8000581679406898,0.9998791268725516,-0.3011698503147266
0.28456913827655306,0.24618646123568969,0.05027469625598471,107.28349720290666,0.0001577573044705387,0.23857797794119479,0.026156983568650614,-0.2647349615090349,1.3080120011886731,-0.18937932131388518,-1.1186326798747812,-1.0157835257054617,0.07543392440076052,0.9403496013055043,-0.8000629648479415,0.9998815135566137,-0.3011698503147266
0.2885771543086172,0.24618658759857204,0.05027562408877317,108.79448260919865,0.00011800132255951863,-0.15338849632845292,0.2916323955784196,-0.13824389924922825,-0.45735948407405946,1.3871981626425238,-0.9298386785684647,0.43774514306131573,-1.122844324948871,0.6850991818882937,-0.8000676654318031,0.9998839316840461,-0.3011698503147266
0.2925851703406813,0.24618670341633264,0.050276511926491026,110.30546816839755,0.00008566851160813514,-0.2569134124925793,0.008701030141239255,0.24821238235201148,-1.362687632760986,0.3552170095562254,1.007470623204756,1.0681163076949054,-0.2096748336898577,-0.858441474004371,-0.8000722686326762,0.9998863714146194,-0.3011698503147266
0.29659318637274545,0.24618680949567945,0.05027736031000413,111.81645385845947,0.000059527396621600866,0.12268085790516592,-0.29059417046697317,0.16791331256241965,0.2944515249200028,-1.344731256376666,1.050279731456666,-0.3100466702600253,1.0977748078700595,-0.7877281376094254,-0.800076773766292,0.9998888238419558,-0.3011698503147266
0.3006012024048096,0.24618690658425307,0.05027817000014776,113.32743966047316,0.00003853834999368058,0.27157926234945906,-0.04343583552139967,-0.22814342682750444,1.3978878663742103,-0.515977577995353,-0.8819102883788498,-1.1051814365384451,0.34091753176222817,0.7642639047767656,-0.800081180487474,0.9998912809285042,-0.3011698503147266
0.3046092184368737,0.2461869953470682,0.05027894192872789,114.83842555821641,0.000021824749887864925,-0.09021961117090971,0.28540445183542046,-0.1951848406640077,-0.12733572096286802,1.283045788079425,-1.1557100671165565,0.17791773343098077,-1.0570145220989957,0.8790967886685171,-0.8000854887555539,0.9998937355187674,-0.3011698503147266
0.30861723446893785,0.24618707641496446,0.05027967715695076,116.34941153778222,8.648553976012274e-6,-0.28236563414376287,0.07755120741768314,0.20481442672653188,-1.4131096067168647,0.6693634976915439,0.7437461090253152,1.1264494549773036,-0.46728615605727747,-0.6591632989195694,-0.8000896988020486,0.9998961811894378,-0.3011698503147266
0.312625250501002,0.24618715037070418,0.050280376843002725,117.8603975872842,-1.6098971175852064e-6,0.05646834526747368,-0.27613700125746354,0.21966865599039767,-0.041599570331291504,-1.2030234392892436,1.244623009620536,-0.043247014666639085,1.0011465089473859,-0.9578994942803408,-0.8000938111003709,0.9998986122623508,-0.3011698503147266
0.3166332665330661,0.24618721773625724,0.050281042212197084,119.37138369652783,-9.470986258281941e-6,0.2891180953714557,-0.11055968734446912,-0.17855840802662065,1.4081354578142273,-0.8131826974468005,-0.5949527603674197,-1.1316168405711495,0.5869746410520458,0.5446421995194637,-0.8000978263376362,0.9999010237540484,-0.3011698503147266
0.32064128256513025,0.2461872790139044,0.05028167453417235,120.88236985681239,-0.00001536998659963085,-0.021909174392430352,0.26292386576172666,-0.24101469136897094,0.20994000138593888,1.1058078935990105,-1.3157478949849482,-0.09204058452096837,-0.9309696360757176,1.0230102205970104,-0.8001017453887433,0.9999034112686712,-0.3011698503147266
0.3246492985971944,0.24618733464805356,0.05028227510378645,122.39335606068215,-0.00001967109914211915,-0.29173982688252414,0.14198954922745494,0.14975027765535684,-1.3830365501752917,0.945379799611499,0.43765675056378756,1.1206100969825774,-0.6982724530850203,-0.4223376438972633,-0.8001055692923559,0.9999057710211545,-0.3011698503147266
0.3286573146292585,0.24618738507036955,0.05028284522480815,123.90434230178093,-0.000022677673386941233,-0.012964156341251488,-0.24595354442841205,0.25891770076991577,-0.37527973180660423,-0.9927885662340592,1.3680682980406627,0.2260114331129988,0.8474872490659997,-1.0734986821787456,-0.800109299229047,0.9999080997134668,-0.3011698503147266
0.33266533066132264,0.2461874306665138,0.050283386197555534,125.41532857467034,-0.000024642337399738864,0.2901930625569322,-0.1713915695503267,-0.11880149300638146,1.3381716542762103,-1.064065542266879,-0.2741061120093251,-1.0935868985677304,0.7995890542768774,0.2939978442910701,-0.8001129365012183,0.9999103945477602,-0.3011698503147266
0.3366733466933867,0.24618747179627226,0.050283899308316636,126.92631487470769,-0.00002577472684217796,0.04765334012486428,0.2254682545079118,-0.2731215946325881,0.5352557867356713,0.8655806717784837,-1.400836458514154,-0.3567507804380988,-0.7518927406109521,1.1086435210492316,-0.8001164825149972,0.999912653152902,-0.3011698503147266
0.34068136272545085,0.24618750881116958,0.050284385822108646,128.43730119794375,-0.000026248015403013483,-0.28449961862576545,0.19834545043033724,0.08615416819564095,-1.2741820135147468,1.1675437636265065,0.10663824988825436,1.0509337852808744,-0.8894765985108944,-0.16145718676979082,-0.8001199387636503,0.9999148735280893,-0.3011698503147266
0.344689378757515,0.24618754200879803,0.05028484697491787,129.9482875409778,-0.000026205838548114657,-0.08166264405537758,-0.201760525351486,0.28342316940704015,-0.6875818763065279,-0.7260022867355123,1.4135841630420376,0.4823901371547705,0.6455526310313134,-1.127942768185903,-0.8001233068127688,0.9999170540596227,-0.3011698503147266
0.3486973947895791,0.24618757168604974,0.05028528397041067,131.45927390094562,-0.000025765392330163655,0.2747405919596594,-0.222465845311167,-0.05227474664833608,1.1919821187803699,-1.2543355751191196,0.062353456338726104,-0.993260588777706,0.9666505675142557,0.026610021263631902,-0.8001265882868637,0.999919193437285,-0.3011698503147266
0.35270541082164325,0.24618759812419078,0.05028569797486704,132.97026027537774,-0.000025023310304441262,0.11450600311125268,0.1751689732421169,-0.2896749763532322,0.8300810495516471,0.5760482341270565,-1.40612928367872,-0.6011339580973222,-0.5299869213269729,1.1311208794244463,-0.800129784857288,0.9999212905975392,-0.3011698503147266
0.3567134268537074,0.2461876215566836,0.05028609011589247,134.4812466621769,-0.000024058178422822106,-0.2610552328767899,0.24340789343604274,0.017647339440875688,-1.092746790783685,1.3232006233831994,-0.23045383259949143,0.9213918280527877,-1.0300082025991977,0.10861637454651328,-0.8001328982315941,0.9999233448075039,-0.3011698503147266
0.3607214428857715,0.24618764223592962,0.050286461479913114,135.9922330595546,-0.000022933747779014767,-0.1457139778404924,-0.14607347207315063,0.29178744991374933,-0.9607167717522193,-0.41786159512348,1.3785783668757199,0.7112852678240326,0.4068473908834992,-1.1181326587074438,-0.8001359301438424,0.9999253554810271,-0.3011698503147266
0.36472945891783565,0.2461876603701766,0.050286813111329744,137.50321946598476,-0.000021701453351307498,0.2436389322824573,-0.2608721400254365,0.017233207743060017,0.9778943116746039,-1.3731547738891363,0.3952604622145127,-0.8363548733204663,1.0786442349945884,-0.24228936167402007,-0.8001388823461905,0.9999273222832387,-0.3011698503147266
0.3687374749498998,0.24618767616114492,0.05028714601166519,139.01420588015088,-0.000020402861297146447,0.17484045902629192,0.11488972017408093,-0.2897301792003062,1.0776219888966574,0.2537031002292152,-1.3313250891258939,-0.8112698692017934,-0.2778940070258047,1.089163876227684,-0.8001417566012586,0.9999292450401933,-0.3011698503147266
0.3727454909819639,0.24618768980585717,0.05028746114000232,140.5251923009531,-0.000019070428087782283,-0.2227404217153151,0.2746088173964065,-0.05186839568104014,-0.8490660856965282,1.403484069215485,-0.5544179835189383,0.739365187348247,-1.1118637194739573,0.3724985321257409,-0.8001445546755973,0.9999311237148031,-0.3011698503147266
0.37675350701402804,0.24618770147740568,0.05028775941379232,142.03617872744198,-0.000017729928883069924,-0.2014690895501487,-0.08206332053873679,0.2835324100889222,-1.1791260318726664,-0.0859188867337297,1.2650449186064205,0.8996589945829941,0.1449698473643396,-1.0446288419473198,-0.8001472783337568,0.9999329584345056,-0.3011698503147266
0.3807615230460922,0.24618771133544096,0.05028804170795789,143.54716515878857,-0.000016401835171222643,0.1986582453262784,-0.2844214464243141,0.0857632010980528,0.7081032983059448,-1.413755069946956,0.7056517716409973,-0.6318090644089247,1.1291920736264767,-0.49738300921751855,-0.8001499293332298,0.9999347494271369,-0.3011698503147266
0.38476953907815625,0.2461877195328058,0.05028830885734991,145.0581515943268,-0.000015100784572559843,0.2252191776250575,0.04806336611052688,-0.2732825437355801,1.2637782062939327,-0.08309314319876286,-1.180685063095195,-0.975189508033009,-0.00997465135765678,0.9851641593906943,-0.8001525094200309,0.9999364970439646,-0.3011698503147266
0.3887775551102204,0.24618772621764698,0.050288561657251006,146.56913803344182,-0.000013838802867776026,-0.17173647592163097,0.2901696351653234,-0.1184331592436893,-0.5570205685943235,1.4038210357334573,-0.8468004671391224,0.5152237875118671,-1.1303818390236668,0.6151580515117888,-0.8001550203247522,0.9999382016882222,-0.3011698503147266
0.3927855711422845,0.24618773151139148,0.05028880086454889,148.0801244756368,-0.000012623971911930998,-0.2457511904307772,-0.013375758500622548,0.25912694893139276,-1.3303687304162077,0.2509175243202444,1.0794512060959909,1.0367821126594317,-0.12516225499931677,-0.911619857660148,-0.8001574637593987,0.999939863887946,-0.3011698503147266
0.39679358717434865,0.24618773554196116,0.05028902719862834,149.5911109204735,-0.000011462207699892739,0.14235978953868808,-0.2917710772741059,0.14941128773539508,0.3979771007282764,-1.3738238835477101,0.9758467828194257,-0.39127561313025333,1.1154161161970166,-0.724140503066774,-0.8001598414144009,0.9999414841993268,-0.3011698503147266
0.4008016032064128,0.24618773842442232,0.05028924134340864,151.102097367587,-0.00001035711419954912,0.2627715472469891,-0.021503750277587497,-0.24126779696943382,1.3779458976192238,-0.41515576420491174,-0.9627901334143405,-1.0835566518309272,0.2585095458203596,0.8250471060105635,-0.8001621549563419,0.999943063242236,-0.3011698503147266
0.4048096192384769,0.24618774026142012,0.05028944394824138,152.61308381665805,-9.310860072169985e-6,-0.11094798868783988,0.2892027695738498,-0.17825478088604288,-0.23324592673408628,1.324192390191718,-1.0909464634576271,0.2617360498073361,-1.0845089772725989,0.8227729274652208,-0.8001644060258105,0.9999446016944706,-0.3011698503147266
0.40881763527054105,0.24618774115281428,0.05028963562837526,154.1240702673833,-8.325057559112677e-6,-0.2760368908807777,0.05607664691658912,0.21996024396415154,-1.4058297776576192,0.5734606263044828,0.832369151353165,1.1148447860009043,-0.3881614939329944,-0.7266832920679749,-0.8001665962358759,0.9999461002450916,-0.3011698503147266
0.4128256513026052,0.24618774118475967,0.05028981696953634,155.63505671956156,-7.3987390718458886e-6,0.0779499690367221,-0.2825012912416225,0.20455132220485012,0.06518132902974787,-1.2556358633873594,1.1904545343576107,-0.1284564611279047,1.0381022445296448,-0.9096457834017868,-0.8001687271705562,0.9999475596569665,-0.3011698503147266
0.4168336673346693,0.24618774044052247,0.050289988525036355,157.14604317297065,-6.531499318657222e-6,0.28535750295561585,-0.08984877859431098,-0.19550872436136538,1.413621797181851,-0.7235696374910962,-0.6900521596907836,-1.130199416206009,0.5122651748635044,0.6179342413424727,-0.8001708003838229,0.9999489806765698,-0.3011698503147266
0.42084168336673344,0.24618773901060476,0.05029015082093039,158.65702962744953,-5.721529549588616e-6,-0.043837322305237604,0.2717623263500594,-0.22792500404487964,0.10381476001405393,1.169134116513757,-1.2729488765278132,-0.00665834801288772,-0.9768592687218476,0.983517616734676,-0.8001728173987406,0.9999503640738165,-0.3011698503147266
0.4248496993987976,0.24618773694125068,0.05029030435477479,160.16801608282535,-4.967481875597825e-6,-0.29060008587302627,0.12233743413671504,0.16826265173625482,-1.4012106633590262,0.8633375054219127,0.537873157937142,1.1294012613948454,-0.6290470027253768,-0.5003542586695542,-0.8001747797067189,0.9999517106833631,-0.3011698503147266
0.4288577154308617,0.24618773432531996,0.05029044959844816,161.67900253899035,-4.266579502015486e-6,0.009097584518344174,-0.2571392702039556,0.24804168568554424,-0.27132710005942234,-1.0659234058022986,1.3372505058617263,0.141677366321616,0.9016554069478312,-1.0433327732695172,-0.8001766887671957,0.9999530212656325,-0.3011698503147266
0.43286573146292584,0.24618773120662552,0.050290586998542906,163.1899889958133,-3.616872096346769e-6,0.291689610965279,-0.15307823158963144,-0.1386113793757241,1.3687737347031692,-0.9907666957756005,-0.3780070389275972,-1.1124618121270273,0.736838018479498,0.3756237936474822,-0.8001785460071904,0.9999542966589303,-0.3011698503147266
0.4368737474949899,0.24618772765381164,0.05029071697803574,164.70097545320243,-3.0156533686039476e-6,0.025772734225309162,0.2388410307649276,-0.2646137649903095,0.43496164801809795,0.9474787763317146,-1.3824404243498214,-0.2746709581087994,-0.8135655042814429,1.0882364623901757,-0.8001803528212589,0.9999555376543151,-0.3011698503147266
0.44088176352705405,0.24618772370703285,0.050290839937454986,166.21196191106745,-2.460449232517157e-6,-0.288610422497777,0.18163176466949982,0.10697865782821095,-1.3167746050653502,1.1040360318717446,0.21273857319363254,1.0796232624413493,-0.8340977746227707,-0.24552548781867306,-0.8001821105713726,0.9999567450859979,-0.3011698503147266
0.4448897795591182,0.2461877194236252,0.050290956255400414,167.72294836932764,-1.9487936687685682e-6,-0.06027524318046255,-0.21712906935547807,0.2774043125358677,-0.592379777053131,-0.8154930069240283,1.4078727839771712,0.40373844226288175,0.7138485749393686,-1.1175870172023323,-0.8001838205870699,0.9999579197396508,-0.3011698503147266
0.4488977955911823,0.24618771484358257,0.05029106629114643,169.23393482792696,-1.4778717182626352e-6,0.2814064484984596,-0.20758988302221865,-0.07381656547632298,1.2459564317333094,-1.2015266977477472,-0.044429733985587465,-1.0313550063372046,0.9194363274971179,0.11191867884003184,-0.8001854841655808,0.9999590624339243,-0.3011698503147266
0.45290581162324645,0.2461877100050592,0.05029117038361366,170.74492128679745,-1.0454147912569396e-6,0.0939167982135499,0.19231364340171095,-0.28623044161533834,0.741331691106528,0.671852396083601,-1.413184087190144,-0.527035246046283,-0.6039297812081585,1.1309650272543759,-0.8001871025720727,0.9999601739602707,-0.3011698503147266
0.4569138276553106,0.24618770495890796,0.050291268854480854,172.25590774590327,-6.485979227517781e-7,-0.2701805782587342,0.2305815272788374,0.039599050979826106,-1.1573313259255684,1.2818453756657826,-0.12451404974019042,0.9683469401363024,-0.991634102038796,0.023287161902397525,-0.8001886770400412,0.9999612550889667,-0.3011698503147266
0.4609218436873747,0.24618769971498744,0.05029136200727018,173.76689420517616,-2.856497380472534e-7,-0.12621656198542952,-0.1647493903435197,0.29096595232887273,-0.8796886302103195,-0.5186098553290395,1.3982984855393767,0.64279930388247,0.48538011572455536,-1.1281794196071167,-0.8001902087715661,0.9999623066341211,-0.3011698503147266
0.46492985971943884,0.24618769432913415,0.050291450129986565,175.2778806645986,4.624123838080465e-8,0.25509321541963736,-0.25027805660876234,-0.004815158810959465,1.0521659318247207,-1.3438442127613386,0.2916782809365964,-0.8914996531733953,1.049659376345448,-0.15815972317211366,-0.8001916989379015,0.9999633293228856,-0.3011698503147266
0.468937875751503,0.2461876888118047,0.05029153349437112,176.78886712411892,3.4881071706221464e-7,0.15671286275255494,0.13483022950873924,-0.29154309226137587,1.0054732186470792,0.357955476844238,-1.3634286954913375,-0.7493761860285083,-0.35989386675328905,1.109270052781734,-0.8001931486797941,0.999964323937535,-0.3011698503147266
0.4729458917835671,0.24618768320449783,0.05029161235792813,178.29985358371817,6.244056039495549e-7,-0.2363599172777089,0.26639788537377135,-0.03003796809613609,-0.9319632007476538,1.38663708313815,-0.454673882390477,0.8019114240046739,-1.0926828824543033,0.29077145844953445,-0.8001945591081188,0.9999652911923831,-0.3011698503147266
0.47695390781563124,0.24618767751499343,0.050291686964032085,179.81084004336213,8.747915175839598e-7,-0.1849698004081924,-0.10298375239467743,0.2879535528027964,-1.116887767918043,-0.19218529690981698,1.309073064827883,0.8452427686879894,0.22926446315297097,-1.0745072318410553,-0.800195931304299,0.999966231842835,-0.3011698503147266
0.48096192384769537,0.24618767178018564,0.05029175754259428,181.32182650301667,1.1015537885320498e-6,0.21424838933311954,-0.2787105763204072,0.06446218698720452,0.7984410530875659,-1.4096124095842963,0.6111713564967141,-0.700862671825792,1.1200898096904601,-0.41922713786473165,-0.8001972663209723,0.9999671465684046,-0.3011698503147266
0.4849699398797595,0.2461876660071091,0.05029182431181368,182.83281296267165,1.3066932116725032e-6,0.21058348277609307,0.06966510213658937,-0.28024858491276855,1.2123399713101313,0.023668466436032487,-1.2360084377461888,-0.9290290041237945,-0.09535883086774986,1.0243878349914826,-0.8001985651825012,0.9999680360962868,-0.3011698503147266
0.4889779559118236,0.24618766021998356,0.05029188747740162,184.34379942230086,1.4916541097499464e-6,-0.18907461896940378,0.28704009827594756,-0.09796547930661818,-0.6535077543905625,1.412441823443547,-0.7589340690529708,0.5897975841237112,-1.1314885128616778,0.5416909287378757,-0.8001998288855605,0.9999689010927967,-0.3011698503147266
0.4929859719438877,0.24618765443680066,0.0502919472343114,185.85478588189625,1.658169440966775e-6,-0.23318778955193836,-0.03535047038996986,0.26853825994183567,-1.2904656485246837,0.1451866091088427,1.1452790394158674,0.9995374872108787,-0.03990928896217269,-0.9596281982488037,-0.8002010583998161,0.9999697422248356,-0.3011698503147266
0.49699398797595185,0.24618764866330767,0.05029200376682435,187.36577234142834,1.8072997067315271e-6,0.16119836964547596,-0.29126735761418154,0.1300689879686099,0.4992346650896391,-1.395084889703577,0.8958502246139278,-0.47030349897483054,1.1267161371885934,-0.6564126382138451,-0.800202254668411,0.9999705601591898,-0.3011698503147266
0.501002004008016,0.24618764292571518,0.05029205724949079,188.87675880089552,1.9406647393395463e-6,0.2524596269501101,0.0005302892082738216,-0.25298991615847893,1.3501482623001708,-0.31196669446693986,-1.0381815678332582,-1.05576059716033,0.17460669157298866,0.8811539055872734,-0.8002034186087047,0.9999713555116176,-0.3011698503147266
0.5050100200400801,0.2461876372206611,0.05029210784690825,190.38774526027362,2.0591943077901893e-6,-0.131018038832586,0.2913319005917995,-0.16031386175929885,-0.337826636571369,1.3577896989330804,-1.0199630623617044,0.34408822070658673,-1.105840960666421,0.7617527399597389,-0.8002045511127677,0.9999721289295948,-0.3011698503147266
0.5090180360721442,0.24618763157423065,0.0502921557151683,191.89873171955986,2.164238881779959e-6,-0.26812350745479263,0.034297780251614174,0.23382572720309813,-1.390534826357254,0.4742882055594731,0.9162466207978093,1.096894836177064,-0.30680833187464457,-0.7900865043025276,-0.8002056530480971,0.999972880991285,-0.3011698503147266
0.5130260521042084,0.2461876259784647,0.05029220100179979,193.40971817874131,2.2567808576535427e-6,0.09896495358769608,-0.28723275657434677,0.18826780298656465,0.17159046998858307,-1.3010892486662944,1.1294987786777073,-0.21295558546250912,1.0691613518559255,-0.8562057663934954,-0.8002067252581238,0.9999736123218328,-0.3011698503147266
0.5170340681362725,0.2461876204593045,0.05029224384594098,194.92070463779848,2.3375425710325473e-6,0.2799555196808043,-0.06863595784388235,-0.21131956183703185,1.4110481232913856,-0.6298312699158088,-0.7812168533756061,-1.1223523515275078,0.43462483040077904,0.6877275211266441,-0.8002077685629099,0.999974323459144,-0.3011698503147266
0.5210420841683366,0.24618761500779918,0.050292284379881876,196.4316910967352,2.407726228264828e-6,-0.06549721338651619,0.2790284792758606,-0.21353126588944782,-0.0029019772564508675,1.2257938883269255,-1.222891911070475,0.0787797090703389,-1.0172015643476033,0.9384218552771578,-0.8002087837596786,0.9999750150003149,-0.3011698503147266
0.5250501002004008,0.24618760964292724,0.05029232272832091,197.94267755553975,2.468069127166335e-6,-0.28778652338141186,0.10199346269319791,0.18579306068811763,-1.4113949860358204,0.7763728966822872,0.6350220893535617,1.1317693545348855,-0.556229484772478,-0.575539869762533,-0.8002097716234168,0.999975687468534,-0.3011698503147266
0.5290581162324649,0.24618760436254705,0.05029235900916818,199.45366401421032,2.5194724605404195e-6,0.031093140760121374,-0.2668362838129265,0.23574314305267713,-0.16582797913443253,-1.1329797221737201,1.2988077013081551,0.05652180320786238,0.9507042182943322,-1.0072260215023228,-0.8002107329075114,0.9999763414086121,-0.3011698503147266
0.533066132264529,0.24618759917095562,0.05029239333431267,200.96465047273486,2.5624981121041088e-6,0.2915045560955917,-0.13389352477282976,-0.1576110313228918,1.3915704374309494,-0.9118187283309653,-0.47975170910001297,-1.1250112780590904,0.669884362078773,0.45512691598021704,-0.8002116683442276,0.9999769773420067,-0.3011698503147266
0.5370741482965932,0.24618759408161006,0.05029242580946131,202.47563693111437,2.5979727984658585e-6,0.003755554029418887,0.25083040738501944,-0.2545859614145579,0.33218794736792956,1.0239732429943933,-1.3561611903623298,-0.1910152637531271,-0.8706197206628989,1.0616349844159112,-0.8002125786453768,0.9999775957558327,-0.3011698503147266
0.5410821643286573,0.2461875890838439,0.05029245653424265,203.98662338933752,2.626347997553751e-6,-0.2910564631169462,0.1638802130902737,0.1271762500262867,-1.351857851581033,1.0342330235536379,0.31762482802742253,1.1021747805453512,-0.773965178879267,-0.3282096016664984,-0.8002134645027624,0.9999781971666135,-0.3011698503147266
0.5450901803607214,0.2461875841956804,0.05029248560325563,205.49760984740527,2.64832273098242e-6,-0.03855080543084329,-0.2312395785411547,0.2697903839716249,-0.49380034820314944,-0.9003323462197332,1.3941326944228927,0.32277853872562257,0.7780926355837855,-1.1008711743097888,-0.8002143265888326,0.9999787820223642,-0.3011698503147266
0.5490981963927856,0.2461875794022422,0.050292513106011016,207.00859630531204,2.664373671387708e-6,0.28644860970742847,-0.19152492725105477,-0.09492368245673709,1.292824772392205,-1.1418662511277469,-0.15095852126448583,-1.0635862467373876,0.8669844528823776,0.19660179385467752,-0.8002151655571053,0.9999793508231497,-0.3011698503147266
0.5531062124248497,0.2461875747227769,0.050292539126599686,208.51958276305243,2.674935578657489e-6,0.07279530666604146,0.20834376934037052,-0.28113907600675364,0.6483554451469383,0.7638240691857405,-1.4121795143326923,-0.449928509839561,-0.6744453438384318,1.124373853677662,-0.8002159820427677,0.9999799039805174,-0.3011698503147266
0.5571142284569138,0.2461875701428727,0.05029256374533802,210.03056922062862,2.6805800149766014e-6,-0.2777468309011044,0.21643255036461187,0.06131428053617334,-1.215314895852217,1.2331801459120377,-0.017865250059796015,1.009797206221267,-0.9476128058814764,-0.062184400340135816,-0.8002167766631557,0.9999804419689734,-0.3011698503147266
0.561122244488978,0.24618756567663352,0.050292587037810615,211.54155567803426,2.6816258204353164e-6,-0.1059996210271194,-0.1824701919824152,0.28846981300922464,-0.7936443584990339,-0.6163993548418035,1.4100437133408534,0.570647988694266,0.5611591559503921,-1.1318071446449816,-0.8002175500182241,0.9999809651904907,-0.3011698503147266
0.565130260521042,0.24618756131493777,0.050292609075463277,213.05254213527266,2.678591911195544e-6,0.265075464339671,-0.23824707416913182,-0.026828390170842403,1.1204359629158716,-1.3068696526320596,0.18643368971616509,-0.9415764087966189,1.0146979302372787,-0.0731215214409385,-0.8002183026911025,0.999981474075159,-0.3011698503147266
0.5691382765531061,0.2461875570625755,0.050292629926253475,214.56352859234102,2.6717996811978262e-6,0.1376891764239342,0.15398862244087044,-0.29167779886509176,0.9275906451596656,0.46016517535967427,-1.3877558205193588,-0.6832116953880064,-0.43985314611277104,1.1230648415005071,-0.800219035248484,0.9999819690218593,-0.3011698503147266
0.5731462925851702,0.24618755292139027,0.05029264965415586,216.07451504923912,2.6616115164045276e-6,-0.2486155946268194,0.2566567054006675,-0.008041110774113803,-1.0095439752243807,1.3618816258649271,-0.35233765064052625,0.8598988788264367,-1.0672810947324642,0.20738221590573958,-0.8002197482411677,0.9999824504162279,-0.3011698503147266
0.5771543086172344,0.24618754888181274,0.05029266831953993,217.5855015059611,2.6482062230767252e-6,-0.1674110508130144,-0.12330611412607259,0.2907171649388306,-1.0482799671974374,-0.297354404429646,1.3456343716271044,0.7860109124595518,0.3122610014232291,-1.0982719138830568,-0.8002204422044216,0.9999829186565868,-0.3011698503147266
0.5811623246492985,0.24618754495857506,0.050292685979857026,219.0964879625131,2.632034358319733e-6,0.22860245036415255,-0.2713983119583535,0.04279586159394877,0.8842237794821388,-1.3974298471760829,0.5132060676939258,-0.7659319477377305,1.1046108180600616,-0.3386788703225626,-0.8002211176585299,0.9999833740832039,-0.3011698503147266
0.5851703406813626,0.24618754113274513,0.05029270268940756,220.60747441888986,2.61323911860429e-6,0.1947404396921318,0.09086117969104923,-0.2856016193834233,1.1539874642222938,0.1302939081211813,-1.2842813723434978,-0.8775764802004753,-0.18020624801886304,1.0577827282191177,-0.8002217751091026,0.9999838170935782,-0.3011698503147266
0.5891783567134268,0.24618753742114402,0.05029271849899207,222.11846087509377,2.5921225916171012e-6,-0.20532204592732733,0.28226118461360505,-0.0769391386865018,-0.7462664256785013,1.4130062678916306,-0.6667398422131143,0.6610185797269257,-1.1261536139390698,0.46513503421190217,-0.8002224150475747,0.9999842479947567,-0.3011698503147266
0.5931863727454909,0.2461875338061904,0.050292733457484834,223.62944733112522,2.568915991037754e-6,-0.21928673724768682,-0.05711751939345806,0.27640425664093315,-1.2432023919769624,0.038628720538778874,1.2045736714382091,0.9565997864644139,0.0455761799847459,-1.0021759664493988,-0.8002230379515999,0.9999846671646148,-0.3011698503147266
0.597194388777555,0.24618753029959176,0.0502927476106605,225.14043378698142,2.5437488968943294e-6,0.17910709137810432,-0.2890900473819724,0.10998295600365485,0.5976435593456176,-1.4083882469880211,0.810744687642391,-0.5466581701213389,1.1316015981565513,-0.5849434280354106,-0.8002236442853836,0.9999850749049365,-0.3011698503147266
0.6012024048096192,0.246187526890903,0.05029276100195357,226.65142024266856,2.5169567053551996e-6,0.24069911636215643,0.02255739758973908,-0.26325651395210037,1.3146497052265749,-0.20699927354090158,-1.1076504316857008,-1.0219514697330347,0.08970510491798381,0.9322463648148717,-0.8002242345001737,0.9999854715528267,-0.3011698503147266
0.6052104208416833,0.2461875235842488,0.050292773672592044,228.1624066981872,2.4887091926545e-6,-0.15033224328198844,0.29178728387243685,-0.1414550405901439,-0.44047927448069435,1.3836417815787483,-0.9431625070981629,0.424485141484798,-1.1208769261043694,0.6963917846197458,-0.8002248090345243,0.9999858574123709,-0.3011698503147266
0.6092184368737474,0.24618752037847746,0.05029278566140606,229.6733931535387,2.459184912114396e-6,-0.25867152430446927,0.012325250155577174,0.24634627414910756,-1.3673082766882685,0.3724114288483874,0.9948968478399095,1.07269753975896,-0.22370419996896568,-0.8489933397898063,-0.8002253683147424,0.9999862327807859,-0.3011698503147266
0.6132264529058116,0.24618751726222726,0.05029279700491199,231.18437960871861,2.428397523407765e-6,0.11940874930999498,-0.29031433154103053,0.17090558223123126,0.2770197427049214,-1.339120555068536,1.0621008123636093,-0.2962455756427428,1.094132899793584,-0.7978873241506369,-0.8002259127551584,0.9999865979705677,-0.3011698503147266
0.6172344689378757,0.24618751425035104,0.05029280773808376,232.69536606373288,2.3966084545821615e-6,0.272947090584661,-0.04703187692687364,-0.2259152136575799,1.4004255371326255,-0.5325011505800435,-0.8679243865526121,-1.1081127777404065,0.35450602819709837,0.7536067495435446,-0.8002264427585745,0.999986953233825,-0.3011698503147266
0.6212424849699398,0.24618751132093938,0.05029281789389888,234.20635251857834,2.363830634204471e-6,-0.08677856543221604,0.2846922264989208,-0.19791366106650052,-0.10960110062975102,1.2754608640674032,-1.1658597634376497,0.16377224955276606,-1.051751760823352,0.8879795112707849,-0.8002269587164785,0.9999872988903411,-0.3011698503147266
0.625250501002004,0.2461875084930316,0.05029282750291185,235.71733897326408,2.3303788330668664e-6,-0.2833217702283458,0.08106644981137817,0.20225532041716687,-1.4135281674559217,0.6849804629932553,0.7285477044626955,1.1276910421592472,-0.48024120369026757,-0.6474498384688099,-0.8002274610094533,0.9999876351579685,-0.3011698503147266
0.6292585170340681,0.24618750574543163,0.050292836595053486,237.22832542778625,2.2962270718905427e-6,0.052908039302895296,-0.27500130486941043,0.22209326556669773,-0.05938393801274147,-1.1935725200394116,1.2529564580521546,-0.02895844155661039,0.9943392198099849,-0.9653807782531908,-0.8002279500074765,0.9999879623450182,-0.3011698503147266
0.6332665330661322,0.2461875030910463,0.050292845198010507,238.73931188214584,2.2614626439831062e-6,0.2896472756846276,-0.11394254104447954,-0.17570473463998018,1.4064289127030247,-0.8276701629457012,-0.5787587497573523,-1.1311525439893573,0.5991127563747436,0.5320397876148107,-0.8002284260701613,0.9999882806715127,-0.3011698503147266
0.6372745490981964,0.24618750051523583,0.050292853338212415,240.25029833634795,2.2262634791036022e-6,-0.018281248441970682,0.26138006808209224,-0.24309881963995747,0.22752027260068813,1.0946258675219886,-1.3221461401226813,-0.10626912201715369,-0.9227158330674092,1.0289849550847288,-0.8002288895471732,0.999988590409338,-0.3011698503147266
0.6412825651302605,0.24618749802597265,0.05029286104062296,241.76128479039548,2.1907409071605253e-6,-0.2918331826127673,0.14519027643026658,0.14664290618266204,-1.3792291986019503,0.9585309331221211,0.4206982654798573,1.1184477983185592,-0.7094217933540318,-0.4090260049643958,-0.8002293407783877,0.9999888917811306,-0.3011698503147266
0.6452905811623246,0.24618749561939665,0.0502928683289614,243.27227124429075,2.154987677782375e-6,-0.01660692105919785,-0.24402316425733422,0.2606300853166797,-0.3924049260177736,-0.9800350050785801,1.3724399310963618,0.2399777994045373,0.8379052077835677,-1.077883007187963,-0.800229780094279,0.9999891850197599,-0.3011698503147266
0.6492985971943888,0.24618749328540326,0.05029287522526855,244.78325769803186,2.1189802316850217e-6,0.2898482434121909,-0.17436305605480895,-0.11548518735724803,1.3323177836716409,-1.0756925442677878,-0.2566252394038807,-1.089758412020193,0.8095918174408319,0.2801665945795226,-0.8002302078160869,0.9999894703681317,-0.3011698503147266
0.6533066132264529,0.24618749103749643,0.05029288175071434,246.29424415162072,2.0827895838788426e-6,0.05125784555662031,0.22317865965804298,-0.27443650521453256,0.5516814054544983,0.8514376715480853,-1.403119077002595,-0.3702566643660289,-0.7411194723728963,1.1113761367390644,-0.8002306242561936,0.9999897480116514,-0.3011698503147266
0.657314629258517,0.24618748885317587,0.050292887925447255,247.80523060505791,2.0464337431936535e-6,-0.2837208191697862,0.20104393757873368,0.08267688159118267,-1.2663651310556776,1.177480555143198,0.08888457591250523,1.0454944315661088,-0.8981912388849159,-0.14730319268108943,-0.8002310297182729,0.9999900182093248,-0.3011698503147266
0.6613226452905812,0.2461874867531168,0.05029289376790135,249.31621705835423,2.0101931382014983e-6,-0.08517629028450842,-0.19914445030119746,0.28432074058582624,-0.703073352401787,-0.7106717346501156,1.4137450870519173,0.49524379901942533,0.6337418561463758,-1.1289856551656932,-0.8002314244976056,0.9999902811145845,-0.3011698503147266
0.6653306613226453,0.24618748471449242,0.05029289929643505,250.82720351150658,1.9739865192431836e-6,0.2735384617510813,-0.2248515812789074,-0.04868688047206809,1.1823138005253353,-1.262440209254036,0.08012640872867675,-0.9862884533151662,0.9739538016818651,0.012334651633432656,-0.8002318088813193,0.9999905369785547,-0.3011698503147266
0.6693386773547093,0.24618748275171445,0.05029290452754607,252.33818996451356,1.9377748441122705e-6,0.11787748938657036,0.17226402719292574,-0.29014151657939236,0.844417101211209,0.5597489996013642,-1.4041661008125903,-0.6131529189014265,-0.5173069860438433,1.1304599049453892,-0.8002321831485443,0.9999907859565227,-0.3011698503147266
0.6733466933867734,0.24618748084793615,0.05029290947758974,253.84917641738184,1.9017126889935805e-6,-0.2594467104428483,0.2454457410848122,0.014000969358142575,-1.0813650752163186,1.3293573171870319,-0.24799224197069097,0.912986685209591,-1.0357967726030242,0.12281008739351586,-0.8002325475707835,0.999991028271832,-0.3011698503147266
0.6773547094188376,0.24618747901494065,0.05029291416158447,255.3601628701138,1.865843405741585e-6,-0.14889407435017546,-0.1429215597808522,0.29181563413106526,-0.9736925900019058,-0.40082642691662074,1.374519016918543,0.7222988975651,0.3934789289311921,-1.115777826496299,-0.8002329024119795,0.9999912640830645,-0.3011698503147266
0.6813627254509017,0.24618747724206433,0.05029291859409607,256.8711493227139,1.8302606283851905e-6,0.24164693340383142,-0.26253205560224185,0.02088512219841692,0.9649616564335183,-1.377275468208952,0.41231381177541415,-0.8266367094619809,1.0828362741807933,-0.25619956471878425,-0.8002332479288546,0.9999914935838154,-0.3011698503147266
0.6853707414829658,0.24618747552745981,0.050292922788378436,258.38213577518115,1.7949148592392542e-6,0.17778274419367368,0.11153640459928357,-0.28931914879295023,1.0890522110059946,0.23617530570616313,-1.3252275167121805,-0.8211218306512136,-0.2640274072239564,1.085149237875197,-0.8002335843710003,0.9999917169503209,-0.3011698503147266
0.68937875751503,0.24618747388013804,0.05029292675720216,259.89312222751494,1.7597659461728915e-6,-0.22039352881844293,0.27586633080247125,-0.055472801984014525,-0.8347671856235648,1.4055098561575319,-0.5707426705339502,0.7284726511805177,-1.114400063787874,0.3859274126073503,-0.8002339119812029,0.9999919343238406,-0.3011698503147266
0.6933867735470941,0.24618747228018284,0.05029293051288189,261.40410867971895,1.7248844775378114e-6,-0.2041306259555214,-0.07855712010197191,0.282687746057506,-1.1888473035070812,-0.06814881568949784,1.2569961191966037,0.9082093965930697,0.1308025329632842,-1.0390119295563645,-0.8002342309955319,0.9999921459116905,-0.3011698503147266
0.6973947895791582,0.24618747074631245,0.05029293406672464,262.9150951317984,1.6903585779581242e-6,0.19599024170830598,-0.2852579834507695,0.08926774174246727,0.6926423706210232,-1.4136569528847367,0.7210145822637,-0.6198974495705485,1.1300370416323413,-0.5101395920617727,-0.8002345416435841,0.9999923518262842,-0.3011698503147266
0.7014028056112224,0.24618746925589666,0.05029293742971505,264.4260815837559,1.6562210621151824e-6,0.22756114485940424,0.044455040439168064,-0.2720161852985693,1.2716515933097179,-0.10085164469060798,-1.1707999486191356,-0.982316948277042,0.004291677453273204,0.9780252708237965,-0.8002348441486868,0.9999925522694806,-0.3011698503147266
0.7054108216432865,0.24618746782739584,0.05029294061189358,265.9370680355907,1.6224235777125925e-6,-0.16878583408185355,0.2905727759817132,-0.12178694189984594,-0.5406184220085228,1.4016002997347419,-0.8609818777262075,0.5024628326578163,-1.129523717113521,0.6270608844557037,-0.8002351387279908,0.9999927473463918,-0.3011698503147266
0.7094188376753506,0.24618746644092565,0.05029294362335639,267.4480544873069,1.5890257166125984e-6,-0.24773943713679106,-0.009717550236532355,0.257456987373337,-1.3362816657330219,0.2684107503266919,1.067870915406357,1.042385373866365,-0.13932448515809748,-0.90306088870828,-0.8002354255927733,0.9999929372429327,-0.3011698503147266
0.7134268537074148,0.2461874651101281,0.050292946473081794,268.9590409389077,1.5560690903698054e-6,0.13916910851150485,-0.2917347462037351,0.15256563769223527,0.38086804607672187,-1.3695122170541176,0.9886441709773881,-0.37784716146277936,1.1128674431696763,-0.7350202817068809,-0.8002357049484724,0.9999931220726477,-0.3011698503147266
0.7174348697394789,0.2461874638211354,0.05029294916998686,270.47002739039397,1.523534538646196e-6,0.2643770971372665,-0.0251588831392581,-0.23921821399800586,1.3818138305158738,-0.4321337757246087,-0.9496800547912932,-1.087556185032517,0.2723660293512715,0.8151901556812757,-0.8002359769949633,0.9999933019940248,-0.3011698503147266
0.721442885771543,0.246187462579691,0.0502929517221462,271.98101384177164,1.491520272935721e-6,-0.10756334286828041,0.28872727591922764,-0.1811639330509388,-0.21567436745542035,1.3178512967384908,-1.102176929283066,0.24783141998846608,-1.0803062697158807,0.832474849727416,-0.8002362419266096,0.9999934771321605,-0.3011698503147266
0.7254509018036072,0.24618746138406464,0.05029295413714991,273.4920002930317,1.4597620057137207e-6,-0.2772363410642497,0.05967580720389894,0.21756053386036167,-1.4075973644453623,0.5896808248553858,0.8179165395900053,1.1171838291919778,-0.40151491221632934,-0.7156689169756659,-0.8002364999325409,0.9999936476075844,-0.3011698503147266
0.7294589178356713,0.2461874602250664,0.05029295642260473,275.0029867441855,1.4285108600624483e-6,0.07442024231751605,-0.2815933383229344,0.20717309600908204,0.047398304939091446,-1.2473558457987006,1.199957540859599,-0.11427376818016015,1.0323055440717648,-0.9180317758880036,-0.8002367511966768,0.9999938135727694,-0.3011698503147266
0.7334669338677354,0.24618745911693393,0.05029295858541324,276.5139731952323,1.39768552650675e-6,0.2861333789802713,-0.09333990682975396,-0.1927934721470874,1.4132637714674816,-0.7388002654661898,-0.6744635060013181,-1.1308448794424069,0.524925368355218,0.6059195110906458,-0.8002369958979463,0.9999939751133469,-0.3011698503147266
0.7374749498997996,0.2461874580388964,0.05029296063203607,278.0249596461778,1.3673816292064405e-6,-0.04021348808457825,0.27043489908089746,-0.2302214109930556,0.12155516105496283,1.159033428532475,-1.2805885895874383,-0.020917004590534777,-0.9695513343953708,0.9904683389891669,-0.8002372342104463,0.999994132390551,-0.3011698503147266
0.7414829659318637,0.2461874570086654,0.050292962568901575,279.53594609702265,1.3375740319125199e-6,-0.2909410449434762,0.12567005413462162,0.165270990811962,-1.3987320553621154,0.8773609043626939,0.5213711509994522,1.1283440890111176,-0.6408336389201431,-0.4875104500878985,-0.8002374663034927,0.9999942854820002,-0.3011698503147266
0.7454909819639278,0.24618745600792954,0.05029296440201065,281.04693254776794,1.3082410752574176e-6,0.005431957822221372,-0.25541142248482385,0.2499794646655477,-0.28877138016609055,-1.0541462999570756,1.3429176801231741,0.15580878333617004,0.8929404897049018,-1.0487492730381318,-0.8002376923418609,0.9999944345342441,-0.3011698503147266
0.749498997995992,0.24618745504926018,0.05029296613672421,282.5579189984183,1.2794483348863679e-6,0.29159062335104174,-0.1562041867714505,-0.13538643657679994,1.3642098896973387,-1.003382447686645,-0.36082744201071926,-1.109717197998473,0.7475831841745478,0.36213401382674265,-0.8002379124858074,0.9999945796322144,-0.3011698503147266
0.7535070140280561,0.24618745412136162,0.050292967778578196,284.06890544897,1.2510601987985685e-6,0.029427252657342633,0.2367376164285907,-0.26616486908327874,0.4518605288565432,0.934193498061335,-1.3860540269178854,-0.2884737223056313,-0.803567929006708,1.0920416513149986,-0.800238126891299,0.9999947208985485,-0.3011698503147266
0.7575150300601202,0.24618745322796964,0.050292969332438174,285.57989189943225,1.2232518425608826e-6,-0.2880728236020516,0.18450590708401673,0.10356691652056157,-1.3101906660923146,1.1150638188231918,0.1951268472691513,1.0752304284932803,-0.8436483642464143,-0.23158206424436856,-0.8002383357100257,0.9999948584329912,-0.3011698503147266
0.7615230460921844,0.2461874523676263,0.050292970802850084,287.0908783497967,1.195771085545428e-6,-0.06386593731270548,-0.21468036349906378,0.27854630081416476,-0.6084917680078101,-0.8008893689285731,1.409381136936397,0.4170158034558096,0.7027109529925093,-1.1197267564459343,-0.8002385390896303,0.9999949923269352,-0.3011698503147266
0.7655310621242485,0.24618745153558885,0.05029297219447275,288.6018648000787,1.1689498273212942e-6,0.28043791647660543,-0.21017072499058767,-0.07026719148374948,1.237446414572233,-1.2108088829388224,-0.026637531633434214,-1.0253766598760108,0.9276562331343912,0.09772042674391274,-0.8002387371737288,0.9999951226962758,-0.3011698503147266
0.7695390781563125,0.24618745073827086,0.050292973511549564,290.1128512502635,1.1423719636136545e-6,0.0973919004961232,0.1895549000445436,-0.28694680053850957,0.7564265504969718,0.6561390660598463,-1.412565616556832,-0.5395979297463415,-0.5918109888966303,1.1314089186451404,-0.8002389301020677,0.9999952496135869,-0.3011698503147266
0.7735470941883766,0.24618744996315745,0.05029297475782137,291.62383770036695,1.1163838436101364e-6,-0.2687950187197951,0.2328318417694904,0.035963176952359614,-1.14701678138614,1.2892492626820764,-0.14223248129591154,0.9608683987885113,-0.9984061701728939,0.03753777138641197,-0.8002391180106475,0.9999953731982035,-0.3011698503147266
0.7775551102204408,0.24618744922497415,0.05029297593757204,293.13482415038936,1.0909470357162786e-6,-0.12952599091602574,-0.16172031396187475,0.2912463048798499,-0.8935506234119261,-0.5020113373297718,1.3955619607417176,0.6544681865131057,0.47245300169232224,-1.1269211882034957,-0.8002393010317731,0.9999954935104066,-0.3011698503147266
0.7815631262525049,0.24618744850513802,0.05029297705416765,294.64581060032987,1.0659886368501518e-6,0.2533105271136838,-0.2521653829339362,-0.0011451441779041314,1.0401941937315813,-1.3492639231554642,0.3090697294238629,-0.8826276045329301,1.0548870482743888,-0.17225944373959345,-0.8002394792942247,0.9999956106701067,-0.3011698503147266
0.785571142284569,0.24618744781920623,0.050292978110904836,296.15679705019403,1.0415983465494496e-6,0.15980894965617484,0.13157441108333767,-0.29138336073775994,1.0179042257365025,0.3407089438039441,-1.3586131695404664,-0.7599848687439688,-0.34634282942612005,1.1063276981718586,-0.8002396529232741,0.9999957247325196,-0.3011698503147266
0.7895791583166332,0.2461874471524252,0.050292979111175896,297.6677834999729,1.0175119947550055e-6,-0.23420573827108573,0.2678950299583501,-0.03368929168559319,-0.9185053276454805,1.389995131557482,-0.4714898039119816,0.7917724727438518,-1.0962916482402176,0.30451917549801466,-0.8002398220408842,0.9999958358028963,-0.3011698503147266
0.7935871743486973,0.24618744651177052,0.05029298005798473,299.17876994967975,9.940005069399638e-7,-0.18780796747128695,-0.09954803175891065,0.287355999231783,-1.1277101020165787,-0.17453718967980048,1.3022472916964036,0.85463994336252,0.21528281415410355,-1.06992275751506,-0.8002399867656815,0.9999959439537786,-0.3011698503147266
0.7975951903807614,0.2461874458971036,0.05029298095396315,300.68975639930795,9.70867318531944e-7,0.2117536968052658,-0.2797959766770236,0.068042279873256,0.78368935338774,-1.4108607870381016,0.6271714336503469,-0.6896015027652519,1.1220282453567751,-0.4324267425900083,-0.8002401472131567,0.9999960492513723,-0.3011698503147266
0.8016032064128256,0.24618744530157072,0.050292981801979775,302.2007428488693,9.483542859174741e-7,0.21312288607496513,0.06609889506195159,-0.2792217811354957,1.2213989474014137,0.005870980265855738,-1.2272699276672934,-0.9370806335927513,-0.08114604952494597,1.018226683119141,-0.8002403034956843,0.9999961517938076,-0.3011698503147266
0.8056112224448897,0.24618744473025556,0.05029298260468163,303.71172929834887,9.26036307682194e-7,-0.18627527822118814,0.2876981276006884,-0.10142284937814605,-0.6376730213154883,1.4115626598105313,-0.7738896384950295,0.5775748917148292,-1.1317290035755285,0.5541541118620377,-0.8002404557226209,0.9999962516356106,-0.3011698503147266
0.8096192384769538,0.24618744417415317,0.05029298336419655,305.2227157477616,9.042473866585607e-7,-0.23539190471915564,-0.03170504965863282,0.2670969543790759,-1.2976317391139367,0.1628791360998592,1.1347526030141049,1.0061286930330515,-0.05415040950123585,-0.9519782835305541,-0.8002406040004244,0.9999963488683012,-0.3011698503147266
0.813627254509018,0.24618744364632686,0.050292984083453084,306.7337021971112,8.830345024409981e-7,0.15813461551251776,-0.2914885438074878,0.13335392829618425,0.4825431723948136,-1.3920907195116778,0.9095475471168554,-0.4572937056190756,1.125255286275443,-0.6679615806551409,-0.8002407484326804,0.999996443539167,-0.3011698503147266
0.8176352705410821,0.2461874431301054,0.05029298476421652,308.2446886463922,8.622148485117977e-7,0.254296752622519,-0.003141948270854393,-0.25115480435051346,1.355319006849941,-0.3293014075137328,-1.0260175993362355,-1.0607973251792093,0.18867292528737506,0.8721243998930115,-0.8002408891202305,0.9999965357415442,-0.3011698503147266
0.8216432865731462,0.2461874426401737,0.05029298540852452,309.75567509561347,8.419655620112866e-7,-0.12773389124709914,0.2911130515946119,-0.1633791603464124,-0.32051689865320165,1.3527232637292028,-1.0322063650759936,0.3304769846129116,-1.1026996244606764,0.7722226398488554,-0.8002410261611874,0.9999966255152044,-0.3011698503147266
0.8256513026052104,0.24618744216155214,0.05029298601854229,311.26666154476095,8.218957596900135e-7,-0.26956724447038716,0.03794407040470589,0.23162317406672886,-1.393636293752956,0.4910173592588675,0.9026189344941177,1.100305220918627,-0.3204989309017784,-0.7798062900158295,-0.8002411596511065,0.9999967129486192,-0.3011698503147266
0.8296593186372745,0.2461874417034199,0.05029298659605548,312.77764799385284,8.024119106776488e-7,0.09550758650081204,-0.2865770076460673,0.19106942114624387,0.1539098458765745,-1.2940229005399089,1.140113054663332,-0.198937165100498,1.0643843641860198,-0.8654471990845275,-0.8002412896829271,0.9999967980921802,-0.3011698503147266
0.8336673346693386,0.24618744126294423,0.05029298714256058,314.2886344428792,7.832268158346414e-7,0.2809851324350423,-0.0722039283836511,-0.20878120405045622,1.4120359738265609,-0.6457157761252758,-0.7663201977013133,-1.1240877426564508,0.44774439579961345,0.6763433468577996,-0.8002414163471604,0.9999968809993767,-0.3011698503147266
0.8376753507014028,0.2461874408349799,0.05029298765982091,315.7996208918509,7.645750346818801e-7,-0.06191627580534859,0.277945237251348,-0.21602896144545536,0.01489686176107043,1.216828572553523,-1.231725434314651,0.06455419505726395,-1.010857104395852,0.9463029093394828,-0.8002415397318968,0.9999969617499573,-0.3011698503147266
0.8416833667334669,0.24618744042899637,0.05029298814952547,317.31060734075936,7.461934430627109e-7,-0.2883872333425204,0.10543188453123949,0.18295534881190803,-1.410255097727402,0.7911857458324669,0.6190693518949641,1.1318050099783528,-0.5685907593744257,-0.5632142506033287,-0.8002416599228621,0.9999970403736975,-0.3011698503147266
0.845691382765531,0.2461874400318858,0.050292988612920336,318.8215937896125,7.282454173741605e-7,0.027440042621570838,-0.26534111721393766,0.23790107459295726,-0.18349066591633853,-1.1222435547805476,1.3057342206968905,0.07075134598383437,0.9428828769435462,-1.0136342229267918,-0.8002417770035429,0.9999971169545357,-0.3011698503147266
0.8496993987975952,0.2461874396530115,0.05029298905186102,320.3325802384141,7.107769894379971e-7,0.29166774828219433,-0.1371530472198469,-0.1545147010617982,1.388319082130423,-0.925348219962326,-0.46297086216812466,-1.1233467046098842,0.681310898359391,0.4420358062510731,-0.8002418910551753,0.9999971915312692,-0.3011698503147266
0.8537074148296593,0.24618743928225004,0.05029298946743373,321.84356668716003,6.936540449900753e-7,0.007428382712694864,0.24894475904529997,-0.2563731417574659,0.34946204479908616,1.0116195844181843,-1.361081629217277,-0.20504569295905128,-0.8614331104294093,1.066478803388993,-0.8002420021568678,0.9999972641705088,-0.3011698503147266
0.8577154308617234,0.24618743893226888,0.050292989860783746,323.3545531358586,6.770487059438228e-7,-0.29077979141946164,0.1669140592993311,0.12386573212063914,-1.3465414428155889,1.0462857740509937,0.30025566876462306,1.098833721574627,-0.7842938403998092,-0.31453988117433784,-0.8002421103855929,0.9999973349018347,-0.3011698503147266
0.8617234468937875,0.2461874385888191,0.050292990233246106,324.8655395844962,6.605716441056562e-7,-0.042190664555780015,-0.22899051527879336,0.2711811798350485,-0.5104389741007843,-0.8865377463902745,1.3969767204910697,0.3364095400102663,0.7676719277015545,-1.104081467711353,-0.8002422158163358,0.9999974037975473,-0.3011698503147266
0.8657314629258517,0.24618743826030304,0.050292990585983875,326.37652603308817,6.445799759371587e-7,0.2857360520227596,-0.19428957875965527,-0.09144647326265928,1.2855192588345679,-1.1522699885722476,-0.1332492702623453,-1.058616401055288,0.8760677751460736,0.1825486259096851,-0.8002423185220374,0.9999974708967736,-0.3011698503147266
0.8697394789579158,0.24618743794454206,0.05029299091969573,327.88751248162856,6.28885192503472e-7,0.07634998461105137,0.20576356133241233,-0.28211354594303795,0.6641207973929864,0.74878566417171,-1.4129064615647098,-0.46296545986766263,-0.6629393279305197,1.125904787798619,-0.8002424185737521,0.9999975362386078,-0.3011698503147266
0.8737474949899798,0.24618743763759335,0.05029299123567114,329.39849893012445,6.136271848322623e-7,-0.2766086040823935,0.2188883496626584,0.05772025442015154,-1.2061246406912134,1.2417861470947928,-0.03566150640355431,1.0032695106460714,-0.9553210750942592,-0.04794843555142732,-0.8002425160406401,0.999997599888167,-0.3011698503147266
0.877755511022044,0.24618743734713974,0.050292991534870046,330.90948537857065,5.986404096383432e-7,-0.1094181416598804,-0.17959585242286324,0.28901399408313105,-0.8083111240473277,-0.6003320670999213,1.4086431911472652,0.582904740975676,0.5487321323250196,-1.1316368733003221,-0.8002426109900113,0.9999976618656166,-0.3011698503147266
0.8817635270541081,0.24618743706258353,0.05029299181795257,332.42047182697246,5.840250965895518e-7,0.2635279110339698,-0.24035882364771863,-0.023169087385890418,1.109492308822337,-1.3135549243589684,0.20406261553660948,-0.9335840875136899,1.0209210928994978,-0.0873370053854228,-0.8002427034874425,0.9999977222396003,-0.3011698503147266
0.8857715430861722,0.24618743679114685,0.05029299208617799,333.9314582753313,5.697803518908019e-7,0.14092253237360822,0.15086137254909543,-0.2917839049223194,0.9409492147574022,0.4432986266460546,-1.384247841403476,-0.6945132383573558,-0.42668256957942696,1.1211958079371835,-0.8002427935967387,0.9999977810382945,-0.3011698503147266
0.8897795591182364,0.2461874365227479,0.05029299234026133,335.4424447236446,5.55812649203423e-7,-0.24668089836116036,0.258394124922459,-0.011713226560926444,-0.9970032641825597,1.3665505529811846,-0.3695472887986042,0.8505560209923492,-1.0719302391720007,0.2213742181800016,-0.8002428813800578,0.9999978383198548,-0.3011698503147266
0.8937875751503005,0.2461874362732123,0.050292992580833557,336.95343117192175,5.423209269940836e-7,-0.17041289470161228,-0.11997078826453259,0.2903836829664973,-1.0601394172535825,-0.27992963206293686,1.3400690493165426,0.7961958567442498,0.29853494465157937,-1.094730801395513,-0.8002429668978753,0.9999978940965575,-0.3011698503147266
0.8977955911823646,0.24618743602623222,0.050292992808594665,338.4644176201495,5.289435124274988e-7,0.22630835647244593,-0.27273651056553705,0.04642815409340541,0.8702652373843789,-1.4000156913251256,0.5297504539407293,-0.7553719813542747,1.1076195505777808,-0.352247569223172,-0.8002430502091228,0.9999979484313872,-0.3011698503147266
0.9018036072144288,0.2461874357907641,0.05029299302436703,339.9754040683413,5.15982217226056e-7,0.19746775506798533,0.08736558348063027,-0.2848333385483154,1.1641782784124173,0.1125599254269305,-1.2767382038393713,-0.8864993627261436,-0.16612072171985653,1.052620084446322,-0.8002431313711312,0.9999980013539772,-0.3011698503147266
0.9058116232464929,0.24618743556340142,0.050292993228524575,341.48639051648917,5.032143811930834e-7,-0.20270144217314418,0.28318099590676765,-0.08047955373332916,-0.7310895361563197,1.4134720555113445,-0.682382519355009,0.6493923148348094,-1.1274789595211572,0.4780866446866239,-0.8002432104397541,0.9999980528963697,-0.3011698503147266
0.909819639278557,0.2461874353405041,0.05029299342192989,342.9973769646021,4.908268465473359e-7,-0.22170044132478023,-0.05351174682157557,0.27521218814663456,-1.2515788872645142,0.05641846976645216,1.1951604174980874,0.9641331480117186,0.03133234435578021,-0.9954654923672434,-0.8002432874693735,0.9999981031126023,-0.3011698503147266
0.9138276553106212,0.24618743513340863,0.05029299360495201,344.50836341267666,4.787062469154617e-7,0.1761975384356349,-0.2895783052278425,0.11338076679246516,0.5814652263432085,-1.4067273169859225,0.8252620906427028,-0.5341316568502366,1.1312246299673532,-0.5970929731168454,-0.8002433625129078,0.999998152004654,-0.3011698503147266
0.9178356713426853,0.2461874349266793,0.05029299377820548,346.0193498607142,4.668605708392413e-7,0.24276463782755978,0.01889311378074172,-0.26165775160798294,1.3210921588266342,-0.22459054079497073,-1.0965016180316887,-1.0279877108991704,0.10390381229786073,0.9240838986016529,-0.8002434356219407,0.9999981996431034,-0.3011698503147266
0.9218436873747494,0.24618743473375124,0.05029299394242538,347.5303363087177,4.553382264837894e-7,-0.14717543623345714,0.2918370129834352,-0.14466157674966898,-0.42353071641435924,1.3798778819539212,-0.9563471655395533,0.4112372968463,-1.1188030422474757,0.707565745401474,-0.8002435068466535,0.999998246034089,-0.3011698503147266
0.9258517034068136,0.24618743453870895,0.05029299409811389,349.04132275668576,4.4406924526382275e-7,-0.26035928125947017,0.015995550548202002,0.24436373071156542,-1.371724581265647,0.3895527976756956,0.9821717835899795,1.0771504254504662,-0.23765497635558636,-0.8394954490946098,-0.8002435762359494,0.999998291239654,-0.3011698503147266
0.9298597194388777,0.2461874343604828,0.05029299424557614,350.55230920462486,4.331894285715371e-7,0.11604991282837672,-0.2899248308561331,0.1738749180280327,0.259543174124706,-1.3333074648969896,1.0737642907722786,-0.28246561404205167,1.090391714431526,-0.8079261003891899,-0.8002436438374009,0.9999983352565984,-0.3011698503147266
0.9338677354709418,0.2461874341802576,0.050292994385112685,352.0632956525233,4.223867784512459e-7,0.2742329185116867,-0.050655622365395656,-0.22357729614603208,1.402752552141012,-0.548947629449959,-0.8538049226910813,-1.1109186885525255,0.36800960008163697,0.7429090884711752,-0.8002437096973877,0.9999983781427475,-0.3011698503147266
0.937875751503006,0.24618743401265206,0.050292994517388806,353.5742821003959,4.1199535003040245e-7,-0.08326580922937987,0.28386908374848274,-0.20060327451885213,-0.09184627950202169,1.267681634820362,-1.1758353553183385,0.1496569900361488,-1.046396690791207,0.8967397007553043,-0.8002437738610282,0.9999984199117432,-0.3011698503147266
0.9418837675350701,0.24618743384781444,0.050292994642566174,355.08526854822753,4.016212507513952e-7,-0.2841872690351293,0.08459174498284511,0.19959552405252567,-1.4137326297706594,0.7004969968567225,0.713235632913966,1.1288098962148274,-0.49310468231555793,-0.6357052138990564,-0.8002438363722756,0.9999984605978088,-0.3011698503147266
0.9458917835671342,0.24618743368706708,0.05029299476113044,356.5962549960335,3.916167795086875e-7,0.04929167012387117,-0.2737563188951483,0.22446464877149996,-0.07716326951572916,-1.183938293915655,1.261101563431386,-0.014709503290260998,0.987446734471799,-0.9727372311813139,-0.8002438972739477,0.999998500238268,-0.3011698503147266
0.9498997995991983,0.24618743353708014,0.050292994873354584,358.1072414438098,3.818587020863121e-7,0.2900800622271054,-0.1173189074424513,-0.17276115478444787,1.4045078845695143,-0.8420349831092365,-0.5624729014603062,-1.130568347066168,0.6111523867700461,0.5194159602963575,-0.8002439566077028,0.9999985388386273,-0.3011698503147266
0.9539078156312625,0.2461874333855313,0.05029299497966824,359.61822789155644,3.7232705326867123e-7,-0.014613050312192871,0.2597310647373216,-0.2451180144249254,0.24507001094736897,1.0832743028440392,-1.3283443137914135,-0.12044819487601707,-0.9143843559349231,1.0348325508111456,-0.8002440144141577,0.9999985764543726,-0.3011698503147266
0.9579158316633266,0.2461874332478925,0.050292995080490656,361.1292143392776,3.6310004339811826e-7,-0.29182707938550206,0.14836937881456827,0.14345770057113197,-1.3752101502179372,0.9715387491864316,0.40367140103153387,1.1161689084948283,-0.7204655967166173,-0.3957033117780416,-0.8002440707328293,0.9999986130812396,-0.3011698503147266
0.9619238476953907,0.2461874331056674,0.050292995176091745,362.64020078696774,3.540188680516087e-7,-0.020274427365565877,-0.24199377279665796,0.26226820016241986,-0.4094742513975328,-0.9671283446303669,1.376602596027909,0.25388445436566465,0.8282537659930692,-1.082138220358545,-0.8002441256022321,0.9999986487780673,-0.3011698503147266
0.9659318637274549,0.24618743297793802,0.05029299526674392,364.15118723463524,3.452648703115957e-7,0.2894033514664658,-0.17729938903222445,-0.1121039624340619,1.3262581518467689,-1.0871574542445308,-0.2391006976022648,-1.0858173820336614,0.8194820321931322,0.26633534984073604,-0.8002441790598332,0.9999986835367073,-0.3011698503147266
0.969939879759519,0.2461874328460619,0.05029299535244645,365.6621736822703,3.365795608188798e-7,0.05487215671584426,0.22079793827151367,-0.27567009498718364,0.5680263517838425,0.8371603506402544,-1.4051867024241087,-0.38369222740535075,-0.7302859206909582,1.113978148096492,-0.8002442311421798,0.9999987174064836,-0.3011698503147266
0.9739478957915831,0.24618743272548588,0.05029299543376132,367.17316012988726,3.2828201537258007e-7,-0.2828435143005323,0.2036954711396964,0.07914804316381245,-1.2583515008554425,1.1872386968782396,0.0711128039772031,1.0399475445467143,-0.9067865674232476,-0.13316097712046443,-0.8002442818848093,0.9999987503944684,-0.3011698503147266
0.9779559118236472,0.24618743260458772,0.050292995510730694,368.6841465774669,3.1989906919072483e-7,-0.08868567184900267,-0.196446489952447,0.2851321618043301,-0.7184603170485624,-0.6952278075392425,1.4136881245878212,0.5080163274267393,0.6218809658308014,-1.1298972932546736,-0.8002443313223498,0.999998782530947,-0.3011698503147266
0.9819639278557113,0.24618743249134123,0.050292995583529905,370.1951330250292,3.1189627217033855e-7,0.2722413195772043,-0.22718037925204151,-0.0450609403224191,1.1724606809615234,-1.270352107936875,0.09789142697532931,-0.9792149412967701,0.9811314462799313,-0.0019165049803959479,-0.8002443794885491,0.9999988138346196,-0.3011698503147266
0.9859719438877754,0.2461874323796083,0.05029299565259718,371.7061194725661,3.0405135265359323e-7,0.12123171559103413,0.16928745301390738,-0.2905191686023248,0.8586261752195664,0.5433591894418474,-1.40198536466143,-0.6250799393947106,-0.5045882053546707,1.1296681447520118,-0.8002444264162346,0.9999988443322989,-0.3011698503147266
0.9899799599198396,0.24618743226865986,0.05029299571805451,373.21710592008145,2.9643707029799766e-7,-0.2577482838594936,0.24741845923917527,0.010329824622823254,-1.0698132315762663,1.335309838545016,-0.2654966069687262,0.9044875504759651,-1.0414541362646188,0.1369665857911331,-0.800244472137423,0.9999988740492401,-0.3011698503147266
0.9939879759519037,0.24618743216926475,0.0502929957801449,374.72809236757706,2.8908577853343714e-7,-0.15204514424882043,-0.13970897826528145,0.29175412251649024,-0.986520692232713,-0.383724970403226,1.3702456626359603,0.7332100070186106,0.380083961393182,-1.1132939684094234,-0.8002445166832588,0.9999989029844645,-0.3011698503147266
0.9979959919839678,0.24618743206443683,0.05029299583905703,376.2390788150448,2.8177833262751256e-7,0.2395715495271942,-0.2641204810949081,0.024548931569984684,0.9518761979805892,-1.381183548042577,0.4293073500619697,-0.8168333884784438,1.0868925391114348,-0.2700591506306998,-0.80024456008411,0.9999989311886365,-0.3011698503147266
1.002004008016032,0.24618743197227336,0.050292995894981506,377.750065262496,2.747715090900126e-7,0.1806855749629371,0.10813379727741193,-0.2888193722381815,1.100316020354308,0.21860661717715466,-1.3189226375314838,-0.8308611547020733,-0.2501476286701492,1.0810087833744098,-0.8002446023695132,0.9999989586510332,-0.3011698503147266
1.006012024048096,0.24618743187482123,0.05029299594780404,379.2610517099205,2.677929575171114e-7,-0.2179708945483577,0.27704774099781315,-0.05907684644737815,-0.820335118753674,1.4073176235043698,-0.586982504750678,0.7175051952729662,-1.1167972622782036,0.39929206700729436,-0.8002446435682816,0.9999989854146599,-0.3011698503147266
1.0100200400801602,0.24618743179027391,0.050292995998053765,380.7720381573364,2.612849721889233e-7,-0.2067436804648822,-0.07501317859299683,0.2817568590598608,-1.1983858285502489,-0.050363974325663176,1.2487498028759376,0.9166377753511931,0.11663623715433304,-1.033274012503568,-0.8002446837084445,0.9999990114774422,-0.3011698503147266
1.0140280561122244,0.24618743169857182,0.0502929960454913,382.2830246047134,2.544710897946624e-7,0.19325502974227288,-0.2860154816777324,0.0927604519373421,0.6770699492184341,-1.413338552418685,0.7362686032002382,-0.6079225465652031,1.1307409065151017,-0.5228183599480004,-0.8002447228173067,0.9999990368767036,-0.3011698503147266
1.0180360721442885,0.24618743161843953,0.05029299609029271,383.79401105208143,2.480860765213729e-7,0.2298470524593752,0.04082047484881802,-0.27066752730640964,1.279328512445114,-0.11859846699569618,-1.1607300454494431,-0.9893139664596382,0.018542095489928516,0.9707718709715172,-0.8002447609214883,0.9999990616096502,-0.3011698503147266
1.0220440881763526,0.24618743153416894,0.050292996132979856,385.3049974994268,2.417675788002986e-7,-0.16577719048910858,0.2908955390975882,-0.12511834860676996,-0.5241282138460607,1.3991602944153556,-0.8750320805692834,0.48965158214393184,-1.1285242002909361,0.6388726181486998,-0.8002447980468798,0.9999990857169816,-0.3011698503147266
1.0260521042084167,0.24618743145340463,0.050292996173423726,386.81598394675865,2.3572922210068127e-7,-0.24966548047841053,-0.006044363471280505,0.2557098439513243,-1.3419872118458667,0.28586591677996465,1.0561212950659304,1.0478510157999477,-0.15345542059955533,-0.8943955951987865,-0.8002448342187416,0.9999991092030689,-0.3011698503147266
1.0300601202404809,0.24618743138082944,0.05029299621181292,388.326970394074,2.2988055966817784e-7,0.13593008424237726,-0.2916181665435822,0.15568808230275646,0.3636957270620494,-1.364985479777941,1.0012897527158855,-0.3643826073254003,1.110178822847392,-0.745796215520431,-0.8002448694616374,0.9999991320731145,-0.3011698503147266
1.034068136272545,0.24618743130237217,0.05029299624824704,389.83795684136516,2.2401397625962648e-7,0.2659157336930476,-0.028818139376645503,-0.23709759431492386,1.38546645398921,-0.4490478140889524,-0.9364186399002848,-1.091412350926136,0.28617557557174134,0.8052367753558994,-0.8002449037995358,0.9999991543684179,-0.3011698503147266
1.0380761523046091,0.2461874312358592,0.0502929962829321,391.34894328864584,2.18459466864714e-7,-0.1041402804929894,0.288173032047154,-0.18403275155274657,-0.1980653582517046,1.3113025139275671,-1.113237155675858,0.23390594099689563,-1.0759669530651912,0.8420610120697061,-0.8002449372557366,0.9999991760753527,-0.3011698503147266
1.0420841683366733,0.24618743116375957,0.05029299631563041,392.85992973590106,2.1283205145431706e-7,-0.2783655674084174,0.06326878439804443,0.21509678301172963,-1.40914484859778,0.6058119934289353,0.8033328551688742,1.119375408436248,-0.4148057491901451,-0.7045696592447757,-0.8002449698529753,0.9999991972317338,-0.3011698503147266
1.0460921843687374,0.2461874311027858,0.05029299634673835,394.3709161831517,2.0763268833556928e-7,0.07086211394071434,-0.2806093694920714,0.20974725555264465,0.029604270796361992,-1.2388786299706747,1.2092743591743127,-0.10008633548235196,1.0263775419384318,-0.9262912064547898,-0.8002450016133772,0.9999992178334155,-0.3011698503147266
1.0501002004008015,0.2461874310338845,0.05029299637609858,395.88190263037137,2.0218942215105068e-7,0.28683704797083936,-0.09681520772606532,-0.1900218402435496,1.4126839892714498,-0.7539180115749741,-0.6587659776965034,-1.1313405457845431,0.5375075836090675,0.593832962176728,-0.800245032558485,0.9999992379151048,-0.3011698503147266
1.0541082164328657,0.24618743098054505,0.05029299640387457,397.39288907758726,1.971676220282776e-7,-0.036571191336977504,0.26903529054919484,-0.23246409921104294,0.13927991890898359,1.1487489178632644,-1.28802883677225,-0.0351636817279809,-0.9621193346594005,0.9972830163885551,-0.8002450627093178,0.9999992574586688,-0.3011698503147266
1.0581162324649298,0.2461874309129701,0.05029299643031611,398.9038755247792,1.9205334518899268e-7,-0.2912091030992333,0.12897797084724927,0.16223113225311026,-1.3960332920235268,0.8912491628162357,0.5047841292073203,1.127136758383904,-0.6525274466903755,-0.4746093116924319,-0.8002450920863031,0.9999992765278519,-0.3011698503147266
1.062124248496994,0.24618743085285058,0.05029299645543798,400.4148619719636,1.872480566734955e-7,0.001757593745902232,-0.2536161908155841,0.25185859707075015,-0.30617354145851033,-1.0422014407242874,1.3483749821828048,0.1699111405940925,0.8841106531230223,-1.0540217937160508,-0.800245120709391,0.9999992950987145,-0.3011698503147266
1.066132264529058,0.24618743080006977,0.05029299647929221,401.92584841913634,1.8263125665622034e-7,0.2914192466652316,-0.1592974082484033,-0.1321218384158147,1.359430727935033,-1.015842735805147,-0.3435879921299132,-1.1068241278291548,0.7582214966020911,0.34860263122810514,-0.8002451485979664,0.9999993131804297,-0.3011698503147266
1.0701402805611222,0.2461874307410488,0.05029299650195727,403.4368348662862,1.7791286671658167e-7,0.03308112867828063,0.23457244752941028,-0.2676535762067187,0.46869137987518744,0.9207590019820079,-1.389450381857204,-0.3022302493798934,-0.7934664180495867,1.0956966674304585,-0.8002451757709615,0.9999993308115374,-0.3011698503147266
1.0741482965931863,0.24618743069298415,0.05029299652362925,404.94782131343146,1.7353580416660493e-7,-0.2874644748936754,0.18734019814542563,0.10012427674918262,-1.3033994131108904,1.1259180606568084,0.17748135245410887,1.0706929604022022,-0.853079174577912,-0.2176137858233845,-0.8002452022467667,0.9999993479754478,-0.3011698503147266
1.0781563126252505,0.24618743063837345,0.05029299654395205,406.4588077605518,1.6898321798453397e-7,-0.06744706617845883,-0.21217623169793076,0.2796232978772756,-0.6245107572338109,-0.7861572348265959,1.41066799206042,0.4302299273896487,0.6914821024406781,-1.1217120298294514,-0.8002452280433339,0.9999993647064759,-0.3011698503147266
1.0821643286573146,0.24618743059379147,0.05029299656330134,407.96979420767013,1.6481171709371002e-7,0.27940130213935244,-0.21270555347737846,-0.0666957486611354,1.228740120464591,-1.2199019458597102,-0.008838174604905172,-1.0192596197391397,0.9357447778135158,0.08351484192648853,-0.8002452531781409,0.9999993809972605,-0.3011698503147266
1.0861723446893787,0.2461874305431299,0.050292996581598436,409.4807806547659,1.6050274083900744e-7,0.10084906496174062,0.18674762469954084,-0.287596689660478,0.7714047304471443,0.6403198425807899,-1.4117245730279495,-0.5520808251326589,-0.5796152468777139,1.1316960720111893,-0.800245277668192,0.9999993968777275,-0.3011698503147266
1.0901803607214429,0.24618743050425454,0.05029299659887022,410.99176710185895,1.5653217012155672e-7,-0.26734497076562447,0.2350309605814227,0.03231401018497633,-1.1365198845611488,1.2964512030329347,-0.15993131847176223,0.9532591957079088,-1.0050368736560793,0.05177767794891919,-0.8002453015300959,0.999999412333515,-0.3011698503147266
1.094188376753507,0.24618743045379685,0.05029299661534494,412.5027535489324,1.5247454081104825e-7,-0.13280975191575564,-0.1586500487674352,0.29145980068383376,-0.9072739224679058,-0.48533111140942137,1.3926050338773535,0.6660414765434338,0.4594646365297662,-1.1255061130725426,-0.8002453247799819,0.9999994274150522,-0.3011698503147266
1.0981963927855711,0.2461874304077384,0.05029299663104944,414.01373999599787,1.4861670978116183e-7,0.2514677846546063,-0.2539973427790571,0.002529558125077485,1.0280566793867805,-1.3544717781587488,0.326415098771948,-0.8736349432108647,1.0599651386657303,-0.18633019545421656,-0.8002453474336123,0.9999994421051923,-0.3011698503147266
1.1022044088176353,0.24618743036924545,0.05029299664599586,415.5247264430558,1.4494950762209315e-7,0.1628723474609798,0.12828506793138456,-0.29115741539176476,1.0301765079194316,0.32340610909609935,-1.3535826170155514,-0.7704831718708208,-0.33274743840109855,1.1032306102725378,-0.8002453695062962,0.9999994564058772,-0.3011698503147266
1.1062124248496994,0.2461874303247575,0.05029299666017848,417.0357128900946,1.4118534271460393e-7,-0.23199665956352444,0.2693336386869598,-0.037336979122855746,-0.9049006623242685,1.3931344685988796,-0.4882338062745927,0.7815248496768235,-1.0997445559399817,0.31821970626371754,-0.800245391012992,0.9999994703518758,-0.3011698503147266
1.1102204408817635,0.24618743028925158,0.05029299667382088,418.5466993371317,1.3773823106976733e-7,-0.1906072039656898,-0.09608665552061839,0.28669385948686144,-1.1383559915161445,-0.15685904167519704,1.2952150331913646,0.8639132561074319,0.20127467542451716,-1.0651879315314179,-0.8002454119682249,0.9999994839282725,-0.3011698503147266
1.1142284569138277,0.24618743024793538,0.05029299668649609,420.0576857841458,1.340703015543059e-7,0.20920987540754113,-0.2808206655794905,0.07161079017246769,0.7688119616089095,-1.411886719244452,0.6430747576355278,-0.6782453417187836,1.1238066117863066,-0.4455612700669874,-0.8002454323861844,0.9999994971632343,-0.3011698503147266
1.1182364729458918,0.24618743021558176,0.05029299669864526,421.5686722311597,1.3074255994751738e-7,0.2156179344973982,0.06251498307472593,-0.27813291757162856,1.230266283694354,-0.011929832482780383,-1.2183364512115977,-0.9449964342274771,-0.06692532975067439,1.0119217639786702,-0.8002454522806768,0.9999995100482605,-0.3011698503147266
1.122244488977956,0.24618743017696335,0.0502929967101643,423.0796586781564,1.273213930616398e-7,-0.18343309431156857,0.2882942481980396,-0.10486115388599,-0.6217355269371637,1.410460514504773,-0.7887249875675965,0.5652724663497498,-1.131807405543245,0.5665349391939606,-0.8002454716651325,0.9999995226120413,-0.3011698503147266
1.12625250501002,0.24618743014767622,0.0502929967208977,424.5906451251509,1.2417571182892767e-7,-0.2375470890092469,-0.02804985154161626,0.26559694055132493,-1.3045938055433903,0.18054820906092892,1.1240455964824885,1.0125738689829435,-0.06838049961679532,-0.944193369365713,-0.8002454905526816,0.9999995348395856,-0.3011698503147266
1.130260521042084,0.2461874301108748,0.05029299673124696,426.1016315721304,1.2097143367982818e-7,0.15503471593037477,-0.2916475810650877,0.13661286513514237,0.4657733570515576,-1.3888762540843471,0.9231028970327801,-0.4442208197446694,1.1236326058430883,-0.6794117860979775,-0.8002455089560686,0.9999995467682155,-0.3011698503147266
1.134268537074148,0.2461874300782884,0.05029299674116898,427.612618019104,1.1793101622584308e-7,0.25608126560989686,-0.006816166475652025,-0.24926509913383665,1.360276304584571,-0.34658622435826797,-1.0136900802263304,-1.065679780272047,0.20270904461560002,0.8629707356568822,-0.8002455268877522,0.9999995583867175,-0.3011698503147266
1.1382765531062122,0.24618743004798196,0.05029299675065038,429.1236044660691,1.149844821524795e-7,-0.1244206042738825,0.2908327358961681,-0.16641213162189214,-0.3031544347085964,1.3474424132214107,-1.0442879785128076,0.3168204488588528,-1.09939904386086,0.7825785950023917,-0.8002455443598284,0.9999995697042354,-0.3011698503147266
1.1422845691382764,0.2461874300135856,0.05029299675957416,430.63459091302065,1.1199719427177265e-7,-0.27095556342496285,0.04158477196795258,0.22937079145738934,-1.3965179230527456,0.5076708767028443,0.88884704634993,1.1035551414977771,-0.33414049607729174,-0.7694146454201343,-0.8002455613841223,0.9999995807386614,-0.3011698503147266
1.1462925851703405,0.24618742998766807,0.05029299676822037,432.1455773599719,1.0929203589471377e-7,0.09202829106570808,-0.28586135635873644,0.1938330652933829,0.1362028786485029,-1.2867511501954179,1.1505482715469122,-0.18489213579790842,1.059453055991673,-0.8745609201934046,-0.8002455779721134,0.999999591479259,-0.3011698503147266
1.1503006012024046,0.24618742995606158,0.050292996776216126,433.6565638069022,1.0634056233843977e-7,0.2819574155467507,-0.075759058024654,-0.20619835752176405,1.4128007611638966,-0.6614999849420156,-0.7513007762219096,-1.1256586932305457,0.4607964658325477,0.6648622273983597,-0.8002455941350134,0.9999996019513696,-0.3011698503147266
1.1543086172344688,0.24618742993043588,0.05029299678391829,435.16755025383173,1.0364920053732021e-7,-0.05832072126007985,0.276804494818084,-0.21848377355767765,0.03269526812967748,1.2076698608745609,-1.2403651290042388,0.050321377430302835,-1.0043655500756323,0.9540441726456537,-0.8002456098837409,0.9999996121489912,-0.3011698503147266
1.158316633266533,0.24618742990224485,0.05029299679113137,436.67853670075067,1.0095733414170498e-7,-0.28892957862489305,0.10885061045560296,0.18007896816960653,-1.408892086577899,0.805875045002529,0.6030170415753988,1.1316745183657901,-0.5808668054758738,-0.5508077128896293,-0.8002456252289079,0.9999996220881339,-0.3011698503147266
1.162324649298597,0.24618742988027914,0.05029299679787952,438.1895231476668,9.845735492754195e-8,0.02377963667163361,-0.26379158138657827,0.24001194471524057,-0.20112614157598657,-1.1113287495414628,1.3124548911174534,0.08496856464471969,0.9349238101177674,-1.0198923747621926,-0.8002456401808975,0.9999996317633129,-0.3011698503147266
1.1663326653306612,0.24618742985284353,0.05029299680443212,439.70050959457103,9.591442497829697e-8,0.29177240923241865,-0.14038649169237227,-0.15138591753977043,1.3848477615289336,-0.9387326727861242,-0.4461150887428377,-1.121516640421404,0.6926354903522424,0.4288811500694665,-0.8002456547497845,0.99999964120086,-0.3011698503147266
1.1703406813627253,0.24618742982878172,0.05029299681077785,441.2114960414714,9.35251118884941e-8,0.011101304821137485,0.24700860521808654,-0.25810991003895517,0.3666825574479532,0.9991047173469229,-1.3657872747948834,-0.21904414960610838,-0.8521203048609413,1.0711644544673236,-0.8002456689454218,0.9999996503944263,-0.3011698503147266
1.1743486973947894,0.2461874298063601,0.050292996816880306,442.7224824883644,9.119114840610222e-8,-0.29044528021993676,0.16991599705796254,0.12052928316223709,-1.341011435829357,1.0581740975953358,0.2828373382340491,1.0953302460414085,-0.7945051498446457,-0.3008250961965288,-0.800245682777366,0.9999996593501774,-0.3011698503147266
1.1783567134268536,0.24618742977905922,0.05029299682251901,444.23346893524575,8.880758832579134e-8,-0.045823590337899456,-0.2266954137730169,0.2725190041111607,-0.5269983973854335,-0.8726016207573383,1.3996000181427826,0.3499891834943043,0.7571384171379253,-1.1071276006319928,-0.8002456962549723,0.9999996680835648,-0.3011698503147266
1.1823647294589177,0.2461874297614013,0.05029299682811525,445.74445538212893,8.668875940279078e-8,0.28496715149017077,-0.19701708989958147,-0.08795006159036414,1.2780095959870583,-1.1624922739570223,-0.11551732203006461,-1.0534895727971818,0.8850198710228886,0.1684697017745455,-0.8002457093873184,0.9999996765810146,-0.3011698503147266
1.1863727454909818,0.24618742973600002,0.05029299683318637,447.2554418289925,8.430608894977505e-8,0.079890975150131,0.20314233182879135,-0.2830333069787014,0.679782465122347,0.733627461031423,-1.4134099261537838,-0.4759322279574879,-0.6513356475589626,1.127267875516683,-0.8002457221832605,0.9999996848693623,-0.3011698503147266
1.190380761523046,0.24618742971754395,0.050292996838030686,448.7664282758568,8.216325843562149e-8,-0.27541632301230545,0.22130245356628148,0.054113869446241664,-1.1967426590487786,1.250196309118271,-0.05345365006946807,0.9965926081187652,-0.9628860400785967,-0.033706568039976625,-0.8002457346514424,0.9999996929371081,-0.3011698503147266
1.19438877755511,0.24618742969543667,0.05029299684262306,450.2774147227125,8.00151544915871e-8,-0.11281657364703795,-0.17668597192857008,0.2895025455758916,-0.8228511968135,-0.5841684234075617,1.4070196202210885,0.5950733266888704,0.5362241029183031,-1.1312974296069274,-0.8002457468002507,0.9999997008044826,-0.3011698503147266
1.1983967935871742,0.24618742967781487,0.05029299684691596,451.78840116956684,7.804023909860986e-8,0.2619292837692064,-0.24242499596673467,-0.019504287802225826,1.0983720783198185,-1.320032751898819,0.22166067357897834,-0.9254525068841749,1.0269908002631132,-0.1015382933786681,-0.8002457586378989,0.9999997084638212,-0.3011698503147266
1.2024048096192383,0.24618742965828894,0.05029299685114303,453.29938761641233,7.60460386914634e-8,0.14412981885196974,0.14770444290893528,-0.29183426176066773,0.954159874876406,0.4263605484630204,-1.3805204233394457,-0.7057097332428411,-0.4134489351800409,1.1191586684231363,-0.8002457701723549,0.9999997159304658,-0.3011698503147266
1.2064128256513025,0.24618742963971457,0.05029299685524249,454.8103740632538,7.415300632486507e-8,-0.2446987963797858,0.26008284472540555,-0.015384048345384996,-0.9843037491591919,1.3710035126913171,-0.38669976353210506,0.8410859988696708,-1.0764179856833842,0.23533198681392625,-0.8002457814114114,0.9999997232074075,-0.3011698503147266
1.2104208416833666,0.2461874296227899,0.050292996859223414,456.3213605100882,7.226703817500012e-8,-0.17338318828562438,-0.11661194546129043,0.2899951337471384,-1.0718318631098191,-0.26245920321510396,1.3342910663249452,0.8062602571990768,0.28476482932773073,-1.0910250865266031,-0.8002457923626211,0.9999997302957516,-0.3011698503147266
1.2144288577154307,0.24618742960243656,0.05029299686280992,457.83234695691596,7.040291506454302e-8,0.22397110793360978,-0.27402362796477164,0.05005252003136817,0.8561678946095442,-1.4023800929471595,0.5462121983375978,-0.7446988143149309,1.1104611632796055,-0.36576234896444965,-0.8002458030333919,0.9999997372065942,-0.3011698503147266
1.2184368737474949,0.2461874295896849,0.0502929968665048,459.34333340374445,6.873992914493121e-8,0.20015859296646274,0.08385284841273456,-0.2840114413790026,1.174185416606697,0.09480683534340394,-1.2689922519501282,-0.8952878468659893,-0.15201091542826062,1.0472987622944663,-0.8002458134309003,0.9999997439322076,-0.3011698503147266
1.222444889779559,0.24618742956844655,0.05029299686973392,460.8543198505556,6.68233667273387e-8,-0.20004246094807196,0.28404811132302793,-0.08400565037476351,-0.7157958333037504,1.4137140889163775,-0.6979182556126127,0.6376685217335345,-1.128633813290295,0.4909652915569366,-0.8002458235621444,0.9999997504943895,-0.3011698503147266
1.2264529058116231,0.24618742955830575,0.05029299687279974,462.36530629736995,6.515985784162315e-8,-0.224073367984463,-0.0498953368267431,0.2739687048113881,-1.259757703371754,0.07420049843228715,1.1855572049394891,0.971520127920064,0.017084486575701205,-0.988604614495606,-0.800245833433973,0.9999997568728778,-0.3011698503147266
1.2304609218436873,0.24618742953828565,0.0502929968757325,463.8762927441733,6.33867414758015e-8,0.1732548401243676,-0.2900130282783882,0.11675818815432006,0.565193742158609,-1.404843523811645,0.8396497816530247,-0.5215247833785882,1.1306762211101447,-0.6091514377312433,-0.8002458430530075,0.9999997631053018,-0.3011698503147266
1.2344689378757514,0.24618742952504802,0.05029299687851907,465.3872791909788,6.183583250384043e-8,0.24478572464328466,0.015224728032309504,-0.26001045267531087,1.32732575324154,-0.24214737321248386,-1.0851783800290826,-1.0338676120215127,0.11808611020039898,0.9157815018214227,-0.8002458524257556,0.9999997691680643,-0.3011698503147266
1.2384769539078155,0.24618742951021627,0.05029299688128404,466.8982656377778,6.02822855082933e-8,-0.1439910884072167,0.2918331280382956,-0.1478420396308278,-0.4065139997396635,1.3758951740384748,-0.9693811742987665,0.3979275041626603,-1.11655919661919,0.7186316924567454,-0.8002458615585162,0.9999997750786304,-0.3011698503147266
1.2424849699398797,0.2461874294956197,0.05029299688393977,468.4092520845721,5.8764610614171346e-8,-0.2619996460606059,0.019663472507193552,0.24233617355363543,-1.375923892737608,0.40663352261326946,0.9692903701243667,1.0814392380856792,-0.25156904124037904,-0.8298701968451045,-0.8002458704574545,0.9999997808390878,-0.3011698503147266
1.2464929859719438,0.24618742948253727,0.050292996886587435,469.9202385313609,5.726456565398848e-8,0.11266943921447828,-0.28948239847669743,0.17681295926242388,0.24202442979568078,-1.3272827650523717,1.0852583352566865,-0.26864311544930786,1.086484500118594,-0.8178413846690737,-0.800245879128545,0.9999997864505343,-0.3011698503147266
1.250501002004008,0.24618742946652375,0.050292996888908356,471.4312249781439,5.5768769059019155e-8,0.27546910639353417,-0.054270647174925885,-0.22119845921841666,1.4048575236922543,-0.5653081245462462,-0.8395493991460364,-1.1135550885481338,0.38145658274363864,0.7320985058047149,-0.800245887577649,0.9999997919214001,-0.3011698503147266
1.254509018036072,0.24618742945836602,0.050292996891444015,472.9422114249304,5.4499468393084586e-8,-0.07973753588228515,0.28299443026539645,-0.2032568943829216,-0.07407588759961535,1.2597010541357574,-1.1856251665361406,0.13551932652624593,-1.0408819486273932,0.9053626221013322,-0.8002458958104451,0.9999997972445502,-0.3011698503147266
1.2585170340681362,0.2461874294406189,0.05029299689342316,474.4531978716993,5.2932338145076556e-8,-0.28500161045014893,0.08810219579056319,0.19689941465977104,-1.413713175457052,0.7159034384105726,0.6978097370465083,1.129756203075662,-0.5058924091095426,-0.623863793965963,-0.8002459038324654,0.9999998024397357,-0.3011698503147266
1.2625250501002003,0.24618742943594554,0.05029299689542341,475.96418431847394,5.164996032262073e-8,0.04566603510460614,-0.27246195863003203,0.22679592352559708,-0.0949313361944267,-1.174115914500446,1.2690472506948747,-0.00045871938150986863,0.9804032951840839,-0.979944575802402,-0.8002459116491367,0.9999998074835191,-0.3011698503147266
1.2665330661322645,0.24618742941739544,0.050292996897320925,477.475170765235,5.016369292238659e-8,0.29046091997689716,-0.12067460438850829,-0.16978631558823035,1.4023642731206967,-0.8562671778985588,-0.5460970952221663,-1.1298110298511275,0.6230981026321276,0.5067129272191869,-0.8002459192656871,0.9999998124221863,-0.3011698503147266
1.2705410821643286,0.24618742940877306,0.050292996899168094,478.98615721200383,4.9001410560721605e-8,-0.010941881549369408,0.25803550488200583,-0.24709362333248022,0.2625818198557261,1.0717505050831195,-1.334332324938851,-0.13460844459743807,-0.9059128825962729,1.0405213271938696,-0.800245926687277,0.9999998172195462,-0.3011698503147266
1.2745490981963927,0.24618742939617383,0.05029299690096944,480.49714365876446,4.7754191385609833e-8,-0.2917690098574176,0.1515223532235164,0.14024665663405772,-1.37097301322513,0.9843932872583148,0.38657972596684353,1.1137187845042666,-0.7313985788498328,-0.38232020565430647,-0.8002459339188793,0.9999998219007048,-0.3011698503147266
1.2785571142284569,0.2461874293873464,0.05029299690274021,482.0081301055235,4.659704008936396e-8,-0.02393865406219,-0.2399212498787596,0.26385990394109343,-0.4264795338351313,-0.9540678233493044,1.3805473571844449,0.2677518095708841,0.8184753202746571,-1.0862271298454036,-0.8002459409653848,0.9999998264567094,-0.3011698503147266
1.282565130260521,0.24618742937551585,0.05029299690456939,483.5191165522775,4.5437947548818315e-8,0.28890718725609216,-0.18020457107190851,-0.10870261618405327,1.3199880437856097,-1.0984506159773333,-0.2215374278083027,-1.0817094642092762,0.8292460316868179,0.2524634325226183,-0.8002459478315138,0.9999998309029953,-0.3011698503147266
1.2865731462925851,0.24618742936223645,0.050292996906071856,485.03010299902246,4.416749251755925e-8,0.05847706223415101,0.2183780707166268,-0.27685513295064806,0.5842820604836206,0.8227497314057016,-1.407031791889334,-0.3970685013925115,-0.7193402185758743,1.1164087199685244,-0.8002459545219026,0.9999998352350749,-0.3011698503147266
1.2905811623246493,0.24618742935666663,0.05029299690778863,486.5410894457728,4.3145606871272954e-8,-0.28191634645071934,0.2063113321627249,0.07560501428812383,-1.250138022139308,1.196809068338412,0.05332895380092125,1.03424052890262,-0.9152420335464283,-0.1189984953560885,-0.8002459610410504,0.9999998394483116,-0.3011698503147266
1.2945891783567134,0.24618742934268364,0.05029299690906559,488.0520758925098,4.189987907999738e-8,-0.09217972752000801,-0.1937138725333651,0.28589360005349507,-0.7337341306049947,-0.6796730529344167,1.4134071835394268,0.5207103579749035,0.6099244411763087,-1.1306347991511032,-0.8002459673933282,0.9999998435614541,-0.3011698503147266
1.2985971943887775,0.24618742934251334,0.05029299691042548,489.56306233925494,4.096775329553872e-8,0.27089640789823816,-0.22946953092689587,-0.041426876971233956,1.1624212488116967,-1.2780629375941126,0.11564168878239202,-0.9719904103241911,0.9881575563921637,-0.016167146067839144,-0.8002459735830387,0.9999998475491816,-0.3011698503147266
1.3026052104208417,0.24618742932456283,0.050292996911596846,491.07404878598425,3.974407645719809e-8,0.12456497732683525,0.16628114704495386,-0.29084612437168283,0.872699795117313,0.5268826008253293,-1.39958239594266,-0.6369103077975653,-0.49179172701763213,1.1287020348153187,-0.8002459796143073,0.9999998514649665,-0.3011698503147266
1.3066132264529058,0.24618742931933152,0.05029299691284925,492.58503523272196,3.883757468284518e-8,-0.25600486902780123,0.24934819593945898,0.006656673088449725,-1.0580913542703516,1.3410509587461192,-0.2829596044757461,0.8958487799914743,-1.0469505116875146,0.15110173169612467,-0.8002459854912299,0.9999998552606033,-0.3011698503147266
1.31062124248497,0.24618742930812587,0.05029299691402859,494.0960216794512,3.78165072155628e-8,-0.1551699659635984,-0.1364719567390485,0.29164192270274725,-0.9991929742787811,-0.3665620291711167,1.365755003449918,0.7440076367315598,0.3666304069460705,-1.110638043677548,-0.8002459912177332,0.9999998589688615,-0.3011698503147266
1.314629258517034,0.24618742930250034,0.05029299691525654,495.6070081261814,3.6924233374117133e-8,0.23745454596835283,-0.26566321550952493,0.02820866954125994,0.9386393904962094,-1.3848729034510954,0.44623351295486674,-0.806903823414659,1.0907806221969691,-0.28387679878220107,-0.8002459967976995,0.9999998625744142,-0.3011698503147266
1.3186372745490982,0.24618742929306192,0.050292996916577556,497.1179945729091,3.6056871765823794e-8,0.18355729237846916,0.10471233260865818,-0.2882696249870438,1.1114058551213688,0.2010026176762714,-1.3124084727976633,-0.8404717341043337,-0.23622927050362605,1.0767010046080645,-0.8002460022348534,0.9999998660960158,-0.3011698503147266
1.3226452905811623,0.24618742928400267,0.05029299691753787,498.6289810196258,3.501204931580416e-8,-0.21551055647321946,0.2781814154992534,-0.06267085902594635,-0.8057725301060396,1.4089024502454526,-0.6031299201393965,0.7064267164998399,-1.119021458103095,0.4125947416033239,-0.8002460075328668,0.9999998695228117,-0.3011698503147266
1.3266533066132264,0.24618742927830906,0.05029299691867035,500.1399674663467,3.415892470967911e-8,-0.20932124808865157,-0.07145617606757547,0.28077742415631335,-1.2077347116892556,-0.032570511175570964,1.2403052228648521,0.9249239501634509,0.10245198668856516,-1.0273759368519553,-0.8002460126953053,0.9999998728601104,-0.3011698503147266
1.3306613226452906,0.24618742926714718,0.05029299691954917,501.65095391305834,3.3165603545804126e-8,0.1904865236089784,-0.2867238895595043,0.09623736595059745,0.6613896971135586,-1.4127961835582452,0.751406486444673,-0.5958534722461144,1.131269413710474,-0.5354159414642717,-0.8002460177256194,0.999999876118183,-0.3011698503147266
1.3346693386773545,0.24618742926718643,0.05029299692044684,503.1619403597779,3.245852654769332e-8,0.23209361714994847,0.0371787782584661,-0.26927239540834763,1.2868028234785862,-0.13632708712754185,-1.1504757363510705,-0.9961573021160456,0.03278952230962192,0.9633677798065156,-0.8002460226272234,0.9999998792757,-0.3011698503147266
1.3386773547094186,0.24618742925334428,0.05029299692118009,504.6729268064841,3.149851688030663e-8,-0.16274009148769364,0.29116855874004766,-0.1284284672522824,-0.5075544038845843,1.3964984874958455,-0.8889440836112511,0.4767644004051403,-1.1273494699173865,0.6505850695123051,-0.8002460274033764,0.9999998823753694,-0.3011698503147266
1.3426853707414828,0.2461874292501922,0.05029299692205642,506.1839132531965,3.077978828519577e-8,-0.25154895594926885,-0.002370027495917442,0.25391898344525715,-1.3474801984505018,0.30327632828457884,1.0442038701659504,1.053153772183247,-0.1675624118563139,-0.8855913603268889,-0.8002460320573253,0.9999998853793794,-0.3011698503147266
1.3466933867735469,0.24618742924065526,0.050292996922854695,507.69489969990116,2.994291140493042e-8,0.13266780368100586,-0.2914518953010711,0.15878409162012527,0.34646522770243726,-1.3602422640737417,1.0137770363712972,-0.3508614916510984,1.1073176330030805,-0.7564561413519119,-0.8002460365921737,0.999999888316882,-0.3011698503147266
1.350701402805611,0.2461874292367705,0.05029299692371692,509.2058861466083,2.9247136564568897e-8,0.2674091936768672,-0.03247259765049436,-0.2349365960263259,1.388899599691947,-0.46589119736019124,-0.9230084023317833,-1.0950987327311428,0.29994052925852743,0.7951582034726888,-0.8002460410110004,0.9999998911711289,-0.3011698503147266
1.3547094188376752,0.24618742922836742,0.0502929969246713,510.71687259331526,2.862184168739477e-8,-0.10069945035907776,0.28756985034575727,-0.1868703999866101,-0.18042443113384124,1.3045456892346763,-1.1241212581008448,0.21994413240932367,-1.0714602015319405,0.8515160691226938,-0.800246045316746,0.9999998939616138,-0.3011698503147266
1.3587174348697393,0.24618742922337178,0.05029299692528492,512.2278590400091,2.77416857309439e-8,-0.27944766083150024,0.06685113057090579,0.21259653026054215,-1.4104690627044854,0.6218476236679862,0.7886214390364511,1.121392711749588,-0.42803194416011775,-0.6933607675894708,-0.8002460495123248,0.9999998966710134,-0.3011698503147266
1.3627254509018034,0.2461874292178348,0.05029299692605995,513.7388454867069,2.7040269551345907e-8,0.06729191606083984,-0.27957790487925605,0.21228598881839358,0.011805039073592136,-1.230204767725734,1.2183997286521826,-0.08588336973314306,1.0202896424134513,-0.9344062726803757,-0.8002460536005562,0.999999899314978,-0.3011698503147266
1.3667334669338675,0.24618742920830686,0.050292996926691806,515.2498319333974,2.6226838396587468e-8,0.28749230138155746,-0.10027423580240737,-0.1872180655791632,1.4118803104240405,-0.7689166938443867,-0.6429636165795436,-1.1316599112958687,0.5500059871415682,0.5816539241541768,-0.8002460575841651,0.9999999018969234,-0.3011698503147266
1.3707414829659317,0.24618742920772183,0.0502929969272081,516.7608183800958,2.567570650611444e-8,-0.03292265578541741,0.26759027439572186,-0.2346676186103409,0.1569830681776198,1.138281963384456,-1.2952650315620635,-0.04940482271651167,-0.9545372696181655,1.00394209233464,-0.8002460614658621,0.9999999043974656,-0.3011698503147266
1.3747494989979958,0.2461874291981286,0.05029299692773217,518.2718048267844,2.4951044199293453e-8,-0.2914281561211421,0.13226424146687307,0.15916391465421229,-1.3931132199983385,0.9049965419232516,0.48811667807497827,1.125753631538308,-0.6641194395767457,-0.4616341919615089,-0.8002460652482262,0.9999999068498584,-0.3011698503147266
1.37875751503006,0.2461874291964975,0.050292996928386846,519.782791273478,2.4401418310254535e-8,-0.0019171300259717737,-0.25177829766091625,0.25369542768685593,-0.3235276048338137,-1.0300910430125412,1.3536186478463297,0.1839869318417807,0.8751428304789433,-1.0591297623207416,-0.8002460689338283,0.9999999092273838,-0.3011698503147266
1.382765531062124,0.24618742918837597,0.05029299692899435,521.293777720165,2.3760429825324032e-8,0.2911989690913982,-0.16236394994735956,-0.12883501914431256,1.3544359875011531,-1.028142328143331,-0.326293659357329,-1.1037582696846955,0.768741406803437,0.33501686288026117,-0.8002460725251233,0.9999999115554928,-0.3011698503147266
1.3867735470941882,0.2461874291856576,0.05029299692956693,522.8047641668526,2.3193381847479893e-8,0.036729518258034506,0.23236794419880155,-0.2690974624575512,0.48544834463203673,0.9071782314110652,-1.3926265760430643,-0.31593953425167726,-0.7832409937969756,1.0991805280479106,-0.8002460760245478,0.9999999138144225,-0.3011698503147266
1.3907815631262523,0.24618742917827527,0.050292996930279145,524.315750613542,2.2719695212205844e-8,-0.28680801475824663,0.19014317903576358,0.09666483572177723,-1.2964013888499997,1.1365940799050287,0.1598073089448691,1.0659881844244112,-0.8623766523417079,-0.20361153208330324,-0.800246079434432,0.9999999160259252,-0.3011698503147266
1.3947895791583165,0.24618742917484118,0.050292996930687006,525.8267370602185,2.1995943595688198e-8,-0.07101697446992358,-0.2096366216341968,0.2806535961034646,-0.6404311313598615,-0.7713001601513019,1.4117312915111124,0.4433767773159303,0.6801451911918662,-1.123521968508412,-0.8002460827570798,0.9999999181702606,-0.3011698503147266
1.3987975951903806,0.2461874291693016,0.050292996931205806,527.3377235068987,2.141492396207164e-8,0.2783180515610997,-0.21520491775657075,-0.06311313380512691,1.2198388404034939,-1.2288018216131118,0.008962981209712811,-1.0129831786103165,0.9436869585845096,0.06929622002510857,-0.8002460859947256,0.999999920265109,-0.3011698503147266
1.4028056112224447,0.24618742916399217,0.05029299693161425,528.8487099535749,2.079166450167911e-8,0.10428946738006914,0.1839092058119583,-0.28819867319260944,0.7862609778448908,0.6243987912455425,-1.4106597690903722,-0.564477348826668,-0.5673288638184154,1.1318062126444495,-0.8002460891495244,0.9999999223065423,-0.3011698503147266
1.4068136272545089,0.24618742916236555,0.05029299693191084,530.3596964002552,2.0325770750993386e-8,-0.26585040536664545,0.23719097751677126,0.028659427849290653,-1.125842554744388,1.303447728495506,-0.1776051737512062,0.9455007778930332,-1.011510239635012,0.06600946174149,-0.8002460922236239,0.9999999242881259,-0.3011698503147266
1.410821643286573,0.24618742915462494,0.05029299693227805,531.8706828469299,1.9768552600970858e-8,-0.1360714724757436,-0.1555533894932102,0.29162486196840726,-0.9208537096201002,-0.46857361991543944,1.3894273295354675,0.6775104995386694,0.446404368001145,-1.1239148675402972,-0.8002460952190656,0.9999999262307492,-0.3011698503147266
1.4148296593186371,0.24618742915453334,0.0502929969327923,533.3816692936075,1.9339545040464194e-8,0.2495832761715216,-0.25578715024019283,0.006203874068180907,1.0157559261925106,-1.3594649919385988,0.3437090657461672,-0.8645054510341225,1.06487719932458,-0.20037174829103463,-0.8002460981378875,0.9999999281118007,-0.3011698503147266
1.4188376753507013,0.2461874291470669,0.05029299693323066,534.8926557402804,1.8832285560384945e-8,0.16590876972179666,0.12497443117090778,-0.2908832008931764,1.0422857545035968,0.30605167844124237,-1.3483374329447582,-0.7808607850625713,-0.3190999408147181,1.0999607258767439,-0.8002461009820242,0.9999999299580026,-0.3011698503147266
1.4228456913827654,0.24618742914701483,0.05029299693361593,536.403642186953,1.8376409901296753e-8,-0.2297491442454239,0.2707276570710172,-0.040978512826073184,-0.8911522874025951,1.396053018298893,-0.5049007308963678,0.7711547600136467,-1.1030251190333167,0.33187035901926837,-0.8002461037534153,0.9999999317424741,-0.3011698503147266
1.4268537074148295,0.24618742914003525,0.0502929969341931,537.9146286336246,1.7945623097649515e-8,-0.19337492404362183,-0.09260935951576119,0.2859842835589294,-1.148821624417903,-0.13915569987853033,1.287977324296344,0.8730511369525815,0.18723499319596326,-1.0602861301489135,-0.8002461064539034,0.9999999334970516,-0.3011698503147266
1.4308617234468937,0.2461874291370115,0.05029299693443448,539.4256150802894,1.7391955137429405e-8,0.20663147201937077,-0.2817989648401763,0.07516749282040523,0.753812437129571,-1.4126888738557404,0.6588764367262279,-0.6667828439045602,1.125408776169571,-0.4586259322654791,-0.8002461090853045,0.9999999351947638,-0.3011698503147266
1.4348697394789578,0.24618742913262492,0.05029299693474665,540.9366015269563,1.6944282503326955e-8,0.2180774009526298,0.05892073045988983,-0.27699813141289925,1.2389387393511595,-0.02972906773575442,-1.2092096716153082,-0.9527639968749294,-0.05269411651564028,1.0054581133900988,-0.800246111649398,0.9999999368530793,-0.3011698503147266
1.438877755511022,0.2461874291283922,0.050292996935011686,542.4475879736198,1.643681839678288e-8,-0.1805606547862898,0.2888428461060306,-0.10828219132013314,-0.605699215380438,1.4091347977417807,-0.8034355823613906,0.5528813708896584,-1.1317082646856582,0.578826893795665,-0.8002461141478838,0.9999999384699606,-0.3011698503147266
1.442885771543086,0.24618742912653885,0.050292996935197315,543.9585744202861,1.6055108198759744e-8,-0.23966314918497247,-0.024390014761302703,0.2640531639458969,-1.3113491456406734,0.1981889532782948,1.1131601923622758,1.0188601084013895,-0.08259985619170757,-0.9362602522099619,-0.8002461165824645,0.9999999400398543,-0.3011698503147266
1.4468937875751502,0.24618742912070038,0.05029299693551245,545.46956086695,1.5651047824963266e-8,0.15190929466381323,-0.291758633775475,0.13984933911133174,0.4489294442041606,-1.3854416036605663,0.9365121594564404,-0.43107821214086606,1.1218335681262057,-0.6907553559857154,-0.8002461189547586,0.9999999415789491,-0.3011698503147266
1.4509018036072143,0.24618742912196517,0.05029299693590044,546.9805473136156,1.5322736787955737e-8,0.2578236742782275,-0.010489279558185374,-0.24733439472034777,1.3650179761982548,-0.3638163577473697,-1.0012016184507786,-1.0703948479612646,0.21671332649218175,0.8536815214686736,-0.800246121266378,0.9999999430658338,-0.3011698503147266
1.4549098196392785,0.24618742911460806,0.050292996936203614,548.4915337602752,1.4885298932978182e-8,-0.12108687303255339,0.2905046593960736,-0.16941778636383997,-0.28574365247663697,1.3419479140078523,-1.056204261531238,0.303114159362202,-1.0959258187154681,0.79281165935298,-0.8002461235188485,0.9999999445304018,-0.3011698503147266
1.4589178356713426,0.24618742911608885,0.050292996936512804,550.0025202069378,1.456437637760249e-8,-0.2722994287433441,0.04521866409984075,0.22708076464318658,-1.3991782078543165,0.5242441651770409,0.8749340426771661,1.1066316913264187,-0.34772956992261345,-0.7589021214040141,-0.800246125713721,0.999999945940949,-0.3011698503147266
1.4629258517034067,0.24618742911014502,0.05029299693701028,551.5135066535969,1.4200285012379209e-8,0.08853389771410225,-0.285098835921181,0.19656493820680437,0.11847406133212172,-1.279275320077392,1.1608012587452794,-0.17081805047988208,1.054355273010828,-0.8835372225312401,-0.8002461278524422,0.9999999473323031,-0.3011698503147266
1.4669338677354709,0.24618742910891775,0.05029299693714725,553.0244931002532,1.3790286191964367e-8,0.28288352214016066,-0.07930179066216506,-0.20358173147824138,1.4133416092390547,-0.6771795620397401,-0.7361620471992047,-1.1270527318920343,0.47377612004736197,0.6532766118443166,-0.8002461299364471,0.9999999486737751,-0.3011698503147266
1.470941883767535,0.24618742910528316,0.05029299693734053,554.5354795469099,1.3438564975616268e-8,-0.054715611112720455,0.2756184304210807,-0.22090281930861996,0.05048873886923114,1.1983195521382022,-1.24880829100743,0.03608064197958739,-0.9977160690561228,0.9616354270762834,-0.8002461319671569,0.9999999499878948,-0.3011698503147266
1.4749498997995991,0.2461874291003896,0.050292996937455044,556.0464659935609,1.2976892689643922e-8,-0.2894246853576958,0.11225154759081268,0.17717313776661772,-1.4073057390347585,0.8204368080019316,0.5868689310327166,1.1313660994275454,-0.5930515304824482,-0.5383145689452519,-0.8002461339459019,0.9999999512700997,-0.3011698503147266
1.4789579158316633,0.24618742909899258,0.05029299693759313,557.5574524402169,1.2672448554006903e-8,0.020115337846801137,-0.2621989371371966,0.242083599290166,-0.21872996405815645,-1.100237610027786,1.318967574085925,0.09917242558597329,0.9268176830812962,-1.0259901086674927,-0.8002461358740445,0.9999999525132052,-0.3011698503147266
1.4829659318637274,0.24618742909442476,0.05029299693781106,559.0684388868706,1.2346887896946521e-8,0.29182944269240396,-0.1435970260049595,-0.14823241668764287,1.3811569013067688,-0.9519685115454717,-0.42918838976118956,-1.1195101804896113,0.7038511494576759,0.4156590310316272,-0.800246137752859,0.9999999537323706,-0.3011698503147266
1.4869739478957915,0.246187429096464,0.050292996938130594,560.5794253335273,1.213038495257115e-8,0.014772421649633865,0.24503213753123207,-0.25980455918107526,0.3838451397822086,0.9864312544148485,-1.3702763941970273,-0.23300813894549027,-0.8426733718028455,1.0756815107481073,-0.8002461395836261,0.999999954908154,-0.3011698503147266
1.4909819639278556,0.24618742908961994,0.050292996938400975,562.0904117801794,1.1824481378334636e-8,-0.29006342412708874,0.172890240735144,0.11717318339172124,-1.3352688020178656,1.069894839253647,0.26537396276411385,1.0916544117019875,-0.8045914452375778,-0.28706296646452434,-0.8002461413675492,0.9999999560704249,-0.3011698503147266
1.4949899799599198,0.24618742909178015,0.050292996938617315,563.6013982268305,1.152493575054843e-8,-0.04944905719087241,-0.22436338041365886,0.27381243760434537,-0.5434744701080251,-0.8585269907524582,1.40200146086044,0.3635137427210135,0.7464857163912384,-1.109999459112406,-0.8002461431058608,0.9999999571852989,-0.3011698503147266
1.498997995991984,0.24618742908579758,0.05029299693908891,565.1123846734795,1.120983271374136e-8,0.28415186296179495,-0.19971253295641747,-0.08443933000552929,1.270297254766655,-1.1725303983633195,-0.09776685640323617,-1.0481968931236183,0.8938326466199342,0.1543642465034285,-0.8002461447997039,0.9999999582912911,-0.3011698503147266
1.503006012024048,0.24618742908670582,0.050292996939092276,566.6233711201284,1.0916084854172572e-8,0.08341897485715011,0.20048805638559672,-0.28390703124290556,0.6953365518756421,0.7183527922521589,-1.413689344127747,-0.48882406731828676,-0.6396294030686601,1.1284534703867437,-0.8002461464502136,0.9999999593484711,-0.3011698503147266
1.5070140280561122,0.24618742908363775,0.050292996939241955,568.1343575667769,1.0649768794686637e-8,-0.27417925283807854,0.22368056863236313,0.05049868420553668,-1.187170843090208,1.2584083580696503,-0.07123751497953516,0.9897587268809387,-0.970299345029149,-0.01945938185186922,-0.8002461480585208,0.9999999603898846,-0.3011698503147266
1.5110220440881763,0.2461874290807084,0.05029299693929182,569.6453440134203,1.0278044003579398e-8,-0.11619668209830457,-0.17374738915477048,0.2899440712529164,-0.8372609973695585,-0.5679120108257946,1.4051730081952873,0.6071481975200956,0.5236316095393487,-1.1307798070595463,-0.8002461496256676,0.9999999614028546,-0.3011698503147266
1.5150300601202404,0.2461874290778781,0.05029299693940702,571.156330460068,1.0042046132672472e-8,0.26028812619856795,-0.24445180638198807,-0.01583631981670199,1.0870775984847523,-1.3263013720759256,0.23922377359125818,-0.9171751096451017,1.0328987033194499,-0.11572359367456238,-0.8002461511527452,0.9999999623907829,-0.3011698503147266
1.5190380761523046,0.24618742907382715,0.05029299693952528,572.6673169067136,9.771101360082869e-9,0.1473137243928015,0.14452354976414256,-0.2918372741570673,0.9672194324569547,0.40935471774171306,-1.3765741501985924,-0.7167950551479437,-0.40015015292194955,1.1169452080697024,-0.800246152640753,0.9999999633569538,-0.3011698503147266
1.5230460921843687,0.24618742907611846,0.05029299693980601,574.178303353363,9.625430027352616e-9,-0.24267700008115917,0.26172937588536205,-0.019052375804350694,-0.9714480151625975,1.3752391022559507,-0.4037910870934294,0.8314833716927303,-1.08073603938373,0.2492526676909359,-0.800246154090716,0.9999999642870364,-0.3011698503147266
1.5270541082164328,0.24618742907007685,0.05029299694006899,575.6892898000085,9.402493142376258e-9,-0.17632538519588425,-0.1132342073905668,0.2895595925860528,-1.0833545366570254,-0.24494700589659923,1.3283015425536442,0.8161976036650433,0.2709498267376111,-1.0871474304030364,-0.8002461555035804,0.9999999652096574,-0.3011698503147266
1.531062124248497,0.24618742907266455,0.05029299694019913,577.2002762466516,9.146952286411168e-9,0.22159757802897798,-0.27526635732583266,0.053668779296533554,0.8419346712236451,-1.4045221665514236,0.5625874953278439,-0.7339082232062598,1.1131276940646129,-0.37921947085874863,-0.8002461568803173,0.9999999660902883,-0.3011698503147266
1.535070140280561,0.24618742906647484,0.05029299694056567,578.711262693292,8.852944435665863e-9,0.20281703142916122,0.08032654048141455,-0.2831435719108806,1.184006515484369,0.07703855371125434,-1.2610450691955313,-0.9039351900050355,-0.13787713217054076,1.0418123221751852,-0.8002461582218404,0.9999999669690279,-0.3011698503147266
1.539078156312625,0.24618742906840257,0.050292996940536606,580.2222491399347,8.631148025151742e-9,-0.19735111590297613,0.2848692730435699,-0.08751815714091221,-0.7003885203795456,1.4137320122071333,-0.7133434918276427,0.6258441665604322,-1.129610695922161,0.5037665293614751,-0.8002461595290431,0.9999999678037992,-0.3011698503147266
1.5430861723446891,0.24618742906656282,0.050292996940724616,581.7332355865792,8.479731174290825e-9,-0.22641004655612446,-0.04627085960271165,0.27268090615853025,-1.2677368637828126,0.09197091829509316,1.17576594548762,0.9787538756822871,0.0028339227612725337,-0.9815877984437712,-0.8002461608028281,0.999999968628783,-0.3011698503147266
1.5470941883767533,0.24618742906481542,0.05029299694064491,583.2442220332167,8.172780321014652e-9,0.1702841436711168,-0.29040088403874353,0.12011674036736586,0.5488325312972274,-1.4027370336818514,0.8539045023846664,-0.5088356477956588,1.129949487810724,-0.6211138400153783,-0.8002461620440069,0.9999999694287904,-0.3011698503147266
1.5511022044088174,0.24618742906163413,0.05029299694073831,584.7552084798574,7.96977400006081e-9,0.24676726093781,0.011553884171469034,-0.25832114510951465,1.3333489596194261,-0.25966595977647716,-1.0736829998428448,-1.0395844037867628,0.13224978904378737,0.9073346147426391,-0.8002461632534577,0.9999999702128685,-0.3011698503147266
1.5551102204408815,0.2461874290584034,0.05029299694076407,586.2661949264947,7.705720690878105e-9,-0.14078349560918724,0.2917821292328945,-0.15099863362396063,-0.38943271139135993,1.3716943493765958,-0.9822616379852664,0.38455492754425713,-1.114139212474487,0.7295842849300179,-0.8002461644319615,0.9999999709777752,-0.3011698503147266
1.5591182364729457,0.2461874290599933,0.050292996941050064,587.7771813731387,7.62162649038404e-9,-0.26359771163017925,0.02332821854951645,0.24026949308041273,-1.3799050404128945,0.4236498981944129,0.9562551422183737,1.08555735161111,-0.26544340895090024,-0.8201139426603543,-0.8002461655803431,0.9999999717150879,-0.3011698503147266
1.5631262525050098,0.2461874290542322,0.05029299694130403,589.2881678197797,7.487347966084258e-9,0.1092707956220814,-0.2889932748722912,0.1797224792500006,0.22446719083347333,-1.3210476449182234,1.0965804540847675,-0.2547782181874525,1.082405851443529,-0.8276276332563145,-0.8002461666993376,0.9999999724488359,-0.3011698503147266
1.567134268537074,0.24618742905797247,0.05029299694137439,590.799154266417,7.276155658311806e-9,0.27666087111051824,-0.057876919283056605,-0.2187839518276472,1.4067397631024263,-0.5815791091853294,-0.8251606539169871,-1.1160157066604375,0.39484336025533784,0.7211723464048058,-0.8002461677897235,0.9999999731419155,-0.3011698503147266
1.571142284569138,0.2461874290520817,0.05029299694157786,592.3101407130519,7.02363460464313e-9,-0.07619641619347534,0.282074177726337,-0.205877761533068,-0.05629362595264366,1.2515207522676937,-1.1952271263150558,0.12136026439439826,-1.0352029303862562,0.9138426659916709,-0.800246168852223,0.999999973838812,-0.3011698503147266
1.5751503006012022,0.24618742905404128,0.05029299694159881,593.8211271596874,6.809264772932142e-9,-0.2857700397232476,0.09159845296118392,0.1941715867618541,-1.4134696015559127,0.7311964947614766,0.6822731067943256,1.1305241561260246,-0.5186002805846314,-0.6119238755414924,-0.8002461698875364,0.9999999745000545,-0.3011698503147266
1.5791583166332663,0.246187429051079,0.05029299694172591,595.3321136063263,6.693425930293393e-9,0.04203305027407119,-0.2711237194154962,0.22909066914125045,-0.11268447571863997,-1.1641073324637292,1.2767918081823604,0.013792147913457745,0.9732050579946308,-0.9869972059082652,-0.8002461708963868,0.999999975156468,-0.3011698503147266
1.5831663326653305,0.246187429050746,0.05029299694160674,596.8431000529597,6.457241590087856e-9,0.2907950261633773,-0.12401087644774413,-0.16678414971577896,1.3999983465993973,-0.8703637340849651,-0.5296346125143231,-1.1288753249157242,0.6349454459685278,0.49392987894693985,-0.8002461718794116,0.9999999757877808,-0.3011698503147266
1.5871743486973946,0.2461874290488652,0.050292996941718154,598.3540864995963,6.314674829058475e-9,-0.007268955093977358,0.25629841844914386,-0.24902946335532697,0.28005211126054247,1.0600567046842522,-1.3401088159447727,-0.14874744547305782,-0.8972983216407859,1.0460457671136723,-0.8002461728373104,0.9999999764076961,-0.3011698503147266
1.5911823647294587,0.24618742904740465,0.050292996941748026,599.8650729462303,6.1268257196997644e-9,-0.2916640191593375,0.15465095826622835,0.1370130608929349,-1.3665185458343474,0.9970918779979987,0.36942666783624206,1.111092794234592,-0.7422160760447082,-0.36887671818994877,-0.8002461737706992,0.9999999770120404,-0.3011698503147266
1.5951903807615229,0.24618742904773616,0.05029299694195618,601.3760593928673,6.032931346305564e-9,-0.027599027398353095,-0.23781013725485547,0.2654091646530623,-0.44341728932532926,-0.940855917405963,1.3842732067312573,0.28157686984877495,0.8085675408472874,-1.0901444106961846,-0.8002461746802313,0.9999999775971941,-0.3011698503147266
1.599198396793587,0.24618742904183094,0.05029299694218501,602.8870458395055,5.986411169588276e-9,0.2883645918025748,-0.18308078884347348,-0.10528380295921583,1.3135086695397584,-1.1095697333737315,-0.20393893616592462,-1.0774306931769193,0.838879063730549,0.2385516294461495,-0.8002461755664853,0.9999999781818861,-0.3011698503147266
1.6032064128256511,0.2461874290461622,0.050292996942231875,604.3980322861357,5.7522709838755925e-9,0.06207256992475302,0.21592311474777542,-0.2779956846726538,0.6004452269891033,0.8082085802349254,-1.4086538072239816,-0.4103820484563586,-0.7082808529393229,1.1186629013955192,-0.8002461764300907,0.9999999787273463,-0.3011698503147266
1.6072144288577153,0.24618742904069782,0.05029299694235211,605.9090187327671,5.559247152736801e-9,-0.2809439113006119,0.2088940627663227,0.0720498485341652,-1.2417263596529158,1.2061898097133448,0.03553654993947468,1.0283701449223335,-0.9235529374569793,-0.10481720746537666,-0.8002461772716084,0.9999999792803048,-0.3011698503147266
1.6112224448897794,0.24618742904332575,0.05029299694241625,607.4200051793972,5.352097237570711e-9,-0.09565898209242095,-0.19095015494788659,0.28660913704020297,-0.7488917057062737,-0.6640104585280995,1.412902164234315,0.5333221184767934,0.5978715319933365,-1.1311936504701852,-0.8002461780915896,0.9999999798022783,-0.3011698503147266
1.6152304609218435,0.24618742903899704,0.050292996942362035,608.9309916260302,5.229914448265542e-9,0.26950802685803427,-0.23172185684672222,-0.03778617001138273,1.1521975134366214,-1.2855712305463511,0.13337371710981982,-0.9646123081229233,0.9950275507597909,-0.03041524263703485,-0.8002461788906136,0.9999999803246306,-0.3011698503147266
1.6192384769539077,0.24618742903977886,0.05029299694231472,610.4419780726611,5.07528344284838e-9,0.127878251243819,0.16324816389349547,-0.29112641513739207,0.886635144787061,0.5103224006393835,-1.3969575454263756,-0.6486400335542695,-0.47891752247261055,1.1275575560267421,-0.8002461796691859,0.9999999808235983,-0.3011698503147266
1.6232464929859718,0.24618742903819826,0.05029299694246064,611.9529645192936,4.984014486531384e-9,-0.2542203823833783,0.25123792497645653,0.0029824574068185398,-1.0462016523222493,1.3465794807430866,-0.300377828420919,0.8870683947942128,-1.0522813974422587,0.16521300264803188,-0.8002461804278599,0.9999999813148942,-0.3011698503147266
1.627254509018036,0.246187429036947,0.05029299694248626,613.463950965926,4.882772643134343e-9,-0.15826990690043813,-0.1332130567976051,0.2914829636979525,-1.0117069377220427,-0.34934089786517447,1.3610478355871378,0.7546876912133775,0.353118901606038,-1.107806592819435,-0.8002461811671183,0.9999999817942412,-0.3011698503147266
1.6312625250501,0.24618742903807525,0.05029299694266455,614.9749374125576,4.7834603496383674e-9,0.2352994620466369,-0.26716334250119045,0.031863880454497055,0.925253658886074,-1.3883426515338249,0.463088992647823,-0.796846653386519,1.0944962209289897,-0.29764956754260746,-0.8002461818874865,0.9999999822557528,-0.3011698503147266
1.6352705410821642,0.24618742903217125,0.05029299694290004,616.4859238591894,4.697286492222456e-9,0.186399590913942,0.1012740899428218,-0.2876736808568198,1.1223195680934783,0.18336667144333,-1.3056862395367208,-0.8499494663960232,-0.22227356179619784,1.0722230281920841,-0.8002461825894174,0.9999999827217381,-0.3011698503147266
1.6392785571142283,0.24618742903689433,0.050292996942903366,617.9969103058179,4.548028748698525e-9,-0.2130156819523154,0.2792705074314296,-0.06625482547920264,-0.79108209882469,1.4102638704733348,-0.6191817716487064,0.6952365163338204,-1.1210686946731494,0.4258321783393106,-0.8002461832734105,0.9999999831508268,-0.3011698503147266
1.6432865731462925,0.24618742903119975,0.05029299694294972,619.5078967524474,4.426683882119786e-9,-0.21186528662220555,-0.0678877329666337,0.2797530195887545,-1.2168922079383093,-0.014771805138009533,1.2316640130762238,0.9330639150535218,0.08825153184448029,-1.0213154468979972,-0.8002461839399099,0.9999999835905155,-0.3011698503147266
1.6472945891783566,0.24618742903491891,0.050292996943029106,621.0188831990738,4.246560009670535e-9,0.18768751572223813,-0.28738638356089063,0.09969886783860256,0.6456045180757967,-1.41202982545202,0.7664253073762737,-0.583690169268379,1.1316190357407163,-0.5479288664724478,-0.8002461845893523,0.9999999840014592,-0.3011698503147266
1.6513026052104207,0.24618742903029853,0.05029299694290646,622.5298696457023,4.12150364460913e-9,0.23430303762030058,0.0335311350891478,-0.2678341727094915,1.2940732240224264,-0.15403417645814477,-1.1400390475641806,-1.0028431668278839,0.04703177375482956,0.9558113930729146,-0.8002461852221951,0.9999999844163674,-0.3011698503147266
1.6553106212424848,0.24618742903225724,0.05029299694292596,624.0408560923319,4.032471331531698e-9,-0.15967694978501737,0.29139498039272255,-0.13171803060777637,-0.4909000638226533,1.393615287890254,-0.9027152240676388,0.463801818571988,-1.1259964668248685,0.6621946482528582,-0.8002461858388414,0.9999999848098307,-0.3011698503147266
1.659318637274549,0.2461874290296565,0.050292996943061524,625.551842538961,3.952569995273913e-9,-0.2533921701386034,0.0013046839689638146,0.252087486169564,-1.3527595599312874,0.32063872551562145,1.0321208344155601,1.0582899509392847,-0.18164290767691008,-0.8766470432623474,-0.8002461864397306,0.999999985201719,-0.3011698503147266
1.6633266533066131,0.2461874290285862,0.05029299694307562,627.062828985591,3.902211452615398e-9,0.12938430540561235,-0.29123900657924606,0.16185470117359002,0.32917974125134386,-1.3552834158058291,1.026103674554511,-0.3372848834332758,1.104281331156144,-0.7669964477229486,-0.8002461870252369,0.9999999855819812,-0.3011698503147266
1.6673346693386772,0.24618742902982957,0.050292996943212424,628.5738154322182,3.791645311268014e-9,0.2688598653497594,-0.036121857131299534,-0.23273800821848956,1.3921124900618802,-0.4826607608182997,-0.9094517292434722,-1.098611837864078,0.3136580321427555,0.7849538057211858,-0.8002461875957879,0.9999999859463112,-0.3011698503147266
1.6713426853707414,0.24618742902468918,0.05029299694342101,630.0848018788461,3.6993128680388514e-9,-0.09724252202464784,0.28692068944804505,-0.18967816742349125,-0.16275483671180807,1.2975820466088404,-1.134827209897067,0.20594752841371633,-1.066783980991071,0.8608364525772411,-0.8002461881517372,0.9999999863169542,-0.3011698503147266
1.6753507014028055,0.2461874290295583,0.05029299694342115,631.5957883254724,3.588925784785875e-9,-0.28048506399438167,0.07042278342619815,0.21006228056805135,-1.411569603468888,0.6377846990723205,0.7737849043964572,1.1232325656286004,-0.44119041529511444,-0.6820421503335086,-0.8002461886934722,0.9999999866543824,-0.3011698503147266
1.6793587174348696,0.24618742902392632,0.05029299694338647,633.1067747721,3.521465805643309e-9,0.06371096679417149,-0.2785017544081916,0.21479078761392034,-0.005996127706021689,-1.2213358724324153,1.2273320001384362,-0.07166681143679596,1.0140403479706952,-0.9423735365340096,-0.8002461892213559,0.9999999870047876,-0.3011698503147266
1.6833667334669338,0.2461874290282381,0.05029299694344501,634.6177612187236,3.3580258832880745e-9,0.2881016136832863,-0.10371723890363649,-0.18438437477972183,1.4108527844295944,-0.7837935218054285,-0.6270592626240552,-1.1318002288294973,0.5624173765498262,0.5693828522794872,-0.8002461897357291,0.9999999873273884,-0.3011698503147266
1.687374749498998,0.2461874290233177,0.050292996943272494,636.1287476653475,3.2067953840304316e-9,-0.029268864121066537,0.2661025206029468,-0.23683365648197297,0.17466139615239173,1.1276345659743023,-1.3022959621266803,-0.06363815574559928,-0.9468042185161797,1.010442374261683,-0.8002461902369543,0.9999999876571369,-0.3011698503147266
1.691382765531062,0.2461874290262912,0.05029299694337278,637.6397341119756,3.181947942384639e-9,-0.29160066248214983,0.1355293854343364,0.15607127704770446,-1.3899722891421427,0.9186004981299324,0.4713717910121016,1.1241923889958867,-0.6756063622844843,-0.4485860267114007,-0.8002461907253551,0.999999987967531,-0.3011698503147266
1.6953907815631262,0.24618742902347818,0.0502929969434875,639.1507205586018,3.115754167441572e-9,-0.005591543975795364,-0.2499001899583452,0.25549173393405716,-0.34083042972960736,-1.0178172875465812,1.3586477172761617,0.19803361470077208,0.8660365142083178,-1.0640701289091574,-0.8002461912012752,0.9999999882791314,-0.3011698503147266
1.6993987975951903,0.24618742902381063,0.050292996943484415,640.6617070052309,3.128376011666102e-9,0.290932203853415,-0.16540456958049088,-0.12552763427297953,1.3492265414067797,-1.0402789898853975,-0.308947551521277,-1.100517778955248,0.7791396954012201,0.3213780835538644,-0.8002461916650082,0.9999999885780074,-0.3011698503147266
1.7034068136272544,0.2461874290238478,0.05029299694362795,642.1726934518547,3.0097025137441076e-9,0.04037203894901316,0.230126330947369,-0.27049836989645293,0.5021283744262739,0.8934535469309108,-1.3955819213571456,-0.3295988116821587,-0.772891571453869,1.1024903831359278,-0.8002461921169044,0.9999999888684586,-0.3011698503147266
1.7074148296593186,0.24618742901867496,0.050292996943852364,643.6836798984784,2.899000040573372e-9,-0.28610578124526614,0.19291581196526295,0.09318996927905877,-1.289197839944345,1.1470899599567754,0.1421078799874469,1.0611147260506115,-0.8715376736794807,-0.18957705237193695,-0.8002461925572328,0.9999999891650403,-0.3011698503147266
1.7114228456913827,0.24618742902364926,0.05029299694384471,645.1946663451037,2.8397389464195194e-9,-0.07457554372491026,-0.207063546212404,0.28163908993645986,-0.6562499896782248,-0.7563207233678187,1.4125707130459915,0.45645344142003896,0.6687005965518685,-1.1251540379727198,-0.8002461929862992,0.9999999894293911,-0.3011698503147266
1.7154308617234468,0.24618742901808052,0.050292996943812326,646.7056527917289,2.7837175531692085e-9,0.27719038805203033,-0.21766993643775762,-0.059520451615041006,1.2107441668809207,-1.2375069335893398,0.026762766708514976,-1.0065464198562193,0.9514797944637658,0.05506662539157328,-0.8002461934044014,0.9999999897098245,-0.3011698503147266
1.719438877755511,0.24618742902287188,0.05029299694379788,648.216639238351,2.658486132835199e-9,0.10771322804553515,0.18104144394871127,-0.2887546719949942,0.8009925957937887,0.6083786893240605,-1.4093712851177873,-0.5767845188055819,-0.5549526642623326,1.131737183067114,-0.8002461938117952,0.9999999899616108,-0.3011698503147266
1.723446893787575,0.24618742901775947,0.05029299694363958,649.7276256849726,2.520780261812218e-9,-0.264313442532394,0.23931316557307653,0.025000276958582673,-1.114986742919215,1.3102376674166187,-0.19525092449749143,0.9375927252991918,-1.0178235301103742,0.08023080481054227,-0.8002461942087796,0.9999999902246067,-0.3011698503147266
1.7274549098196392,0.24618742902136004,0.050292996943716375,651.2386121315997,2.5293802723482404e-9,-0.1393114936354839,-0.15243192481763157,0.2917434184524302,-0.9342875448543949,-0.45174179959117394,1.3860293444454954,0.6888722852954515,0.4332734333973697,-1.1221457186934414,-0.8002461945956065,0.9999999904686117,-0.3011698503147266
1.7314629258517034,0.24618742901855528,0.05029299694385244,652.7495985782244,2.4863720151118344e-9,0.2476589658317442,-0.25753616319213724,0.00987719735977549,1.003294099547054,-1.364242683640895,0.36094858409391883,-0.8552390980923762,1.0696206849316203,-0.21438158683994718,-0.8002461949725508,0.9999999907165279,-0.3011698503147266
1.7354709418837675,0.24618742901887192,0.05029299694388231,654.2605850248518,2.515544269691935e-9,0.16891874215420163,0.12164387350716689,-0.2905626156619565,1.0542298105500187,0.28864868983844094,-1.342878500388378,-0.7911148030952218,-0.30540192919949216,1.0965167322940514,-0.8002461953398391,0.9999999909538023,-0.3011698503147266
1.7394789579158316,0.24618742901915963,0.0502929969439939,655.7715714714731,2.403172917649644e-9,-0.2274649930433684,0.27207850163996067,-0.044613508597806856,-0.8772625607496546,1.39875019141107,-0.5214876306614694,0.7606625504830359,-1.1061310156506552,0.34546846516655744,-0.8002461956977571,0.999999991182877,-0.3011698503147266
1.7434869739478958,0.24618742901353494,0.05029299694422508,657.2825579180933,2.267472252512527e-9,-0.1961118267189379,-0.08911730652719632,0.28522913324504207,-1.159105173770492,-0.12143025694890919,1.28053543071931,0.882050822239206,0.1731656666394883,-1.0552164888797013,-0.8002461960465105,0.9999999914218413,-0.3011698503147266
1.7474949899799597,0.2461874290187591,0.05029299694416393,658.793544364718,2.257561874660717e-9,0.20402012845076894,-0.2827323393684202,0.07871221091664847,0.7386933322974634,-1.4132669969566263,0.6745736646592201,-0.6552147410491787,1.1268327081539709,-0.4716179671058615,-0.8002461963863462,0.999999991627432,-0.3011698503147266
1.7515030060120238,0.24618742901362745,0.05029299694414315,660.3045308113414,2.2072410198845495e-9,0.22050211370562134,0.055317092060609294,-0.2758192057671795,1.247414817544637,-0.04752363031134653,-1.199891187233194,-0.9603807271025417,-0.03845455629583462,0.9988352833973371,-0.8002461967174997,0.999999991851429,-0.3011698503147266
1.755511022044088,0.24618742901897245,0.05029299694410915,661.8155172579632,2.124678119710611e-9,-0.17765944351448068,0.2893454157984891,-0.11168597228493565,-0.5895668258156588,1.4075856387650698,-0.8180188129494576,0.5404027157422626,-1.1314299049572134,0.5910271892140803,-0.8002461970401658,0.9999999920472654,-0.3011698503147266
1.759519038076152,0.24618742901338722,0.05029299694396097,663.3265037045834,2.0054023266628837e-9,-0.24174103009633272,-0.020726294797605356,0.26246732489305524,-1.3178966247155728,0.21579831797436894,1.1020983067411003,1.024985040620746,-0.09680614010443886,-0.9281789005170905,-0.8002461973545909,0.9999999922586981,-0.3011698503147266
1.7635270541082162,0.24618742901738214,0.05029299694396424,664.8374901512083,2.012660174154562e-9,0.14875967808089735,-0.29182321664971356,0.14306353856801096,0.4320143237192526,-1.3817872993050753,0.9497729755858558,-0.41786734124854247,1.1198568933676287,-0.7019895521199354,-0.800246197660967,0.9999999924495359,-0.3011698503147266
1.7675350701402803,0.24618742901396315,0.05029299694411965,666.3484765978307,1.967297917637812e-9,0.25952501670393735,-0.01416071916176376,-0.24536429754292657,1.3695432528763118,-0.38098884751929846,-0.9885544053569069,-1.0749404220397867,0.23068329647726057,0.8442571255616694,-0.8002461979595216,0.9999999926482026,-0.3011698503147266
1.7715430861723445,0.24618742901569082,0.050292996944212076,667.8594630444571,2.0219277537006365e-9,-0.11773386238356069,0.29013032513871534,-0.172396462755896,-0.2682875389277265,1.3362406713323223,-1.0679531324046174,0.2893598704967518,-1.0922790621271237,0.8029191916296639,-0.8002461982504271,0.9999999928348042,-0.3011698503147266
1.7755511022044086,0.2461874290149515,0.05029299694426887,669.3704494910768,1.9166130802407903e-9,-0.27359991851599813,0.048845350598885194,0.22475456791640022,-1.4016166121346212,0.5407343502854769,0.8608822618490344,1.1095329460391072,-0.36126356684664707,-0.7482693791930646,-0.8002461985339075,0.9999999930168426,-0.3011698503147266
1.7795591182364727,0.24618742901205168,0.05029299694443188,670.8814359376992,1.8802950620825593e-9,0.08502541351948287,-0.2842909363067296,0.19926552278659868,0.10072643170690608,-1.2715967036061508,1.170870271899252,-0.15671691502843443,1.04909055227862,-0.8923736372508514,-0.8002461988101313,0.9999999932036954,-0.3011698503147266
1.7835671342685369,0.24618742901522636,0.05029299694437569,672.3924223843185,1.7750888644009425e-9,0.28376457806124183,-0.08283189280608269,-0.20093268525575345,1.4136583123012634,-0.6927517734032955,-0.7209065388978576,-1.1282682197803133,0.4866807224412504,0.6415874973383595,-0.8002461990792924,0.9999999933677463,-0.3011698503147266
1.787575150300601,0.2461874290097482,0.050292996944439554,673.9034088309403,1.7457895311050999e-9,-0.05110179536770995,0.27438850223881417,-0.2232867068716909,0.0682742385329034,1.1887792757391937,-1.2570535142720922,0.021834188937567764,-0.9909086026050217,0.9690744136668735,-0.8002461993415807,0.9999999935492639,-0.3011698503147266
1.7915831663326651,0.24618742901537113,0.050292996944308097,675.4143952775606,1.6819414831839684e-9,-0.2898737196637389,0.1156346150964067,0.1742391045667585,-1.4054962397277029,0.8348685040279467,0.5706277356996461,1.1308784682095743,-0.6051423178846216,-0.525736150325415,-0.8002461995971388,0.9999999937003207,-0.3011698503147266
1.7955911823647293,0.24618742901009702,0.05029299694420191,676.9253817241802,1.5891505561030757e-9,0.016447839866523165,-0.26056456741720024,0.2441167275501558,-0.23629914255606274,-1.0889720399345,1.3252711824905439,0.1133605847662737,0.9185647769744456,-1.0319253617412323,-0.8002461998461745,0.9999999938693164,-0.3011698503147266
1.7995991983967934,0.24618742901480525,0.05029299694416175,678.4363681708024,1.5723264685281143e-9,0.2918400387404572,-0.14678471019527958,-0.14505532854564882,1.3772470610155663,-0.9650534430965717,-0.4121936179188876,-1.11732640060788,0.714955328218903,0.40237107238839614,-0.8002462000888323,0.999999994017089,-0.3011698503147266
1.8036072144288575,0.24618742901027324,0.05029299694433619,679.9473546174244,1.5541829209455043e-9,0.01844118516636492,0.2430166805427535,-0.2614578657095843,0.4009468953386145,0.9736013855098108,-1.3745482808483944,-0.24693522578629615,-0.833092966314369,1.0800281921001793,-0.8002462003253004,0.9999999941783146,-0.3011698503147266
1.8076152304609217,0.24618742901247245,0.05029299694446412,681.4583410640499,1.6236474639634038e-9,-0.28963542504610285,0.17583698056787359,0.113798444477765,-1.3293144861569448,1.0814459938139043,0.24786849234293662,1.0878056819246074,-0.8145503130383812,-0.2732553688865828,-0.8002462005557056,0.9999999943257465,-0.3011698503147266
1.8116232464929858,0.24618742901125953,0.0502929969444733,682.9693275106688,1.5351869674445544e-9,-0.05306665184845213,-0.22199564136894775,0.27506229321697745,-0.5598643816267703,-0.8443161880483454,1.4041805696750713,0.3769807092576038,0.735714734569694,-1.1126954438276861,-0.8002462007802336,0.9999999944699172,-0.3011698503147266
1.81563126252505,0.24618742900958415,0.05029299694455604,684.48031395729,1.5113402714432737e-9,0.2832913853334748,-0.20237621440012155,-0.08091517093372433,1.2623835536077797,-1.1823826858432676,-0.0800008677644124,-1.0427382119356485,0.9025038702451624,0.14023434169001017,-0.8002462009990162,0.9999999946169418,-0.3011698503147266
1.819639278557114,0.24618742901243817,0.050292996944556446,685.9913004039076,1.3975762806801822e-9,0.08693369972481707,0.19780188115768374,-0.28473558088286677,0.7107803886412468,0.7029641761491493,-1.4137445647903408,-0.5016384537464353,-0.6278218011948854,1.1294602549409094,-0.800246201212198,0.9999999947461226,-0.3011698503147266
1.8236472945891782,0.246187429006617,0.0502929969445557,687.5022868505274,1.344244190332863e-9,-0.272898589591662,0.2260231184192057,0.046875471172082614,-1.1774108357351893,1.2664209495584169,-0.08901011382331987,0.9827680927833832,-0.9775589829671006,-0.005209109816557755,-0.8002462014199392,0.9999999948927968,-0.3011698503147266
1.8276553106212423,0.24618742901238358,0.0502929969444162,689.0132732971479,1.3062912394141092e-9,-0.11955830537688997,-0.17078116693730272,0.2903394723138517,-0.851538040123733,-0.5515655109559379,1.403103551079604,0.6191268640007567,0.5109561376273106,-1.130083001628351,-0.800246201622349,0.9999999950096515,-0.3011698503147266
1.8316633266533064,0.2461874290075575,0.05029299694437591,690.5242597437666,1.2478627281259452e-9,0.2586055808566263,-0.24643974534766827,-0.012165835509252022,1.075610776718613,-1.3323597512873975,0.2567489745688684,-0.90875243053182,1.0386429970884412,-0.12989056655700593,-0.8002462018195948,0.9999999951448348,-0.3011698503147266
1.8356713426853706,0.24618742901237142,0.0502929969443618,692.0352461903889,1.2689686427817418e-9,0.1504742054475191,0.1413196762990317,-0.2917938817468356,0.9801256536512462,0.3922839618322975,-1.372409615483467,-0.7277668182665085,-0.38678797290981803,1.114554791175973,-0.8002462020117876,0.9999999952603223,-0.3011698503147266
1.8396793587174347,0.24618742900796958,0.0502929969444875,693.5462326370086,1.2317834029275526e-9,-0.24061662073883525,0.26333429248274215,-0.02271767174420565,-0.958438263095814,1.37925668223316,-0.420818419137421,0.8217490263966087,-1.0848828930529362,0.26313386665611194,-0.8002462021990788,0.9999999953890852,-0.3011698503147266
1.8436873747494988,0.24618742901113652,0.05029299694465378,695.0572190836328,1.3058087236234555e-9,-0.17923955302483685,-0.10983846865650489,0.289078021681064,-1.0947054799053646,-0.22739595573726612,1.3221014356425451,0.8260056549623287,0.25709189887430794,-1.0830975538368361,-0.8002462023815641,0.9999999955043746,-0.3011698503147266
1.847695390781563,0.24618742900890547,0.05029299694463145,696.5682055302497,1.2064287936669263e-9,0.219188809495837,-0.2764653113007535,0.05727650180468394,0.8275679152763196,-1.4064415123996483,0.578873597123393,-0.7230013269076041,1.1156178282362346,-0.3926165013289363,-0.8002462025594025,0.9999999956198611,-0.3011698503147266
1.851703406813627,0.24618742900771792,0.05029299694468303,698.0791919768718,1.2367644737855747e-9,0.20544323401506817,0.07678746714927956,-0.2822307011645737,1.1936399464229601,0.059258039913542074,-1.2528979863364094,-0.9124393467729993,-0.12372150638399836,1.0361608531566846,-0.8002462027326889,0.9999999957365399,-0.3011698503147266
1.8557114228456912,0.24618742900963853,0.05029299694471777,699.5901784234868,1.0857760146401165e-9,-0.19462839073704744,0.28564513687697846,-0.09101674614017452,-0.6848701119125982,1.4135257276276154,-0.7286556157150708,0.6139206195972952,-1.1304085499624035,0.5164879303649278,-0.8002462029015344,0.9999999958387162,-0.3011698503147266
1.8597194388777554,0.24618742900742274,0.050292996944563066,701.101164870106,1.0444373519194723e-9,-0.22871075915535283,-0.04263903153152686,0.27134979068664555,-1.275515111571724,0.10972678158393355,1.1657883299876906,0.9858326103598851,-0.011417092884814526,-0.9744155174752102,-0.8002462030660717,0.9999999959492327,-0.3011698503147266
1.8637274549098195,0.24618742901014048,0.05029299694452045,702.6121513167258,1.0232814483259972e-9,0.167286375109729,-0.2907425703455295,0.12345619523560905,0.5323842600877371,-1.400408077201902,0.8680238171142067,-0.4960658622492762,1.129043666811824,-0.6329778045627911,-0.8002462032263883,0.9999999960462542,-0.3011698503147266
1.8677354709418836,0.24618742900519153,0.05029299694453108,704.1231377633447,9.911428991465227e-10,0.24870958272471635,0.007881205914163063,-0.2565907886390536,1.339160806150254,-0.27714340204606214,-1.0620174041040875,-1.0451365005582631,0.1463925189171794,0.8987439816408087,-0.8002462033826154,0.9999999961557977,-0.3011698503147266
1.8717434869739478,0.24618742901021712,0.050292996944521044,705.6341242099687,1.0653162781756486e-9,-0.1375535287950831,0.2916847586437857,-0.15413122984889574,-0.3722896554189108,1.3672760191780458,-0.994986363759164,0.37112140912409153,-1.111542673213751,0.7404212640895058,-0.8002462035348379,0.9999999962453848,-0.3011698503147266
1.875751503006012,0.24618742900615206,0.05029299694462406,707.145110656586,9.884020431630357e-10,-0.26515389252756844,0.02698925593081719,0.238164636596558,-1.3836674451394404,0.4405991318784891,0.9430683132608431,1.0895034804424273,-0.27927572422055835,-0.8102277562219561,-0.8002462036831812,0.9999999963480556,-0.3011698503147266
1.879759519038076,0.24618742900876878,0.05029299694478048,708.6560971032083,1.0351331508590201e-9,0.10585479067256852,-0.28845823741578225,0.1826034467430592,0.20687434849634279,-1.3146030835106386,1.107728735014312,-0.2408729502920635,1.078155700592089,-0.8372827503002069,-0.8002462038277157,0.9999999964397064,-0.3011698503147266
1.8837675350701402,0.24618742900720586,0.05029299694475133,710.1670835498246,9.392653053979813e-10,0.27780866903118845,-0.06147399161709242,-0.21633467741423482,1.4083989502061345,-0.5977578938254664,-0.8106410563805596,-1.118299466538473,0.4081675681959249,0.7101318983422981,-0.8002462039685716,0.9999999965303601,-0.3011698503147266
1.8877755511022043,0.24618742900891075,0.0502929969447831,711.6780699964501,1.0683562506959718e-9,-0.07264319328797592,0.28110911507058006,-0.20846592178276388,-0.038502425075584684,1.2431420582724961,-1.2046396331969147,0.10718197357350451,-1.0293599026707076,0.9221779290970581,-0.8002462041058216,0.9999999966186891,-0.3011698503147266
1.8917835671342684,0.24618742900740032,0.050292996944790884,713.1890564430607,8.37964105490339e-10,-0.2864930514188114,0.09508015129231162,0.1914129001263323,-1.4130018583558401,0.7463736022700851,0.6666282560856447,1.1311129079828213,-0.5312259510540113,-0.5998869569288665,-0.8002462042395525,0.999999996704225,-0.3011698503147266
1.8957915831663326,0.24618742900732093,0.05029299694457676,714.700042889679,8.034273919376243e-10,0.03839339005603545,-0.26974243062826303,0.23134904057209352,-0.13041977063421717,-1.1539142388910053,1.284334009525212,0.02804083245328371,0.9658526559059578,-0.9938934883593759,-0.8002462043698717,0.9999999967878486,-0.3011698503147266
1.8997995991983967,0.24618742900797974,0.05029299694460877,716.211029336297,7.620968389088815e-10,0.29108292461083546,-0.12732744251099282,-0.16375548209994886,1.3974103895277108,-0.8843222709952533,-0.5130881185323484,-1.1277606798762851,0.6466921460131466,0.48106853386292125,-0.800246204496848,0.9999999968678902,-0.3011698503147266
1.9038076152304608,0.24618742900334845,0.05029299694462396,717.7220157829166,7.641447060318183e-10,-0.0035948754928964433,0.2545206249115381,-0.2509257494187644,0.2974780228918087,1.0481948513172823,-1.3456728742090678,-0.16286288029853793,-0.8885415866911276,1.0514044669895304,-0.800246204620587,0.9999999969565462,-0.3011698503147266
1.907815631262525,0.24618742900841298,0.05029299694463326,719.2330022295406,8.696617016279679e-10,-0.2915126909556733,0.15775499335039467,0.13375769760514014,-1.3618473690979427,1.0096323591022742,0.3522150099955625,1.108290688176436,-0.7529159296297219,-0.3553747585467434,-0.8002462047411507,0.9999999970257134,-0.3011698503147266
1.911823647294589,0.2461874290039828,0.05029299694470993,720.7439886761563,7.747846858694758e-10,-0.03125501586192426,-0.23566125786840364,0.2669162737302163,-0.46028476647815875,-0.9274948556850943,1.3877796221632168,0.2953573160688583,0.7985316444572547,-1.093888960526199,-0.8002462048586468,0.9999999971088177,-0.3011698503147266
1.9158316633266532,0.2461874290073215,0.05029299694488346,722.2549751227783,8.414124604193714e-10,0.28777620326565156,-0.18592793407108846,-0.1018482691946436,1.3068210396843676,-1.1205129419759565,-0.18630809770830942,-1.0729811810706835,0.8483791597106094,0.22460202135988822,-0.800246204973128,0.9999999971798501,-0.3011698503147266
1.9198396793587174,0.24618742900519472,0.050292996944883955,723.7659615693929,7.300999555053394e-10,0.06565821540194278,0.2134338606506684,-0.2790920760527024,0.6165131960812832,0.7935392634428479,-1.410052459524083,-0.423630553718143,-0.6971092253400218,1.1207397790580353,-0.8002462050846877,0.9999999972527458,-0.3011698503147266
1.9238476953907815,0.24618742900760132,0.050292996944948765,725.2769480160179,8.717579290024287e-10,-0.27992686418896195,0.21144362170703646,0.0684832424818122,-1.2331178474914224,1.2153793474205266,0.017738500070799287,1.0223368082868753,-0.9317174989730792,-0.09061930931380757,-0.8002462051933971,0.9999999973220228,-0.3011698503147266
1.9278557114228456,0.2461874290062991,0.050292996944871333,726.7879344626292,6.757446413442893e-10,-0.09912303874847508,-0.18815610394840607,0.2872791426967879,-0.7639305267430618,-0.6482425467987369,1.412173073541739,0.545849336918613,0.5857238431774325,-1.1315731800960884,-0.8002462052993164,0.9999999973886543,-0.3011698503147266
1.9318637274549098,0.24618742900911603,0.050292996944655,728.2989209092478,6.639964100041738e-10,0.26807686209096554,-0.2339373987466781,-0.03413946334434715,1.1417911420733382,-1.2928757583174113,0.15108461624416228,-0.9570813707969733,1.0017398918795173,-0.04465852108269919,-0.800246205402535,0.9999999974486189,-0.3011698503147266
1.9358717434869739,0.24618742900627108,0.05029299694472014,729.8099073558648,6.136893806529665e-10,0.1311712131813762,0.1601892512774563,-0.29136046445889896,0.900429892042097,0.49368125520301254,-1.3941111472450392,-0.660266934175477,-0.4659673933120033,1.1262343274873523,-0.8002462055031049,0.9999999975190133,-0.3011698503147266
1.939879759519038,0.24618742900207632,0.0502929969447322,731.3208938024835,6.110178587884062e-10,-0.25239553610024956,0.2530877669014546,-0.0006922308012984046,-1.0341460995749,1.3518945479635562,-0.317748448388737,0.8781474459021855,-1.057445541995112,0.17929809609292158,-0.8002462056011121,0.999999997590249,-0.3011698503147266
1.9438877755511021,0.24618742900702162,0.05029299694472857,732.8318802491084,7.516124569909359e-10,-0.16134471237746273,-0.1299330007942853,0.29127771317166584,-1.024060471310895,-0.33206435480842456,1.3561248261192396,0.7652481123597749,0.33955141643295267,-1.1047995287927372,-0.8002462056966,0.9999999976430943,-0.3011698503147266
1.9478957915831663,0.24618742900225396,0.050292996944814136,734.3428666957217,6.1781723044364e-10,0.2331070242247881,-0.26862105524884367,0.03551403102400825,0.9117212481770312,-1.3915923216212192,0.4798710734442591,-0.786663212601311,1.0980383836284011,-0.31137517102721696,-0.8002462057896651,0.9999999977115595,-0.3011698503147266
1.9519038076152302,0.24618742900568943,0.05029299694500753,735.8538531423443,7.151528252226273e-10,0.18921229959816915,0.09781976960790296,-0.2870320692061187,1.1330553508303212,0.16570164324877998,-1.2987569940790125,-0.8592924954745981,-0.2082826251670753,1.0675751206415447,-0.800246205880339,0.9999999977673433,-0.3011698503147266
1.9559118236472943,0.24618742900321075,0.05029299694499272,737.364839588957,5.684208863556986e-10,-0.21048698573192448,0.280315256176958,-0.06982827044510853,-0.7762662286069479,1.4114016865305226,-0.6351354579236352,0.6839361196261876,-1.122938241554391,0.43900212192819843,-0.8002462059686979,0.9999999978255613,-0.3011698503147266
1.9599198396793585,0.24618742900568963,0.05029299694496075,738.8758260355793,6.617106877472753e-10,-0.21437569337274356,-0.06430851327842717,0.2786842066510992,-1.2258567896846566,0.0030292526727266726,1.222827537011833,0.9410560092600201,0.07403708997386362,-1.015093099233865,-0.8002462060548026,0.9999999978789279,-0.3011698503147266
1.9639278557114226,0.24618742900537696,0.050292996944921904,740.3868124821927,5.290773109432781e-10,0.18485870443026656,-0.28800324034322256,0.10314453591291817,0.6297169491808972,-1.4110395470716721,0.7813225978908243,-0.571434332526304,1.131789263209994,-0.5603549306837867,-0.8002462061386921,0.9999999979307037,-0.3011698503147266
1.9679358717434867,0.24618742900929355,0.050292996944739383,741.897798928812,5.499837330776034e-10,0.23647527056982634,0.02987816918816237,-0.26635343975801906,1.3011384944966848,-0.17171685755622298,-1.1294216369403602,-1.009370112575819,0.06126657275764646,0.9481035398180446,-0.8002462062204454,0.999999997975086,-0.3011698503147266
1.9719438877755509,0.24618742900563745,0.050292996944748286,743.4087853754287,5.034202787637233e-10,-0.15658845303414712,0.2915751313971519,-0.1349866783630638,-0.4741678601844933,1.3905110689281992,-0.9163432087437426,0.45076570151601586,-1.1244649442625567,0.6736992427465294,-0.8002462063000982,0.9999999980333678,-0.3011698503147266
1.975951903807615,0.2461874290010933,0.05029299694480194,744.9197718220463,4.851560325060643e-10,-0.2551951688005509,0.004979187700243547,0.25021598110024335,-1.3578244875358947,0.337950304855024,1.0198741826807647,1.0632584239310134,-0.1956946199449932,-0.8675638039859811,-0.8002462063777245,0.9999999980921377,-0.3011698503147266
1.9799599198396791,0.24618742900563947,0.05029299694484707,746.4307582686702,6.169080342529563e-10,0.12608026502126765,-0.29097987867509284,0.1648996136537936,0.31184204200256477,-1.350109637142451,1.0382675951399107,-0.32365480088513116,1.1010699587373733,-0.7774151578523094,-0.8002462064533546,0.9999999981334315,-0.3011698503147266
1.9839679358717432,0.24618742900139712,0.050292996944898576,747.9417447152834,4.96230830471533e-10,0.27026786847106465,-0.03976538244516178,-0.230502486025921,1.3951047146431832,-0.4993538239462786,-0.8957508906967958,-1.1019508495720731,0.3273258310775628,0.7746250184943851,-0.8002462065270654,0.9999999981880892,-0.3011698503147266
1.9879759519038074,0.2461874290042637,0.05029299694509924,749.452731161905,5.913353114166313e-10,-0.09377016018081698,0.2862259939488533,-0.19245583376808054,-0.14505942966305993,1.2904126723040492,-1.145353242641001,0.1919182808301331,-1.0619386745993165,0.8700203937691617,-0.8002462065988799,0.999999998232331,-0.3011698503147266
1.9919839679358715,0.24618742900233148,0.050292996945054895,750.9637176085178,4.5574867828583456e-10,-0.2814779452037686,0.07398325679519574,0.20749468840851557,-1.412446336465115,0.6536206590925348,0.7588256773724701,1.1248943767552015,-0.45427895448805167,-0.6706154222670975,-0.8002462066688659,0.9999999982779384,-0.3011698503147266
1.9959919839679356,0.24618742900392393,0.05029299694500688,752.4747040551379,4.998218140637297e-10,0.060119906506306955,-0.2773814097544341,0.2172615032480988,-0.023796351666278553,-1.212273344024365,1.2360696956906416,-0.0574388936914441,1.0076303363187946,-0.9501914426273878,-0.8002462067370664,0.9999999983209275,-0.3011698503147266
2.0,0.24618742900095483,0.05029299694467472,753.985690501748,2.9842801743944364e-10,0.2886651909965267,-0.10714377573885617,-0.18152141525767868,1.409601538765282,-0.7985460712972642,-0.6110554674679076,-1.1317611227261293,0.5747396083663504,0.5570215143596599,-0.800246206803503,0.9999999983639699,-0.3011698503147266
