time,pi_cc_d,pi_cc_q,theta_pll,gamma_pll,i_vsc_a,i_vsc_b,i_vsc_c,v_sh_a,v_sh_b,v_sh_c,i_bus_a,i_bus_b,i_bus_c
0.0,0.2460917358604301,0.05027341682388865,-0.0025073718408679824,0.0,0.28902721560349,-0.10880568169796613,-0.18022153390552376,1.408384007045068,-0.8051537105810788,-0.6032302964639888,-1.131014845191197,0.5802074229194469,0.5508074222717497
0.004008016032064128,0.24609173585938704,0.05027341682473446,1.5084790747752812,-7.1100078841238804e-12,-0.023881856669911602,0.2639326856676688,-0.2400508289979659,0.20055714676215278,1.1112019217386555,-1.3117590685007796,-0.08454928540853596,-0.9345828532082122,1.0191321386165793
0.008016032064128256,0.24609173586138158,0.05027341682478658,3.0194655213959742,9.675901048958826e-11,-0.2918822613920711,0.1403584305273404,0.1515238308646391,-1.3844077362172196,0.9379962031883854,0.44641153302889997,1.1209071302055997,-0.6919353737270089,-0.428971756478683
0.012024048096192383,0.24609173585856456,0.050273416824895924,4.530451968011996,8.163994286465246e-11,-0.01101221571466862,-0.24715305242686894,0.2581652681414164,-0.3660609477218604,-0.999065926287655,1.3651268740095286,0.21855199710357887,0.8518630493630039,-1.0704150464667122
0.01603206412825651,0.24609173585745833,0.050273416824955536,6.041438414631341,1.4653285091991846e-10,0.2905657649145805,-0.16990519501700874,-0.1206605698975824,1.3406457059061185,-1.0574329889994634,-0.28321271690659805,-1.0947795688914945,0.7937742840229192,0.30100528486843725
0.02004008016032064,0.2460917358589523,0.05027341682503951,7.552424861247023,1.199314175985885e-10,0.045748903500755646,0.22684114958551402,-0.2725900530863649,0.5263330667815683,0.8726514492347723,-1.398984516016316,-0.34943120034087055,-0.7569685624502711,1.1063997627910707
0.024048096192384766,0.24609173586004712,0.0502734168250032,9.063411307866923,1.9784017758679785e-10,-0.2850965556452441,0.19702370570281547,0.08807284994240361,-1.2777234032274776,1.1617571278316619,0.1159662753958128,1.0530056114878612,-0.884268711594775,-0.1687368998931168
0.028056112224448895,0.2460917358560793,0.05027341682494984,10.574397754478406,6.476496902657047e-11,-0.07983175457222874,-0.20328727037378383,0.28311902494597274,-0.6790829231906588,-0.733765184387072,1.4128481075777304,0.4753163917278628,0.6512556078544148,-1.1265719995823238
0.03206412825651302,0.24609173586074778,0.05027341682509588,12.085384201099055,1.6170818018308998e-10,0.2755527841327447,-0.22132637959513388,-0.05422640453763813,1.1965400503607677,-1.249477587431097,0.05293753707033649,-0.9961822393865561,0.962125287146788,0.034056952239728246
0.03607214428857715,0.24609173585910396,0.050273416824752185,13.596370647718363,2.24946796008405e-10,0.11277366720800265,0.17682804554768183,-0.2896017127557203,0.822127445584396,0.5843920730080159,-1.4065195185924144,-0.5944084453116287,-0.5362350203265404,1.1306434656381352
0.04008016032064128,0.24609173585479438,0.050273416824794,15.107357094328153,5.1225591187021324e-11,-0.2620708707656745,0.24246590208329727,0.01960496868217116,-1.0982560066286886,1.319340781972708,-0.22108477534407264,0.9251216460951949,-1.0262313741372087,0.10110972804193807
0.044088176352705406,0.2460917358581288,0.05027341682487647,16.618343540949073,1.5563446353031333e-10,-0.14410383449846334,-0.14784162076501514,0.2919454552634499,-0.9534222493466895,-0.4266669196369783,1.3800891689836623,0.7050053052415574,0.4135506435163985,-1.1185559487579828
0.04809619238476953,0.24609173585353386,0.050273416824841245,18.12932998756165,5.3684142130634556e-11,0.24484347796551184,-0.2601401375851202,0.01529665961958732,0.9842758404751071,-1.3703481436372653,0.3860723031621541,-0.840839343375376,1.0756707074046639,-0.23483136402930516
0.052104208416833664,0.24609173585668087,0.050273416825006204,19.640316434182427,1.5656233458625603e-10,0.17337449261902949,0.11674226862396934,-0.2901167612430231,1.0710908995648754,0.2628439154554721,-1.3339348150203492,-0.8055263457743784,-0.2849558712044147,1.0904822169787691
0.05611222444889779,0.24609173585529867,0.05027341682488504,21.151302880795463,6.70886405559674e-11,-0.224116829872411,0.274096501389317,-0.04997967151692598,-0.8562285927503928,1.4017707531479753,-0.5455421603975816,0.7445399262973896,-1.109736762221049,0.36519683592363805
0.06012024048096192,0.2460917358662418,0.05027341682505237,22.662289327413564,1.0444166437949548e-10,-0.2001673177235762,-0.08397445683211918,0.28414177455568146,-1.173451729315784,-0.0952643951128255,1.268716124428611,0.8945349605496047,0.1522885631365052,-1.0468235236861252
0.06412825651302605,0.2460917358572741,0.05027341682457809,24.173275774027697,4.264949423241859e-11,0.20018713247634295,-0.2841355127574226,0.0839483802810666,0.715944234802688,-1.4131594350535848,0.6972152002508945,-0.6375996393939458,1.127942600926764,-0.4903429615328273
0.06813627254509018,0.2460917358537522,0.050273416824382945,25.684262220638487,-1.0031133915433044e-10,0.22409937701304616,0.05000649527289498,-0.2741058722859475,1.2590417452115201,-0.07367663583367899,-1.1853651093778432,-0.9707590039538454,-0.017444764335955563,0.9882037682897964
0.0721442885771543,0.24609173585344332,0.05027341682480259,27.195248667257438,-4.150860217608954e-11,-0.17339639676638452,0.29011370907658707,-0.1167173123102125,-0.5654277365560225,1.4043514988806078,-0.838923762324586,0.521546897198087,-1.1300280889446763,0.6084811917465793
0.07615230460921843,0.24609173585491978,0.05027341682469213,28.706235113876076,1.1668117197215619e-11,-0.24482864859547926,-0.015323848853887313,0.2601524974493593,-1.3266377544349846,0.2415646894742489,1.0850730649607387,1.0331091285263456,-0.1176483493781942,-0.9154607791481617
0.08016032064128256,0.24609173585305444,0.050273416824697596,30.217221560492366,5.313122402503073e-12,0.14412751004524615,-0.29194565166487113,0.14781814161958984,0.4068302432894924,-1.3754728140116854,0.9686425707221925,-0.3980402975823736,1.1159634105327172,-0.717923112950372
0.08416833667334668,0.24609173585603986,0.05027341682474149,31.72820800711169,7.704581331576148e-11,0.26205887350856116,-0.019577803707819842,-0.24248106980074566,1.3752737009063556,-0.40600034643898547,-0.9692733544673707,-1.080694246271757,0.2510600556704325,0.829634190601322
0.08817635270541081,0.24609173585402944,0.05027341682486604,33.2391944537265,3.470911779704585e-11,-0.1127987813298051,0.2896051675674498,-0.1768063862376452,-0.24241840806317544,1.3269361386547909,-1.0845177305916174,0.26884498114664085,-1.0859496026218076,0.8171046214751659
0.09218436873747494,0.24609173585136598,0.05027341682477909,34.750180900338364,-7.959912505751883e-11,-0.27554378741896335,0.05419965131231829,0.22134413610664544,-1.4042544308870295,0.5646335049006244,0.8396209259863991,1.1128342347576856,-0.3808836479685495,-0.7319505867891348
0.09619238476953906,0.24609173585527352,0.05027341682506389,36.26116734696303,1.2527231700623258e-10,0.07985794302902308,-0.28312566804728845,0.20326772501826534,0.07454195393469062,-1.2594350292237695,1.1848930752890796,-0.13580735948284023,1.0404155109682485,-0.9046081514854121
0.1002004008016032,0.2460918778676215,0.050273409550911384,37.772152925500876,-0.000021685017082634234,0.28662807780409555,-0.08883035376243432,-0.19779772404166465,1.4134613426083582,-0.7153451632372235,-0.6981161793711285,-1.1300286429973077,0.5057318299264669,0.6242968130708311
0.10420841683366733,0.24614201959059337,0.050326509890417925,39.2847097438884,0.03777704834572045,-0.04944982110860499,0.2751365430128868,-0.2256867219059244,0.08587692280225281,1.1797644463587882,-1.2656413691619905,0.005943049376107762,-0.9826151770327178,0.9766721276549727
0.10821643286573146,0.2461394919475515,0.05037114071191881,40.797413667673894,0.07492516922154385,-0.2913294147786197,0.11826290029853322,0.17306651447225174,-1.4036543184274544,0.8489446312184402,0.5547096872091897,1.1292778886443036,-0.6175839268464514,-0.5116939618058106
0.11222444889779558,0.246137493007426,0.050394300646545244,42.30963508390379,0.09707499077275236,0.013751613430298883,-0.26011880003605314,0.24636718659919457,-0.2535448046922646,-1.077743220398115,1.3312880250899368,0.12821487043025875,0.909116370070814,-1.037331240508075
0.11623246492985971,0.24613735673307396,0.05040249112633769,43.82148840590796,0.10837832255157773,0.29249115803240283,-0.14974718304303736,-0.14274397506950517,1.3731244621783703,-0.9777813551241937,-0.3953431070786432,-1.1142576278526655,0.7259323975539544,0.38832523029297206
0.12024048096192384,0.24613852302445777,0.050400716807150525,45.33306885138027,0.11212897184632313,0.021704520014326212,0.24161747645140877,-0.26332199646499027,0.4177479722179467,0.9606959192761149,-1.3784438914842996,-0.2609831242152437,-0.8227688816476423,1.083752005866037
0.12424849699398796,0.2461405431313013,0.050392564552016066,46.84444900030592,0.11076971000307327,-0.2896180537453543,0.17883212978265076,0.11078592397752829,-1.323088051272139,1.0926281713717725,0.23045987990242228,1.0832445162100255,-0.8241018332585117,-0.2591426829377781
0.1282565130260521,0.24614309084973546,0.05038068834287092,48.3556830923285,0.10607509772023456,-0.0566485249140462,-0.2199399212692692,0.276588446186796,-0.5759828606028337,-0.8300018481482757,1.4059847087517745,0.3902404090071828,0.7244896853971102,-1.1147300944026441
0.13226452905811623,0.24614593446224012,0.05036691341188411,49.86681229620166,0.0993399838375035,0.28272093126733716,-0.2052515654631931,-0.0774693658104276,1.2542082589357917,-1.1918674414793078,-0.062340817460757675,-1.036701666862789,0.9106062785661185,0.12609538830071254
0.13627254509018036,0.2461489081595618,0.05035251218156589,51.377867298045864,0.09148711782741828,0.09061270460837045,0.19525107147039375,-0.28586377607272545,0.7259449145297794,0.6875023029394504,-1.4134472174757233,-0.5140342716480164,-0.6157682768172101,1.1298025484690812
0.1402805611222445,0.24615188784535133,0.050338337416686856,52.88887090140638,0.08316416869997403,-0.27184267340981966,0.2286801279924461,0.043162545426192134,-1.1674261784590318,1.274074296750666,-0.10664811829205495,0.9753008159180244,-0.9841513304743857,0.008850514560018757
0.1442885771543086,0.24615480283116448,0.050324937371248726,54.39983994269121,0.07481543268565456,-0.12321131198398871,-0.1678486516018671,0.29105996358349767,-0.8655309641280469,-0.5351945770939748,1.4007255412220798,0.6305510257031363,0.49818867137144823,-1.1287396970773407
0.14829659318637273,0.24615759524747044,0.050312640011099245,55.91078671184747,0.06673495288631988,0.2571136283357002,-0.24881490483799248,-0.008298723498975369,1.0639746965751105,-1.3380834765605114,0.27410877998501065,-0.8999426087715664,1.0436674606919336,-0.14372485191801304
0.15230460921843686,0.24616023674794527,0.05030161794532263,57.42172009735881,0.05910800650679745,0.15401253967518147,0.13808260428928065,-0.29209514397147024,0.9927460875455753,0.3752373318451652,-1.3679834193935374,-0.7380912863451824,-0.37345189892330777,1.111543185264065
0.156312625250501,0.24616270764880008,0.05029193340434954,58.93264642052263,0.052041285125381045,-0.23872300526507015,0.2653774963217247,-0.02665449106264161,-0.9453147966208391,1.3829681012049475,-0.43765330458411844,0.8117065554837839,-1.0882819460274258,0.2765753905376574
0.16032064128256512,0.24616500385648213,0.050283577015440784,60.44357011902448,0.045586615352273846,-0.18259259277525544,-0.10635748179317794,0.2889500745627127,-1.1057720940993017,-0.20991227419015548,1.315684368289442,0.8350987049089811,0.2433576130654227,-1.0784563179801154
0.16432865731462926,0.24616711852282622,0.05027649006550825,61.954494191985326,0.039756751197927216,0.21692455912690076,-0.2781399766273403,0.06121541749501869,0.8131429241682159,-1.4080917158806732,0.5949487917124552,-0.7118643367446628,1.1173549197567314,-0.40549058301748686
0.16833667334669336,0.24616905920657295,0.050270585422045856,63.46542062630515,0.03453920843056296,0.20855745003441656,0.07311807196051867,-0.28167552200008816,1.202996718260093,0.041583263788625424,-1.244579982048723,-0.9201838430633018,-0.10977659401495748,1.0299604370731132
0.1723446893787575,0.24617083763329925,0.050265759043953556,64.97635064386186,0.02990454864048373,-0.19202247525537536,0.2869186597197335,-0.09489618447042987,-0.6693377607272433,1.4130787893747268,-0.7437410286481552,0.601839664919909,-1.1304555762790032,0.52861591135405
0.17635270541082163,0.24617245754107925,0.05026190100253533,66.4872849392832,0.025813625755622335,-0.23153653761871143,-0.03883209476560587,0.2703686323792601,-1.2830267699760385,0.12734468756195266,1.1556820824140777,0.9921193999179818,-0.025377259971682775,-0.9667421399513139
0.18036072144288576,0.24617393347350536,0.05025889960913765,67.99822382536328,0.022221990733854564,0.1643719796016811,-0.29159477353318686,0.12722279392676555,0.5159617910781306,-1.39786880006843,0.8819070089902237,-0.4832129710174918,1.1274021837623172,-0.644189212749573
0.1843687374749499,0.2461752742551561,0.05025664871064924,69.5091673438605,0.01908298599804705,0.2512068125253535,0.00398681872696955,-0.2551936312568361,1.3447220971602845,-0.29445728646650693,-1.0502648106938224,-1.0498789862494133,0.1601694738091603,0.8897095124357846
0.18837675350701402,0.24617649111238002,0.05025504712188807,71.02011537325437,0.0163505347595927,-0.1343674460878069,0.2920999278264781,-0.157732481742651,-0.3552081097225403,1.3626785091854494,-1.0074703994629208,0.35768139287596623,-1.1082372655418222,0.7505558726619088
0.19238476953907813,0.24617759451151192,0.05025400200286785,72.5310676782401,0.013980260240080178,-0.2672859032117293,0.03091926365445355,0.23636663955329143,-1.3871948472639715,0.45736386276128577,0.9298309845026737,1.0926312902871729,-0.29267106148085614,-0.7999602288101703
0.19639278557114226,0.24617859480554663,0.050253429123538834,74.04202395819526,0.011930470881062374,0.1024373330694832,-0.2884274858198764,0.18599015274631725,0.18937381773852696,-1.308007884153436,1.1186340664149454,-0.22703881208300403,1.073231405986218,-0.8461925939072701
0.2004008016032064,0.2461795013576891,0.050253252985263445,75.55298387893686,0.010162656736688381,0.27954518424941266,-0.06538785192261617,-0.21415733233034898,1.4098395247247708,-0.613735188199589,-0.7961043365251668,-1.1197653190347898,0.42098711553834645,0.6987782034928665
0.20440881763527052,0.2461803226395366,0.05025340669369187,77.06394709684352,0.008641758520452127,-0.06903866379997887,0.280631520757473,-0.21159285696084967,-0.020830992828750516,1.234642084195845,-1.2138110913671083,0.09315381890028784,-1.0228874112558481,0.9297335923521347
0.20841683366733466,0.2461810666134933,0.05025383145436394,78.57491327250717,0.007336162353183126,-0.28781009021774545,0.09892604114254791,0.18888404907189182,-1.412333529396893,0.7613359086133841,0.650997620783526,1.1308939088104106,-0.5432834143848344,-0.5876104944288775
0.2124248496993988,0.24618174095500006,0.05025447606720647,80.08588208233638,0.006217647014952438,0.03464914560004354,-0.2688230299030228,0.2341738842998652,-0.14801105168979556,-1.1436272654156934,1.2916383171054882,0.04206010966183216,0.957922494880658,-0.9999826045456137
0.21643286573146292,0.24618235222797924,0.05025529620049819,81.59685322118219,0.005261120555342627,0.29196223213528055,-0.13105406790588925,-0.16090816423235413,1.3946404343221037,-0.8980554770714438,-0.4965849572506549,-1.1258569861168943,0.6578113469702856,0.46804563914364
0.22044088176352702,0.24618290624766895,0.05025625379632941,83.10782641114722,0.004444532366590564,0.00023912504426741588,0.25317166200544455,-0.25341078705252124,0.31473839240547813,1.0362670403531868,-1.3510054327586654,-0.17667000641270197,-0.8792671286811021,1.0559371350909958
0.22444889779559116,0.24618340875234893,0.05025731632790832,84.61880139739375,0.003748483745731276,-0.29194302964025287,0.16131273025991333,0.13063029937768394,-1.3570150319147036,1.021940457699289,0.33507457421540743,1.1047282261485976,-0.7629349060893433,-0.3417933200619028
0.2284569138276553,0.24618386453956306,0.05025845625019961,86.12977795139078,0.003156050248813496,-0.0351273113952896,-0.23390125409972576,0.2690285654924871,-0.4769677805369956,-0.914095638018547,1.3910634185555386,0.30875208604587245,0.7880452044410644,-1.0967972904894576
0.23246492985971942,0.24618427803516876,0.05025965029384481,87.6407558689854,0.0026525013098456286,0.28775219299179167,-0.18926900822052384,-0.09848318477366193,1.2999939950098054,-1.1312193496105112,-0.16877464539929007,-1.0678086055262164,0.8571510042605235,0.21065760126329475
0.23647294589178355,0.24618465332625633,0.05026087902252672,89.1517349692972,0.0022250637987906744,0.06951631534577728,0.21128725513386956,-0.280803570481916,0.6323803439731633,0.778859532673843,-1.4112398766470013,-0.4364185876222841,-0.6855607162383845,1.1219793038583952
0.24048096192384769,0.24618499393700483,0.050262126262803325,90.66271509300473,0.0018626948897478106,-0.2794496008835121,0.2145229944631343,0.06492660641823648,-1.2243930330942931,1.2243305183605508,0.00006251473373753303,1.0156265419959607,-0.939113533753745,-0.07651300824435357
0.2444889779559118,0.24618530313057105,0.05026337867908545,92.17369610028024,0.001555868286468742,-0.10291447791647079,-0.18565294177014893,0.2885674196845813,-0.7787547164855283,-0.632491746275888,1.411246462761411,0.55784495751757,0.5732785477756168,-1.1311235052952207
0.24849699398797592,0.2461855838174449,0.05026462537628123,93.68467786896122,0.0012963856856566841,0.2671539755442372,-0.23671370125176194,-0.030440274294410666,1.1312929050650078,-1.2999433161591996,0.16865041109419499,-0.9489281811420677,1.00765139674309,-0.05872321560296155
0.25250501002004005,0.24618583860069873,0.05026585754437283,95.1956602927666,0.0010772078204898134,0.13484423870752738,0.15736468694701264,-0.2922089256563807,0.9139988760410498,0.47708445829096824,-1.3910833343320146,-0.67129590918789,-0.45280371960373117,1.1240996287897784
0.2565130260521042,0.24618606986284558,0.05026706814785601,96.70664327951356,0.000892301638406709,-0.2510408439020237,0.2555236590491429,-0.0044828151488034654,-1.0220243271077742,1.356977069710439,-0.3349527426026738,0.8686670500015732,-1.0617852804680532,0.19311823046479695
0.2605210420841683,0.2461862797392079,0.05026825164960438,98.21762674929205,0.0007365007612403835,-0.164849082003722,-0.12682675888880834,0.29167584089092274,-1.0361799740440554,-0.31485890611261763,1.3510388801566675,0.7751501943163533,0.3258582599628089,-1.1010084542807623
0.26452905811623245,0.2461864701160907,0.05026940380670645,99.72861063360067,0.0006054028986112363,0.23134036064475536,-0.2706838285535405,0.039343467907259476,0.8981491900171098,-1.3946168362280247,0.49646764621091805,-0.7759905962215778,1.1007418731538572,-0.3247512769338101
0.2685370741482966,0.2461866427603707,0.050270521407417154,101.2395948727654,0.0004952350466780695,0.19249999058461603,0.09447555724417972,-0.28697554783024676,1.143551703193663,0.14813369991769335,-1.2916854031113525,-0.867923697542343,-0.19425659448546892,1.0621802920263568
0.2725450901803607,0.24618679923677153,0.05027160215410641,102.75057941589793,0.0004027925270293786,-0.20833391521528724,0.28197730450193936,-0.07364338928803353,-0.7614379630493829,1.4123246927148752,-0.6508867296654962,0.6722235699893021,-1.123964664317377,0.4517410943266975
0.27655310621242485,0.2461869409653697,0.05027264448597079,104.26156421922984,0.00032534549762036256,-0.21740163074169652,-0.06077338126323084,0.27817501200361305,-1.234579688239993,0.02070829977913803,1.2138713884608492,0.9482907245622066,0.05987968636464326,-1.0081704109281577
0.280561122244489,0.2461870692326233,0.05027364745422219,105.77254924520909,0.00026057208185743417,0.18235017465422682,-0.28924248773150546,0.1068923130760336,0.613844632970625,-1.4098477379319412,0.7960031049613184,-0.5588492774670101,1.1311221291966582,-0.5722728517308978
0.28456913827655306,0.2461871852099498,0.050274610613549174,107.28353446171603,0.00020650085046743178,0.2391979497427166,0.026201849729580125,-0.265399799473482,1.3079629667653394,-0.18925399408816085,-1.1187089726771735,-1.0151028777967153,0.07535189032393473,0.9397509874715911
0.2885771543086172,0.2461872899557457,0.05027553392881154,108.79451984125205,0.00016145812588330423,-0.1537603306385942,0.29237530580362886,-0.13861497516616197,-0.4574785687827055,1.3872213261444564,-0.9297427573617535,0.43748818864880035,-1.1221121615309348,0.6846239728810097
0.2925851703406813,0.2461873844375079,0.05027641769613017,110.30550536033145,0.00012402514742403163,-0.2575772757199511,0.008744980387189249,0.24883229533168882,-1.362652862542952,0.35509455613280505,1.0075583064101408,1.0674055404983753,-0.20950537959835042,-0.8579001609010923
0.29659318637274545,0.24618746954923143,0.05027726247607866,111.8164909989001,0.00009299995295391403,0.12297287345553266,-0.2913308106147895,0.1683579371582374,0.2945746097596456,-1.3447690307740676,1.0501944210144232,-0.3098749880768031,1.097063909700463,-0.7871889216246806
0.3006012024048096,0.24618754607732996,0.050278069038083725,113.32747673982688,0.00006736461591052843,0.27227677514140824,-0.04356768279305699,-0.2287090923493209,1.3978677827772024,-0.5158598290265624,-0.8820079537506348,-1.104451401537165,0.34066346373178297,0.763787937804407
0.3046092184368737,0.24618761476941958,0.05027883831346276,114.8384625685266,0.00004625874675300554,-0.09042769015422904,0.2861237178232481,-0.19569602766994032,-0.12746092630718375,1.2830975335319523,-1.155636607224769,0.17783359616959526,-1.0563355323045467,0.8785019361340299
0.30861723446893785,0.24618767628690627,0.050279571355364996,116.3494484725319,0.000028954304251652678,-0.2830862113726293,0.07776858651525151,0.20531762485578386,-1.4131045236055537,0.6692522178964826,0.7438523057090146,1.125711240062435,-0.4669516704581444,-0.6587595696059912
0.312625250501002,0.24618773125051016,0.050280269306990935,117.86043444124034,0.000014836958510213071,0.056589818846671615,-0.27682826208761363,0.2202384432393481,-0.041474117498633584,-1.2030882850365754,1.244562402535208,-0.04325122555385315,1.0005093390039077,-0.9572581134516479
0.3166332665330661,0.24618778022129315,0.050280933376231546,119.37142046561624,3.3881915614336307e-6,0.2898509517151487,-0.11085889723540578,-0.17899205448126007,1.408145393971715,-0.81307951380003,-0.5950658801716796,-1.1308814332100727,0.5865651553974618,0.5443162778110884
0.32064128256513025,0.2461878237088,0.050281564807955155,120.88240653793447,-5.8299383178511375e-6,-0.021942794985463185,0.2635771432255157,-0.24163434824149835,0.20981614285953384,1.1058848330415372,-1.315700975901071,-0.09194862771439431,-0.9303834287715209,1.0223320564844702
0.3246492985971944,0.24618786218527325,0.05028216487181528,122.39339265161952,-0.000013186336018001921,-0.2924741423735814,0.1423656651365487,0.15010847723565524,-1.3830612005135912,0.9452861353375236,0.4377750651760609,1.1198881897948807,-0.6977944295639733,-0.4220937602322783
0.3286573146292585,0.2461878960938096,0.050282734844046426,123.90437880107807,-0.000018991380157928535,-0.013018267945995933,-0.24655958032542635,0.2595778482701125,-0.37515925211256784,-0.9928763758289353,1.368035627941501,0.22583367345046945,0.8469601700912585,-1.0727938435430378
0.33266533066132264,0.24618792581738827,0.05028327599598088,125.41536498151827,-0.00002350682278001649,0.29091818423509436,-0.17183858372978575,-0.11907960050655739,1.33821059353379,-1.063982711349277,-0.2742278821845077,-1.0928888961776981,0.7990499386950397,0.293838957481405
0.3366733466933867,0.2461879517386739,0.05028378958514269,126.92635118886524,-0.000026952423474275915,0.04779374875760137,0.22601865316810524,-0.27381240192688244,0.5351404122981873,0.8656780412143754,-1.40081845351256,-0.3564904314021795,-0.7514319999664965,1.1079224313674985
0.34068136272545085,0.24618797417625898,0.05028427684698707,128.43733741962888,-0.000029513104495249645,-0.2852051735038943,0.1988563856314467,0.08634878787136578,-1.2742345556139085,1.1674728629902684,0.10676169262365418,1.0502695479954494,-0.8888846140411247,-0.1613849339554248
0.344689378757515,0.24618799345283507,0.05028473898876869,129.94832367083328,-0.00003134393835428663,-0.08188666276335405,-0.20224781135059572,0.28413447411291265,-0.6874732274850497,-0.7261077380213676,1.4135809655064129,0.482051580566035,0.6451643252031086,-1.1272159057701736
0.3486973947895791,0.2461880098420623,0.05028517718572512,131.4593099399238,-0.00003257520614091272,0.27541662625404995,-0.22303288027010915,-0.05238374598492323,1.1920474094271858,-1.2542775302785916,0.062230120851381424,-0.992639363048831,0.9660146046879395,0.02662475835993548
0.35270541082164325,0.24618802360885433,0.05028559257921549,132.97029622472746,-0.00003331569993090071,0.11480976765521794,0.17558668162051158,-0.29039644927666247,0.8299806228318082,0.5761601897980502,-1.406140812629876,-0.6007226478069939,-0.5296760203180465,1.1303986681241225
0.3567134268537074,0.24618803499546607,0.05028598626953795,134.48128252336687,-0.000033656804076329185,-0.26169234260546675,0.24402249663233225,0.01766984597225368,-1.0928238087140616,1.323156172893972,-0.23033236417988817,0.9208221468895973,-1.0293376953123674,0.10851554842186548
0.3607214428857715,0.2461880442255913,0.05028635931947716,135.9922688342314,-0.00003367486375502352,-0.14609253409047476,-0.1464162087013294,0.2925087427909633,-0.9606259157754679,-0.41797840287238935,1.3786043186478758,0.7108076262308775,0.4066176997868258,-1.1174253260185611
0.36472945891783565,0.24618805148732956,0.05028671275085698,137.50325515593474,-0.0000334336151363744,0.2442283658596302,-0.2615251954593815,0.01729682959894195,0.977981847977721,-1.3731244152410114,0.39514256726326974,-0.8358444039940799,1.077948962509986,-0.24210455851669288
0.3687374749498998,0.2461880569874798,0.050287047544353515,139.01424148728768,-0.000032986037971889067,0.17528784955120896,0.11515321582002329,-0.2904410653720034,1.0775419596707285,0.2538230802502883,-1.3313650399210393,-0.8107332274739786,-0.27774816210402914,1.0884813895772574
0.3727454909819639,0.2461880608789514,0.05028736463956923,140.5252278272515,-0.000032376481587236584,-0.22327420113668414,0.2752907732811765,-0.05201657214522005,-0.8491628340382661,1.4034681437843544,-0.554305309746071,0.7389207182603976,-1.1111537475450237,0.3722330292838794
0.37675350701402804,0.2461880633383913,0.050287664936297896,142.03621417494605,-0.00003164130599479967,-0.20197844143501764,-0.08224445221598752,0.2842228936503121,-1.1790578518780337,-0.08604030277535829,1.265098154653415,0.8990713878380115,0.14490925374442207,-1.0439806415831479
0.3807615230460922,0.24618806449370242,0.050287949293164755,143.54720052957836,-0.00003081133109914967,0.19912924627261122,-0.2851224370467715,0.08599319077349293,0.7082078332011545,-1.4137537208992152,0.7055458876980456,-0.6314363921205569,1.1284775812158563,-0.4970411890959497
0.38476953907815625,0.24618806449254652,0.05028821853076486,145.05818689049158,-0.000029911204443779403,0.22578282656620918,0.048160193415414984,-0.27394301998226067,1.2637227555336392,-0.08297201838269584,-1.1807507371509698,-0.9745596329751076,-0.009999523896330485,0.9845591568708266
0.3887775551102204,0.24618806344857164,0.05028847343075157,146.56917325709185,-0.000028961719313258242,-0.17213850213055454,0.29087960804854235,-0.1187411059185875,-0.5571313231427211,1.4038341130651582,-0.8467027899224268,0.514927618112487,-1.1296729102850067,0.6147452921719074
0.3927855711422845,0.24618806147242972,0.05028871473897413,148.0801596288521,-0.00002798011191824082,-0.24636077959242306,-0.013387530503661335,0.2597483100955144,-1.3303267276613384,0.2507984058306848,1.0795283218306801,1.036119194777366,-0.12505289490285487,-0.9110662998751061
0.39679358717434865,0.24618805867479407,0.05028894316386789,149.59114600533624,-0.000026979816263448455,0.14268766767847474,-0.2924799521799903,0.14979228450096457,0.39809249394192303,-1.3738511637696764,0.9757586698277448,-0.3910596028816648,1.1147227693576074,-0.7236631664764813
0.4008016032064128,0.2461880551475866,0.05028915938022086,151.10213238614244,-0.00002597214560690419,0.2634181459312673,-0.02157660281980901,-0.24184154311198464,1.3779177956626607,-0.4150403128943949,-0.9628774827682942,-1.0828702454637287,0.25831783418752585,0.8245524112757038
0.4048096192384769,0.2461880509812185,0.050289364029456246,152.61311877091276,-0.000024966313908826383,-0.11119759919138693,0.28990054922912095,-0.17870295003822875,-0.23336428373835488,1.324233362784933,-1.0908690790465738,0.26160268074041476,-1.0838408664255723,0.8222381856846552
0.40881763527054105,0.24618804624462295,0.05028955772049311,154.12410515933283,-0.000023969619076914177,-0.276711126161067,0.05623252325271849,0.22047860290787996,-1.405815881820471,0.5733504444144055,0.832465437406094,1.114144734915085,-0.3878906903181386,-0.7262540445974426
0.4128256513026052,0.24618804102130654,0.05028974103261989,155.63509155113292,-0.00002298760174670596,0.07811830950300143,-0.2831782043104097,0.2050598948069551,0.06530095922668688,-1.2556898593391252,1.1903889001124421,-0.12840706634617466,1.03746862572838,-0.9090615593826572
0.4168336673346693,0.24618803537262415,0.05028991451431871,157.14607794605305,-0.00002202504175985886,0.2860496997392335,-0.0900849473394357,-0.19596475240024128,1.4136222638976026,-0.7234662681959244,-0.6901559957017072,-1.129495725741538,0.5119196269982298,0.6175760987428937
0.42084168336673344,0.24618802935728948,0.050290078687734364,158.65706434388113,-0.000021085121970199015,-0.04392253180947721,0.27240895411210514,-0.22848642230304392,0.10369555431531448,1.1692002853152863,-1.2728958396306038,-0.006623604557486437,-0.9762688564006118,0.9828924609576823
0.4248496993987976,0.2461880230381055,0.0502902340467225,160.1680507444048,-0.0000201707334074594,-0.2913003593742378,0.12265006593140355,0.1686502934424432,-1.4012253585307113,0.8632423506509267,0.537983007879813,1.1287038485144396,-0.6286320367693496,-0.5000718117455093
0.4288577154308617,0.24618801645273333,0.050290381060854476,161.67903714744898,-0.00001928360599774919,0.009098960687027206,-0.2577466777620442,0.24864771707463867,-0.271209999003421,-1.0660007426398979,1.337210741643324,0.14155948286609382,0.9011162705687408,-1.0426757534352156
0.43286573146292584,0.24618800966408008,0.050290520174580904,163.19002355285193,-0.000018424976951747156,0.29238803278788206,-0.15346246533888627,-0.13892556744936532,1.3688023615334601,-0.9906810463686031,-0.3781213151648845,-1.1117804746625837,0.7363598949161466,0.3754205797460967
0.4368737474949899,0.2461880026946111,0.050290651809430334,164.7010099604524,-0.000017595962012495615,0.025854729267363596,0.23940086831873464,-0.26525559758644507,0.43484828886136845,0.94756611408112,-1.3824144029424976,-0.2744720731428868,-0.8130849475896723,1.0875570207322187
0.44088176352705405,0.2461879956003492,0.05029077636494105,166.21199637012526,-0.00001679671730116915,-0.2892971453007285,0.18208177648539467,0.10721536881501029,-1.316816681176257,1.1039610420966866,0.21285563907959643,1.0789675246481283,-0.8335635925335868,-0.2454039321148941
0.4448897795591182,0.24618798840337003,0.05029089421921065,167.72298278173187,-0.000016027697052992117,-0.06043899980026602,-0.21763370051685632,0.2780727003168102,-0.5922717487798376,-0.8155890781586146,1.4078608269384645,0.4034618103090879,0.713433079216488,-1.116894889525898
0.4488977955911823,0.24618798113768545,0.05029100573123459,169.23396919516577,-0.000015288557856804133,0.2820718427180073,-0.20809897256111665,-0.07397287015719528,1.2460113032609645,-1.2014633797950915,-0.04454792346589871,-1.0307339991574687,0.9188539330303003,0.11188006612689093
0.45290581162324645,0.24618797383626434,0.05029111124033472,170.74495561031682,-0.000014579065320994223,0.09415958421688991,0.19275622849665514,-0.2869158127138313,0.7412305000636876,0.671955799274572,-1.4131862993382744,-0.5266851818025551,-0.6035848780756137,1.1302700598778948
0.4569138276553106,0.24618796651194705,0.05029121106826542,172.2559420270878,-0.000013898703216463635,-0.27081536098534464,0.23114221409553687,0.039673146889541724,-1.157398169582147,1.2817945854697061,-0.12439641588753593,0.9677692758553588,-0.9910119816569677,0.02324270580131732
0.4609218436873747,0.24618795920440106,0.05029130551988131,173.76692844538763,-0.000013246859988604348,-0.12653455706207206,-0.16512397287169708,0.2916585299335138,-0.8795956524715968,-0.5187190706242504,1.3983147230958652,0.642381097578671,0.48511031072489436,-1.1274914083038372
0.46492985971943884,0.24618795191656384,0.05029139488362723,175.27791486513212,-0.000012622813581672617,0.25568855011248987,-0.25088216221436266,-0.0048063878983793835,1.0522437121921568,-1.3438065722726742,0.29156286008049553,-0.8909732548122541,1.0490064769400604,-0.15803322212803542
0.468937875751503,0.24618794467828375,0.05029147943259862,176.78890128624187,-0.000012025800109643869,0.15710122294242537,0.13513183129901485,-0.29223305424167934,1.0053897290821785,0.3580689380942822,-1.3634586671764815,-0.7488960624201609,-0.3597026285302268,1.1085986909501673
0.4729458917835671,0.24618793750112028,0.050291559425370315,178.29988770863847,-0.000011455107559395612,-0.23690757044318558,0.2670366786580098,-0.03012910821504401,-0.9320507744798184,1.3866130710680924,-0.4545622965882552,0.8014435093051874,-1.0920085797198964,0.2905650704144682
0.47695390781563124,0.24618793039503659,0.050291635106923555,179.81087413225998,-0.000010909696257740968,-0.1854227296397546,-0.10320843156201853,0.28863116120156174,-1.1168149302413846,-0.1923013882756932,1.3091163185171,0.8447078063944427,0.2291541592397126,-1.0738619656343873
0.48096192384769537,0.24618792338473272,0.050291706708596014,181.3218605570294,-0.00001038899090344592,0.21474081545428364,-0.2793748713067443,0.06463405585225158,0.7985371307864884,-1.4096022906869061,0.6110651599004012,-0.7004596015253615,1.1194037183924217,-0.41894411686725136
0.4849699398797595,0.24618791646515933,0.050291774450016195,182.83284698289938,-9.891766755182796e-6,0.21109430816512534,0.06980999875367613,-0.28090430691900264,1.2122787854214723,0.023785530339447237,-1.2360643157609443,-0.9284470076453167,-0.09533068420055653,1.023777691845696
0.4889779559118236,0.24618790966032084,0.05029183853886634,184.34383340980105,-9.4174221021497e-6,-0.1895050742721036,0.2877203944906953,-0.09821532021877515,-0.6536109510586623,1.4124456941256474,-0.7588347430669722,0.589464808382762,-1.1308003960410742,0.5413355876581128
0.4929859719438877,0.24618790297475857,0.050291899171327745,185.8548198376936,-8.96474403826256e-6,-0.23374906349352176,-0.03541384271267192,0.26916290620601957,-1.2904169401908807,0.1450702411039576,1.1453466990869492,0.9989168861944661,-0.03985520722801483,-0.9590616789666505
0.49699398797595185,0.24618789639932376,0.05029195653384334,187.36580626651377,-8.533176461725616e-6,0.16156099873114116,-0.2919539679126828,0.13039296918136697,0.49934350537033856,-1.3951026698417113,0.8957591644713622,-0.47004547357878057,1.1260357671787637,-0.6559902936001446
0.501002004008016,0.24618788996227042,0.0502920108022713,188.87679269622728,-8.121510408260522e-6,0.2530631940230633,0.0005115403829296268,-0.2535747344061622,1.3501126047369747,-0.3118526611086324,-1.0382599436283697,-1.0551102658752436,0.17447144963130165,0.8806388162437994
0.5050100200400801,0.24618788365880703,0.05029206214317866,190.3877791267812,-7.729105225047978e-6,-0.13130795034384268,0.2920150833154083,-0.16070713297172004,-0.33793956146496457,1.3578211142535364,-1.019881552788565,0.343908336309293,-1.1051779687383083,0.7612696324288515
0.5090180360721442,0.24618787748788848,0.05029211071424446,191.89876555812634,-7.355299052215014e-6,-0.26876066969721385,0.034398096575525824,0.2343625731215437,-1.3905126796383263,0.474178105469439,0.9163345741689154,1.0962240908793792,-0.3065941209647911,-0.7896299699147605
0.5130260521042084,0.2461878714665979,0.050292156664812855,193.4097519902385,-6.9988942756526055e-6,0.09917827798227243,-0.2879028281256294,0.18872455014321318,0.17170584533051703,-1.3011337411970494,1.1294278958665294,-0.21285610716293166,1.0685250216520352,-0.8556689144892415
0.5170340681362725,0.24618786558353206,0.05029220013551845,194.92073842305817,-6.659644071745703e-6,0.28061714875712607,-0.06881615364424731,-0.21180099511301925,1.4110398095928778,-0.6297266652640132,-0.7813131443288934,-1.1216708093224406,0.4343349554823713,0.687335853839957
0.5210420841683366,0.2461878598478723,0.050292241260431136,196.4317248565679,-6.336341288573245e-6,-0.06563117284033643,0.2796759826923357,-0.21404480985212612,-0.003018165043026322,1.225850808236282,-1.2228326431932557,0.07876179599626477,-1.0166008479763602,0.9378390519799658
0.5250501002004008,0.24618785426303744,0.05029228016583802,197.94271129072555,-6.028458290910425e-6,-0.2884631598196996,0.10225073565865418,0.18621242416092815,-1.411400570761455,0.7762752519894427,0.6351253187720407,1.1310867058256076,-0.5558682899262846,-0.5752184158994681
0.5290581162324649,0.24618784881846428,0.05029231697104546,199.4536977254994,-5.7352817571162194e-6,0.03114607487178435,-0.2674521108314637,0.23630603595956176,-0.16571263222817076,-1.1330482409001161,1.2987608731282907,0.05645814350082644,0.9501475448772833,-1.0066056883782275
0.533066132264529,0.24618784352974388,0.05029235178989618,200.96468416086296,-5.456037757939814e-6,0.2921865573034883,-0.13422400096361145,-0.15796255633999357,1.3915897980737133,-0.9117294079134529,-0.479860390160289,-1.1243372094883668,0.6694571804021625,0.4548800290861167
0.5370741482965932,0.2461878383803616,0.0502923847290836,202.47567059678275,-5.190185946645624e-6,0.0037841671397733367,0.25140590295996157,-0.25519007009984057,0.33207507597980124,1.024052337873426,-1.3561274138532342,-0.19087116722050199,-0.8701148483786275,1.0609860155990283
0.5410821643286573,0.24618783338409242,0.05029241589001329,203.9866570332333,-4.937057593944088e-6,-0.29173412792013625,0.16427899590568198,0.1274551320143592,-1.3518906636008807,1.0341532647043472,0.3177373988965613,1.1015188235766742,-0.7734782481557183,-0.32804057542107895
0.5450901803607214,0.2461878285321375,0.050292445368507833,205.497643470185,-4.696143066613936e-6,-0.038660341945373405,-0.23176668314284268,0.2704270250881201,-0.4936915472516316,-0.9004208637275519,1.3941124109791936,0.32255626591838593,0.7776465916087889,-1.1002028575272775
0.5490981963927856,0.24618782382377294,0.05029247325550244,207.00862990761757,-4.466763166923454e-6,0.28711234347429504,-0.19198618760603192,-0.09512615586836053,1.292870589147156,-1.1417972067645246,-0.15107338238265758,-1.0629577142058728,0.8664448778263212,0.196512836379482
0.5531062124248497,0.2461878192553235,0.05029249963637454,208.51961634549568,-4.248660185190316e-6,0.07298400410267473,0.20881511120040255,-0.28179911530316604,0.6482522279069706,0.7639207005224361,-1.4121729284294195,-0.4496313998857792,-0.6740642889696287,1.1236956888553298
0.5571142284569138,0.24618781483284638,0.05029252459266585,210.03060278381287,-4.040918969347409e-6,-0.2783872223356121,0.21694957202244872,0.0614376503130859,-1.2153729585815822,1.2331227063425838,-0.01774974776097716,1.0092048959274489,-0.9470283313242168,-0.06217656460333532
0.561122244488978,0.24618781054559835,0.05029254820113326,211.5415892225364,-3.8433265712150016e-6,-0.10626461273133485,-0.18287921930312906,0.28914383203438615,-0.7935482042767326,-0.6165027487505222,1.410050953027271,0.5702804580074788,0.5608483845432957,-1.1311288425508659
0.565130260521042,0.24618780639807125,0.050292570534346416,213.05257566165494,-3.6551801843077e-6,0.26568347293768896,-0.23881238418988648,-0.02687108874788341,1.1205054520068884,-1.306824637573221,0.18631918556630966,-0.9410286770992424,1.014076984097989,-0.07304830699880355
0.5691382765531061,0.2461878023869894,0.05029259166148183,214.56356210114453,-3.4761503219914427e-6,0.13802652997796225,0.15432966359150918,-0.2923561935695464,0.9275029150522311,0.46027384782581854,-1.3877767628780684,-0.6827791334951302,-0.43961691822547216,1.1223960517205434
0.5731462925851702,0.24618779850128958,0.05029261164747383,216.0745485409863,-3.3058122227541306e-6,-0.2491826498386513,0.25726216413002845,-0.00807951429144154,-1.0096238728509321,1.3618496426447575,-0.3522257697938049,0.8594034112822059,-1.0666325797951453,0.20722916851285259
0.5771543086172344,0.2461877947474764,0.05029263055379034,217.5855349811594,-3.14384060522074e-6,-0.16781581289076686,-0.12357445895005728,0.29139027184076144,-1.0482018691950643,-0.2974667840934843,1.3456686532885702,0.7855195908888575,0.3121025025489289,-1.0976220934378682
0.5811623246492985,0.24618779112421443,0.05029264843865734,219.09652142165973,-2.989526055368804e-6,0.22912057302808525,-0.2720352277136989,0.04291465468554539,0.8843129184003566,-1.3974113078760857,0.5130983894757113,-0.7654956734446329,1.1039439995278022,-0.33844832608321784
0.5851703406813626,0.24618778762113558,0.05029266535776354,220.6075078624636,-2.842697342914057e-6,0.1952067147763841,0.0910531580038876,-0.2862598727803365,1.1539200849393898,0.1304083913950289,-1.284328476334442,-0.8770334970839024,-0.18012757857731765,1.0571610756611767
0.5891783567134268,0.2461877842396035,0.050292681361807,222.11849430354422,-2.703285223304934e-6,-0.20578396824291256,0.28292044553369483,-0.07713647729083689,-0.7463635451491376,1.4130014504206803,-0.6666379052715273,0.660647610320915,-1.1254780427316844,0.4648304324106971
0.5931863727454909,0.24618778097251728,0.05029269650143755,223.6294807449055,-2.5704995333401414e-6,-0.21980778696454428,-0.057230546301270224,0.2770383332657631,-1.2431467001374283,0.03851376505506897,1.2046329350823846,0.9560129871081074,0.04557831153346388,-1.0015912986416466
0.597194388777555,0.24618777782811635,0.05029271082295171,225.14046718652426,-2.4442521159955505e-6,0.1795063375964879,-0.2897622251213668,0.11025588752482188,0.5977472367987008,-1.4083971461512836,0.8106499093525701,-0.5463576404179288,1.1309268623071662,-0.5845692218892797
0.6012024048096192,0.24618777479009926,0.05029272437039499,226.6514536283928,-2.324102244076362e-6,0.24126743182794066,0.02259000370235981,-0.2638574355303561,1.3146064833888957,-0.2068854880538924,-1.10772099533503,-1.0213292891138037,0.08962235021277083,0.9317069389010031
0.6052104208416833,0.24618777186091026,0.05029273718581427,228.16244007049644,-2.209820205378413e-6,-0.15066324199018707,0.29246279241593853,-0.1417995504257969,-0.44058803244167277,1.3836642584417767,-0.943076226000095,0.4242592142874693,-1.1202126343217391,0.695953420034213
0.6092184368737474,0.24618776903964246,0.05029274930866633,229.67342651282647,-2.101050400887739e-6,-0.2592789317142058,0.012373395238720691,0.24690553647544464,-1.367278082602899,0.3723004293421263,0.9949776532608005,1.0720488650664475,-0.22354213609510531,-0.8485067289714098
0.6132264529058116,0.24618776631699366,0.050292760776246774,231.18441295536485,-1.99769517970989e-6,0.11966690408790708,-0.29098355869361375,0.17131665460565956,0.27713203642454604,-1.339156307401492,1.06202427097694,-0.2960973565500129,1.0934885227668947,-0.79739116621692
0.6172344689378757,0.2461877637022489,0.050292771623936125,232.69539939810994,-1.8992771369899185e-6,0.27358487679189036,-0.047159959648245764,-0.22642491714369226,1.4004087563168803,-0.5323945022619043,-0.8680142540550044,-1.1074468652953726,0.35426708014250796,0.7531797851528449
0.6212424849699398,0.2461877611799996,0.05029278188496205,234.20638584103844,-1.8058850758356271e-6,-0.08696031227285139,0.2853456560572037,-0.19838534378439018,-0.10971531897570252,1.2755093602334742,-1.1657940412577696,0.1637037250098693,-1.0511364414345192,0.8874327164246069
0.625250501002004,0.24618775874842208,0.05029279159178607,235.71737228415878,-1.716843978333221e-6,-0.2839808094245053,0.08127252539437643,0.20270828403009705,-1.4135250354473972,0.6848796796700237,0.7286453557774024,1.1270174113628468,-0.47992888838417835,-0.6470885229787289
0.6292585170340681,0.24618775641201665,0.050292800773476254,237.22835872745313,-1.6321457566106936e-6,0.0530108973226085,-0.27562964396159706,0.22261874663895181,-0.059269430275585316,-1.1936330236743242,1.2529024539499107,-0.02897046439829576,0.9937616540838353,-0.9647911896855749
0.6332665330661322,0.2461877541692015,0.05029280945872851,238.73934517090692,-1.551730618879688e-6,0.29031815385352555,-0.11422356601890217,-0.1760945878346638,1.4064394428053957,-0.8275766615143216,-0.5788627812911026,-1.1304807906514434,0.5987316176616898,0.5317491729897419
0.6372745490981964,0.2461877520059526,0.050292817674189236,240.25033161452015,-1.475192849792385e-6,-0.01830386059989099,0.2619744078948369,-0.24367054729497792,0.22740710796134936,1.09469751393328,-1.3221046218946335,-0.10617683248276676,-0.9221842072356433,1.0283610397183798
0.6412825651302605,0.24618774992631173,0.05029282544557013,241.76131805828234,-1.4024127566929606e-6,-0.2925063327537416,0.1455421494318462,0.14696418332187103,-1.3792532557586819,0.9584460532108938,0.42080720254781623,1.1177875145575578,-0.7089773635407619,-0.40881015101684876
0.6452905811623246,0.246187747929879,0.050292832796777376,243.27230450218923,-1.33312441075847e-6,-0.016664773883157846,-0.2445750788531981,0.26123985273632705,-0.3922947153629194,-0.9801167460494808,1.3724114614124083,0.2398066626178644,0.8374270261864568,-1.0772336888043557
0.6492985971943888,0.24618774600435886,0.050292839750406784,244.7832909462287,-1.2672896949253208e-6,0.29051407755590186,-0.17478067905784053,-0.11573339849809575,1.3323550321617557,-1.0756175055527906,-0.2567375266089922,-1.089119010886771,0.8090905242849057,0.2800284866018591
0.6533066132264529,0.24618774416295375,0.05029284632791634,246.29427739039568,-1.2046968175553672e-6,0.0513952396376297,0.22368032932516,-0.27507556896281793,0.5515757002368767,0.8515283051382406,-1.4031040053751285,-0.3700092043742246,-0.7407014612920076,1.1107106656662125
0.657314629258517,0.24618774238754007,0.050292852549892346,247.80526383469208,-1.1449863690460056e-6,-0.28436984059556536,0.2015212691796131,0.08284857141593158,-1.2664149772838833,1.1774163790302554,0.08899859825365365,1.0448849565147238,-0.8976402612917727,-0.14724469522299843
0.6613226452905812,0.24618774068679386,0.05029285843482392,249.31625027908856,-1.0885919645323836e-6,-0.08539117783000093,-0.19958879331973234,0.28497997114970935,-0.7029736736326887,-0.7107699966696926,1.4137436703023953,0.4949236426906388,0.6333899362226996,-1.1283135789133736
0.6653306613226453,0.24618773906079683,0.0502928640015637,250.82723672360598,-1.0347064137440972e-6,0.27416146618480874,-0.22538177724086267,-0.04877968894397626,1.182375575296145,-1.2623878535764546,0.08001227828028595,-0.9857176101595009,0.9733610967975261,0.012356513361970009
0.6693386773547093,0.2461877374765206,0.05029286926710684,252.33822316821787,-9.83718500643758e-7,0.11816671938391886,0.17264476476436297,-0.2908114841483078,0.8443248362879211,0.5598534552104345,-1.4041782914983727,-0.6127646896053335,-0.5170260785164813,1.1297907681218036
0.6733466933867734,0.2461877359709339,0.05029287424781443,253.8492096129396,-9.349852470084697e-7,-0.26003482071521766,0.24602116417075098,0.014013656544448574,-1.081437819542538,1.3293174492569355,-0.24787962971437558,0.9124625153176977,-1.0351707815586397,0.12270826624090023
0.6773547094188376,0.24618773452559425,0.0502928789590243,255.3601960577531,-8.887136332611288e-7,-0.14925345470078047,-0.14323333821462353,0.2924867929153214,-0.9736090825311531,-0.40093560784922555,1.374544690380397,0.7218482255063314,0.39327299071694166,-1.1151212162233517
0.6813627254509017,0.24618773313534012,0.05029288341548749,256.87118250265786,-8.446794533194167e-7,0.2421918063699486,-0.26314446419063625,0.020952657820607734,0.9650443497716317,-1.3772486736900074,0.41220432391835593,-0.8261666598326445,1.0821859751889342,-0.25601931535634814
0.6853707414829658,0.24618773180699718,0.050292887630829085,258.3821689476494,-8.027793571304785e-7,0.17820708254033174,0.11177484106407279,-0.2899819236044799,1.0889786287883798,0.2362876391924698,-1.3252662679808718,-0.8206151917427364,-0.2638992914643635,1.0845144832070448
0.68937875751503,0.24618773052450868,0.05029289161784669,259.8931553927158,-7.630924285325017e-7,-0.22088743542258696,0.27650695719406604,-0.05561952177154304,-0.8348586372580928,1.4054965029815685,-0.570637865723459,0.7280633715027209,-1.113734750759855,0.3856713792570506
0.6933867735470941,0.24618772930479735,0.05029289538932503,261.40414183787425,-7.249917698869515e-7,-0.20461380741128657,-0.07871888232541002,0.2833326897366346,-1.1887846999427882,-0.06826269705745533,1.2570473970002678,0.907654072407034,0.13075399611328395,-1.0384080685204027
0.6973947895791582,0.2461877281269939,0.050292898956431915,262.9151282830779,-6.894538526158652e-7,0.1964261803057636,-0.2859176629106151,0.08949148260478397,0.6927412500148888,-1.4136571822902049,0.720915932275302,-0.6195547066861454,1.1293661872543996,-0.5098114805683045
0.7014028056112224,0.24618772700578306,0.05029290233040014,264.4261147283738,-6.551219463491528e-7,0.22809623634850762,0.0445378851467207,-0.27263412149529337,1.2716008347212717,-0.10073784467229036,-1.1708629900490075,-0.9817208951428391,0.004260015798739077,0.9774608793440599
0.7054108216432865,0.24618772592335522,0.05029290552165819,265.9371011737234,-6.227811469062381e-7,-0.1691576428989252,0.2912420933098469,-0.12208445041097515,-0.5407233417498308,1.4016141545135035,-0.8608908127636616,0.5021914847790395,-1.1288569383596287,0.6266654535805213
0.7094188376753506,0.246187724884303,0.05029290854046898,267.4480876191456,-5.918047038488217e-7,-0.24831875133099443,-0.009720362293312024,0.25803911362425597,-1.3362434676494677,0.26829865477559867,1.067944812873896,1.0417571225800948,-0.1392131416718575,-0.9025439809083139
0.7134268537074148,0.24618772389690027,0.05029291139576088,268.95907406462806,-5.62346006124752e-7,0.13947152789754538,-0.29240413517016245,0.15293260727256175,0.38097748422597527,-1.3695394325537245,0.9885619483277415,-0.37765100280824726,1.1122142030822355,-0.7345632002740332
0.7174348697394789,0.24618772294629876,0.050292914096489526,270.4700605101637,-5.344227366921148e-7,0.26499234917837794,-0.025236084011952573,-0.23975626516648094,1.3817887594217562,-0.43202499032499614,-0.9497637690967881,-1.0869047482496712,0.27217665845859496,0.8147280897910487
0.721442885771543,0.24618772203383127,0.050292916651133016,271.981046955755,-5.078373266392399e-7,-0.10779211493409797,0.2893871944298165,-0.1815950794957639,-0.21578677212779662,1.3178915069099453,-1.1021047347821444,0.24771320493462287,-1.0796759037421377,0.8319626988074623
0.7254509018036072,0.24618772116574336,0.05029291906722497,273.4920334013943,-4.826408967540193e-7,-0.27787871618689863,0.059831860768427114,0.21804685541843205,-1.4075857129733054,0.5895768833269064,0.8180088296464277,1.116518473823205,-0.40125026281234544,-0.7152682110109279
0.7294589178356713,0.24618772032570588,0.05029292135256139,275.0030198470827,-4.5868107951556e-7,0.07457215760608768,-0.282234386518791,0.20766222891265898,0.047512073190196444,-1.2474085112602107,1.1998964380700134,-0.11423513279093887,1.0317070642367179,-0.9174719314458193
0.7334669338677354,0.24618771953072519,0.05029292351419735,276.5140062928119,-4.3605078348945854e-7,0.2867936952701846,-0.0935725312250626,-0.19322116404516862,1.4132657150088652,-0.73870265114467,-0.6745630638642239,-1.1301751225961285,0.5245892701616476,0.6055858524344635
0.7374749498997996,0.24618771876340523,0.05029292555855631,278.0249927385975,-4.1422931219127477e-7,-0.04028642610096418,0.2710479281747987,-0.23076150207387208,0.12144165934287893,1.159097727776175,-1.2805393871190562,-0.02087557036553154,-0.9689932076715619,0.9898687780370552
0.7414829659318637,0.24618771803346354,0.050292927492136145,279.5359791844173,-3.936768554721042e-7,-0.2916098686905276,0.12597588076843794,0.1656339879220572,-1.3987475493371857,0.8772709999981244,0.5214765493390898,1.127679483527955,-0.6404309293374526,-0.4872485541905637
0.7454909819639278,0.24618771733079603,0.05029292932112013,281.0469656302801,-3.740620494353025e-7,0.005424928590194248,-0.25598771500669754,0.2505627864164668,-0.2886597698188297,-1.054221346537728,1.3428811163565635,0.15568792328936387,0.8924306894995099,-1.0481186127889135
0.749498997995992,0.24618771665726819,0.050292931050998024,282.5579520761772,-3.5550499795890794e-7,0.29225840451123625,-0.15657880477988043,-0.13567959973139634,1.3642387152363764,-1.0033015358773503,-0.3609371793590544,-1.1090672330898075,0.7471196538018338,0.36194757928796234
0.7535070140280561,0.24618771601641334,0.05029293268736812,284.0689385221145,-3.3775621437286783e-7,0.02951410093372977,0.23726896038816153,-0.2667830613219255,0.4517523967721745,0.9342781882455335,-1.3860305850177175,-0.28827520668984963,-0.803113677875653,1.0913888845654751
0.7575150300601202,0.2461877154033078,0.05029293423507925,285.5799249680861,-3.208796308425521e-7,-0.28873003911133066,0.1849439349269631,0.10378610418434268,-1.3102324141502655,1.114993055935459,0.1952393582148334,1.0746043818895017,-0.8431306702869706,-0.2314737116025832
0.7615230460921844,0.24618771481158172,0.05029293569877198,287.09091141408345,-3.05003092619827e-7,-0.06403131981156306,-0.21515920261485594,0.27919052242639103,-0.608388657696055,-0.8009824943123903,1.4093711520084578,0.41674251057553263,0.7023187078655542,-1.1190612184411246
0.7655310621242485,0.24618771424996963,0.0502929370831672,288.60189786012074,-2.89687956071479e-7,0.28107518803350107,-0.21066587275995255,-0.07040931527358141,1.2375004845519153,-1.2107492769341144,-0.026751207617825845,-1.024783453785205,0.9270917954496353,0.09769165833556309
0.7695390781563125,0.2461877137136572,0.05029293839261225,290.1128843061772,-2.7537819045780846e-7,0.09763341486778837,0.18997442702121095,-0.2876078418890278,0.7563299245882875,0.6562392870029321,-1.4125692115912347,-0.5392537958252731,-0.5914863103568664,1.1307401061821238
0.7735470941883766,0.2461877132059936,0.050292939630881536,291.6238707522694,-2.61584021608664e-7,-0.2694032666118097,0.23337701909200498,0.03602624751978447,-1.147082415000152,1.2892016817523986,-0.142119266752223,0.9603164995445982,-0.9978030868486413,0.03748658730399765
0.7775551102204408,0.24618771270455173,0.050292940802153685,293.13485719838013,-2.4866976513974864e-7,-0.12984014947058933,-0.16207456934196396,0.29191471881253034,-0.8934618523929013,-0.5021172194967449,1.3955790718896643,0.6540581554172052,0.4722004894456139,-1.126258644862858
0.7815631262525049,0.2461877122363859,0.050292941910005946,294.6458436445246,-2.3618402669361462e-7,0.25388107313198616,-0.25275277319063855,-0.0011282999413778092,1.0402704029202052,-1.3492289940133977,0.3089585910931708,-0.8821248356131343,1.0542539148967323,-0.17212907928360477
0.785571142284569,0.24618771178679918,0.05029294295775936,296.15683009069045,-2.2437513414043145e-7,0.1601912385822941,0.13185837395927275,-0.2920496125415941,1.017824597715918,0.34081898637443525,-1.3586435840903741,-0.7595148436970116,-0.34616606676148026,1.1056809104584837
0.7895791583166332,0.24618771135627932,0.05029294394895393,297.66781653687474,-2.1325178775582587e-7,-0.23473046310663065,0.2685162363675362,-0.033785773260923274,-0.9185910586894774,1.3899733971203432,-0.4713823384308471,0.7913260197012612,-1.0956375545233148,0.304311534822015
0.7935871743486973,0.24618771094084924,0.05029294488632701,299.1788029830914,-2.024167045656302e-7,-0.18825288934294163,-0.09975767524834553,0.28801056459126945,-1.1276407171041387,-0.17464980844120692,1.3022905255453683,0.854116636103655,0.21518427852975675,-1.0693009146334504
0.7975951903807614,0.24618771055250593,0.05029294577271962,300.68978942931534,-1.9243924796347869e-7,0.21222511821941253,-0.2804421037857729,0.06821698556633593,0.7837833342489157,-1.4108524879045377,0.6270691536556061,-0.6892176773648119,1.121362488103902,-0.43214481073909633
0.8016032064128256,0.24618771017525398,0.05029294661116676,302.20077587556835,-1.827203061740049e-7,0.2136240725285952,0.06623126182974223,-0.27985533435836074,1.2213408335048126,0.0059845731072683695,-1.2273254066121055,-0.9365115726647261,-0.08112712291582207,1.017638695580548
0.8056112224448897,0.24618770981625235,0.05029294740404948,303.7117623218285,-1.7376747866793994e-7,-0.18668668963420743,0.28835993993174736,-0.10167325029755417,-0.6377739160867123,1.4115679131968615,-0.7737939971101361,0.5772591552520028,-1.1310610962270744,0.5538019409750417
0.8096192384769538,0.24618770947817817,0.05029294815388215,305.22274876811605,-1.6501340800646744e-7,-0.23594217192449007,-0.03175827796748168,0.26770044989195935,-1.2975857000667337,0.16276619540868248,1.1348195046580778,1.0055220023248768,-0.0540894939133789,-0.9514325084115357
0.813627254509018,0.2461877091430982,0.05029294886308304,306.73373521441357,-1.5686389553104107e-7,0.15848017052492266,-0.29215659076838796,0.13367642024344592,0.48264955290035927,-1.39210947214595,0.909459919245581,-0.4570505528019548,1.124594787486726,-0.6675442346847781
0.8176352705410821,0.2461877088291289,0.05029294953390894,308.2447216607316,-1.4900181813062492e-7,0.25488822568792385,-0.0031685867968803856,-0.2517196388910634,1.355285700535215,-0.3291907342905421,-1.0260949662447008,-1.0601616891995373,0.1885330701731172,0.871628619026427
0.8216432865731462,0.24618770853387356,0.050292950168387536,309.7557081070688,-1.414338035936531e-7,-0.12800867957781106,0.2917777911648812,-0.16376911158708207,-0.32062724038376145,1.3527552275162447,-1.0321279871324767,0.330309857265994,-1.102055951644193,0.7717460943781778
0.8256513026052104,0.24618770824536332,0.050292950768454206,311.26669455341215,-1.3443659367026014e-7,-0.27019146662392346,0.03805016767537525,0.23214129894854033,-1.3936162127085834,0.49091054080927127,0.9027056718993406,1.0996497424338216,-0.3202821670860101,-0.7793675753478473
0.8296593186372745,0.24618770797191705,0.05029295133616421,312.777680999777,-1.275944254520587e-7,0.09570771029147876,-0.2872289489587994,0.1915212386673059,0.15402257685593107,-1.2940676252678542,1.1400450484119198,-0.19884842720940474,1.0637667103707382,-0.8649182831613427
0.8336673346693386,0.24618770771450998,0.05029295187274114,314.28866744614567,-1.213112854831017e-7,0.2816331748999555,-0.07238794272998819,-0.20924523216998644,1.412029375837375,-0.6456143317117755,-0.7664150441256284,-1.12342176986354,0.4474538425385256,0.6759679273250239
0.8376753507014028,0.24618770746059984,0.050292952380299044,315.79965389253204,-1.1520748898316258e-7,-0.06203890397403665,0.2785750818482642,-0.21653617787423884,0.01478335102359657,1.21688544419588,-1.2316687952194767,0.06454509042206481,-1.0102743062150112,0.945729215792932
0.8416833667334669,0.2461877072276651,0.05029295286030864,317.3106403389254,-1.0952465460439246e-7,-0.28904982162380305,0.10569115849688991,0.18335866312690732,-1.4102620199466482,0.7910910940242564,0.6191709259224208,1.1311380144239889,-0.5682305698852389,-0.5629074445387847
0.845691382765531,0.24618770699674475,0.05029295331399734,318.8216267853291,-1.0414732210191552e-7,0.02748344644029417,-0.2659398708888926,0.23845642444858595,-0.18337799941014854,-1.1223117275282621,1.3056897269384145,0.07068071649299298,0.9423432222891804,-1.0130239387821869
0.8496993987975952,0.24618770678476712,0.050292953743269524,320.33261323174884,-9.890628124021613e-8,0.29233542709625543,-0.1374838586360175,-0.15485156846025544,1.3883394748118862,-0.925261735442913,-0.4630777393690011,-1.122688254345649,0.6808862548630946,0.4418019994825655
0.8537074148296593,0.24618770657222905,0.05029295414957749,321.84359967817915,-9.390284898157176e-8,0.007464799180885629,0.24950388654282452,-0.2569686857237216,0.34935183924389107,1.0116981133905787,-1.3610499526344775,-0.20489636603387937,-0.860944319368581,1.0658406854024536
0.8577154308617234,0.24618770637763485,0.05029295453370274,323.35458612461974,-8.912920977895715e-8,-0.29144301501778064,0.16731165697840883,0.12413135803936658,-1.3465749792014812,1.0462086650852385,0.3003663141162696,1.098193193175688,-0.7838108093636681,-0.31438238381205275
0.8617234468937875,0.24618770619029282,0.05029295489687425,324.8655725710663,-8.466403719367057e-8,-0.04230636088356791,-0.2295020411376821,0.27180840202124096,-0.5103328074667606,-0.8866254942720098,1.396958301738781,0.336183675333238,0.7672409573994371,-1.103424632732692
0.8657314629258517,0.24618770600615533,0.05029295524054729,326.3765590175217,-8.041794564270303e-8,0.2863853542740898,-0.19474826734349568,-0.09163708693060903,1.285565487888425,-1.1522033760025252,-0.13336211188592584,-1.0580029611352695,0.8755332853220725,0.18246967581320983
0.8697394789579158,0.24618770583853405,0.0502929555653238,327.88754546398417,-7.640573460514688e-8,0.07654328475325976,0.20622018232099143,-0.2827634670742614,0.664020167230398,0.7488813419576605,-1.4129015091880728,-0.4626662922675221,-0.6625722887970165,1.12523858106454
0.8737474949899798,0.24618770567153797,0.05029295587243456,329.3985319104554,-7.257213829640706e-8,-0.2772347277264874,0.2194015729699319,0.05783315475655455,-1.2061829282848633,1.2417310097887448,-0.03554808150385698,1.0026919423844587,-0.9547428009007566,-0.04794914148372947
0.877755511022044,0.24618770551955338,0.05029295616282244,330.9095183569297,-6.903714537127944e-8,-0.10968626641145043,-0.17999106619215055,0.28967733260359657,-0.8082174774989718,-0.6004343244398753,1.4086518019388636,0.5825365696975195,0.5484342670534359,-1.1309708367509743
0.8817635270541081,0.24618770536601475,0.050292956437448716,332.42050480341504,-6.557562695384659e-8,0.26412190051083595,-0.24091922303494395,-0.023202677475903967,1.1095617529826673,-1.3135119799167565,0.20395022693406642,-0.9330505753289339,1.0203072526260633,-0.08725667729711714
0.8857715430861722,0.2461877052262718,0.05029295669728157,333.9314912499094,-6.223094556168001e-8,0.14126162863090552,0.15118954283589034,-0.29245117146680516,0.9408638613979083,0.4434059872921549,-1.3842698486900824,-0.6940813193103305,-0.4264581019736918,1.1205394212840303
0.8897795591182364,0.2461877050893759,0.05029295694307837,335.44247769640873,-5.908023603585847e-8,-0.2472342964126494,0.2589937035202369,-0.01175940710758885,-0.9970829551585948,1.3665205134020995,-0.36943755824348423,0.8500742453902832,-1.0712896867579553,0.22121544136764826
0.8937875751503005,0.24618770495698242,0.050292957175539325,336.9534641429116,-5.614620486450506e-8,-0.17081810436189068,-0.12022724700454959,0.291045351366438,-1.0600635848853912,-0.28004057428706075,1.3401041591724734,0.7957063817650546,0.29838707606071324,-1.0940934578257897
0.8977955911823646,0.2461877048370174,0.05029295739529696,338.46445058942413,-5.326266981090734e-8,0.22681325290216825,-0.27336668164334893,0.0465534287411702,0.870353976174655,-1.3999989149485663,0.5296449387738936,-0.7549487639471237,1.1069613895957775,-0.35201262564864455
0.9018036072144288,0.24618770471299828,0.050292957603349564,339.9754370359357,-5.067814736391706e-8,0.1979332777400354,0.08754668549425258,-0.2854799632342981,1.164113066735278,0.11267286941028733,-1.2767859361455889,-0.88595934995141,-0.1660515537900204,1.0520109037414422
0.9058116232464929,0.24618770460512235,0.05029295779976708,341.48642348245727,-4.810499891748415e-8,-0.20315063191789862,0.2838327463061104,-0.08068211438821447,-0.7311860441451207,1.4134687593618718,-0.6822827152167362,0.6490336803034722,-1.1268125790727017,0.47777889876921
0.909819639278557,0.2461877044962399,0.05029295798499676,342.9974099289768,-4.582901410080835e-8,-0.22221962155019,-0.05361491963240624,0.27583454118259465,-1.2515252347951766,0.05630513985156915,1.1952200949436331,0.96355032725224,0.03134284793467559,-0.9948931751869411
0.9138276553106212,0.24618770439437263,0.05029295816120922,344.50839637550996,-4.344654810229328e-8,0.1765846251941223,-0.29024233323590526,0.11365770804177334,0.5815681541974848,-1.4067376069024051,0.8251694527049085,-0.53384274331951,1.130559600401456,-0.5967168570819411
0.9178356713426853,0.24618770429748452,0.05029295832732252,346.01938282204696,-4.119026645189187e-8,0.24333004258823715,0.0189168985543841,-0.2622469411426319,1.3210508249243114,-0.22447844829893163,-1.0965723766254067,-1.0273704163883877,0.10381380642927981,0.9235566099591231
0.9218436873747494,0.24618770420360814,0.05029295848450197,347.53036926858346,-3.916062357737376e-8,-0.14749489000073868,0.2925038098411466,-0.1450089198404101,-0.42363855420630314,1.379901512662656,-0.9562629584563442,0.411022182703748,-1.1181487860224768,0.7071266033187158
0.9258517034068136,0.24618770411658095,0.05029295863322772,349.0413557151282,-3.712733567700838e-8,-0.26096282766521584,0.01605148030596381,0.24491134735925355,-1.3716961551587907,0.3894435462841777,0.982252608874641,1.0765074814154707,-0.23748677100026225,-0.8390207104152347
0.9298597194388777,0.24618770402740225,0.05029295877385301,350.55234216167423,-3.5256241882390275e-8,0.11629718973718206,-0.290584883058372,0.17428769332118396,0.25965440438179793,-1.3333441542823616,1.0736897499005589,-0.28232738145331615,1.0897576230612223,-0.8074302416079038
0.9338677354709418,0.24618770395104245,0.050292958906815045,352.0633286082236,-3.348159572126775e-8,0.2748659720587135,-0.05079045334151879,-0.22407551871720524,1.4027374153293635,-0.5488427739633357,-0.8538946413660564,-1.1102592668257176,0.3677656088651037,0.7424936579606322
0.937875751503006,0.2461877038722965,0.050292959032629696,353.5743150547781,-3.175737179380361e-8,-0.08343739041953101,0.28451296938546916,-0.20107557896594105,-0.09195931542038717,1.267730874649119,-1.1757715592287306,0.1495976040546437,-1.0457918357317493,0.8961942316770979
0.9418837675350701,0.24618770379861707,0.050292959151464395,355.08530150132964,-3.026887074640752e-8,-0.28484077878548597,0.0848035361934959,0.2000372425919918,-1.4137309968952554,0.7003980322996154,0.713332964595669,1.1281434196213358,-0.49278840121196515,-0.6353550184093977
0.9458917835671342,0.24618770372886795,0.05029295926382262,356.5962879478926,-2.8652801643713095e-8,0.049385112609095914,-0.274374823120601,0.2249897105115,-0.07705004527196424,-1.183999325144868,1.2610493704168337,-0.014729794554286468,0.9868797030438929,-0.9721499084896106
0.9498997995991983,0.2461877036638718,0.05029295936972185,358.10727439445617,-2.7170231216113047e-8,0.29074469495468847,-0.1176046247210417,-0.17314007023365705,1.4045197880609022,-0.8419433276235746,-0.5625764604373561,-1.1299043481985647,0.6107683493986262,0.5191359987999572
0.9539078156312625,0.24618770359836523,0.0502929594704221,359.6182608410157,-2.5927264282609938e-8,-0.014627034992490053,0.26031538300378343,-0.24568834801129777,0.24495822190786218,1.0833463319019836,-1.3283045538098508,-0.12034852798221185,-0.9138633180724378,1.0342118460546474
0.9579158316633266,0.24618770353701092,0.050292959565501734,361.12924728758355,-2.4613712006060377e-8,-0.29249333104391484,0.1487249228856563,0.14376840815825984,-1.3752354089063439,0.9714557036600765,0.40377970524629553,1.1155168654877456,-0.7200192942921623,-0.3954975711956111
0.9619238476953907,0.24618770348195493,0.050292959655451726,362.64023373415563,-2.3318648265357465e-8,-0.020340091460037964,-0.24253554555382914,0.2628756370138633,-0.40936549059791183,-0.9672102907572729,1.3765757813551933,0.25370684750184735,0.8277861133647223,-1.081492960866579
0.9659318637274549,0.24618770342199317,0.05029295974054643,364.1512201807285,-2.2119743590133512e-8,0.29006170729674,-0.17771967319077653,-0.11234203410597388,1.3262964124312255,-1.0870842110238221,-0.23921220140743038,-1.085186617040065,0.8189798548699601,0.2662067621701229
0.969939879759519,0.24618770337311757,0.050292959820930336,365.662206627302,-2.1025017909241674e-8,0.055016519348752874,0.22128942974270632,-0.27630594909146394,0.5679221710210929,0.83725104159694,-1.4051732126180443,-0.3834392274067668,-0.7298783268938144,1.113317554300585
0.9739478957915831,0.24618770332439893,0.050292959897013344,367.17319307388215,-1.9874764150997237e-8,-0.2834845734211232,0.20417448665232896,0.07931008676879639,-1.2584022186373078,1.1871763040137497,0.07122591462358388,1.0393470706460521,-0.9062357007901671,-0.1331113698559097
0.9779559118236472,0.2461877032755929,0.05029295996900517,368.6841795204506,-1.9116765714724104e-8,-0.08890666269557744,-0.19688069298734556,0.285787355682923,-0.7183622280659709,-0.6953259744412352,1.413688202507221,0.5076915759852106,0.6215392717193834,-1.1292308477046065
0.9819639278557113,0.2461877032270697,0.05029296003687342,370.19516596703664,-1.801684232613101e-8,0.2728559066237122,-0.22771125760065888,-0.045144649023060764,1.1725230867847343,-1.2703014119252338,0.09777832514047574,-0.9786532952280944,0.9805397303931624,-0.0018864351650503403
0.9859719438877754,0.24618770318831945,0.05029296010091159,371.706152413617,-1.7156126840368378e-8,0.12152616431388272,0.16965815906496745,-0.2911843233788552,0.8585355424018791,0.5434633880683247,-1.4019989304702212,-0.6246880588861482,-0.5043172482310395,1.1290053071171984
0.9899799599198396,0.24618770314415334,0.05029296016162033,373.2171388602011,-1.6287099073546766e-8,-0.25832765172421357,0.24799363806182767,0.010334013662389292,-1.0698865144911418,1.3352716500604893,-0.2653851355693256,0.9039728253791025,-1.040830103024102,0.13685727764497918
0.9939879759519037,0.2461877031061247,0.05029296021910592,374.72812530678874,-1.5421070541415458e-8,-0.1524088334347523,-0.1400109005889663,0.29241973402372057,-0.9864388078916105,-0.38383372082994077,1.3702725287215716,0.7327566029715921,0.379887612462066,-1.1126442154336744
0.9979959919839678,0.24618770306985557,0.05029296027347923,376.2391117533773,-1.4605970309479547e-8,0.24010741125578636,-0.2647317261221153,0.024624314866322276,0.9519592759917147,-1.3811583802599745,0.42919910426823993,-0.8163729035329357,1.0862450824877377,-0.2698721789547865
1.002004008016032,0.24618770302996906,0.05029296032503122,377.75009819996717,-1.3832692567439319e-8,0.1811133026616871,0.10836263374204402,-0.28947593640373614,1.1002440737821828,0.21871837588203613,-1.3189624496642414,-0.8303527267659236,-0.2500286955588347,1.0803814223247745
1.006012024048096,0.24618770299943346,0.050292960373651927,379.2610846465535,-1.322722156960102e-8,-0.21845559686299412,0.2776863139670916,-0.05923071710409317,-0.8204267993397143,1.4073058332114075,-0.5868790338716763,0.7171055205575032,-1.1161356354996514,0.3990301149421333
1.0100200400801602,0.24618770296625084,0.05029296041966748,380.7720710931463,-1.2527080751632038e-8,-0.2072293271257375,-0.075165664191471,0.2823949913172123,-1.1983248125965618,-0.050477141022922514,1.2488019536195087,0.9160815706323342,0.11659640627083724,-1.0326779769031906
1.0140280561122244,0.24618770293628978,0.050292960462945825,382.2830575397365,-1.1955039960591468e-8,0.1936816496441663,-0.2866722521140869,0.09299060246991617,0.6771689135662239,-1.4133402978098553,0.7361713842436177,-0.6075893793908252,1.1300745559948853,-0.5224851766040477
1.0180360721442885,0.24618770291207992,0.050292960503926475,383.7940439863327,-1.1297529128028345e-8,0.2303836759482928,0.040894441429653976,-0.27127811737795227,1.2792793422341668,-0.11848550518565776,-1.1607938370485351,-0.9887179659613778,0.01850225651241963,0.9702157094489773
1.0220440881763526,0.246187702875534,0.05029296054269539,385.3050304329216,-1.0880049531427478e-8,-0.16613963241096633,0.2915611111178884,-0.12542147870691964,-0.5242330296922116,1.3991755067244505,-0.874942477032228,0.4893896601729718,-1.1278626135044214,0.6384729533314388
1.0260521042084167,0.2461877028517921,0.05029296057941469,386.8160168795226,-1.021183148980977e-8,-0.25024540904814363,-0.006038760849381722,0.2562841698975294,-1.341950571215143,0.28575477421370554,1.0561957970014646,1.0472237301041172,-0.15333649011390316,-0.8938872399902358
1.0300601202404809,0.24618770282561941,0.0502929606140567,388.3270033261191,-9.71587540304543e-9,0.13622318325473542,-0.292283043034157,0.15605985977941897,0.36380491934672454,-1.365013994162169,1.0012090748154372,-0.36419568850206213,1.109531496969493,-0.7453358084674235
1.034068136272545,0.2461877028013474,0.05029296064704343,389.83798977271874,-9.18850226442463e-9,0.2665306773668918,-0.02890322421342979,-0.23762745315346798,1.3854428782669252,-0.44894008229201565,-0.936502795974938,-1.0907627546910006,0.2859792622384447,0.804783492452578
1.0380761523046091,0.24618770278053043,0.050292960678229325,391.34897621932043,-8.654468848794966e-9,-0.10435985109803997,0.28882770656788037,-0.18446785546983918,-0.19817735703802838,1.3113438897625118,-1.1131665327244795,0.23379668031290432,-1.0753431104801334,0.8415464301672232
1.0420841683366733,0.24618770275439994,0.050292960707545936,392.85996266591593,-8.323553549785815e-9,-0.2790067368003852,0.06343212908108553,0.21557460771930428,-1.4091346844745443,0.6057092193721396,0.8034254651024334,1.1187127939251613,-0.4145348702907706,-0.7041779236344142
1.0460921843687374,0.2461877027337773,0.05029296073551047,394.3709491125224,-7.760770971696444e-9,0.0710050245677758,-0.2812444811818935,0.21023945661411475,0.029717478075339088,-1.2389322575930715,1.2092147795177317,-0.10005628867800587,1.0257860800713199,-0.9257297913933127
1.0501002004008015,0.24618770271540813,0.050292960761084735,395.88193555911664,-7.543911533211528e-9,0.28749527692341115,-0.09705447286227718,-0.1904408040611413,1.412687354987567,-0.7538216545254091,-0.6588657004621867,-1.1306743620240562,0.5371660095086478,0.59350835251543
1.0541082164328657,0.24618770270415472,0.050292960786322,397.3929220057245,-7.022280924652338e-9,-0.036635407936662014,0.26964177183958804,-0.23300636390292653,0.13916711342740104,1.148814051298639,-1.2879811647260426,-0.03511408455040058,-0.9615687189137953,0.9966828034641952
1.0581162324649298,0.24618770267641377,0.050292960809620056,398.9039084523214,-6.814264504709879e-9,-0.29187498460755923,0.12928973004106867,0.1625852545664954,-1.3960501555518927,0.8911606079402441,0.504889547611677,1.1264765386237374,-0.652120070963306,-0.47435646766045536
1.062124248496994,0.2461877026617375,0.050292960831861404,400.41489489892786,-6.40229418538576e-9,0.0017422050961463965,-0.2541853857468428,0.2524431806506957,-0.30606275125977256,-1.0422771723581281,1.3483399236179068,0.16978261401610084,0.8836087700147266,-1.0533913840308318
1.066132264529058,0.24618770264642775,0.050292960852803534,401.92588134553444,-6.023860376575935e-9,0.2920832713219003,-0.15967720598827853,-0.13240606533362928,1.3594608560341765,-1.0157632569099284,-0.34369759912427594,-1.1061793143612957,0.757754152434903,0.34842516192641376
1.0701402805611222,0.2461877026283136,0.050292960872715814,403.43686779213743,-5.7630767526101855e-9,0.033175897405985595,0.23509622300733338,-0.268272120413321,0.468584192845034,0.9208442499452656,-1.389428442790309,-0.30202463917475236,-0.7930204359975055,1.0950450751722625
1.0741482965931863,0.2461877026167768,0.05029296089164187,404.9478542387473,-5.363074771600744e-9,-0.2881171401912001,0.18778259484916,0.1003345453420449,-1.3034423165249922,1.1258487494858753,0.17759356703914328,1.070072717855069,-0.8525585108952414,-0.21751420695985052
1.0781563126252505,0.24618770260280887,0.05029296090951901,406.4588406853507,-5.1546865995337694e-9,-0.06761985685024953,-0.21264710744232881,0.28026696429257747,-0.6244087124811011,-0.7862507820240867,1.4106594945052007,0.4299501828725595,0.691098392488523,-1.1210485753610937
1.0821643286573146,0.24618770258856792,0.0502929609260857,407.969827131962,-4.773597978063585e-9,0.2800332917561196,-0.21320422753026116,-0.06682906422586754,1.2287952425460744,-1.2198438385660388,-0.008951403980060583,-1.0186728541874925,0.9351782710240935,0.08349458316341699
1.0861723446893787,0.24618770257543302,0.05029296094190741,409.4808135785615,-4.714208553562565e-9,0.10109740174629889,0.18715886860829592,-0.2882562703545993,0.7713092714785343,0.6404203281202869,-1.4117295995988368,-0.5517309383601762,-0.57929926770049,1.1310302060606754
1.0901803607214429,0.2461877025687595,0.0502929609567784,410.9918000251722,-4.396938543475126e-9,-0.2679472497024503,0.2355787800522045,0.03236846965024878,-1.1365863874298772,1.296405080474739,-0.15981869304483884,0.9527142539555038,-1.0044325893044415,0.05171833534891577
1.094188376753507,0.24618770254949263,0.05029296097086583,412.5027864717761,-4.278458484727625e-9,-0.13313008095714082,-0.1589957899547068,0.29212587091184833,-0.9071864199110625,-0.48543710743376906,1.39262352734485,0.665626456253269,0.45922090645053987,-1.1248473627038245
1.0981963927855711,0.24618770254101205,0.05029296098430814,414.01377291838725,-3.997047301923298e-9,0.25203175236761,-0.2545864795244701,0.002554727156853457,1.0281336378751993,-1.3544383216821128,0.32630468380689254,-0.8731396290366026,1.059331729644523,-0.1861921006079042
1.1022044088176353,0.24618770252701422,0.050292960996955204,415.524759364996,-3.795696557301821e-9,0.16326009014384216,0.12856037143933566,-0.2918204615831829,1.0300982218044945,0.3235161029214935,-1.353614324726009,-0.7700089607357475,-0.3325794391319735,1.102588399867735
1.1062124248496994,0.24618770252104247,0.05029296100907163,417.0357458116072,-3.5499588128964386e-9,-0.2325142631001638,0.2699556762248427,-0.037441413124675485,-0.904986996280208,1.3931141843481374,-0.4881271880679107,0.7810862554898966,-1.0990910981145625,0.318004842624648
1.1102204408817635,0.246187702507596,0.05029296102048821,418.54673225821944,-3.302777494938926e-9,-0.19105680792267407,-0.09628758686557921,0.2873443947882554,-1.1382880067869152,-0.15697145242847232,1.295259459215411,0.8633866065758734,0.2011847938370287,-1.0645714004129214
1.1142284569138277,0.24618770250299782,0.050292961031151696,420.0577187048252,-3.2323007502872396e-9,0.20967371656891207,-0.28146670837144094,0.07179299180252284,0.7689064230156379,-1.4118798805963262,0.6429734575806725,-0.6778697198340904,1.1231424305911077,-0.44527271075700503
1.1182364729458918,0.24618770249336946,0.05029296104130819,421.5687051514341,-3.0986132381091953e-9,0.21612298007229508,0.0626386773543169,-0.2787616574266171,1.2302095812984608,-0.011816604719586114,-1.2183929765788999,-0.9444248864479929,-0.0669148528238735,1.0113397392718853
1.122244488977956,0.2461877024823281,0.05029296105080782,423.0796915980411,-3.028700065010965e-9,-0.183836548671794,0.28895506501702883,-0.105118516345232,-0.6218367696828826,1.4104672314551339,-0.7886304617722386,0.5649651854758899,-1.131142003874944,0.566176818399042
1.12625250501002,0.24618770247480762,0.05029296105962999,424.590678044653,-2.855072205797426e-9,-0.23810035286647802,-0.028094545958606464,0.2661948988250892,-1.3045492056390053,0.18043578118847975,1.1241134244505524,1.0119655988386433,-0.06831142477061344,-0.9436541740680507
1.130260521042084,0.24618770247079666,0.05029296106819567,426.1016644912651,-2.6871623704192582e-9,0.1553720200113284,-0.29231372802162775,0.1369417080102952,0.4658799270230324,-1.388896419602182,0.9230164925791402,-0.44398626194079865,1.1229754845392796,-0.6789892225984726
1.134268537074148,0.2461877024596427,0.05029296107636309,427.6126509378771,-2.5387000267642194e-9,0.25667483690418597,-0.006851107655286324,-0.2498237292489048,1.3602444326434326,-0.34647620018167946,-1.0137682324617807,-1.0650434712264947,0.20256140702773615,0.86248206419878
1.1382765531062122,0.24618770245266255,0.05029296108404638,429.12363738449056,-2.365302105947797e-9,-0.12468693593194256,0.2914946819604851,-0.16680774602854145,-0.30326479679398743,1.3474756986723697,-1.044210901878376,0.31666195059129837,-1.0987595594081057,0.7820976088167995
1.1422845691382764,0.2461877024498436,0.050292961091301186,430.6346238311031,-2.22604230368646e-9,-0.27158096814400207,0.041698847334722865,0.22988212080928358,-1.3964992645410577,0.5075648363016465,0.8889344282394396,1.102899914135461,-0.3339164139310123,-0.7689835002044726
1.1462925851703405,0.24618770244228258,0.05029296109829835,432.14561027771475,-2.1254728858198564e-9,0.09221985358681699,-0.2865096580754029,0.1942898044885838,0.13631546999254487,-1.2867971337583184,1.1504816637657709,-0.18481197391465554,1.0588403929579833,-0.8740284190433245
1.1503006012024046,0.24618770243597374,0.0502929611047421,433.6565967243253,-2.0586461414116643e-9,0.2826057065179823,-0.07595063222003513,-0.2066550742979545,1.412795562090045,-0.661399439080199,-0.7513961230098749,-1.124993894745759,0.4604991420583139,0.6644947526874672
1.1543086172344688,0.24618770243105528,0.05029296111082427,435.16758317093786,-1.9555118216330955e-9,-0.05843477600004343,0.27742987401207475,-0.21899509801203068,0.03258206239795064,1.2077278318164892,-1.2403098942144404,0.05032068626972265,-1.0037884163405084,0.9534677300707841
1.158316633266533,0.24618770242341295,0.05029296111651642,436.678569617547,-1.94549460526548e-9,-0.2895914949117082,0.10911694393920612,0.18047455097250792,-1.4089004410479242,0.805781442095162,0.6031189989527909,1.1310096658552489,-0.5805005001807838,-0.550509165674488
1.162324649298597,0.24618770242013868,0.05029296112176569,438.18955606416165,-1.8082524647477686e-9,0.023814559048165818,-0.26438510637624885,0.240570547328083,-0.20101393291998323,-1.111397894129407,1.3124118270493945,0.08488977252771736,0.9343904660396823,-1.019280238567401
1.1663326653306612,0.24618770241571455,0.050292961126765595,439.70054251077306,-1.761411201849402e-9,0.2924384908803137,-0.14072377738027364,-0.15171471350004623,1.3848695281093688,-0.9386473397166583,-0.44622218839273853,-1.120861219360116,0.6922054344588284,0.4286557849013102
1.1703406813627253,0.24618770241356286,0.050292961131905504,441.2115289573913,-1.5505129737286056e-9,0.011146011015987608,0.24756179997453237,-0.25870781099052653,0.3665729514386218,0.9991840700436608,-1.3657570214822912,-0.21888700316310733,-0.8516383886883271,1.0705253918514335
1.1743486973947894,0.24618770240958907,0.050292961136742864,442.72251540400714,-1.4130434858746132e-9,-0.2911060070746833,0.17031941114510873,0.12078659592957582,-1.3410463194112079,1.0580982654429563,0.28294805396827927,1.0946936334840083,-0.7940174990757053,-0.3006761344083307
1.1783567134268536,0.24618770240097476,0.05029296114096261,444.233501850617,-1.4254798537950843e-9,-0.045947283040139855,-0.22720037372179044,0.27314765676192626,-0.5268929621215417,-0.8726900465005737,1.3995830086221261,0.34975593263521293,0.7567148137437909,-1.106470746379016
1.1823647294589177,0.2461877024003617,0.05029296114526238,445.7444882972356,-1.2338343707141283e-9,0.28561307235181865,-0.19748085858151043,-0.08813221377031974,1.2780570530642643,-1.1624269901108872,-0.11563006295340333,-1.052880830133006,0.8844815689900825,0.1683992611429398
1.1863727454909818,0.24618770239679028,0.050292961149054724,447.2554747438452,-1.2660215291948389e-9,0.08009188691553122,0.2035918474774838,-0.28368373439302214,0.679682724427642,0.7337237113228328,-1.4134064357504887,-0.4756262208007914,-0.6509764229102077,1.1266026437110037
1.190380761523046,0.24618770239093746,0.05029296115271868,448.7664611904592,-1.1989654867480354e-9,-0.2760382087866382,0.22181994599546498,0.054218262791173755,-1.1968020373913677,1.2501425255577914,-0.053340488166399164,0.9960204518259956,-0.9623047923008095,-0.03371565952521152
1.19438877755511,0.24618770239171195,0.050292961156155655,450.27744763707193,-1.170460950490102e-9,-0.11309182804559748,-0.17707361180736583,0.2901654398529613,-0.822758551448466,-0.5842710892330099,1.4070296406814926,0.5946989219378667,0.5359343591759358,-1.130633281113819
1.1983967935871742,0.24618770238536805,0.05029296115928688,451.7884340836848,-1.1395379724970155e-9,0.2625182649546183,-0.24298883128793275,-0.01952943366669549,1.098442552938969,-1.3199912638764588,0.2215487109374674,-0.9249251397953832,1.0263749428093825,-0.10144980301398529
1.2024048096192383,0.24618770238291657,0.050292961162250016,453.2994205302934,-1.2305249411304388e-9,0.14447548423544113,0.14802467354129287,-0.2925001577767417,0.9540756686329088,0.4264681764661461,-1.3805438450990746,-0.7052722992877664,-0.41323282428344693,1.1185051235712233
1.2064128256513025,0.24618770237920432,0.050292961165444655,454.8104069769174,-9.366424797765792e-10,-0.2452464374115908,0.26068494537472103,-0.015438507963129804,-0.9843842544732102,1.37097484076754,-0.38659058629430987,0.8406109037394114,-1.075776261183376,0.23516535744394312
1.2104208416833666,0.24618770237944435,0.050292961168325906,456.3213934235336,-8.465838030996113e-10,-0.17379431673595053,-0.11686018968922231,0.29065450642517204,-1.071757285313798,-0.2625702482851734,1.334327533598993,0.8057660343628473,0.2846254302463154,-1.0903914646091843
1.2144288577154307,0.2461877023766913,0.050292961171023436,457.8323798701486,-7.897310289533118e-10,0.2244696008041259,-0.2746554068849025,0.05018580608076832,0.8562573445935305,-1.40236473231042,0.5461073877168721,-0.7442828347057765,1.1098028113073952,-0.3655199766016072
1.2184368737474949,0.24618770236826434,0.050292961173597044,459.3433663167574,-8.935122674338551e-10,0.20062930736156342,0.08402555965742639,-0.2846548670189983,1.1741215176020399,0.09491970873478947,-1.2690412263368531,-0.8947438909274167,-0.15195021608808806,1.0466941070155185
1.222444889779559,0.24618770237065124,0.05029296117584336,460.8543527633733,-8.236147316722101e-10,-0.200484673329615,0.2847005271422038,-0.08421585381258834,-0.7158929177003901,1.4137122131392608,-0.6978192954388561,0.6373175732518094,-1.1279682059817813,0.49065063272995524
1.2264529058116231,0.24618770236939402,0.05029296117802447,462.36533920998806,-7.871853025786727e-10,-0.22459694614518544,-0.04999005165085553,0.27458699779604145,-1.2597054282638138,0.07408740489523175,1.1856180233686078,0.9709342368838709,0.01710335886223899,-0.9880375957461334
1.2304609218436873,0.24618770236414436,0.05029296118001473,463.8763256566002,-8.176051173478967e-10,0.1736344559488241,-0.29067675913808705,0.11704230318925486,0.5652970832009155,-1.4048551792250148,0.8395580960240876,-0.521243888010798,1.1300128859408904,-0.6087689979300859
1.2344689378757514,0.2461877023633707,0.05029296118191101,465.38731210321714,-7.331904959142444e-10,0.2453546712127398,0.015240092647895416,-0.2605947638606449,1.3272857973952132,-0.24203567140252383,-1.0852501259927165,-1.0332481183762225,0.11798793770970403,0.9152601806665354
1.2384769539078155,0.24618770235869353,0.05029296118374572,466.8982985498314,-7.21294063548248e-10,-0.14430268533120894,0.2924986913792617,-0.14819600604805477,-0.4066221209426317,1.3759202039991545,-0.9692980830565147,0.3977206759373956,-1.1159076222208042,0.7181869462833959
1.2424849699398797,0.24618770235698015,0.050292961185684056,468.40928499644747,-6.649695821431189e-10,-0.2626058336219255,0.01972767355933438,0.242878160062592,-1.3758968526203528,0.40652480812955066,0.96937204449083,1.0807950169565952,-0.251392971285005,-0.8294020456716168
1.2464929859719438,0.24618770235561932,0.05029296118763303,469.9202714430645,-5.855833680082124e-10,0.11290856311423492,-0.29014027473294407,0.1772317116187023,0.24213577604808795,-1.3273207772268638,1.085185001178771,-0.2685132991629753,1.0858539714039037,-0.8173406722409275
1.250501002004008,0.24618770235825713,0.05029296118900189,471.43125788968115,-5.216270385129627e-10,0.2761038803336739,-0.05441349691678294,-0.221690383416901,1.4048438096176425,-0.5652039577366039,-0.8396398518810673,-1.1128953670886146,0.38120513710544707,0.7316902299831854
1.254509018036072,0.24618770235416879,0.05029296119056912,472.9422443362972,-4.735971285434321e-10,-0.07990077334215002,0.2836352345099825,-0.20373446116783522,-0.07418887234821046,1.2597515518739335,-1.1855626795257217,0.13546838218230345,-1.0402815137875352,0.9048131316052255
1.2585170340681362,0.24618770235272647,0.05029296119196978,474.4532307829082,-5.568352998643239e-10,-0.28565588957085947,0.08832164870139242,0.19733424086946996,-1.4137129570898486,0.7158052984233625,0.6979076586665149,1.129090388522836,-0.5055691768251142,-0.6235212116977479
1.2625250501002003,0.24618770235596,0.050292961193200994,475.9642172295252,-4.909829274291011e-10,0.04575105081373501,-0.27307651637863517,0.22732546556489652,-0.09481833240912974,-1.174178119727719,1.2689964521368504,-0.0004873660559731319,0.9798414882585638,-0.9793541222025932
1.2665330661322645,0.2461877023480295,0.0502929611943957,477.4752036761351,-6.037191422285531e-10,0.2911253586605228,-0.12096752393290514,-0.1701578347276258,1.4023775863989125,-0.8561764853282069,-0.5462011010707342,-1.1291486633025878,0.6227077169955906,0.5064409463070174
1.2705410821643286,0.24618770234929424,0.05029296119556715,478.9861901227548,-4.705844037738157e-10,-0.010947463445308664,0.2586150310364384,-0.24766756759113187,0.26247040475332517,1.0718235257116087,-1.3342939304649393,-0.1345006122322087,-0.9053977275576309,1.03989833978984
1.2745490981963927,0.2461877023499031,0.05029296119657151,480.49717656937537,-3.2432328086311293e-10,-0.2924341115403834,0.15188455321140784,0.14054955832897856,-1.3709996474121704,0.9843113282246967,0.38668831918750163,1.113069316014983,-0.7309466130183803,-0.3821227029966285
1.2785571142284569,0.24618770234632195,0.05029296119780223,482.008163015988,-3.753484832086886e-10,-0.024012583026592805,-0.24045747241619697,0.26447005544278707,-0.426371304640313,-0.9541506500166801,1.3805219546570018,0.267566335700822,0.8180142084027262,-1.0855805441035569
1.282565130260521,0.2461877023443973,0.05029296119899314,483.51914946260604,-2.967383348011472e-10,0.28956344248090593,-0.1806308700698374,-0.10893257241107819,1.320027612460064,-1.0983785569084485,-0.2216490555516425,-1.0810821715186534,0.8287389433835058,0.25234322813516524
1.2865731462925851,0.2461877023467584,0.0502929611998964,485.0301359092205,-3.0822109567292974e-10,0.058629446531957966,0.21886332904227826,-0.2774927755742406,0.5841785657252537,0.8228411789255833,-1.407019744650849,-0.3968080397047369,-0.7189397387068821,1.1157477784116234
1.2905811623246493,0.24618770234051918,0.05029296120085912,486.54112235583506,-3.183821008299173e-10,-0.28255438425138013,0.20679564256931082,0.07575874168207264,-1.2501899824387641,1.1967479605562936,0.053442021882496984,1.0336443953574108,-0.9146870870077577,-0.11895730834967709
1.2945891783567134,0.2461877023434107,0.05029296120175295,488.0521088024486,-3.5597701422384054e-10,-0.09240838521723445,-0.19414122565691933,0.2865496108741524,-0.7336368355648756,-0.6797717961663016,1.413408631731192,0.5203786228665072,0.6095902990452782,-1.129968921911799
1.2985971943887775,0.2461877023462378,0.0502929612023641,489.5630952490657,-3.0286817731663506e-10,0.27150711322012766,-0.2300049347313551,-0.041502178488780635,1.1624848579244418,-1.2780136580440657,0.11552880011960011,-0.9714339570426737,0.9875626885804619,-0.01612873153777124
1.3026052104208417,0.24618770234297946,0.05029296120297769,491.074081695678,-3.786180804795304e-10,0.12486663903408882,0.166644491463768,-0.29151113049786154,0.8726101030614233,0.5269872434225926,-1.399597346484034,-0.6365120484448902,-0.4915287095626049,1.1280407580075058
1.3066132264529058,0.24618770233772397,0.050292961203746614,492.58506814229725,-2.760731585621173e-10,-0.2565794914111929,0.24992701907627835,0.006652472334918159,-1.0581656401798316,1.3410141411690546,-0.2828485009892011,0.8953399011590096,-1.0463241645974068,0.15098426343837687
1.31062124248497,0.24618770234110454,0.050292961204488555,494.0960545889156,-1.9967607172783347e-10,-0.15554032304083895,-0.1367661027998471,0.2923064258406875,-0.9991121703040114,-0.3666710753965665,1.3657832457005985,0.7435485512274606,0.36644227307030885,-1.1099908242977863
1.314629258517034,0.24618770233930823,0.05029296120518208,495.6070410355315,-1.874780345909845e-10,0.2379848848350132,-0.26627719515043624,0.028292310315416687,0.9387233138084389,-1.3848490890449785,0.44612577523652047,-0.8064498127364471,1.0901317632044698,-0.2836819504680078
1.3186372745490982,0.2461877023395129,0.05029296120595329,497.1180274821494,-1.2933465782109848e-10,0.1839910531371371,0.10493307844855873,-0.2889241315857015,1.1113351226292743,0.20111451212437412,-1.312449634753671,-0.8399584039436917,-0.2361187114283658,1.0760771153720723
1.3226452905811623,0.24618770233604717,0.05029296120648743,498.6290139287607,-2.3257097730272173e-10,-0.21598903844909428,0.2788217803150404,-0.06283274186594406,-0.805864919614199,1.4088920155953575,-0.6030270959811422,0.7060340847406854,-1.11835938764181,0.4123253029011077
1.3266533066132264,0.24618770233913204,0.05029296120716061,500.14000037538136,-1.0357629904524504e-10,-0.20981220391073127,-0.07160036271703313,0.2814125666277677,-1.2076750037300072,-0.03268364140829517,1.240358645138328,0.9243636693654786,0.10242056733688908,-1.026784236702388
1.3306613226452906,0.24618770233314768,0.05029296120752525,501.6509868219899,-2.780475426591603e-10,0.1909063155232853,-0.2873814946504137,0.09647517912712338,0.6614892460597488,-1.412799308866376,0.7513100628066139,-0.5955278426718295,1.1306036194492952,-0.535075776777455
1.3346693386773545,0.24618770233804405,0.05029296120783544,503.1619732686074,-2.2817377551563354e-10,0.23263476689676227,0.03724434990393805,-0.2698791168007084,1.286755060781123,-0.1362143366212209,-1.1505407241599286,-0.9955581329467471,0.03274134894783897,0.9628167839989262
1.3386773547094186,0.2461877023349007,0.050292961208324154,504.6729597152204,-2.9568134178769667e-10,-0.16309518813019785,0.29183399757196,-0.12873880944176147,-0.5076596644901186,1.396515079715332,-0.8888554152252028,0.47651040388334465,-1.1266894292889345,0.6501790254055776
1.3426853707414828,0.24618770233529555,0.05029296120874045,506.18394616184116,-1.688511266451697e-10,-0.2521325419384324,-0.0023560447559687146,0.254488586694403,-1.3474449721220487,0.3031655603141398,1.0442794118079362,1.052524202988661,-0.16743533349491158,-0.8850888694937743
1.3466933867735469,0.24618770233180443,0.05029296120911597,507.69493260845513,-2.1610839807209475e-10,0.1329531331031593,-0.29211566030315045,0.1591625271999877,0.3465747053390351,-1.3602721154335025,1.0136974100944582,-0.3506827660460294,1.1066728010524882,-0.7559900350064508
1.350701402805611,0.24618770233515552,0.05029296120960879,509.2059190550746,-1.220844392553342e-10,0.2680268811093483,-0.03256593197383348,-0.23546094913552,1.3888774266139103,-0.4657839880234166,-0.9230934385905218,-1.0944477735293343,0.2997363565347385,0.7947114169946181
1.3547094188376752,0.24618770233145038,0.05029296121012519,510.7169055016918,-8.745096029476233e-11,-0.10091093634833724,0.28822245960445203,-0.18731152325614958,-0.18053655966362864,1.3045883845335986,-1.124051824870002,0.21984323094922478,-1.0708398043175351,0.8509965733683145
1.3587174348697393,0.24618770233286755,0.05029296121044339,512.2278919483052,-1.4607526070177187e-10,-0.2800906231859866,0.06702248020736207,0.21306814297856808,-1.4104602752144635,0.6217455041758664,0.7887147710385364,1.1207296774942292,-0.42775359402285207,-0.6929760834713783
1.3627254509018034,0.24618770232878617,0.05029296121080823,513.7388783949165,-2.5838382029897957e-10,0.06742653426858018,-0.2802100285820492,0.2127834943134475,0.011918207113358413,-1.2302596480840795,1.2183414409707616,-0.08586172435555191,1.0197025114202474,-0.9338407870647614
1.3667334669338675,0.24618770233359522,0.05029296121104367,515.2498648415354,-1.7772561684692853e-10,0.2881513659620983,-0.10052115679667038,-0.1876302091654434,1.411885097795218,-0.7688211536688703,-0.643063944126238,-1.1309943299271967,0.5496574597694732,0.5813368701575975
1.3707414829659317,0.24618770232964152,0.05029296121099491,516.7608512881491,-2.266560138062974e-10,-0.03297848282876904,0.2681928733561163,-0.2352143905273857,0.15687047560959044,1.1383482718774827,-1.2952187474870611,-0.04934690093621238,-0.9539918088691701,1.003338709805343
1.3747494989979958,0.2461877023282558,0.05029296121136506,518.2718377347659,-2.0854050539246606e-10,-0.29209388924541474,0.13258319838120264,0.15951069086414885,-1.393131474792897,0.9049089319710145,0.4882225428217734,1.1250949824804024,-0.6637057062191702,-0.46138927626118525
1.37875751503006,0.24618770232989126,0.050292961211730526,519.7828241813845,-1.3875574865391052e-10,-0.0019408907412725596,-0.25234275321393485,0.25428364395516856,-0.3234171875192907,-1.0301677935455695,1.3535849810648353,0.18385026601320367,0.8746468056448055,-1.0584970716580338
1.382765531062124,0.24618770233272724,0.05029296121195817,521.2938106280056,-8.642933717219605e-12,0.29186186572636985,-0.16275039002033603,-0.1291114757060327,1.3544674651890092,-1.0280639134881722,-0.32640355170073093,-1.103115980950508,0.7682683914035425,0.3348475895468578
1.3867735470941882,0.2461877023278043,0.05029296121224818,522.8047970746173,-1.1461514725723816e-10,0.03683252496727524,0.23288619699882332,-0.26971872196611646,0.4853416804200208,0.9072643494731191,-1.392606029893102,-0.31572607670265807,-0.7828015131679246,1.0985275898705371
1.3907815631262523,0.24618770233013862,0.05029296121267273,524.315783521239,3.159111795044726e-11,-0.287458588974169,0.1905915722906362,0.09686701668348982,-1.2964455890581044,1.1365259433139832,0.15991964574401993,1.0653713945192331,-0.8618510881878878,-0.20352030633128224
1.3947895791583165,0.24618770232840834,0.05029296121277625,525.8267699678491,-1.1521507055837106e-10,-0.07119775628223932,-0.21010127327294445,0.2812990295551591,-0.6403297589874393,-0.7713944418947399,1.4117242008821296,0.44308958900463896,0.6797685588999309,-1.1228581479045547
1.3987975951903806,0.24618770232478196,0.050292961213225164,527.3377564144663,-8.739250540074679e-11,0.27894700589209387,-0.21570885179017601,-0.06323815410191136,1.2198951662106121,-1.2287449652805986,0.008849799070084211,-1.0124007290065815,0.9431163765458364,0.0692843524606431
1.4028056112224447,0.2461877023277571,0.05029296121313631,528.8487428610804,-1.3066427841547425e-10,0.10454543632982734,0.18431360777016298,-0.2888590441000022,0.7861663257241628,0.6244998623700948,-1.4106661880941962,-0.5641205196766998,-0.5670204377616197,1.1311409574382558
1.4068136272545089,0.24618770233009485,0.050292961213185064,530.3597293076978,-9.756746685027745e-11,-0.2664487580068653,0.23774325864235443,0.02870549936447168,-1.1259101835377034,1.3034029457084535,-0.17749276217083798,0.9449609780917164,-1.010902780760635,0.06594180266897444
1.410821643286573,0.24618770233108883,0.050292961213072244,531.8707157543097,-1.9514898681271389e-10,-0.13639897807899415,-0.15589176985871833,0.29229074793767723,-0.9207671554923642,-0.4686800553244633,1.3894472108167537,0.6770891497805226,0.446168574547781,-1.1232577243282755
1.4148296593186371,0.24618770232757323,0.05029296121350786,533.3817022009299,-8.728360828102251e-11,0.25014247761200936,-0.2563798851225892,0.006237407510573158,1.0158339181879488,-1.359432955309688,0.34359903712181866,-0.8640160383900151,1.064241570850768,-0.2002255324608464
1.4188376753507013,0.24618770232762602,0.050292961213752437,534.8926886475476,-5.039431294272327e-11,0.16630312244544732,0.12524194976390174,-0.2915450722093617,1.0422085195879758,0.3061619461493673,-1.3483704657372617,-0.7803809245145051,-0.31894013801347965,1.0993210625278989
1.4228456913827654,0.24618770232991322,0.050292961213896294,536.4036750941648,-2.763619084284133e-11,-0.23026119534542244,0.2713523674212425,-0.041091172075863006,-0.8912394917757489,1.3960341371738199,-0.5047946453981402,0.770722698287628,-1.1023703678845216,0.3316476695969284
1.4268537074148295,0.24618770232468784,0.05029296121422283,537.9146615407806,-3.53087314690728e-11,-0.1938304923214993,-0.09280219557985689,0.28663268790131785,-1.1487548328014776,-0.13926822652115678,1.2880230593225448,0.8725196394530838,0.1871534680548918,-1.0596731075079313
1.4308617234468937,0.2461877023287523,0.05029296121432521,539.4256479873962,-4.358618894022212e-11,0.20708905478137263,-0.28244672082217,0.07535766604079071,0.7539076104455302,-1.4126834128006773,0.6587758023552058,-0.6664143093472286,1.124744255441627,-0.4583299460944728
1.4348697394789578,0.24618770232784265,0.05029296121437144,540.9366344340137,-1.8452559202735405e-11,0.21858767450750438,0.05903612793901771,-0.2776238024465271,1.2388833506702874,-0.029615894479022666,-1.2092674561911678,-0.952188462326069,-0.05269203088812613,1.0048804932140982
1.438877755511022,0.24618770232727696,0.05029296121398306,542.4476208806319,3.6268736901617997e-11,-0.18095724069108896,0.28950440483537254,-0.10854716414431852,-0.6058010391142865,1.4091429154235984,-0.8033418763093589,0.5525816670223069,-1.1310435344169245,0.5784618673946399
1.442885771543086,0.24618770232555529,0.05029296121431734,543.9586073272415,-1.2975978747747968e-10,-0.24022082891940533,-0.024426322417715682,0.2646471513370829,-1.3113058996302458,0.19807674995959562,1.1132291496705478,1.0182487238688636,-0.08252247595855733,-0.9357262479102457
1.4468937875751502,0.24618770232872697,0.050292961214453834,545.4695937738604,-6.388978918385446e-11,0.15223920762606885,-0.292424527574165,0.14018531994808844,0.44903642907143154,-1.3854631087947906,0.9364266797233936,-0.43085159109991367,1.1211780708186883,-0.6903264797188272
1.4509018036072143,0.24618770232818066,0.05029296121460579,546.9805802204779,-3.0525040576779195e-11,0.25842079606530266,-0.01053257874953917,-0.2478882173157611,1.3649875389891142,-0.36370673246499197,-1.0012808065240155,-1.0697563875365637,0.21655758722814486,0.8531988003083174
1.4549098196392785,0.24618770232491294,0.050292961214770206,548.4915666670926,-6.924024657943786e-11,-0.12134540138625292,0.2911653743134842,-0.16981997292725695,-0.28585428205532115,1.3419825346404044,-1.056128252585106,0.3029638710261989,-1.0952889490402966,0.7923250780141057
1.4589178356713426,0.24618770232871492,0.05029296121485796,550.0025531137113,-1.7331438784296231e-12,-0.2729274485623889,0.04534095027506067,0.22758649828729205,-1.3991609583578233,0.5241386684696397,0.875022289888074,1.1059752361906472,-0.34749768802221237,-0.7584775481683635
1.4629258517034067,0.24618770232345397,0.05029296121514573,551.5135395603241,-8.03586577076534e-11,0.08871734882000817,-0.2857449382061015,0.1970275893860868,0.1185867541742641,-1.2793225829001245,1.1607358287258691,-0.17074624374649064,1.0537461525586418,-0.8829999088121777
1.4669338677354709,0.24618770232706932,0.050292961215143546,553.0245260069411,-6.191077761871074e-11,0.2835334656413777,-0.07950131447012371,-0.20403215117124401,1.4133378011888833,-0.6770796968999104,-0.7362581042888627,-1.1263876695200483,0.47347140567976226,0.6529162638401862
1.470941883767535,0.24618770233060128,0.050292961215317046,554.5355124535627,7.60384737783794e-11,-0.05482135757847344,0.27624066035036,-0.2214193027718908,0.050375597965174074,1.1983787061171727,-1.2487543040823381,0.03608833435425007,-0.9971433345360822,0.9610550001818241
1.4749498997995991,0.24618770232796758,0.05029296121511423,556.0464989001723,-8.806877442342744e-11,-0.2900872833210968,0.1125254632009614,0.1775618201201069,-1.407315521127454,0.820344048728128,0.5869714723992161,1.1307020099408036,-0.5926783718905111,-0.5380236380502103
1.4789579158316633,0.24618770232391943,0.05029296121505125,557.5574853467866,-1.2717696192060856e-10,0.020141874060741718,-0.26278843142626485,0.2426465573650459,-0.2186179934605491,-1.1003078827231925,1.3189258761836584,0.09908534115074182,0.9262895877985143,-1.0253749289493985
1.4829659318637274,0.24618770232825493,0.050292961215116415,559.0684717934054,-6.955091354319601e-11,0.29249520704733095,-0.14394141278708852,-0.1485537942603562,1.3811800429929537,-0.9518841364218766,-0.42929590657096933,-1.1188564825892178,0.7034148467434427,0.4154416358455512
1.4869739478957915,0.24618770232510162,0.05029296121523372,560.5794582400225,-4.839491090237955e-11,0.014825476305772255,0.24558046082976312,-0.2604059371356639,0.3837359394238058,0.9865116162670995,-1.3702475556908753,-0.23284290855775183,-0.842197439516374,1.0750403480739776
1.4909819639278556,0.2461877023253621,0.05029296121541523,562.0904446866384,-5.282095734008774e-11,-0.29072284162803586,0.17330017586931143,0.11742266575857235,-1.3353049935090942,1.0698200648843492,0.26548492862464085,1.0910204638764662,-0.8040982415956339,-0.2869222222808767
1.4949899799599198,0.2461877023276768,0.05029296121544561,563.6014311332569,5.031088877590449e-12,-0.04958094466072785,-0.2248626932985548,0.2744436379591559,-0.5433695940060408,-0.8586162785023502,1.4019858725083485,0.3632727240995999,0.7460687361808899,-1.109341460280584
1.498997995991984,0.24618770232542492,0.050292961215856705,565.1124175798832,2.5540660345508813e-10,0.28479550831084355,-0.20018215422651506,-0.08461335408442316,1.2703459972642301,-1.172466308988543,-0.09787968827558857,-1.047591766550021,0.8932895985552959,0.15430216799452626
1.503006012024048,0.24618770232300122,0.05029296121563621,566.6234040264857,-9.515266433670908e-11,0.08362780672975556,0.20093122069018748,-0.28455902742004846,0.6952374905778969,0.7184497271461101,-1.413687217723953,-0.48851069893968163,-0.639277330707312,1.1277880296468437
1.5070140280561122,0.24618770232624176,0.050292961215644465,568.1343904731059,4.788975595491627e-12,-0.27479793697331467,0.22420317483766672,0.050594762135517675,-1.1872314275663396,1.2583558600326163,-0.07112443246636958,0.9891910677880059,-0.9697142144688563,-0.019476853319180927
1.5110220440881763,0.24618770232541665,0.050292961215489415,569.6453769197122,-2.434311269178934e-10,-0.11647947551278733,-0.17412807517436069,0.2906075506870357,-0.8371691663569986,-0.5680152177066822,1.4051843840636156,0.6067669576651671,0.5233494858594551,-1.1301164435246782
1.5150300601202404,0.24618770232565554,0.05029296121551992,571.1563633663362,-4.657869338823839e-11,0.26087300424960613,-0.24501992538147646,-0.01585307886820784,1.0871491713176797,-1.3262612306418746,0.23911205932427976,-0.9166530371562432,1.0322798608345316,-0.1156268236784583
1.5190380761523046,0.24618770232335452,0.05029296121557344,572.6673498129521,-5.341398801732331e-11,0.1476664407240797,0.14483632224269155,-0.2925027629668532,0.9671361758870828,0.40946274135155003,-1.3765989172385578,-0.7163514157266717,-0.3999420272293847,1.116293442955907
1.5230460921843687,0.24618770232646348,0.05029296121569126,574.1783362595712,1.5681810986537516e-11,-0.24321970566673445,0.26233488078309636,-0.019115175116469492,-0.9715295220318539,1.3752118520261178,-0.40368232999433956,0.8310143203409937,-1.080092299040694,0.2490779786996762
1.5270541082164328,0.24618770232481277,0.0502929612158132,575.68932270619,7.010325175717635e-11,-0.17674298562738072,-0.1134745954086026,0.29021758103588563,-1.0832810528420487,-0.24505829432131646,1.3283393471632812,0.815697912415106,0.2708186674161765,-1.0865165798313032
1.531062124248497,0.24618770232453283,0.05029296121584454,577.200309152804,1.327984237979321e-11,0.22209035383719633,-0.2759005910837165,0.053810237246456144,0.8420249459357683,-1.4045081870240523,0.5624832410883496,-0.7334988945364763,1.1124682474721987,-0.37896935293586054
1.535070140280561,0.24618770232801876,0.05029296121598372,578.7112955994248,1.2354138708390008e-10,0.2032935431567731,0.08049110449218624,-0.28378464764901973,1.1839438288050423,0.07715150462839962,-1.2610953334333497,-0.9033865681969777,-0.13782480207128198,1.0412113702681132
1.539078156312625,0.2461877023277341,0.050292961215498984,580.2222820460348,-3.411897295832167e-11,-0.19778693127253438,0.285523186497168,-0.08773625522472042,-0.7004863111235445,1.4137315664098766,-0.7132452552863866,0.6255004448286379,-1.128945018282461,0.5034445734538001
1.5430861723446891,0.2461877023241657,0.050292961215446304,581.7332684926447,-1.8940508841976327e-10,-0.22693866427308365,-0.04635724806846411,0.2732959123414617,-1.2676858726511968,0.09185791952041908,1.1758279531306788,0.9781641702368034,0.0028611687581450856,-0.9810253389949402
1.5470941883767533,0.24618770232457637,0.0502929612158324,583.2442549392639,-1.1435165554052035e-10,0.17065675934700236,-0.291065115357647,0.12040835601059476,0.5489364068105275,-1.4027500578586092,0.8538136510481248,-0.5085624140037917,1.129287037637849,-0.6207246236341608
1.5511022044088174,0.24618770232577156,0.05029296121580392,584.7552413858825,-4.9952207804483675e-11,0.24734041575127064,0.011560862537450797,-0.25890127828876247,1.3333103693804707,-0.25955452347720165,-1.0737558459031644,-1.0389620197321847,0.13214335344378758,0.9068186662882549
1.5551102204408815,0.24618770232237924,0.05029296121578861,586.2662278324974,-8.425477987391853e-11,-0.14108759623829628,0.2924472014561373,-0.15135960521791123,-0.3895412175112642,1.3717207333336876,-0.982179515822454,0.3843561148608308,-1.1134895177389852,0.7291334028781261
1.5591182364729457,0.2461877023256408,0.05029296121592444,587.7772142791173,6.231438758008051e-12,-0.26420721725016655,0.023400748643631324,0.24080646860645796,-1.379879408481818,0.42354161426481574,0.9563377942168945,1.084911190005298,-0.2652593027448796,-0.8196518872603897
1.5631262525050098,0.24618770232707443,0.050292961216094396,589.2882007257373,9.37922893386403e-11,0.10950203361382613,-0.2896496855128425,0.18014765189896992,0.2245787689470613,-1.3210870108437984,1.0965082418967544,-0.25465666184857455,1.0817781977881114,-0.8271215359396105
1.567134268537074,0.24618770232364312,0.050292961216069465,590.7991871723493,-1.0809754541292116e-11,0.2772980152061163,-0.058027919664352945,-0.2192700955417938,1.406727454729848,-0.5814755218406923,-0.8252519328890459,-1.1153550011100155,0.39458421207792466,0.7207707890319519
1.571142284569138,0.24618770232233383,0.050292961216224785,592.3101736189691,7.667194294345434e-11,-0.07635148241470148,0.282712530900917,-0.20636104848625061,-0.05640666792610052,1.2515724818735223,-1.195165813947412,0.12131768753808934,-1.0346062419376372,0.9132885543995192
1.5751503006012022,0.2461877023270536,0.05029296121614534,593.8211600655808,-4.181658319748852e-11,-0.2864257225456195,0.09182576757136454,0.19459995497419877,-1.4134708037956891,0.731099087147345,0.6823717166482342,1.1298583593044011,-0.5182697962600654,-0.6115885630442821
1.5791583166332663,0.24618770232621115,0.05029296121599784,595.3321465121967,-5.5474367571860076e-11,0.042109730582482255,-0.2717349090826904,0.22962517850017816,-0.1125715843101773,-1.1641707447840022,1.276742329094171,0.013755132835855485,0.9726479130514605,-0.9864030458873476
1.5831663326653305,0.24618770232484466,0.05029296121598716,596.8431329588108,-1.1214468018488185e-10,0.29145986972184224,-0.12431125295899283,-0.16714861676282777,1.4000130220031146,-0.8702738851412178,-0.5297391368617873,-1.1282139351543967,0.6345483390538151,0.4936655961004923
1.5871743486973946,0.24618770232583156,0.05029296121596094,598.3541194054305,-2.740177493278992e-11,-0.007266151788162008,0.25687368677041106,-0.24960753498225116,0.2799409811997027,1.0601308272429317,-1.3400718084426126,-0.14863136931338994,-0.8967886234931607,1.045419992806537
1.5911823647294587,0.24618770232269868,0.05029296121594373,599.8651058520452,-6.841953221809643e-11,-0.2923285282897629,0.15502010568515087,0.13730842260457582,-1.3665465225939115,0.997010894426397,0.3695356281674076,1.1104452935416265,-0.7417580376178087,-0.36868725592374385
1.5951903807615229,0.24618770232647452,0.050292961216062845,601.3760922986652,2.3513607560232452e-11,-0.027681272845641473,-0.238341269286167,0.266022542131794,-0.4433095041606631,-0.9409397021348047,1.3842492062954335,0.2813833875630251,0.8081125849546406,-1.089495972517656
1.599198396793587,0.2461877023232666,0.050292961216337695,602.887078745291,2.6088398992445e-10,0.28901927253725257,-0.18351343423160596,-0.10550583830563419,1.313549547362607,-1.1094987742427316,-0.20405077311977288,-1.0768063362632456,0.8383666423401674,0.23843969392298406
1.6032064128256511,0.24618770232566853,0.050292961216255296,604.3980651918953,-3.634479694837767e-11,0.0622330823451247,0.21640252653001102,-0.2786356088751397,0.6003423374132418,0.808300855498629,-1.4086431929118237,-0.4101139322014997,-0.7078871636766104,1.1180010958780686
1.6072144288577153,0.24618770232252404,0.050292961216249536,605.9090516385129,2.4809562611745075e-12,-0.2815794058405161,0.20938402212840887,0.07219538371207485,-1.241779555821137,1.2061298955936528,0.035649660227386734,1.0277778568390379,-0.922993462134163,-0.10478439470480289
1.6112224448897794,0.2461877023221826,0.05029296121637914,607.4200380851239,-1.328559433791313e-10,-0.09589546138668224,-0.19137098355103138,0.2872664449376978,-0.7487951515577878,-0.6641098695654291,1.4129050211231586,0.5329831775141908,0.5975447028262488,-1.130527880340407
1.6152304609218435,0.2461877023266615,0.050292961216202116,608.9310245317466,3.0066309964298324e-11,0.27011524524884717,-0.2322621223842609,-0.037853122864573166,1.1522622356205423,-1.2855231860778566,0.13326095045740444,-0.9640605257602017,0.994428992001164,-0.03036846624104521
1.6192384769539077,0.2461877023246715,0.050292961216023016,610.4420109783598,-5.069767337029951e-11,0.12818732698639154,0.16360440893963563,-0.29179173592602525,0.8865463440541708,0.5104275672557207,-1.3969739113098218,-0.648235140275933,-0.47866226189186334,1.1268974021677376
1.6232464929859718,0.24618770232308418,0.05029296121608479,611.9529974249767,-3.678991890433917e-11,-0.25479065521589156,0.2518207821052369,0.0029698731106270262,-1.046277007935471,1.3465440296475573,-0.3002670217121682,0.8865650327011086,-1.0516523401907736,0.16508730748972622
1.627254509018036,0.24618770232727474,0.05029296121607703,613.4639838715972,6.877742750863344e-11,-0.15864715803294133,-0.13349962155310255,0.29214677958602303,-1.0116271401350554,-0.3494503016879926,1.3610774418229694,0.754222618185537,0.3529388432193002,-1.1071614614047873
1.6312625250501,0.24618770232628118,0.050292961216145814,614.9749703182126,3.95102839579275e-11,0.2358246351590805,-0.2677804588407812,0.0319558236817109,0.9253385527202277,-1.388320279916016,0.4629817271958604,-0.7963988898523898,1.09384563944229,-0.29744674958997097
1.6352705410821642,0.24618770232371082,0.050292961216306574,616.4859567648297,5.5050940697008524e-11,0.18683962886050987,0.10148688179012447,-0.2883265106506273,1.1222499422566394,0.1834787563767799,-1.3057286986333319,-0.8494308815675963,-0.22217128653819926,1.0716021681057217
1.6392785571142283,0.24618770232490872,0.05029296121627884,617.996943211443,-1.8464972124559953e-11,-0.21348824352632986,0.27991305408509237,-0.0664248105587845,-0.7911752990942833,1.4102548652722025,-0.6190795661779807,0.6948507335652329,-1.1204058598733817,0.42555512630819936
1.6432865731462925,0.24618770232367937,0.05029296121631389,619.5079296580595,-1.827055050309696e-11,-0.21236181329835152,-0.06802370584500711,0.2803855191433398,-1.2168336956951815,-0.014884959720134039,1.2317186554152206,0.9324991899432676,0.08822848995938154,-1.0207276799025793
1.6472945891783566,0.2461877023264659,0.0502929612163087,621.0189161046735,-7.877682243500443e-11,0.1881007222690681,-0.2880451911839386,0.09994446891488341,0.6457047266729347,-1.4120343737441856,0.7663296470713012,-0.583371910989508,1.130953468024735,-0.5475815570352741
1.6513026052104207,0.2461877023241536,0.05029296121601845,622.529902551289,-9.80756220591067e-11,0.23484896907621847,0.03358834987043172,-0.268437318946634,1.2940267289763023,-0.1539215680582092,-1.1401051609179926,-1.0022404232781235,0.0469752477263151,0.9552651755517277
1.6553106212424848,0.24618770232604026,0.050292961216079436,624.0408889979047,-1.0362325487251104e-10,-0.1600248871223098,0.29206062031285995,-0.13203573319056755,-0.4910058199874743,1.3936332613832874,-0.9026274413958504,0.4635556070464491,-1.125337627378879,0.6617820203324621
1.659318637274549,0.24618770232441292,0.050292961216103355,625.5518754445238,-3.594943618762584e-11,-0.2539796983341788,0.001327046757223253,0.25265265157692984,-1.3527257212538717,0.3205282761659326,1.0321974450878333,1.0576577843268675,-0.18150762606556717,-0.8761501582612228
1.6633266533066131,0.24618770232380613,0.05029296121613543,627.0628618911404,-3.113167409410813e-11,0.12966200587457496,-0.2919019719974516,0.1622399661228847,0.32928955167442486,-1.355314596250739,1.0260250445763377,-0.33711425356332514,1.1036386662869253,-0.7665244127236253
1.6673346693386772,0.2461877023264955,0.0502929612161926,628.5738483377587,1.5453078507759393e-11,0.2694805914809913,-0.03622347808012746,-0.23325711340084263,1.3920917747180597,-0.48255404544803837,-0.9095377292699129,-1.0979592702417718,0.31344592663691373,0.7845133436047732
1.6713426853707414,0.24618770232362908,0.050292961216536286,630.0848347843736,-1.8584208281362294e-11,-0.0974460223546289,0.2875715239955117,-0.1901255016408926,-0.1628671397363776,1.2976260425208812,-1.1347589027845162,0.2058549287072879,-1.0661667244819653,0.8603117957746917
1.6753507014028055,0.24618770232582696,0.05029296121647024,631.5958212309909,3.050248771240061e-12,-0.2811301136062567,0.07060220861183329,0.2105279049943997,-1.411562298621766,0.6376832372442508,0.7738790613774051,1.1225689159440877,-0.44090451338419046,-0.681664402559812
1.6793587174348696,0.24618770232197418,0.050292961216287985,633.1068076776081,2.374895831916393e-11,0.06383735004574925,-0.27913112870157053,0.21529377865582303,-0.005882953036705829,-1.221391976358839,1.2272749293955443,-0.07165354702632831,1.0134572498452161,-0.9418037028188962
1.6833667334669338,0.24618770232674783,0.05029296121626743,634.6177941242214,-5.031689266989978e-11,0.2887617659133249,-0.10397190329463873,-0.1847898626186655,1.4108589756767307,-0.7836987510804224,-0.6271602245961978,-1.1311349670228947,0.5620617548928442,0.5690732121299603
1.687374749498998,0.24618770233013207,0.050292961216113985,636.1287805708392,-1.4724175282095254e-11,-0.02931632710323496,0.2667014572152316,-0.2373851301120007,0.17454896787247734,1.1277020352530835,-1.3022510031255472,-0.06357189152005968,-0.9462636632584516,1.0098355547785043
1.691382765531062,0.2461877023251247,0.05029296121611275,637.6397670174534,-6.31895639855524e-11,-0.2922664829645973,0.1358556477938131,0.15641083517075655,-1.3899918980306234,0.9185137719189892,0.47147812611152606,1.1235350300740228,-0.6751861019705139,-0.4483489281034261
1.6953907815631262,0.24618770232609713,0.05029296121615325,639.1507534640721,-1.0599982432035384e-11,-0.005623680599741783,-0.250460119564376,0.2560838001641119,-0.3407203538815572,-1.0178951084707393,1.3586154623522697,0.19788877173652691,0.8655461890254522,-1.0634349607619675
1.6993987975951903,0.24618770232247522,0.050292961216209214,640.6617399106877,-2.7896979953432204e-11,0.2915941821290793,-0.16579776847686223,-0.1257964136522077,1.3492593155912782,-1.0402015637895075,-0.3090577518016658,-1.0998777405984033,0.7786608147892273,0.32121692580907724
1.7034068136272544,0.24618770232534123,0.05029296121629949,642.172726357307,5.2316770840946775e-11,0.04048331558732335,0.23063925336487218,-0.27112256895220355,0.5020222270683546,0.8935406232518681,-1.3955628503201836,-0.3293774613969637,-0.772458495717652,1.1018359571145786
1.7074148296593186,0.24618770232250042,0.05029296121673562,643.6837128039214,8.988399301890085e-12,-0.28675446058109727,0.193370330872891,0.09338412970817343,-1.2892433205228777,1.1470229487550347,0.14222037176774266,1.0605011644342601,-0.8710070238166506,-0.18949414061753672
1.7114228456913827,0.24618770232657766,0.05029296121636337,645.1946992505368,-1.4747014779630777e-11,-0.07476436933709556,-0.20752212684415752,0.28228649618123686,-0.6561492751158041,-0.756415790903587,1.4125650660193396,0.4561587385564659,0.6683309428394318,-1.1244896813958725
1.7154308617234468,0.2461877023217855,0.05029296121629563,646.7056856971535,9.744470889516346e-13,0.2778164997061214,-0.2181792820111811,-0.05963721769492799,1.2108017151743047,-1.2374513115883972,0.026649596414187123,-1.0059681118232016,0.9509049708977839,0.05506314092532951
1.719438877755511,0.24618770232548592,0.050292961216306636,648.2166721437674,-5.856637486084545e-11,0.10797689998174292,0.18143912540887855,-0.2894160253906221,0.8008987328985987,0.6084803825162708,-1.4093791154148072,-0.5764206599132797,-0.5546517081463248,1.1310723680595507
1.723446893787575,0.24618770232769038,0.050292961216143274,649.7276585903849,-3.1845772178611236e-11,-0.2649080337833735,0.2398700559667023,0.025037977816668056,-1.1150555195598935,1.3101942163811835,-0.19513869682137736,0.9370579218772095,-1.017212738016403,0.08015481613928623
1.7274549098196392,0.2461877023231031,0.0502929612161001,651.2386450369994,-7.465837087452506e-11,-0.13964624553743651,-0.15276303181316253,0.2924092773506068,-0.9342018988579822,-0.451848693229094,1.3860505920870034,0.6884444867373242,0.43304550119182683,-1.1214899879290792
1.7314629258517034,0.24618770232612533,0.050292961216197696,652.7496314836186,-1.4260783912171382e-12,0.24821353742278837,-0.25813263788964164,0.009919100466899245,1.0033731095311416,-1.3642120131638567,0.3608389036327936,-0.854755434132593,1.0689826467629358,-0.21422721263038313
1.7354709418837675,0.24618770232382958,0.050292961216364555,654.2606179302302,-1.211444804903564e-10,0.16931979398177927,0.12190367352586917,-0.2912234675076103,1.0541535978722978,0.2887592546400316,-1.342912852512247,-0.7906291763573539,-0.305250276735914,1.095879453093231
1.7394789579158316,0.24618770232255832,0.05029296121633051,655.7716043768521,1.63008361695042e-11,-0.22797161458741041,0.27270602995287296,-0.044734415365457865,-0.8773506667697853,1.3987327261252955,-0.5213820593555787,0.7602369297801148,-1.1054748375098151,0.34523790772978274
1.7434869739478958,0.24618770232141657,0.050292961216497005,657.2825908234663,-3.506511781107903e-11,-0.19657344565611262,-0.08930209013767104,0.28587553579379105,-1.1590395235897528,-0.12154292004167482,1.2805824436313373,0.8815143328195105,0.17309246980552467,-1.0546068026249433
1.7474949899799597,0.24618770232584725,0.05029296121642051,658.7935772700828,-2.2779611808180545e-11,0.20447156368523162,-0.2833819583413004,0.0789103946561069,0.7387892818836457,-1.4132629931053977,0.6744737112218098,-0.6548532532479815,1.126167774634914,-0.4713145213869615
1.7515030060120238,0.24618770232308682,0.05029296121638685,660.3045637166989,-3.2444520784493206e-11,0.22101770971055815,0.05542421620104567,-0.2764419259115649,1.2473606634065022,-0.04741048893441504,-1.1999501744719896,-0.9598010456829927,-0.03846085279220328,0.998261898475143
1.755511022044088,0.24618770232386827,0.05029296121633254,661.8155501633123,-1.0771296015410014e-10,-0.17804923717437565,0.29000783450411516,-0.11195859732973502,-0.5896692411300464,1.4075951351663867,-0.8179258940363865,0.540110520323138,-1.1307657035580494,0.5906551832349726
1.759519038076152,0.24618770232489234,0.05029296121613037,663.3265366099305,-5.5697133948866175e-11,-0.24230321936585952,-0.020754225582065085,0.26305744494792316,-1.3178546962227666,0.21568631503057606,1.1021683811920875,1.0243704118827615,-0.09672044315398987,-0.927649968728674
1.7635270541082162,0.24618770232201542,0.05029296121612875,664.8375230565457,-8.470393819515115e-11,0.14908226323752896,-0.2924889726159749,0.14340670937847588,0.43212175408480696,-1.381810185227754,0.9496884311429795,-0.41764862570684336,1.1192029359956466,-0.7015543102888177
1.7675350701402803,0.2461877023255521,0.05029296121623187,666.3485095031652,-2.7294874674967308e-12,0.260125771632619,-0.014212379700015917,-0.24591339193256592,1.3695141735781247,-0.3808795856726004,-0.9886345879054173,-1.0742996514119239,0.23051942400453462,0.8437802274073226
1.7715430861723445,0.2461877023267275,0.050292961216447774,667.8594959497836,5.343607354649378e-11,-0.11798462953175955,0.2907899094383906,-0.17280527990662423,-0.26839845095823767,1.3362766244359126,-1.0678781734776954,0.2892177626220252,-1.091644700829911,0.8024269382079248
1.7755511022044086,0.24618770232642648,0.050292961216400214,669.3704823964002,6.474025275181688e-11,-0.2742306545566644,0.04897586456107205,0.2252547899955862,-1.4016008047835242,0.5406293945732589,0.8609714102101561,1.1088751970726414,-0.36102386349058263,-0.7478513335819567
1.7795591182364727,0.24618770232214848,0.05029296121649231,670.8814688430122,-4.1210657368991865e-11,0.08520078001471312,-0.2849349225322741,0.19973414251758292,0.10083924032289511,-1.2716452257446855,1.1708059854217987,-0.15665344710857648,1.0484848657532526,-0.8918314186446731
1.7835671342685369,0.24618770232478304,0.05029296121640287,672.3924552896285,-4.631213555589862e-11,0.2844162713847715,-0.08303939208966478,-0.20137687929507994,1.4136559615815505,-0.6926526064951418,-0.7210033550862984,-1.1276028596227934,0.4863686017652641,0.6412342578574459
1.787575150300601,0.24618770232647252,0.05029296121637169,673.9034417362452,-3.9038073568544197e-11,-0.051199252845226514,0.27500769201485387,-0.22380843916962764,0.06816115015889522,1.1888396719827057,-1.2570008221415954,0.021850263827278407,-0.9903402474598456,0.9684899836325725
1.7915831663326651,0.24618770232265666,0.0502929612162589,675.4144281828584,-1.1602733561608606e-10,-0.2905370629312466,0.11591613540829614,0.1746209275229322,-1.4055074088713253,0.8347765546363359,0.5707308542348796,1.130215030106781,-0.6047622486807652,-0.5254527814259232
1.7955911823647293,0.24618770232411044,0.05029296121616685,676.9254146294764,-6.714827748460068e-11,0.016465994660991717,-0.26115009047465354,0.2446840958136669,-0.2361873891520855,-1.0890434052147455,1.3252307943668122,0.11326519804217766,0.9180418368635818,-1.0313070349057467
1.7995991983967934,0.2461877023225972,0.05029296121612224,678.4364010760926,-7.261238114229607e-11,0.2925055518735435,-0.14713622794837403,-0.14536932392514437,1.3772715926653485,-0.9649700267544926,-0.41230156591074846,-1.1166743676776023,0.7145127431345062,0.4021616245430116
1.8036072144288575,0.24618770232633724,0.0502929612162273,679.9473875227155,9.957896429095166e-11,0.01850259228436153,0.24356018309230953,-0.2620627753766678,0.4008380810400398,0.9736827378467452,-1.374520818886754,-0.24676189338116813,-0.832622948975779,1.0793848423569299
1.8076152304609217,0.2461877023209118,0.050292961216523796,681.4583739693368,2.234065499419161e-10,-0.29029359279847294,0.17625346972655173,0.11404012307190126,-1.3293520092293978,1.0813722870313924,0.24797972219790204,1.0871743558190174,-0.8140515253508889,-0.27312283046804176
1.8116232464929858,0.24618770232561066,0.050292961216362474,682.9693604159452,3.265586162501696e-11,-0.05320674267358202,-0.22248935086840188,0.2756960935419824,-0.5597600551276998,-0.8444063440576524,1.4041663991853082,0.3767319052781437,0.7353043401466896,-1.1120362454248012
1.81563126252505,0.24618770232598394,0.05029296121644364,684.4803468625647,1.101584687604408e-10,0.2839328160659944,-0.20285173322856798,-0.08108108283740159,1.2624335831552616,-1.182319784283116,-0.08011379887204703,-1.0421366597475767,0.901956042026963,0.14018061772053514
1.819639278557114,0.24618770232274614,0.050292961216427526,685.9913333091747,-4.704297758175316e-11,0.08715047024213031,0.19823873997426078,-0.2853892102163815,0.7106820359690206,0.7030618448343153,-1.41374388080328,-0.5013177297876806,-0.627476891953614,1.1287946217412579
1.8236472945891782,0.24618770232826967,0.05029296121632957,687.5023197557933,1.1159351363521513e-11,-0.27351410451353225,0.22655086394890767,0.046963240564605824,-1.1774726099664021,1.2663697115515509,-0.08889710158524106,0.9822048714815645,-0.9769699118009475,-0.005234959680537374
1.8276553106212423,0.24618770232216197,0.050292961216229046,689.0133062024039,-1.3260255044092144e-10,-0.11984865966521616,-0.17115493651746408,0.2910035961826738,-0.8514470786721914,-0.5516693091248053,1.4031163877969306,0.6187388124383475,0.5106816548940009,-1.1294204673322974
1.8316633266533064,0.2461877023237396,0.05029296121620951,690.5242926490236,-4.1749248118084275e-11,0.25918638176352926,-0.2470121711078541,-0.01217421065565251,1.0756834243025644,-1.3323209203367568,0.25663749603427644,-0.9082356001343761,1.0380211112090934,-0.12978551107478628
1.8356713426853706,0.24618770232541384,0.05029296121655386,692.0352790956489,1.8033141324338305e-10,0.15083399201771927,0.14162501032207198,-0.2924590023397776,0.9800433558157113,0.392392392835875,-1.3724357486515093,-0.7273169666248581,-0.3865878266074324,1.1139047932322352
1.8396793587174347,0.24618770232468892,0.05029296121623558,693.546265542259,1.9491120204586758e-11,-0.24115441734906254,0.2639432291235924,-0.022788811774547196,-0.9585207810012437,1.3792308622531884,-0.4207100812520196,0.8212860026169089,-1.0842371179648458,0.2629511153480026
1.8436873747494988,0.24618770232287948,0.05029296121639428,695.0572519888772,6.015576452647046e-11,-0.17966362818060783,-0.11007100604087061,0.28973463422146495,-1.0946330335856729,-0.22750747850357733,1.3221405120891645,0.8255004371879323,0.25696895784159796,-1.0824693950294642
1.847695390781563,0.24618770232659967,0.050292961216343565,696.568238435492,3.049710320148942e-11,0.21967590477111304,-0.2771020453814874,0.05742614061039336,0.827659076725335,-1.4064290101167267,0.5787699333914564,-0.7225986871398232,1.1149573449958814,-0.39235865785611307
1.851703406813627,0.24618770232131082,0.05029296121640211,698.0792248821075,5.163105766073796e-12,0.20592554288187348,0.07694388631547501,-0.28286942919733243,1.193578408791089,0.05937106544485002,-1.2529494742358465,-0.911886002067394,-0.12367753247120343,1.0355635345385268
1.8557114228456912,0.24618770232496096,0.05029296121642798,699.5902113287215,-5.4282095761380753e-11,-0.19505782089411766,0.286300563346062,-0.0912427424519591,-0.684968611025819,1.4135267082933933,-0.7285580972676279,0.6135841145790901,-1.1297427863422018,0.51615867176316
1.8597194388777554,0.24618770232895532,0.05029296121625934,701.1011977753391,-1.9017627921142627e-11,-0.22924441190282294,-0.042717096112500755,0.2719615080153065,-1.2754653724922995,0.10961387227872686,1.1658515002134728,0.9852390544075861,-0.01138147346120916,-0.9738575809462989
1.8637274549098195,0.24618770232627543,0.05029296121610645,702.6121842219511,-1.252557707637499e-10,0.167652005901706,-0.29140732440982725,0.1237553185081331,0.5324887010790956,-1.4004225421600551,0.8679338410810004,-0.495800311326523,1.1283821489211254,-0.6325818375946411
1.8677354709418836,0.24618770232376133,0.05029296121618994,704.1231706685714,-2.738966357928539e-11,0.24928694247457162,0.007879799552598155,-0.257166742027151,1.3391235378895456,-0.27703222180830567,-1.0620913160811352,-1.0445111875566895,0.1462778169324278,0.8982333706241794
1.8717434869739478,0.24618770232454776,0.05029296121619574,705.6341571151887,-5.620923786975394e-12,-0.1378501366569856,0.2923493430556352,-0.15449920639865755,-0.37239854921358,1.3673037636369616,-0.9949052144234117,0.37093061111150155,-1.1108948592652756,0.7399642481538058
1.875751503006012,0.24618770232638093,0.05029296121624125,707.1451435618069,4.0798005786282505e-11,-0.2657667193946477,0.027070113868177977,0.23869660552645158,-1.3836432362554643,0.44049128356252243,0.9431519526928338,1.0888553906459877,-0.2790835871276934,-0.8097718035182069
1.879759519038076,0.24618770232144033,0.050292961216382145,708.6561300084262,1.080841978464421e-10,0.10607813829122206,-0.28911315471159627,0.18303501642038505,0.20698614417441363,-1.314643729532894,1.1076575853584967,-0.24075963702589587,1.0775308618889072,-0.8367712248630278
1.8837675350701402,0.24618770232587045,0.05029296121637391,710.1671164550391,2.4105637918569326e-11,0.27844819227584616,-0.06163314462549374,-0.21681504765032902,1.408388086227626,-0.5976549021295801,-0.8107331840979355,-1.1176378146748416,0.4079007320149743,0.7097370826597812
1.8877755511022043,0.2461877023275607,0.050292961216425264,711.678102901661,1.6532074974433234e-10,-0.07279008897243927,0.28174501394499224,-0.20895492497255658,-0.03861552490105781,1.2431950392726938,-1.204579514371639,0.10714776553962325,-1.028766983802552,0.9216192182629379
1.8917835671342684,0.24618770232378195,0.05029296121640881,713.1890893482681,-6.786903570943371e-11,-0.2871501319792236,0.09531532352061607,0.19183480845858666,-1.4130045052725595,0.7462769401414135,0.6667275651310355,1.1304471581288202,-0.5308882292500658,-0.5995589288786647
1.8957915831663326,0.246187702322666,0.05029296121596236,714.7000757948819,-1.2919713563212903e-10,0.03846173195500496,-0.27035021071238513,0.2318884787573856,-0.13030698563810855,-1.153978752636795,1.2842857382748936,0.027995451425146742,0.9653000925600616,-0.9932955439852039
1.8997995991983967,0.2461877023251546,0.050292961216042674,716.2110622414999,-7.966214126416264e-11,0.2917481813884809,-0.12763527662889151,-0.164112904759585,1.3974265505232613,-0.8842333436109048,-0.5131932069122473,-1.1271003798888433,0.6462883819190599,0.48081199796967716
1.9038076152304608,0.24618770232545195,0.05029296121614381,717.7220486881189,-1.8105298560651086e-11,-0.0035836878264405023,0.25509161308538447,-0.2515079252589611,0.2973671713395936,1.0482700361348407,-1.3456372074744107,-0.1627385600166707,-0.8880373260830964,1.050775886099737
1.907815631262525,0.24618770232241313,0.05029296121616052,719.2330351347329,-7.527160604600078e-11,-0.2921765985574139,0.1581310818617473,0.13404551669562803,-1.3618767315787068,1.0095523844873,0.35232434709130045,1.1076452094947917,-0.7524518559650868,-0.3551933535296346
1.911823647294589,0.24618770232623424,0.05029296121626628,720.744021581353,1.1104645391169794e-11,-0.031345573956347274,-0.2361872830529674,0.2675328570092978,-0.4601774281529125,-0.927579594162866,1.3877570223157425,0.2951558329037331,0.7980828571769445,-1.0932386900806688
1.9158316633266532,0.24618770232318785,0.05029296121642503,722.2550080279705,4.9022897166807266e-11,0.2884292904889668,-0.18636691063042732,-0.10206237985853125,1.3068632574716792,-1.1204431132514876,-0.18642014422008943,-1.0723598083999795,0.8478614456830788,0.22449836271680296
1.9198396793587174,0.2461877023248083,0.050292961216394295,723.7659944745839,-1.7098828031154575e-11,0.06582684849957814,0.21390740403529362,-0.2797342525348799,0.6164109020116175,0.7936323431564313,-1.410043245168001,-0.4233547846053923,-0.6967223238634063,1.1200771084687526
1.9238476953907815,0.24618770232735934,0.050292961216469936,725.2769809212052,1.0363108180516704e-10,-0.2805597910973246,0.21193920991521809,0.06862058118206966,-1.2331722806583376,1.215320632978755,0.01785164767948601,1.02174839356535,-0.9311535226062531,-0.09059487095903103
1.9278557114228456,0.24618770232263784,0.05029296121637662,726.7879673678138,-9.016625249140641e-11,-0.09936733656167851,-0.18857039992108593,0.28793773648274357,-0.7638347431742915,-0.6483426451061308,1.4121773882803623,0.5455032259421247,0.5854043636641746,-1.1309075896062695
1.9318637274549098,0.2461877023227009,0.05029296121596569,728.2989538144294,-1.1115024899983253e-10,0.2686805768199046,-0.23448250853330618,-0.03419806828659663,1.1418570010655844,-1.2928289812856546,0.1509719802201595,-0.9565343124066058,1.0011376998013215,-0.044603387394809416
1.9358717434869739,0.2461877023240112,0.05029296121598274,729.809940261046,-1.0157722495287686e-10,0.13148768415322826,0.16053837778536345,-0.2920260619386005,0.900341980528461,0.49378693609235336,-1.394128916620744,-0.6598554216066286,-0.4657198971418728,1.1255753187484308
1.939879759519038,0.24618770232588305,0.0502929612162044,731.3209267076663,-8.189028859790264e-12,-0.25296142820645956,0.25367462554184933,-0.0007131973354359781,-1.0342225114835568,1.3518604533134626,-0.3176379418299868,0.8776496190838349,-1.0568137995660247,0.17916418048223215
1.9438877755511021,0.24618770232163495,0.05029296121619801,732.831913154281,-4.606295460145241e-11,-0.16172883383438746,-0.13021197020923514,0.2919408040435854,-1.0239816943851185,-0.3321741136855667,1.3561558080706047,0.764777086270122,0.3393794457105561,-1.1041565319806428
1.9478957915831663,0.24618770232488138,0.05029296121628085,734.3428996008985,-1.47666228075224e-11,0.23362699161097206,-0.2692412609562712,0.035614269345294505,0.91180706652221,-1.3915713336189022,0.4797642670967633,-0.7862216865610552,1.0973860708263894,-0.31116438426541854
1.9519038076152302,0.24618770232512177,0.05029296121642542,735.853886047517,4.1049603283944925e-11,0.18965858512120767,0.09802459565270553,-0.2876831807739253,1.1329868425777998,0.1658139126642833,-1.2988007552419951,-0.8587686924344766,-0.2081886395730696,1.066957332007453
1.9559118236472943,0.24618770232273068,0.05029296121640338,737.3648724941287,-7.408056518963726e-11,-0.21095360160026227,0.2809599492413315,-0.07000634764111102,-0.7763602460647072,1.411394134085164,-0.6350338880205172,0.683557220850252,-1.1222747033437437,0.43871748249351983
1.9599198396793585,0.24618770232628268,0.050292961216397945,738.8758589407477,-9.990539335370276e-12,-0.21487775926020494,-0.06443626529649019,0.2793140245566533,-1.2257994888590191,0.0029160812699433464,1.2228834075889794,0.9404868863894302,0.07402242665566704,-1.0145093130450478
1.9639278557114226,0.24618770232418946,0.05029296121635927,740.386845387361,-7.771658119309671e-11,0.18526529678262005,-0.2886632018673781,0.10339790508474989,0.6298178086082986,-1.4110455137751323,0.781227705166883,-0.5711234642982554,1.1311239629036354,-0.5600004986054473
1.9679358717434867,0.2461877023224768,0.05029296121605391,741.8978318339746,-1.462736016437408e-10,0.2370259390798308,0.029927024665531564,-0.26695296374536587,1.301093240972623,-0.17160439606750055,-1.1294888449050207,-1.0087638176284204,0.06120169850435064,0.9475621191239687
1.9719438877755509,0.24618770232246878,0.05029296121613782,743.4088182805928,-9.523066588262124e-11,-0.15692921364531776,0.29224093464085316,-0.13531172099557645,-0.47427412730259794,1.3905304855545693,-0.9162563582520081,0.45052731375482724,-1.123807404405128,0.6732800906503094
1.975951903807615,0.24618770232516915,0.05029296121622968,744.9198047272118,-2.0291424028196432e-11,-0.25578658182628006,0.005009928354303278,0.2507766534719303,-1.3577919648766867,0.33784016509190645,1.019951799784674,1.0626236502141673,-0.1955511365993244,-0.8670725136147861
1.9799599198396791,0.2461877023251555,0.050292961216209464,746.4307911738313,5.394638959563863e-11,0.12635032663509715,-0.29164201569465625,0.16529168905954475,0.31195220350832936,-1.3501422507611598,1.0381900472528545,-0.32349230653981914,1.1004295977154268,-0.7769372911756571
1.9839679358717432,0.24618770232366052,0.05029296121630012,747.9417776204452,-4.092679595334693e-12,0.2708915662709567,-0.03987527947620914,-0.23101628679475014,1.3950853641721783,-0.4992475796448239,-0.8958377845272455,-1.1012966514761293,0.32710579054361505,0.7741908609324046
1.9879759519038074,0.24618770232541454,0.05029296121648952,749.4527640670653,8.62651133437318e-11,-0.09396565618950863,0.2868749853174733,-0.19290932912799486,-0.14517189539729236,1.2904579515271406,-1.14528605612986,0.19183398564592485,-1.0613245897862933,0.8694906041403614
1.9919839679358715,0.24618770232182777,0.05029296121640533,750.963750513676,-5.589296515847403e-11,-0.2821250168052405,0.07417073990113242,0.20795427690406454,-1.4124404530753396,0.6535198380178,0.7589206150574291,1.12423011831132,-0.4539855079506321,-0.6702446103606214
1.9959919839679356,0.24618770232059742,0.050292961216652256,752.4747369602973,6.448074256201411e-11,0.06023804536132725,-0.2780079749582797,0.2177699295969371,-0.023683180858207198,-1.2123306489455732,1.2360138298037786,-0.057434009433005424,1.0070513082491592,-0.9496172988161784
2.0,0.24618770232306267,0.050292961215931825,753.9857234069028,-2.0400622105086438e-10,0.2893263830581412,-0.1074061644990578,-0.18192021855907936,1.409609171037122,-0.7984520984823004,-0.6111570725547115,-1.1310962687354593,0.574376938197644,0.556719330537708
