time,pi_cc_d,pi_cc_q,theta_pll,gamma_pll,i_vsc_a,i_vsc_b,i_vsc_c,v_sh_a,v_sh_b,v_sh_c,i_bus_a,i_bus_b,i_bus_c,i_l_f,v_dc_f,i_dc_f,i_load_f,x_1,x_2,i_L,v_dc,i_load,soc
0.0,0.24562387635328198,0.0005971569499863549,-0.0025073718408679824,0.0,-1.1157651997457845,0.5837699464100027,0.5319952533357815,1.408384007045068,-0.8051537105810788,-0.6032302964639888,-1.131014845191197,0.5802074229194469,0.5508074222717497,-0.37366487834896756,1.0,-0.7868324391744838,0.6,-0.18683243917448378,0.5,-0.37366487834896756,1.0,0.6,0.01
0.004008016032064128,0.24562387635316757,0.0005971569516274602,1.5084790747758485,7.728637806997836e-12,-0.09653268789655327,-0.9147394952503048,1.0112721831466922,0.2005571482050335,1.1112019498314638,-1.3117590980365654,-0.0845492871961787,-0.9345828762729859,1.019132163469,-0.37366487836528994,0.9999999999996823,-0.7868324391912428,0.6,-0.18683243917451964,0.5000000000005012,-0.3736648781593031,1.0000000000016764,0.6,0.008502345176721285
0.008016032064128256,0.24562387635159227,0.0005971569516975291,3.019465521398878,1.6871043212303574e-10,1.1042248481077392,-0.6931256266892437,-0.4110992214185726,-1.3844076877457643,0.937996170286034,0.44641151745978763,1.1209070903258633,-0.691935349907073,-0.42897174041883385,-0.37366487828857575,0.9999999999994902,-0.7868324391379193,0.6,-0.18683243917447018,0.500000000000096,-0.37366487829541,0.9999999999982588,0.6,0.007004690354568004
0.012024048096192383,0.2456238763484226,0.0005971569514966345,4.530451968006045,-7.011152537875913e-11,0.22854106394182264,0.8318773790658116,-1.0604184430076926,-0.3660609535581314,-0.9990659351053783,1.3651268886635057,0.2185519982678965,0.8518630551283594,-1.0704150533962962,-0.37366487833292517,0.999999999998558,-0.7868324390490518,0.6,-0.18683243917440662,0.4999999999997691,-0.37366487839892026,0.9999999999762524,0.6,0.005507035531244827
0.01603206412825651,0.24562387634697255,0.0005971569516530684,6.041438414629018,8.405176532946002e-11,-1.0769031393281467,0.7925752985811748,0.28432784074691475,1.3406456905396862,-1.0574329757087202,-0.28321271483093857,-1.0947795561048115,0.7937742750407037,0.30100528106402985,-0.3736648783009038,0.9999999999969891,-0.7868324390277408,0.6,-0.18683243917421855,0.5000000000002366,-0.37366487817360244,0.9999999999739901,0.6,0.004009380708622712
0.02004008016032064,0.24562387634876692,0.0005971569515072823,7.552424861248128,1.4074359188626393e-10,-0.3572831764443992,-0.7371262441596313,1.0944094206039237,0.526333080742026,0.8726514751464511,-1.3989845558885257,-0.34943121015365664,-0.7569685853974245,1.1063997955509746,-0.37366487829811545,0.9999999999963474,-0.7868324391268191,0.6,-0.18683243917395378,0.49999999999956435,-0.3736648783914601,0.9999999999918524,0.6,0.0025117258858416923
0.024048096192384766,0.24562387635077249,0.0005971569514617822,9.063411307869517,2.539728215010714e-10,1.0341905010416084,-0.880697611367965,-0.15349288967373573,-1.2777234007761897,1.1617571241424098,0.11596627663376899,1.0530056120446911,-0.8842687122623035,-0.16873689978248146,-0.37366487831229256,0.9999999999948744,-0.786832439230342,0.6,-0.18683243917360437,0.49999999999977857,-0.3736648782558522,1.0000000000087848,0.6,0.0010140710628095773
0.028056112224448895,0.24562387635006458,0.0005971569513652594,10.574397754485219,2.2486794157467563e-10,0.48091904855651596,0.6318401990717029,-1.112759247628319,-0.6790829355940068,-0.7337651996193045,1.412848135213331,0.47531640187514584,0.6512556220589478,-1.1265720239341905,-0.3736648782881723,0.9999999999939756,-0.7868324392264716,0.6,-0.18683243917314984,0.49999999999952877,-0.3736648782940037,1.0000000000092817,0.6,-0.0004835837597862054
0.03206412825651302,0.24562387634985305,0.0005971569511938209,12.085384201100773,1.928345866028656e-10,-0.9766973456125728,0.9562331069549246,0.020464238657558892,1.1965400548102358,-1.2494775927587258,0.05293753794846586,-0.9961822436452022,0.9621252914119964,0.03405695223311375,-0.3736648783063647,0.9999999999930557,-0.7868324392364663,0.6,-0.18683243917263426,0.49999999999926925,-0.3736648783359841,1.0000000000084543,0.6,-0.001981238582799262
0.03607214428857715,0.24562387634790858,0.0005971569511968631,13.596370647715718,1.4566575850339908e-10,-0.5976816984343967,-0.5175239957951958,1.1152056942295059,0.8221274406573902,0.5843920683739476,-1.4065195090313185,-0.594408440884391,-0.5362350161232766,1.1306434570075874,-0.3736648782961401,0.9999999999920436,-0.786832439189591,0.6,-0.1868324391720325,0.49999999999931355,-0.37366487825358624,0.9999999999996693,0.6,-0.0034788934055602462
0.04008016032064128,0.2456238763454682,0.0005971569510335406,15.107357094328812,5.372013297073788e-11,0.9052454177707502,-1.0181022976237628,0.11285687985295861,-1.0982559862440084,1.3193407589976769,-0.22108477275365238,0.9251216283927705,-1.026231354497959,0.10110972610514238,-0.3736648782961368,0.9999999999914267,-0.7868324391275329,0.6,-0.18683243917137085,0.4999999999989596,-0.3736648783262254,0.9999999999871979,0.6,-0.004976548228376594
0.044088176352705406,0.24562387634468677,0.0005971569511132314,16.618343540944863,3.603562259999624e-11,0.7059023878139554,0.39581143660029283,-1.1017138244142628,-0.9534222452109783,-0.4266669166052504,1.3800891618162359,0.7050052991711112,0.41355064015331877,-1.1185559393244182,-0.37366487830324163,0.9999999999907291,-0.7868324391123754,0.6,-0.1868324391706567,0.49999999999888395,-0.3736648782910405,0.9999999999830277,0.6,-0.006474203051301705
0.04809619238476953,0.24562387634281682,0.0005971569510114155,18.12932998755993,-4.597335002722673e-12,-0.820855881437434,1.0654209489560968,-0.24456506751865398,0.9842758345158537,-1.370348135416283,0.3860723009004297,-0.8408393369353336,1.0756706988052793,-0.23483136186993556,-0.3736648782938471,0.9999999999901835,-0.7868324390752226,0.6,-0.1868324391698873,0.4999999999987076,-0.37366487829221035,0.9999999999763253,0.6,-0.007971857874043016
0.052104208416833664,0.24562387634147298,0.0005971569510343059,19.640316434177947,2.8863089320458568e-11,-0.8040344495574864,-0.2684420114769339,1.072476461034432,1.0710909077210862,0.2628439174071951,-1.333934825128282,-0.8055263499066986,-0.28495587271600975,1.0904822226227175,-0.3736648783018691,0.9999999999898216,-0.7868324390415736,0.6,-0.18683243916908648,0.4999999999984617,-0.37366487832436757,0.999999999968807,0.6,-0.009469512696958022
0.05611222444889779,0.2456238763404913,0.0005971569509563969,21.151302880793935,1.3008503891980298e-11,0.7247348121439396,-1.0975127867999401,0.3727779746560101,-0.8562285767608382,1.401770726955752,-0.545542150194916,0.7445399123899736,-1.1097367422707225,0.3651968298807604,-0.3736648782982318,0.9999999999893464,-0.7868324390372758,0.6,-0.18683243916824896,0.49999999999841965,-0.37366487827560413,0.999999999967932,0.6,-0.010967167519772584
0.06012024048096192,0.24562387634266517,0.0005971569508900717,22.662289327415227,1.302765907014758e-10,0.8906753956565219,0.1372360573337709,-1.0279114529902842,-1.1734517324063665,-0.09526439584463041,1.2687161282510155,0.8945349657384128,0.15228856382083866,-1.046823529559252,-0.37366487829768474,0.9999999999891808,-0.7868324391342492,0.6,-0.186832439167388,0.49999999999816064,-0.37366487831484,0.9999999999860171,0.6,-0.012464822342598958
0.06412825651302605,0.2456238763429737,0.0005971569508585247,24.17327577403036,9.4311914501969e-11,-0.6182559587424213,1.1139191659450707,-0.49566320720264784,0.7159442524448274,-1.4131594664107432,0.6972152139659232,-0.6375996554686721,1.1279426292359125,-0.4903429737672425,-0.3736648783017855,0.9999999999889361,-0.7868324391672902,0.6,-0.18683243916651238,0.499999999998069,-0.3736648782910501,0.9999999999916575,0.6,-0.01396247716548934
0.06813627254509018,0.24562387634585775,0.0005971569506902376,25.684262220648705,1.3907263193165098e-10,-0.9645869344084146,-0.004068742174994575,0.9686556765834073,1.2590417604470192,-0.07367663612699892,-1.1853651243200285,-0.9707590171307171,-0.017444764989116807,0.988203782119832,-0.3736648782970386,0.9999999999888151,-0.7868324392790752,0.6,-0.1868324391656206,0.4999999999979294,-0.37366487828747275,1.000000000013048,0.6,-0.015460131988284305
0.0721442885771543,0.24562387634424254,0.0005971569507486322,27.195248667263524,9.595097616663247e-11,0.5029410747496675,-1.1144055665226533,0.611464491772979,-0.565427748884168,1.4043515292137252,-0.838923780329572,0.5215469092433144,-1.130028114776103,0.6084812055327816,-0.37366487830157874,0.9999999999888567,-0.7868324392370944,0.6,-0.1868324391647283,0.49999999999773115,-0.3736648783121493,1.0000000000047127,0.6,-0.016957786811172288
0.07615230460921843,0.24562387634319233,0.0005971569505951513,28.706235113878673,6.210089386904222e-11,1.0247127458166556,-0.12915672088424718,-0.8955560249324219,-1.3266377548241162,0.24156469066223554,1.0850730641618782,1.0331091270430193,-0.11764834921255679,-0.915460777830476,-0.37366487829987105,0.9999999999887735,-0.7868324392112614,0.6,-0.18683243916383227,0.4999999999976842,-0.37366487827854716,0.9999999999999774,0.6,-0.018455441634006024
0.08016032064128256,0.24562387634298902,0.0005971569507055414,30.217221560494394,4.2657345440362314e-11,-0.38043823955650724,1.0989650594095863,-0.7185268198530932,0.40683024482707664,-1.375472820862971,0.9686425760359032,-0.39804029949780284,1.1159634155901634,-0.7179231160923727,-0.37366487830011336,0.9999999999890056,-0.7868324392118299,0.6,-0.18683243916294165,0.4999999999974604,-0.37366487832009754,1.0000000000002245,0.6,-0.0199530964568511
0.08416833667334668,0.24562387634139657,0.0005971569506218395,31.728208007109053,-2.1017453519076067e-12,-1.0701935410936978,0.26053629509206033,0.8096572460014894,1.3752736709429678,-0.4060003385493848,-0.9692733323935755,-1.0806942204217067,0.251060049912616,0.8296341705089528,-0.3736648783020661,0.9999999999890575,-0.7868324391721059,0.6,-0.18683243916206071,0.49999999999740424,-0.3736648782978838,0.9999999999926519,0.6,-0.021450751279721972
0.08817635270541081,0.24562387634044008,0.000597156950679159,33.23919445372648,2.203802376480084e-11,0.2524982523475915,-1.0678183406224677,0.8153200882747006,-0.24241839973359547,1.3269360962436123,-1.0845176965100196,0.2688449714191858,-1.0859495635171685,0.8171045920978056,-0.37366487829989437,0.9999999999893106,-0.7868324391389782,0.6,-0.18683243916119,0.49999999999726114,-0.37366487831447703,0.9999999999868391,0.6,-0.022948406102548693
0.09218436873747494,0.24562387633908034,0.0005971569506447092,34.75018090034067,-3.3468642814765814e-11,1.1003793176641752,-0.3881923288624026,-0.7121869888019441,-1.4042544120703797,0.5646334968857416,0.839620915184632,1.1128342195404817,-0.3808836426830071,-0.7319505768576466,-0.37366487830227146,0.9999999999895042,-0.7868324391147943,0.6,-0.186832439160338,0.4999999999971757,-0.3736648783118762,0.9999999999822664,0.6,-0.024446060925422033
0.09619238476953906,0.24562387633751295,0.0005971569506001068,36.26116734695922,1.999760631326499e-11,-0.12094960652998588,1.0214105601940544,-0.9004609536642362,0.07454195542571464,-1.2594350446277145,1.1848930892020013,-0.13580736068161425,1.0404155214647888,-0.9046081607833475,-0.3736648783009015,0.9999999999897364,-0.786832439060637,0.6,-0.1868324391595027,0.49999999999711725,-0.37366487830237144,0.9999999999724428,0.6,-0.02594371574826157
0.1002004008016032,0.24562399903227197,0.0005971508098597065,37.77215289849983,-0.000022360222667537697,-1.1137875151291927,0.5097650952722507,0.604022419856786,1.4158666935623059,-0.7165494798218144,-0.6993172137404053,-1.1297994701872223,0.5056169078652858,0.6241825623217866,-0.37366488184396013,1.0000000059239587,-0.7868413088482908,0.6,-0.18683243916193054,0.49999999684424135,-0.3736661793639891,1.0000016752731251,0.6,-0.027441370606624573
0.10420841683366733,0.24567858336375797,0.0006288957257249893,39.284708331622795,0.03769443987377822,-0.007683715623118759,-0.9637520890218019,0.9714358046495951,0.08601356845605189,1.1798356986872651,-1.2658492671449457,0.005592279123951591,-0.9833477485028346,0.9777554693861453,-0.3758457816254939,1.000067119343737,-0.7885720163306771,0.6,-0.18683492503252733,0.49997483194666914,-0.3848716355058789,1.0001747632766331,0.6,-0.028963616954400914
0.10821643286573146,0.2456880260974072,0.0006712151066337527,40.79739492577277,0.07444481945757951,1.1140302746783264,-0.620707238963916,-0.49332303572279074,-1.4036867334965921,0.8490533480652926,0.5546333854297487,1.1297666617230695,-0.6178912977515428,-0.5118753639734396,-0.3759925560587373,1.00008038750465,-0.7882849684499754,0.6,-0.18684092606686,0.5000225109852464,-0.3677525295604157,1.0001530478234306,0.6,-0.030474363073530093
0.11222444889779558,0.2456920297720903,0.0006943902702664616,42.30961433537089,0.09659424454183482,0.13961952080428652,0.8893770327279051,-1.0289965535524026,-0.25359120140414193,-1.0777373253020464,1.3313285267044188,0.12824705969796504,0.909304842363823,-1.0375519020773825,-0.3740446907067928,1.0001459346052626,-0.7879216468600151,0.6,-0.18684970256196898,0.5000035786889871,-0.3766647315096477,1.000315737408623,0.6,-0.03195630937280124
0.11623246492985971,0.24569443612337818,0.0007029732488954584,43.82147040460585,0.10800934753180902,-1.097229175808067,0.7263990662506103,0.3708301095322635,1.3731361944273137,-0.9778007925927271,-0.395335401834835,-1.1143239162423761,0.725967380628287,0.3883565355838685,-0.3757244715507518,1.0001667136114898,-0.7876521982849893,0.6,-0.18686283432937428,0.5000096585285615,-0.3760101153994129,1.0001325529703962,0.6,-0.03347603556668557
0.12024048096192384,0.2456958208056271,0.0007017259604211406,45.33305561464647,0.11190885612679431,-0.270289225401519,-0.8027667814803668,1.073056006842571,0.41777195023018865,0.960701952276149,-1.3784739025063457,-0.2609621436039098,-0.822744668831279,1.0837068124025748,-0.37410685861732257,1.0001734423183761,-0.7874487786589099,0.6,-0.18687609127048452,0.5000275485933299,-0.37027784837924765,1.0002612586528974,0.6,-0.03496312275220526
0.12424849699398796,0.24569655298803383,0.0006941755474582038,46.84444078873192,0.11069026239233887,1.0649335457661944,-0.8220457816681598,-0.24288776415275556,-1.3230970505964705,1.0926178096057515,0.23047924099084352,1.0831423624318033,-0.8240027096704605,-0.2591396528160316,-0.3745522523599238,1.0002004379183629,-0.7872766440907745,0.6,-0.1868913404586074,0.5000106945998438,-0.3783240361912758,1.000200557592713,0.6,-0.036466766444094974
0.1282565130260521,0.24569688858459188,0.0006828642475582344,48.355679691856544,0.10611755933185571,0.39731598588741784,0.7046742323756423,-1.1019902183439345,-0.575962464967972,-0.8300284210758176,1.4059908860485888,0.3901656726112295,0.7244168257432051,-1.1145824984368702,-0.3746664113437,1.0001867062234677,-0.7871754870224039,0.6,-0.18690689866974883,0.5000315936119334,-0.3713431865943106,1.0001698009130722,0.6,-0.03797041802769417
0.13226452905811623,0.24569701471676772,0.0006695996099295809,49.866812970074754,0.09947515966757699,-1.0174970757838666,0.9061395669859131,0.11135750874543741,1.2542264930509588,-1.1918558906611252,-0.06237060238668497,-1.0365595465805075,0.9104559554576481,0.12610359106454655,-0.37388250381349314,1.0001968059438249,-0.7870868942408255,0.6,-0.18692212332224925,0.5000248019083584,-0.3750631028925087,1.0002290102799123,0.6,-0.039461990198317094
0.13627254509018036,0.24569705013515306,0.0006556382821517254,51.37787115476916,0.0916849382397049,-0.5188052694510256,-0.5964711383980056,1.115276407748554,0.7259231234164268,0.6875333596911497,-1.4134564831120526,-0.5139340304429337,-0.6156978166889918,1.1296318470276372,-0.37464314775952573,1.0001911425780807,-0.7870350869049361,0.6,-0.18693790970981886,0.5000278694688978,-0.374935104518253,1.000143363180108,0.6,-0.0409697959314169
0.1402805611222445,0.24569709033337894,0.000641829708654969,52.88887707027285,0.0833979571206509,0.9555259518639577,-0.9773806181153044,0.021854666175865387,-1.1674499793926139,1.274069163417432,-0.10661918402503437,0.9751711860882639,-0.9839958737796027,0.00882468761823315,-0.37401501029617507,1.000181557642266,-0.78700540548228,0.6,-0.18695267492061954,0.5000362096306792,-0.3724828178027507,1.0001904373692643,0.6,-0.042464095840025994
0.1442885771543086,0.2456971755991666,0.0006287256158664222,54.39984760668237,0.07506234868091567,0.6329657520149491,0.4797018924218289,-1.1126676444945618,-0.865510727391342,-0.5352209424617451,1.4007316698543943,0.6304431857078225,0.498137972733315,-1.1285811584975696,-0.3742340592874069,1.0001829004147893,-0.7869811186968445,0.6,-0.1869673779912418,0.5000295358876531,-0.37592692335937206,1.0001605703939989,0.6,-0.04396530395036826
0.14829659318637273,0.24569734396124043,0.0006166597479627812,55.91079519438098,0.06697767532539121,-0.8798938074211401,1.0347082776268224,-0.15481447026688372,1.0639955361571403,-1.3380800673890039,0.2740845312307337,-0.89984101910281,1.0435277903582174,-0.14368677131665603,-0.3743281029286545,1.0001687887493615,-0.7869794903216409,0.6,-0.18698148319922497,0.5000386999654396,-0.37302460399087567,1.0001423981198383,0.6,-0.04546682068359878
0.15230460921843686,0.2456976030867379,0.0006058132512201139,57.42172884208344,0.059333726264852706,-0.7381302198727784,-0.3560430880015863,1.0941733078133564,0.992730247644458,0.3752591206588243,-1.3679893683021647,-0.7379922900718322,-0.37342508264928587,1.1114173726618397,-0.37402298438981024,1.0001660830893075,-0.7869762115202532,0.6,-0.18699483253743618,0.5000362581572412,-0.37456868743073934,1.0001642726942896,0.6,-0.04696318867402216
0.156312625250501,0.24569792153323505,0.0005962683060449232,58.932655073542925,0.052243294878468065,0.7916723602592846,-1.077276344628525,0.28560398431179446,-0.9453308646711264,1.3829529389530746,-0.43762207428208894,0.8116367894356785,-1.0881743635586714,0.2765375740655873,-0.37437057811534474,1.0001580973241997,-0.786981374505468,0.6,-0.18700792002522154,0.5000376950587235,-0.37457029959834787,1.0001248689148345,0.6,-0.048466508621368753
0.16032064128256512,0.24569837792011115,0.0005879923096195902,60.44357830124748,0.04575806208960524,0.8327695671419652,0.227267731906154,-1.060037299103604,-1.1057616368239658,-0.2099327685371618,1.3156944053611397,0.835018945703864,0.2433474857113906,-1.0783664314706707,-0.3741286769459501,1.0001492046818274,-0.7869917111502988,0.6,-0.18702015917965237,0.5000414836257968,-0.37351507211483687,1.0001419259875428,0.6,-0.049964206330972726
0.16432865731462926,0.24569891421271048,0.0005809606998129092,61.95450170850685,0.039895947266041815,-0.6921204250511148,1.10444554199678,-0.41232511699832564,0.8131537252083169,-1.4080893950872166,0.5949356698788537,-0.7118164630503517,1.1172665369744623,-0.4054500739767673,-0.37423523834809885,1.0001458004488746,-0.7869996886416122,0.6,-0.18703201811949643,0.500038754762678,-0.37499660624092096,1.0001272898466311,0.6,-0.051464794553437776
0.16833667334669336,0.2456995187537348,0.0005750888996741743,63.465427338109556,0.03464597633890743,-0.9155163268534656,-0.09523047294284043,1.0107467997457094,1.2029928277524204,0.04159526924605644,-1.244588096998535,-0.9201209994874278,-0.1097774771688475,1.029898476605693,-0.3742936094062533,1.0001363771350664,-0.787013356936932,0.6,-0.18704332966474832,0.5000427166056916,-0.3737780820262446,1.0001169991259857,0.6,-0.0529656285238032
0.1723446893787575,0.24570018571885574,0.0005702759584734474,64.97635649140125,0.029980580284038133,0.5826672242287649,-1.1158356333133497,0.5331684090364294,-0.6693452490469797,1.4130774606969903,-0.7437322116500494,0.6018129276685569,-1.1303956601972158,0.5285827324804724,-0.3741735192567153,1.00013218829413,-0.7870233717455942,0.6,-0.1870540598365306,0.5000417669882288,-0.37442255909043803,1.0001244365616542,0.6,-0.054464244774227476
0.17635270541082163,0.24570090101552522,0.0005664171998035574,66.48728991161511,0.025861602906922094,0.9851836398862462,-0.03817823012462554,-0.9470054098059474,-1.2830242470842337,0.12733686295088226,1.1556873841334063,0.9920766668381772,-0.025371680894904686,-0.9667049859876502,-0.3743308154291222,1.000126158623899,-0.7870347349706877,0.6,-0.18706445252539278,0.5000423354972398,-0.37444668245878127,1.000105761855941,0.6,-0.05596584885205591
0.18036072144288576,0.24570165320908943,0.0005634051330975593,67.99822794561982,0.022245134618755436,-0.46487798918667894,1.1112737057688262,-0.6463957166247828,0.5159672843692878,-1.3978685743826615,0.8819012900131921,-0.4831999011882005,1.1273650458387827,-0.6441651446932105,-0.37423761880396883,1.0001199080925678,-0.7870458930812159,0.6,-0.1870742808215644,0.5000439438391875,-0.37399076593888897,1.0001108550400817,0.6,-0.057465106679754935
0.1843687374749499,0.24570243184871107,0.0005611353956268456,69.50917066583317,0.01908494511644198,-1.040767914034968,0.17104624322231948,0.869721670772255,1.3447192038649058,-0.2944522713482481,-1.0502669325167946,-1.0498513833910543,0.16016328988776035,0.8896880934630227,-0.37428669411293747,1.0001161886262266,-0.7870545044302728,0.6,-0.18708375697317242,0.5000427210987424,-0.3746220769250184,1.0001029130595027,0.6,-0.05896555940076357
0.18837675350701402,0.24570322716888618,0.000559509631687793,71.02011796262573,0.016334893902435515,0.34043946893526467,-1.0908237852693206,0.7503843162958843,-0.35521109072431467,1.3626777814222213,-1.0074666906982122,0.35767565958138314,-1.1082165032703521,0.7505408436509124,-0.37431800289040434,1.000110037543794,-0.7870643736725218,0.6,-0.1870928248035159,0.5000442858546771,-0.3741144504283631,1.0000964633909282,0.6,-0.06046616351137812
0.19238476953907813,0.24570403071654942,0.0005584368739360017,72.53106960946019,0.013950469683916732,1.0814732738152917,-0.3014707934313986,-0.7800024804200698,-1.3871939632554586,0.4573614309413151,0.9298325323140489,1.0926175130179436,-0.2926671010308942,-0.7999504120231377,-0.37427038190299233,1.0001061500551236,-0.7870717702118482,0.6,-0.18710147457481352,0.5000437759004812,-0.3743800137581156,1.0000977346286783,0.6,-0.06196581643779211
0.19639278557114226,0.24570483480916672,0.0005578343114594731,74.04202530904074,0.011889730355530898,-0.21113291470860723,1.054778572410546,-0.8436456577362258,0.18937532568722157,-1.3080087752603333,1.1186334495725874,-0.22703686924174643,1.0732236926917502,-0.8461868234843442,-0.37433993345697963,1.0001015721695323,-0.7870790158825072,0.6,-0.18710981599504894,0.5000438335517099,-0.37439958113800015,1.0000879000487535,0.6,-0.0634667415307413
0.2004008016032064,0.2457056327407753,0.0005576275281989534,75.5529847266493,0.01011384746271497,-1.1067163120505477,0.4275852405550305,0.6791310714628674,1.4098391787853641,-0.6137344880588342,-0.796104690726642,-1.119761725126406,0.42098655585665046,0.6987751692369946,-0.37430375931258764,1.0000968986901038,-0.7870856635886418,0.6,-0.1871177563335161,0.5000443320427366,-0.37420318600979313,1.0000880235910519,0.6,-0.06496669102970622
0.20440881763527052,0.24570641928683604,0.0005577504792076213,77.06394751575941,0.008587417175128544,0.07880795960105057,-1.0036519693995958,0.9248440097674585,-0.020830874980493685,1.2346404648750189,-1.213809589894487,0.09315240766261061,-1.0228859990595331,0.9297335913657578,-0.37432561022789196,1.0000933292670628,-0.7870908191722812,0.6,-0.1871253860284258,0.5000435889479845,-0.37447166444220376,1.0000827792327058,0.6,-0.06646713201371418
0.20841683366733466,0.24570718974974357,0.0005581449623071466,78.57491333194037,0.007278464036997739,1.1161366388053566,-0.5475856187344247,-0.5685510201004672,-1.412332821744147,0.7613359873826329,0.6509968343617251,1.1308971635580665,-0.5432864166336847,-0.5876107469540476,-0.37434112106533757,1.0000887399441638,-0.7870962043146966,0.6,-0.18713268384119786,0.5000439913283565,-0.3742599856229301,1.0000780065589392,0.6,-0.06796765548342847
0.2124248496993988,0.2457079409870892,0.0005587602193434419,80.08588184565927,0.006158417536848954,0.05464208670308289,0.9381782347159264,-0.9928203214471338,-0.14801199429936138,-1.1436260102035483,1.2916380045029339,0.04206218864802633,0.9579263303700095,-0.9999885190461794,-0.37432188327617577,1.0000850993859858,-0.7871003429762684,0.6,-0.1871396448505348,0.5000435030335404,-0.37436901226527447,1.000076590621951,0.6,-0.0694677700832148
0.21643286573146292,0.2457086699017417,0.0005595522413330788,81.59685274625845,0.005201881423851419,-1.1096010356164243,0.6597564458293347,0.4498445897601434,1.3946405526537833,-0.8980567939382924,-0.49658375871550403,-1.1258652253075567,0.657817944314426,0.46804728096618486,-0.3743521687912257,1.000081184664463,-0.7871042520956846,0.6,-0.1871463162562029,0.5000432093671187,-0.37438094151239454,1.0000704548725317,0.6,-0.07096842490754761
0.22044088176352702,0.2457093741639407,0.0005604831640046444,83.1078257477553,0.004386467818107563,-0.18730917319657275,-0.8592934211177373,1.046602594288739,0.31473992976924503,1.0362654602775316,-1.3510053900467929,-0.17667362462595343,-0.87927321155444,1.0559468361548219,-0.374337885449019,1.0000772174883672,-0.7871078115894669,0.6,-0.18715265900602934,0.5000430892149217,-0.3742961224047684,1.0000684967848381,0.6,-0.07246867320274726
0.22444889779559116,0.24571005231784596,0.0005615206123536928,84.61880058913057,0.0036925169031592864,1.0872026781784234,-0.7624937916981627,-0.3247088865045408,-1.3570144731367577,1.021941812223416,0.33507266091331733,1.104738471285489,-0.7629439376372908,-0.3417945336724782,-0.37434725056702334,1.0000737272864553,-0.7871106638942414,0.6,-0.187158711017095,0.5000424129564788,-0.37440996563355505,1.000064342974995,0.6,-0.07396912227162485
0.2284569138276553,0.24571070343359325,0.0005626370939230797,86.12977703668084,0.0031028941033719,0.3172966231745468,0.7681260140662404,-1.0854226372638505,-0.4769696199011249,-0.9140939692249727,1.3910635891260745,0.30875751196467005,0.7880520382965088,-1.0968095502842434,-0.37435444673436274,1.0000698117290672,-0.7871135779851097,0.6,-0.18716446431407033,0.5000421951269197,-0.3743214476409621,1.0000603395501042,0.6,-0.07546961285680828
0.23246492985971942,0.2457113267638899,0.0005638094548054651,87.64075487948236,0.0026026398145107777,-1.0492634763200495,0.8543299396363292,0.19493353666180624,1.2999929232737417,-1.1312204404728374,-0.16877248280091076,-1.0678200288429085,0.8571621599062428,0.21065786891475186,-0.37434638168691087,1.0000663012942381,-0.787115942575868,0.6,-0.1871699168768978,0.5000415842352568,-0.37436585343212253,1.0000578128529947,0.6,-0.07696992660221179
0.23647294589178355,0.24571192187106786,0.0005650181768788519,89.15173393203294,0.002178825008963101,-0.4427463369463741,-0.6659795657923638,1.1087259027179261,0.6323823409659468,0.7788575500319349,-1.4112398909978958,-0.43642563655637023,-0.6855669948330112,1.121992631368568,-0.374359240610217,1.00006269465525,-0.7871181892193749,0.6,-0.1871750897974767,0.5000410264202672,-0.3743721169378954,1.0000533029498242,0.6,-0.07847046841938426
0.24048096192384769,0.24571248893289863,0.0005662471355996161,90.66271402995315,0.001820255354605567,0.9963255228678419,-0.9339519814302611,-0.06237354145733949,-1.2243916316575172,1.2243314350468635,0.00006019661063165829,1.0156376763562553,-0.9391258137344629,-0.0765118626415525,-0.37435331430146707,1.0000590769653177,-0.7871202957522426,0.6,-0.187179967777126,0.5000405272979705,-0.3743351893852475,1.0000505712440415,0.6,-0.07997083963047928
0.2444889779559118,0.24571302819569354,0.0005674829308370717,92.17369502949367,0.0015172944653067393,0.5618653287546004,0.5543148792938459,-1.1161802080672163,-0.7787566113238107,-0.632489600143318,1.4112462114671118,0.5578533956068518,0.5732837515625984,-1.1311371471882201,-0.37435700193573723,1.0000556846933357,-0.7871221073990031,0.6,-0.187184568142914,0.5000397717236876,-0.3743830863710692,1.0000469705046617,0.6,-0.08147129137658791
0.24849699398797592,0.24571354006692755,0.0005687146465901525,93.68467680481389,0.0012616501909469395,-0.92914668484738,1.000222687888578,-0.07107600305903139,1.1312913631175643,-1.2999440799949475,0.16865271687737274,-0.9489385394306525,1.0076643262191207,-0.05872578680630196,-0.3743599764656357,1.0000521376516986,-0.787123950494941,0.6,-0.1871888896349088,0.5000391915152517,-0.3743457319223743,1.000043440899665,0.6,-0.08297176202340616
0.25250501002004005,0.24571402515584198,0.0005699334158249458,95.19565924666045,0.0010462152750115214,-0.6729512045372075,-0.434728297558387,1.1076795020786558,0.9140006076173969,0.47708225520711234,-1.3910828628245224,-0.6713053513748474,-0.4528075239483797,1.124112875306289,-0.3743562494091702,1.0000487884268303,-0.7871255717954373,0.6,-0.18719293333074438,0.5000384317230334,-0.3743633983161594,1.0000405903358736,0.6,-0.08447215477598831
0.2565130260521042,0.24571448420827305,0.0005711321459897632,96.70664226020365,0.0008649029911106019,0.848687590698759,-1.052195314348798,0.2035077236339603,-1.0220226652178932,1.356977604686183,-0.33495493946830446,0.8686761890495145,-1.0617983060116158,0.19312211694602352,-0.3743613436929403,1.000045433963542,-0.7871271521477886,0.6,-0.18719671071023564,0.5000376763490172,-0.3743661629335213,1.0000369396739717,0.6,-0.08597264219565845
0.2605210420841683,0.24571491804870257,0.0005723052476466862,98.2176257633267,0.0007125088982736282,0.7744164654269617,0.308929368040591,-1.0833458334828234,-1.036181409264206,-0.31485670372710073,1.3510381129912914,0.7751602271552289,0.32586055141070247,-1.101020778581201,-0.3743585090272556,1.0000421083525,-0.7871286821363062,0.6,-0.18720021806395126,0.5000369347916217,-0.374349687908346,1.0000340778160448,0.6,-0.08747305642215315
0.26452905811623245,0.24571532757867148,0.0005734483960084464,99.72860968542922,0.0005845984310794798,-0.7560986428232231,1.0891275040623907,-0.33302886125367825,0.8981474721659475,-1.3946171591398522,0.49646968697389643,-0.77599830880394,1.1007545854892298,-0.3247562766997993,-0.3743595585838084,1.0000389183682292,-0.7871300924561416,0.6,-0.18720346563384618,0.5000360718750377,-0.3743693985344949,1.0000309072854794,0.6,-0.08897350113546057
0.2685370741482966,0.24571571373687975,0.0005745583330673166,101.2395939656157,0.0004773904848730752,-0.8648112551243137,-0.1787162875000337,1.043527542610564,1.143552938181447,0.1481315697840898,-1.2916845079655426,-0.8679340028419242,-0.19425745123721344,1.0621914540653545,-0.37436037733075844,1.0000357050853672,-0.7871315200128151,0.6,-0.18720645626065552,0.500035272143681,-0.3743531909349718,1.0000278044329733,0.6,-0.09047395264002871
0.2725450901803607,0.24571607749118257,0.000575632690401804,102.75057855164025,0.0003876699276510374,0.652703447128462,-1.1104917433812813,0.4577882962397343,-0.7614362371289751,1.4123248124743595,-0.6508885753453965,0.672229773306715,-1.1239767362160904,0.4517469628962905,-0.3743582423759244,1.0000326191282232,-0.7871328560312018,0.6,-0.1872091937836207,0.5000343885142824,-0.37435972432120407,1.0000250464209741,0.6,-0.09197436806726568
0.27655310621242485,0.24571641983771422,0.0005766698405581884,104.26156339875317,0.0003127063108546307,0.9428439078060071,0.04595021210788846,-0.9887941199263253,-1.2345806399985457,0.020710290482660945,1.2138703495158714,0.9483009904689053,0.05987924486897237,-1.0081802353503053,-0.37435980934938595,1.0000295792035108,-0.7871341725768125,0.6,-0.1872116867751808,0.5000334975762777,-0.3743604617399452,1.0000220012822456,0.6,-0.09347482086624373
0.280561122244489,0.24571674176561978,0.0005776687682723649,105.77254846857453,0.0002501808310868598,-0.5399800541006551,1.1159831134183686,-0.5760030593295234,0.6138429064954218,-1.4098476063518786,0.7960046998564522,-0.5588539756861955,1.1311332930597384,-0.5722793173853525,-0.3743580158853827,1.0000265995012478,-0.7871354648365109,0.6,-0.18721393752530688,0.5000326070118712,-0.3743526418628881,1.0000193403461954,0.6,-0.09497524033279142
0.28456913827655306,0.24571704425704752,0.0005786289630434208,107.28353372843216,0.00019813141587050914,-1.0073994888889355,0.08747128068022726,0.9199282081974895,1.3079637234023034,-0.18925582538966196,-1.1187078980126428,-1.0151129294234245,0.07535344654373481,0.9397594828684702,-0.3743577733141399,1.0000237284266442,-0.7871366993726894,0.6,-0.18721595432664911,0.500031659599665,-0.37436023737590507,1.000016608873083,0.6,-0.09647566917594971
0.2885771543086172,0.24571732827502205,0.0005795503239536775,108.79451915030405,0.0001548935487873874,0.4195397372841814,-1.1055234839561112,0.6859837466612783,-0.45747689313963086,1.3872210317216593,-0.929744138582036,0.4374915051643567,-1.122122326845715,0.6846308216707064,-0.3743574492781279,1.0000208998486975,-0.7871379317293907,0.6,-0.18721774256402943,0.5000307348526548,-0.37435269493987505,1.0000139568445832,0.6,-0.09797609832931437
0.2925851703406813,0.24571759478887184,0.0005804330843658952,110.30550471033294,0.00011906027082733512,1.057555576717179,-0.21964130936376797,-0.837914267363527,-1.3626533918060675,0.3550962234071504,1.0075571683989042,1.0674151170515565,-0.20950784871784223,-0.8579072683438311,-0.3743558133268261,1.0000181782033197,-0.7871391146253778,0.6,-0.18721930806412715,0.5000297725338474,-0.37435453233334864,1.0000115098289983,0.6,-0.09947650881104375
0.29659318637274545,0.24571784471047417,0.0005812777405568196,111.81649038830288,0.00008944535857404164,-0.2931039899682519,1.0792626987098082,-0.7861587087511704,0.2945730298209511,-1.3447685860115484,1.0501955561905894,-0.30987704772313807,1.0970729553698928,-0.7871959076563666,-0.37435571815054347,1.0000155310601824,-0.7871402749570152,0.6,-0.1872206588004151,0.5000288051323879,-0.374354123294045,1.0000089975665434,0.6,-0.10097693182749456
0.3006012024048096,0.24571807894953737,0.0005820850012733936,113.32747616687486,0.00006504407029466926,-1.0925956468805273,0.3486709026279233,0.7439247442434735,1.3978681067622658,-0.515861302948121,-0.8820068038141426,-1.1044603757065463,0.3406666489165081,0.7637937267809068,-0.3743541883617248,1.0000129642138238,-0.7871414098921654,0.6,-0.1872218001458573,0.5000278380573402,-0.374349911049891,1.0000067032877922,0.6,-0.10247733757430602
0.3046092184368737,0.24571829835324113,0.0005828557366270289,114.83846203139173,0.00004501116247078061,0.16247994187911502,-1.037576309741112,0.8750963678533301,-0.12745945026452746,1.2830969662734986,-1.1556375160089813,0.1778345658511282,-1.056343471885889,0.8785089060260931,-0.37435326538384045,1.0000104992845231,-0.7871425023175728,0.6,-0.1872227400412207,0.5000268476655308,-0.3743522546237396,1.000004438183718,0.6,-0.10397774359286614
0.30861723446893785,0.2457185037609192,0.0005835909428345681,116.34944796922099,0.000028629964149935518,1.112019138652417,-0.47271602653931266,-0.6393031121213332,-1.4131046124637423,0.6692534994189365,0.7438511130447947,1.1257194892552647,-0.466955370170735,-0.6587641190927582,-0.3743523056594062,1.000008108472264,-0.7871435746039235,0.6,-0.18722348527115326,0.5000258687216359,-0.37434821475196384,1.0000022613582136,0.6,-0.10547814642423249
0.312625250501002,0.2457186959812641,0.0005842917063810189,117.86043396990279,0.00001530379748604106,-0.02953451491025292,0.9810603570050163,-0.9515258421025835,-0.04147548615199309,-1.203087612817158,1.2445630989691479,-0.04325127409882714,1.000516173777231,-0.9572648996862242,-0.37435075685790525,1.000005818940012,-0.7871446053806881,0.6,-0.18722404278787205,0.5000248770963097,-0.3743480339151622,1.0000002287550345,0.6,-0.10697853766155589
0.3166332665330661,0.24571887576269982,0.0005849591796063166,119.37142002436329,4.525922438253919e-6,-1.115548742877532,0.5900039189638906,0.5255448239062118,1.4081453192248585,-0.8130806060919442,-0.5950647131329131,-1.130888938332201,0.5865692172732925,0.5443197210514781,-0.37434984178973796,1.0000036173438753,-0.7871456043822501,0.6,-0.1872244204783532,0.500023887036082,-0.3743469853127137,0.9999982242836009,0.6,-0.10847893053579531
0.32064128256513025,0.24571904384898033,0.0005855945552438983,120.88240612483443,-4.1312534586689274e-6,-0.1038321940311535,-0.9105227944437329,1.0143549884678347,0.2098173979867291,1.105884119389644,-1.315701517376377,-0.09194933941487127,-0.9303892287803732,1.0223385681881922,-0.37434830854225537,1.0000015055216611,-0.7871465695236243,0.6,-0.18722462511466975,0.5000229021783054,-0.37434424808574757,0.9999963666367899,0.6,-0.10997931247307581
0.3246492985971944,0.24571920092431238,0.000586199053618777,122.3933922649433,-0.000011021361497637848,1.1031341606996694,-0.6988584011260888,-0.40427575958027473,-1.3830610663464744,0.9452870949500602,0.43777397139640367,1.1198949056279581,-0.6977986832534595,-0.4220962223811925,-0.3743470060580554,0.9999994925109681,-0.7871474927121387,0.6,-0.1872246645222289,0.5000219131752136,-0.37434429425132615,0.9999945768531197,0.6,-0.11147969065698592
0.3286573146292585,0.24571934764717832,0.0005867739023466857,123.9043784390958,-0.00001644573444885362,0.23571412555449214,0.8269719025703951,-1.0626860281312502,-0.3751603585762219,-0.9928756738550831,1.3680360324313006,0.2258349967871466,0.8469650090487137,-1.0728000058422242,-0.3743456828721005,0.9999975659965438,-0.7871483826238026,0.6,-0.1872245460196774,0.5000209355785731,-0.37434164851730894,0.9999928772959594,0.6,-0.11298006377343858
0.33266533066132264,0.24571948464776108,0.00058732032547629,125.41536464263883,-0.000020654641653537794,-1.0749530573318629,0.797723833919364,0.2772292234064492,1.3382103251750406,-1.0639834626127094,-0.27422686256233053,-1.0928948208762386,0.7990542571268641,0.29384056374332534,-0.37434409314519845,0.9999957367384926,-0.7871492295335567,0.6,-0.18722427693549984,0.5000199601053209,-0.37434058795650615,0.9999912919762269,0.6,-0.11448042810543012
0.3366733466933867,0.2457196125179923,0.0005878395374475184,126.92635087153964,-0.00002385974962591099,-0.36422642715852527,-0.7316018774019091,1.0958283045546966,0.535141378130853,0.865677311028447,-1.4008186891593355,-0.3564922200096533,-0.7514359191326283,1.1079281391365352,-0.37434276150088713,0.9999939985263289,-0.7871500371173166,0.6,-0.18722386494800586,0.5000189933120938,-0.3743391948971299,0.9999897702835591,0.6,-0.11598078925751776
0.34068136272545085,0.24571973181515328,0.0005883327317243219,128.43733712240598,-0.000026237363346556862,1.0314083412489796,-0.8851873420370296,-0.1462209992174032,-1.2742342041955081,1.1674734563894797,0.10676074780605203,1.0502747073711096,-0.8888888967440713,-0.16138581063248672,-0.374341162383793,0.999992351118794,-0.7871508041023484,0.6,-0.1872233171983153,0.5000180375945001,-0.37433705532630457,0.9999883610523901,0.6,-0.11748114192966531
0.344689378757515,0.24571984308296932,0.000588801078089174,129.94832339236598,-0.000027934596394348204,0.4875324736176192,0.6257759251539454,-1.1133083987767258,-0.6874740668555499,-0.726107031235476,1.413581098091018,0.482053724803377,0.6451674431523673,-1.1272211679609052,-0.37433964949242365,0.9999907974993888,-0.787151527307764,0.6,-0.18722264119670626,0.5000170895379217,-0.37433609890933267,0.9999870304865082,0.6,-0.11898148906502905
0.3486973947895791,0.24571994680811723,0.0005892457123934285,131.4593096789479,-0.000029075015934027666,-0.9731225020757762,0.9599990213620448,0.013123480708858343,1.1920470486635384,-1.2542780326548526,0.06223098399128667,-0.9926438397803427,0.9660188130896877,0.026625026685783627,-0.3743381260787768,0.9999893314052295,-0.7871522097589235,0.6,-0.18722184416711443,0.5000161563115566,-0.3743340097856842,0.9999857859442542,0.6,-0.12048183017914688
0.35270541082164325,0.24572004346995227,0.0005896677430313608,132.9702959800037,-0.000029762793620363156,-0.603870010699439,-0.5110065417096304,1.114876552404436,0.8299813313159858,0.5761594822023587,-1.4061408135183633,-0.6007250094734783,-0.5296783918887888,1.1304034013576345,-0.37433648389500185,0.9999879562404329,-0.7871528476891814,0.6,-0.18722093324532896,0.5000152345854203,-0.37433257484373234,0.9999846368949772,0.6,-0.12198216364417021
0.3567134268537074,0.24572013351263103,0.0005900682367737866,134.48128229380345,-0.000030082213874075467,0.9009286115329125,-1.0210897263489032,0.12016111481154904,-1.092823393884987,1.3231565337233542,-0.23033313983835224,0.9208259206369354,-1.029341699560372,0.10851577891899675,-0.37433494864609473,0.9999866682767606,-0.7871534426985985,0.6,-0.18721991562760193,0.5000143275408276,-0.37433101732548535,0.999983560384307,0.6,-0.12348249184760214
0.3607214428857715,0.24572021736314353,0.0005904482268294263,135.99226861881462,-0.000030104768817998876,0.7115764295739798,0.3889341019843838,-1.1005105315625785,-0.9606264990614981,-0.4179777308612629,1.3786042299227768,0.7108101236195655,0.4066194327163444,-1.1174295563401258,-0.37433330055598785,0.9999854661106975,-0.7871539948141402,0.6,-0.1872187981858265,0.5000134367073649,-0.37432913567378795,0.9999825756439115,0.6,-0.1249828125733644
0.36472945891783565,0.24572029541012425,0.0005908087050917997,137.50325495371303,-0.00002989020175650469,-0.8158586354945727,1.067586508123605,-0.25172787263300633,0.9779814072599533,-1.3731246617053934,0.3951432544454194,-0.8358475471201918,1.0779527362181758,-0.2421051891019566,-0.3743316876618647,0.9999843497606389,-0.7871545025130567,0.6,-0.187217587845173,0.5000125610046192,-0.37432776162779346,0.999981667173714,0.6,-0.12648312704603695
0.3687374749498998,0.24572036802417008,0.0005911506273205909,139.014241297361,-0.000029488159071793518,-0.8091124653862751,-0.2613032953242951,1.0704157607067974,1.0775424469072628,0.2538224547496669,-1.3313649016569546,-0.810735803956523,-0.27774935194418526,1.0884851558969362,-0.37433007375425137,0.9999833152422806,-0.7871549677073691,0.6,-0.18721629130793876,0.5000117038219739,-0.3743259173782153,0.9999808363843248,0.6,-0.12798343511269372
0.3727454909819639,0.2457204355708125,0.0005914749081165207,140.52522764883446,-0.000028938441931417286,0.7191284729907362,-1.0988249559559284,0.37969648296157854,-0.8491624060384483,1.4034683133465153,-0.5543059073080525,0.7389233043239969,-1.1111572842563784,0.3722339799287679,-0.3743284119686169,0.9999823626084928,-0.7871553896523177,0.6,-0.1872149151283274,0.5000108640931644,-0.374324349006097,0.9999800861229057,0.6,-0.12948373608685262
0.37675350701402804,0.24572049836072155,0.0005917824239130565,142.03621400724066,-0.000028276342922110757,0.8950841709470891,0.12993823647757277,-1.0250224074280974,-1.1790582521405741,-0.08603971755069167,1.265097969691288,0.899073961577135,0.14490997011883,-1.0439839316994008,-0.37432679995064394,0.9999814889186105,-0.7871557688430043,0.6,-0.18721346577690628,0.5000100434010614,-0.37432274377378016,0.9999794050033843,0.6,-0.13098403101195522
0.3807615230460922,0.24572055670639717,0.0005920740143554495,143.54720037187533,-0.00002752935638641108,-0.6121205941845014,1.1143586407100192,-0.5022380465287518,0.7082073937263929,-1.4137538166500485,0.7055464229236384,-0.6314384522281746,1.1284808179945178,-0.49704236576957733,-0.37432514643761616,0.9999806921256024,-0.7871561060008481,0.6,-0.187211949473805,0.5000092426587582,-0.3743210051685054,0.9999787996537768,0.6,-0.13248431899114774
0.38476953907815625,0.24572061090693473,0.0005923504798291587,145.0581867421089,-0.000026720577168406823,-0.9682629647054092,0.003283604461881244,0.9649793602404646,1.2637231175187587,-0.08297256688402337,-1.1807505506347629,-0.9745621688829155,-0.009999847491462918,0.9845620163713148,-0.37432351389116136,0.9999799708137957,-0.7871564015575335,0.6,-0.18721037234600332,0.5000084615895496,-0.374319492285076,0.999978262247631,0.6,-0.13398460056439318
0.3887775551102204,0.245720661230211,0.0005926125864071102,146.56917311746906,-0.000025867078891751908,0.49636442969823613,-1.1139656686917156,0.6176012389905406,-0.5571309022772523,1.4038341360094786,-0.8467032337322169,0.5149292206483108,-1.129675851923696,0.6147466312724456,-0.37432188953643997,0.9999793218394128,-0.7871566567714039,0.6,-0.18720874031133125,0.5000077017862341,-0.3743177928838013,0.9999777917191051,0.6,-0.1354848757220918
0.3927855711422845,0.24572070793752326,0.0005928610604237254,148.08015949744322,-0.000024985243916598964,1.0276030267198286,-0.1364582123969791,-0.8911448143256537,-1.3303269895727778,0.25079889299677366,1.0795280965760277,1.0361216300844711,-0.12505289972879757,-0.9110687303584778,-0.37432025359453047,0.9999787437500329,-0.7871568719816355,0.6,-0.18720705910669705,0.5000069629344338,-0.37431621856201475,0.9999773878723903,0.6,-0.13698514420951854
0.39679358717434865,0.2457207512599278,0.000593096599179335,149.59114588158135,-0.000024088497457321826,-0.37351440560820054,1.0976517530562784,-0.7241373474507126,0.3980920910846472,-1.3738511580117596,0.9757590669271029,-0.3910608082786248,1.1147254286501354,-0.7236646203741454,-0.3743186487187766,0.9999782338459824,-0.7871570481667258,0.6,-0.18720533431661637,0.5000062457786344,-0.3743146441193346,0.9999770443910746,0.6,-0.138485406518125
0.4008016032064128,0.24572079142463876,0.0005933198631768873,151.10213226956628,-0.000023185818217613423,-1.0722562906267399,0.26768227772936576,0.8045740128948873,1.3779179684105454,-0.4150407429067805,-0.9628772255037971,-1.082872535619678,0.2583180983679511,0.8245544372492398,-0.37431703745685246,0.9999777897778578,-0.7871571863795405,0.6,-0.1872035713016952,0.5000055507762116,-0.3743130244934156,0.999976762585424,0.6,-0.13998566232330922
0.4048096192384769,0.24572082864399222,0.0005935314824220761,152.6131186610646,-0.00002228568839376763,0.24532629022505512,-1.065650074129605,0.8203237839021617,-0.23336390047876793,1.3242333016553605,-1.0908694011765896,0.261603530846842,-1.0838432156010331,0.8222396847518023,-0.37431544656879073,0.9999774094871573,-0.7871572874659132,0.6,-0.18720177526499174,0.5000048778309113,-0.3743115149018117,0.9999765377211712,0.6,-0.14148591190185011
0.40881763527054105,0.24572086311583063,0.0005937320557182111,154.1241050557995,-0.000021394440672337548,1.1015847050793193,-0.39508037165985754,-0.706504333421749,-1.405815981317065,0.5733508164447833,0.832465164872309,1.1141468647911739,-0.38789115683100805,-0.7262557079624522,-0.37431387207632955,0.9999770901818451,-0.78715735289562,0.6,-0.1871999512042781,0.5000042276148222,-0.37430994161984765,0.9999763678774485,0.6,-0.14298615531301698
0.4128256513026052,0.24572089502593136,0.0005939221525158951,155.63509145352313,-0.000020517117272868263,-0.11363217031972954,1.018418117936104,-0.9047859476185227,0.06530060390604771,-1.2556897906888982,1.1903891867828462,-0.12840761913411486,1.0374707121508002,-0.909063093018833,-0.3743123059500762,0.9999768297942472,-0.7871573835448391,0.6,-0.18719810392361216,0.5000035999696413,-0.374308435292972,0.9999762515759935,0.6,-0.14448639250516387
0.4168336673346693,0.24572092454884012,0.0005941023141373101,157.14607785400815,-0.000019657797004476964,-1.1151691565394992,0.5168317550575079,0.598337401479973,1.4136223175948246,-0.7234665913475223,-0.6901557262473309,-1.1294976971267092,0.5119202517577621,0.6175774453669283,-0.3743107671157798,0.9999766257509027,-0.7871573808277532,0.6,-0.18719623804713786,0.5000029951477362,-0.37430694606452175,0.9999761847640795,0.6,-0.14598662374961638
0.42084168336673344,0.2457209518505614,0.0005942730545561097,158.65706425706279,-0.000018819310139212056,-0.019685797319617213,-0.9566309342635493,0.976316731581227,0.10369588546221521,1.1692002161457873,-1.2728961016080054,-0.006623307238539242,-0.9762706939585153,0.9828940011951147,-0.3743092404886913,0.9999764756319847,-0.7871573460880993,0.6,-0.18719435798968795,0.5000024132668249,-0.37430545329802845,0.9999761666219021,0.6,-0.1474868489752324
0.4248496993987976,0.24572097707193216,0.000594434862503068,160.1680506624999,-0.000018004126228570713,1.1128155271651379,-0.6311963827938042,-0.48161914437319964,-1.4012254019063508,0.8632426443861387,0.5379827575202435,1.1287056715984602,-0.6286327871632328,-0.5000728844370944,-0.37430773776448123,0.9999763771676841,-0.7871572801210742,0.6,-0.18719246798613512,0.5000018541787972,-0.37430402419861697,0.999976193743238,0.6,-0.1489870683631769
0.4288577154308617,0.2457210003622563,0.0005945882012053545,161.6790370701644,-0.000017213708546447842,0.15272224154221709,0.881171584829648,-1.03389382637362,-0.2712102998147286,-1.0660006154665995,1.3372109152813325,0.14155939695526562,0.9011178158472035,-1.0426772128042239,-0.37430625807908985,0.9999763277951766,-0.7871571846026206,0.6,-0.18719057207317413,0.5000013180411559,-0.3743025857711605,0.9999762640071707,0.6,-0.15048728200965591
0.43286573146292584,0.2457210218538409,0.0005947335113384141,163.1900234799092,-0.000016449196412855867,-1.0945574719736473,0.7365397715926179,0.3580177003793882,1.368802365257154,-0.9906812944061192,-0.37812107085106317,-1.1117821158475445,0.7363607191565432,0.3754213966893606,-0.37430479837239206,0.9999763252803691,-0.7871570607200234,0.6,-0.18718867409554937,0.5000008046415774,-0.3743011928553285,0.9999763755046215,0.6,-0.151987489961521
0.4368737474949899,0.2457210416697723,0.000594871210186615,164.70100989160133,-0.000015711276995029618,-0.2835758184696609,-0.7931186090158672,1.0766944274839558,0.4348485539912946,0.9475659613419054,-1.3824145153332124,-0.2744721557126638,-0.8130862422162618,1.0875583979273518,-0.37430336717276513,0.9999763672038373,-0.7871569098145111,0.6,-0.18718677771414033,0.5000003139174883,-0.37429982574713505,0.9999765252326478,0.6,-0.15348769240556873
0.44088176352705405,0.24572105992856494,0.0005950016945396171,166.21199630512322,-0.000015000211358036027,1.0606560195880341,-0.8313564135313676,-0.22929960605818683,-1.3168166558451186,1.103961248986696,0.2128554068584492,1.0789689872129402,-0.8335644596338547,-0.24540452758060574,-0.3743019585617428,0.9999764512337525,-0.7871567332894349,0.6,-0.18718488639548564,0.4999998457361585,-0.3742984751924042,0.9999767116057221,0.6,-0.1549878893853998
0.4448897795591182,0.24572107673766003,0.0005951253402145954,167.72298272035917,-0.000014316189481354382,0.41037639514320395,0.6937304806911582,-1.1041068758357944,-0.5922719705206195,-0.8155889032171963,1.4078608737378262,0.40346202091696,0.71343414086994,-1.1168961617883322,-0.3743005777538222,0.9999765751329416,-0.7871565324307843,0.6,-0.1871830034263419,0.4999993998327467,-0.37429717022523556,0.9999769320140883,0.6,-0.1564880810506298
0.4488977955911823,0.24572109219944563,0.0005952425041179006,169.233969137214,-0.00001365889350554024,-1.0115957350309575,0.914291241593961,0.09730449343566536,1.2460112667825647,-1.2014635598812262,-0.044547706901365,-1.0307352999700825,0.9188548275467224,0.11188047242202978,-0.3742992248151398,0.9999767365691379,-0.7871563086238387,0.6,-0.18718113190847108,0.49999897605699,-0.37429588030334393,0.9999771843553554,0.6,-0.15798826751806985
0.45290581162324645,0.2457211064099066,0.0005953535246636862,170.74495555558735,-0.00001302816431970519,-0.5313117684971544,-0.5844276645446582,1.1157394330405401,0.7412306962270281,0.6719556336924462,-1.4131863299194896,-0.5266855013401005,-0.603585751368699,1.130271252707528,-0.37429789866162644,0.9999769333789287,-0.7871560632350332,0.6,-0.18717927476351878,0.49999857408940873,-0.37429462837928734,0.9999774667045301,0.6,-0.15948844888276256
0.4569138276553106,0.2457211194604189,0.0005954587225726512,172.25594197540119,-0.000012423319429656248,0.9480777969349671,-0.984158978788669,0.03608118185246366,-1.1573981291859348,1.281794746893879,-0.12439661770792237,0.9677704268652864,-0.9910128886959347,0.023242461829410616,-0.374296603159264,0.9999771633544451,-0.7871557976793201,0.6,-0.1871774347390751,0.49999819365873477,-0.37429340673531974,0.9999777766998631,0.6,-0.1609886253002564
0.4609218436873747,0.24572113142743757,0.0005955584025992519,173.76692839656653,-0.000011844007607087852,0.644653557762925,0.46677231509780803,-1.1114258728619038,-0.879595848617951,-0.5187189287597768,1.3983147773777453,0.6423815172750791,0.48511102700865516,-1.127492544284905,-0.3742953360263059,0.9999774243557481,-0.7871555130567952,0.6,-0.1871756144068006,0.49999783445440715,-0.3742922112197496,0.9999781125518287,0.6,-0.16248879686624826
0.46492985971943884,0.2457211423942725,0.0005956528528062759,175.27791481901596,-0.000011289393994669411,-0.8710099876957816,1.03996107452579,-0.16895108683109003,1.0522436434221007,-1.3438066892221885,0.29156304580006476,-0.8909742365645855,1.0490073514500602,-0.15803311488655652,-0.3742940995789519,0.9999777143175679,-0.7871552108583894,0.6,-0.1871738161712033,0.4999974960982588,-0.3742910542923805,0.9999784721660355,0.6,-0.16398896372073996
0.468937875751503,0.24572115242903256,0.0005957423472649304,176.7889012426753,-0.000010758890719928525,-0.7487818916146367,-0.34244594699305897,1.091227838606667,1.0053899144675174,0.3580688020305034,-1.3634587164980394,-0.748896548962357,-0.359703189500113,1.1085997384614417,-0.374292894012705,0.999978031168494,-0.7871548922511138,0.6,-0.1871720422702337,0.4999971782512625,-0.374289923146404,0.9999788536238734,0.6,-0.16548912599102036
0.4729458917835671,0.24572116159997262,0.0005958271448981786,178.2998876674797,-0.000010251739371453086,0.7814937899947026,-1.0809000473926995,0.29940625739698995,-0.9320506797244531,1.3866131378424575,-0.45456245811798723,0.8014443304430745,-1.0920094011935226,0.29056507074944077,-0.3742917189203314,0.9999783729424249,-0.787154558511463,0.6,-0.18717029478002234,0.4999968804952072,-0.3742888272547463,0.9999792551503774,0.6,-0.16698928379446318
0.47695390781563124,0.24572116997157617,0.0005959074919548595,179.81087409337218,-9.767071264174818e-6,0.842208593869689,0.2132254365384384,-1.0554340304090843,-1.1168150651008282,-0.19230124827254402,1.3091163133733943,0.8447083072361201,0.22915457068023393,-1.0738628779173107,-0.37429057599432763,0.9999787376908879,-0.7871542109281094,0.6,-0.1871685756202995,0.4999966024236923,-0.3742877635829312,0.9999796748205686,0.6,-0.16848943727426358
0.48096192384769537,0.2457211776003393,0.000595983621266748,181.32186052028936,-9.304247540463358e-6,-0.6808085860971725,1.106390835199746,-0.42558224910345294,0.798537029719288,-1.409602328309338,0.611065298590033,-0.7004602866088486,1.11940449011253,-0.41894420350456,-0.37428946429357657,0.999979123527986,-0.7871538506753092,0.6,-0.18716688655640631,0.49999634360860673,-0.37428673007096386,0.9999801109941509,0.6,-0.16998958654818408
0.4849699398797595,0.2457211845467329,0.0005960557537069964,182.8328469481863,-8.862257789792779e-6,-0.923598470684657,-0.08095760385995324,1.004556074543782,1.212278893952825,0.0237853966166967,-1.236064290569547,-0.9284475181748019,-0.09533097365700063,1.0237784918309745,-0.37428838475986403,0.9999795286363407,-0.7871534790705219,0.6,-0.18716522920583104,0.4999961035867918,-0.3742857320731393,0.9999805619409428,0.6,-0.1714897317520306
0.4889779559118236,0.24572119085282176,0.0005961240994104884,184.34383337699637,-8.440710431922433e-6,0.5703933821930387,-1.1160691737199187,0.5456757915260645,-0.6536108650240999,1.4124457415715461,-0.7588348765474338,0.5894653862395148,-1.130801140160496,0.541335753920165,-0.3742873374530927,0.9999799512304054,-0.7871530970823503,0.6,-0.1871636050413678,0.49999588190807337,-0.3742847638684563,0.9999810260001547,0.6,-0.17298987301631877
0.4929859719438877,0.24572119656940591,0.0005961888558039265,185.85481980670218,-8.038059384169145e-6,0.9917883045948737,-0.05246720359894986,-0.9393211009967071,-1.2904169853943877,0.14507035629550347,1.145346629098911,0.9989173768158189,-0.03985501983502818,-0.9590623569815744,-0.3742863220825628,0.99998038960553,-0.7871527058378788,0.6,-0.18716201539588742,0.4999956780843794,-0.3742838294323257,0.9999815016388631,0.6,-0.17449001046606066
0.49699398797595185,0.2457212017470223,0.0005962502120645193,187.36580623723592,-7.654105910281515e-6,-0.4518262080089262,1.1097967188269313,-0.6579705108187218,0.4993434168863668,-1.3951026905537676,0.8957592736673898,-0.4700459381229928,1.126036450799115,-0.6559905126768387,-0.3742853393077846,0.9999808421003646,-0.7871523066847697,0.6,-0.18716046146758317,0.49999549162990425,-0.3742829274240751,0.9999819873327225,0.6,-0.17599014423750892
0.501002004008016,0.24572120642042747,0.000596308345378583,188.87679266856932,-7.28773364576349e-6,-1.0458035581758798,0.1851420940565076,0.8606614641187047,1.3501126587601116,-0.31185276964784614,-1.038259889112293,-1.0551107715839645,0.17447134839828812,0.8806394231850085,-0.37428438855809065,0.9999813071138286,-0.7871519004609935,0.6,-0.18715894432356922,0.49999532204869795,-0.3742820564618689,0.9999824816374263,0.6,-0.17749027445453536
0.5050100200400801,0.24572121063384983,0.000596363425697651,190.3877791006484,-6.938549536452288e-6,0.32680163616662866,-1.0876631879116219,0.7608615517443299,-0.3379394718893191,1.3578211219814345,-1.0198816500921093,0.3439087036944398,-1.105178597520563,0.7612698938254602,-0.37428347009195045,0.9999817831110479,-0.7871514883967884,0.6,-0.1871574649055451,0.4999951688271736,-0.3742812189202295,0.9999829831675288,0.6,-0.1789904012483106
0.5090180360721442,0.24572121441899433,0.0005964156125557061,191.89876553343603,-6.605808444968881e-6,1.0848722789273073,-0.31517090555647853,-0.7697013733714743,-1.390512768320527,0.4741782225400199,0.916334545780536,1.0962246175537715,-0.30659409952778865,-0.7896305180266288,-0.3742825837560435,0.9999822686036735,-0.787151071346273,0.6,-0.18715602403389492,0.4999950314580573,-0.37428041192871814,0.9999834905627102,0.6,-0.18049052474677732
0.5130260521042084,0.24572121781011547,0.0005964650582587054,193.4097519669044,-6.288609248861922e-6,-0.19710647382294985,1.0499848344809473,-0.8528783606585872,0.17170575921306852,-1.3011337470068236,1.12942798779375,-0.2128563876558594,1.068525588670889,-0.855669201015619,-0.3742817292151632,0.9999827621732861,-0.787150650286372,0.6,-0.18715462241249406,0.49999490941741515,-0.3742796370203573,0.9999840025667579,0.6,-0.18199064507441562
0.5170340681362725,0.24572122083167855,0.0005965119061867743,194.92073840100383,-5.986665621266543e-6,-1.1084360579633965,0.4406952694106971,0.6677407885521587,1.4110398313143584,-0.629726750039832,-0.7813130812745545,-1.1216712693078712,0.43433497936321086,0.6873362899441199,-0.3742809065281539,0.9999832624527457,-0.7871502259653649,0.6,-0.18715326063368123,0.49999480218356945,-0.37427889325734176,0.9999845179016721,0.6,-0.18349076235951198
0.5210420841683366,0.2457212235279545,0.0005965562929801115,196.43172483574082,-5.698355338040258e-6,0.06459434046126691,-0.997300270343468,0.9327059298816621,-0.003018089581964447,1.225850833284039,-1.2228327437020865,0.07876200278986653,-1.0166013821378599,0.9378393793474545,-0.3742801152213604,0.999983768135059,-0.7871497997773201,0.6,-0.18715193918249262,0.4999947092315753,-0.3742781798362934,0.9999850355223902,0.6,-0.18499087672409703
0.5250501002004008,0.2457212259121934,0.0005965983475223694,197.94271127105165,-5.423878549906433e-6,1.1161582161840415,-0.5599212353350959,-0.5562369808494797,-1.4114005961077398,0.7762753311261933,0.6351252649815752,1.1310871544730008,-0.5558683675120865,-0.5752187869614485,-0.37427935511652255,0.9999842779735866,-0.7871493720593434,0.6,-0.18715065844170134,0.4999946300312066,-0.37427749743404715,0.9999855542170427,0.6,-0.18649098829167896
0.5290581162324649,0.2457212280114513,0.0005966381921058788,199.45369770691525,-5.1624212317779535e-6,0.06884093320245974,0.9303623554966314,-0.9992032886995795,-0.1657127040725691,-1.1330482061492964,1.2987609102218696,0.05645800444053486,0.9501479788364803,-1.0066059832775027,-0.374278625897345,0.9999847907740522,-0.7871489437466059,0.6,-0.18714941869621968,0.4999945640572845,-0.374276844558625,0.9999860729575132,0.6,-0.18799109718368429
0.533066132264529,0.24572122985065456,0.0005966759431904232,200.9646841433053,-4.91337410957179e-6,-1.1079283261378807,0.6711448186451963,0.4367835074922448,1.3915898055258338,-0.9117294729721359,-0.4798603325537259,-1.1243376200121924,0.6694572905858597,0.4548803294258944,-0.37427792711582275,0.9999853054037003,-0.7871485156420192,0.6,-0.18714822013767868,0.49999451078087553,-0.3742762214608484,0.9999865907633522,0.6,-0.1894912035184319
0.5370741482965932,0.24572123145260763,0.0005967117119875131,202.4756705802019,-4.67602256615368e-6,-0.20129231976216536,-0.8501279090548021,1.0514202288165337,0.3320751360339943,1.0240523188896935,-1.3561274549236941,-0.1908710818828765,-0.8701152343163353,1.060986316198778,-0.37427725849866766,0.999985820783369,-0.7871480886203007,0.6,-0.18714706286909472,0.499994469676835,-0.3742756275958841,0.9999871067084786,0.6,-0.19099130741466902
0.5410821643286573,0.2457212328417965,0.0005967455978770661,203.98665701758625,-4.449665839651297e-6,1.08386411642876,-0.772776486435558,-0.3110876299936403,-1.3518907101370659,1.03415333718046,0.31773737295663224,1.1015192441976913,-0.7734784159091458,-0.328040828288984,-0.3742766194694444,0.9999863358863693,-0.7871476634398178,0.6,-0.18714594690907002,0.49999444022465545,-0.37427506159659857,0.9999876199287477,0.6,-0.19249140898648073
0.5450901803607214,0.24572123402971977,0.0005967777040620208,205.49764345538844,-4.2349633755776205e-6,0.33086680673269697,0.75774347976929,-1.0886102865023883,-0.49369159812780794,-0.9004208353119578,1.3941124334397754,0.3225562308044161,0.7776469277266558,-1.100203158531473,-0.3742760097378286,0.9999868497492508,-0.7871472405325193,0.6,-0.18714487219648215,0.49999442190093313,-0.37427452476314427,0.9999881295325339,0.6,-0.19399150834875165
0.5490981963927856,0.24572123502848237,0.0005968081230811251,207.0086298936393,-4.030084254787e-6,-1.0443093837676887,0.8633636569214339,0.18094572684589838,1.2928705661007391,-1.1417972299267198,-0.15107333617404572,-1.0629580428705712,0.8664450232768823,0.19651301959333406,-0.3742754287510181,0.9999873614502791,-0.7871468203729313,0.6,-0.1871438385946033,0.4999944141969236,-0.3742740143202293,0.999988634711299,0.6,-0.1954916056125944
0.5531062124248497,0.24572123586541203,0.0005968369428165245,208.51961633229115,-3.835210293383529e-6,-0.45571256166284996,-0.6545294983115575,1.1102420599740588,0.648252284111084,0.7639206688691735,-1.4121729529802713,-0.4496314014707898,-0.6740645740374164,1.1236959755078577,-0.3742748758959934,0.9999878701305627,-0.787146403957788,0.6,-0.18714284589534141,0.4999944165989324,-0.3742735315382441,0.9999891348179892,0.6,-0.1969917008855715
0.5571142284569138,0.24572123654947461,0.0005968642477179495,210.03060277133585,-3.649588607059262e-6,0.9898295718596405,-0.9416117655827746,-0.04821780627696874,-1.215372959807278,1.2331227559189963,-0.017749796111569252,1.0092052128234505,-0.9470285071948037,-0.062176705628782206,-0.3742743508702262,0.9999883749752863,-0.787145991668917,0.6,-0.18714189382361315,0.4999944286063742,-0.3742730749462948,0.9999896291117244,0.6,-0.1984917942769861
0.561122244488978,0.24572123709696173,0.0005968901173874213,211.54158921075623,-3.4727378179625065e-6,0.5740453249205059,0.5419611138005205,-1.1160064387211397,-0.7935482506419885,-0.6165027188454695,1.4100509694874692,0.5702804926832172,0.5608486254311202,-1.1311291181144525,-0.3742738529027614,0.999988875223124,-0.7871455841187901,0.6,-0.1871409820410535,0.4999944497233788,-0.37427264384372416,0.9999901169923051,0.6,-0.1999918858891111
0.565130260521042,0.24572123752301137,0.0005969146267606177,213.05257565053682,-3.3041689823516173e-6,-0.9212032571188281,1.0064024702821597,-0.08519921316341196,1.1205054708525157,-1.306824705542838,0.18631923469029701,-0.941028980369706,1.0140771897202323,-0.07304820935060546,-0.37427338157170575,0.9999893701627854,-0.7871451818483307,0.6,-0.18714011015038662,0.49999447945944936,-0.3742722383684579,0.9999905978640323,0.6,-0.2014919758252447
0.5691382765531061,0.24572123783027397,0.0005969378478845187,214.5635620906387,-3.144031884204547e-6,-0.6841738881310651,-0.4216471053903275,1.1058209935213186,0.9275029619505593,0.4602738166495761,-1.3877767786001658,-0.6827791945787502,-0.43961711791970126,1.1223963124983762,-0.37427293625003505,0.9999898591275864,-0.7871447850292635,0.6,-0.18713927769904942,0.499994517336303,-0.3742718569927552,0.9999910711298603,0.6,-0.20299206418476026
0.5731462925851702,0.2457212380359742,0.0005969598478940229,216.07454853106594,-2.991430847951741e-6,0.8394112123560138,-1.0568097707192488,0.2173985583631336,-1.0096238786892497,1.3618496985840598,-0.35222581989478824,0.8594036726818062,-1.0666327808890226,0.20722910820711507,-0.37427251629283753,0.9999903415010863,-0.7871443942923094,0.6,-0.18713848418306966,0.49999456288021243,-0.37427149976645,0.9999915363299784,0.6,-0.20449215106404703
0.5771543086172344,0.24572123814760152,0.0005969806914069666,217.58553497179656,-2.8461632569782444e-6,0.7845242988281074,0.29530697962482905,-1.0798312784530304,-1.048201920768565,-0.29746675558218283,1.3456686763507564,0.7855196739246796,0.3121026664388815,-1.097622340363655,-0.37427212118133846,0.9999908167099026,-0.7871440099568422,0.6,-0.1871377290508302,0.4999946156290487,-0.37427116576724595,0.9999919929806317,0.6,-0.20599223655860957
0.5811623246492985,0.24572123817493177,0.0005970004386782851,219.09652141281185,-2.7079780223404347e-6,-0.7456224288398098,1.0921132802267095,-0.3464908513869585,0.8843129111012814,-1.3974113456558293,0.5130984345545333,-0.7654958929062545,1.103944187737207,-0.33844829483101013,-0.3742717501980533,0.999991284225334,-0.7871436324210571,0.6,-0.18713701170650146,0.49999467512982865,-0.3742708542041081,0.9999924406772925,0.6,-0.20749232075941643
0.5851703406813626,0.24572123812737592,0.0005970191478034183,220.60750785410448,-2.5763772245473586e-6,-0.8736623802861345,-0.1647463872065717,1.038408767492656,1.1539201331660254,0.13040836232389263,-1.2843284954899403,-0.8770335970778276,-0.18012770658751062,1.0571613036652874,-0.374271402770668,0.9999917435627836,-0.7871432620133917,0.6,-0.1871363315136923,0.4999947409381684,-0.3742705648413001,0.9999928790334924,0.6,-0.2089924037562665
0.5891783567134268,0.24572123801163567,0.000597036872842103,222.118494295655,-2.4511928296434753e-6,0.641177332826756,-1.1118084626465123,0.4706311298196772,-0.7463635042587037,1.4130014233430446,-0.6666379190843269,0.6606477711563629,-1.1254781800101061,0.4648304088536639,-0.37427107824149075,0.9999921942767842,-0.7871428990354129,0.6,-0.18713568779872108,0.49999481262232787,-0.37427029651506194,0.9999933077078331,0.6,-0.21049248563573836
0.5931863727454909,0.24572123783545852,0.0005970536658032981,223.62948073745818,-2.3319390021483306e-6,0.9503142108130094,0.03183128272575905,-0.9821454935388506,-1.2431467196005588,0.0385137926346269,1.2046329269659575,0.9560130813029327,0.045578407451168514,-1.0015914887541832,-0.37427077593953023,0.9999926359645616,-0.7871425437336291,0.6,-0.18713507985392086,0.499994889758977,-0.3742700489533483,0.9999937263922962,0.6,-0.21199256648150547
0.597194388777555,0.24572123760655692,0.0005970695756127533,225.14046717949267,-2.2185557615588933e-6,-0.5275686419079205,1.1156138499627133,-0.5880452080548417,0.5977472107507483,-1.4083971379262894,0.8106499271755278,-0.5463577867151604,1.1309270125759088,-0.5845692258607953,-0.37427049525473044,0.9999930682604571,-0.7871421964448453,0.6,-0.18713450694084613,0.4999949719371592,-0.3742698213245985,0.9999941348297263,0.6,-0.21349264637536
0.6012024048096192,0.24572123733003223,0.0005970846483840838,226.65145362175875,-2.1104781557624305e-6,-1.0133842874829635,0.10153873817231367,0.9118455493106142,1.3146064814454226,-0.20688551153736282,-1.1077209699080868,-1.0213293742781644,0.08962227981318963,0.9317070944649393,-0.37427023548560834,0.999993490836713,-0.7871418573030499,0.6,-0.1871339682932509,0.4999950587568578,-0.3742696128907213,0.9999945327722471,0.6,-0.21499272539552225
0.6052104208416833,0.2457212370120315,0.000597098928731644,228.16244006423355,-2.007739496150594e-6,0.40642002690052226,-1.1034750494280734,0.6970550225274916,-0.440588019127909,1.3836642839715412,-0.9430762648436251,0.42425934871638926,-1.1202128076286455,0.695953458912196,-0.374269996001383,0.9999939034026072,-0.7871415265500519,0.6,-0.18713346312012266,0.49999514982867105,-0.37426942324322743,0.9999949200234994,0.6,-0.21649280361823378
0.6092184368737474,0.2457212366610452,0.0005971124576456102,229.67342650691756,-1.9098152761692552e-6,1.0619712224649378,-0.23345757437270814,-0.8285136480923005,-1.367278106170603,0.37230045729921213,0.9949776488714168,1.0720489768849009,-0.2235420900668829,-0.8485068868180877,-0.37426977613100104,0.9999943057005317,-0.7871412044500247,0.6,-0.18713299060846392,0.49999524477612356,-0.374269251436657,0.9999952964303459,0.6,-0.21799288111676676
0.6132264529058116,0.24572123627583997,0.0005971252751707493,231.1844129497906,-1.8167298141960257e-6,-0.27946292683948243,1.0755655546883292,-0.7961026278488871,0.27713202479691146,-1.3391563490910738,1.062024324294159,-0.29609747068463615,1.0934886993644237,-0.7973912286798276,-0.3742695752059382,0.9999946975078231,-0.7871408909512922,0.6,-0.1871325499260484,0.4999953432332605,-0.3742690970163196,0.9999956618151402,0.6,-0.21949295796168727
0.6172344689378757,0.2457212358636553,0.0005971374181828704,232.6953993928462,-1.7281761624063846e-6,-1.095380601724279,0.362039858364808,0.7333407433594499,1.4004087963624667,-0.5323945367125452,-0.8680142596499519,-1.1074469909850053,0.3542670578371162,0.7531799331478685,-0.374269392582165,0.999995078632722,-0.7871405862865402,0.6,-0.18713214022405344,0.4999954448468243,-0.3742689591940923,0.9999960160841899,0.6,-0.22099303422120892
0.6212424849699398,0.2457212354273857,0.0005971489226641594,234.20638583607797,-1.6438795919944222e-6,0.14851178324394076,-1.0322842078113281,0.8837724245673447,-0.10971530097709215,1.2755093686569439,-1.1657940676798495,0.1637038095396098,-1.0511365799273757,0.8874327703877228,-0.3742692275841579,0.9999954489150887,-0.7871402905003945,0.6,-0.18713176063954914,0.499995549274985,-0.37426883738977285,0.9999963591436105,0.6,-0.22249310996057353
0.625250501002004,0.24572123497018183,0.0005971598216418776,235.7173722794715,-1.5637745398495127e-6,1.1131349493390048,-0.48544790759134987,-0.6276870417477165,-1.4135250523542757,0.6848797037192695,0.7286453486350347,1.1270175195585597,-0.47992887766034864,-0.6470886418982728,-0.3742690795701379,0.9999958082234696,-0.7871400036635571,0.6,-0.18713141029794073,0.49999565618816105,-0.37426873092161717,0.999996690931202,0.6,-0.22399318524271292
0.6292585170340681,0.2457212344966048,0.0005971701472973744,237.22835872302693,-1.487464556622511e-6,-0.015438144064416938,0.9742496066484901,-0.9588114625841111,-0.05926944603434735,-1.19363301192234,1.2529024579566874,-0.028970529251786357,0.9937617632111773,-0.9647912339594283,-0.3742689478830812,0.9999961564550027,-0.7871397258519456,0.6,-0.18713108831524417,0.49999576526869605,-0.37426863915536124,0.999997011416669,0.6,-0.22549326012782123
0.6332665330661322,0.24572123400806542,0.00059717992974238,238.73934516672952,-1.4149363978402334e-6,-1.1149805434021562,0.6019179991169598,0.5130625442851822,1.4064394465755383,-0.827576676725158,-0.5788627698504081,-1.1304808870943095,0.5987316171450877,0.5317492699492079,-0.37426883187852233,0.9999964935334302,-0.7871394571082714,0.6,-0.187130793800304,0.49999587621087854,-0.37426856148860366,0.999997320589778,0.6,-0.2269933346735897
0.6372745490981964,0.2457212335073501,0.0005971891972426729,240.25033161058127,-1.3457768542143722e-6,-0.11785612433890384,-0.9022912119303447,1.0201473362692164,0.22740711846619938,1.0946974913234988,-1.3221046097897022,-0.10617678255803678,-0.9221842966096112,1.0283610791676159,-0.3742687309195451,0.9999968194077753,-0.787139197389762,0.6,-0.18713052585687848,0.49999598872120526,-0.37426849724173156,0.9999976184498018,0.6,-0.22849340893522996
0.6412825651302605,0.24572123300100623,0.0005971979773716321,241.76131805456654,-1.2800363200332228e-6,1.1008910227237552,-0.7097855719292884,-0.39110545079452236,-1.379253263155829,0.9584460701524824,0.4208071930033752,1.1177876134968596,-0.7089773783655828,-0.4088102351313314,-0.3742686443700129,0.9999971340519137,-0.7871389468662768,0.6,-0.18713028358563608,0.4999961025177677,-0.3742684458873183,0.9999979050614674,0.6,-0.2299934829654065
0.6452905811623246,0.24572123248754976,0.0005972062951860472,243.2723044986861,-1.2173613228911492e-6,0.24946600563223156,0.8174374087364124,-1.066903414368679,-0.3922947252491722,-0.9801167264092616,1.372411451658441,0.23980662604551178,0.8374271106219696,-1.0772337366675167,-0.3742685716071335,0.9999974374618958,-0.7871387053759838,0.6,-0.18713006608604843,0.49999621733093297,-0.3742684067425572,0.9999981804489912,0.6,-0.23149355681439143
0.6492985971943888,0.24572123197036197,0.0005972141755228209,244.78329094292457,-1.157830493166764e-6,-1.0710677445158,0.8075089997221224,0.2635587447936692,1.3323550315482238,-1.075617517665405,-0.256737513882855,-1.0891191005484882,0.8090905455068664,0.28002855504161744,-0.3742685120144076,0.9999977296562254,-0.7871384729503541,0.6,-0.1871298724581835,0.4999963329025493,-0.37426837926361417,0.9999984446954324,0.6,-0.23299363053004227
0.6533066132264529,0.245721231452134,0.0005972216408450846,246.29427738728052,-1.1011787114674107e-6,-0.37751055563767755,-0.7209009237902835,1.0984114794279416,0.551575722549291,0.8515283076531386,-1.4031040302024413,-0.3700091870766464,-0.7407015546908733,1.1107107417675017,-0.3742684649826071,0.9999980106733687,-0.7871382495670877,0.6,-0.18712970180440117,0.49999644898642,-0.3742683628022034,0.9999986978939048,0.6,-0.23449370415782633
0.657314629258517,0.24572123093539572,0.000597228713566882,247.80526383174825,-1.047269449005223e-6,1.0259369467758457,-0.8936916441902405,-0.13224530258565012,-1.2664150215446563,1.1774164324996965,0.08899858904498206,1.0448850812539265,-0.897640324455605,-0.14724475679836665,-0.37426842991539067,0.9999982805719284,-0.7871380351993564,0.6,-0.18712955323095623,0.4999965653475277,-0.3742683568776234,0.9999989401560098,0.6,-0.23599377774092806
0.6613226452905812,0.2457212304185863,0.0005972354138165715,249.3162502763159,-9.961277477190736e-7,0.5001597835529383,0.6140614404355839,-1.1142212239885572,-0.7029736934308662,-0.7107699956502177,1.4137436890810944,0.4949236346020548,0.6333900148777502,-1.1283136494798405,-0.3742684062250778,0.9999985394278488,-0.7871378296661433,0.6,-0.1871294258495068,0.49999668176275497,-0.3742683608203695,0.9999991715817923,0.6,-0.23749385132024387
0.6653306613226453,0.24572122990560766,0.0005972417614844776,250.8272367209868,-9.474125724144115e-7,-0.9661435821030447,0.9671017515011754,-0.0009581693981347596,1.1823755823085524,-1.2623878719563673,0.08001228964779106,-0.98571769108856,0.9733611343412144,0.012356556747342241,-0.3742683933322833,0.9999987873350249,-0.7871376329524139,0.6,-0.18712931877852626,0.49999679801977187,-0.374268374164563,0.9999993923200208,0.6,-0.2389939249344127
0.6693386773547093,0.2457212293911215,0.0005972477751646541,252.33822316575188,-9.011125083500922e-7,-0.6156607879914959,-0.49844587329467777,1.1141066612861619,0.8443248570854578,0.5598534567936055,-1.404178313879078,-0.6127646935204688,-0.5170261481080438,1.1297908416285007,-0.3742683906757118,0.9999990244029072,-0.7871374447790281,0.6,-0.18712923114464217,0.49999691391760465,-0.37426839634710013,0.9999996024842946,0.6,-0.24049399861997076
0.6733466933867734,0.24572122888046077,0.0005972534721082522,253.8492096106134,-8.569355613568783e-7,0.8925422545116509,-1.0266901938545365,0.1341479393428433,-1.081437823409209,1.3293174617495227,-0.24787963834028942,0.9124625860962978,-1.035170819646201,0.1227082335498608,-0.3742683976958149,0.9999992507558696,-0.7871372651391316,0.6,-0.18712916208386143,0.499997029266181,-0.37426842681437994,0.99999980225481,0.6,-0.24199407241122162
0.6773547094188376,0.24572122837879956,0.0005972588693676317,255.36019605556044,-8.14933981216857e-7,0.7223628576666613,0.3757066042135586,-1.0980694618802256,-0.9736090612718781,-0.4009355896389124,1.3745446509107884,0.7218482085578088,0.39327303178196404,-1.1151212403398179,-0.3742684138546425,0.999999466532651,-0.7871370940718772,0.6,-0.18712911074274344,0.49999714388588357,-0.3742684651297709,0.9999999918330917,0.6,-0.24349414634048894
0.6813627254509017,0.245721227881463,0.0005972639822415205,256.87118250059467,-7.74855256980924e-7,-0.8061848636445424,1.0716053455524217,-0.2654204819078986,0.9650443442627774,-1.3772486744110042,0.4122043301482051,-0.8261667183350115,1.082186009303752,-0.25601929096875936,-0.3742684386191861,0.9999996718841869,-0.7871369312508272,0.6,-0.18712907627946027,0.49999725760798375,-0.3742685107070625,1.0000001713642026,0.6,-0.24499422043799937
0.6853707414829658,0.2457212273916529,0.0005972688261506272,258.3821689457044,-7.36794837578813e-7,-0.8187410358841671,-0.24759780629347733,1.066338842177627,1.0889786150188,0.23628762750329046,-1.325266242522111,-0.8206151868590847,-0.2638993309464109,1.0845145178054778,-0.37426847147374387,0.9999998669740251,-0.7871367766367149,0.6,-0.18712905786480064,0.49999737027362806,-0.3742685631393942,1.0000003410584597,0.6,-0.24649429473204892
0.68937875751503,0.24572122690916684,0.000597273414742007,259.8931553908866,-7.006333605526207e-7,0.7083056181044002,-1.1012052956958944,0.3928996775914455,-0.8348586277034781,1.4054964986840364,-0.5706378709805419,0.7280634200543985,-1.1137347805348856,0.38567136048043765,-0.3742685119141558,1.0000000519759609,-0.7871366300473575,0.6,-0.18712905468308128,0.4999974817344248,-0.3742686218649471,1.0000005011090716,0.6,-0.2479943692490078
0.6933867735470941,0.24572122643505134,0.0005972777619428868,261.40414183613893,-6.662532717628945e-7,0.9034179115884722,0.1159503852192946,-1.0193682968078186,-1.1887846873421173,-0.06826268597409177,1.2570473733162344,0.9076540734081472,0.13075402947448594,-1.0384081028826861,-0.37426855944726894,1.0000002270746327,-0.7871364913471297,0.6,-0.18712906593298795,0.4999975918513456,-0.3742686865217637,1.000000651727859,0.6,-0.24949444401335544
0.6973947895791582,0.24572122597022444,0.000597281880083205,262.91512828145346,-6.33678932141973e-7,-0.6003033856492983,1.1150670017915667,-0.5147636161422885,0.6927412543132118,-1.4136572072183375,0.7209159529051121,-0.6195547607910363,1.1293662381836078,-0.509811477392591,-0.3742686135990192,1.000000392462944,-0.7871363604194445,0.6,-0.18712909082835022,0.4999977004954167,-0.37426875656534603,1.0000007931373658,0.6,-0.2509945190478246
0.7014028056112224,0.2457212255206898,0.0005972857814202407,264.42611472683416,-6.026455071786492e-7,-0.9751832948877787,0.017354180138492666,0.9578291147492741,1.2716008736161448,-0.10073785378631002,-1.1708630198298609,-0.9817209363342795,0.004259986268965017,0.9774609500653033,-0.3742686739003433,1.0000005483428605,-0.7871362372694242,0.6,-0.1871291285988277,0.4999978075465783,-0.37426883163463615,1.0000009255916544,0.6,-0.2524945943733079
0.7054108216432865,0.24572122507272962,0.000597289477532791,265.93710117227494,-5.7315183370434e-7,0.4837217188586566,-1.1129923598725644,0.6292706410138693,-0.5407233460393033,1.401614177802404,-0.8608908317630911,0.5021915320190304,-1.1288569898457013,0.6266654578266324,-0.37426873990577697,1.0000006949235118,-0.7871361212393355,0.6,-0.18712917849055596,0.49999791289398254,-0.37426891132699824,1.0000010492251545,0.6,-0.25399467000910025
0.7094188376753506,0.24572122463618734,0.0005972929788514269,267.44808761777915,-5.449631742989154e-7,1.033011477575258,-0.15041072208689032,-0.8826007554884147,-1.336243485683771,0.26829866155003884,1.067944824133761,1.0417571542905415,-0.1392131202674493,-0.9025440340231402,-0.374268811174035,1.000000832420389,-0.787136012489942,0.6,-0.18712923976669427,0.4999980164357715,-0.3742689951818771,1.0000011643328885,0.6,-0.255494745972761
0.7134268537074148,0.2457212242112673,0.0005972962959463682,268.959074063338,-5.181573644752291e-7,-0.36022676544880333,1.0950109769094765,-0.7347842114606936,0.3809774903127407,-1.3695394640091723,0.9885619736964235,-0.37765104589921883,1.1122142627748304,-0.7345632168756318,-0.37426888728464397,1.0000009610553793,-0.7871359108277312,0.6,-0.1871293117079417,0.4999981180783422,-0.37426908287713306,1.0000012711475397,0.6,-0.25699482228033194
0.7174348697394789,0.2457212237949396,0.0005972994381144765,270.4700605089535,-4.925547641734502e-7,-1.0760760273439944,0.2813176115667599,0.7947584157772274,1.3817887347134108,-0.43202498539673534,-0.9497637493167027,-1.0869047492882036,0.27217663717198903,0.8147281121162087,-0.37426896782691893,1.0000010810549318,-0.78713581596425,0.6,-0.18712939361296838,0.499998217736708,-0.3742691739706344,1.000001369887937,0.6,-0.25849489894628774
0.721442885771543,0.24572122338880423,0.0005973024149699771,271.9810469546185,-4.682032398619354e-7,0.23158351254000212,-1.0613798673154817,0.8297963547754482,-0.21578676948080944,1.3178915106781361,-1.1021047411973226,0.2477132348362201,-1.0796759411237762,0.8319627062875246,-0.3742690524059081,1.000001192650493,-0.7871357277628085,0.6,-0.1871294847988031,0.4999983153335811,-0.37426926816816203,1.000001460804962,0.6,-0.25999497598364446
0.7254509018036072,0.2457212229919185,0.0005973052347728674,273.4920334003256,-4.4516621726241176e-7,1.103761471540075,-0.4082039506374993,-0.6955575209026232,-1.4075856924437449,0.5895768782912345,0.8180088141525396,1.1165184770345222,-0.40125024470189025,-0.7152682323326793,-0.37426914064078826,1.0000012960766014,-0.7871356460064475,0.6,-0.18712958460115903,0.4999984107997896,-0.37426936504162,1.0000015441365098,0.6,-0.26149505340400603
0.7294589178356713,0.2457212226059087,0.0005973079062092435,275.0030198460768,-4.232776502213386e-7,-0.09963051339471327,1.0125797003839703,-0.9129491869892781,0.04751206749148211,-1.2474084908775944,1.1998964233861111,-0.11423515454466956,1.0317070776047488,-0.9174719230601011,-0.3742692321618079,1.0000013915716357,-0.7871355705448035,0.6,-0.18712969237470437,0.49999850407323676,-0.3742694643455117,1.0000016201356405,0.6,-0.26299513121758245
0.7334669338677354,0.24572122222920778,0.0005973104367961393,276.5140062918675,-4.0254321501595113e-7,-1.1156721508285283,0.5292563085731101,0.5864158422554204,1.4132656877503103,-0.738702642189828,-0.6745630455605104,-1.1301751177648969,0.5245892507651337,0.6055858669997657,-0.3742693266185942,1.0000014793756076,-0.7871355011643937,0.6,-0.18712980749329175,0.49999859509948735,-0.3742695656656197,1.0000016890437329,0.6,-0.26449520943333393
0.7374749498997996,0.2457212218626292,0.0005973128340105913,278.024992737697,-3.828708474783511e-7,-0.033746387095126174,-0.9493079345595897,0.983054321654697,0.12144166711375909,1.1590977426500115,-1.2805394097637737,-0.020875552013872242,-0.9689932545105551,0.9898688065244083,-0.37426942366641436,1.0000015597310414,-0.7871354376843119,0.6,-0.18712992935011963,0.4999986838307149,-0.374269668739432,1.0000017511101025,0.6,-0.265995288058884
0.7414829659318637,0.2457212215081432,0.0005973151052571437,279.53597918356735,-3.6412221520531644e-7,1.111637836241213,-0.642744627500366,-0.4688932087408818,-1.3987475344467948,0.8772709954127305,0.5214765390341003,1.1276794898536093,-0.6404309172728037,-0.48724857258084275,-0.3742695229832866,1.0000016328818249,-0.7871353799449018,0.6,-0.1871300573578747,0.4999987702257266,-0.3742697733370525,1.0000018065873193,0.6,-0.2674953671007477
0.7454909819639278,0.24572122116448653,0.0005973172566527979,281.046965629479,-3.4617861681638004e-7,0.1666409911763592,0.872468808081429,-1.0391097992578033,-0.2886597768382464,-1.0542213584027653,1.342881135241018,0.15568790981164418,0.892430726341469,-1.048118636153129,-0.374269624251898,1.000001699071923,-0.787135327756929,0.6,-0.1871301909487983,0.49999885425012214,-0.3742698790828497,1.000001855722298,0.6,-0.2689954465642052
0.749498997995992,0.24572122083164616,0.0005973192948893903,282.5579520754265,-3.290892721119981e-7,-1.0917161834324602,0.747046951405758,0.3446692320267092,1.3642387252825088,-1.0033015448293328,-0.3609371804532101,-1.109067261022576,0.747119657012097,0.3619476040104861,-0.37426972717476725,1.0000017585462857,-0.7871352808994669,0.6,-0.18713032957474052,0.4999989358752347,-0.3742699857836365,1.0000018987548285,0.6,-0.2704955264535039
0.7535070140280561,0.24572122050976486,0.0005973212255245954,284.06893852141,-3.1276582628503586e-7,-0.29715398984476066,-0.7831605005775053,1.0803144904222577,0.4517524117011349,0.934278218678367,-1.386030630379512,-0.2882752039125697,-0.8031137282944688,1.0913889322070303,-0.37426983146375736,1.0000018115490676,-0.7871352392002042,0.6,-0.18713047270715225,0.4999990150785986,-0.37427009312603615,1.000001935932401,0.6,-0.2719956067718118
0.7575150300601202,0.24572122019649495,0.0005973230545965862,285.57992496742764,-2.97172139776054e-7,1.0561918804303636,-0.8406725889600477,-0.2155192914703528,-1.3102324177277445,1.1149930602782583,0.19523935744951093,1.0746044038727558,-0.8431306729302936,-0.23147373094250065,-0.3742699368453014,1.0000018583242607,-0.7871352023631818,0.6,-0.1871306198370526,0.4999990918430663,-0.3742702009320772,1.0000019674774303,0.6,-0.2734956875213161
0.7615230460921844,0.24572121989182252,0.0005973247870783542,287.09091141346795,-2.8251883818623373e-7,0.4234201036474402,0.6826593725314303,-1.1060794761788948,-0.6083886678037814,-0.8009825061810358,1.4093711739848314,0.4167425086235942,0.7023187403755304,-1.1190612489991485,-0.3742700430593686,1.000001899114104,-0.7871351702365674,0.6,-0.18713077047495594,0.49999916615720197,-0.3742703088908315,1.0000019936366833,0.6,-0.2749957687032705
0.7655310621242485,0.24572121959781473,0.0005973264283857413,288.60189785953656,-2.685903056234579e-7,-1.0055726296265015,0.9222834460123868,0.08328918361411819,1.2375004592161833,-1.210749254727995,-0.02675120448820424,-1.0247834524096622,0.9270917813094415,0.09769167110022975,-0.3742701498550591,1.0000019341600477,-0.7871351426710964,0.6,-0.18713092415076182,0.4999992380142691,-0.3742704168684427,1.0000020146554194,0.6,-0.2764958503179962
0.7695390781563125,0.24572121931001206,0.000597327983097448,290.11288430563025,-2.554002193285644e-7,-0.5436347617993017,-0.5724017914868765,1.1160365532861793,0.756329929443072,0.6562392867294127,-1.4125692161725014,-0.539253791776131,-0.591486330031182,1.130740121807312,-0.37427025700034355,1.0000019637008795,-0.7871351193571914,0.6,-0.1871310804136264,0.49999930741278814,-0.3742705245765224,1.000002030744468,0.6,-0.2779959323650342
0.7735470941883766,0.24572121903126024,0.0005973294557840023,291.6238707517485,-2.4289053346582836e-7,0.9405819266210507,-0.9907132004440729,0.05013127382299036,-1.1470823696529928,1.2892016363746293,-0.1421192667216124,0.9603164850327807,-0.9978030595732608,0.037486574540448875,-0.3742703642665458,1.0000019879736755,-0.7871351002000847,0.6,-0.18713123883178148,0.4999993743555927,-0.3742706318555471,1.0000020421528277,0.6,-0.2794960148430364
0.7775551102204408,0.24572121876435696,0.0005973308511700838,293.1348571978907,-2.3101032934635765e-7,0.6560798862996591,0.4539635484144995,-1.1100434347141814,-0.8934618546971512,-0.5021172163727098,1.3955790710698777,0.6540581504943195,0.4722005043130202,-1.1262586548073628,-0.37427047144623427,1.0000020072129991,-0.7871350850948264,0.6,-0.1871313989923559,0.49999943884981735,-0.3742707385817875,1.0000020491229458,0.6,-0.2809960977499934
0.7815631262525049,0.24572121850463038,0.0005973321727956153,294.6458436440599,-2.1962997592590805e-7,-0.8621485895815412,1.0449838531733935,-0.1828352635918453,1.040270393166071,-1.3492289853260648,0.3089585921599732,-0.8821248423014507,1.0542539096909407,-0.17212906738948175,-0.3742705783353449,1.000002021649874,-0.787135073733739,0.6,-0.18713156050113924,0.4999995009070691,-0.37427084449545456,1.0000020518553372,0.6,-0.2824961810831043
0.785571142284569,0.24572121825424956,0.0005973334249771068,296.15683009025304,-2.0876147447525e-7,-0.7591484344649814,-0.32903733863364193,1.08818577309863,1.0178245819528877,0.3408189781513826,-1.358643560104291,-0.7595148258122538,-0.346166073173618,1.1056808989858775,-0.37427068474719394,1.0000020315127975,-0.7871350660030993,0.6,-0.18713172298234984,0.49999956054246286,-0.3742709495021057,1.0000020505825438,0.6,-0.2839962648389599
0.7895791583166332,0.24572121801246863,0.0005973346109099033,297.66781653646626,-1.9845392573743231e-7,0.7713935692479368,-1.084319772686773,0.3129262034388111,-0.918591042319349,1.3899733753857957,-0.4713823330664279,0.7913260197930778,-1.0956375418093216,0.3043115220162193,-0.3742707905027918,1.0000020370262506,-0.7871350617262829,0.6,-0.18713188607835973,0.49999961777508123,-0.3742710533879176,1.0000020455206058,0.6,-0.2854963490134961
0.7935871743486973,0.24572121778090183,0.0005973357345208963,299.17880298270575,-1.884945774615254e-7,0.8513673642414624,0.19940858177870396,-1.0507759460201935,-1.1276407376552975,-0.17464981107269356,1.3022905487280103,0.8541166491498512,0.2151842942933613,-1.0693009434432388,-0.37427089543537245,1.0000020384116364,-0.7871350607472605,0.6,-0.18713204944941128,0.4999996726270806,-0.3742711560944663,1.0000020368848412,0.6,-0.2869964336020767
0.7975951903807614,0.2457212175581567,0.0005973367987445397,300.68978942895836,-1.7916198753215158e-7,-0.6696139248749687,1.1081587824534829,-0.4385448575785084,0.783783350058715,-1.4108525150864601,0.6270691650277298,-0.6892177049767549,1.1213625182480287,-0.4321448132712675,-0.37427099938987424,1.0000020358856834,-0.7871350629190071,0.6,-0.187132212773311,0.4999997251242368,-0.3742712574037012,1.0000020248866408,0.6,-0.2884965185995393
0.8016032064128256,0.24572121734463595,0.0005973378069443213,302.20077587523,-1.702658807782453e-7,-0.9314186816238462,-0.06692990612306297,0.9983485877469231,1.2213408322025436,0.0059845730788182505,-1.2273254052813793,-0.936511575824208,-0.08112713255972837,1.0176387083839518,-0.37427110221769755,1.0000020296617178,-0.7871350680314922,0.6,-0.18713237574510175,0.49999977529491674,-0.37427135727186084,1.000002009721075,0.6,-0.2899966040001764
0.8056112224448897,0.24572121713349,0.0005973387619213752,303.71176232151583,-1.6188170002921672e-7,0.5582642491704763,-1.1161601396032388,0.5578958904327477,-0.6377739320134527,1.4115679488506825,-0.7737940168372175,0.5772591828255998,-1.131061134935993,0.5538019521103784,-0.3742712037872285,1.0000020199480968,-0.7871350757131591,0.6,-0.18713253807673297,0.4999998231706166,-0.3742714555230519,1.0000019915463014,0.6,-0.2914966897978887
0.8096192384769538,0.2457212169310635,0.0005973396664144327,305.2227487678195,-1.538764879331131e-7,0.998158290347875,-0.06650532091922096,-0.9316529694286791,-1.297585683162407,0.16276619599202838,1.1348194871704052,1.0055219944362683,-0.05408948561784523,-0.9514325088184488,-0.374271303967513,1.0000020069490743,-0.7871350860234202,0.6,-0.18713269949669337,0.49999986878521346,-0.3742715520710205,1.0000019705972352,0.6,-0.29299677598605683
0.813627254509018,0.2457212167367103,0.0005973405235414289,306.73373521413487,-1.4636156716809556e-7,-0.4389359514504381,1.1082095113248605,-0.6692735598744203,0.4826495531532604,-1.3921094772436806,0.9094599240904111,-0.45705056471652505,1.124594799325112,-0.6675442346085841,-0.37427140264625264,1.0000019908644415,-0.7871350987890884,0.6,-0.18713285974966073,0.4999999121748581,-0.37427164688425224,1.0000019470585033,0.6,-0.2944968625577618
0.8176352705410821,0.2457212165480524,0.0005973413352289058,308.2447216604684,-1.3913558940225896e-7,-1.0506324029592486,0.19899006166848607,0.8516423412907785,1.3552856915702358,-0.32919073438423213,-1.026094957186032,-1.0601616816707584,0.18853306132358455,0.8716286203471891,-0.37427149971255247,1.0000019718885922,-0.787135113785696,0.6,-0.18713301859610978,0.4999999533782422,-0.37427173979443334,1.0000019210996036,0.6,-0.2959969495056506
0.8216432865731462,0.24572121636660652,0.0005973421043650727,309.7557081068173,-1.322337982620827e-7,0.31333446225009093,-1.0844205495273311,0.7710860872772294,-0.32062723840337276,1.3527552259599562,-1.0321279875565772,0.33030986458685,-1.1020559532129879,0.7717460886261265,-0.3742715950698678,1.0000019502116586,-0.7871351309227467,0.6,-0.18713317581193614,0.4999999924357056,-0.37427183078844595,1.0000018929092607,0.6,-0.29749703682209866
0.8256513026052104,0.24572121619119905,0.0005973428327038968,311.2666945531763,-1.2574907768929324e-7,1.088091060113396,-0.32863087031436766,-0.759460189799056,-1.3936161838294903,0.4909105320461816,0.9027056517833375,1.0996497198851356,-0.32028215418692907,-0.7793675656982354,-0.3742716886272496,1.0000019260182345,-0.7871351500413967,0.6,-0.18713333118805286,0.5000000293897248,-0.37427191973255824,1.000001862657289,0.6,-0.2989971244991628
0.8296593186372745,0.24572121602290942,0.0005973435228415234,312.777680999553,-1.1946139532847045e-7,-0.1832548539994721,1.0451332434690106,-0.861878389469539,0.15402257773378336,-1.2940676366767017,1.1400450589429154,-0.19884843561903123,1.0637667216589524,-0.8649182860399207,-0.3742717803027683,1.0000018994884645,-0.7871351709953105,0.6,-0.1871334845299899,0.5000000642840712,-0.37427200664644283,1.0000018305101368,0.6,-0.30049721252864264
0.8336673346693386,0.24572121586067325,0.0005973441763904189,314.2886674459381,-1.135764515003266e-7,-1.1099989065713538,0.45357494366688095,0.6564239629044917,1.4120293507264217,-0.6456143205267153,-0.7664150301997361,-1.1234217542013163,0.4474538310584356,0.6759679231429008,-0.3742718700244478,1.000001870796559,-0.7871351936868791,0.6,-0.1871336356574846,0.5000000971644305,-0.37427209137982015,1.00000179663669,0.6,-0.3019973009021294
0.8376753507014028,0.24572121570696817,0.0005973447955337169,315.7996538923384,-1.078832856080433e-7,0.050556197141897505,-0.9909090807076875,0.9403528835657878,0.014783349661163004,1.216885457930644,-1.231668807591808,0.06454509834443771,-1.010274329348447,0.9457292310040082,-0.37427195772319455,1.0000018401123034,-0.7871352180143216,0.6,-0.18713378440406137,0.5000001280773846,-0.3742721739629037,1.0000017611998646,0.6,-0.30349738961096073
0.8416833667334669,0.24572121555752635,0.0005973453820267683,317.31064033874526,-1.0257873662766088e-7,1.1160428403842109,-0.5720366042603352,-0.544006236123898,-1.4102620439132858,0.7910911067174395,0.6191709371958763,1.131138041930976,-0.5682305785974867,-0.562907463333512,-0.37427204334506814,1.000001807599735,-0.7871352437236966,0.6,-0.18713393061662253,0.5000001570709397,-0.37427225432679867,1.0000017243267278,0.6,-0.30499747864637755
0.845691382765531,0.24572121541746714,0.0005973459374000851,318.8216267851686,-9.73820950741825e-8,0.08286500399629987,0.9225229877139324,-1.0053879917102295,-0.18337800161318366,-1.1223117401656943,1.3056897417788829,0.0706807115263786,0.9423432403068422,-1.0130239518332171,-0.37427212683380257,1.000001773417671,-0.7871352708656917,0.6,-0.18713407415501102,0.5000001841940918,-0.3742723324174317,1.0000016861965524,0.6,-0.3064975679993777
0.8496993987975952,0.24572121527890675,0.0005973464638121941,320.33261323159405,-9.262785159063317e-8,-1.106136458412546,0.6823228063861732,0.42381365202640453,1.3883394944711103,-0.9252617484486125,-0.46307774602252766,-1.122688276691143,0.6808862634589024,0.4418020132322704,-0.37427220814891565,1.0000017377200097,-0.7871352990657866,0.6,-0.18713421489160192,0.500000209496483,-0.3742724082800541,1.0000016469017252,0.6,-0.30799765766092313
0.8537074148296593,0.24572121514644749,0.0005973469621859708,321.8435996780333,-8.800372133114985e-8,-0.21510191065263984,-0.8409523380900858,1.0560542487427373,0.3493518435065187,1.0116981192516645,-1.361049962758189,-0.20489636239962594,-0.8609443306864226,1.06584069308606,-0.3742722872493545,1.000001700654654,-0.7871353283587652,0.6,-0.1871343527108624,0.5000002330288689,-0.37427248180790995,1.0000016066059148,0.6,-0.3094977476218069
0.8577154308617234,0.2457212150183166,0.000597347434532217,323.35458612448076,-8.362824381605496e-8,1.0804213376431049,-0.7828573503654189,-0.29756398727769945,-1.3465750027119194,1.0462086849385208,0.30036631777342526,1.0981932139145705,-0.7838108193972675,-0.314382394517318,-0.3742723641051092,1.0000016623648333,-0.7871353585873412,0.6,-0.18713448750893616,0.5000002548422414,-0.374272553049025,1.0000015654304373,0.6,-0.31099783787279023
0.8617234468937875,0.24572121489457574,0.0005973478817260579,324.86557257093324,-7.954594810331555e-8,0.34426461290856686,0.7473629383878199,-1.091627551296386,-0.5103327987621857,-0.8866254739684534,1.3969582727306493,0.3361836639287482,0.7672409445853353,-1.1034246085140824,-0.37427243868980253,1.0000016229879034,-0.7871353896695202,0.6,-0.18713461919321123,0.5000002749883891,-0.3742726219238515,1.0000015235046238,0.6,-0.3124979284045587
0.8657314629258517,0.24572121477608738,0.0005973483055751731,326.37655901739765,-7.557645666455762e-8,-1.039265019988329,0.8722034266925434,0.16706159329581305,1.2855654852388907,-1.1522033737299362,-0.13336211150898358,-1.0580029602767755,0.8755332802455594,0.18246968003124445,-0.3742725109828388,1.000001582656607,-0.787135421497628,0.6,-0.18713474768189792,0.5000002935190775,-0.3742726885113638,1.0000014809473587,0.6,-0.31399801920776077
0.8697394789579158,0.24572121466153762,0.0005973487068306933,327.887545463866,-7.188873165466783e-8,-0.4685071429185907,-0.6430923612317261,1.1115995041503326,0.664020160932998,0.748881334944978,-1.412901495877989,-0.46266628455465675,-0.6625722870876856,1.1252385716423579,-0.37427258097174093,1.0000015414976136,-0.7871354539755413,0.6,-0.18713487290360906,0.5000003104867597,-0.374272752710341,1.0000014378730009,0.6,-0.3154981102730602
0.8737474949899798,0.24572121455117313,0.0005973490869950859,329.3985319103459,-6.828311546001677e-8,0.9832557238125563,-0.9490841364895866,-0.03417158732298335,-1.2061828994571384,1.2417309796925244,-0.035548080235360505,1.002691922439334,-0.9547427782788527,-0.047949144160496684,-0.37427264864368726,1.000001499633182,-0.7871354869732349,0.6,-0.18713499479693302,0.5000003259435817,-0.37427281460213735,1.0000013943846477,0.6,-0.31699820159106656
0.877755511022044,0.24572121444611875,0.0005973494471265724,330.90951835682785,-6.497394561205903e-8,0.5860538524355732,0.5296308223297816,-1.1156846747653608,-0.8082174663925571,-0.600434317340002,1.408651783732574,0.5825365614339565,0.5484342645220859,-1.1309708259560485,-0.3742727139990059,1.0000014571799156,-0.7871355204914872,0.6,-0.18713511331002972,0.5000003399419694,-0.3742728741674303,1.0000013506031658,0.6,-0.3184982931524954
0.8817635270541081,0.24572121434676664,0.0005973497879994703,332.4205048033241,-6.163985902072451e-8,-0.9131939080366877,1.0124007034150273,-0.09920679537831611,1.1095617747362325,-1.3135120045934296,0.20395022985717542,-0.9330505957825076,1.0203072710244976,-0.08725667524196677,-0.37427277703301376,1.0000014142492877,-0.787135554418583,0.6,-0.18713522840020264,0.5000003525342931,-0.37427293138142653,1.0000013066233828,0.6,-0.3199983849480027
0.8857715430861722,0.24572121424902746,0.0005973501112430259,333.93149124981966,-5.863272951665904e-8,-0.6952247814303771,-0.4085998871431063,1.103824668573499,0.9408638727419714,0.4434059923810547,-1.384269865123042,-0.6940813283023531,-0.42645811213246193,1.1205394404348294,-0.374272837754278,1.0000013709483249,-0.7871355885591804,0.6,-0.18713534003350796,0.5000003637724146,-0.3742729863642558,1.0000012625182628,0.6,-0.3214984769683863
0.8897795591182364,0.24572121415988077,0.0005973504171556417,335.4424776963277,-5.5611951631597307e-8,0.8300808631190789,-1.061248196947885,0.23116733382878982,-0.9970829578988548,1.3665205190061782,-0.3694375611073026,0.8500742526546283,-1.0712896921081614,0.22121543945351632,-0.37427289616872367,1.0000013273781672,-0.7871356230626869,0.6,-0.18713544818433828,0.5000003737084385,-0.3742730390326771,1.0000012184202844,0.6,-0.3229985692044471
0.8937875751503005,0.24572121407160033,0.0005973507071879284,336.9534641428375,-5.2834095824336464e-8,0.7944596757254654,0.28172930777463584,-1.076188983500121,-1.0600636182041125,-0.2800405819962928,1.3401042002004313,0.7957064047080806,0.2983870897339422,-1.0940934944420413,-0.37427295229068586,1.000001283635779,-0.7871356576002053,0.6,-0.18713555283503547,0.500000382393717,-0.37427308947743676,1.000001174366344,0.6,-0.3244986616471091
0.8977955911823646,0.24572121398722072,0.0005973509816679423,338.4644505893511,-5.023254269848619e-8,-0.7351044280386011,1.0949284925326916,-0.3598240644940775,0.8703539831708892,-1.3999989288318524,0.5296449456609449,-0.7549487740898624,1.1069614000545274,-0.35201262596465166,-0.37427300613611303,1.0000012398126767,-0.7871356922226309,0.6,-0.18713565397549484,0.5000003898795302,-0.3742731376494291,1.000001130459397,0.6,-0.32599875428737574
0.9018036072144288,0.24572121390598586,0.0005973512419411327,339.97543703587144,-4.772045412179141e-8,-0.8823402625298992,-0.15083229151947558,1.0331725540493926,1.1641130727263436,0.11267286998786374,-1.2767859427142323,-0.8859593527045156,-0.1660515585553292,1.0520109112598617,-0.3742730577239379,1.0000011959963397,-0.7871357268186429,0.6,-0.18713575160278204,0.500000396216271,-0.3742731836657598,1.000001086767058,0.6,-0.3274988471163484
0.9058116232464929,0.245721213827131,0.0005973514882185641,341.4864234823923,-4.543771474051745e-8,0.629622000006356,-1.1129602435961414,0.4833382435897716,-0.7311860499485741,1.4134687712661846,-0.6822827213175957,0.6490336884331701,-1.1268125884158675,0.47777889998268364,-0.37427310707974726,1.00000115226874,-0.7871357613148889,0.6,-0.1871358457207589,0.500000401454234,-0.3742732274567803,1.0000010433581292,0.6,-0.3289989401252852
0.909819639278557,0.24572121375158623,0.0005973517215955881,342.9974099289215,-4.317987478314577e-8,0.9576105851018548,0.017779610659202305,-0.9753901957610769,-1.2515252100013168,0.05630513801978745,1.1952200719815536,0.9635503060770874,0.03134285025133525,-0.9948931563284427,-0.3742731542258919,1.0000011087080964,-0.7871357956594768,0.6,-0.1871359363397053,0.5000004056426524,-0.37427326913495584,1.0000010003015332,0.6,-0.3304990333055075
0.9138276553106212,0.245721213678286,0.0005973519427211484,344.50839637545147,-4.1123364647448355e-8,-0.5151411267199206,1.1150857590803933,-0.5999446323604625,0.5815681364170455,-1.406737562406872,0.8251694259898149,-0.5338427287321832,1.1305595658855134,-0.5967168371533198,-0.37427319919614327,1.0000010653876537,-0.7871358298224705,0.6,-0.18713602347596975,0.5000004088303381,-0.37427330870878134,1.0000009576643203,0.6,-0.33199912664856296
0.9178356713426853,0.24572121360671645,0.0005973521519460004,346.0193828219918,-3.9017656769587264e-8,-1.0191949229289883,0.11552717135927636,0.903667751569733,1.3210507973482246,-0.22447844242771642,-1.0965723549205346,-1.027370394102354,0.10381380250303111,0.9235565915993438,-0.37427324201734785,1.000001022376284,-0.7871358636731733,0.6,-0.18713610715159862,0.5000004110653802,-0.37427334618213637,1.0000009154906688,0.6,-0.333499220146051
0.9218436873747494,0.24572121354042317,0.0005973523504229596,347.53036926853304,-3.7091859058768413e-8,0.3932979504923743,-1.1012746706673466,0.7079767201749643,-0.4236385559857417,1.379901516313963,-0.9562629603282136,0.4110221869025142,-1.118148792723956,0.7071266058214336,-0.37427328272678373,1.000000979739151,-0.7871358973169265,0.6,-0.18713618739400523,0.5000004123947625,-0.3742733816925627,1.000000873864196,0.6,-0.334999313789805
0.9258517034068136,0.2457212134761507,0.0005973525381283586,349.04135571508283,-3.513647341252261e-8,1.0662130904462652,-0.2471828595960185,-0.8190302308502667,-1.371696133996654,0.38944354126317643,0.982252592733507,1.0765074667892742,-0.2374867665629414,-0.8390207002263528,-0.37427332135825914,1.000000937536352,-0.7871359305797626,0.6,-0.18713626423561938,0.5000004128651326,-0.37427341517377966,1.0000008328113281,0.6,-0.33649940757176666
0.9298597194388777,0.2457212134147719,0.0005973527161774183,350.55234216163205,-3.337902492727813e-8,-0.265833824279638,1.0717243503200689,-0.8058905260404212,0.2596544029244077,-1.3333441526439926,1.0736897497195774,-0.28232738426528875,1.0897576271372102,-0.8074302428719112,-0.37427335795108313,1.0000008958247606,-0.7871359634669274,0.6,-0.18713633771356597,0.5000004125218008,-0.37427344675160146,1.0000007923880665,0.6,-0.3379995014840784
0.9338677354709418,0.24572121335836056,0.0005973528845475994,352.06332860818554,-3.1681024364128603e-8,-1.0979931296860286,0.3753058567628248,0.7226872729232299,1.4027374392772027,-0.5488427850740601,-0.8538946542031715,-1.1102592864360614,0.36776561343028447,0.7424936730058038,-0.37427339254512454,1.0000008546565762,-0.787135996010383,0.6,-0.18713640786933963,0.5000004114095651,-0.3742734763877878,1.0000007526508656,0.6,-0.3394995955190481
0.937875751503006,0.2457212133046935,0.0005973530443257049,353.5743150547423,-3.00692334340279e-8,0.1345704446510403,-1.0268571361780965,0.8922866915270574,-0.09195931392510269,1.267730873902769,-1.1757715599776635,0.14959760673239111,-1.0457918399474768,0.8961942332150858,-0.37427342518077467,1.0000008140809478,-0.787136028097751,0.6,-0.18713647474849288,0.5000004095718419,-0.37427350422281697,1.0000007136254327,0.6,-0.34099968966914895
0.9418837675350701,0.24572121325236984,0.0005973531954311128,355.0853015012963,-2.8678379181616274e-8,1.1140808247809821,-0.49806504462022055,-0.6160157801607806,-1.413731043368431,0.7003980560137683,0.7133329873546937,1.1281434562102752,-0.4927884149399001,-0.6353550412703949,-0.37427345590388456,1.000000774142411,-0.7871360596473558,0.6,-0.18713653840033748,0.5000004070515477,-0.3742735302011801,1.0000006753383452,0.6,-0.34249978392708197
0.9458917835671342,0.245721213203606,0.0005973533386469153,356.596287947856,-2.72921840826965e-8,-0.0013838012162010124,0.9673142080651336,-0.9659304068489291,-0.07705004651415111,-1.1839993509811468,1.261049397495299,-0.014729796936694198,0.9868797239767677,-0.9721499270400699,-0.3742734847549873,1.0000007348826985,-0.7871360906902787,0.6,-0.18713659887764095,0.5000004038901615,-0.3742735544447796,1.0000006378346955,0.6,-0.3439998782856678
0.9498997995991983,0.2457212131526652,0.0005973534744254066,358.10727439441644,-2.602623906599578e-8,-1.1142462376780373,0.6137059573652529,0.5005402803128097,1.4045198053675745,-0.8419433364791523,-0.5625764688884496,-1.1299043617170266,0.6107683547048799,0.5191360070121714,-0.37427351178451124,1.0000006963396117,-0.7871361210503341,0.6,-0.1871366562363554,0.5000004001283532,-0.37427357698551783,1.0000006011156894,0.6,-0.34549997273800764
0.9539078156312625,0.24572121310287656,0.0005973536028460319,359.61826084098493,-2.4692694805385432e-8,-0.13182261494992814,-0.8939466012720657,1.0257692162219976,0.2449582155659659,1.0833463134937047,-1.3283045290596758,-0.12034852452104836,-0.9138633025223332,1.0342118270433858,-0.3742735370345609,1.0000006585475114,-0.7871361507681609,0.6,-0.18713671053532546,0.5000003958057844,-0.3742735978361291,1.0000005652206483,0.6,-0.3470000672773046
0.9579158316633266,0.24572121305860573,0.0005973537247097282,361.12924728755473,-2.34560688807163e-8,1.0984870330234,-0.7205758846600794,-0.3779111483633409,-1.3752354061008623,0.9714557003220301,0.4037797057788598,1.115516865910787,-0.7200192932969347,-0.39549757261387386,-0.37427356055572303,1.000000621537991,-0.7871361799888291,0.6,-0.18713676183603697,0.5000003909607633,-0.3742736171273673,1.000000530204705,0.6,-0.3485001618970339
0.9619238476953907,0.24572121301431063,0.000597353839881472,362.64023373413164,-2.215786045501325e-8,0.2631450423839695,0.8078028640126821,-1.0709479063966576,-0.4093654833492103,-0.9672102760703032,1.3765757594195218,0.2537068430670233,0.827786102722863,-1.0814929457898916,-0.3742735823942738,1.0000005853387541,-0.7871362084922254,0.6,-0.18713681020234882,0.5000003856309251,-0.37427363481997067,1.0000004960508493,0.6,-0.35000025659082223
0.9659318637274549,0.24572121297235372,0.0005973539491903525,364.15122018070764,-2.099675371378345e-8,-1.067028448578422,0.8171474689253623,0.24988097965308106,1.326296390068649,-1.0870841925797106,-0.23921219748896466,-1.0851866032625956,0.8189798431761263,0.26620676008649063,-0.37427360259995757,1.0000005499751796,-0.7871362363569768,0.6,-0.18713685570025132,0.5000003798524065,-0.37427365103955323,1.0000004627953467,0.6,-0.35150035135252183
0.969939879759519,0.24572121293194077,0.0005973540524314541,365.66220662728426,-1.9925990389969945e-8,-0.3907066488409616,-0.7101141510366547,1.1008207998776238,0.5679221750851149,0.8372510445771748,-1.4051732196623012,-0.3834392284657056,-0.729878331550823,1.113317560016536,-0.3742736212223728,1.0000005154690235,-0.7871362635322494,0.6,-0.18713689839762496,0.50000037366063,-0.37427366575059634,1.0000004304466235,0.6,-0.3530004461761847
0.9739478957915831,0.24572121289332702,0.0005973541504373473,367.1731930738623,-1.8922345657315957e-8,1.0203200868517648,-0.9020405322743237,-0.11827955457746347,-1.2584021864416794,1.1871762771136694,0.07122590932803209,1.039347046707989,-0.9062356796163573,-0.13311136709165108,-0.3742736383095206,1.0000004818400265,-0.7871362900154832,0.6,-0.1871369383640092,0.5000003670894667,-0.3742736790968603,1.0000003990199318,0.6,-0.3545005410560409
0.9779559118236472,0.24572121285707876,0.0005973542430944557,368.6841795204369,-1.8104268761724293e-8,0.5126843443666346,0.6022766036775365,-1.1149609480441787,-0.7183622197504339,-0.695325960036505,1.413688179786954,0.5076915664592979,0.621539260782938,-1.1292308272422436,-0.37427365391462614,1.0000004491043688,-0.78713631584031,0.6,-0.18713697567038842,0.5000003601721387,-0.3742736910296975,1.000000368533534,0.6,-0.3560006359865759
0.9819639278557113,0.2457212128290962,0.0005973543309268751,370.1951659670161,-1.7263810224368828e-8,-0.9590294865017694,0.9740417912838436,-0.01501230478205168,1.1725231323967578,-1.2703014608529604,0.09777832845617905,-0.9786533339769614,0.980539767088883,-0.0018864331118996127,-0.37427366808342255,1.0000004172764543,-0.7871363411775519,0.6,-0.18713701038896902,0.5000003529403191,-0.3742737016751763,1.000000339030082,0.6,-0.3575007309623988
0.9859719438877754,0.24572121279395356,0.0005973544143121583,371.7061524135958,-1.6501793656032035e-8,-0.6273348481989303,-0.48583142344605107,1.1131662716449953,0.8585355617647245,0.5434634008360281,-1.4019989626007723,-0.6246880711928122,-0.504317260748038,1.1290053319408642,-0.3742736808710397,1.0000003863678464,-0.7871363654939458,0.6,-0.18713704259299224,0.5000003454247475,-0.3742737110836804,1.0000003104158424,0.6,-0.35900082597841415
0.9899799599198396,0.24572121276147724,0.0005973544931362363,373.21713886018244,-1.5645641473788003e-8,0.8840325592187377,-1.0321221716063231,0.14808961238756896,-1.0698865095860337,1.3352716422833006,-0.26538513269724456,0.9039728225599233,-1.0408300985698127,0.13685727600987244,-0.3742736923230895,1.0000003563875552,-0.7871363891206554,0.6,-0.18713707235652385,0.5000003376551645,-0.374273719254725,1.0000002827583538,0.6,-0.36050092102963255
0.9939879759519037,0.2457212127325553,0.0005973545679727651,374.72812530677044,-1.4840394589492202e-8,0.7330195666481304,0.3624428045522138,-1.095462371200351,-0.9864388260677992,-0.3838337303534457,1.3702725564212683,0.7327566177199197,0.37988762188124736,-1.1126442396011718,-0.37427370249236397,1.0000003273428395,-0.7871364120764157,0.6,-0.18713709975428425,0.5000003296599118,-0.37427372630522077,1.000000256063566,0.6,-0.36200101611133517
0.9979959919839678,0.24572121270326566,0.0005973546386267099,376.23911175336406,-1.3963902006592441e-8,-0.7964011931614369,1.0754516364254258,-0.27905044326396267,0.9519592586020568,-1.381158352965096,0.42919909436301923,-0.816372889718448,1.086245063515073,-0.26987217379659906,-0.37427371142672267,1.0000002992382204,-0.7871364342271271,0.6,-0.18713712486146172,0.5000003214665582,-0.3742737322134396,1.0000002303065016,0.6,-0.36350111121895606
1.002004008016032,0.24572121267535682,0.0005973547057354195,377.7500981999585,-1.3141232238335731e-8,-0.8282280861438223,-0.23387421678134102,1.0621023029251906,1.100244065165743,0.21871837513327702,-1.3189624402990383,-0.8303527223588207,-0.2500286954645741,1.0803814178234257,-0.37427371917626795,1.0000002720767796,-0.7871364556347776,0.6,-0.18713714775355092,0.5000003131012325,-0.37427373709676476,1.0000002054971897,0.6,-0.36500120634814676
1.006012024048096,0.24572121264769736,0.0005973547690356278,379.2610846465497,-1.2470805714963865e-8,0.6973877979413642,-1.103410927897692,0.40602312995632517,-0.8204267714607723,1.4073057865082867,-0.5868790150474973,0.7171054965871769,-1.1161355978433027,0.39903010125612276,-0.3742737257904516,1.0000002458590036,-0.7871364762657079,0.6,-0.18713716850619164,0.5000003045893439,-0.37427374091962234,1.0000001816252868,0.6,-0.36650130149475313
1.0100200400801602,0.24572121262167218,0.0005973548291593319,380.77207109314116,-1.1857813599811895e-8,0.9115997160187681,0.10196314361698128,-1.0135628596357567,-1.198324816129104,-0.05047713941146491,1.248801955540593,0.916081571357533,0.11659640701785406,-1.0326779783753957,-0.3742737313157427,1.0000002205843157,-0.7871364961590872,0.6,-0.18713718719501554,0.500000295954797,-0.37427374381973044,1.0000001586930287,0.6,-0.3680013966547825
1.0140280561122244,0.2457212125960187,0.0005973548859721924,382.28305753973046,-1.1366219811881276e-8,-0.5884074620711668,1.1156004695361166,-0.5271930074649286,0.6771688927217964,-1.4133402589276398,0.7361713662058283,-0.6075893613382451,1.1300745225415045,-0.5224851612032381,-0.37427373580372825,1.0000001962495575,-0.7871365153096074,0.6,-0.18713720389551033,0.5000002872208876,-0.37427374574645295,1.000000136691474,0.6,-0.36950149182449016
1.0180360721442885,0.24572121257139443,0.0005973549397205488,383.7940439863192,-1.0941722127392396e-8,-0.9819429348784752,0.03140517046052478,0.9505377644179778,1.2792793294351685,-0.11848550688632664,-1.160793822548868,-0.9887179594485023,0.018502256443788292,0.9702157030047411,-0.37427373929719915,1.0000001728505963,-0.787136533728715,0.6,-0.18713721868287306,0.5000002784095096,-0.3742737467906038,1.0000001156143792,0.6,-0.37100158700023217
1.0220440881763526,0.24572121254919532,0.0005973549909573436,385.30503043291105,-1.0492627118846068e-8,0.4710177063231428,-1.1118460424803673,0.640828336157221,-0.5242330305878844,1.3991755129316477,-0.8749424823437528,0.4893896623728964,-1.1278626174572925,0.6384729550843926,-0.37427374184768913,1.000000150381821,-0.7871365514368308,0.6,-0.18713723163189797,0.5000002695414731,-0.37427374706172667,1.0000000954548176,0.6,-0.3725016821786408
1.0260521042084167,0.24572121252959767,0.0005973550393035121,386.81601687950933,-9.940003644420791e-9,1.0382523882399675,-0.16432465011833292,-0.8739277381216491,-1.3419505951504682,0.28575477903535657,1.0561958161151386,1.047223749033269,-0.15333649180964037,-0.8938872572236436,-0.3742737434970315,1.0000001288354834,-0.7871365684951248,0.6,-0.18713724281684094,0.5000002606369518,-0.3742737465087611,1.0000000762125325,0.6,-0.37400177735643836
1.0300601202404809,0.2457212125107969,0.0005973550852717473,388.3270033261088,-9.408825959331042e-9,-0.3468962454751045,1.092201306280782,-0.7453050608056655,0.36380492121013197,-1.3650139971329673,1.0012090759228287,-0.364195690218531,1.109531499503605,-0.7453358092850613,-0.3742737442929731,1.0000001082031986,-0.7871365848181785,0.6,-0.18713725231132075,0.500000251714712,-0.37427374524572854,1.0000000578581163,0.6,-0.37550187253058653
1.034068136272545,0.2457212124933454,0.0005973551285963144,389.83798977271215,-8.825885912117667e-9,-1.0797233033221927,0.29489562928453245,0.7848276740376877,1.3854429176179448,-0.44894009273110225,-0.9365028248868703,-1.0907627876445116,0.2859792697305095,0.8047835179140298,-0.3742737442785234,1.000000088474765,-0.7871366004485836,0.6,-0.18713726018820512,0.5000002427928475,-0.37427374325649465,1.0000000403850922,0.6,-0.3770019676981826
1.0380761523046091,0.245721212475731,0.0005973551697972855,391.34897621931873,-8.212052370209174e-9,0.2178169905356445,-1.0569469822925814,0.8391299917569366,-0.19817735856810623,1.3113438922791183,-1.1131665337110082,0.2337966816600055,-1.0753431126785424,0.8415464310185357,-0.3742737434976161,1.0000000696393248,-0.787136615323538,0.6,-0.18713726651951762,0.5000002338881866,-0.3742737406462175,1.0000000237661268,0.6,-0.3785020628565056
1.0420841683366733,0.24572121245777234,0.0005973552086024899,392.85996266591866,-7.800854200044092e-9,1.1057629700182063,-0.4212520018378242,-0.6845109681803979,-1.4091346946476235,0.6057092223736287,0.803425472274022,1.1187128037533327,-0.4145348732475576,-0.7041779305057924,-0.37427374199382035,1.0000000516842913,-0.7871366294795421,0.6,-0.18713727137634542,0.5000002250169621,-0.3742737373740188,1.000000007991122,0.6,-0.38000215800300763
1.0460921843687374,0.24572121244161432,0.0005973552454835957,394.37094911251904,-7.420616625177953e-9,-0.08562473185217617,1.0065869285880458,-0.9209621967358621,0.02971747836568145,-1.2389322609724565,1.2092147826067718,-0.10005628926906446,1.0257860837683623,-0.9257297944992904,-0.3742737398065583,1.0000000345968054,-0.7871366429715221,0.6,-0.18713727482875164,0.5000002161940766,-0.3742737335635754,0.9999999930532442,0.6,-0.381502253135265
1.0501002004008015,0.24572121242332193,0.0005973552803124237,395.8819355591182,-7.113308680637677e-9,-1.1159992584428178,0.5415879083856983,0.5744113500571466,1.4126873552721313,-0.7538216545037464,-0.6588657007684139,-1.130674362862222,0.5371660097421949,0.5935083531200547,-0.3742737369806037,1.000000018362299,-0.7871366557061854,0.6,-0.18713727694570556,0.5000002074339402,-0.3742737291681454,0.9999999789157784,0.6,-0.3830023482510757
1.0541082164328657,0.24572121240545403,0.0005973553132171729,397.3929220057167,-6.858451498651694e-9,-0.047791256705767685,-0.9418409318287906,0.9896321885345627,0.13916711466212578,1.1488140400731959,-1.287981154735324,-0.035114084496936114,-0.9615687163837788,0.9966828008807187,-0.3742737335511097,1.00000000296592,-0.7871366677729865,0.6,-0.18713727779499797,0.5000001987497809,-0.37427372426140165,0.9999999655768258,0.6,-0.3845024433483019
1.0581162324649298,0.24572121239111033,0.000597355344698622,398.90390845231576,-6.620699753304472e-9,1.1102858879490365,-0.6541835376882182,-0.4561023502608385,-1.396050141492695,0.8911605999530468,0.5048895415396758,1.1264765260479699,-0.6521200633178499,-0.47435646273014076,-0.37427372956151445,0.9999999883921088,-0.7871366792679273,0.6,-0.1871372774431911,0.5000001901539118,-0.37427371893902395,0.9999999530341815,0.6,-0.38600253842504606
1.062124248496994,0.24572121237582398,0.0005973553743019394,400.414894898919,-6.310174216546016e-9,0.180524222122412,0.8636343056757393,-1.0441585277981527,-0.30606275449495995,-1.042277177991697,1.3483399324866634,0.1697826142002596,0.8836087739870141,-1.0533913881872745,-0.3742737250458832,0.9999999746239537,-0.7871366900850162,0.6,-0.1871372759555434,0.5000001816581664,-0.3742737131464154,0.9999999412473132,0.6,-0.387502633479472
1.066132264529058,0.245721212361805,0.0005973554025500872,401.92588134552483,-5.970569833862089e-9,-1.0887045092072003,0.7574296939686749,0.33127481523854785,1.3594608263313335,-1.015763235637908,-0.343697590693456,-1.106179286591347,0.7577541334475293,0.34842515314384226,-0.374273720043276,0.9999999616445789,-0.7871367002987003,0.6,-0.18713727339596797,0.5000001732731822,-0.37427370698521173,0.9999999302089844,0.6,-0.3890027285099407
1.0701402805611222,0.24572121234882036,0.0005973554290617634,403.43686779213067,-5.659224976625331e-9,-0.31067716722444827,-0.7730847625034236,1.0837619297278787,0.4685841968478811,0.9208442595388971,-1.3894284563867874,-0.3020246415764345,-0.7930204441263426,1.0950450857027838,-0.3742737145882154,0.999999949435974,-0.7871367099362601,0.6,-0.18713726982697557,0.5000001650091214,-0.3742737004249207,0.9999999199025603,0.6,-0.3905028235149163
1.0741482965931863,0.24572121233890912,0.0005973554543768831,404.94785423874373,-5.199979572398e-9,1.051563555600675,-0.8498507995941738,-0.20171275600652339,-1.3034423349180952,1.125848764378985,0.17759357053913308,1.0700727296542973,-0.8525585195067843,-0.21751421014753516,-0.3742737087155047,0.9999999379802615,-0.7871367190417025,0.6,-0.18713726530963537,0.500000156875017,-0.37427369358215196,0.9999999103143942,0.6,-0.39200291849300306
1.0781563126252505,0.24572121232894287,0.0005973554781796327,406.45884068535025,-4.925995495457509e-9,0.43638997025683335,0.6714864257766131,-1.1078763960334574,-0.6244087216348387,-0.7862507972023675,1.4106595188372195,0.42995019022518804,0.6910984062727423,-1.1210485964979406,-0.37427370245999786,0.9999999272583295,-0.7871367275827639,0.6,-0.18713725990353644,0.5000001488795918,-0.3742736863941157,0.9999999014155162,0.6,-0.3935030134429463
1.0821643286573146,0.24572121232085214,0.0005973555008108617,407.96982713195797,-4.647800993485866e-9,-0.9993938029287057,0.930125958297785,0.06926784463094043,1.2287952337911192,-1.219843828985033,-0.008951404806108135,-1.0186728499596673,0.9351782675359142,0.08349458242377387,-0.3742736958515037,0.999999917251455,-0.7871367355852792,0.6,-0.18713725366674966,0.500000141030422,-0.3742736789708512,0.9999998931884536,0.6,-0.3950031083635704
1.0861723446893787,0.24572121230823646,0.0005973555221720508,409.4808135785635,-4.448148985175437e-9,-0.5558659489237574,-0.5602912955563127,1.116157244480086,0.771309286642204,0.6404203420072536,-1.4117296286494772,-0.5517309508780163,-0.579299281205649,1.1310302320836785,-0.37427368892584784,0.9999999079399077,-0.7871367428679588,0.6,-0.18713724665580872,0.5000001333347498,-0.37427367127345396,0.9999998855753713,0.6,-0.39650320325389016
1.0901803607214429,0.2457212122970749,0.0005973555422792412,410.99180002517056,-4.236430827870802e-9,0.93294086474447,-0.9971078947340728,0.0641670299895856,-1.1365863641286826,1.2964050559508489,-0.15981869182214206,0.9527142392004165,-1.0044325741051148,0.05171833490468065,-0.3742736817084811,0.9999998993040945,-0.7871367496473514,0.6,-0.18713723892567133,0.5000001257989313,-0.37427366334822143,0.9999998785943651,0.6,-0.39800329811293994
1.094188376753507,0.24572121228765942,0.0005973555616433835,412.5027864717748,-4.1194470116294e-9,0.6673975791918412,0.44108857659679307,-1.1084861557886458,-0.907186421502871,-0.4854371072927289,1.3926235287956201,0.6656264568975281,0.4592209071128199,-1.1248473640103602,-0.3742736742331261,0.9999998913243596,-0.7871367559468319,0.6,-0.18713723052971548,0.5000001184285718,-0.37427365528336204,0.999999872226212,0.6,-0.3995033929399554
1.0981963927855711,0.2457212122771584,0.0005973555797425959,414.0137729183828,-3.928830899290203e-9,-0.8531545114621972,1.049839349191119,-0.19668483772890225,1.028133631210462,-1.354438314993546,0.3263046837830626,-0.8731396219956562,1.0593317207707396,-0.1861920987750633,-0.3742736665245068,0.9999998839802463,-0.7871367616934414,0.6,-0.18713722151970832,0.5000001112290048,-0.3742736470200745,0.9999998664338074,0.6,-0.4010034877341995
1.1022044088176353,0.2457212122675406,0.0005973555971292262,415.5247593649927,-3.7119905229739562e-9,-0.7693908815289077,-0.31558190179097556,1.0849727833199045,1.0300982075169756,0.3235160976317686,-1.3536143051487637,-0.7700089459128417,-0.33257943355097475,1.1025883794638367,-0.37427365861184675,0.9999998772518092,-0.7871367669699186,0.6,-0.18713721194580582,0.5000001042046018,-0.3742736386471454,0.9999998612092332,0.6,-0.4025035824950885
1.1062124248496994,0.24572121225777155,0.0005973556133578024,417.03574581159995,-3.5789284023809166e-9,0.7611750239942101,-1.087566684435644,0.32639166044142265,-0.9049869863693849,1.3931141696321883,-0.48812718326278515,0.7810862449074754,-1.0990910826785478,0.3180048377710615,-0.37427365052018763,0.999999871118469,-0.7871367717780872,0.6,-0.18713720185653684,0.5000000973594722,-0.37427363012305404,0.9999998565292915,0.6,-0.4040036772221064
1.1102204408817635,0.24572121224904497,0.0005973556289267485,418.5467322582127,-3.328519406335953e-9,0.8603881872483365,0.18556498703782123,-1.0459531742861714,-1.1382880113309235,-0.1569714534876177,1.2952594648185634,0.8633866064708058,0.2011847940242017,-1.0645714004950204,-0.3742736422743939,0.9999998655602378,-0.7871367761269192,0.6,-0.1871371912988018,0.5000000906968155,-0.3742736215510497,0.9999998523724904,0.6,-0.4055037719148344
1.1142284569138277,0.24572121224057758,0.000597355643484949,420.05771870482164,-3.1882590440116016e-9,-0.6583169515962706,1.1097507020404382,-0.45143375044414946,0.7689064183997067,-1.4118798709398703,0.642973452540149,-0.6778697155905948,1.1231424237385919,-0.44527270814797876,-0.37427363389994256,0.9999998605563464,-0.7871367800786261,0.6,-0.1871371803178718,0.5000000842197333,-0.37427361285623045,0.9999998487268419,0.6,-0.40700386657296145
1.1182364729458918,0.24572121223622534,0.0005973556573476678,421.56870515143515,-2.951571929736479e-9,-0.9390889844362298,-0.052896007437015946,0.9919849918732776,1.2302096076898261,-0.011816602613411142,-1.2183930050764207,-0.9444249088484787,-0.06691485518967813,1.0113397640381807,-0.374273625416772,0.9999998560868688,-0.7871367837210207,0.6,-0.18713716895738466,0.5000000779303836,-0.3742736041414006,0.9999998455862343,0.6,-0.40850396119621196
1.122244488977956,0.24572121222881071,0.0005973556704632337,423.0796915980441,-2.84274528782855e-9,0.5460503265552465,-1.1160743572691052,0.5700240307138524,-0.6218367742763995,1.4104672388837944,-0.7886304646073821,0.5649651907398386,-1.131142014004296,0.566176823264451,-0.37427361685133614,0.9999998521313932,-0.7871367868372586,0.6,-0.18713715725936073,0.5000000718307384,-0.37427359538636334,0.9999998428862565,0.6,-0.41000405578446764
1.12625250501002,0.24572121222501841,0.0005973556827085139,424.5906780446587,-2.605256400031802e-9,1.0043684494846845,-0.08052895752093794,-0.9238394919637631,-1.3045492259037648,0.1804357838531404,1.1241134420506487,1.0119656154946548,-0.0683114255079577,-0.9436541899867139,-0.37427360821954075,0.9999998486697649,-0.7871367896694095,0.6,-0.1871371452641948,0.5000000659222393,-0.3742735865972983,0.9999998406501909,0.6,-0.41150415033758897
1.130260521042084,0.24572121221840793,0.0005973556946400818,426.1016644912666,-2.551698698237551e-9,-0.4259796265270524,1.1064472385778534,-0.680467612050788,0.4658799263650215,-1.3888964182731114,0.9230164919080803,-0.44398626200826263,1.1229754848658995,-0.678989222857624,-0.3742735995455257,0.9999998456823159,-0.7871367920232566,0.6,-0.18713713301068294,0.5000000602056894,-0.37427357786218945,0.999999838818672,0.6,-0.4130042448556
1.134268537074148,0.2457212122124497,0.0005973557056734007,427.612650937879,-2.4004806752479893e-9,-1.055293643338997,0.2128030138280813,0.8424906295109417,1.3602444436843597,-0.3464762043227955,-1.0137682393615923,-1.06504347789113,0.202561407903688,0.8624820699874688,-0.37427359084493295,0.9999998431488848,-0.787136794022626,0.6,-0.1871371205360206,0.5000000546818482,-0.37427356911308096,0.9999998373928503,0.6,-0.4145043393385198
1.1382765531062122,0.24572121220618295,0.0005973557163879056,429.1236373844911,-2.2671121018556758e-9,0.29982089384878746,-1.0810069473031294,0.7811860534543402,-0.30326479731887435,1.3474757049161146,-1.0442109075972335,0.3166619518540622,-1.0987595616620727,0.7820976098080088,-0.374273582137526,0.9999998410501493,-0.7871367956598767,0.6,-0.18713710787582866,0.5000000493507176,-0.3742735604301791,0.999999836349306,0.6,-0.41600443378647933
1.1422845691382764,0.2457212121995473,0.0005973557263013727,430.63462383110016,-2.2201577565871982e-9,1.0911367560903449,-0.34203572210619143,-0.7491010339841713,-1.3964992650531634,0.507564837338185,0.8889344277150072,1.102899911238232,-0.3339164126905007,-0.7689834985477496,-0.37427357343957657,0.9999998393664478,-0.7871367969675759,0.6,-0.18713709506416354,0.5000000442122471,-0.3742735517598247,0.9999998356724192,0.6,-0.41750452819964773
1.1462925851703405,0.24572121219368062,0.0005973557359311178,432.1456102777136,-2.0831691406740122e-9,-0.16937717725582163,1.0401170934819728,-0.8707399162261414,0.13631546599292294,-1.2867970973911476,1.150481631398223,-0.18481196762861943,1.0588403576424816,-0.8740283900138526,-0.37427356476652335,0.9999998380790344,-0.7871367979596376,0.6,-0.18713708213353944,0.5000000392656596,-0.37427354320026857,0.9999998353437961,0.6,-0.4190046225782485
1.1503006012024046,0.24572121218741777,0.0005973557448238717,433.6565967243235,-2.0386925741398055e-9,-1.1113855352466318,0.4663801142882509,0.6450054209584092,1.4127955610628067,-0.66139943795263,-0.7513961231102038,-1.1249938932258032,0.46049914109753703,0.6644947521282946,-0.3742735561355572,0.9999998371686204,-0.7871367986593206,0.6,-0.187137069114951,0.5000000345102904,-0.3742735346651914,0.9999998353464253,0.6,-0.42050471692258834
1.1543086172344688,0.2457212121811308,0.0005973557533224212,435.16758317093775,-1.8970747176447487e-9,0.03651275381265298,-0.9843620837123667,0.9478493298997173,0.032582060843152044,1.2077278184044218,-1.2403098792475753,0.050320685679856675,-1.0037884024821304,0.953467716802277,-0.3742735475575403,0.9999998366170126,-0.7871367990438303,0.6,-0.18713705603788952,0.5000000299447303,-0.37427352624358395,0.9999998356560045,0.6,-0.4220048112329671
1.158316633266533,0.24572121217613865,0.0005973557613967776,436.67856961754745,-1.879672523233676e-9,1.1157505894812787,-0.584059085455664,-0.5316915040256333,-1.4089004341810691,0.8057814368351182,0.603118997345979,1.1310096626876114,-0.5805004985836167,-0.5505091641040126,-0.3742735390505447,0.9999998364058522,-0.7871367992182015,0.6,-0.18713704293037917,0.5000000255675257,-0.3742735179213385,0.9999998362716835,0.6,-0.42350490550981346
1.162324649298597,0.24572121217402346,0.0005973557687992376,438.1895560641654,-1.6621211890220773e-9,0.09687350643413437,0.9145387423752944,-1.0114122488094275,-0.2010139362377585,-1.1113979212764695,1.3124118575142314,0.08488977407841886,0.9343904873618202,-1.019280261440238,-0.3742735306222674,0.9999998365170997,-0.7871367992145734,0.6,-0.18713702981898764,0.5000000213769662,-0.3742735096740039,0.9999998371801793,0.6,-0.4250049997535038
1.1663326653306612,0.2457212121686612,0.000597355776167971,439.70054251077636,-1.6335081821714763e-9,-1.1041695288503162,0.6933907875566862,0.4107787412936562,1.3848695533293718,-0.9386473560640313,-0.44622219726537066,-1.1208612420882622,0.6922054481446037,0.428655793943685,-0.37427352228824873,0.9999998369336429,-0.787136798857199,0.6,-0.18713701672886915,0.5000000173707563,-0.3742735016116225,0.9999998383290069,0.6,-0.42650509396454056
1.1703406813627253,0.24572121216753154,0.000597355782871433,441.21152895739357,-1.4561817713223781e-9,-0.2288752690423768,-0.8316449454928102,1.0605202145351935,0.36657295711628035,0.9991840821855122,-1.365757039301801,-0.21888700573959344,-0.8516383998388853,1.0705254055784847,-0.37427351405661435,0.9999998376378626,-0.7871367984018418,0.6,-0.1871370036837801,0.5000000135468452,-0.37427349364345297,0.9999998397475554,0.6,-0.4280051881433997
1.1743486973947894,0.24572121216407178,0.0005973557894840902,442.7225154040073,-1.3716744385468186e-9,1.076807847703098,-0.7928126581821323,-0.28399518952098196,-1.341046336537677,1.0580982800843244,0.28294805645337545,1.0946936470347657,-0.7940175081435237,-0.30067613889126027,-0.37427350593893294,0.9999998386132384,-0.7871367976457987,0.6,-0.18713699070611792,0.5000000099025512,-0.3742734858453066,0.9999998413793019,0.6,-0.4295052822906304
1.1783567134268536,0.2457212121609086,0.000597355795503143,444.23350185061935,-1.3385074547839292e-9,0.35760598107781955,0.7368654073108514,-1.094471388388674,-0.5268929706331932,-0.8726900578128723,1.3995830284460762,0.3497559366115772,0.7567148244038238,-1.1064707610154036,-0.37427349794421816,0.9999998398430331,-0.7871367967076456,0.6,-0.1871369778169463,0.5000000064353289,-0.3742734781518128,0.99999984322856,0.6,-0.4310053764067987
1.1823647294589177,0.24572121215774267,0.0005973558014808008,445.7444882972335,-1.259446729051951e-9,-1.0340565846696492,0.8809037640831807,0.1531528205864952,1.2780570707897634,-1.1624270062515285,-0.11563006453826119,-1.0528808451983946,0.8844815813444517,0.1683992638539686,-0.3742734900801214,0.9999998413116121,-0.787136795565778,0.6,-0.18713696503602814,0.5000000031420516,-0.37427347065724953,0.9999998452741874,0.6,-0.4325054704924894
1.1863727454909818,0.2457212121538118,0.0005973558068863707,447.2554747438437,-1.2850126542739997e-9,-0.4812258431055059,-0.6315547119117462,1.112780555017267,0.6796827075146928,0.7337236917970839,-1.4134063993117916,-0.4756262083163404,-0.6509764053160642,1.1266026136324192,-0.37427348235697844,0.9999998430029092,-0.7871367942238406,0.6,-0.18713695238186118,0.5000000000198744,-0.37427346326803973,0.9999998474994587,0.6,-0.434005564548351
1.190380761523046,0.24572121215001813,0.0005973558121040117,448.7664611904579,-1.2180364430374251e-9,0.976526764664963,-0.956405141627933,-0.020121623037046503,-1.1968020310537835,1.2501425178368977,-0.05334048678309229,0.9960204449241644,-0.9623047853466491,-0.033715659577531434,-0.37427347477833817,0.999999844902088,-0.7871367926952998,0.6,-0.18713693987170266,0.4999999970653569,-0.3742734560684664,0.9999998498910678,0.6,-0.4355056585749911
1.19438877755511,0.24572121214591122,0.0005973558171061441,450.2774476370684,-1.2504427587462593e-9,0.5979681066332483,0.5172179504744213,-1.1151860571076784,-0.8227585346288738,-0.5842710791035257,1.4070296137324176,0.5946989107941797,0.5359343485707093,-1.130633259364897,-0.3742734673555167,0.9999998469942322,-0.7871367910367342,0.6,-0.18713692752161568,0.4999999942751759,-0.3742734490357667,0.9999998524432334,0.6,-0.4370057525731244
1.1983967935871742,0.24572121214079468,0.0005973558216108164,451.78843408368505,-1.1268694281707957e-9,-0.9050406131326938,1.018237761244627,-0.11319714811191073,1.0984425351898734,-1.3199912410365053,0.22154870584660918,-0.9249251224247333,1.0263749242048068,-0.10144980178005107,-0.37427346008974793,0.9999998492648529,-0.787136789173822,0.6,-0.18713691534648763,0.4999999916458907,-0.3742734421400468,0.9999998551268883,0.6,-0.43850584654338953
1.2024048096192383,0.2457212121379236,0.0005973558261888323,453.2994205302988,-1.0893390291093173e-9,-0.7061643178781529,-0.39548920360574874,1.1016535214839196,0.9540756481851307,0.4264681685068128,-1.3805438166919632,-0.7052722852234387,-0.4132328159432865,1.1185051011667435,-0.37427345298977777,0.9999998517004712,-0.7871367872609788,0.6,-0.18713690336008,0.4999999891736194,-0.37427343548559117,0.9999998579561821,0.6,-0.44000594048652114
1.2064128256513025,0.24572121213472292,0.0005973558302269471,454.8104069769176,-9.28391220105952e-10,0.8206197626515485,-1.0655178886167254,0.24489812596516378,-0.9843842631000105,1.370974853643197,-0.38659059054316686,0.8406109129344898,-1.0757762734429555,0.2351653605084525,-0.3742734460578628,0.999999854287118,-0.7871367852017613,0.6,-0.18713689157505087,0.4999999868548876,-0.37427342896498306,0.9999998608984662,0.6,-0.4415060344032117
1.2104208416833666,0.24572121213181305,0.0005973558343076868,456.3213934235323,-8.78102969264888e-10,0.8042681476491169,0.2681081883754498,-1.0723763360245773,-1.0717572745362172,-0.2625702434263101,1.3343275179625487,0.8057660277285142,0.28462542717636885,-1.0903914549048956,-0.37427343929942414,0.9999998570121155,-0.7871367830434642,0.6,-0.18713688000299805,0.4999999846856562,-0.3742734226657281,0.9999998639488654,0.6,-0.44300612829419955
1.2144288577154307,0.24572121213226647,0.0005973558379103916,457.83237987014826,-7.963177811195168e-10,-0.7244707597630023,1.0975698262531624,-0.37309906649014124,0.8562573521572262,-1.4023647473774696,0.5461073952202261,-0.7442828428856157,1.109802822987641,-0.36551998010200604,-0.37427343271778496,0.9999998598625055,-0.7871367809027611,0.6,-0.18713686865448995,0.49999998266220863,-0.3742734165098676,0.9999998671157967,0.6,-0.4445062221602211
1.2184368737474949,0.24572121213192985,0.0005973558416136932,459.3433663167638,-7.286543575372839e-10,-0.8908775235891333,-0.13689541534928112,1.0277729389384376,1.1741215401222096,0.09491971038279765,-1.2690412505050344,-0.8947439084709076,-0.15195022059050267,1.0466941290614333,-0.3742734263148774,0.9999998628265176,-0.7871367786418896,0.6,-0.18713685753910086,0.49999998078034674,-0.37427341058914115,0.9999998703607558,0.6,-0.44600631600200846
1.222444889779559,0.24572121213068718,0.0005973558448807205,460.8543527633742,-7.979329172796956e-10,0.6179677270720414,-1.1139354606880054,0.4959677336159559,-0.715892937242482,1.413712252681585,-0.6978193154390888,0.6373175909317698,-1.1279682361083905,0.49065064517661217,-0.37427342009593273,0.9999998658919649,-0.7871367762658991,0.6,-0.18713684666545075,0.49999997903628224,-0.3742734048039573,0.9999998736717819,0.6,-0.4475064098203411
1.2264529058116231,0.24572121213064047,0.0005973558480676996,462.3653392099875,-7.956172272625467e-10,0.9647545877691959,0.0037261506444723203,-0.9684807384136818,-1.2597054106977332,0.07408740376593337,1.185618006931824,0.9709342174378504,0.017103358583214857,-0.9880375760210794,-0.3742734140590638,0.9999998690479054,-0.7871367738401654,0.6,-0.18713683604123077,0.49999997742574936,-0.3742733992313124,0.999999877049899,0.6,-0.4490065036159336
1.2304609218436873,0.24572121212692113,0.0005973558512029046,463.8763256565988,-8.506772432650194e-10,-0.502632794811451,1.1143808967063158,-0.6117481018948492,0.5652970896213528,-1.4048551925683115,0.8395581029469472,-0.5212438927727663,1.130012895716452,-0.6087690029436695,-0.3742734082107573,0.9999998722833789,-0.7871367712570191,0.6,-0.187136825673252,0.4999999759446818,-0.3742733938524756,0.9999998804629021,0.6,-0.45050659738959337
1.2344689378757514,0.24572121212221104,0.0005973558539796298,465.3873121032155,-7.701486120050046e-10,-1.0248435562564318,0.12949636309820278,0.8953471931582542,1.3272857928920045,-0.24203566846328078,-1.085250124428751,-1.0332481145570906,0.11798793730037867,0.9152601772567379,-0.3742734025475481,0.9999998755878177,-0.7871367685634475,0.6,-0.18713681556746403,0.49999997458902373,-0.3742733886325412,0.9999998839090919,0.6,-0.4520066911420338
1.2384769539078155,0.24572121212107698,0.0005973558568466309,466.89829854983077,-7.283978369006166e-10,0.38011432607256507,-1.098899794469656,0.7187854683970862,-0.40662211641159385,1.3759201830447043,-0.9692980666331021,0.3977206707528409,-1.1159076071421699,0.7181869363893242,-0.3742733970733309,0.9999998789515843,-0.7871367659439218,0.6,-0.18713680572900482,0.4999999733544179,-0.3742733836544876,0.9999998874127489,0.6,-0.45350678487404367
1.2424849699398797,0.24572121211817746,0.0005973558593005852,468.40928499645116,-5.649386844270074e-10,1.0702856342648701,-0.2608681351813065,-0.8094174990835812,-1.3758968314203541,0.40652480107794814,0.9693720303424346,1.0807950026832398,-0.2513929679670538,-0.8294020347162041,-0.3742733917864053,0.9999998823647077,-0.7871367632107324,0.6,-0.18713679616222328,0.49999997223692405,-0.3742733788260635,0.9999998909284975,0.6,-0.45500687858636085
1.2464929859719438,0.2457212121158553,0.0005973558618507998,469.92027144306815,-4.893180497037402e-10,-0.252163332509357,1.0677134134967612,-0.815550080987395,0.24213577400897945,-1.3273207701138494,1.0851849961048636,-0.26851329791516976,1.085853967703031,-0.8173406697878518,-0.37427338668768084,0.9999998858183655,-0.7871367604671234,0.6,-0.18713678687072052,0.499999971232195,-0.374273374222494,0.9999998944664399,0.6,-0.4565069722797469
1.250501002004008,0.2457212121135223,0.000597355863969183,471.43125788968416,-4.3954288736766553e-10,-1.1004313805380217,0.3885116278598823,0.7119197526781653,1.4048438024457934,-0.5652039563145831,-0.8396398461312393,-1.112895360950382,0.3812051353375009,0.731690225612907,-0.3742733817769485,0.9999998893034434,-0.7871367576907611,0.6,-0.1871367778573801,0.4999999703362871,-0.37427336975658376,0.9999998980131131,0.6,-0.45800706595495433
1.254509018036072,0.24572121211134823,0.0005973558661986993,472.9422443362998,-4.05843330466405e-10,0.12060846253140334,-1.0212674631427918,0.9006590006113901,-0.07418886749882711,1.2597515248912328,-1.1855626573924052,0.1354683789541954,-1.0402814936254139,0.90481311467122,-0.374273377051879,0.9999998928120281,-0.7871367548967516,0.6,-0.18713676912439983,0.49999996954483783,-0.3742733655197353,0.9999999015632164,0.6,-0.459507159612709
1.2585170340681362,0.24572121211114964,0.0005973558681473273,474.45323078290994,-5.03693973814362e-10,1.1148499515748536,-0.5106025825150022,-0.6042473690598716,-1.41371298814395,0.7158053159128317,0.6979076722311447,1.1290904117816198,-0.5055691870227838,-0.6235212247588561,-0.374273372514586,0.9999998963357626,-0.7871367521766485,0.6,-0.18713676067333054,0.4999999688539655,-0.3742733614152386,0.9999999051253411,0.6,-0.46100725325378056
1.2625250501002003,0.2457212121158603,0.0005973558700621706,475.96421722952294,-5.389334437448746e-10,0.012670125809648759,0.9602257311750729,-0.9728958569847195,-0.09481833427558536,-1.1741781423683901,1.2689964766439767,-0.00048736670416762995,0.9798415048075403,-0.9793541381033702,-0.37427336815950474,0.9999998998674513,-0.7871367496101117,0.6,-0.18713675250509718,0.4999999682594133,-0.3742733575121861,0.9999999087074384,0.6,-0.4625073468788549
1.2665330661322645,0.2457212121125598,0.0005973558720570766,477.4752036761346,-6.097315590860879e-10,-1.113335269161983,0.6253960907859564,0.48793917837605233,1.402377620970125,-0.8561765056607307,-0.5462011153094206,-1.1291486900346668,0.6227077309296656,0.5064409591050275,-0.3742733639898945,0.9999999033999318,-0.7871367467732975,0.6,-0.18713674462004493,0.4999999677571396,-0.3742733538066297,0.9999999122219067,0.6,-0.4640074404887011
1.2705410821643286,0.24572121211012155,0.0005973558737875983,478.98619012275174,-5.470389786331472e-10,-0.14576763595155767,-0.8854605788770291,1.0312282148285943,0.2624704061306757,1.0718235402352074,-1.3342939463658898,-0.13450061369080166,-0.9053977396776555,1.039898353368464,-0.3742733599995138,0.9999999069262511,-0.7871367439660791,0.6,-0.18713673701795389,0.4999999673432531,-0.37427335024873526,0.9999999157187415,0.6,-0.46550753408398643
1.2745490981963927,0.24572121211029813,0.0005973558756074929,480.4971765693685,-4.986979351177579e-10,1.0959089547964165,-0.7312515247472805,-0.36465743004915385,-1.3709996624296086,0.9843113368754934,0.38668832555414445,1.113069330195712,-0.7309466220466354,-0.38212270814909516,-0.3742733561890315,0.9999999104403219,-0.7871367412494837,0.6,-0.18713672969808395,0.4999999670136292,-0.3742733469045945,0.99999991920296,0.6,-0.46700762766543796
1.2785571142284569,0.2457212121087003,0.0005973558770983048,482.0081630159896,-3.401655991800126e-10,0.27678185480593664,0.7980405798181837,-1.0748224346241215,-0.42637129247312683,-0.9541506270566534,1.3805219195297884,0.26756632998550683,0.8180141891744452,-1.0855805191599535,-0.374273352554372,0.9999999139358164,-0.7871367384780394,0.6,-0.1871367226591943,0.4999999667645383,-0.37427334369870235,0.9999999226411073,0.6,-0.4685077212337286
1.282565130260521,0.24572121210737025,0.0005973558787027128,483.5191494626097,-2.0958039215364767e-10,-1.0628200943366162,0.8266560310574459,0.23616406327919542,1.3200276076846185,-1.098378552241255,-0.2216490554433899,-1.081082170084872,0.8287389421957339,0.25234322788916386,-0.3742733490936887,0.9999999174073753,-0.7871367357310247,0.6,-0.18713671589957823,0.4999999665919637,-0.3742733406971302,0.999999926042626,0.6,-0.4700078147895401
1.2865731462925851,0.24572121210520478,0.0005973558799534174,485.0301359092256,-1.8642078410568856e-10,-0.40384035285533454,-0.6992151233772592,1.1030554762326075,0.5841785536169197,0.8228411612134663,-1.4070197148303965,-0.3968080316092896,-0.7189397229635136,1.1157477545728158,-0.3742733458047188,0.999999920849326,-0.7871367329760212,0.6,-0.18713670941708965,0.49999996649232076,-0.3742733378132988,0.9999999293959038,0.6,-0.47150790833354395
1.2905811623246493,0.24572121210348694,0.0005973558813151886,486.54112235584057,-1.8677767146221985e-10,1.0145416027713543,-0.9102461180215585,-0.10429548474981107,-1.250189963440301,1.1967479437789652,0.05344201966136279,1.0336443792594356,-0.9146870726807314,-0.11895730657872425,-0.3742733426825481,0.9999999242571088,-0.7871367302523091,0.6,-0.1871367032091686,0.49999996646166467,-0.3742733351347598,0.9999999327039142,0.6,-0.47300800186636965
1.2945891783567134,0.2457212121013436,0.0005973558824695751,488.0521088024518,-2.8266295744971877e-10,0.5251272382102321,0.5903966098391065,-1.1155238480493477,-0.7336368402600472,-0.6797717970300469,1.4134086372901087,0.5203786237725128,0.6095902996956517,-1.1299689234681727,-0.37427333972770144,0.9999999276256417,-0.7871367275676178,0.6,-0.18713669727287527,0.4999999664965806,-0.37427333256009787,0.9999999359629941,0.6,-0.47450809538869165
1.2985971943887775,0.24572121209994421,0.0005973558835090169,489.5630952490618,-4.077524420918251e-10,-0.9517634691332431,0.9808271378954927,-0.02906366876222721,1.1624848336501077,-1.2780136344386468,0.11552880078851606,-0.9714339402740406,0.987562672313978,-0.016128732039915303,-0.37427333693235043,0.9999999309508368,-0.7871367249487007,0.6,-0.1871366916049041,0.49999996659337126,-0.37427333013242714,0.999999939174597,0.6,-0.47600818890108654
1.3026052104208417,0.2457212120984376,0.0005973558848115395,491.0740816956737,-4.900234422578241e-10,-0.6389090966982056,-0.47314024582882874,1.112049342527047,0.8726101124779613,0.5269872468506435,-1.3995973593286242,-0.6365120547889678,-0.49152871368937273,1.1280407684783533,-0.3742733342980629,0.9999999342289605,-0.7871367223374021,0.6,-0.18713668620162513,0.4999999667483815,-0.37427332790964274,0.9999999423236424,0.6,-0.477508282404212
1.3066132264529058,0.2457212120999204,0.0005973558858817006,492.5850681422915,-4.261047788696717e-10,0.8753828832525425,-1.037390335613812,0.162007452361252,-1.0581656556795833,1.3410141595958682,-0.28284850391626337,0.895339915447335,-1.0463241804792278,0.1509842650318738,-0.3742733318170835,0.9999999374559327,-0.7871367198890942,0.6,-0.18713668105909212,0.49999996695839777,-0.37427332579829403,0.9999999454360842,0.6,-0.4790083758986198
1.31062124248497,0.24572121210067172,0.0005973558870619177,494.09605458890906,-3.701492977406753e-10,0.7435597808962449,0.34912184252102313,-1.092681623417284,-0.9991121971876992,-0.36667108757689043,1.3657832847646083,0.7435485716888521,0.36644228421282965,-1.1099908559016978,-0.3742733294884433,0.9999999406286374,-0.7871367174458371,0.6,-0.1871366761730809,0.49999996721991014,-0.3742733238605288,0.999999948478899,0.6,-0.4805084693849128
1.314629258517034,0.24572121210147485,0.0005973558879665458,495.6070410355297,-2.318183118983912e-10,-0.7864914609035399,1.0791273121015084,-0.2926358511979533,0.938723337953271,-1.3848491210013292,0.4461257830480384,-0.8064498333130499,1.0901317901642493,-0.28368195685118386,-0.3742733273069745,0.9999999437437174,-0.7871367150511319,0.6,-0.18713667153910282,0.499999967529792,-0.3742733220341575,0.9999999514574041,0.6,-0.48200856286364085
1.3186372745490982,0.24572121210150333,0.0005973558889922658,497.11802748215246,-4.876116468989243e-11,-0.8375836113451971,-0.22011383612101276,1.0576974474662262,1.1113351091268453,0.20111451057049815,-1.3124496196973674,-0.8399583949716123,-0.23611870892255407,1.0760771038941825,-0.37427332526928275,0.9999999467986158,-0.7871367126618705,0.6,-0.1871366671524326,0.4999999678847014,-0.37427332037983335,0.9999999543610275,0.6,-0.4835086563353525
1.3226452905811623,0.2457212121003874,0.0005973558897398652,498.6290139287681,-4.192582908103906e-11,0.6863596219685604,-1.1054415622396596,0.41908194027108386,-0.8058649284695321,1.4088920290834501,-0.6030271006139012,0.7060340924697551,-1.1183593997796786,0.4123253073099081,-0.37427332337239594,0.9999999497904054,-0.7871367102945325,0.6,-0.18713666300812914,0.4999999682817383,-0.3742733188118685,0.9999999571902801,0.6,-0.4850087498005893
1.3266533066132264,0.24572121210024214,0.000597355890580251,500.14000037538347,-4.757753445247425e-11,0.9196368212371101,0.08796000162443111,-1.007596822861561,-1.207674992973966,-0.03268364066332429,1.2403586336373138,0.9243636602546766,0.1024205658112633,-1.0267842260659605,-0.37427332161006693,0.9999999527171599,-0.7871367079964278,0.6,-0.187136659101053,0.49999996871768165,-0.3742733174115195,0.99999995995251,0.6,-0.48650884325984056
1.3306613226452906,0.24572121209756215,0.0005973558912684106,501.6509868219964,-1.125415671031963e-10,-0.5764184520447396,1.1159570310395106,-0.5395385789947611,0.661489238149221,-1.4127992931093338,0.7513100549600995,-0.5955278358468338,1.130603606732365,-0.5350757708855209,-0.37427331998226876,0.9999999555764152,-0.7871367056794091,0.6,-0.18713665542589494,0.4999999691898204,-0.37427331608733483,0.9999999626287243,0.6,-0.48800893671364487
1.3346693386773545,0.2457212120945468,0.0005973558918424137,503.1619732686079,-2.1410710242520293e-10,-0.9885467625519595,0.045450938547986326,0.9430958240039915,1.2867550102991145,-0.13621433449566667,-1.1505406758034753,-0.9955580969386885,0.03274134890022398,0.962816748038483,-0.3742733184803409,0.9999999583665344,-0.787136703408233,0.6,-0.18713665197718277,0.49999996969522353,-0.3742733148734852,0.9999999652301709,0.6,-0.48950903016243724
1.3386773547094186,0.24572121209437317,0.000597355892702133,504.6729597152198,-3.0730373417381904e-10,0.45823921500279263,-1.1105234450476997,0.652284230044897,-0.5076596645217514,1.3965150833413977,-0.8888554188196371,0.4765104039762479,-1.126689429930982,0.6501790259547234,-0.3742733171048632,0.9999999610861766,-0.7871367012668489,0.6,-0.1871366487493155,0.4999999702310011,-0.37427331382523243,0.9999999677711291,0.6,-0.49100912360672877
1.3426853707414828,0.24572121209276243,0.0005973558933024912,506.1839461618355,-3.099186998292362e-10,1.043328561136902,-0.17821230343851713,-0.8651162576984074,-1.3474449519315754,0.30316555724083905,1.0442793946907645,1.052524184694541,-0.16743533081051865,-0.8850888538840445,-0.3742733158479865,0.9999999637335748,-0.787136699145779,0.6,-0.18713664573656583,0.49999997079471503,-0.3742733128477192,0.9999999702300355,0.6,-0.49250921704693157
1.3466933867735469,0.2457212120917668,0.000597355894077147,507.69493260845275,-2.70095155096221e-10,-0.333510901561841,1.0892184529107045,-0.7557075513488585,0.3465747074121706,-1.3602721235386706,1.0136974161264927,-0.3506827676034544,1.106672804987436,-0.755990037383976,-0.3742733147079455,0.9999999663078567,-0.7871366970986629,0.6,-0.18713664293311008,0.4999999713836324,-0.3742733120048077,0.9999999726161414,0.6,-0.4940093104834999
1.350701402805611,0.24572121209246986,0.0005973558945801343,509.2059190550706,-2.1796946056973434e-10,-1.0831992891511142,0.3084266907238072,0.7747725984273266,1.3888774389642724,-0.4657839911610234,-0.9230934478032745,-1.094447783038129,0.2997363588559454,0.7947114241822024,-0.37427331367945726,0.9999999688078051,-0.7871366951845721,0.6,-0.18713664033303679,0.4999999719954216,-0.3742733112323387,0.9999999749399301,0.6,-0.4955094039168398
1.3547094188376752,0.2457212120941534,0.0005973558952523381,510.7169055016941,-2.6295205201613377e-11,0.20401610648692525,-1.052346541864684,0.8483304353778006,-0.18053656225373912,1.3045883952430661,-1.1240518329892975,0.21984323285700533,-1.0708398110200228,0.850996578163048,-0.3742733127586052,0.9999999712329932,-0.7871366933367198,0.6,-0.18713663793036625,0.49999997262750423,-0.37427331060450125,0.9999999771885937,0.6,-0.49700949734735084
1.3587174348697393,0.24572121209511844,0.0005973558957085783,512.2278919483105,-1.4295358017293879e-11,1.107589108193364,-0.4342330955000386,-0.6733560126933235,-1.410460320027363,0.6217455218260379,0.7887147982013677,1.1207297151684945,-0.42775360784719674,-0.6929761073213216,-0.3742733119425623,0.9999999735824356,-0.7871366915549252,0.6,-0.18713663571906536,0.4999999732778018,-0.3742733100268965,0.999999979361515,0.6,-0.49850959077543117
1.3627254509018034,0.24572121209742928,0.0005973558962334108,513.7388783949273,9.88155629644689e-12,-0.07160553883830247,1.0004346326575075,-0.9288290938192846,0.011918209207012313,-1.2302596666101224,1.2183414574031475,-0.08586172556240652,1.0197025211554027,-0.933840795593077,-0.3742733112246031,0.9999999758560848,-0.787136689858179,0.6,-0.187136633693058,0.49999997394390916,-0.3742733095756831,0.9999999814627035,0.6,-0.5000096842014206
1.3667334669338675,0.24572121209500747,0.0005973558966497299,515.2498648415416,-2.98976893120498e-11,-1.1161494214038952,0.5538335025899532,0.562315918813806,1.4118851030125075,-0.7688211561285633,-0.6430639468838324,-1.1309943356920873,0.5496574627911652,0.5813368729007852,-0.3742733106050466,0.9999999780533717,-0.7871366880611582,0.6,-0.1871366318462482,0.4999999746238763,-0.3742733091768898,0.9999999834567467,0.6,-0.5015097776257154
1.3707414829659317,0.24572121209332046,0.0005973558969274875,516.7608512881565,-5.502233697835026e-11,-0.061828400527945936,-0.9342246724905968,0.9960530730184918,0.15687047427277784,1.1383482513740892,-1.295218725646855,-0.049346900262503414,-0.9539917950658191,1.0033386953282724,-0.374273310075076,0.9999999801743237,-0.7871366863457215,0.6,-0.18713663017251872,0.49999997531561624,-0.37427330884823706,0.9999999853787337,0.6,-0.5030098710486031
1.3747494989979958,0.24572121209333458,0.0005973558975103517,518.2718377347687,-1.5269556152376318e-10,1.1087579139657957,-0.6655186108049106,-0.4432393031608463,-1.3931314597596176,0.9049089227006605,0.4882225370588481,1.1250949703639246,-0.6637056991038788,-0.4613892712600038,-0.3742733096351567,0.9999999822192625,-0.7871366847389819,0.6,-0.18713662866575975,0.4999999760170374,-0.37427330864628233,0.9999999872339596,0.6,-0.5045099644704485
1.37875751503006,0.2457212120917174,0.0005973558978250327,519.7828241813838,-1.657784494956893e-10,0.19437869682374306,0.8546629485498003,-1.0490416453735716,-0.32341718892778204,-1.0301677916910161,1.3535849806187736,0.18385026527874593,0.8746468026905957,-1.0584970679693706,-0.3742733092779325,0.999999984188031,-0.7871366831378177,0.6,-0.18713662731986525,0.4999999767264811,-0.37427330848347745,0.9999999890036666,0.6,-0.506010057891524
1.382765531062124,0.24572121209065356,0.000597355898364813,521.2938106280009,-1.3979774254675302e-10,-1.0855202403027036,0.7676922464003388,0.31782799390223576,1.3544674351394508,-1.028063891651405,-0.32640354348794176,-1.1031159514006375,0.7682683709832373,0.334847580417272,-0.3742733090017004,0.99999998608124,-0.787136681613526,0.6,-0.18713662612875634,0.4999999774420188,-0.3742733084193806,0.9999999907019725,0.6,-0.5075101513121406
1.3867735470941882,0.24572121208912942,0.0005973558986377012,522.8047970746152,-1.8036747908946415e-10,-0.32415096755434786,-0.7628865319038988,1.0870374994581833,0.48534167945811224,0.9072643479734267,-1.392606027431502,-0.3157260751195133,-0.7828015102976745,1.098527585417125,-0.37427330880153986,0.999999987899083,-0.7871366801517014,0.6,-0.18713662508638348,0.4999999781621122,-0.3742733083870448,0.999999992326942,0.6,-0.5090102447325648
1.3907815631262523,0.2457212120882589,0.0005973558990948084,524.3157835212346,-8.919843084438183e-11,1.0467685042781822,-0.8588941613471599,-0.18787434293096633,-1.2964455993243802,1.1365259520465243,0.1599196472777678,1.0653713966073275,-0.8618510899344244,-0.20352030667285217,-0.3742733086737514,0.9999999896424902,-0.7871366787412877,0.6,-0.18713662418674012,0.49999997888495923,-0.3742733084620195,0.9999999938776543,0.6,-0.5105103381530569
1.3947895791583165,0.24572121208739262,0.0005973558993454173,525.82676996785,-1.0320214271390358e-10,0.4492905283933277,0.6602070675501315,-1.1094975959434563,-0.6403297488562444,-0.7713944309194122,1.4117241797756075,0.4430895834201386,0.679768549344569,-1.122858132764705,-0.3742733086160105,0.9999999913117337,-0.787136677433752,0.6,-0.18713662342387227,0.49999997960926135,-0.3742733085463683,0.9999999953644907,0.6,-0.5120104315738793
1.3987975951903806,0.245721212091314,0.0005973558996722969,527.3377564144698,-1.0609600091586586e-11,-0.9930565414471261,0.9378209193671656,0.05523562207985259,1.2198951935314517,-1.2287449895304712,0.008849795999116328,-1.0124007516810047,0.9431163969308102,0.06928435475008524,-0.3742733086219251,0.9999999929079996,-0.7871366763300528,0.6,-0.18713662279188195,0.49999998033336074,-0.3742733087222195,0.9999999968081459,0.6,-0.5135105249952363
1.4028056112224447,0.245721212090365,0.0005973558999473594,528.8487428610846,-4.441338046463636e-11,-0.5680089104381563,-0.5480920382853968,1.1161009487234794,0.7861663457317323,0.6244998811439244,-1.410666226875594,-0.5641205379480587,-0.5670204561520591,1.1311409941000443,-0.37427330869231507,0.99999999443195,-0.7871366751098791,0.6,-0.18713662228494538,0.4999999810560062,-0.3742733089375541,0.9999999981489505,0.6,-0.5150106184173927
1.4068136272545089,0.24572121209234843,0.0005973559000372848,530.3597293077039,3.626070234565209e-11,0.9251519396727697,-1.0033444614518072,0.07819252177908151,-1.1259102025317047,1.3034029678877734,-0.1774927653561562,0.9449609959211259,-1.0109027998196416,0.06594180389856175,-0.37427330881902,0.9999999958845571,-0.7871366740382175,0.6,-0.18713662189730587,0.4999999817759153,-0.3742733091835053,0.9999999994386293,0.6,-0.5165107118405079
1.410821643286573,0.24572121209202205,0.0005973559004524758,531.8707157543167,-4.80333301818715e-11,0.678609390183255,0.4281437516396756,-1.1067531418228977,-0.920767169036165,-0.4686800630254013,1.3894472320614888,0.6770891610919503,0.4461685821683498,-1.1232577432602693,-0.37427330900268513,0.9999999972671804,-0.7871366729439669,0.6,-0.18713662162329667,0.4999999824917034,-0.3742733095252742,1.0000000006461565,0.6,-0.5180108052648154
1.4148296593186371,0.24572121209167944,0.0005973559005839176,533.3817022009333,-3.224474577096019e-11,-0.8440252250290928,1.054528373374489,-0.210503148345482,1.0158339035542354,-1.3594329381893127,0.34359903463515784,-0.8640160253851725,1.0642415551081408,-0.20022552972305546,-0.37427330923696545,0.9999999985806016,-0.7871366718953616,0.6,-0.18713662145733345,0.49999998320242517,-0.3742733098766724,1.0000000017859516,0.6,-0.5195108986904673
1.4188376753507013,0.24572121209096678,0.0005973559009700087,534.89268864755,-2.0512142417552512e-11,-0.7795112905895051,-0.30207650606845016,1.0815877966578737,1.0422085319023207,0.30616194841710936,-1.348370480319348,-0.7803809301359181,-0.31894014077150395,1.099321070907341,-0.3742733095203425,0.9999999998263036,-0.7871366708875867,0.6,-0.18713662139393009,0.4999999839068521,-0.37427331029787414,1.000000002858668,0.6,-0.5210109921176477
1.4228456913827654,0.2457212120895887,0.000597355901101163,536.4036750941632,-8.999532817597035e-11,0.7508358465530984,-1.0906411433763874,0.33980529682332855,-0.8912394747620295,1.3960341121705102,-0.5047946374085504,0.7707226819922179,-1.1023703446109678,0.33164766261879053,-0.37427330984902474,1.0000000010052743,-0.7871366699289168,0.6,-0.18713662142769838,0.4999999846041405,-0.374273310719429,1.0000000038673704,0.6,-0.522511085546509
1.4268537074148295,0.24572121208878467,0.0005973559014635189,537.9146615407807,-5.729407164432556e-11,0.869272549908393,0.17169204007621441,-1.0409645899845588,-1.1487548238213274,-0.1392682260725193,1.2880230498937564,0.8725196293586505,0.18715346622048432,-1.0596730955790854,-0.3742733102193755,1.0000000021192152,-0.7871366690184003,0.6,-0.18713662155335486,0.4999999852931502,-0.3742733112216429,1.0000000048138245,0.6,-0.524011178977189
1.4308617234468937,0.24572121208740696,0.0005973559015856137,539.4256479873949,-1.1030252591753053e-10,-0.6469156567011282,1.1111666634642496,-0.4642510067631892,0.7539076092937904,-1.412683409385927,0.6587758000921945,-0.6664143074533404,1.124744252012222,-0.4583299445589513,-0.3742733106304401,1.000000003169069,-0.787136668168023,0.6,-0.18713662176572737,0.49999998597324924,-0.3742733117032866,1.000000005701545,0.6,-0.525511272409844
1.4348697394789578,0.2457212120858406,0.0005973559017746466,540.9366344340131,-6.151174934542165e-11,-0.9466103311026088,-0.038853782663079955,0.985464113765595,1.238883317872223,-0.029615893145833183,-1.2092674247263,-0.9521884384312144,-0.052692028842859506,1.004880467273982,-0.37427331107592476,1.0000000041566162,-0.7871366673368873,0.6,-0.18713662205975187,0.49999998664344436,-0.3742733122375844,1.00000000652511,0.6,-0.5270113658445613
1.438877755511022,0.24572121208538245,0.0005973559019753983,542.4476208806265,-1.3224823483870937e-10,0.5337498606441057,-1.1158115847569627,0.5820617241128816,-0.6058010271161895,1.4091428841532048,-0.8033418570370627,0.5525816558451606,-1.1310435128461376,0.5784618570010034,-0.3742733115577925,1.0000000050832119,-0.7871366666091669,0.6,-0.18713662243048795,0.49999998730304906,-0.37427331279815074,1.0000000073016564,0.6,-0.5285114592815021
1.442885771543086,0.24572121208853648,0.0005973559019323349,543.9586073272483,7.595081121409824e-12,1.010419323775795,-0.09453976931753705,-0.9158795544581956,-1.3113059299390313,0.19807675320234067,1.1132291767365883,1.018248746703783,-0.08252247746003676,-0.9357262692436842,-0.37427331206838854,1.0000000059502343,-0.7871366660389039,0.6,-0.18713662287310673,0.4999999879514573,-0.3742733133492415,1.000000008043572,0.6,-0.5300115527207194
1.4468937875751502,0.24572121208738276,0.0005973559022459022,545.4695937738619,-5.074195945092516e-11,-0.4129558017995226,1.1045095212133866,-0.6915537194139129,0.44903644100844986,-1.3854631437745466,0.936426702766132,-0.43085160335083417,1.1211781021504055,-0.6903264987996222,-0.3742733126090823,1.0000000067596417,-0.7871366653701976,0.6,-0.1871366233829096,0.4999999885878104,-0.37427331398412805,1.000000008704347,0.6,-0.5315116461623447
1.4509018036072143,0.24572121208964015,0.000597355902272058,546.9805802204818,3.716957628277952e-11,-1.059787549425375,0.22658217652347276,0.8332053729018046,1.3649875454859044,-0.3637067353572811,-1.0012808101285169,-1.0697563921479663,0.21655758820314808,0.8531988039447196,-0.3742733131744185,1.0000000075125814,-0.7871366648522815,0.6,-0.18713662395531644,0.4999999892117742,-0.3742733146029047,1.00000000933284,0.6,-0.5330117396064336
1.4549098196392785,0.24572121208972014,0.0005973559025571547,548.4915666670985,4.680877870633085e-11,0.2862598362642885,-1.0774219685391715,0.7911621322748915,-0.28585428893212467,1.341982570059291,-1.0561282811271888,0.30296387959848814,-1.0952889773717023,0.7923250977732239,-0.3742733137635255,1.0000000082109364,-0.7871366643021551,0.6,-0.18713662458587813,0.49999998982266675,-0.3742733152713379,1.000000009896462,0.6,-0.5345118330530738
1.4589178356713426,0.2457212120897624,0.0005973559025883692,550.002553113713,1.7438151161300742e-12,1.094009455918709,-0.35538630512777264,-0.7386231507908639,-1.3991609666557958,0.5241386728884542,0.8750222937672325,1.1059752407096777,-0.347497689214495,-0.7584775514951089,-0.37427331437355355,1.0000000088560022,-0.7871366638078358,0.6,-0.1871366252702722,0.49999999042020266,-0.37427331591387986,1.00000001041355,0.6,-0.5360119265023275
1.4629258517034067,0.24572121208977546,0.0005973559028906474,551.5135395603296,1.515426408484995e-11,-0.15547269043595915,1.034936063246804,-0.8794633728108694,0.11858675354577991,-1.2793225747417318,1.1607358211959622,-0.17074624283748796,1.0537461441205107,-0.8829999012830482,-0.37427331500138916,1.0000000094497943,-0.7871366633414411,0.6,-0.18713662600430556,0.4999999910037522,-0.3742733166172306,1.0000000108810612,0.6,-0.5375120199542408
1.4669338677354709,0.2457212120888946,0.000597355902925289,553.0245260069423,-7.055706538160152e-11,-1.1125959605601696,0.47911130786576817,0.6334846526943032,1.4133378060768507,-0.6770796991733475,-0.7362581069033927,-1.1263876720728792,0.4734714064910665,0.6529162655817126,-0.3742733156472255,1.0000000099934936,-0.7871366628932756,0.6,-0.18713662678391874,0.49999999157319824,-0.37427331727781754,1.0000000112985656,0.6,-0.5390121134088878
1.470941883767535,0.24572121208790765,0.0005973559030514796,554.5355124535589,-5.909250114103444e-11,0.022463561115381177,-0.9776590366567632,0.955195475541373,0.05037559765688271,1.198378724016517,-1.248754321673396,0.036088334800893455,-0.9971433508411086,0.9610550160402074,-0.3742733163052416,1.0000000104891114,-0.7871366624563436,0.6,-0.18713662760517827,0.4999999921280259,-0.3742733179741502,1.0000000116672183,0.6,-0.540512206866271
1.4749498997995991,0.24572121208681186,0.00059735590322471,556.0464989001716,-1.500989552545327e-10,1.1152814408398413,-0.5959889340232707,-0.5192925068164921,-1.40731547202666,0.8203440193281776,0.5869714526983725,1.1307019705451486,-0.5926783519106188,-0.5380236186344511,-0.37427331697830357,1.0000000109381502,-0.7871366620888115,0.6,-0.18713662846429033,0.4999999926680343,-0.3742733186752078,1.000000011999332,0.6,-0.5420123003264731
1.4789579158316633,0.24572121208469902,0.0005973559031463132,557.5574853467908,-8.02704953604598e-11,0.11086661309017787,0.9064094931938034,-1.017276106283981,-0.21861799114992106,-1.1003078814676552,1.3189258726175592,0.09908534095750504,0.9262895842119216,-1.0253749251694269,-0.37427331765966176,1.0000000113421197,-0.787136661697681,0.6,-0.18713662935758466,0.4999999931930736,-0.37427331934528796,1.000000012279629,0.6,-0.543512393789472
1.4829659318637274,0.24572121208437325,0.0005973559033990902,559.0684717934063,-1.0079234279578156e-10,-1.1020275188214848,0.7043487937481201,0.3976787250732719,1.3811800399763923,-0.9518841338560156,-0.42929590612026913,-1.118856481955872,0.7034148466925618,0.4154416352632166,-0.374273318351099,1.0000000117031111,-0.7871366614098538,0.6,-0.18713663028153016,0.4999999937027071,-0.374273320085121,1.000000012533843,0.6,-0.5450124872553229
1.4869739478957915,0.24572121208388437,0.0005973559033364039,560.5794582400268,7.721507097003236e-12,-0.24261230153384233,-0.822205685120322,1.0648179866541383,0.3837359351502992,0.9865116010073491,-1.370247536157619,-0.23284290647040184,-0.8421974283271304,1.075040334797507,-0.37427331904825845,1.0000000120222676,-0.7871366611378567,0.6,-0.18713663123272198,0.4999999941970567,-0.37427332078054987,1.0000000127472852,0.6,-0.5465125807240141
1.4909819639278556,0.24572121208407866,0.0005973559035489521,562.0904446866435,2.054155452097836e-11,1.0730236024805335,-0.8026422197970922,-0.27038138268336503,-1.335305015278877,1.0698200835180138,0.2654849317607608,1.0910204846195675,-0.8040982568021531,-0.28692222781733673,-0.3742733197509094,1.0000000123015984,-0.7871366609243893,0.6,-0.18713663220788954,0.49999999467579853,-0.3742733215171501,1.000000012929944,0.6,-0.5480126741955657
1.4949899799599198,0.24572121208692688,0.0005973559034978376,563.6014311332611,5.733468247816775e-11,0.3708906215388491,0.7262510604317766,-1.097141681970606,-0.5433695979576514,-0.8586162804945339,1.4019858784521402,0.3632727254138703,0.7460687392432377,-1.109341464657089,-0.37427332045707595,1.0000000125423687,-0.7871366608384301,0.6,-0.187136633203891,0.49999999513905125,-0.3742733222128305,1.0000000130964697,0.6,-0.5495127676699766
1.498997995991984,0.24572121208849196,0.0005973559037346131,565.1124175798784,8.157367120797157e-11,-1.0286842151557938,0.8894644227775088,0.1392197923781978,1.2703460393828132,-1.1724663484157027,-0.09787969096701936,-1.047591808134895,0.8932896336701531,0.15430217446465277,-0.3742733211642647,1.000000012746569,-0.7871366607360964,0.6,-0.1871366342177131,0.49999999558655883,-0.3742733229533782,1.00000001322187,0.6,-0.551012861147231
1.503006012024048,0.2457212120890555,0.0005973559037095746,566.6234040264908,-2.3653165350048833e-11,-0.49386822837801914,-0.6199169581908563,1.1137851865688309,0.6952375003181201,0.7184497365689869,-1.413687236887053,-0.4885107045438323,-0.639277339554164,1.1277880440979515,-0.37427332187350676,1.000000012915338,-0.7871366606265523,0.6,-0.18713663524647342,0.4999999960185509,-0.3742733236386647,1.0000000133091445,0.6,-0.5525129546273453
1.5070140280561122,0.24572121209051595,0.000597355903779897,568.1343904731058,-5.502635385170504e-11,0.9696430057514938,-0.963574513246001,-0.006068492505424412,-1.1872314441874303,1.2583558770579906,-0.07112443287065333,0.9891910789273187,-0.9697142251415858,-0.01947685378566162,-0.37427332257977436,1.000000013050598,-0.787136660557201,0.6,-0.18713663628741073,0.49999999643485943,-0.37427332434395627,1.0000000133695415,0.6,-0.554013048110268
1.5110220440881763,0.24572121208876552,0.0005973559039565349,569.6453769197184,-1.4508101805056848e-10,0.6097875438903311,0.5047231020722565,-1.114510645962548,-0.8371691716011629,-0.5680152232496772,1.405184394850776,0.6067669617250979,0.5233494893440506,-1.130116451069109,-0.37427332328640994,1.000000013153789,-0.7871366604392735,0.6,-0.18713663733789612,0.49999999683558444,-0.3742733250470134,1.0000000133875517,0.6,-0.555513141596026
1.5150300601202404,0.2457212120858171,0.000597355903926369,571.1563633663366,-9.523978300414285e-11,-0.8967438449208884,1.0239133777189664,-0.12716953279815607,1.087149158634728,-1.3262612126760458,0.23911205404140295,-0.9166530241702707,1.0322798464422163,-0.11562682227202499,-0.374273323987834,1.0000000132262998,-0.7871366602840084,0.6,-0.18713663839541586,0.4999999972208813,-0.3742733257129367,1.0000000133673124,0.6,-0.5570132350845534
1.5190380761523046,0.24572121208628575,0.0005973559041462519,572.6673498129533,-8.629965101154885e-11,-0.7169918795531615,-0.3823158361491886,1.0993077157022861,0.9671361643597691,0.40946273851225845,-1.3765989028719514,-0.7163514095005481,-0.3999420237602773,1.1162934332607615,-0.3742733246858818,1.0000000132700035,-0.7871366602708357,0.6,-0.18713663945758427,0.4999999975906449,-0.37427332642569555,1.0000000133442575,0.6,-0.5585133285758511
1.5230460921843687,0.24572121208502762,0.0005973559040862681,574.1783362595748,4.436484578086663e-11,0.8110285728930121,-1.0696186445969516,0.2585900717039946,-0.9715295179356803,1.3752118453801159,-0.4036823274445111,0.8310143174747907,-1.0800922957552994,0.24907797828056594,-0.37427332537752955,1.000000013285967,-0.787136660208671,0.6,-0.18713664052213078,0.4999999979452265,-0.37427332709064015,1.00000001328393,0.6,-0.5600134220698703
1.5270541082164328,0.2457212120842569,0.00059735590425966,575.6893227061926,8.111260238462118e-11,0.8139490952383944,0.2544445809479877,-1.068393676186326,-1.083281020736064,-0.24505828596132992,1.328339306697308,0.8156978906847282,0.27081865936427724,-1.0865165500489466,-0.3742733260626218,1.0000000132759739,-0.787136660188433,0.6,-0.18713664158690435,0.49999999828458574,-0.3742733277836744,1.0000000132051858,0.6,-0.5615135155665827
1.531062124248497,0.24572121208354464,0.000597355904122704,577.2003091528096,1.0127634105778876e-10,-0.7137222223942717,1.1000371114129297,-0.3863148890187191,0.8420249516665974,-1.4045081990741,0.5624832474075677,-0.7334989007352662,1.112468257242106,-0.378969356506903,-0.3742733267405146,1.0000000132410687,-0.7871366601852425,0.6,-0.18713664264986893,0.49999999860909833,-0.3742733284184101,1.0000000131046387,0.6,-0.5630136090659552
1.535070140280561,0.24572121208291892,0.0005973559042247713,578.7112955994261,1.0993643816592489e-10,-0.8992734963368721,-0.12293684504045016,1.0222103413772445,1.1839438156354831,0.07715150039338578,-1.2610953160287797,-0.9033865589191508,-0.13782479996227798,1.0412113588813516,-0.37427332740867303,1.000000013183057,-0.78713666020255,0.6,-0.1871366437090993,0.49999999891872626,-0.3742733290862417,1.0000000129848714,0.6,-0.5645137025679287
1.539078156312625,0.2457212120851743,0.0005973559041648597,580.2222820460374,-8.899240247175192e-12,0.6062154758230222,-1.1147340407783606,0.5085185649553791,-0.700486311071414,1.4137315687771461,-0.7132452577057863,0.6255004451646318,-1.1289450191893038,0.5034445740247143,-0.374273328069469,1.0000000131028923,-0.7871366603548404,0.6,-0.18713664476278502,0.4999999992138935,-0.37427332969687077,1.0000000128684001,0.6,-0.5660137960724924
1.5430861723446891,0.24572121209052641,0.0005973559041701555,581.7332684926513,-7.146821128878214e-11,0.9717456328426541,-0.01032788558458781,-0.9614177472580013,-1.2676859028517409,0.09185792127607162,1.1758279815755708,0.9781641907286825,0.0028611698298126632,-0.9810253605584291,-0.3742733287178812,1.0000000130022084,-0.7871366606193756,0.6,-0.18713664580921707,0.4999999994946632,-0.3742733303142895,1.0000000127529753,0.6,-0.5675138895795572
1.5470941883767533,0.24572121208845046,0.0005973559043483785,583.2442549392638,-1.665486868150135e-10,-0.4900447877574833,1.113499360981529,-0.6234545732240934,0.5489364251816359,-1.402750102914226,0.8538136777326324,-0.5085624303800316,1.129287072684737,-0.6207246423047545,-0.3742733293582272,1.0000000128822795,-0.7871366606571546,0.6,-0.1871366468468,0.49999999976127757,-0.3742733309364026,1.0000000125756199,0.6,-0.5690139830891242
1.5511022044088174,0.24572121208679362,0.0005973559043576994,584.7552413858816,-1.2836390639714417e-10,-1.0303297129400788,0.14344501246824926,0.8868847004717407,1.3333103746069768,-0.25955452269623047,-1.0737558519106427,-1.0389620248029388,0.13214335392305074,0.9068186708797984,-0.3742733299853612,1.0000000127441808,-0.7871366607179016,0.6,-0.18713664787403264,0.5000000000140987,-0.3742733315164482,1.0000000123850825,0.6,-0.5705140766010983
1.5551102204408815,0.24572121208800568,0.0005973559045498677,586.2662278324991,-1.0553317573728023e-10,0.36687045341099356,-1.0963507112141087,0.7294802578031361,-0.3895412190282683,1.371720731624511,-0.9821795125962727,0.3843561153627206,-1.113489517988365,0.7291334026256674,-0.3742733306016229,1.0000000125894524,-0.7871366608845215,0.6,-0.18713664888952056,0.5000000002532158,-0.3742733321262068,1.0000000121982333,0.6,-0.5720141701154547
1.5591182364729457,0.2457212120872865,0.0005973559045034032,587.7772142791208,3.561289992137471e-11,1.0741884969344115,-0.2745120428457598,-0.7996764540885758,-1.3798794073404195,0.4235416122749961,0.9563377950653154,1.0849111915111822,-0.26525930322942964,-0.8196518882816757,-0.3742733312046902,1.000000012418962,-0.7871366609896316,0.6,-0.1871366498919623,0.5000000004790909,-0.3742733326884323,1.0000000119847807,0.6,-0.5735142636321231
1.5631262525050098,0.2457212120868686,0.0005973559046580207,589.2882007257411,1.422592213207991e-10,-0.2384528735497618,1.0635332053633306,-0.8250803318135967,0.224578760790541,-1.3210869633648175,1.0965082025742943,-0.2546566528580254,1.0817781615370812,-0.8271215086790853,-0.37427333179483907,1.0000000122341792,-0.7871366611158253,0.6,-0.18713665088015347,0.500000000691836,-0.37427333327431356,1.0000000117616543,0.6,-0.5750143571510532
1.567134268537074,0.24572121208565534,0.0005973559045350371,590.7991871723582,1.5672863704666572e-10,-1.1026951651447283,0.4016557932210766,0.7010393719235558,1.4067274479097815,-0.5814755191827888,-0.8252519287268835,-1.1153549959822815,0.3945842103733101,0.7207707856088748,-0.37427333237212623,1.0000000120358614,-0.7871366612232381,0.6,-0.18713665185298126,0.500000000891954,-0.3742733337985624,1.0000000115222794,0.6,-0.576514450672195
1.571142284569138,0.24572121208477676,0.0005973559045995078,592.3101736189742,1.4808895699745506e-10,0.10662737017318258,-1.0155158784221552,0.9088885082489709,-0.056406665488212396,1.2515724669010038,-1.1951658014127946,0.12131768589332853,-1.0346062285926463,0.9132885426993169,-0.37427333293418785,1.0000000118255135,-0.7871366613430713,0.6,-0.18713665280941968,0.5000000010795229,-0.374273334353335,1.0000000112741403,0.6,-0.5780145441954684
1.5751503006012022,0.24572121208368022,0.0005973559045184415,593.8211600655861,3.386113740687753e-11,1.1154423123947927,-0.5230591525752758,-0.5923831598194426,-1.4134707917492195,0.7310990830202301,0.6823717087288768,1.1298583466359462,-0.5182697908632519,-0.6115885557726177,-0.3742733334843038,1.000000011603737,-0.7871366614890446,0.6,-0.18713665374853378,0.5000000012550972,-0.374273334838946,1.0000000110203304,0.6,-0.5795146377208514
1.5791583166332663,0.24572121208484995,0.0005973559044007498,595.3321465121975,-9.137810280021173e-11,0.026722035570474218,0.9529849873614317,-0.9797070229319158,-0.11257158533220196,-1.1641707324700517,1.2767423178022452,0.013755133024588324,0.9726479047240755,-0.9864030377486742,-0.3742733340175899,1.0000000113718017,-0.7871366617275616,0.6,-0.18713665466946466,0.500000001418866,-0.37427333530744744,1.0000000107750326,0.6,-0.5810147312482379
1.5831663326653305,0.24572121208313122,0.0005973559045824165,596.8431329588097,-1.971397656443887e-10,-1.112247746722794,0.6369870415067423,0.4752607052159569,1.400013046420924,-0.8702739015293837,-0.5297391448914269,-1.1282139536214284,0.6345483494879108,0.4936656041334205,-0.3742733345388482,1.0000000111309044,-0.7871366618531002,0.6,-0.18713665557144235,0.5000000015710325,-0.37427333580860694,1.0000000105002118,0.6,-0.5825148247776175
1.5871743486973946,0.24572121208543243,0.0005973559046052325,598.3541194054283,-1.455251525436762e-10,-0.15968953776650519,-0.8768341728250968,1.0365237105915805,0.27994098218416064,1.0601308343794016,-1.34007181656354,-0.14863136997178447,-0.8967886301130006,1.0454200000847644,-0.3742733350435089,1.0000000108816625,-0.7871366621421194,0.6,-0.18713665645376626,0.5000000017121113,-0.37427333626495474,1.000000010249184,0.6,-0.5840149183088862
1.5911823647294587,0.24572121208692416,0.0005973559047846395,599.8651058520461,-1.1150731695038182e-10,1.093157126337403,-0.7418112224683409,-0.35134590386898906,-1.3665465562187935,0.9970109168893454,0.3695356393293324,1.1104453217407155,-0.7417580555616381,-0.3686872661790036,-0.3742733355341648,1.0000000106252451,-0.7871366623973637,0.6,-0.18713665731581683,0.5000000018422884,-0.3742733367362261,1.0000000099856272,0.6,-0.5855150118420087
1.5951903807615229,0.24572121208804623,0.000597355904736097,601.3760922986672,9.95464026663153e-12,0.2903747813044111,0.7881517847582595,-1.0785265660626602,-0.44330950794975993,-0.9409397171228778,1.3842492250726035,0.28138339158051356,0.8081125977546716,-1.089495989335175,-0.37427333600904156,1.0000000103622886,-0.7871366626460963,0.6,-0.1871366581570428,0.5000000019620372,-0.3742733371649301,1.0000000097156099,0.6,-0.5870151053769086
1.599198396793587,0.2457212120885528,0.0005973559048622399,602.88707874529,1.6655779548908513e-10,-1.0584432541303321,0.8360335395595573,0.2224097145706811,1.3135495674502684,-1.1094987899804534,-0.20405077746970968,-1.0768063556209229,0.8383666570644076,0.2384396985564203,-0.3742733364687134,1.000000010093915,-0.7871366628659345,0.6,-0.1871366589769635,0.5000000020715365,-0.37427333761553916,1.0000000094359023,0.6,-0.5885151989135292
1.6032064128256511,0.24572121208788933,0.0005973559047509246,604.3980651919059,1.5579017714557167e-10,-0.4169100305263517,-0.6882052544412072,1.1051152849675159,0.6003423228785638,0.8083008364720197,-1.4086431593505366,-0.4101139229204611,-0.7078871464555839,1.1180010693760027,-0.3742733369137041,1.0000000098205757,-0.787136663059781,0.6,-0.18713665977516533,0.5000000021713232,-0.3742733380063794,1.0000000091476224,0.6,-0.5900152924518165
1.6072144288577153,0.24572121208808925,0.0005973559047851354,605.9090516385211,1.2860215860605005e-10,1.0086022803194683,-0.9183073940494381,-0.0902948862699612,-1.2417795449610038,1.206129885357541,0.035649659603366315,1.0277778470315853,-0.9229934534653915,-0.1047843935661254,-0.3742733373419065,1.0000000095434343,-0.7871366632727722,0.6,-0.18713666055129516,0.5000000022615231,-0.3742733384240466,1.0000000088605154,0.6,-0.5915153859916864
1.6112224448897794,0.24572121208604913,0.000597355904706678,607.4200380851339,4.133295843415757e-11,0.5374868714018783,0.5784230171525246,-1.1159098885543723,-0.7487951467448928,-0.6641098632872935,1.4129050100321283,0.5329831734525656,0.5975446975460454,-1.1305278709985804,-0.3742733377570598,1.0000000092628196,-0.7871366634292551,0.6,-0.18713666130506632,0.5000000023426941,-0.37427333877869057,1.000000008560485,0.6,-0.5930154795331164
1.6152304609218435,0.24572121208360906,0.0005973559045608752,608.9310245317448,-8.398586787500919e-11,-0.9443465632823547,0.9874569814223122,-0.04311041814004205,1.1522622453729316,-1.2855231993574328,0.1332609539845906,-0.9640605399730025,0.9944290069828754,-0.03036846700995892,-0.3742733381546716,1.000000008979635,-0.7871366635788339,0.6,-0.18713666203624268,0.5000000024150735,-0.37427333911083355,1.0000000082581548,0.6,-0.5945155730759997
1.6192384769539077,0.2457212120839085,0.0005973559047414656,610.4420109783568,-1.9009855208315614e-10,-0.6503820478285354,-0.46037406320075924,1.110756111029233,0.8865463231978016,0.5104275524671245,-1.3969738756648575,-0.64823512328939,-0.47866224823724673,1.126897371526575,-0.37427333853937195,1.0000000086948093,-0.7871366638000827,0.6,-0.18713666274465166,0.5000000024788537,-0.37427333948008334,1.0000000079687579,0.6,-0.5960156666203209
1.6232464929859718,0.24572121208291983,0.000597355904702542,611.9529974249726,-2.003750255507064e-10,0.8665944000556619,-1.0424939979494967,0.1758995978938918,-1.0462770126525995,1.3465440370176474,-0.3002670243651293,0.8865650362046418,-1.0516523442347534,0.16508730803017058,-0.37427333890746906,1.0000000084085852,-0.7871366639932725,0.6,-0.18713666343016624,0.5000000025345911,-0.3742733397945486,1.0000000076742606,0.6,-0.5975157601659843
1.627254509018036,0.24572121208246073,0.0005973559048706425,613.46398387159,-1.6764274721090341e-10,0.7539820783773917,0.33574552038337285,-1.0897275987607171,-1.0116271316682417,-0.34945029814393996,1.361077429812101,0.754222609771164,0.35293883895601397,-1.107161448727129,-0.3742733392612895,1.0000000081218658,-0.787136664200692,0.6,-0.18713666409271457,0.5000000025824498,-0.37427334012305974,1.0000000073832258,0.6,-0.5990158537129511
1.6312625250501,0.2457212120847102,0.000597355904812372,614.9749703182091,-9.93931508493813e-11,-0.7764570210122127,1.0826318744525023,-0.3061748534403604,0.9253385689019121,-1.3883203017528336,0.46298173285099314,-0.7963989029706878,1.0938456566001484,-0.2974467536295328,-0.3742733395998691,1.0000000078349913,-0.7871366645179346,0.6,-0.18713666473226967,0.5000000026228959,-0.37427334040955523,1.0000000071142177,0.6,-0.6005159472611529
1.6352705410821642,0.2457212120865899,0.0005973559049419534,616.4859567648327,8.760300876706169e-11,-0.8468063320056142,-0.20631855946558303,1.0531248914711229,1.1222499492123275,0.18347875886411077,-1.3057287080763502,-0.8494308858887232,-0.22217128831122668,1.0716021741998758,-0.37427333992336853,1.0000000075488173,-0.7871366647959416,0.6,-0.1871366653488506,0.5000000026560808,-0.37427334072514135,1.0000000068398778,0.6,-0.6020160408105313
1.6392785571142283,0.2457212120876153,0.0005973559048802607,617.9969432114489,9.155152677092967e-11,0.6752226342086984,-1.1072969405392818,0.43207430633062777,-0.7911753252359401,1.4102549082459712,-0.6190795830100936,0.6948507564869219,-1.1204058960450753,0.4255551395581996,-0.37427334023329717,1.000000007263477,-0.7871366650728979,0.6,-0.1871366659425202,0.5000000026825363,-0.37427334098380666,1.0000000065675627,0.6,-0.6035161343610435
1.6432865731462925,0.24572121208993775,0.0005973559049231848,619.5079296580657,1.0538786730266234e-10,0.9275281373055393,0.07394291902533265,-1.0014710563308071,-1.2168337199180719,-0.014884961441262022,1.2317186813592385,0.9324992094236491,0.08822849190098021,-1.0207277013245641,-0.37427334052708616,1.0000000069798187,-0.7871366653739684,0.6,-0.18713666651337804,0.5000000027023848,-0.37427334126523926,1.000000006302983,0.6,-0.6050162279126048
1.6472945891783566,0.24572121208780381,0.0005973559048795985,621.0189161046801,6.285810792879701e-11,-0.5643380664600705,1.1161366821744472,-0.5517986157144271,0.6457047200555386,-1.412034359578283,0.7663296395227943,-0.5833719051821159,1.130953457685427,-0.547581552503363,-0.3742733408092628,1.000000006697965,-0.7871366655252411,0.6,-0.1871366670615678,0.5000000027161137,-0.37427334149804703,1.0000000060132,0.6,-0.6065163214652043
1.6513026052104207,0.2457212120861512,0.000597355904728855,622.5299025512946,2.1273598784033906e-11,-0.9949938640657653,0.0594894975117806,0.9355043665539012,1.2940266919039773,-0.1539215656426574,-1.140105126261218,-1.002240397232708,0.04697524702061079,0.9552651502120134,-0.37427334107517407,1.0000000064184682,-0.7871366656890771,0.6,-0.18713666758726058,0.5000000027239724,-0.3742733417058244,1.0000000057297735,0.6,-0.6080164150187395
1.6553106212424848,0.2457212120865231,0.0005973559049012516,624.0408889979069,-7.850066883202899e-11,0.4453880787809447,-1.1090247892761005,0.6636367104951848,-0.49100581725702047,1.3936332562254061,-0.9026274389684238,0.463555604535262,-1.1253376218826912,0.6617820173474592,-0.3742733413295559,1.000000006141989,-0.7871366659090244,0.6,-0.18713666809066903,0.5000000027261152,-0.37427334195004625,1.0000000054610443,0.6,-0.609516508573201
1.659318637274549,0.24572121208516284,0.0005973559048358455,625.5518754445224,-9.325904755004452e-11,1.0482393211650043,-0.19207169875382318,-0.8561676224111067,-1.3527256857291845,0.32052826963698966,1.032197416092089,1.0576577531457279,-0.18150762097707926,-0.8761501321685737,-0.3742733415690913,1.0000000058685306,-0.7871366660710549,0.6,-0.18713666857203,0.5000000027230475,-0.37427334214472885,1.00000000518599,0.6,-0.6110166021285038
1.6633266533066131,0.24572121208440215,0.0005973559050105448,627.06286189114,-6.256999101386414e-11,-0.32007268730693056,1.0860629168271352,-0.7659902295202367,0.32928955228727963,-1.3553146007789754,1.026025048491722,-0.33711425363825565,1.103638665415291,-0.7665244117770681,-0.3742733417962025,1.0000000055987215,-0.7871366662493509,0.6,-0.18713666903161422,0.5000000027148993,-0.37427334235605236,1.0000000049188966,0.6,-0.6125166956846164
1.6673346693386772,0.24572121208325506,0.0005973559049360836,628.5738483377547,-9.731265293108536e-11,-1.0865035265253966,0.32190884600596437,0.7645946805193402,1.3920917523583034,-0.4825540380342909,-0.9095377143239031,-1.0979592496304296,0.3134459209157601,0.7845133287145765,-0.37427334201007495,1.0000000053326077,-0.7871366664306232,0.6,-0.1871366694697167,0.5000000027021149,-0.3742733425187656,1.000000004657504,0.6,-0.6140167892414807
1.6713426853707414,0.24572121208272682,0.0005973559050518821,630.084834784375,9.21677485918708e-13,0.19018287224862224,-1.047579223920313,0.8573963516716984,-0.16286713700032504,1.2976260240866022,-1.1347588870862892,0.20585492385812165,-1.066166700474443,0.8603117766163302,-0.3742733422108896,1.0000000050708389,-0.7871366666002525,0.6,-0.18713666988665803,0.5000000026847748,-0.3742733427141582,1.0000000043995598,0.6,-0.615516882799045
1.6753507014028055,0.24572121208229208,0.0005973559049789845,631.5958212309905,-1.7533354401605856e-11,1.1092396021762365,-0.4471453262690778,-0.6620942759070789,-1.4115622704052255,0.637683224507178,0.7738790458979379,1.1225688953374506,-0.4409045059544636,-0.6816643893829069,-0.3742733424004841,1.0000000048132665,-0.7871366668156096,0.6,-0.18713667028278352,0.5000000026633844,-0.37427334284691793,1.0000000041557324,0.6,-0.6170169763572803
1.6793587174348696,0.2457212120873959,0.000597355905013363,633.1068076776102,7.048013541695853e-11,-0.05757499412777095,0.9941237157022985,-0.9365487215745386,-0.005882950294750106,-1.2213920072266702,1.227274957521421,-0.07165354981801267,1.0134572785780043,-0.9418037287600037,-0.37427334257612466,1.0000000045605555,-0.7871366671990176,0.6,-0.18713667065845532,0.5000000026379847,-0.374273343008867,1.0000000039498491,0.6,-0.6185170699161089
1.6833667334669338,0.24572121208639466,0.0005973559050019019,634.6177941242249,3.6136581930705434e-11,-1.116122622795175,0.565991286930062,0.5501313358650209,1.4108590002216723,-0.783698763303165,-0.6271602369184004,-1.1311349904124814,0.562061766453681,0.5690732239587065,-0.37427334274277746,1.000000004312654,-0.7871366673628108,0.6,-0.18713667101406178,0.5000000026089819,-0.3742733431400788,1.0000000037084371,0.6,-0.6200171634755337
1.687374749498998,0.24572121208795208,0.0005973559048288774,636.1287805708439,1.0169765362413525e-10,-0.07585574087481901,-0.9264603129787479,1.0023160538535527,0.1745489649781229,1.127702004546394,-1.302250969524505,-0.0635718910765738,-0.946263640204535,1.0098355312810952,-0.37427334289570474,1.0000000040697932,-0.7871366676028844,0.6,-0.18713667135000026,0.5000000025766214,-0.37427334324284295,1.0000000034879433,0.6,-0.6215172570354612
1.691382765531062,0.24572121208792735,0.0005973559049960613,637.6397670174566,1.4944173515895003e-11,1.1070541703961259,-0.6767481787642533,-0.43030599163179584,-1.389991926463666,0.9185137907786249,0.47147813568493485,1.123535054214721,-0.6751861164191542,-0.4483489377954882,-0.37427334303960774,1.0000000038324448,-0.7871366677854363,0.6,-0.18713667166669207,0.5000000025409864,-0.3742733433840198,1.0000000032630756,0.6,-0.6230173505958929
1.6953907815631262,0.24572121208754025,0.0005973559048906923,639.1507534640735,2.2309109774783924e-11,0.20820235511336915,0.845556103869231,-1.0537584589825923,-0.3407203516476461,-1.0178950944310896,1.3586154460787094,0.19788876904578578,0.865546176037329,-1.0634349450831075,-0.37427334317140026,1.0000000036004173,-0.7871366679445227,0.6,-0.187136671964566,0.5000000025025151,-0.3742733434810394,1.000000003040495,0.6,-0.6245174441567553
1.6993987975951903,0.24572121208695386,0.0005973559050510095,640.6617399106905,3.4334377843585555e-11,-1.0821638829244278,0.777833094327295,0.30433078859703866,1.3492593180442973,-1.0402015665846855,-0.30905775145950715,-1.0998777389368062,0.7786608132131952,0.32121692572351657,-0.3742733432934619,1.0000000033741292,-0.7871366680927646,0.6,-0.18713667224406813,0.5000000024612828,-0.37427334359772285,1.0000000028226732,0.6,-0.626017537718028
1.7034068136272544,0.2457212120856754,0.0005973559049670999,642.1727263573041,-3.6992016476019585e-11,-0.3375733745053417,-0.7525673530430157,1.0901407275483224,0.502022214465948,0.8935405973670884,-1.395562811832997,-0.3293774514299476,-0.7724584717754681,1.1018359232053814,-0.37427334340517254,1.0000000031534235,-0.7871366682327822,0.6,-0.18713667250565308,0.5000000024176747,-0.3742733436678023,1.0000000026101237,0.6,-0.6275176312796661
1.7074148296593186,0.24572121208499884,0.0005973559051175206,643.6837128039217,-3.3494593473893854e-12,1.0418075024953395,-0.8678013551171753,-0.1740061473780919,-1.2892433306033277,1.1470229575775202,0.14222037302570664,1.0605011671167837,-0.8710070259029685,-0.18949414121374095,-0.3742733435065523,1.0000000029387752,-0.7871366683649763,0.6,-0.18713667274978543,0.5000000023717036,-0.374273343774795,1.0000000024032567,0.6,-0.629017724841628
1.7114228456913827,0.24572121208380882,0.0005973559050442518,645.194699250536,-5.692555378759334e-11,0.4621198541717618,0.6488230438902236,-1.1109428980619576,-0.6561492610800113,-0.7564157756347897,1.4125650367147489,0.456158729034926,0.668330928373271,-1.1244896574081689,-0.3742733435996714,1.0000000027298375,-0.7871366685074714,0.6,-0.18713667297693992,0.5000000023238175,-0.3742733438205049,1.0000000022051208,0.6,-0.6305178184038975
1.7154308617234468,0.24572121208250278,0.0005973559050412076,646.7056856971541,-1.1515698949052119e-11,-0.9865618034046931,0.9453671624858053,0.04119464091880262,1.210801705161189,-1.2374513000312948,0.026649594870199356,-1.0059681062516683,0.9509049657841706,0.05506314046741183,-0.3742733436817954,1.0000000025270332,-0.7871366686189515,0.6,-0.18713667318759383,0.5000000022740327,-0.3742733438809836,1.000000002008477,0.6,-0.632017911966409
1.719438877755511,0.24572121208227374,0.0005973559050562739,648.2166721437676,-8.708159713617366e-11,-0.5800617985353645,-0.5358058667090606,1.1158676652443735,0.8008987389298255,0.6084803888474279,-1.4093791277771914,-0.5764206670688119,-0.5546517141324045,1.131072381201165,-0.37427334375769633,1.0000000023303073,-0.7871366687762311,0.6,-0.18713667338223677,0.5000000022226014,-0.37427334393296163,1.0000000018273492,0.6,-0.6335180055291749
1.723446893787575,0.24572121208640169,0.0005973559048492845,649.7276585903895,5.2932246332363195e-11,0.9172163314265566,-1.0094219466678214,0.0922056152413311,-1.1150555276442085,1.3101942250856042,-0.19513869744148177,0.9370579285524,-1.017212745377984,0.0801548168256516,-0.37427334382304017,1.0000000021395885,-0.7871366690672227,0.6,-0.18713667356135463,0.5000000021697794,-0.37427334394750356,1.00000000167869,0.6,-0.6350180990921179
1.7274549098196392,0.24572121208553752,0.0005973559050066814,651.2386450370034,-1.398545234631088e-11,0.6897136038463654,0.41513104310077403,-1.10484464694709,-0.9342019235477229,-0.45184870632217916,1.3860506298698259,0.6884445073640983,0.4330455146532074,-1.1214900220172572,-0.3742733438819986,1.0000000019552917,-0.7871366691852125,0.6,-0.18713667372544399,0.5000000021155337,-0.37427334401268886,1.0000000015045651,0.6,-0.6365181926552451
1.7314629258517034,0.24572121208747924,0.0005973559048793698,652.7496314836222,5.3674335651032406e-11,-0.8347621301744877,1.0590502156615094,-0.2242880854870909,1.003373127489263,-1.364212038877297,0.36083891138811386,-0.8547554497637064,1.0689826660506283,-0.21422721628699298,-0.374273343932075,1.0000000017770347,-0.7871366693839533,0.6,-0.18713667387499758,0.5000000020602604,-0.3742733440363777,1.000000001352812,0.6,-0.6380182862185017
1.7354709418837675,0.2457212120875492,0.000597355905026085,654.2606179302387,5.803329924602896e-11,-0.789508121163677,-0.28852322245511824,1.0780313436187303,1.0541536301912604,0.28875926239834376,-1.3429128925895235,-0.7906291970093703,-0.30525028614534444,1.0958794831546492,-0.37427334397509,1.0000000016051052,-0.7871366695135396,0.6,-0.18713667401051315,0.500000002003965,-0.37427334408452334,1.0000000011951808,0.6,-0.6395183797818735
1.7394789579158316,0.24572121208743106,0.0005973559049258752,655.7716043768528,3.0772086837657452e-12,0.7403776414746279,-1.0935427050863742,0.3531650636118004,-0.8773506761279045,1.3987327428346392,-0.5213820667068029,0.7602369383012719,-1.1054748492770603,0.3452379109758439,-0.37427334401100454,1.0000000014391908,-0.7871366696482668,0.6,-0.1871366741324867,0.5000000019469771,-0.37427334408671326,1.0000000010454881,0.6,-0.6410184733453327
1.7434869739478958,0.2457212120874013,0.0005973559051060118,657.2825908234695,1.556752072441033e-11,0.8780191082509101,0.1577918759524393,-1.0358109842032843,-1.1590395245109752,-0.12154292040637393,1.2805824449172585,0.8815143322850744,0.17309247021625815,-1.0546068025012676,-0.37427334403919477,1.000000001279656,-0.7871366697681077,0.6,-0.1871366742414127,0.5000000018892378,-0.37427334412934893,1.0000000009002314,0.6,-0.6425185669088435
1.7474949899799597,0.24572121208650305,0.0005973559050271865,658.7935772700824,-6.318930775636263e-11,-0.6354118040543325,1.1124064664852586,-0.47699466243098,0.7387892799216949,-1.4132629891111246,0.6744737091894875,-0.6548532508406254,1.1261677701406076,-0.4713145193000382,-0.3742733440624104,1.0000000011260246,-0.7871366698657795,0.6,-0.18713667433778725,0.5000000018311327,-0.37427334411357754,1.000000000757476,0.6,-0.6440186604724079
1.7515030060120238,0.24572121208541592,0.0005973559050505807,660.3045637166995,-4.145645943471648e-11,-0.9539816028795804,-0.02480540059522767,0.9787870034747327,1.2473606265708175,-0.0474104866222789,-1.199950139948435,-0.9598010144054023,-0.03846085142952247,0.9982618658348459,-0.3742733440772399,1.0000000009786187,-0.7871366699287434,0.6,-0.18713667442209792,0.5000000017726084,-0.3742733441175644,1.000000000615361,0.6,-0.645518754035965
1.755511022044088,0.24572121208452422,0.000597355905115483,661.8155501633122,-1.2901976741260122e-10,0.5213647765998808,-1.115371913174268,0.5940071365744256,-0.5896692415949658,1.4075951331400804,-0.8179258915451623,0.5401105196671703,-1.1307657024437352,0.5906551827766043,-0.37427334408885743,1.000000000837252,-0.7871366700286528,0.6,-0.1871366744948365,0.5000000017138618,-0.37427334411468155,1.000000000486773,0.6,-0.6470188475995431
1.759519038076152,0.2457212120827679,0.0005973559049307773,663.3265366099316,-5.3979511626753186e-11,1.0163099707691619,-0.108535589484173,-0.9077743812849115,-1.3178546953196058,0.2156863135375107,1.102168381781992,1.0243704099050253,-0.09672044342738234,-0.9276499664775646,-0.3742733440927547,1.0000000007017193,-0.7871366700707498,0.6,-0.1871366745564822,0.5000000016551067,-0.374273344068097,1.000000000354122,0.6,-0.6485189411630744
1.7635270541082162,0.2457212120824438,0.0005973559050897448,664.8375230565468,-7.743438558301106e-11,-0.3998664953029597,1.1023966625473742,-0.702530167244448,0.43212175313198875,-1.3818101803991476,0.9496884272671925,-0.4176486251374365,1.119202935053332,-0.7015543099159306,-0.3742733440928927,1.0000000005724234,-0.7871366701658332,0.6,-0.1871366746075166,0.5000000015962,-0.3742733440853539,1.000000000238143,0.6,-0.6500190347265754
1.7675350701402803,0.24572121208242223,0.0005973559049319966,666.3485095031674,2.4640575107199845e-11,-1.064113395386735,0.24032540837898914,0.8237879870076623,1.3695141848449575,-0.38087958983319276,-0.9886345950116556,-1.0742996619716714,0.23051942673582734,0.8437802352357602,-0.37427334408697105,1.0000000004487797,-0.7871366702559913,0.6,-0.18713667464841047,0.500000001537537,-0.3742733440496093,1.0000000001277456,0.6,-0.6515191282900038
1.7715430861723445,0.24572121208363157,0.0005973559050595495,667.8594959497844,3.869443934577116e-11,0.2726533870712791,-1.0736661454173435,0.8010127583460848,-0.2683984518293819,1.3362766353151763,-1.0678781834858149,0.2892177658190468,-1.0916447118694148,0.8024269460503901,-0.37427334407662566,1.00000000033111,-0.7871366703868847,0.6,-0.18713667467963174,0.5000000014789975,-0.37427334405387236,1.0000000000315454,0.6,-0.6530192218533551
1.7755511022044086,0.2457212120860683,0.0005973559049258863,669.370482396401,5.1250639730063034e-11,1.096708704005219,-0.36868054238672504,-0.7280281616184094,-1.40160083291012,0.5406294068075156,0.8609714261024947,1.108875218771999,-0.3610238700536257,-0.747851348718288,-0.3742733440619439,1.0000000002189462,-0.7871366705627606,0.6,-0.18713667470164044,0.5000000014208927,-0.37427334401088175,0.9999999999500133,0.6,-0.6545193154166133
1.7795591182364727,0.24572121208744413,0.0005973559050862111,670.8814688430178,6.675719272868736e-11,-0.14154355634150093,1.0295909601150333,-0.888047403773547,0.10083924040645598,-1.2716452325148946,1.1708059921084468,-0.1566534488063997,1.048484872515359,-0.8918314237089746,-0.3742733440420496,1.0000000001125977,-0.7871366706954424,0.6,-0.18713667471488843,0.5000000013630937,-0.37427334401194845,0.9999999998667595,0.6,-0.6560194089797501
1.7835671342685369,0.24572121208781578,0.0005973559049912174,672.3924552896295,-3.9499882788406976e-11,-1.113630006763451,0.4917665477165951,0.6218634590467658,1.4136559946038094,-0.6926526230404504,-0.7210033715632491,-1.1276028846613193,0.4863686120649392,0.641234272596289,-0.3742733440199145,1.0000000000115137,-0.7871366707892871,0.6,-0.18713667471982337,0.5000000013059339,-0.37427334395654055,0.9999999997819473,0.6,-0.657519502542781
1.787575150300601,0.24572121208889963,0.0005973559049997298,673.9034417362451,-6.196563574079386e-11,0.008410807838206996,-0.9708010031359663,0.962390195297757,0.06816114873004737,1.1888396532797227,-1.2570008020097643,0.0218502634083787,-0.9903402257819002,0.9684899623735208,-0.37427334399183765,0.9999999999159501,-0.7871366708853268,0.6,-0.18713667471687886,0.500000001249302,-0.3742733439233329,0.999999999703772,0.6,-0.6590195961056522
1.7915831663326651,0.2457212120872942,0.0005973559051095919,675.4144281828576,-1.514468998901091e-10,1.1146354871535298,-0.607824300352993,-0.5068111868004519,-1.405507409118398,0.8347765535859921,0.5707308555322954,1.130215029605736,-0.6047622482628603,-0.5254527813427909,-0.3742733439630566,0.9999999998256789,-0.7871366709228014,0.6,-0.1871366747064882,0.5000000011933337,-0.3742733438889369,0.9999999996201034,0.6,-0.6605196896684024
1.7955911823647293,0.2457212120844122,0.0005973559050133649,676.925414629476,-9.446808231335662e-11,0.1248421423126232,0.8981365478027864,-1.022978690115404,-0.23618738663178573,-1.0890434054692442,1.3252307921010107,0.1132651978814807,0.9180418345083898,-1.0313070323898663,-0.37427334392906797,0.9999999997404542,-0.7871366708909653,0.6,-0.1871366746890669,0.5000000011381781,-0.3742733438204977,0.9999999995291393,0.6,-0.6620197832309738
1.7995991983967934,0.24572121208481662,0.0005973559051769305,678.4364010760927,-8.871705304489385e-11,-1.0997107960250447,0.7151951332232593,0.38451566280169525,1.3772715608088042,-0.9649700032491806,-0.4123015575595161,-1.116674343669513,0.7145127279406085,0.40216161572881315,-0.3742733438934751,0.9999999996605397,-0.7871366709710954,0.6,-0.18713667466502865,0.5000000010836896,-0.37427334380559163,0.9999999994648254,0.6,-0.663519876793389
1.8036072144288575,0.24572121208364586,0.0005973559050576347,679.9473875227142,3.94531928703913e-11,-0.25631086929882374,-0.8126360751876426,1.0689469444864443,0.4008380760846208,0.973682727215495,-1.3745208033000833,-0.2467618915503336,-0.8326229407238712,1.0793848322741832,-0.3742733438541973,0.9999999995853924,-0.7871366709816456,0.6,-0.18713667463477257,0.5000000010301627,-0.37427334374778765,0.9999999993927527,0.6,-0.6650199703556172
1.8076152304609217,0.24572121208293415,0.0005973559051824061,681.4583739693319,7.133824700123463e-11,1.0690692337417118,-0.8123445247840926,-0.25672470895753824,-1.3293519934997782,1.0813722747521335,0.24797971874754118,1.0871743474672546,-0.8140515191756635,-0.2731228282915087,-0.3742733438126928,0.9999999995152302,-0.7871366710091915,0.6,-0.18713667459869104,0.5000000009774622,-0.37427334372575616,0.9999999993291834,0.6,-0.6665200639176609
1.8116232464929858,0.24572121208242745,0.000597355904997209,682.9693604159493,9.383610023174505e-11,0.38411644854080623,0.7155215486630158,-1.0996379972037922,-0.559760061069384,-0.8444063486831662,1.4041664097525068,0.37673190839522813,0.7353043453503885,-1.1120362537455881,-0.37427334376910826,0.9999999994495457,-0.787136671036434,0.6,-0.18713667455716565,0.5000000009258507,-0.3742733436525446,0.99999999927048,0.6,-0.6680201574795136
1.81563126252505,0.24572121208263997,0.0005973559050645518,684.4803468625664,1.0982316237425248e-10,-1.0231487212944403,0.8978840343772241,0.12526468691713855,1.262433558880234,-1.1823197645656927,-0.08011379431444844,-1.0421366430299188,0.9019560281076501,0.14018061492218745,-0.3742733437222871,0.9999999993886355,-0.7871366710864874,0.6,-0.18713667451056634,0.5000000008751428,-0.3742733436234493,0.9999999992212353,0.6,-0.6695202510411531
1.819639278557114,0.24572121208519007,0.0005973559049636956,685.9913333091782,-8.403712125882188e-12,-0.5064323066939603,-0.6081809115267298,1.11461321822065,0.710682056845503,0.7030618633759055,-1.4137439202213538,-0.5013177426527715,-0.6274769094649634,1.1287946521176953,-0.37427334367534154,0.9999999993319547,-0.7871366712273193,0.6,-0.18713667445925675,0.5000000008256029,-0.37427334354761044,0.9999999991935804,0.6,-0.6710203446026036
1.8236472945891782,0.24572121208995587,0.0005973559049290109,687.5023197557922,-7.287929871327733e-11,0.9626055286096096,-0.9705911283784502,0.007985599768915202,-1.1774726414943064,1.2663697451637597,-0.08889710366954384,0.9822048951270511,-0.9769699346817947,-0.005234960445180837,-0.3742733436245154,0.999999999279674,-0.7871366714290022,0.6,-0.18713667440358397,0.5000000007771106,-0.37427334348947944,0.9999999991822756,0.6,-0.6725204381638201
1.8276553106212423,0.24572121208793513,0.0005973559050623605,689.0133062024044,-1.7068338239247776e-10,0.6215103093819666,0.49214823866935337,-1.1136585480512717,-0.8514470889239582,-0.5516693170801675,1.4031164060040606,0.6187388193917371,0.5106816615724816,-1.1294204809641708,-0.37427334357471304,0.9999999992316232,-0.7871366714124375,0.6,-0.18713667434389217,0.5000000007297128,-0.3742733434441861,0.999999999134093,0.6,-0.6740205317248454
1.8316633266533064,0.24572121208598058,0.0005973559050224629,690.5242926490221,-1.3471306271510986e-10,-0.8883049162943044,1.0294266734417223,-0.14112175714748834,1.0756834348213207,-1.3323209310162878,0.2566374961950513,-0.9082356084669447,1.0380211205565018,-0.12978551208962907,-0.37427334352185776,0.9999999991874956,-0.7871366713867273,0.6,-0.18713667428050706,0.5000000006835409,-0.37427334336969686,0.9999999990885847,0.6,-0.6755206252856331
1.8356713426853706,0.24572121208714356,0.0005973559051852223,692.0352790956392,-1.1144720629921389e-10,-0.7277057782225803,-0.36908186119858766,1.0967876394211096,0.9800433629356422,0.39239239701774115,-1.3724357599533052,-0.7273169720662208,-0.3865878299833388,1.1139048020495035,-0.37427334346885716,0.9999999991474688,-0.7871366714602274,0.6,-0.1871366742137498,0.500000000638446,-0.3742733433382191,0.9999999990659554,0.6,-0.6770207188462064
1.8396793587174347,0.24572121208630202,0.0005973559050984968,693.546265542261,2.6553783586912298e-11,0.8013088069441501,-1.073549828895706,0.2722410219516186,-0.9585207517792703,1.3792308187594293,-0.420710066980235,0.8212859779989823,-1.0842370862724684,0.26295110827355006,-0.3742733434142275,0.9999999991110743,-0.7871366714536969,0.6,-0.18713667414392712,0.5000000005946378,-0.37427334327247264,0.9999999990322155,0.6,-0.6785208124065477
1.8436873747494988,0.24572121208582873,0.0005973559052181846,695.0572519888807,1.1742268185379568e-10,0.8235009992243545,0.2407406338624727,-1.0642416330867588,-1.0946330244519766,-0.2275074772200958,1.3221405016719854,0.8255004328235024,0.2569689565166687,-1.082469389340102,-0.3742733433587105,0.9999999990784819,-0.7871366714574783,0.6,-0.18713667407133686,0.5000000005519645,-0.374273343242817,0.9999999990043701,0.6,-0.6800209059666592
1.847695390781563,0.2457212120846565,0.0005973559050521898,696.5682384354974,1.2816121675170437e-10,-0.7028605334203997,1.1023299981999848,-0.399469464779636,0.8276590621978458,-1.4064289863709025,0.578769924173121,-0.7225986743270764,1.114957325790443,-0.39235865146341903,-0.37427334330305706,0.9999999990491926,-0.7871366714315903,0.6,-0.18713667399626613,0.500000000510643,-0.3742733431665146,0.9999999989744515,0.6,-0.6815209995265467
1.851703406813627,0.24572121208375708,0.0005973559050871842,698.0792248821131,1.1529048253526946e-10,-0.9075268958170939,-0.1089587860951545,1.0164856819121784,1.1935783957439903,0.05937106294762229,-1.2529494586915269,-0.9118859907324797,-0.12367753103027805,1.0355635217626948,-0.37427334324541706,0.9999999990234805,-0.787136671404637,0.6,-0.18713667391898925,0.5000000004704642,-0.37427334313423716,0.9999999989481371,0.6,-0.683021093086188
1.8557114228456912,0.24572121208287317,0.0005973559049696163,699.5902113287245,-8.022932311650482e-12,0.5943671009258766,-1.1153558641791934,0.52098876325337,-0.6849686152165944,1.4135267211205669,-0.7285581059040267,0.6135841184179364,-1.1297427937885054,0.5161586753706235,-0.37427334318947864,0.999999999000764,-0.7871366714005477,0.6,-0.18713667383977453,0.5000000004316768,-0.37427334304821663,0.9999999989291769,0.6,-0.6845211866456188
1.8597194388777554,0.24572121208558376,0.000597355904844316,701.1011977753361,-1.2155747299474572e-10,0.978582590719531,-0.024380284642524445,-0.9542023060769215,-1.2754653747902798,0.1096138739142915,1.1658515008758874,0.9852390562886095,-0.011381473427886956,-0.9738575828606372,-0.3742733431308296,0.9999999989811733,-0.7871366715230248,0.6,-0.18713667375887286,0.5000000003941516,-0.3742733429635585,0.9999999989375579,0.6,-0.6860212802047937
1.8637274549098195,0.2457212120837948,0.0005973559049955329,702.6121842219488,-2.2815962569114825e-10,-0.47737907356478904,1.1124412567406834,-0.6350621831759232,0.5324887126572588,-1.4004225740871878,0.8679338614299709,-0.49580032277264036,1.1283821748067675,-0.6325818520341576,-0.37427334307464233,0.9999999989647543,-0.787136671472074,0.6,-0.18713667367653292,0.5000000003577906,-0.3742733429229776,0.9999999989162224,0.6,-0.6875213737637629
1.8677354709418836,0.24572121208536724,0.0005973559049925745,704.1231706685667,-1.8505110494958994e-10,-1.0356525194033497,0.15737091966455433,0.8782815997387237,1.3391235702275537,-0.27703222729291893,-1.0620913429345302,-1.0445112142514767,0.14627782011957932,0.8982333941318252,-0.37427334301662246,0.9999999989510625,-0.7871366715492327,0.6,-0.18713667359298472,0.500000000322773,-0.37427334285252145,0.999999998922083,0.6,-0.6890214673224841
1.8717434869739478,0.2457212120868877,0.0005973559051498611,705.6341571151844,-1.5161462842983486e-10,0.3535684175048365,-1.0936278137208337,0.7400593962160333,-0.37239856316339237,1.3673038077970008,-0.9949052446336362,0.37093062400621485,-1.1108948958028475,0.7399642717966703,-0.3742733429596629,0.9999999989402372,-0.7871366716113186,0.6,-0.18713667350845425,0.5000000002889436,-0.37427334281564334,0.9999999989279091,0.6,-0.6905215608809844
1.875751503006012,0.24572121208768619,0.0005973559050844669,707.1451435618056,-2.4509495610217006e-11,1.0779210697737978,-0.2881124324484141,-0.7898086373252912,-1.3836432324388792,0.44049128040281954,0.943151952035952,1.0888553898978797,-0.2790835869417468,-0.8097718029560397,-0.37427334290232167,0.9999999989318902,-0.7871366716462328,0.6,-0.18713667342315363,0.5000000002564501,-0.3742733427500639,0.9999999989312687,0.6,-0.692021654439252
1.879759519038076,0.24572121208805564,0.0005973559051991536,708.6561300084281,1.3100355833465488e-10,-0.22470461355156682,1.0591843993342838,-0.8344797857827262,0.20698614570718807,-1.3146437302786305,1.1076575845714582,-0.2407596381168736,1.077530864990333,-0.8367712268734704,-0.37427334284512837,0.9999999989261854,-0.7871366716543405,0.6,-0.1871366733372868,0.5000000002251226,-0.3742733427230216,0.9999999989322247,0.6,-0.6935217479972914
1.8837675350701402,0.245721212087266,0.0005973559050731609,710.1671164550442,1.2650342311033464e-10,-1.1047841410605037,0.41473628478414726,0.6900478562762776,1.4083880863354745,-0.5976549013997354,-0.8107331849356301,-1.117637815552915,0.4079007324429403,0.7097370831098945,-0.37427334278901747,0.999999998922636,-0.787136671629061,0.6,-0.18713667325104819,0.5000000001951564,-0.3742733426514152,0.9999999989291023,0.6,-0.6950218415551146
1.8877755511022043,0.24572121208726203,0.0005973559050964193,711.6781029016595,1.0530129520858359e-10,0.09262937334044752,-1.0096032964248807,0.9169739230844459,-0.038615521566185716,1.243194988103758,-1.204579466537575,0.10714775994855098,-1.0287669421913859,0.9216191822428478,-0.37427334273174273,0.9999999989215168,-0.787136671615969,0.6,-0.18713667316461968,0.500000000166326,-0.3742733426233669,0.9999999989308188,0.6,-0.6965219351126998
1.8917835671342684,0.24572121208533085,0.0005973559050094378,713.1890893482723,2.097903809238239e-11,1.1158578321108128,-0.5354327969313412,-0.5804250351793726,-1.4130045051603781,0.746276941166264,0.6667275639940042,1.1304471569126555,-0.5308882289543051,-0.599558927958254,-0.3742733426773412,0.9999999989222869,-0.7871366715545637,0.6,-0.18713667307817936,0.5000000001388438,-0.37427334254693045,0.9999999989252101,0.6,-0.6980220286700904
1.8957915831663326,0.2457212120830031,0.000597355904855804,714.7000757948833,-1.0357321445316691e-10,0.04076970783167472,0.9455931436592112,-0.9863628514908738,-0.13030698656576334,-1.1539787404563469,1.2842857270220984,0.027995451330016005,0.9653000862049218,-0.9932955375349268,-0.3742733426211724,0.9999999989250337,-0.7871366714835635,0.6,-0.1871366729918879,0.5000000001125933,-0.3742733424641603,0.9999999989200142,0.6,-0.6995221222272417
1.8997995991983967,0.2457212120832678,0.00059735590502965,716.2110622414956,-2.0206067917468018e-10,-1.1109838853520715,0.6484770013609678,0.46250688399102036,1.3974265158683083,-0.8842333233048036,-0.5131931925634001,-1.1271003504064383,0.6462883658395608,0.4808119845667954,-0.374273342568066,0.9999999989299001,-0.7871366714752355,0.6,-0.18713667290590563,0.5000000000874156,-0.37427334243490834,0.9999999989284428,0.6,-0.7010222157842044
1.9038076152304608,0.2457212120824591,0.0005973559049867937,717.7220486881117,-2.0040657452476145e-10,-0.17358611755275222,-0.8680687255452695,1.0416548430980126,0.2973671689511321,1.0482700223614696,-1.3456371913125784,-0.16273855808761722,-0.8880373137512009,1.05077587183881,-0.37427334251410643,0.9999999989363709,-0.7871366714450527,0.6,-0.18713667282037608,0.5000000000635185,-0.37427334236627213,0.9999999989345659,0.6,-0.702522309340943
1.907815631262525,0.24572121208209427,0.0005973559051409389,719.2330351347296,-1.6481677916522079e-10,1.0902319446136532,-0.7522532842385339,-0.33797866037502766,-1.3618767408905725,1.0095523912257696,0.35232434966469994,1.1076452157727783,-0.7524518600004518,-0.3551933557722346,-0.3742733424618073,0.9999999989446334,-0.7871366714240661,0.6,-0.18713667273543944,0.5000000000407172,-0.3742733423271234,0.9999999989440687,0.6,-0.7040224028974845
1.911823647294589,0.24572121208526024,0.0005973559050841299,720.7440215813496,-7.19110449558209e-11,0.3039216671343637,0.7781380223976008,-1.0820596895319348,-0.4601774346867613,-0.9275796127344205,1.3877570474211447,0.29515583782722987,0.7980828726221146,-1.093238710449316,-0.37427334240981225,0.9999999989543629,-0.7871366715386787,0.6,-0.18713667265122427,0.5000000000191185,-0.37427334226563197,0.9999999989806633,0.6,-0.7055224964538206
1.9158316633266532,0.24572121208693384,0.0005973559051991494,722.2550080279732,1.1453054205520899e-10,-1.0538986014265213,0.8452784979478569,0.2086201034785872,1.3068632683825765,-1.1204431213147317,-0.18642014706774312,-1.0723598162741017,0.8478614513404553,0.22449836493356737,-0.3742733423585924,0.9999999989657317,-0.7871366715752187,0.6,-0.18713667256785219,0.49999999999854705,-0.3742733422454867,0.9999999990040901,0.6,-0.7070225900099577
1.9198396793587174,0.24572121208766137,0.0005973559051199315,723.7659944745892,1.164846725675517e-10,-0.4299136139358087,-0.677086281475056,1.1069998954108324,0.6164109172619991,0.7936323671995759,-1.4100432844615216,-0.42335479673088483,-0.6967223448904208,1.1200771416212745,-0.37427334230906834,0.9999999989782692,-0.7871366716043862,0.6,-0.18713667248543725,0.4999999999791853,-0.374273342183052,0.9999999990272592,0.6,-0.7085226835659103
1.9238476953907815,0.2457212120896398,0.0005973559051482125,725.2769809212058,1.2317843172918167e-10,1.0025030694434234,-0.9262230958698894,-0.07627997357345358,-1.2331722714068287,1.2153206233117821,0.017851648094955812,1.021748386029015,-0.9311535163436839,-0.09059486968524763,-0.3742733422589748,0.9999999989922468,-0.7871366716572733,0.6,-0.18713667240408252,0.49999999996081135,-0.37427334216001235,0.9999999990563694,0.6,-0.7100227771216585
1.9278557114228456,0.24572121208746373,0.0005973559050884477,726.78796736782,7.567836617481924e-11,0.5497612987384273,0.5663577288094268,-1.1161190275478088,-0.7638347480411376,-0.6483426495544685,1.4121773975955452,0.5455032306467641,0.5854043683117142,-1.1309075989584327,-0.3742733422123064,0.9999999990072171,-0.7871366715733112,0.6,-0.18713667232388936,0.49999999994358924,-0.3742733420999989,0.9999999990604647,0.6,-0.7115228706772472
1.9318637274549098,0.2457212120855583,0.0005973559049275273,728.298953814434,2.0912590622354864e-11,-0.9367799410826632,0.9939302735937894,-0.05715033251119681,1.141856980689272,-1.2928289598962048,0.15097197920702088,-0.956534298815404,1.0011376857111423,-0.04460338689580975,-0.3742733421644454,0.9999999990232287,-0.7871366714967846,0.6,-0.1871366722449437,0.4999999999274247,-0.37427334203115376,0.9999999990671664,0.6,-0.7130229642326344
1.9358717434869739,0.24572121208596132,0.0005973559050878784,729.8099402610463,-8.189413825988098e-11,-0.661751887822249,-0.4475348931353706,1.1092867809575722,0.9003419804551936,0.4937869352938286,-1.3941289157489514,-0.6598554213781915,-0.46571989653860835,1.125575317916752,-0.37427334211979213,0.9999999990404446,-0.7871366714854638,0.6,-0.18713667216733232,0.4999999999121514,-0.37427334201246415,0.9999999990870155,0.6,-0.714523057787868
1.939879759519038,0.24572121208458125,0.0005973559050127084,731.3209267076622,-9.855453622605095e-11,0.8576685260489254,-1.0474323809001844,0.18976385485132877,-1.0342224950849324,1.3518604339333136,-0.31763793884846264,0.8776496034392722,-1.0568137808065328,0.1791641773673323,-0.3742733420749259,0.9999999990584092,-0.7871366714180091,0.6,-0.18713667209112822,0.4999999998979504,-0.37427334195859857,0.999999999097144,0.6,-0.7160231513429189
1.9438877755511021,0.2457212120838459,0.0005973559051762189,732.8319131542798,-6.87431697205612e-11,0.7642848394078787,0.32231597122145467,-1.0866008106292722,-1.0239816869751,-0.33217411098022137,1.35615579795524,0.7647770770157033,0.3393794423271298,-1.104156519342771,-0.37427334203186435,0.9999999990773156,-0.7871366713701088,0.6,-0.1871366720164024,0.4999999998846392,-0.37427334193410083,0.9999999991117118,0.6,-0.7175232448978112
1.9478957915831663,0.24572121208282616,0.0005973559050837098,734.3428996008952,-9.928603300011162e-11,-0.7662994617744501,1.0859647684760583,-0.3196653067016662,0.9118070749556909,-1.3915713463406867,0.4797642713850663,-0.7862216920797757,1.0973860783237885,-0.3111643862440717,-0.3742733419896988,0.9999999990968117,-0.7871366713307322,0.6,-0.18713667194321676,0.4999999998723458,-0.37427334187564537,0.999999999128478,0.6,-0.7190233384525417
1.9519038076152302,0.24572121208239311,0.0005973559051837811,735.8538860475156,7.860590057681014e-12,-0.8558947655610442,-0.1924905639260653,1.048385329487042,1.1329868239883674,0.1658139093780563,-1.298800733366339,-0.8587686740550238,-0.2081886343969676,1.0669573084519244,-0.3742733419482179,0.9999999991171631,-0.7871366712813037,0.6,-0.18713667187162733,0.49999999986085336,-0.3742733418613132,0.9999999991440891,0.6,-0.7205234320071116
1.9559118236472943,0.2457212120832324,0.000597355905115952,737.3648724941319,1.1265168995411733e-11,0.663978573270153,-1.1089767308970078,0.4449981576269068,-0.7763602593031208,1.411394155604854,-0.6350338963017953,0.6835572328719551,-1.1222747226019927,0.43871748973009167,-0.37427334190905753,0.9999999991378982,-0.7871366713223701,0.6,-0.18713667180168594,0.49999999985035165,-0.3742733418023087,0.9999999991770249,0.6,-0.7220235255615438
1.9599198396793585,0.24572121208798636,0.0005973559051488913,738.8758589407512,8.860026022045253e-11,0.9352723977374486,0.059914112481986415,-0.9951865102193628,-1.2257995184830537,0.0029160787589165744,1.2228834397240465,0.9404869112233457,0.0740224291580102,-1.014509340381281,-0.37427334186918737,0.9999999991593284,-0.7871366714762972,0.6,-0.1871366717334344,0.49999999984060944,-0.37427334178218374,0.9999999992319458,0.6,-0.7235236191158114
1.9639278557114226,0.24572121208674172,0.0005973559051231454,740.3868453873663,5.597421955863322e-11,-0.552168209951856,1.116139380058536,-0.5639711701067228,0.629817829800924,-1.4110455582933834,0.7812277284925093,-0.571123484766746,1.1311240036560894,-0.560000518889387,-0.37427334183320204,0.9999999991811052,-0.7871366714188313,0.6,-0.18713667166691564,0.49999999983174376,-0.37427334174206417,0.9999999992470576,0.6,-0.7250237126699659
1.9679358717434867,0.24572121208770425,0.0005973559049433117,741.8978318339845,1.0018427318999385e-10,-1.0012832320175176,0.07351862589449057,0.9277646061229489,1.3010932360260201,-0.17160439588821036,-1.12948884013771,-1.008763815382719,0.06120169827321757,0.9475621171094223,-0.3742733417961433,0.9999999992031956,-0.787136671429821,0.6,-0.18713667160215894,0.4999999998237176,-0.3742733416853339,0.9999999992755283,0.6,-0.7265238062239634
1.9719438877755509,0.24572121208777004,0.0005973559050949664,743.4088182805972,5.224438515375364e-12,0.43246633650443533,-1.107350323361261,0.6748839868568587,-0.47427413186603967,1.3905304991045468,-0.9162563672385429,0.45052731881274916,-1.1238074169097956,0.6732800980970812,-0.3742733417622817,0.9999999992258225,-0.7871366714095367,0.6,-0.18713667153919625,0.4999999998163412,-0.3742733416792983,0.9999999992982694,0.6,-0.7280238997778498
1.975951903807615,0.24572121208716713,0.0005973559049844542,744.9198047272133,1.7073134782365323e-12,1.052983904137659,-0.2059006450081526,-0.8470832591294227,-1.3577919709545114,0.33784016820721136,1.0199518027471939,1.0626236519553742,-0.19555113690657575,-0.8670725150487133,-0.37427334172836074,0.999999999248562,-0.7871366713606622,0.6,-0.18713667147804822,0.49999999980979193,-0.3742733416393924,0.9999999993158064,0.6,-0.7295239933315993
1.9799599198396791,0.24572121208653225,0.0005973559051367999,746.43079117383,1.2274147612047876e-11,-0.30658373097865543,1.0827352037596074,-0.776151472780974,0.31195219351547077,-1.350142214075166,1.0381900205597199,-0.3234922961573554,1.1004295634949282,-0.7769372673375957,-0.3742733416962928,0.9999999992716311,-0.7871366713107675,0.6,-0.1871366714187351,0.49999999980388493,-0.37427334163042225,0.9999999993332638,0.6,-0.7310240868852345
1.9839679358717432,0.2457212120851995,0.0005973559050450352,747.9417776204438,-6.250856469097263e-11,-1.0896355112281548,0.33533996565607316,0.7542955455719974,1.3950853660149134,-0.4992475808248118,-0.8958377851899931,-1.1012966497930898,0.32710578979797356,0.7741908599950299,-0.37427334166523873,0.9999999992946886,-0.7871366712570373,0.6,-0.1871366713612705,0.49999999979875703,-0.374273341585016,0.9999999993499602,0.6,-0.7325241804387538
1.9879759519038074,0.24572121208450284,0.0005973559051865784,749.4527640670614,-1.9880265305300193e-11,0.17631948843320597,-1.0426458273081993,0.8663263388750063,-0.14517189368106004,1.2904579339216375,-1.1452860402405893,0.19183398175844982,-1.0613245686214887,0.8694905868630534,-0.3742733416348004,0.9999999993180495,-0.7871366711999053,0.6,-0.18713667130566394,0.4999999997941765,-0.3742733415871538,0.9999999993661839,0.6,-0.7340242739921558
1.9919839679358715,0.24572121208335945,0.0005973559051193521,750.9637505136759,-6.289125180574067e-11,1.1107142402513657,-0.4599866664714201,-0.6507275737798592,-1.412440443355064,0.65351983250967,0.7589206108452846,1.1242301107672232,-0.45398550466520315,-0.6702446061019338,-0.374273341606816,0.9999999993412203,-0.7871366711627134,0.6,-0.18713667125192296,0.49999999979035903,-0.37427334153729486,0.9999999993858399,0.6,-0.7355243675454657
1.9959919839679356,0.24572121208221465,0.0005973559051117306,752.4747369602944,-1.0413538385601881e-11,-0.04353531775413581,0.9876551476022408,-0.9441198298481105,-0.02368317920401293,-1.212330652587791,1.236013831791801,-0.057434009590852375,1.0070513144388913,-0.9496173048480456,-0.3742733415780224,0.9999999993644995,-0.7871366711041542,0.6,-0.1871366712000468,0.49999999978709214,-0.3742733415114309,0.9999999994016101,0.6,-0.7370244610986545
2.0,0.24572121208262274,0.0005973559047437138,753.9857234069044,-1.687247315067269e-10,-1.1159188378275053,0.5780593226560483,0.5378595151713673,1.4096091729672544,-0.7984521008253351,-0.6111570721418074,-1.1310962652542473,0.5743769363466059,0.5567193289075503,-0.37427334155229175,0.9999999993874119,-0.7871366711089688,0.6,-0.18713667115003715,0.4999999997845748,-0.3742733414171492,0.9999999994287918,0.6,-0.7385245546517667
