time,angle_pc,w_pc,p_pc,q_pc,gamma,i_vsc_a,i_vsc_b,i_vsc_c,v_sh_a,v_sh_b,v_sh_c,i_bus_a,i_bus_b,i_bus_c
0.0,-0.2233523924075243,1.0,-0.7808077594991666,0.1179482700055562,0.888173128764158,-0.7640461286072499,1.5696298891070821,-0.8055837604998328,1.3772802112412843,-0.8871683714700573,-0.4901118397712271,-1.131014845191197,0.5802074229194473,0.5508074222717496
0.004008016032064128,1.2876340542089595,0.9999999999998834,-0.7808077597583366,0.11794827091130247,0.888173128766499,-1.4145484594134772,0.11776229873149487,1.2967861606819482,0.31115665500078266,1.0231816992187353,-1.334338354219518,-0.08454928491581228,-0.9345828624431036,1.0191321473589234
0.008016032064128256,2.7986205008257072,1.0000000000005038,-0.7808077596996376,0.11794827004156824,0.8881731287657088,0.5949390352192424,-1.555551563383985,0.9606125281647054,-1.3400818919260458,1.009488148212658,0.33059374371339306,1.1209070905642342,-0.6919353496198084,-0.4289717409444085
0.012024048096192383,4.309606947443237,1.0000000000009945,-0.7808077589048745,0.1179482695478691,0.8881731287694996,1.4856724856001593,-0.3037260845516514,-1.1819464010485217,-0.47136137354521135,-0.9024989404795025,1.3738603140247156,0.21855199811582315,0.8518630498234048,-1.0704150479392391
0.01603206412825651,5.820593394061007,1.0000000000010218,-0.7808077591807553,0.11794827002711562,0.8881731287653902,-0.4173291951694155,1.5192416179778632,-1.101912422808399,1.2837314017164305,-1.1173805302554303,-0.16635087146098773,-1.0947795646413097,0.7937742808759783,0.30100528376531244
0.02004008016032064,7.331579840678617,1.00000000000068,-0.78080775937026,0.11794827050874743,0.8881731287656155,-1.5355635970338453,0.4853490838279415,1.0502145132059078,0.6248294951306977,0.768917851887986,-1.3937473470186708,-0.3494312102632295,-0.7569685879047047,1.1063997981679612
0.024048096192384766,8.84256628729604,1.0000000000006692,-0.7808077601895117,0.11794826999838127,0.888173128764013,0.23375493939404365,-1.4612188661451662,1.2274639267511356,-1.2090339845977014,1.2093034549111497,-0.0002694703134366941,1.05300558954596,-0.8842686939555433,-0.16873689559040012
0.028056112224448895,10.353552733913764,1.0000000000011786,-0.7808077590010789,0.11794826996693113,0.8881731287643364,1.5635085866484837,-0.6600355234217978,-0.903473063226699,-0.7693676185633036,-0.6243474660818212,1.3937150846451358,0.4753163897320895,0.6512556054232026,-1.1265719951552717
0.03206412825651302,11.864539180531553,1.0000000000008935,-0.7808077591124636,0.11794827025762188,0.8881731287678111,-0.04683989583368198,1.3823126228478682,-1.3354727270141458,1.1170572633342837,-1.2839432189207094,0.1668859555864291,-0.9961822401540668,0.9621252876215313,0.03405695253251079
0.03607214428857715,13.375525627149225,1.0000000000008524,-0.7808077584719033,0.11794827022281086,0.888173128770366,-1.5691082423301235,0.8252888768077423,0.7438193655224603,0.9029101018623518,0.4708540447282493,-1.3737641465906003,-0.5944084456866371,-0.5362350213342212,1.1306434670208534
0.04008016032064128,14.886512073766847,1.0000000000007112,-0.7808077589161746,0.11794827003758337,0.8881731287707391,-0.14074457220924036,-1.2836506332732767,1.4243952054826188,-1.0091157740125594,1.3402331160192968,-0.331117342006732,0.9251216455854706,-1.0262313734643733,0.10110972787897086
0.044088176352705406,16.397498520384527,1.0000000000009868,-0.7808077580917636,0.11794826988822701,0.8881731287708589,1.5522824436914429,-0.978747325200435,-0.5735351184908636,-1.0235483319437322,-0.3106312459523888,1.334179577896113,0.7050053087324881,0.41355064570075295,-1.118555954433227
0.04809619238476953,17.908484967002163,1.0000000000007718,-0.7808077599471775,0.11794826997393615,0.8881731287634972,0.32631754055308243,1.1666429219441177,-1.4929604624971164,0.8867521629473655,-1.3773686175051705,0.49061645455777664,-0.8408393599325001,1.0756707285028262,-0.23483136857028566
0.052104208416833664,19.419471413619707,1.000000000000973,-0.7808077602829449,0.11794827054881495,0.8881731287563845,-1.5132717305566679,1.118217703614063,0.3950540269427691,1.129558205430286,0.14596896272410861,-1.2755271681543827,-0.8055263691591095,-0.2849558813426654,1.0904822505017846
0.05611222444889779,20.930457860237222,1.000000000000571,-0.7808077598557376,0.11794827029867326,0.8881731287644739,-0.5072268405043598,-1.0329617274409604,1.540188567945447,-0.751715226998755,1.394818987176953,-0.6431037601782017,0.744539930553343,-1.1097367678324337,0.3651968372791133
0.06012024048096192,22.441444306854663,1.0000000000008236,-0.7808077606227629,0.11794826963536166,0.8881731287580595,1.452633481012504,-1.2417066279501645,-0.21092685306224318,-1.2194245490065678,0.020779492882055745,1.1986450561244655,0.8945349305312514,0.15228855643282,-1.0468234869640494
0.06412825651302605,23.952430753472125,1.0000000000007938,-0.7808077600683307,0.11794827012560417,0.8881731287586592,0.6808869187520372,0.8845175961657402,-1.5654045149177425,0.6059348860521596,-1.392334799292406,0.7863999132402233,-0.6375996413193652,1.127942605254179,-0.4903429639347717
0.06813627254509018,25.463417200089427,1.0000000000006255,-0.7808077606458307,0.11794827051044698,0.8881731287573388,-1.3712345210576908,1.3474493573584108,0.02378516369924291,1.2918631424371099,-0.18723096614285828,-1.104632176294284,-0.9707589932019263,-0.017444764814550526,0.9882037580165265
0.0721442885771543,26.97440364670683,1.0000000000006477,-0.7808077589651592,0.11794827000072558,0.8881731287666097,-0.8448158808050893,-0.7234320884212051,1.5682479692262588,-0.4514946338245205,1.3699516072541889,-0.9184569734296593,0.5215468952184902,-1.130028084426037,0.6084811892076318
0.07615230460921843,28.485390093324074,1.0000000000005456,-0.780807759200395,0.11794826954094223,0.8881731287669495,1.2702380733876157,-1.433934538305586,0.16369646491797385,-1.3458386251438306,0.3510065648886774,0.9948320602551428,1.0331091176597713,-0.11764834905182109,-0.9154607686079358
0.08016032064128256,29.996376539941235,1.0000000000007438,-0.7808077586953829,0.11794827022448205,0.8881731287649072,0.9966708952490528,0.5520074379590233,-1.548678333208064,0.29060171079267666,-1.3279893350099734,1.0373876242172697,-0.39804030174667304,1.1159634209212284,-0.7179231191745048
0.08416833667334668,31.50736298655844,1.0000000000003257,-0.7808077585260147,0.11794827037710919,0.8881731287726701,-1.1510876164190809,1.4999261919579105,-0.3488385755389188,1.3805796257490637,-0.509765642599154,-0.8708139831499342,-1.0806942319443227,0.25106005211069915,0.8296341798336337
0.08817635270541081,33.01834943317556,1.000000000000602,-0.7808077583850273,0.11794826975345969,0.888173128769257,-1.1342816395759279,-0.3726935744115547,1.506975213987474,-0.12555554754578646,1.2670476368312675,-1.1414920892854654,0.26884497452342393,-1.0859495766039298,0.8171046020805336
0.09218436873747494,34.52933587979262,1.000000000000524,-0.7808077597067536,0.11794826997154347,0.8881731287607102,1.0154860331977387,-1.5444811713905897,0.5289951381929406,-1.3955896282454001,0.6612392435407947,0.7343503847046158,1.112834259179294,-0.38088365618057396,-0.7319506029987326
0.09619238476953906,36.040322326409594,1.0000000000004547,-0.7808077617325847,0.11794827077705386,0.8881731287492023,1.2556814436663895,0.18805326050278723,-1.443734704169105,-0.041285031541252716,-1.1879975288229985,1.2292825603642528,-0.13580736473336458,1.0404155426258852,-0.9046081778925513
0.1002004008016032,37.551308773029604,1.0000000003357228,-0.7808200827991939,0.11794962110640313,0.8881731274642388,-0.8653726107353363,1.566963390809689,-0.7015907800740486,1.390660840245417,-0.8032658400549733,-0.5873950001904112,-1.1296019163948456,0.5055238849703946,0.6240780314244766
0.10420841683366733,39.062318100426765,1.0000391039042307,-0.796393624294079,0.1149139771471347,0.8881393609128516,-1.3523767369650426,-0.026589653568880878,1.3789663855033245,0.2022534166554259,1.0953387116561963,-1.2975921305089475,-0.006275024841134624,-0.9947291004590912,1.001004124034282
0.10821643286573146,40.57339566399178,1.0000785683224807,-0.7943820746418233,0.12064999586357279,0.8881321640268177,0.7336898509809426,-1.5869104017179583,0.8532205341444141,-1.3678442002209257,0.9313748360518113,0.43646934896046435,1.1463022280145163,-0.6278242148785917,-0.5184780258877404
0.11222444889779558,42.084520691553635,1.0001041623064744,-0.7943688433926545,0.12355779744276414,0.8881497248549809,1.4467143720456141,-0.17173179710993083,-1.2749826127243313,-0.369382793069139,-0.981254095167835,1.3506368793170405,0.1282989072652731,0.9286441421236296,-1.0569430536135205
0.11623246492985971,43.595685408064895,1.000131222518502,-0.7962514572509917,0.12015881576449797,0.8881530304419111,-0.5513910945450348,1.5525545595274075,-1.0011634991623046,1.3218007228504207,-1.0496780192436785,-0.27212270711145564,-1.1368041976162764,0.7450798762059753,0.3917243222772764
0.12024048096192384,45.1068879684064,1.0001531285833791,-0.795360315890842,0.11843939962238356,0.8881431354580301,-1.5094261741407018,0.348846475173861,1.1605796747381358,0.5250660731385073,0.8575472809135763,-1.3826133535492595,-0.27227801952661734,-0.8316874860916217,1.1039655093256673
0.12424849699398796,46.61811323932226,1.000161500038441,-0.7930991461956222,0.12051143716128807,0.8881460312226174,0.37218413958206836,-1.5180527176414762,1.1458685684289036,-1.2601496000216956,1.1506314644045206,0.10951813475707148,1.0987750067551534,-0.8380119676940077,-0.2607630487079514
0.1282565130260521,48.1293452280637,1.0001630696914914,-0.7926984638489831,0.12143577497719606,0.8881547352924865,1.552877527437901,-0.5375271428009499,-1.0153504265304276,-0.6766637888796274,-0.7196900895581144,1.3963538754233418,0.3974344556065897,0.7353618346714964,-1.1327962985358773
0.13226452905811623,49.640580317844055,1.0001659767703142,-0.7931315074894671,0.12000310642281681,0.8881545985500517,-0.18610255723367652,1.4485356254734212,-1.2624331013974488,1.1785917838842834,-1.237350812518855,0.05875903140101385,-1.0515852463480586,0.9273049754867104,0.1242802648434245
0.13627254509018036,51.15181937759386,1.0001679397885712,-0.7923974756358813,0.11914901281233534,0.8881521224936999,-1.575868685421381,0.7079073389924415,0.8679613266438779,0.8160294499880445,0.572610097415567,-1.3886395421021929,-0.5255045154614224,-0.6204056996111948,1.1459102080798387
0.1402805611222445,52.66305770123623,1.0001648444250213,-0.7911488479089964,0.11971268799841484,0.8881542777945628,-0.0051550619385602806,-1.364387867112965,1.3695429208754302,-1.0822682107566695,1.3051880529596311,-0.22291983707157814,0.9861662123919382,-0.9981600213889338,0.01199380120324696
0.1442885771543086,54.174288910120936,1.000158917730572,-0.7905391393929957,0.12000177692068799,0.8881573114158969,1.5734680941547559,-0.8734349468322045,-0.7000331409869733,-0.9459856686667112,-0.41664394921856707,1.3626296215164901,0.640230939115296,0.5023753316828443,-1.142606276053552
0.14829659318637273,55.68551155373642,1.00015380630402,-0.7903350091945469,0.11940068108439003,0.8881576880144266,0.19299713230986654,1.2580498992318065,-1.4510470233994692,0.9686704732003804,-1.3549244207543292,0.3862539485913959,-0.9088793747726547,1.0575596217809216,-0.14868025212926209
0.15230460921843686,57.196726832690906,1.0001490209967059,-0.7898500173609825,0.118907461322133,0.8881568866709422,-1.5502283696961248,1.0232960317432094,0.5269323429588829,1.0608040201425177,0.2555174748813264,-1.3163214965945973,-0.7491671382177999,-0.3740301341334361,1.1231972678597995
0.156312625250501,58.70793378818901,1.0001426347496984,-0.7890677678641274,0.11899272032372211,0.8881572406693695,-0.3800714258391157,-1.13512683970768,1.5151982666433292,-0.8428442911552795,1.3855387172256137,-0.5426944282783153,0.8177423227807883,-1.1000650059290864,0.28232268074836947
0.16032064128256512,60.21913016986287,1.0001351707140111,-0.7884482631987593,0.11905356158654658,0.8881584002776306,1.5036257871244008,-1.1599991633761118,-0.3436266259757273,-1.1617511773770046,-0.08994607637010849,1.2516972518725187,0.8448111806788431,0.2431728154963464,-1.087983996851723
0.16432865731462926,61.73031556539777,1.0001282595247667,-0.788119613561512,0.11875237196390502,0.8881584788104927,0.5600203219759093,0.9948846070902359,-1.5549049330779734,0.7038626341922046,-1.3961211270386678,0.6922584918527422,-0.7161063592821231,1.1280865152837851,-0.4119801555991949
0.16833667334669336,63.24149100103062,1.0001219406083075,-0.7877465659589042,0.11846711356349357,0.8881575625242799,-1.436154779517771,1.2785790481120052,0.1575757273839684,1.24546960753292,-0.07631267878221304,-1.169156928844734,-0.9298585760053414,-0.10751982030829041,1.0373783969556247
0.1723446893787575,64.75265671949644,1.0001153053080847,-0.7871957359354472,0.11842664642753835,0.8881571919536269,-0.7326854246409354,-0.8414471636080456,1.5741325855485981,-0.5555811991186886,1.3871656550055527,-0.8315844553144437,0.6040829499585814,-1.139319712443315,0.5352367628462609
0.17635270541082163,66.26381216824251,1.0001083864314109,-0.7867019439007591,0.11839151579455691,0.8881573359279415,1.3474625126355357,-1.37952463147411,0.03206211769155745,-1.3118971208597225,0.2419843690085694,1.0699127526061698,1.0005824513520436,-0.02816413925153069,-0.9724183122239334
0.18036072144288576,67.77495742458403,1.0001018961062857,-0.7863805118223558,0.1182173210901694,0.8881568089824016,0.8938265711565834,0.6753848049488834,-1.5692113759022197,0.39886717373907615,-1.3582050653469284,0.9593378922469679,-0.48406676225722545,1.1349380563921767,-0.6508712947605565
0.1843687374749499,69.2860932833359,1.0000959420878768,-0.7860658072146374,0.11805335370626094,0.8881557312904088,-1.2401619106461506,1.4599955653963308,-0.21983365385698786,1.3594314923009743,-0.40394767105278484,-0.9554838209412452,-1.057617620098763,0.16396967983708338,0.8936479395308973
0.18837675350701402,70.79722027569832,1.0000901094397134,-0.7856715800008998,0.11798539752809466,0.8881549870104318,-1.0426541347122,-0.5002098002331844,1.5428639359430136,-0.2367515914504998,1.3100717677256957,-1.073320176281479,0.3572740844157373,-1.114201504754544,0.7569274196626181
0.19238476953907813,72.30833849644776,1.00008433285159,-0.7853041875470248,0.11792134450605553,0.8881544190623474,1.1145469466313793,-1.5197114294914693,0.40516448344982303,-1.3877462380980603,0.5603951346037038,0.8273511032658427,1.0992402295625392,-0.29668819739123586,-0.8025520325834119
0.19639278557114226,73.81944821970751,1.0000789010232667,-0.7850238350009785,0.11781286231919233,0.8881534729974072,1.175818119516909,0.317835776850554,-1.4936538962395087,0.0710131923984052,-1.2431336646194227,1.172120471935192,-0.22572329874690206,1.0779147738806563,-0.8521914753375656
0.2004008016032064,75.3305500491965,1.0000738892418903,-0.7847650095962708,0.11771234649838157,0.8881523011249731,-0.973553045527783,1.5574576929876973,-0.5839046477583847,1.3961978645227409,-0.7087476845040073,-0.687450180233667,-1.1254296664353636,0.42533209702311536,0.7000975694053906
0.20440881763527052,76.84164450868019,1.0000691180651295,-0.7844813243929706,0.1176461132808053,0.8881512590008859,-1.2924398653167868,-0.13109411404174584,1.4235339788884032,0.09562184793754067,1.1585624156741112,-1.254184263708447,0.09112314842394739,-1.0263086123023073,0.9351854639622773
0.20841683366733466,78.35273189523586,1.0000645200963056,-0.7842084258257261,0.11758422362815012,0.8881502606848263,0.8183403934456946,-1.5728762382270747,0.7545358443424797,-1.384807229925842,0.8471258066849809,0.5376814232541755,1.1355186291091708,-0.5475561345305927,-0.5879624945110541
0.2124248496993988,79.86381253018837,1.0000601988737834,-0.7839803083440157,0.11751140422971021,0.8881490944483365,1.3901399662263534,-0.05737540096690774,-1.3327645655459364,-0.2610226874703673,-1.0573758566045754,1.3183985441480086,0.04456846789455232,0.9602732638633804,-1.0048417317313
0.21643286573146292,81.37488687350134,1.0000561966417776,-0.7837757994900839,0.1174439170576077,0.8881478164193103,-0.6517617491495898,1.5657427870776977,-0.9139810380621421,1.3536287065906492,-0.973372397879224,-0.3802563086256037,-1.1295533986520863,0.6620038954730262,0.46754950314530014
0.22044088176352702,82.88595536265582,1.0000524356623124,-0.7835669950959576,0.11738953002576367,0.8881465773355867,-1.4680798403994983,0.24493295050988823,1.223146889893404,0.4226616979109031,0.9411560778649396,-1.3638177757045948,-0.1794933951630753,-0.880652419451323,1.0601458145444191
0.22444889779559116,84.39701831869547,1.0000488657874618,-0.7833641447525712,0.11733833527892278,0.8881453588366087,0.4757679800732072,-1.5361714305849188,1.0604034506039,-1.3031548185828996,1.085802091099912,0.21735272751560733,1.1075190021988364,-0.7668440692026736,-0.3406749330846329
0.2284569138276553,85.90807604313967,1.0000455175229586,-0.7831868821951619,0.11728605270834506,0.8881440622836744,1.524792503292523,-0.42884702479917797,-1.0959454783983733,-0.5783323445525886,-0.811446256702421,1.389778601248349,0.31172668719951885,0.7886184075733091,-1.1003450948599351
0.23246492985971942,87.41912888811922,1.0000424096350151,-0.7830281502906247,0.1172382114855607,0.8881427049652475,-0.2931800633327944,1.484635687171959,-1.1914556237855412,1.2340741975237635,-1.1827216844031045,-0.051352513145238164,-1.0697893311039883,0.8607512799350455,0.20903805111499918
0.23647294589178355,88.93017719716757,1.0000395062376553,-0.7828722558071314,0.11719607884132317,0.8881413646792505,-1.559757158970789,0.6065588217461084,0.9531983372260251,0.7257450820139788,0.6701746794166545,-1.3959197614600656,-0.43942486189085966,-0.685442212193291,1.12486707405784
0.24048096192384769,90.44122125298351,1.0000367745902972,-0.7827220058434655,0.11715582006102493,0.8881400357287159,0.10638632703503167,-1.4118471628425908,1.3054608357614654,-1.1473741516954763,1.2627921669204254,-0.1154180152482046,1.0168666938101454,-0.9423091452558658,-0.07455754855992795
0.2444889779559118,91.9522613125586,1.000034218447734,-0.78258717046671,0.11711714496541203,0.8881386695470633,1.5722994910599921,-0.7754864705703102,-0.7968130205526937,-0.8628282685745876,-0.5193004048753155,1.3821286734396139,0.5607751261421517,0.5725965420728415,-1.133371668209616
0.24849699398797592,93.46329764552914,1.0000318429257333,-0.7824651993942389,0.11708207918295216,0.8881372766928366,0.08178982258877261,1.3189015278649046,-1.4006913505089227,1.044289467727175,-1.324833093208307,0.28054362548299355,-0.9495161209657289,1.0104264542931134,-0.06091033332054937
0.25250501002004005,94.97433051471721,1.000029629740591,-0.7823485324828023,0.11704988154019823,0.8881358945831872,-1.5623914686451992,0.9332760996325885,0.629115368976569,0.9875984031573644,0.36101463953852775,-1.348613042686868,-0.6740705212385752,-0.45167013572154247,1.125740656961982
0.2565130260521042,96.48536014971315,1.0000275583684004,-0.782237235413227,0.1170189111450789,0.8881345204781315,-0.26877702106454915,-1.2070958970229988,1.4758729180713737,-0.9262856803612743,1.367973059481656,-0.4416873791097688,0.8686862487517957,-1.064106051642641,0.19541980288626995
0.2605210420841683,97.99638675844712,1.0000256239960335,-0.7821355114962852,0.11698988119457981,0.8881331327456446,1.5300929647889967,-1.077642140794997,-0.45245082399343717,-1.0982824598112906,-0.1975518677462707,1.2958343275667414,0.7777030921163027,0.3243787384781471,-1.1020818306049922
0.26452905811623245,99.5074105467794,1.0000238253005924,-0.7820428681051228,0.11696362105890001,0.8881317374087869,0.4518307305234192,1.078068854139948,-1.5298995846526235,0.795048729737456,-1.3915779529494958,0.5965292232165914,-0.7755233119502506,1.1026084708494317,-0.3270851589119585
0.2685370741482966,101.01843171352816,1.0000221517115444,-0.7819555391092229,0.11693906932686375,0.8881303521545046,-1.4759394763885254,1.2065661616967176,0.26937331470382164,1.1932884919015994,0.031264144009485906,-1.2245526359109606,-0.8702083308443832,-0.19252572510195787,1.062734055934442
0.2725450901803607,102.5294504380199,1.000020590213445,-0.7818728622958694,0.11691544378372161,0.8881289759309332,-0.628395183128761,-0.9336409101137747,1.5620360932497925,-0.6524483876324377,1.3953153256035298,-0.7428669379739995,0.6713507619897827,-1.1253776077845974,0.4540268457862161
0.27655310621242485,104.04046688338047,1.000019134302769,-0.7817966329399848,0.11689346988141133,0.888127599367947,1.40067009729439,-1.3181887226282223,-0.08248137466569488,-1.2712598463449072,0.1354844068089674,1.1357754395320465,0.9502715676934566,0.05798228779251827,-1.0082538554907934
0.280561122244489,105.55148120614197,1.0000177803414265,-0.7817267383812384,0.11687348686794352,0.8881262261190978,0.7959173638870914,0.7759008465140735,-1.5718182104063267,0.5005237344666791,-1.3791233525824251,0.8785996181125764,-0.557646208953565,1.1320972130195546,-0.574451004067733
0.28456913827655306,107.06249355591324,1.0000165213754477,-0.7816613987117528,0.11685470919694659,0.8881248640777641,-1.3053939342585723,1.4109428106906141,-0.10554887643988325,1.331077362573643,-0.30030313057013486,-1.0307742320051425,-1.0167579827887439,0.07734035621888405,0.9394176265699028
0.2885771543086172,108.57350406993142,1.0000153488718933,-0.7815999024722294,0.11683670947874586,0.8881235134046475,-0.9520337155874156,-0.607087425487717,1.5591211410675456,-0.34144156181012386,1.343233141368312,-1.0017915795582923,0.4360271586459583,-1.1226688301871695,0.6866416715417708
0.2925851703406813,110.08451287376685,1.0000142569528212,-0.781542935002212,0.11681994935317612,0.8881221702073132,1.1914592446507999,-1.4834961175183137,0.2920368728621269,-1.3718846559556699,0.4608413983236342,0.9110432576329869,1.068721527779918,-0.21151884786211686,-0.8572026799177331
0.29659318637274545,111.5955200859435,1.0000132416169503,-0.7814904969812823,0.11680460375677773,0.8881208359863617,1.0945031853320784,0.4296258883489505,-1.524129073683718,0.17747685716670336,-1.288153799793185,1.110676942627803,-0.3082219879063474,1.0972288432655668,-0.7890068553599188
0.3006012024048096,113.10652581873839,1.0000122978512842,-0.7814416435781338,0.11679017395656038,0.8881195149836043,-1.0605095782549963,1.5348290911645517,-0.4743195129098676,1.3930963739039397,-0.6148012760654469,-0.7782950978373766,-1.105424626256081,0.3426442029851573,0.7627804232695896
0.3046092184368737,114.61753017601302,1.0000114198569512,-0.7813958831431456,0.11677639478738117,0.8881182074082272,-1.2213056941543217,-0.24604270802739292,1.4673484021825018,-0.010970380880400032,1.214670843322303,-1.2037004624413317,0.1760505483648452,-1.0561387221820238,0.8800881738155026
0.30861723446893785,116.12853325329532,1.0000106029294347,-0.7813534082330509,0.11676352546047274,0.8881169115240808,0.9144102983428288,-1.5642058154957037,0.6497955171539398,-1.3944069174918683,0.7599838043442667,0.6344231131476575,1.1263440701438105,-0.4688502200786317,-0.6574938500667484
0.312625250501002,117.63953513998567,1.0000098434649718,-0.781314174537186,0.11675165760793758,0.888115628244397,1.3306272225622426,0.05896713205911952,-1.3895943546208072,-0.15569708041174019,-1.1238325259068818,1.2795296063182977,-0.041394066505716996,0.9999840817875523,-0.9585900152830487
0.3166332665330661,119.15053592020497,1.0000091377014448,-0.7812776973057364,0.11674049569492082,0.8881143596474358,-0.7552557299519886,1.57121671446687,-0.8159609845151063,1.3757962032411069,-0.8943121177771632,-0.48148408546435534,-1.1311829136598939,0.5883393046305205,0.5428436090286023
0.32064128256513025,120.66153567207299,1.0000084815674848,-0.7812436465496682,0.11672987257021643,0.8881131058729447,-1.4209143292805186,0.12893353916110598,1.291980790118585,0.3201447032073659,1.0169356825942308,-1.3370803858019353,-0.09382854870060119,-0.9295651966319288,1.0233937453321305
0.3246492985971944,122.17253446771969,1.0000078714659595,-0.7812120082746018,0.11671991800233787,0.8881118662395215,0.5853177930963794,-1.5557615834772986,0.9704437903798148,-1.3375282831358306,1.015866395923071,0.3216618872125564,1.1198718183117957,-0.6994090299223514,-0.4204627883896239
0.3286573146292585,123.68353237436276,1.0000073044268778,-0.781182726082536,0.1167106761489893,0.8881106412151473,1.4908777810674048,-0.31497227318747933,-1.1759055078809808,-0.4800213933870477,-0.8955069174440096,1.3755283108310492,0.22769044403697192,0.8458856799908975,-1.0735761240280093
0.33266533066132264,125.1945294549542,1.0000067775895098,-0.7811555285994285,0.116701977653323,0.8881094317956296,-0.40702716232311825,1.5180672208205201,-1.1110400584982225,1.280149184888409,-1.1229082213899046,-0.15724096349837854,-1.0925727108010934,0.8004761325171312,0.29209657828377494
0.3366733466933867,126.70552576804471,1.000006288020035,-0.7811301928944409,0.11669371780886238,0.888108238084159,-1.5395226920437248,0.4964944471346553,1.043028244908616,0.633042527149343,0.7612805964052162,-1.3943231235544096,-0.3582828100805623,-0.7501388862330115,1.1084216963132434
0.34068136272545085,128.2165213678368,1.0000058330197352,-0.7811066509394905,0.11668595263481381,0.8881070597650342,0.22293034871500342,-1.458672948606245,1.2357425998910678,-1.2044775182173346,1.2139072017391042,-0.009429683521644167,1.0496746289331054,-0.8900994637335667,-0.15957516519997716
0.344689378757515,129.72751630474193,1.0000054102512546,-0.781084833046964,0.1166787001256845,0.8881058970714582,1.566155723666924,-0.6709060815842764,-0.8952496420827565,-0.7770204698254289,-0.6161744939580565,1.3931949637835406,0.48374324070008146,0.6436903815545003,-1.127433622254951
0.3486973947895791,131.23851062582503,1.0000050175351105,-0.7810645807647486,0.11667186469396237,0.8881047504254801,-0.03565846344500599,1.3784308346332654,-1.3427723711883817,1.1115941191802836,-1.2875619353578318,0.17596781617755003,-0.9917899095918522,0.9670006725172341,0.02478923707429355
0.35270541082164325,132.74950437487678,1.0000046527217419,-0.7810457397041758,0.11666538016464313,0.8881036198781885,-1.5703992383591412,0.8357174486494038,0.7346817897096265,0.9098974190138647,0.46226180164922354,-1.3721592206631037,-0.6022817911462015,-0.5280590336578835,1.1303408248037776
0.3567134268537074,134.26049759250233,1.0000043138002008,-0.7810282364378298,0.11665926494215804,0.8881025052494201,-0.15211326909078363,-1.2784883100879694,1.4306015791785756,-1.0028255438264966,1.34281913325134,-0.33999358942482216,0.919744386605045,-1.0300825838061083,0.1103381972007357
0.3607214428857715,135.77149031643458,1.0000039989768166,-0.7810120061995134,0.11665352368925873,0.8881014065759149,1.552194184675332,-0.9885741096664896,-0.5636200750090148,-1.0297737301275098,-0.3017419246603726,1.3315156547878941,0.712206968920596,0.40489487570282107,-1.1171018446237113
0.36472945891783565,137.2824825818308,1.000003706595538,-0.7809969403284104,0.11664810102716609,0.8881003240592409,0.33770195905861433,1.1602753399579708,-1.4979772990166422,0.8797258161824876,-1.3788883770814857,0.4991625608989617,-0.8345664810343056,1.0784449719591278,-0.2438784909250687
0.3687374749498998,138.79347442139772,1.0000034350665348,-0.7809829431770334,0.11664295593428849,0.8880992576022307,-1.5118024882054253,1.1272935502825627,0.3845089379226782,1.1349358544445192,0.13690865835437996,-1.271844512798961,-0.8119497977103217,-0.27595597629501945,1.0879057740051843
0.3727454909819639,140.30446586549198,1.0000031828937521,-0.7809699416790002,0.11663808928659423,0.8880982071147641,-0.5184562891526963,-1.0254817996448473,1.543938088797367,-0.7440537099012159,1.3952536211721644,-0.6511999112709965,0.7374720537255454,-1.1113975633029165,0.37392550957712506
0.37675350701402804,141.81545694231326,1.0000029487187443,-0.7809578816617349,0.11663349850684256,0.8880971725259027,1.4498026469984615,-1.2498944209953013,-0.19990822600347619,-1.2238804089939408,0.02988231260832376,1.193998096385608,0.9000864453504993,0.14308304671463734,-1.0431694920653893
0.3807615230460922,143.3264476781033,1.0000027312899693,-0.780946692809361,0.1166291522629605,0.8880961538354031,0.691793856942563,0.8760347663481676,-1.5678286232909646,0.597747903115236,-1.3916803913346385,0.793932488219362,-0.6298474186247052,1.1284699093571826,-0.49862249073268217
0.38476953907815625,144.83743809726653,1.00000252942397,-0.7809363018782463,0.11662502236585452,0.888095150962349,-1.367081777399661,1.3546260663305567,0.012455711068872662,1.295335902792046,-0.1962473753182737,-1.0990885274737667,-0.9753585448300128,-0.008173315221927093,0.9835318600517625
0.3887775551102204,146.3484282224654,1.0000023420089466,-0.780926654203285,0.11662110461026935,0.8880941637581921,-0.855238317121477,-0.7140702547394528,1.5693085718607331,-0.44289909941537564,1.368219356965544,-0.9253202575501192,0.5132293918585416,-1.1294183227467058,0.6161889308879372
0.3927855711422845,147.85941807474927,1.0000021680224263,-0.7809177071802542,0.11661739345552875,0.8880931921036697,1.2648226574038055,-1.4399925602298937,0.1751699028259241,-1.3482805892497118,0.35980883443278916,0.9884717548169963,1.0366911374709866,-0.12684670496026054,-0.9098444325109338
0.39679358717434865,149.3704076736904,1.0000020065233686,-0.7809094065398032,0.11661386935050243,0.8880922359192511,1.0064546774583985,0.5419032743316544,-1.548357951790038,0.2817202370106735,-1.3252055149876003,1.0434852779769503,-0.38928349386022815,1.1142293860788528,-0.7249458922187937
0.4008016032064128,150.8813970374842,1.0000018566281161,-0.7809017012737622,0.11661051382577828,0.8880912950893334,-1.144487424220799,1.5047750784512577,-0.3602876542303578,1.3819576353121166,-0.5182291144233334,-0.8637285208887954,-1.0832084400903117,0.26004865798154664,0.8231597821085966
0.4048096192384769,152.39238618303068,1.0000017175097844,-0.7808945534775468,0.11660732132812308,0.8880903694142415,-1.1432824699311672,-0.3619942165591534,1.5052766864904892,-0.11651466637612408,1.2632531149951587,-1.1467384486190462,0.25977993787896453,-1.0831199401706415,0.8233400022914824
0.40881763527054105,153.90337512602608,1.0000015884023592,-0.7808879249620458,0.11660428523324023,0.8880894587726542,1.0077962153733526,-1.5480484974250026,0.5402522820516387,-1.3958853703267413,0.6692440108129318,0.7266413595137694,1.1142460178331355,-0.38952998886341017,-0.7247160289699078
0.4128256513026052,155.41436388105743,1.000001468599902,-0.7808817779460867,0.11660139282474329,0.888088563021342,1.2637670403117676,0.17691432479436356,-1.4406813651062815,-0.05035654918425343,-1.183247472431276,1.2336040216154658,-0.1265686321707107,1.0365345440264946,-0.909965911855871
0.4168336673346693,156.92535246168126,1.0000013574427296,-0.7808760727093821,0.11659863198253405,0.8880876820260928,-0.8567028049462194,1.5691951301606752,-0.7124923252146413,1.3898645445208342,-0.8106952013960951,-0.5791693431248055,-1.1293605963390874,0.5134411276451151,0.6159194686938624
0.42084168336673344,158.43634088048893,1.0000012543146894,-0.7808707831932352,0.11659599664274305,0.8880868155779159,-1.3661869804236477,0.010691542789058261,1.3554954376343864,0.2165085744010063,1.086331679339496,-1.3028402537405164,-0.00844750671131747,-0.9751386216774169,0.9835861283886549
0.4248496993987976,159.94732914917444,1.00000115864413,-0.7808658798325911,0.116593481618471,0.8880859635131257,0.6933666859846941,-1.5679132113189178,0.8745465253339935,-1.363980877984897,0.9405609290126724,0.4234199489722861,1.128336201747772,-0.6300118981230217,-0.4983243036248765
0.4288577154308617,161.4583172786012,1.0000010699016533,-0.7808613345832074,0.11659107756872221,0.8880851256799321,1.4490791300886172,-0.19814229797966587,-1.250936832109152,-0.3795667872891687,-0.9738907065430384,1.3534574938322512,0.1433395930740269,0.899809355908103,-1.0431489489822223
0.43286573146292584,162.96930527886224,1.0000009875957412,-0.780857120462839,0.11658877676393403,0.8880843018928158,-0.5201223362366351,1.5442216878685828,-1.0240993516319967,1.3186042465679257,-1.0569851665718548,-0.2616190799960656,-1.1111876185599707,0.7375769658734037,0.3736106526864783
0.4368737474949899,164.4802931593311,1.0000009112664665,-0.7808532141556215,0.11658657331093647,0.8880834919794737,-1.5112593280611535,0.3827591961695157,1.128500131891678,0.5372007999961789,0.8475314258971068,-1.3847322258932864,-0.27618043687742044,-0.8116230324615948,1.087803469338844
0.44088176352705405,165.99128092871265,1.0000008404878307,-0.7808495936856356,0.11658446284375713,0.8880826957503835,0.3394456884157504,-1.498459475580716,1.1590137871649224,-1.2543829699194176,1.158303884397759,0.09607908552168161,1.0781598550911593,-0.8345995155295474,-0.2435603395617567
0.4448897795591182,167.50226859509084,1.0000007748639221,-0.7808462376668623,0.11658243905965288,0.8880819130437463,1.5518391999259922,-0.5619039391436425,-0.9899352607824435,-0.6871576698486027,-0.7090595693463039,1.3962172391949064,0.40507202184361424,0.71183960442785,-1.1169116262715704
0.4488977955911823,169.01325616597418,1.000000714027909,-0.7808431313997914,0.1165804965277767,0.8880811436399231,-0.15391886654307746,1.4312808247432884,-1.2773619582003488,1.1722347022158675,-1.2430689111144069,0.0708342088984752,-1.0297248006958697,0.919693262368641,0.1100315383271353
0.45290581162324645,170.52424364833527,1.0000006576373999,-0.7808402513532382,0.11657863038593022,0.8880803873885579,-1.570239196228888,0.7330164427168009,0.8372227535120081,0.8272942262830227,0.5604541157858957,-1.387748342068922,-0.5281727114866842,-0.6018848816701546,1.130057593156833
0.4569138276553106,172.03523104864777,1.000000605374289,-0.7808375854243865,0.11657683703859281,0.8880796440804827,-0.03380666795669386,-1.3436460762088187,1.377452744165446,-1.0733334001743664,1.3100687114693765,-0.23673531129495737,0.9665745633336678,-0.9916423458420304,0.0250677825082991
0.4609218436873747,173.5462183729226,1.0000005569436965,-0.7808351167839012,0.11657511243932128,0.8880789135374153,1.5661966112826462,-0.8936514164514726,-0.672545194831147,-0.955607616118646,-0.40383884230753664,1.359446458426258,0.6437235308010743,0.48333001688103605,-1.12705354768228
0.46492985971943884,175.05720562674085,1.000000512071179,-0.7808328314685703,0.1165734516114269,0.8880781955812684,0.2210480610046301,1.2368079333442963,-1.4578559943488405,0.9590925199586553,-1.3583457222718063,0.3992532023131407,-0.8896115890976806,1.049418740935044,-0.15980715183747257
0.468937875751503,176.56819281528436,1.000000470502512,-0.7808307158243943,0.11657185168870944,0.888077490013309,-1.5397694534803998,1.0415133024192524,0.4982561510612057,1.0702639832794363,0.24145202879859906,-1.3117160120780718,-0.7500733497001529,-0.3578691105496926,1.1079424602497454
0.4729458917835671,178.07917994336327,1.0000004319999165,-0.7808287576836542,0.11657030934011017,0.8880767966615277,-0.40512940600329883,-1.1122933990951789,1.5174228050985978,-0.831144690538538,1.387209898350295,-0.5560652078117725,0.7999356578583351,-1.0921968583112833,0.2922612004527957
0.47695390781563124,179.59016701544263,1.0000003963440642,-0.7808269456047691,0.116568821428997,0.8880761153320726,1.4913355521967522,-1.1744890410176034,-0.31684651117928286,-1.1696246150032361,-0.07561444287666416,1.2452390578798662,0.8457024470376263,0.22729498159216063,-1.0729974286298503
0.48096192384769537,181.1011540356672,1.0000003633300287,-0.7808252699664795,0.1165673847464617,0.8880754458449113,0.5834199428882786,0.971882062654375,-1.5553020055427995,0.6913184520748079,-1.396248630957247,0.7049301788823977,-0.6988282437403585,1.1193654010069019,-0.4205371572665581
0.4849699398797595,182.61214100788402,1.0000003327686005,-0.780823719527615,0.11656599663874392,0.8880747880137553,-1.421587273139924,1.2906783293885045,0.1309089437513541,1.2522694481631722,-0.09130380990072193,-1.1609656382624898,-0.9292442929341517,-0.09347356926367126,1.0227178621977764
0.4889779559118236,184.1231279356635,1.0000003044827501,-0.7808222865784292,0.1165646551582148,0.8880741416550155,-0.7533716764493353,-0.8175807365305374,1.5709524129797354,-0.5416121529732829,1.3853327152297925,-0.8437205622565175,0.5877342369906281,-1.130536165056257,0.5428019280655885
0.4929859719438877,185.63411482231876,1.0000002783086808,-0.7808209628705286,0.1165633570900904,0.8880735065897843,1.3315215503134477,-1.3884207441494396,0.056899193835851236,-1.3170173010992492,0.2569171746853876,1.0601001264138787,0.999505053111196,-0.0416827505264981,-0.9578223025847266
0.49699398797595185,187.14510167092465,1.0000002540946693,-0.7808197376690136,0.11656210056876184,0.8880728826445219,0.9125557619070185,0.6515946783189577,-1.564150440226112,0.38416533188071234,-1.35461809656647,0.9704527646857662,-0.4682412409895547,1.1255495169518093,-0.65730827596223
0.501002004008016,188.65608848433405,1.0000002316986585,-0.7808186064969725,0.1165608834919938,0.8880722696368517,-1.2224256149042765,1.4663194432198312,-0.2438938283155983,1.362942752145611,-0.418858736408797,-0.9440840157368557,-1.055480648273219,0.17624249286673638,0.8792381554064007
0.5050100200400801,190.16707526519406,1.0000002109898452,-0.7808175624283661,0.11655970408849092,0.8880716673810525,-1.0586972403319106,-0.4762961491626182,1.5349933894944927,-0.2212281739256167,1.3045437033744987,-1.0833155294488943,0.3420569255157965,-1.1044767404672633,0.7624198149513941
0.5090180360721442,191.67806201596022,1.0000001918457349,-0.780816598432464,0.11655856015906728,0.8880710757157765,1.0958587355600622,-1.5232612151954985,0.42740247963534406,-1.389389431007712,0.5748140537930653,0.8145753772146679,1.096371161950399,-0.30828266939381893,-0.7880884925566236
0.5130260521042084,193.18904873891063,1.0000001741536795,-0.7808157088357229,0.11655745049680834,0.8880704944552446,1.1897075441049632,0.29419050057505464,-1.4838980446799859,0.05512933894855354,-1.2358251659028519,1.1806958269543002,-0.21098460885667883,1.0676190093529483,-0.8566344004963407
0.5170340681362725,194.70003543615817,1.0000001578075797,-0.7808148881441236,0.1165563729952205,0.8880699234443908,-0.9536298097659724,1.558432323096439,-0.6048025133303787,1.3959793390573976,-0.7225542357373272,-0.6734251033201171,-1.121592238317451,0.4359162763788855,0.6856759619384799
0.5210420841683366,196.21102210966262,1.0000001427106449,-0.7808141307210974,0.11655532619528723,0.8880693625023319,-1.303714358194767,-0.10788034996838705,1.411594708163171,0.11175732242110231,1.1494445907386062,-1.261201913159751,0.07689748388280095,-1.015503094800347,0.9386056109175555
0.5250501002004008,197.72200876124148,1.0000001287714808,-0.7808134336457423,0.11655430938833672,0.8880688114589549,0.7977715848370478,-1.5713301738204215,0.7735585889833984,-1.3826182891138945,0.8599678080508092,0.5226504810630801,1.1307834627532052,-0.5573192717697036,-0.5734641909835059
0.5290581162324649,199.23299539257985,1.0000001159059673,-0.7808127912852696,0.11655332024442516,0.8880682701589366,1.3990883767073348,-0.07997158166169425,-1.3191167950455918,-0.2770467035453749,-1.0466365071807353,1.3236832107261047,0.05828815718737505,0.9488738334463973,-1.007161990633818
0.533066132264529,200.74398200524047,1.0000001040362798,-0.7808121991649065,0.11655235828536747,0.888067738430806,-0.6305115759873781,1.5617704776768881,-0.9312589016894764,1.3494972275001602,-0.9850908822755542,-0.3644063452246148,-1.1238135024182716,0.6707566437661538,0.4530568586521406
0.5370741482965932,202.25496860067187,1.000000093089072,-0.7808116542498634,0.11655142190133175,0.888067216123045,-1.4744665569944029,0.2666805663012551,1.2077859906931998,0.4383765256500826,0.9288702093060487,-1.3672467349561515,-0.1926403129804663,-0.8686834671662111,1.0613237801466704
0.5410821643286573,203.76595518021682,1.0000000829975624,-0.7808111535452911,0.11655051027859029,0.8880667030614665,0.45424024036349864,-1.5298898814047486,1.0756496410411955,-1.297089495681814,1.096135214085547,0.20095428159627113,1.1007819814482138,-0.7746072041276421,-0.3261747773205881
0.5450901803607214,205.27694174511998,1.0000000736986068,-0.7808106925894914,0.1165496222164776,0.8880661991048044,1.5287716136995562,-0.4495781847024131,-1.0791934289971923,-0.5934410897174194,-0.7978287729299899,1.3912698626474014,0.3242388768154857,0.776078047084898,-1.1003169239003776
0.5490981963927856,206.7879282965348,1.0000000651345105,-0.7808102699198661,0.11654875693450839,0.8880657040824771,-0.2714768285587995,1.4761440329506388,-1.2046672043920252,1.2261440808615127,-1.191513768839245,-0.03463031202234214,-1.062018069925014,0.8673867641985895,0.19463130572648907
0.5531062124248497,208.29891483552998,1.0000000572508498,-0.780809881427824,0.11654791330632583,0.8880652178565208,-1.561227449869442,0.626050495866006,0.9351769540032872,0.7400242417223145,0.6553850182876751,-1.3954092600100236,-0.45120308622207456,-0.6723810785808556,1.1235841648029605
0.5571142284569138,209.80990136309566,1.0000000499980337,-0.7808095242391659,0.1165470904289419,0.8880647402706972,0.08483337013320225,-1.4013010650085773,1.3164676948752514,-1.1376749181970438,1.2698634095532373,-0.13218849135618,1.0080757836815042,-0.9477693508469199,-0.060306432834612386
0.561122244488978,211.3208878801493,1.0000000433291159,-0.7808091985828646,0.11654628808601052,0.8880642711662491,1.5713702097262952,-0.793575379184924,-0.7777948305414166,-0.8760310355038351,-0.503574719325935,1.37960575482982,0.571718399217394,0.5590745812411674,-1.1307929804586239
0.565130260521042,212.83187438754018,1.0000000372011635,-0.7808088989687842,0.11654550453371242,0.8880638104157609,0.10302263332669223,1.3064306656981288,-1.4094532990248045,1.0329464091231093,-1.3300643946848847,0.2971179855618023,-0.9397260862453867,1.0146061786880993,-0.07488009244265936
0.5691382765531061,214.34286088605538,1.000000031574331,-0.7808086253451364,0.11654474010607008,0.8880633578565875,-1.5590549523981645,0.9497585941092126,0.6092963582889622,0.9995176941035382,0.344567528240271,-1.3440852223438278,-0.6840624415553982,-0.4377779282630435,1.121840369818406
0.5731462925851702,215.85384737642292,1.000000026410925,-0.7808083754314091,0.11654399322373475,0.8880629133610164,-0.28940637381564777,-1.192888706508787,1.4822950803243922,-0.9134553097560182,1.3712563423650268,-0.4578010326090068,0.8579458333550484,-1.066942039824606,0.20899620646951333
0.5771543086172344,217.36483385931743,1.0000000216771354,-0.7808081464468888,0.11654326386049532,0.8880624767805986,1.5244577058302158,-1.092367997576445,-0.43208970825377685,-1.1087193832528093,-0.18063594927888293,1.2893553325316938,0.7866296229934095,0.31022468786558605,-1.0968543108590179
0.5811623246492985,218.87582033536287,1.0000000173401768,-0.7808079382539906,0.1165425510291136,0.8880620479844512,0.47165407860778696,1.0622979104168737,-1.5339519890246534,0.7809093655962599,-1.3928505499177617,0.6119411843214958,-0.763903831379973,1.1040289704466193,-0.34012513906658215
0.5851703406813626,220.3868068051369,1.000000013371217,-0.7808077481515995,0.11654185438870855,0.8880616268280671,-1.4680729314278709,1.219365436149005,0.24870749527893155,1.2020754227846095,0.014122857207290368,-1.2161982799919147,-0.8779540769474998,-0.17823784262751724,1.0561919195750136
0.5891783567134268,221.89779326917383,1.000000009741847,-0.7808075755019352,0.11654117335674674,0.8880612131878636,-0.6471610818756767,-0.9165246749167265,1.5636857567924385,-0.6372029035065143,1.3945384100143334,-0.75733550650784,0.658944136514008,-1.1253369482790794,0.46639281176508507
0.5931863727454909,223.40877972796773,1.0000000064272705,-0.7808074191801831,0.1165405072779386,0.8880608069204641,1.390706454021011,-1.3289358590308018,-0.06177059499027862,-1.2782515789814464,0.15259197814054365,1.1256596008408946,0.9567306044078583,0.04370374034205901,-1.0004343447499484
0.597194388777555,224.9197661819757,1.0000000034033254,-0.7808072767107775,0.11653985600950732,0.8880604079082436,0.8134190466657923,0.7576523672589147,-1.5710714139248183,0.48438974374622074,-1.376295793889552,0.8919060501432892,-0.5445668307485709,1.1305614451594816,-0.585994614410854
0.6012024048096192,226.43075263162035,1.00000000064805,-0.7808071485265417,0.11653921856597772,0.8880600160188181,-1.2934639851299654,1.4195132967712627,-0.12604931164138047,1.3361591689569186,-0.31712590195400536,-1.0190332670029467,-1.021833350472102,0.09145485971978565,0.9303784907523616
0.6052104208416833,227.94173907729223,0.9999999981415437,-0.7808070325321489,0.11653859506858057,0.8880596311221427,-0.9680518224459258,-0.5879515684115438,1.5560033908574082,-0.3246538654334131,1.3383834256564733,-1.0137295602230068,0.42240660043977785,-1.1196278049737114,0.6972212045338944
0.6092184368737474,229.4527255193521,0.9999999958641772,-0.7808069282256535,0.11653798470316873,0.8880592531058256,1.1777352835398363,-1.4898031929679134,0.3120679094280297,-1.3749705717276526,0.47712742176386014,0.8978431499638563,1.0723318580979442,-0.22530626861403993,-0.8470255894839863
0.6132264529058116,230.9637119581335,0.9999999937990719,-0.7808068345342913,0.11653738719205696,0.8880588818388511,1.1088494063727024,0.4098476230800672,-1.518697029452814,0.16027818724754667,-1.2813431513480846,1.1210649641005668,-0.29420936853310736,1.0926923087382654,-0.7984829402052546
0.6172344689378757,232.47469839394412,0.9999999919295005,-0.780806750551745,0.11653680222908396,0.888058517209605,-1.0451743405217095,1.5388009787878578,-0.49362663826610526,1.3941311310597564,-0.6303098329521721,-0.7638212981076082,-1.1075044320380514,0.35593748286064336,0.7515669491772987
0.6212424849699398,233.98568482706833,0.9999999902407318,-0.7808066755085892,0.11653622928912738,0.8880581590966805,-1.2337995261152699,-0.22588597659049173,1.4596855027057443,0.006388063287216361,1.2059901910022734,-1.2123782542895152,0.16180733805850217,-1.0501399345994302,0.8883325965408377
0.625250501002004,235.4966712577683,0.9999999887185391,-0.780806608817242,0.11653566820983702,0.8880578073874784,0.8976756946723206,-1.5658063703845917,0.6681306757122034,-1.3933670177532804,0.774483886910271,0.618883130843019,1.1268484000088466,-0.4814815226892467,-0.6453668773196447
0.6292585170340681,237.00765768628614,0.9999999873502593,-0.7808065499490956,0.11653511849231167,0.888057461964629,1.3411163879675412,0.03869579192153373,-1.3798121798891798,-0.17296292346024772,-1.1134014768935667,1.2863644003537935,-0.027092805270178988,0.992578850650246,-0.9654860453800708
0.6332665330661322,238.51864411284498,0.9999999861235888,-0.7808064976198893,0.11653458003654368,0.8880571227233407,-0.7373473748223739,1.5704333925330738,-0.833086017710745,1.3726891571169335,-0.9075890791398797,-0.46510007797705144,-1.1300873070426551,0.6001441122221813,0.529943194820439
0.6372745490981964,240.02963053765046,0.999999985027576,-0.7808064528357113,0.11653405228016638,0.8880567895453162,-1.429266231291074,0.14904762592378334,1.2802186053673263,0.33706573986992344,1.0049002893075514,-1.3419660291774569,-0.10800888302512822,-0.9208317471294936,1.0288406301545907
0.6412825651302605,241.5406169608923,0.9999999840521385,-0.7808064137349461,0.11653353541384442,0.8880564623242251,0.5664807888824486,-1.5526159257708274,0.9861351368883833,-1.332393097150819,1.0277231122015544,0.3046699849493297,1.117174887880387,-0.7102293338273614,-0.4069455540531224
0.6452905811623246,243.05160338274482,0.9999999831872177,-0.780806380291487,0.11653302845658052,0.8880561409638761,1.4969892062529537,-0.3346610611104984,-1.1623281451424081,-0.4963511879180372,-0.8820373035823732,1.3783884915004354,0.24156684860929978,0.8359240373698164,-1.0774908859792087
0.6492985971943888,244.56258980336887,0.9999999824246868,-0.7808063518055889,0.11653253183498494,0.8880558253463203,-0.3875179064035763,1.5126085288437197,-1.125090622440058,1.2730546942457843,-1.133169017835373,-0.13988567641043378,-1.0882956518559377,0.8101638217915674,0.2781318300643296
0.6533066132264529,246.0735762229122,0.9999999817554946,-0.7808063272682897,0.11653204464974669,0.888055515390107,-1.5433173627570946,0.5154917337785276,1.0278256289786758,0.6485427775807063,0.7465684381658375,-1.3951112157466043,-0.3716722675300565,-0.7390692155223237,1.1107414830523532
0.657314629258517,247.58456264151081,0.9999999811729856,-0.7808063078375796,0.11653156718241776,0.8880552109692114,0.20301645955730743,-1.4509829774049563,1.2479665178476496,-1.1955220232992414,1.2224197882489156,-0.026897764949681317,1.0438623644416813,-0.8985193122168383,-0.1453430522249502
0.6613226452905812,249.09554905928962,0.9999999806693025,-0.7808062904296555,0.11653109880401864,0.8880549120143453,1.5675885855736769,-0.688955217436088,-0.8786333681376444,-0.7914654192745421,-0.6004298142324924,1.391895233507014,0.49646566626459443,0.6316515617189848,-1.1281172279835747
0.6653306613226453,250.60653547636343,0.999999980238643,-0.7808062785775154,0.11653063958173457,0.888054618396498,-0.015613339230628742,1.368620062605472,-1.3530067233749787,1.10090322485514,-1.2941999222067082,0.1932966973515225,-0.9845101253929556,0.9740330678948782,0.010477057498145127
0.6693386773547093,252.11752189283743,0.9999999798745461,-0.7808062675394389,0.11653018915269477,0.8880543300507404,-1.5694560019421855,0.8525723860814309,0.716883615860709,0.9230765049418843,0.4457100339664743,-1.3687865389083405,-0.6141635009606243,-0.5152063140843842,1.1293698150450349
0.6733466933867734,253.6285083088082,0.9999999795715816,-0.7808062609400079,0.11652974721359179,0.8880540468619802,-0.1720131172315094,-1.266696884177223,1.4387100014087437,-0.9905505743048136,1.3474835627401756,-0.3569329884353198,0.9110872048368974,-1.0356258536755365,0.12453864883866177
0.6773547094188376,255.13949472436437,0.9999999793248893,-0.7808062563432154,0.11652931400542064,0.8880537687429492,1.548892916372031,-1.0040048380340867,-0.5448880783378885,-1.0414950887974994,-0.28462032530675047,1.3261154141042453,0.7230836400559973,0.3913977205510827,-1.1144813606070934
0.6813627254509017,256.6504811395867,0.9999999791291382,-0.7808062550779089,0.11652888879879639,0.8880534956065245,0.35718135601826456,1.1466700884875987,-1.5038514445059135,0.8660411908860878,-1.381509166714521,0.5154679758284025,-0.8246429500157025,1.082417365234255,-0.2577744152184321
0.6853707414829658,258.16146755454974,0.9999999789806373,-0.7808062553659809,0.1165284718404913,0.8880532273586842,-1.5061931844009686,1.14108829792657,0.3651048864744372,1.1450287543189699,0.11946294696198978,-1.2644917012809804,-0.8216693934262302,-0.2619952570421451,1.0836646504684802
0.68937875751503,259.6724539693207,0.9999999788745401,-0.7808062582160828,0.11652806265072277,0.8880529639194966,-0.5372449715039449,-1.010255079709713,1.5475000512136898,-0.729154553766348,1.3957904660618803,-0.6666359122955088,0.7264128441623652,-1.1137388753392679,0.387326031176897
0.6933867735470941,261.18344038396174,0.9999999788078648,-0.7808062652504523,0.11652766155250383,0.8880527051786907,1.4419670836912801,-1.2618635875870519,-0.180103496104265,-1.2321978406077942,0.04740170175112779,1.1847961388566888,0.9085117889340859,0.1288483552749781,-1.0373601442090676
0.6973947895791582,262.6944267985292,0.9999999787765026,-0.7808062699019264,0.11652726751135166,0.8880524511009027,0.7096305074599931,0.8594014926394058,-1.569032000099469,0.5818470310321054,-1.390123373989079,0.8082763429569404,-0.6178008090666577,1.1291427539370202,-0.511341944870355
0.7014028056112224,264.20541321307417,0.9999999787776237,-0.780806279932559,0.11652688113938656,0.888052201550639,-1.3571324158400877,1.3646045254986594,-0.007472109658573003,1.301756491286221,-0.21358882321562744,-1.0881676680706058,-0.9823696351706886,0.006140050628029116,0.9762295845426587
0.7054108216432865,265.7163996276435,0.9999999788082563,-0.7808062874487887,0.11652650178496629,0.8880519564914072,-0.871874227716949,-0.6962652713238126,1.5681394990407342,-0.4262239021076788,1.36458885749175,-0.9383649553840906,0.5003591216466879,-1.1284088291814491,0.6280497075347319
0.7094188376753506,267.2273860422793,0.9999999788653289,-0.7808062978240813,0.11652612936465187,0.8880517158183717,1.2529016509025497,-1.4478427522730168,0.1949411013703948,-1.3527106176873243,0.3767232942177725,0.9759873234695517,1.0421873745602874,-0.14104068874197434,-0.9011466858183249
0.7134268537074148,268.7383724570202,0.999999978946904,-0.780806309437264,0.1165257641319768,0.8880514794496877,1.0216573530700546,0.5231779455810308,-1.5448352986512182,0.2645093174266352,-1.3195518733323868,1.0550425559057621,-0.37576627776480814,1.1115476107554223,-0.7357813329906295
0.7174348697394789,270.24935887190054,0.999999979047931,-0.7808063294377986,0.11652540639870285,0.8880512473228821,-1.1307645040919794,1.5103886499239925,-0.3796241458320958,1.3843320517192494,-0.534473668247138,-0.8498583834723074,-1.0871101070064182,0.2739255485727118,0.8131845584333813
0.721442885771543,271.7603452869542,0.9999999791771543,-0.7808063282354043,0.11652504479411314,0.8880510193387562,-1.156839184909931,-0.3426132830784143,1.4994524679880639,-0.09901445849282528,1.2556560643312678,-1.1566416058385938,0.245802963194413,-1.0788000850262982,0.8329971218316935
0.7254509018036072,273.27133170220714,0.9999999793153139,-0.7808063463713403,0.11652470542720611,0.8880507954821135,0.9924664067581416,-1.551348257766608,0.5588818510079963,-1.396168772916579,0.6845852783490763,0.7115834945674604,1.1164958300653636,-0.4028954661726562,-0.7136003638928071
0.7294589178356713,274.7823181176828,0.999999979469218,-0.7808063698697401,0.1165243743206394,0.8880505755683936,1.2754876979836947,0.15715185544622526,-1.4326395534303709,-0.06789538849675911,-1.173814714108404,1.2417101026051527,-0.1123266456469812,1.030634296309709,-0.9183076506627424
0.7334669338677354,276.2933045334053,0.9999999796396424,-0.7808063783354043,0.11652403966649522,0.8880503596569307,-0.8399840575538274,1.5701362604886635,-0.7301522029351721,1.3880516924974315,-0.8249129270030101,-0.5631387654944299,-1.1299244921124258,0.5261071253890004,0.6038173667234009
0.7374749498997996,277.80429094939575,0.9999999798235993,-0.7808063919842206,0.11652370506284866,0.8880501476291338,-1.3759071557994822,0.030555753010651533,1.3453514027886253,0.23383484447916553,1.0751973723522226,-1.3090322168313233,-0.022755061118371972,-0.9677386440828514,0.9904937052011509
0.7414829659318637,279.31527736567256,0.9999999800201732,-0.7808064124826471,0.11652338561125702,0.888049939320206,0.6754965896442783,-1.5664839701088158,0.890987380464463,-1.360096821800784,0.9534509588520662,0.4066458629488038,1.127204242972432,-0.6417996731105843,-0.4854045698619869
0.7454909819639278,280.82626378225115,0.9999999802236188,-0.7808064281799812,0.11652307704745882,0.8880497347835493,1.4566624450051842,-0.2178267459863627,-1.2388356990188851,-0.39643230410020724,-0.9612135696055387,1.3576458737057757,0.15751151980432582,0.8910120472949689,-1.0485235670994408
0.749498997995992,282.3372501991447,0.9999999804350563,-0.7808064426982335,0.11652276622135276,0.888049533955703,-0.5013548519095196,1.5404437309973933,-1.0390888790878214,1.3127036963943404,-1.0683624126275442,-0.2443412837668238,-1.1083739805732533,0.7483195811989702,0.36005439937419303
0.7535070140280561,283.8482366163662,0.9999999806568437,-0.7808064605742607,0.1165224580157404,0.8880493366874268,-1.5165992874965741,0.40198475798191713,1.114614529514735,0.5533639669310142,0.8334923029008285,-1.3868562698318943,-0.29001684126128213,-0.8015510866570096,1.0915679279182255
0.7575150300601202,285.35922303392704,0.9999999808856875,-0.7808064785067215,0.11652216150255328,0.8880491429311895,0.3200477407119541,-1.4923876489553167,1.17233990824339,-1.246549668107749,1.1680049759284243,0.07854469217931653,1.0737028074226178,-0.844144501452386,-0.22955830597028767
0.7615230460921844,286.8702094518361,0.9999999811177509,-0.7808064951932476,0.11652187204471631,0.8880489526824235,1.5548611778510675,-0.5803977950655447,-0.9744633827855207,-0.7023869899703701,-0.6938589554610668,1.3962459454314144,0.4183772160889311,0.7006343530577527,-1.1190115691466622
0.7655310621242485,288.3811958701005,0.9999999813547397,-0.7808065146192004,0.11652158344675699,0.8880487658377008,-0.13416636570723467,1.423002494103512,-1.2888361283962584,1.162580187275857,-1.250954587742343,0.08837440046642073,-1.0236862719938578,0.927904897442119,0.09578137455176626
0.7695390781563125,289.8921822887274,0.9999999815976293,-0.7808065323746457,0.11652129971725303,0.8880485823255162,-1.570901194839341,0.7505159727799361,0.8203852220594234,0.8413715826722548,0.544309139384949,-1.385680722057276,-0.5407581546720965,-0.5897041405941176,1.130462295266223
0.7735470941883766,291.4031687077228,0.9999999818431027,-0.7808065509168787,0.11652102368685933,0.8880484021062508,-0.05363260818889089,-1.3332798949413371,1.3869125031301641,-1.061995304399352,1.3160257055303632,-0.25403040113101993,0.9590391675162172,-0.998403641682913,0.03936447416669139
0.7775551102204408,292.91415512709096,0.9999999820907427,-0.7808065688982678,0.11652075289567952,0.8880482251245623,1.5644900482769606,-0.9099079799605728,-0.6545820683165082,-0.9683313555359031,-0.3869801803616441,1.355311535897544,0.6554105457132788,0.4703458559799634,-1.125756401693185
0.7815631262525049,294.42514154683533,0.9999999823403215,-0.7808065866263175,0.11652048524788222,0.888048051319994,0.24066521717458086,1.2245021304880186,-1.465167347662653,0.9462325874051116,-1.3622883757225697,0.416055788317452,-0.8806854658655436,1.0546331835800613,-0.1739477177143973
0.785571142284569,295.9361279669584,0.9999999825922128,-0.7808066042411137,0.11652022231330664,0.8880478806204588,-1.5357193777994458,1.0562957827833244,0.47942359501607573,1.0814518522392302,0.22412061519206622,-1.3055724674312963,-0.7606958015228737,-0.344265385652844,1.1049611871758545
0.7895791583166332,297.4471143874624,0.999999982844727,-0.7808066217322482,0.11651996520660604,0.8880477129857688,-0.42425838050121467,-1.0982238685001697,1.5224822490013883,-0.8169465139226086,1.3890814313376862,-0.5721349174150446,0.7897450078671395,-1.0957899053647937,0.3060448974976812
0.7935871743486973,298.9581008083483,0.9999999830976617,-0.7808066394855726,0.11651971269478403,0.8880475483551665,1.485000408357788,-1.187587254897409,-0.29741315346040953,-1.1791164039724238,-0.05805801612048293,1.237174420092951,0.8551092040641896,0.21326468822024644,-1.0683738922844652
0.7975951903807614,300.4690872296168,0.9999999833507806,-0.7808066565167163,0.11651946435575422,0.8880473866762663,0.6017882219029091,0.9562498594599464,-1.5580380813628438,0.6759848283180553,-1.3960219808130043,0.7200371524949292,-0.6875175320686051,1.1212856169658272,-0.4337680848972595
0.8016032064128256,301.98007365126756,0.9999999836036697,-0.7808066739901476,0.11651922004778907,0.888047227895122,-1.4130579795812488,1.3019059724959419,0.11115200708530668,1.2599292073748343,-0.10883429251851048,-1.1510949148563758,-0.9373014049640139,-0.0792160134010896,1.0165174183650485
0.8056112224448897,303.4910600733003,0.9999999838563255,-0.7808066911792237,0.11651898090424118,0.8880470719536365,-0.7707174952748118,-0.8006091696658377,1.5713266649406123,-0.525362127294849,1.3830108285920826,-0.8576487012972471,0.5754640667902601,-1.130755936248433,0.5552918694580914
0.8096192384769538,305.00204649571367,0.9999999841075897,-0.7808067095644782,0.11651874611517386,0.88804691880715,1.3209202791417107,-1.3976180990312994,0.07669781988952318,-1.3227352997647404,0.2741711159110578,1.0485641838536917,1.0060977116623662,-0.055964816628767684,-0.9501328950336693
0.813627254509018,306.51303291850627,0.9999999843581113,-0.7808067270225532,0.11651851531259315,0.888046768402888,0.9286318863632254,0.6335261950546053,-1.5621580814179328,0.3672310817615316,-1.350233935769373,0.983002854007814,-0.4551860829691834,1.1240655222197269,-0.6688794392506232
0.8176352705410821,308.024019341676,0.9999999846069283,-0.7808067442506404,0.11651828847407616,0.8880466207003518,-1.2099040778656136,1.473355684857381,-0.26345160699181536,1.3666370458293047,-0.43558948694374466,-0.9310475588856059,-1.0605148755893956,0.19034580174808044,0.8701690738412329
0.8216432865731462,309.5350057652209,0.9999999848544554,-0.7808067619221547,0.11651806599102953,0.8880464756361012,-1.073274452696579,-0.45738882145191107,1.5306632741483923,-0.2038516588183043,1.298159686629411,-1.094308027811109,0.3284025702683681,-1.1013099470726513,0.7729073768041967
0.8256513026052104,311.0459921891381,0.9999999850998472,-0.7808067781137027,0.11651784754142967,0.888046333182956,1.0815959994052473,-1.528036279723319,0.44644028031798244,-1.3910070070186906,0.5907824337022912,0.8002245733164596,1.0997751650401861,-0.32200636381152936,-0.7777688012286849
0.8296593186372745,312.5569786134247,0.9999999853433095,-0.780806794922496,0.11651763270145818,0.8880461932783439,1.2025779887005466,0.2747144004441643,-1.4772923891447485,0.037558868108437164,-1.2275323596790337,1.1899734915706341,-0.19692553828603826,1.0628144693274406,-0.865888931041433
0.8336673346693386,314.0679650380776,0.9999999855847027,-0.7808068105699706,0.11651742188651362,0.8880460558835039,-0.9378298176657183,1.56087840041466,-0.6230485827489325,1.3954969174785103,-0.737531970366861,-0.657964947111652,-1.1233174938251063,0.4490648150453037,0.6742526787797636
0.8376753507014028,315.57895146309335,0.9999999858235892,-0.7808068263489197,0.11651721465462528,0.8880459209542061,-1.3146945315845726,-0.0881137062762456,1.4028082378608995,0.1292706609627527,1.1393613933042825,-1.2686320542670135,0.06263405968533073,-1.0091293055911035,0.9464952459057469
0.8416833667334669,317.08993788846834,0.9999999860603275,-0.780806841980931,0.11651701150717601,0.8880457884362464,0.7806602346866154,-1.571412692165728,0.790752457479233,-1.3800426394742735,0.8737407951297238,0.5063018443446157,1.1308054219808592,-0.5697052503847706,-0.5611001715961329
0.845691382765531,318.6009243141991,0.9999999862941078,-0.7808068573926426,0.11651681165782082,0.8880456583010146,1.4080217010803133,-0.09974639329691574,-1.3082753077833087,-0.2942526371085732,-1.0349068909878965,1.3291595280964772,0.07255258344261742,0.941021705511908,-1.0135742889545163
0.8496993987975952,320.1119107402815,0.9999999865257,-0.7808068727193365,0.11651661556961597,0.8880455304895198,-0.6123334878787154,1.5594885884412457,-0.9471551005623993,1.3448650448959099,-0.9974622433116647,-0.3474028015842836,-1.1221319365344413,0.6822034887004043,0.4399284478340975
0.8537074148296593,321.62289716671125,0.9999999867541601,-0.7808068878703099,0.11651642300250196,0.8880454049747087,-1.4812256589449462,0.2861810252943263,1.1950446336506948,0.4550291664371802,0.9156616936839687,-1.3706908601211585,-0.20670230966945782,-0.8594650574488525,1.0661673671184344
0.8577154308617234,323.13388359348437,0.9999999869801091,-0.7808069044509803,0.11651623405669258,0.888045281695055,0.43525528250039963,-1.525276505591859,1.0900212230914865,-1.2904668883905854,1.106928115684644,0.18353877270599106,1.0974210034987804,-0.7849517160070111,-0.31246928749167135
0.8617234468937875,324.64487002059656,0.9999999872030084,-0.7808069189521333,0.11651604839463706,0.8880451606378837,1.533260203878112,-0.46852569077028616,-1.0647345131077905,-0.6093024689129142,-0.783330051144978,1.3926325200579348,0.3378978616795707,0.7656249847290078,-1.1035228464085116
0.8657314629258517,326.1558564480434,0.999999987423049,-0.7808069350874561,0.11651586603909166,0.8880450417396475,-0.25195636126676274,1.4692653063128036,-1.2173089450458978,1.2176255599864996,-1.200573895212133,-0.01705166477437426,-1.0570257414118485,0.8764814250919745,0.18054431631993187
0.8697394789579158,327.66684287582063,0.9999999876402409,-0.7808069487525758,0.11651568699030596,0.8880449249824042,-1.56338158152519,0.6441743285540358,0.9192072529713138,0.7548676729596592,0.6398031889608161,-1.3946708619204993,-0.4642641864344237,-0.66084261113087,1.1251067975653402
0.8737474949899798,329.1778293039236,0.9999999878542173,-0.7808069628840376,0.11651551089729553,0.8880448103190276,0.06505642280436186,-1.3922555281737043,1.3271991053694474,-1.1273821433187539,1.2770612462344832,-0.14967910291573625,1.0015235177528732,-0.9554845007087199,-0.0460390170441776
0.877755511022044,330.68881573234796,0.9999999880655057,-0.7808069768397712,0.1165153382767324,0.8880446977033853,1.5711593182614976,-0.810616586464723,-0.7605427317967308,-0.8896443920196375,-0.48713239452577894,1.3767767865453897,0.5839952636756796,0.5466155055729273,-1.1306107692486107
0.8817635270541081,332.19980216108894,0.9999999882733607,-0.7808069900627032,0.11651516841859194,0.88804458711663,0.12277336924916929,1.2953478057303909,-1.4181211749795313,1.021026398796059,-1.3352970433785476,0.3142706445824298,-0.931707582752513,1.0208318489490813,-0.0891242661964857
0.8857715430861722,333.710788590142,0.999999988478599,-0.7808070036374803,0.11651500183487837,0.8880444785010597,-1.5564822849248283,0.9654737039538885,0.5910085809709207,1.011706443151784,0.327499627377731,-1.339206070529551,-0.6953799186270742,-0.42457621241924226,1.1199561310463948
0.8897795591182364,335.2217750195024,0.9999999886803899,-0.7808070166020042,0.11651483816419354,0.8880443718402714,-0.30884857938255555,-1.1799271207119886,1.4887757000944952,-0.9000783433413803,1.3744489934300623,-0.47437065008868406,0.8485757428213964,-1.0715895329776008,0.22301379015626535
0.8937875751503005,336.7327614491657,0.9999999888793896,-0.780807029579708,0.11651467733187702,0.8880442670862057,1.5195602435586173,-1.106532488780861,-0.41302775477783576,-1.1193093499993532,-0.1631863263419268,1.2824956763412851,0.7968262597381167,0.2964689082110095,-1.0932951679491076
0.8977955911823646,338.2437478791273,0.9999999890751912,-0.7808070421179237,0.11651451957438984,0.8880441642115984,0.49050985149544296,1.0476430449379421,-1.5381528964333897,0.76626655054124,-1.3939575561279007,0.6276910055866533,-0.7533161195973919,1.1070321386905313,-0.35371601909308437
0.9018036072144288,339.75473430938234,0.9999999892679255,-0.7808070565038111,0.11651436464568543,0.8880440631695722,-1.4609208749121567,1.2317769433085675,0.22914393160369678,1.2109152729595467,-0.003459178085951283,-1.2074560948735884,-0.8868844262784283,-0.16412448930648013,1.0510089155849205
0.9058116232464929,341.2657207399265,0.9999999894578095,-0.7808070682138883,0.11651421248172764,0.8880439639490484,-0.6651609044311151,-0.9003861664325686,1.5655470708637347,-0.6215034342664393,1.3935439227807345,-0.7720404885142846,0.6472901580335947,-1.1266531277786056,0.47936296974492937
0.909819639278557,342.7767071707551,0.9999999896444189,-0.7808070813251047,0.11651406292729792,0.8880438665024525,1.3814021544003663,-1.3394170302267778,-0.04198512417360198,-1.2852149437684746,0.170055218741747,1.1151597250267091,0.9642672748066228,0.02943440465227221,-0.9937016794589292
0.9138276553106212,344.2876936018636,0.9999999898283581,-0.7808070936881816,0.11651391627789537,0.8880437707986085,0.8303056286500502,0.7402610148844369,-1.570566643534495,0.46785790226980545,-1.3732139589024523,0.9053560566326219,-0.5320131519540714,1.1301720419367738,-0.5981588899826776
0.9178356713426853,345.79868003324754,0.9999999900089224,-0.7808071051987114,0.1165137719362443,0.8880436768210801,-1.2821405928760587,1.4279143899619986,-0.14577379708586916,1.341146514593526,-0.3342208251611153,-1.0069256894324603,-1.0278688764451527,0.10567635252261176,0.9221925239226128
0.9218436873747494,347.3096664649022,0.9999999901869313,-0.780807117364597,0.11651363041234865,0.8880435845156622,-0.9835837887159611,-0.5695560812588999,1.5531398699748866,-0.30752584468596034,1.3332582291726263,-1.0257323844866468,0.409132644949092,-1.117538598693605,0.7084059537445334
0.9258517034068136,348.8206528968233,0.999999990361636,-0.7808071283949769,0.1165134913005092,0.8880434938754407,1.164554828033861,-1.496004230842152,0.331449402808283,-1.3779106311064924,0.4936097707137353,0.8843008603927852,1.0767802501072072,-0.23927678771609526,-0.8375034623911595
0.9298597194388777,350.3316393290065,0.9999999905336828,-0.7808071394917416,0.11651335457000535,0.8880434048550472,1.1228047741322102,0.3907110802837301,-1.5135158544159646,0.1427987151854887,-1.2742478215110806,1.1314491063255676,-0.28040485446621044,1.0889333947492348,-0.8085285402830651
0.9338677354709418,351.8426257614474,0.9999999907027208,-0.7808071501593533,0.11651322050312442,0.8880433174316739,-1.0303253792833107,1.5427134275645327,-0.5123880482812184,1.3949818836698364,-0.6459441028202334,-0.7490377808496335,-1.1103023722677103,0.36945749749587503,0.7408448747718374
0.937875751503006,353.35361219414165,0.9999999908688431,-0.7808071608045231,0.1165130885394309,0.8880432315764236,-1.245978865787434,-0.2062820378863561,1.4522609036737886,0.023969241079362408,1.1970261113757388,-1.2209953524551116,0.14766954472836552,-1.0447652628154467,0.8970957180870923
0.9418837675350701,354.8645986270849,0.9999999910323811,-0.7808071711530988,0.11651295927692021,0.8880431472552628,0.8813706376095201,-1.5673744249796095,0.6860037873701141,-1.3921163061900486,0.7890466960440338,0.6030696101460726,1.1279561594422622,-0.4943579571499578,-0.6335982022923387
0.9458917835671342,356.37558506027284,0.9999999911928219,-0.7808071818212675,0.11651283206240881,0.8880430644482723,1.3513456412451506,0.018904780024557685,-1.3702504212696933,-0.19039460938134695,-1.1026967047866854,1.2930913141680593,-0.012823750445781337,0.9856654223879264,-0.9728416719421215
0.9498997995991983,357.88657149370147,0.9999999913508639,-0.7808071925777645,0.11651270745329462,0.8880429831164887,-0.7198194370508233,1.5696347618597426,-0.8498153248088478,1.3693548479672517,-0.920872354538672,-0.4484824934286115,-1.129489302813259,0.6121931023580762,0.5172962004552026
0.9539078156312625,359.3975579273665,0.9999999915058149,-0.7808072031091774,0.11651258487222875,0.8880429032493046,-1.4373992357423055,0.16874272053877123,1.268656515203602,0.35409886958278425,0.9926077669426862,-1.3467066365254796,-0.1222053219162351,-0.9124785474911745,1.0346838694074252
0.9579158316633266,360.9085443612638,0.9999999916584591,-0.7808072142128658,0.11651246467363262,0.88804282480236,0.5479806215090276,-1.5494620917111404,1.0014814702021004,-1.3270227826562533,1.0395370302426066,0.28748575241365504,1.1148798681009933,-0.7212788321483574,-0.3936010359526455
0.9619238476953907,362.4195307953894,0.9999999918081219,-0.7808072237059579,0.11651234646423002,0.8880427477747378,1.5029097336653927,-0.3539786341206583,-1.1489310995448037,-0.5127423803876455,-0.8683326395483654,1.3810750199360138,0.2554878470692126,0.8262505906474855,-1.0817384377166985
0.9659318637274549,363.9305172297395,0.9999999919554005,-0.780807233712487,0.11651223030019173,0.8880426721207489,-0.3683100721604776,1.5071446813493812,-1.1388346091888149,1.2657250993297808,-1.1433447692936176,-0.12238033003618559,-1.0843366399507428,0.8200560889231503,0.2642805510275595
0.969939879759519,365.44150366431006,0.9999999921000016,-0.7808072427481477,0.11651211636606709,0.8880425978272476,-1.5469408605408808,0.5341555875530717,1.0127852729878983,0.6640578295766879,0.7316474532520175,-1.395705282828763,-0.3851189570322181,-0.7282139240211948,1.1133328810533651
0.9739478957915831,366.95249009909725,0.9999999922419871,-0.7808072516178721,0.11651200413996865,0.8880425248679793,0.18337564308199023,-1.4432873877186458,1.259911744636588,-1.186337913623596,1.2308120152978748,-0.04447410167427136,1.0382961896041885,-0.9071131888851791,-0.13118300071902417
0.9779559118236472,368.46347653409725,0.9999999923817171,-0.7808072605526963,0.11651189431262077,0.8880424532092415,1.5688633612459657,-0.7066985216944682,-0.8621648395516402,-0.8058826567162937,-0.5845057132096801,1.390388369926012,0.5092459831198005,0.6197697018202282,-1.1290156849400566
0.9819639278557113,369.97446296930616,0.9999999925186659,-0.7808072693375013,0.1165117861216429,0.8880423828410969,0.0041796091529170964,1.3588028431949264,-1.3629824523478957,1.0899958056105687,-1.3006886995559448,0.21069289394538532,-0.9774165180850038,0.9812059207040716,-0.003789402619032503
0.9859719438877754,371.4854494047204,0.9999999926535484,-0.7808072777243187,0.11651168009804237,0.8880423137283483,-1.5683639310311388,0.8691414845818016,0.6992224464494297,0.9361899384745961,0.42901034426116924,-1.3652002827357497,-0.6260949232873035,-0.5024678010684346,1.128562724355724
0.9899799599198396,372.99643584033635,0.9999999927856625,-0.7808072862543004,0.11651157584503989,0.8880422458590974,-0.19167518069349293,-1.2548984763896252,1.4465736570832302,-0.9780756789329744,1.3519761597273336,-0.3739004807943152,0.9025677123149912,-1.0412753621918205,0.13870764987678091
0.9939879759519037,374.5074222761505,0.9999999929157701,-0.7808072951038741,0.11651147357394057,0.8880421791972408,1.5454496928629935,-1.0191628598779945,-0.5262868329848963,-1.053117344161566,-0.2673836507081919,1.320500994869795,0.7339957847472357,0.37798468162643134,-1.111980466373756
0.9979959919839678,376.0184087121592,0.9999999930432806,-0.7808073035251508,0.11651137317200652,0.8880421137356618,0.3764314101416551,1.1330592755235303,-1.5094906856650612,0.852177077396385,-1.383941408389018,0.5317643309926132,-0.814819504760253,1.0864630103305595,-0.2716435055703592
1.002004008016032,377.52939514835913,0.9999999931687092,-0.7808073132384544,0.11651127458728872,0.888042049436108,-1.500448112889503,1.1546185505877005,0.3458295623018253,1.1549937564836243,0.10193556891362504,-1.2569293253972966,-0.831406453060483,-0.2480994384865806,1.0795058915470586
1.006012024048096,379.04038158474674,0.9999999932918289,-0.7808073208996226,0.11651117777321811,0.8880419862998915,-0.5558077839311982,-0.9950265186469357,1.5508343025781446,-0.7140993048338179,1.396127577614831,-0.6820282727810213,0.7154259681987933,-1.1161230286392743,0.4006970604404005
1.0100200400801602,380.5513680213188,0.9999999934126529,-0.7808073289606962,0.11651108243318024,0.8880419242949479,1.434002286684925,-1.2735726058466297,-0.16042968083834988,-1.2403631425823698,0.06496934266909044,1.1753937999132869,0.9169347201004415,0.11466837579157277,-1.0316030958920486
1.0140280561122244,382.0623544580718,0.9999999935315685,-0.7808073366521857,0.11651098912232116,0.8880418633966864,0.7272406697418009,0.8427729289556927,-1.5700135986976584,0.5658157440332708,-1.3883604891557124,0.8225447451224331,-0.6058076217358466,1.129831505872387,-0.5240238841365232
1.0180360721442885,383.57334089500273,0.9999999936480238,-0.7808073442590326,0.1165108971689144,0.8880418035962107,-1.3470619172600355,1.374324989858219,-0.027263072598263688,1.3080054637864182,-0.23094569921730487,-1.0770597645691136,-0.9893582585210473,0.020401509736253445,0.968956748784883
1.0220440881763526,385.0843273321081,0.9999999937627603,-0.7808073512826836,0.11651080704157331,0.8880417448627558,-0.8882799826918982,-0.6784745265988017,1.566754509290753,-0.40944566443222646,1.3607511948657978,-0.9513055304335322,0.487531145053379,-1.1273925588650515,0.6398614138117074
1.0260521042084167,386.5953137693851,0.9999999938750461,-0.7808073583544082,0.11651071841056836,0.8880416871875487,1.2408695337233444,-1.455435763958304,0.21456623023495247,-1.3569539936636033,0.3936214004890151,0.9633325931746182,1.0476420046833599,-0.1551798176990206,-0.892462186984353
1.0300601202404809,388.1063002068305,0.9999999939856514,-0.7808073652483145,0.11651063137310622,0.8880416305406386,1.0366241842135588,0.5044794439454113,-1.5411036281589758,0.24722388121171596,-1.313694299826916,1.066470418615197,-0.3622869361152094,1.108841060933834,-0.7465541248185964
1.034068136272545,389.6172866444414,0.9999999940939905,-0.7808073719739166,0.11651054599442977,0.8880415749126768,-1.1169428185849062,1.515745702650929,-0.3988028840659858,1.3865091709063184,-0.5506715179809232,-0.8358376529254031,-1.0909529760088696,0.2877403151641357,0.8032126608447685
1.0380761523046091,391.12827308221443,0.9999999942005138,-0.780807379094679,0.11651046200182982,0.888041520277077,-1.1701531514676435,-0.32327438152044213,1.4934275329881757,-0.08146883085974581,1.2478623170871583,-1.1663934862273988,0.23186496249721167,-1.0744421364614516,0.8425771739642111
1.0420841683366733,392.6392595201472,0.9999999943051116,-0.780807385628203,0.11651037974905579,0.888041466621886,0.9770529058319511,-1.5543928562447815,0.5773399504128047,-1.396248593527304,0.6998515193021486,0.6963970742252058,1.1186721747971122,-0.41618846405233434,-0.7024837107447458
1.0460921843687374,394.15024595823655,0.9999999944077037,-0.7808073939027661,0.1165102988992423,0.8880414139202123,1.2869585068484448,0.13744909789819412,-1.424407604746634,-0.0854505452528479,-1.1641961055101824,1.2496466507630626,-0.09812919924454801,1.0246874120352687,-0.926558212790721
1.0501002004008015,395.6612323964795,0.9999999945087088,-0.7808074004369252,0.11651021961390857,0.8880413621667368,-0.8231990858155428,1.5708248893970589,-0.7476258035814614,1.3860330714189617,-0.8390293524313817,-0.5470037189875903,-1.1304034458525436,0.5386885006035224,0.5917149452490442
1.0541082164328657,397.17221883487326,0.999999994607544,-0.7808074075366019,0.11651014154234655,0.8880413113435269,-1.385370844261918,0.05034063497493781,1.3350302092870374,0.2511486607466417,1.0638913755628077,-1.3150400363094548,-0.03700901987412188,-0.9602879466507115,0.997296966524843
1.0581162324649298,398.6832052734156,0.9999999947049906,-0.7808074136462646,0.11651006496354756,0.8880412614288601,0.6575801619357862,-1.5648068792274614,0.9072267172915992,-1.356008548596235,0.9662158767797399,0.38979267181651645,1.1259790821112734,-0.653489645636796,-0.4724894364744586
1.062124248496994,400.19419171210336,0.9999999948002865,-0.7808074196829302,0.11650998964375008,0.8880412124152123,1.4639836842137794,-0.237410944795607,-1.2265727394182202,-0.41325738154027497,-0.9483816932295152,1.3616390747698144,0.1716183076229758,0.8821641542961355,-1.0537824619190757
1.066132264529058,401.7051781509343,0.99999999489419,-0.7808074256924428,0.11650991566970069,0.8880411642741535,-0.4825631731082068,1.5364248870976684,-1.0538617139893507,1.3066041835626323,-1.0795933901159838,-0.2270107934466797,-1.1054623592235981,0.7589511901804669,0.3465111690431944
1.0701402805611222,403.21616458990536,0.9999999949861321,-0.780807431217073,0.11650984310224269,0.8880411170011566,-1.5216735121641585,0.42108824593920063,1.1005852662249944,0.5694598796976299,0.8193179142093,-1.3887777939069514,-0.3037748441748656,-0.791432580825611,1.0952074250005053
1.0741482965931863,404.7271510290143,0.9999999950765307,-0.780807436914345,0.11650977163027665,0.8880410705730052,0.30064944318802966,-1.486084571334576,1.185435128146468,-1.238526081342591,1.1775415453862055,0.06098453595640814,1.0691465234400404,-0.8535659092189528,-0.2155806142210634
1.0781563126252505,406.23813746825874,0.9999999951653101,-0.7808074422087675,0.11650970171540402,0.8880410249764717,1.5576158491259777,-0.5987474574635331,-0.9588683916624781,-0.717523746353884,-0.6785446041951919,1.3960683505490867,0.4315898709469804,0.6893899600342389,-1.1209798309811911
1.0821643286573146,407.74912390763586,0.9999999952523128,-0.7808074479305728,0.11650963277514881,0.8880409801982555,-0.11443884633650091,1.41450536802744,-1.3000665216909624,1.1527471854260485,-1.2586604760148117,0.10591329058875096,-1.0175505841186865,0.9359815771423382,0.08156900697640436
1.0861723446893787,409.2601103471434,0.9999999953380462,-0.7808074531247218,0.11650956535701414,0.8880409362183356,-1.5712969988204615,0.767849499740343,0.8034474990800665,0.8553328779960929,0.5280736615009619,-1.3834065394970756,-0.5532366726694341,-0.577494664495127,1.130731337164595
1.0901803607214429,410.7710967867789,0.999999995421856,-0.7808074599444073,0.11650949911004858,0.8880408930231343,-0.07340732102099232,-1.32271028163965,1.3961176026606459,-1.0504934338931702,1.3217908474134912,-0.2712974135203011,0.9514119440518896,-1.00502032132295,0.053608377271059146
1.094188376753507,412.2820832265404,0.9999999955045751,-0.7808074655801657,0.11650943408938541,0.8880408506009035,1.5625214446752431,-0.9259775950207526,-0.6365438496544943,-0.9809177368780031,-0.3700555924014263,1.3509733292794375,0.6669766937002016,0.45734589043009255,-1.1243225841303044
1.0981963927855711,413.7930696664255,0.9999999955854016,-0.7808074709963904,0.11650937012868251,0.8880408089462304,0.26020440016195895,1.2120111779495424,-1.4722155781115225,0.9332261883062417,-1.3660303729070127,0.43280418460073267,-0.8716758204082546,1.0596954201329096,-0.1880195997246567
1.1022044088176353,415.30405610643163,0.9999999956650812,-0.7808074768108092,0.11650930734082446,0.8880407680301251,-1.5314145126639327,1.0708717589212413,0.46054275374262726,1.0924834376032007,0.20674874627082906,-1.29923218387404,-0.7711843434000891,-0.3306607665264769,1.101845109926615
1.1062124248496994,416.81504254655704,0.9999999957430834,-0.7808074813990069,0.11650924567790463,0.8880407278566584,-0.443282703767087,-1.0839901635573976,1.5272728673244123,-0.8026214261820507,1.3907467955196513,-0.588125369337554,0.7794818033867348,-1.0992254683888465,0.31974366500213675
1.1102204408817635,418.32602898679926,0.999999995819768,-0.780807486610198,0.1165091849562908,0.8880406883988375,1.478420830095821,-1.2004612066104299,-0.2779596234854897,-1.1884355317147066,-0.04048709935915652,1.22892263107391,0.8643703183380047,0.19924988451387726,-1.063620202851876
1.1142284569138277,419.83701542715653,0.9999999958951147,-0.7808074908786272,0.11650912553194695,0.8880406496503827,0.6200257052098214,0.9404769132703522,-1.5605026184802366,0.6605457473708531,-1.3955868960495659,0.7350411486787337,-0.6761475352562639,1.123045525834106,-0.4468979905778019
1.1182364729458918,421.34800186762635,0.9999999959689025,-0.7808074953561029,0.11650906685707291,0.8880406115995342,-1.4042978127396883,1.312893896074316,0.09140391666540887,1.2674027231563962,-0.12635316678452857,-1.141049556371864,-0.9452028431778923,-0.0649913555565303,1.0101941987344554
1.122244488977956,422.8589883082068,0.9999999960416711,-0.780807499771014,0.11650900957805768,0.888040574223473,-0.7879074305040182,-0.7835225085922285,1.5714299390963402,-0.5090296819927932,1.3804815240225896,-0.8714518420297546,0.5631498660371518,-1.1308151788774363,0.5676653128402808
1.12625250501002,424.36997474889597,0.9999999961127229,-0.7808075041922207,0.11650895306097075,0.8880405375242556,1.3101047882447918,-1.4065629348736732,0.09645814662897474,-1.3282564065673987,0.2913876055218529,1.036868801045584,1.0125266552074204,-0.07019602295347271,-0.9423306322539782
1.130260521042084,425.8809611896916,0.9999999961829268,-0.7808075085882679,0.11650889773525198,0.8880405014747127,0.9445285407815308,0.6153701077615941,-1.5598986485430526,0.35023866305120255,-1.3456465563016815,0.995407893250455,-0.44210373664718805,1.1224233807123847,-0.6803196440651746
1.134268537074148,427.39194763059237,0.9999999962514605,-0.780807512959536,0.11650884335704946,0.8880404660770722,-1.1971879355952573,1.4801296075637111,-0.2829416719683827,1.3701268628158954,-0.45225757118926907,-0.9178692916266391,-1.0653795652926685,0.20438017041591852,0.8609993948768407
1.1382765531062122,428.902934071596,0.9999999963190602,-0.7808075190845123,0.1165087901456047,0.8880404312979654,-1.0876506340586836,-0.43842292448503173,1.5260735585438123,-0.1864421018315899,1.2915798502255849,-1.1051377483940001,0.3147391209450795,-1.097990069335298,0.7832509483902337
1.1422845691382764,430.4139205127008,0.9999999963852413,-0.780807523011673,0.11650873777286827,0.8880403971568731,1.067161074292566,-1.5325425419175034,0.4653814676250043,-1.3924157151535783,0.6066639472066303,0.7857517679469818,1.103006230396665,-0.3356433494659098,-0.7673628809307234
1.1462925851703405,431.92490695390467,0.9999999964502758,-0.7808075285326903,0.11650868629791128,0.8880403636180623,1.2152281771404851,0.2552098201881172,-1.4704379973285069,0.019980941314088334,-1.2190540513273898,1.19907311001331,-0.1828762804813578,1.0578643856310168,-0.8749881051495838
1.1503006012024046,433.43589339520594,0.9999999965142307,-0.7808075319309622,0.11650863579087586,0.888040330689187,-0.9218824542920556,1.563052574524035,-0.6411701202318508,1.394804345571004,-0.752399955370731,-0.6424043902003057,-1.1248688398022948,0.46210954912556396,0.662759290676823
1.1543086172344688,434.94687983660276,0.9999999965768112,-0.7808075358515596,0.11650858591898096,0.8880402983521943,-1.3254378877928135,-0.06834927065849743,1.393787158451348,0.14676576836767566,1.1291057454549027,-1.275871513822589,0.04839980096503671,-1.002619850207866,0.9542200492429548
1.158316633266533,436.4578662780936,0.9999999966385867,-0.7808075397797352,0.11650853727853965,0.8880402665872044,0.7634284128959559,-1.5712237001772764,0.8077952872813803,-1.3772586586639828,0.887382772096194,0.48987588656781617,1.1306549688263254,-0.5819713349164483,-0.5486836339097666
1.162324649298597,437.9688527196764,0.9999999966988478,-0.7808075431705567,0.11650848918708086,0.8880402354018146,1.4167046725231314,-0.11948813244105513,-1.2972165400819862,-0.3114149142939976,-1.0230204650972308,1.334435379391245,0.08676839895079551,0.933046015969606,-1.0198144149203325
1.1663326653306612,439.47983916135,0.9999999967584463,-0.7808075469927721,0.11650844217158406,0.8880402047649303,-0.5940635669189004,1.5569391687756662,-0.9628756018566786,1.3400294440920462,-1.0096832655032253,-0.33034617858883364,-1.1202819479586388,0.6935156717317741,0.4267662762269309
1.1703406813627253,440.9908256031124,0.999999996816578,-0.7808075504214671,0.11650839593159926,0.8880401746848599,-1.4877241576125675,0.30561785076756254,1.1821063068450959,0.47161336184097524,0.9023143589087628,-1.3739277207497496,-0.2206965165022711,-0.8501372201686042,1.0708337366709013
1.1743486973947894,442.50181204496204,0.9999999968739195,-0.7808075540409825,0.11650835044379207,0.8880401451387746,0.41620844597543427,-1.5204031315659048,1.1041946855905291,-1.2836487749243182,1.1175535445724227,0.16609523035191281,1.0938980284227355,-0.7951483898641866,-0.29874963855856035
1.1783567134268536,444.0127984868975,0.9999999969300806,-0.7808075573207326,0.1165083059558634,0.8880401161246483,1.5374813480737843,-0.48737975410702794,-1.0501015939667044,-0.6250715876096858,-0.7687125400037466,1.3937841276134042,0.3514704734334853,0.7550783869126309,-1.1065488603461302
1.1823647294589177,445.52378492891694,0.9999999969852181,-0.7808075628877895,0.11650826230958328,0.8880400876174221,-0.23240493112129043,1.4621377604194887,-1.2297328292982042,1.2089224294694556,-1.2094519467067326,0.0005295172371996455,-1.0518802832805823,0.8854169709990332,0.16646331228165476
1.1863727454909818,447.0347713710191,0.9999999970395312,-0.7808075656142043,0.11650821938871739,0.888040059633761,-1.5652651308406362,0.6621761296336339,0.9030890012069959,0.7695963977951832,0.6241244225657181,-1.3937208203609373,-0.47722127061060954,-0.6492280845725837,1.1264493551833081
1.190380761523046,448.54575781320233,0.9999999970926176,-0.7808075697171517,0.11650817709895653,0.8880400321483777,0.04527987939595917,-1.3829756813728407,1.3376958019768577,-1.1169183248123913,1.2840650175740858,-0.16714669276165217,0.9948291719369114,-0.9630312661944188,-0.03179790574241506
1.19438877755511,450.0567442554654,0.9999999971450754,-0.7808075733438968,0.11650813581580072,0.8880400051511568,1.5706783495026602,-0.8275087943585541,-0.7431695551441589,-0.903122236637314,-0.4706164081720476,1.3737386448093911,0.596151675798709,0.5340990824277854,-1.1302507582264951
1.1983967935871742,451.5677306978067,0.9999999971961969,-0.7808075762456264,0.11650809494657881,0.8880399786490598,0.1424923207030449,1.2840483239197182,-1.4265406446227697,1.0089514128701929,-1.34032643567942,0.33137502280918374,-0.9235600987728163,1.0268820476907252,-0.10332194891792598
1.2024048096192383,453.0787171402248,0.9999999972468026,-0.7808075799185233,0.11650805504276392,0.8880399526099386,-1.553643661740048,0.9810148408016841,0.5726288209383807,1.023740781993742,0.3103824290762386,-1.3341232110700212,-0.706561954382702,-0.4113368079501283,1.117898762332857
1.2064128256513025,454.58970358271836,0.9999999972961293,-0.7808075826750898,0.1165080157408801,0.888039927048018,-0.3282280566308653,-1.1667695486731573,1.4949976053039618,-0.8865647447102083,1.3774321289594607,-0.49086738424925663,0.8390916373041635,-1.076056774508766,0.23696513720462897
1.2104208416833666,456.1006900252862,0.9999999973448149,-0.7808075856056251,0.11650797703310818,0.8880399019397991,1.5144045673280926,-1.1205004076444374,-0.39390415968375636,-1.1297282027324669,-0.1457125332814549,1.2754407360139532,0.806874158182342,0.28269577604645213,-1.0895699342287357
1.2144288577154307,457.6116764679267,0.9999999973924915,-0.7808075882790113,0.11650793923663841,0.88803987728307,0.5092728305702658,1.032815488270225,-1.5420883188405106,0.751507457674983,-1.3948518038580326,0.6433443461830644,-0.7426310067444072,1.1098526604786771,-0.3672216537341475
1.2184368737474949,459.1226629106387,0.9999999974392424,-0.780807591142925,0.11650790183480364,0.8880398530691046,-1.453521867419924,1.2439719955341175,0.20954987188587657,1.2195697522963496,-0.02103985321296692,-1.198529899083371,-0.8956546463484495,-0.15001450000229968,1.0456691463508856
1.222444889779559,460.63364935342076,0.9999999974853865,-0.780807593742417,0.11650786542636508,0.8880398292852526,-0.6830391836758304,-0.8841005942986736,1.567139777974553,-0.6057097660331129,1.3923365072675016,-0.7866267412343382,0.6355568084229973,-1.1277867052441726,0.4922298968212153
1.2264529058116231,462.14463579627176,0.9999999975303988,-0.780807597085122,0.11650782944607747,0.8880398059288163,1.3718656557048898,-1.3496649419814992,-0.02220071372332281,-1.291981404384802,0.18749153702821075,1.1044898673566448,0.971634562262224,0.015189234924169846,-0.9868237971864092
1.2304609218436873,463.65562223919045,0.9999999975749495,-0.7808076004919531,0.11650779441790544,0.888039782983155,0.847043675045391,0.722750277335795,-1.5697939523810722,0.4512553803806587,-1.3699221845585436,0.9186668041778862,-0.5193993273938617,1.1296025968857277,-0.6102032694918722
1.2344689378757514,465.16660868217554,0.9999999976183194,-0.7808076035433781,0.11650775977471402,0.88803976045745,-1.2706029639390062,1.436068714073648,-0.16546575013448778,1.3459282783199724,-0.35126361974269454,-0.9946646585773241,-1.0337280232993644,0.11985311464599495,0.9138749086533495
1.2384769539078155,466.6775951252258,0.9999999976612852,-0.7808076073440164,0.11650772595152424,0.8880397383240712,-0.9989423536139992,-0.5510704945221241,1.5500128481362005,-0.2903517198913368,1.3279291295374853,-1.0375774096461576,0.39581865062851534,-1.1152743439290864,0.719455693300518
1.2424849699398797,468.18858156834017,0.9999999977031442,-0.7808076097221127,0.11650769257572297,0.8880397166005416,1.1511809860139308,-1.5019484061230137,0.3507674201090583,-1.3806393427816575,0.5100154896116851,0.8706238531699397,1.0810475738270482,-0.2531825398573325,-0.8278650339697747
1.2464929859719438,469.69956801151744,0.9999999977444752,-0.7808076126543019,0.1165076597181719,0.8880396952600582,1.1365643013663678,0.37151487032348857,-1.5080791716899384,0.12529840558778474,-1.266957509701003,1.1416591041131858,-0.2665809860428807,1.0850067304629742,-0.8184257444200946
1.250501002004008,471.2105544547562,0.9999999977849535,-0.7808076148519605,0.11650762761572836,0.8880396743061096,-1.0153064898033688,1.546362479299743,-0.5310559894964687,1.3956185225535656,-0.661478287488204,-0.7341402350654195,-1.1129169362791087,0.38289351108115344,0.7300234251980187
1.254509018036072,472.7215408980558,0.9999999978246269,-0.7808076169878758,0.11650759575645214,0.8880396537306164,-1.2579426828184233,-0.1866496086024106,1.4445922914207396,0.041545639038618,1.1878787717877743,-1.2294244108263728,0.13353339344421855,-1.0392323792942963,0.9056989858501405
1.2585170340681362,474.23252734141494,0.9999999978638335,-0.780807619306501,0.1165075648564536,0.8880396335170034,0.8649213986321101,-1.56867620841033,0.7037548097781057,-1.3906517713828952,0.8034873464262112,0.5871644249567324,1.12888066511783,-0.5071322254796901,-0.621748439638158
1.2625250501002003,475.74351378483243,0.9999999979020235,-0.7808076216295613,0.11650753418422222,0.888039613671812,1.3613427683357233,-0.0008832280616623139,-1.3604595402740964,-0.20779591387620264,-1.0918230797468285,1.2996189936230453,0.0014226375256577856,0.9786054784620078,-0.9800281159876817
1.2665330661322645,477.25450022830734,0.9999999979398773,-0.7808076236772477,0.11650750429573771,0.8880395941766427,-0.7021749918457362,1.56857069605087,-0.8663957042051096,1.365810079174444,-0.9340131062563178,-0.4317969729181374,-1.1287106149660406,0.6241230889842746,0.5045875259817805
1.2705410821643286,478.76548667183886,0.9999999979766697,-0.7808076259966639,0.11650747481686263,0.8880395750357354,-1.4452867800292364,0.1884034582639963,1.2568833217653588,0.37107640144269083,0.9801632431133158,-1.3512396445560098,-0.13635833791943905,-0.9039924978497774,1.0403508357692328
1.2745490981963927,480.2764731154256,0.9999999980131485,-0.7808076291229489,0.116507446041541,0.8880395562266032,0.5293932116581639,-1.5460474469527232,1.0166542352946415,-1.321448472431003,1.0511901155598575,0.2702583568711496,1.112409212014292,-0.7321940874406624,-0.3802151245736535
1.2785571142284569,481.7874595590665,0.9999999980486848,-0.7808076314443636,0.11650741774361326,0.8880395377633562,1.5085750139599052,-0.37323107148486206,-1.1353439424750804,-0.529053528994905,-0.8544950890209194,1.3835486180157803,0.2693452295730073,0.8164597983615938,-1.0858050279345952
1.282565130260521,483.298446002761,0.9999999980837776,-0.7808076350391686,0.1165073899577797,0.8880395196206976,-0.34904540534127054,1.5014283109244437,-1.1523829055832555,1.2582009203936038,-1.1533436704521585,-0.10485724994150272,-1.0802094011742165,0.8298006663046118,0.25040873486971743
1.2865731462925851,484.809432446508,0.9999999981181661,-0.7808076368792064,0.11650736270088241,0.8880395018131607,-1.5503029136984512,0.5527245366607263,0.9975783770377067,0.6794694986762652,0.7166146166481776,-1.3960841153244734,-0.39848267659945324,-0.7172583571524032,1.115741033751929
1.2905811623246493,486.3204188903064,0.9999999981518445,-0.7808076390981996,0.11650733565592962,0.8880394843253713,0.1637090708780657,-1.4353509603566417,1.2716418894784929,-1.1769713458242186,1.2390137996128774,-0.06204245378862197,1.0325713743472136,-0.9155478374659491,-0.11702353688120357
1.2945891783567134,487.8314053341555,0.9999999981851702,-0.7808076411714265,0.11650730943627201,0.8880394671458549,1.569874107319903,-0.7243185551859148,-0.845555552134033,-0.8201745837731894,-0.5684924021738798,1.3886669859471135,0.5219250590953866,0.6078059554438237,-1.1297310145391894
1.2985971943887775,489.34239177805404,0.999999998217571,-0.7808076432198364,0.11650728336600526,0.8880394502809367,0.02396696934044741,1.348759821974376,-1.3727267913147925,1.0789207105491074,-1.3069761573110144,0.22805544676193207,-0.9701760044222122,0.9882101426309087,-0.018034138208658852
1.3026052104208417,490.8533782220015,0.99999999824976,-0.7808076448288662,0.11650725795157561,0.8880394337134482,-1.5670089286800077,0.8855607444136245,0.6814481842665155,0.9491578698905818,0.41224540439269997,-1.361403274283247,-0.6379081679808923,-0.4896668916822258,1.1275750596631073
1.3066132264529058,492.3643646659968,0.9999999982809841,-0.780807646600668,0.1165072328744184,0.8880394174485163,-0.21130049022098235,-1.2428924336492835,1.4541929238703777,-0.9654503356430894,1.3562594407103705,-0.3908091050672675,0.8939150359094076,-1.0467491068626231,0.15283407095313437
1.31062124248497,493.87535111003916,0.9999999983119845,-0.7808076482979809,0.11650720825890597,0.8880394014697747,1.5417483392922993,-1.03414666846068,-0.5076016708315442,-1.0645759629987135,-0.25010667659568747,1.314682639594406,0.744774400435928,0.3645295914614235,-1.1093039918973515
1.314629258517034,495.38633755412775,0.9999999983421516,-0.7808076499298728,0.11650718418231125,0.8880393857812569,0.39561415297926816,1.119261832078266,-1.5148759850574984,0.8381819158029118,-1.3861593007196704,0.5479773849167522,-0.8048783747146356,1.0903280994444955,-0.28544972472986174
1.3186372745490982,496.8973239982617,0.9999999983719204,-0.7808076524943791,0.1165071604649692,0.8880393703665103,-1.4944533498611814,1.167952758126131,0.3265005917351812,1.1647793236529191,0.08439346933487608,-1.2491727929878118,-0.8409964396684119,-0.2341824902446081,1.0751789299129948
1.3226452905811623,498.40831044244004,0.9999999984011411,-0.7808076540794996,0.11650713733550856,0.8880393552325008,-0.5742737774501008,-0.9796349274359356,1.5539087048860594,-0.6989343473516957,1.3962484141972828,-0.6973140668455985,0.7043385181178761,-1.1183242976341188,0.4139857795162065
1.3266533066132264,499.91929688666227,0.9999999984297238,-0.7808076572559662,0.1165071145164693,0.8880393403632044,1.4257998607878466,-1.28506665672752,-0.14073320406037165,-1.2483358392667971,0.08252587559263197,1.1658099636741677,0.9251990790648171,0.10048848267034574,-1.0256875617351313
1.3306613226452906,501.4302833309275,0.9999999984580593,-0.7808076590423219,0.11650709226015285,0.8880393257626255,0.7447259825679705,0.8260072249800913,-1.5707332075480798,0.549697719640823,-1.386382565138542,0.8366848454976822,-0.5937323533855438,1.1303375652712848,-0.5366052118856702
1.3346693386773545,502.9412697752348,0.9999999984855404,-0.7808076613494216,0.1165070701762857,0.8880393114273507,-1.3367690428803138,1.3838145780628617,-0.047045535182496635,1.3140513234440179,-0.2482657683818314,-1.0657855550622204,-0.9961788979630887,0.03464169272514205,0.9615372052380133
1.3386773547094186,504.45225621958355,0.9999999985129164,-0.7808076628260423,0.11650704859830004,0.8880392973463848,-0.9045346772756236,-0.6605743244319032,1.5651090017075902,-0.3926048940348867,1.3567027306333896,-0.964097836598478,0.4746406407976536,-1.1261961895838064,0.6515555487862129
1.3426853707414828,505.9632426639731,0.9999999985394105,-0.7808076643351058,0.11650702729491275,0.888039283524234,1.228633329136672,-1.4627852466309887,0.23415191749432052,-1.3609865992486667,0.4104574796158506,0.9505291196328465,1.052921476456399,-0.16927677117248724,-0.8836447052838948
1.3466933867735469,507.4742291084025,0.9999999985657642,-0.7808076658619783,0.11650700636725934,0.8880392699442841,1.0514159188350956,0.48570059949827576,-1.5371165183333226,0.22990103688251556,-1.3076331368013718,1.0777320999188362,-0.3487654437455142,1.1059593965877046,-0.7571939528421398
1.350701402805611,508.9852155528712,0.9999999985913802,-0.7808076670590512,0.11650698590406211,0.888039256612724,-1.1029381903550883,1.520850036171753,-0.4179118458166693,1.3884708862662942,-0.5667829954991738,-0.8216878907671554,-1.0946158661215182,0.30149256980373723,0.7931232963178161
1.3547094188376752,510.4962019973783,0.9999999986166583,-0.780807668495045,0.1165069656060781,0.8880392435178228,-1.183270523092649,-0.30388532145121844,1.4871558445438309,-0.06391148261880278,1.2398750969119268,-1.1759636142931362,0.21790575280871582,-1.0699164247467894,0.8520106719381073
1.3587174348697393,512.0071884419233,0.999999998641497,-0.7808076696253924,0.11650694594907195,0.8880392306572469,0.9614800483467928,-1.5571791092360523,0.5956990608891485,-1.3961113984052236,0.7150081476526823,0.6811032507525283,1.1206661895680419,-0.42939948712752024,-0.6912667024404975
1.3627254509018034,513.5181748865052,0.9999999986657236,-0.7808076713343916,0.11650692638007447,0.8880392180278648,1.2982140308243042,0.11772695507178994,-1.4159409858961967,-0.10299148258322012,-1.1543969737184572,1.2573884563017557,-0.0839317850624371,1.0185823763604172,-0.9346505912980064
1.3667334669338675,515.0291613311236,0.999999998689822,-0.7808076725379693,0.1165069074414482,0.888039205621094,-0.8062805866756337,1.5712532408005413,-0.7649726541250091,1.3837989235212025,-0.8530145238521871,-0.5307843996688502,-1.1307001282505609,0.5511694965016565,0.5795306317487621
1.3707414829659317,516.540147775778,0.9999999987131278,-0.7808076756133319,0.11650688882990057,0.8880391934321332,-1.3946037012604153,0.07011394941887868,1.3244897518414571,0.26842251193152744,1.052420414398975,-1.3208429263304233,-0.051241725058316825,-0.9526909159835408,1.003932641041794
1.3747494989979958,518.0511342204675,0.9999999987364293,-0.7808076772754582,0.11650687055191138,0.888039181462491,0.6395579032494023,-1.5628713032230868,0.9233133999738622,-1.3517094392599969,0.9788297673570084,0.3728796719029327,1.124574287559806,-0.6650622851051687,-0.45951200245462376
1.37875751503006,519.5621206651916,0.999999998758917,-0.7808076788121007,0.11650685249560075,0.8880391697146465,1.4710618939150528,-0.25695281315729523,-1.214109080757501,-0.43001728467501305,-0.935402809698447,1.3654200943734367,0.18568289827139586,0.8731837172112414,-1.0588666154827004
1.382765531062124,521.0731071099495,0.9999999987813194,-0.7808076807439834,0.11650683478442714,0.8880391581698982,-0.46369471990187333,1.5321529976732673,-1.0684582777713776,1.3003014963750679,-1.090655698923985,-0.2096457974509923,-1.1023761607999523,0.7694500813747901,0.33292607942500013
1.3867735470941882,522.5840935547411,0.9999999988030833,-0.7808076816497709,0.11650681740652878,0.8880391468407927,-1.5264958946929104,0.4401193519993924,1.0863765426934338,0.5854663099847602,0.8050165777458534,-1.390482887730575,-0.31747031517660224,-0.7811971032535232,1.0986674184300698
1.3907815631262523,524.0950799995653,0.9999999988245584,-0.7808076831478891,0.11650680016361949,0.8880391357110069,0.2812044819467848,-1.4795374112673711,1.198332929320639,-1.2303098682308429,1.1868941574995642,0.043415710731157034,1.0644230495362164,-0.8628410150335244,-0.20158203450261855
1.3947895791583165,525.6060664444218,0.9999999988456894,-0.7808076838889468,0.11650678345656922,0.8880391247823639,1.5601134721989423,-0.6169957827010869,-0.9431176894977648,-0.7325479429839225,-0.6631251938742331,1.3956731368580741,0.4447204928931924,0.6780457482572773,-1.1227662411503996
1.3987975951903806,527.1170528893098,0.9999999988662462,-0.7808076849048734,0.11650676673510071,0.8880391140527776,-0.09469531446264431,1.405776548580098,-1.3110812341175024,1.1427348875845276,-1.2661697473976954,0.12343485981327022,-1.0112573962328955,0.9439003793570242,0.06735701687586015
1.4028056112224447,528.6280393342286,0.9999999988867476,-0.7808076858786746,0.11650675065417807,0.8880391035087285,-1.5714341893244623,0.7850542264959576,0.7863799628283998,0.86916013094066,0.5117565507685159,-1.38091668170906,-0.5656148007333267,-0.565203881559015,1.1308186822923436
1.4068136272545089,530.1390257791778,0.9999999989064835,-0.7808076870175551,0.11650673460871126,0.8880390931601585,-0.09316722968108605,-1.3119245598177356,1.405091789498924,-1.0388281330121982,1.3273494523703677,-0.28852131935821257,0.9436390106275047,-1.0114696692201972,0.06783065859279899
1.410821643286573,531.650012224157,0.9999999989263063,-0.7808076881341154,0.11650671902409868,0.8880390829894342,1.5602962392099295,-0.941892818080496,-0.6184034211292027,-0.9933504333846306,-0.35307397272212854,1.3464244061066841,0.6784254362914022,0.4442842118255501,-1.1227096481168688
1.4148296593186371,533.1609986691653,0.9999999989453784,-0.7808076895675918,0.11650670371381254,0.8880390730051624,0.27969825020745837,1.1993227602812446,-1.4790210104885773,0.9200746207915698,-1.3695589005347832,0.4494842797432919,-0.8625342831284232,1.0645831938921824,-0.20204891076378237
1.4188376753507013,534.6719851142025,0.9999999989644127,-0.7808076924330057,0.11650668882110791,0.8880390631863817,-1.5268588183561203,1.0852700512394182,0.44158876711658923,1.1033439492529509,0.1893453232929879,-1.2926892725458485,-0.7815401330763556,-0.31701490407117794,1.098555037147504
1.4228456913827654,536.1829715592684,0.9999999989829067,-0.7808076932160123,0.11650667408410535,0.8880390535581516,-0.46223187774235375,-1.0695804441648473,1.5318123219071489,-0.7881715600402465,1.3921948484793052,-0.6040232884391254,0.769102354298797,-1.102481869737574,0.33337951543892436
1.4268537074148295,537.6939580043618,0.9999999990011313,-0.7808076954839543,0.11650665954772829,0.8880390440939272,1.4715997106559415,-1.213136747111442,-0.2584629635443664,-1.1975686101008276,-0.022910575007274094,1.2204791851080132,0.8734851497517604,0.18521485394501513,-1.0587000036966918
1.4308617234468937,539.2049444494821,0.9999999990191182,-0.7808076958885374,0.11650664534676942,0.8880390348071119,0.6381593608624823,0.924551816414517,-1.5627111772769724,0.6450040606158156,-1.3949337372094324,0.749929676593681,-0.6646785114586247,1.1246240143484867,-0.45994550288990343
1.4348697394789578,540.7159308946295,0.9999999990365667,-0.7808076967937372,0.11650663112056403,0.8880390256889938,-1.3953087458470192,1.323665502664941,0.07164324318196197,1.2746778257670859,-0.143851598898172,-1.130826226868768,-0.9529464591702739,-0.0507677481502286,1.0037142073204466
1.438877755511022,542.2269173398034,0.9999999990540281,-0.7808076977829351,0.11650661749159555,0.8880390167267147,-0.8049663776308813,-0.7663096414080982,1.5712760190390578,-0.49261827847078205,1.3777364661333948,-0.8851181876626237,0.5507551918058721,-1.1306932090997193,0.5799380172938711
1.442885771543086,543.737903785003,0.9999999990707767,-0.7808076983487929,0.11650660379096667,0.8880390079351097,1.299076270764523,-1.4152766615865355,0.1162003908222181,-1.3335695670471845,0.30855786560198917,1.0250117014450848,1.0187884144387114,-0.08440491972019437,-0.9343834947184443
1.4468937875751502,545.2488902302283,0.999999999087653,-0.780807699335677,0.11650659054540836,0.8880389992911004,0.9602689637253545,0.5971155030723412,-1.557384466797487,0.3331920917114246,-1.3408488395833111,1.0076567478719016,-0.4289605773751788,1.1206027342750011,-0.6916421568998792
1.4509018036072143,546.7598766754782,0.9999999991038365,-0.7808077000480761,0.11650657747696873,0.8880389908094939,-1.184277616720143,1.48666092950439,-0.3023833127842445,1.3734021600526742,-0.46885427355891307,-0.9045478864936922,-1.070070011350207,0.2183712860123736,0.8516987253377486
1.4549098196392785,548.2708631207527,0.9999999991199933,-0.7808077010412112,0.11650656457522526,0.8880389824745593,-1.1018475619463692,-0.41938748809924487,1.5212350500455232,-0.1690039834622573,1.2847980417665634,-1.1157940583043333,0.3010353299173518,-1.0944967967143517,0.7934614667971105
1.4589178356713426,549.7818495660512,0.999999999135714,-0.7808077016848087,0.11650655207835763,0.8880389742919605,1.0525534649572632,-1.536798097292193,0.4842446323350257,-1.3936063280806403,0.6224498974265251,0.7711564306540096,1.106058345470931,-0.34921672769642775,-0.7568416177743006
1.4629258517034067,551.2928360113732,0.9999999991511551,-0.7808077048956037,0.11650653988861977,0.8880389662414283,1.2276787576113943,0.235665662548408,-1.4633444201597017,0.002400498269863518,-1.2103851388322424,1.2079846405623982,-0.1688077333181443,1.0527484976485022,-0.8839407643302795
1.4669338677354709,552.8038224567185,0.9999999991664786,-0.780807705070272,0.1165065278235678,0.8880389583495552,-0.905786409577497,1.564971627563522,-0.6591852179860234,1.3938933241838218,-0.767149580162946,-0.6267437440207556,-1.1262390841245684,0.4750712268429493,0.651167857281574
1.470941883767535,554.3148089020867,0.9999999991812877,-0.7808077065120622,0.11650651581193817,0.8880389505969065,-1.335964132760108,-0.04857571206826129,1.3845398448283233,0.16423729585179295,1.118673567440137,-1.282910863291919,0.03416755388145148,-0.9959544436349997,0.9617868897535902
1.4749498997995991,555.8257953474772,0.9999999991961596,-0.7808077076338561,0.1165065042846596,0.8880389429781664,0.7460739599293291,-1.5707787858556685,0.8247048259264589,-1.374258980600513,0.9008852625605515,0.4733737180398416,1.1303237533651909,-0.5941360689517089,-0.5361876844134003
1.4789579158316633,557.3367817928896,0.9999999992103746,-0.780807708074877,0.11650649263431599,0.8880389355073893,1.4251561280123157,-0.13920847429837585,-1.2859476537137735,-0.32852783086269743,-1.0109741031256516,1.3395019339883136,0.10096093901744121,0.9249263677266768,-1.0258873067440484
1.4829659318637274,558.8477682383236,0.9999999992247459,-0.7808077092986632,0.11650648142428367,0.8880389281587316,-0.5756987342934264,1.554136618994799,-0.9784378847014432,1.334983949698664,-1.0217456312880895,-0.31323831841049526,-1.1182540085880965,0.7047096054256685,0.41354440316238
1.4869739478957915,560.3587546837788,0.9999999992384871,-0.7808077097278917,0.11650647031101063,0.8880389209519759,-1.493980031052615,0.3250031156231597,1.1689769154292677,0.4881230951673722,0.8888259723170427,-1.3769490674843818,-0.234646510859089,-0.8406793956532075,1.0753259065122955
1.4909819639278556,561.8697411292551,0.9999999992522319,-0.7808077103514476,0.11650645928701907,0.8880389138701208,0.39709572318100106,-1.5152830125793284,1.1181872893982636,-1.276629577276494,1.128003396616873,0.1486261806595095,1.0902023774176384,-0.8052115555854664,-0.2849908218320664
1.4949899799599198,563.3807275747516,0.9999999992655968,-0.780807710783652,0.116506448679225,0.888038906916683,1.5414522344922543,-0.5061528744389354,-1.0352993600532496,-0.6407421875270711,-0.753974902185731,1.3947170897127572,0.36497855347056035,0.7444175785373212,-1.1093961320077783
1.498997995991984,564.8917140202685,0.9999999992786585,-0.7808077115366281,0.11650643799355821,0.8880389000881944,-0.2128174852920161,1.4547732512036302,-1.2419557659116935,1.2000298457972784,-1.2181399414035299,0.018110095606399992,-1.0465697633359476,0.8942055637231939,0.15236419961269615
1.503006012024048,566.4027004658049,0.9999999992917192,-0.7808077119473198,0.1165064278060977,0.8880388933790847,-1.5668942748887897,0.6800687912304373,0.8868254836582835,0.7842039064576277,0.6083481565984589,-1.392552063055997,-0.4900943865441014,-0.6375166711959962,1.127611057740048
1.5070140280561122,567.9136869113602,0.999999999304255,-0.780807713522712,0.116506417634903,0.888038886788994,0.025497691903565246,-1.3734721120978322,1.347974420194374,-1.1062794853948976,1.2908670319857738,-0.18458754659095308,0.9879797391715085,-0.9704197293858884,-0.017560009785576695
1.5110220440881763,569.4246733569348,0.9999999993169184,-0.7808077148069738,0.11650640789614287,0.8880388803117611,1.569942546485863,-0.844265290006208,-0.7256772564795061,-0.9164579248519291,-0.4540270053792791,1.3704849302311486,0.6082058780874151,0.5215044822200481,-1.129710360307465
1.5150300601202404,570.935659802528,0.9999999993289813,-0.7808077156780814,0.1165063980694484,0.8880388739600403,0.16218651788534214,1.272541526020265,-1.4347280439056123,0.9967183552390196,-1.3451452583002488,0.3484269030613213,-0.9152696596903416,1.032764807132369,-0.11749514744212367
1.5190380761523046,572.4466462481396,0.9999999993412059,-0.7808077173689509,0.11650638862899272,0.8880388677105855,-1.5505534083119947,0.996395671681632,0.5541577366302509,1.0356140515770422,0.29321696018029564,-1.328831011757226,-0.717624972175654,-0.3980390158190745,1.1156639879946377
1.5230460921843687,573.9576326937693,0.9999999993528701,-0.7808077177407514,0.11650637920664324,0.8880388615860503,-0.34755278701479897,-1.1534239659651397,1.5009767529799867,-0.8729122790990685,1.3801988719538347,-0.5072865928548183,0.8294786793643957,-1.080349760140456,0.2508710807760966
1.5270541082164328,575.4686191394164,0.9999999993645582,-0.7808077186285035,0.11650636986415479,0.888038855565485,1.5090039915146851,-1.1342857196990737,-0.3747182718155013,-1.1399693373958644,-0.1282163102550562,1.2681856476508016,0.8167878735988147,0.26888483851673095,-1.0856727121155323
1.531062124248497,576.9796055850812,0.9999999993759286,-0.7808077189195346,0.11650636086734348,0.8880388496563855,0.5279518893825835,1.017821848312036,-1.5457737376946687,0.7366306848245369,-1.3955269025625694,0.6588962177380839,-0.7318329193548568,1.112494518989946,-0.38066159963515395
1.535070140280561,578.4905920307632,0.9999999993870202,-0.7808077191776335,0.11650635170087642,0.8880388438561536,-1.445888165894405,1.2559647658140731,0.18992340008013625,1.2280323912940678,-0.03861677717926604,-1.1894156141146943,-0.9042773881865565,-0.13588781107678613,1.0401651992632355
1.539078156312625,580.0015784764618,0.9999999993981561,-0.7808077196338044,0.11650634308392485,0.8880388381532293,-0.7008055988252584,-0.8676732003875586,1.5684787992126028,-0.5898213025674495,1.390910314799787,-0.8010890122323682,0.6237279334154411,-1.1287397001008996,0.5050117666854459
1.5430861723446891,581.5125649221766,0.9999999994087789,-0.7808077201761008,0.11650633430233466,0.8880388325583859,1.3621079548541393,-1.3596937797712467,-0.0024141750828663294,-1.298544615984777,0.20489795880849854,1.0936466571761903,0.978843120352811,0.0009486973792690728,-0.9797918177320971
1.5470941883767533,583.0235513679079,0.9999999994195585,-0.7808077204818951,0.1165063259177043,0.8880388270582453,0.8636435241672018,0.7051239185691953,-1.568767442736415,0.434582301121707,-1.3664150882211323,0.9318327870994677,-0.5067087360807431,1.1288531310068337,-0.6221443949262334
1.5511022044088174,584.5345378136549,0.9999999994297721,-0.7808077211060453,0.11650631755318189,0.8880388216615156,-1.258860724832505,1.4439902835318161,-0.1851295586994749,1.3504982627574937,-0.36825077414759677,-0.9822474886097766,-1.0394193896189576,0.1340039764675714,0.9054154131512328
1.5551102204408815,586.0455242594174,0.9999999994401588,-0.7808077228683945,0.11650630956408055,0.888038816348321,-1.0141384150596444,-0.5324971317435878,1.5466355468031903,-0.273132324513183,1.3223913012517856,-1.0492589767386133,0.38244774240632184,-1.1128331892213081,0.730385446814922
1.5591182364729457,587.5565107051958,0.9999999994500635,-0.780807723444584,0.11650630161699814,0.8880388111418674,1.1376220869550813,-1.5076495425044811,0.37002745554948213,-1.3831508313084808,0.5263406174063938,0.8568102139019325,1.0851404592363934,-0.26704149165141905,-0.818098967584965
1.5631262525050098,589.0674971509887,0.9999999994599938,-0.7808077252045803,0.11650629379966093,0.8880388060191752,1.150139386639444,0.35225995996707193,-1.5023993466065673,0.10777877627446752,-1.2594680797791202,1.1516893035046067,-0.252720853533117,1.0809087834613378,-0.8281879299282213
1.567134268537074,590.5784835967964,0.999999999469667,-0.780807725417734,0.11650628617872315,0.8880388009972848,-1.0001247039729695,1.5497616845205795,-0.5496369805478792,1.3960356003821441,-0.6769080752313011,-0.7191275251507415,-1.1153528471725764,0.39626248824577714,0.7190903589267691
1.571142284569138,592.0894700426189,0.9999999994790754,-0.7808077259307332,0.11650627840228792,0.8880387960666787,-1.2697027407317287,-0.1669883339555067,1.4366910746870198,0.05911512422254924,1.1785447352980787,-1.2376598595205914,0.11938211850762216,-1.0335361893879316,0.9141540708803595
1.5751503006012022,593.6004564884556,0.9999999994885618,-0.7808077264265757,0.11650627112170478,0.8880387912187845,0.8483336872710089,-1.5697248674838515,0.7213911802128543,-1.3889684446346635,0.8178012624100808,0.571167182224532,1.1296247784436841,-0.5198201573383641,-0.6098046211052072
1.5791583166332663,595.1114429343062,0.999999999497551,-0.7808077268981255,0.11650626364721693,0.8880387864646807,1.3711197263700874,-0.020669854678579208,-1.3504498716914497,-0.22516415508173004,-1.0807778425988053,1.3059419976805693,0.01566280075528325,0.9713924769100025,-0.9870552776652504
1.5831663326653305,596.6224293801705,0.9999999995067533,-0.7808077269989363,0.11650625650182278,0.888038781790812,-0.6844184353085405,1.5672538196579986,-0.8828353843494867,1.362050401779765,-0.9470065755511399,-0.41504382622848296,-1.1277523092140995,0.6359486438641005,0.491803665349935
1.5871743486973946,598.1334158260483,0.9999999995154072,-0.7808077273045754,0.11650624936363248,0.888038777206287,-1.4529409110522056,0.20803263735083644,1.2449082737012784,0.38799517746263507,0.9675646663519325,-1.3555598438145067,-0.15048386911698303,-0.8953657919781218,1.0458496610950727
1.5911823647294587,599.6444022719389,0.9999999995242371,-0.7808077275755599,0.11650624237556677,0.888038772698548,0.5107215960639234,-1.5423838647008568,1.0316622686370398,-1.3156661850142322,1.0626774440304185,0.2529887409837266,1.1097622058358119,-0.7429882665129742,-0.3667739393228192
1.5951903807615229,601.1553887178428,0.9999999995326329,-0.780807727809437,0.11650623560748691,0.8880387682755756,1.5139969172301635,-0.3924222577271727,-1.1215746595028377,-0.5452810410343601,-0.8405232236383581,1.3858042646726623,0.28315424913665055,0.8065426894394772,-1.0896969385761195
1.599198396793587,602.6663751637593,0.9999999995410425,-0.7808077293812075,0.11650622894500157,0.8880387639220123,-0.32972561348542795,1.4954704372169474,-1.1657448237315207,1.2504787006982219,-1.1631607178659202,-0.08731798283219798,-1.075911573984655,0.8394092331437227,0.23650234084087488
1.6032064128256511,604.1773616096884,0.9999999995492788,-0.7808077295766975,0.11650622250037633,0.888038759653722,-1.5534151522089992,0.5712034512036339,0.9822117010052629,0.6947738471669029,0.7014691698755602,-1.3962430170424105,-0.41177784082890534,-0.70619261613711,1.117970456966026
1.6072144288577153,605.68834805563,0.9999999995572504,-0.7808077311651995,0.11650621603818927,0.8880387554567949,0.14401723181348228,-1.4271839590912965,1.2831667272778844,-1.1674195538634584,1.2470202678638227,-0.07960071400044878,1.0266841638425341,-0.9238334830497161,-0.102850680792707
1.6112224448897794,607.1993345015834,0.9999999995653445,-0.780807731631564,0.11650620988252847,0.8880387513359363,1.570632207061523,-0.7418210954139767,-0.8288111116474128,-0.8343370495093053,-0.5523898190950327,1.3867268686042356,0.5345163652813695,0.5957497358438322,-1.1302661011251462
1.6152304609218435,608.7103209475487,0.9999999995729628,-0.7808077325296695,0.11650620358953373,0.88803874729329,0.04374942405197216,1.3385003883071505,-1.3822498123592473,1.0676758306059737,-1.313057597017633,0.24538176641172837,-0.9627835402034486,0.9950544440937983,-0.03227090389039189
1.6192384769539077,610.2213073935255,0.9999999995808353,-0.780807732686889,0.11650619753116885,0.8880387433201489,-1.5654020115993035,0.9018367434444221,0.663565268154603,0.9619760257654587,0.39541579808728716,-1.3573918238526683,-0.6496156557693119,-0.4767924871969231,1.1264081429661703
1.6232464929859718,611.7322938395143,0.9999999995881727,-0.780807732919081,0.11650619146982077,0.8880387394246011,-0.23089082271350808,-1.2306871886949982,1.4615780114083472,-0.9526730662202448,1.3603289247931067,-0.40765585857291947,0.8851229732276831,-1.0520542480676802,0.1669312748400379
1.627254509018036,613.243280285514,0.9999999995957103,-0.7808077331608582,0.1165061855121672,0.8880387355935482,1.5377993613937784,-1.0489634962314325,-0.488835865162301,-1.0758666050583032,-0.23279057085346588,1.3086571759116774,0.7554307472003732,0.351021006577243,-1.1064517537776077
1.6312625250501,614.754266731525,0.9999999996028476,-0.780807733163633,0.11650617975590165,0.8880387318358786,0.41473236864774976,1.1052852195312943,-1.5200175881789786,0.8240548663695003,-1.3881586662241812,0.5641037998547507,-0.7948123797380086,1.0940182695597778,-0.2992058898218557
1.6352705410821642,616.2652531775466,0.999999999609985,-0.7808077334264985,0.11650617390301954,0.8880387281432317,-1.4882187659611752,1.1810986584562826,0.3071201075047981,1.1743810987325976,0.066838345794823,-1.2412194445273295,-0.8504493604922215,-0.2202327983625064,1.0706821588546933
1.6392785571142283,617.7762396235787,0.9999999996170021,-0.7808077334070733,0.11650616843199832,0.8880387245165361,-0.5926466363175981,-0.9640867100980819,1.5567333464156974,-0.6836594233823756,1.3961490943758552,-0.7124896709935333,0.6931424676179329,-1.1203467751613434,0.42720430754348704
1.6432865731462925,619.2872260696216,0.9999999996237308,-0.7808077342342193,0.11650616283173801,0.8880387209539311,1.4173688003271665,-1.2963537618255592,-0.1210150385014129,-1.256111538169234,0.10006912371627431,1.1560424144528694,0.9333134955525321,0.08629705716210154,-1.019610552714578
1.6472945891783566,620.7982125156743,0.9999999996306428,-0.7808077345203441,0.11650615760544862,0.8880387174518548,0.7620909043427128,0.8091096406528581,-1.5712005449954483,0.5334932368107596,-1.38418600286432,0.8506927660535774,-0.5815662793980981,1.1306634762456582,-0.5490971968475952
1.6513026052104207,622.3091989617376,0.9999999996370706,-0.7808077363152943,0.11650615240250982,0.888038714010431,-1.3262620496682602,1.393081606310733,-0.06681955664251998,1.3198898494146114,-0.26554642549037033,-1.054343423924166,-1.002838873689758,0.048872030280372826,0.9539668434093794
1.6553106212424848,623.8201854078106,0.9999999996437973,-0.7808077368115452,0.11650614730839484,0.8880387106310251,-0.9206434959672652,-0.6425689062105986,1.5632124021778124,-0.37570244789862134,1.3524403470726454,-0.9767378991740514,0.4616784347020123,-1.1248209130329374,0.6631424783310702
1.659318637274549,625.3311718538934,0.9999999996500092,-0.7808077372252974,0.11650614219996715,0.8880387073193973,1.216200538941094,-1.4698997260541449,0.2536991871131638,-1.3648044811206306,0.42722857676754233,0.9375759043529779,1.058031817124235,-0.1833426475705905,-0.8746891695534817
1.6633266533066131,626.8421582999855,0.9999999996564318,-0.7808077379860737,0.11650613719818959,0.8880387040600818,1.0660383790045835,0.4668446544187181,-1.5328830334231844,0.212542172613646,-1.3013657978835043,1.08882362526988,-0.33519234348470756,1.102902557988809,-0.7677102145040564
1.6673346693386772,628.3531447460874,0.9999999996624991,-0.7808077378612595,0.11650613231403932,0.8880387008672875,-1.0887572808373847,1.5257102679219945,-0.43695298708470404,1.3902135408907301,-0.5828048393842253,-0.8074087015063627,-1.098103531473477,0.3151929564963451,0.7829105749771584
1.6713426853707414,629.8641311921983,0.9999999996685563,-0.7808077382613093,0.11650612733442346,0.8880386977284654,-1.1961976231673412,-0.28444833911296885,1.4806459622802512,-0.04634428900704326,1.2316923581338048,-1.185348069126717,0.20391574559249856,-1.065221709591506,0.8613059639990698
1.6753507014028055,631.3751176383187,0.9999999996745407,-0.7808077380329895,0.11650612268594324,0.8880386946470552,0.9457536921924529,-1.5597156207157696,0.6139619285234532,-1.3957539104767673,0.7300517513559511,0.6657021591207166,1.1224813367522726,-0.44253857760653353,-0.6799427591456233
1.6793587174348696,632.8861040844475,0.9999999996802328,-0.7808077381104759,0.1165061178072529,0.888038691623959,1.3092610358130368,0.09798673938271418,-1.4072477751955783,-0.1205159365012636,-1.1444158048788644,1.2649317413801406,-0.06972482270542743,1.012316911960241,-0.9425920892547643
1.6833667334669338,634.3970905305852,0.9999999996861401,-0.7808077381100537,0.11650611334804314,0.8880386886486554,-0.7892335626082883,1.5714298014093335,-0.7821962388010019,1.3813464212049187,-0.8668648961870498,-0.514481525017704,-1.1308168408588277,0.5635595164487358,0.5672573244100504
1.687374749498998,635.9080769767313,0.9999999996915375,-0.7808077383888327,0.11650610873164176,0.8880386857326112,-1.4036127095986866,0.08987527225107059,1.3137374373476198,0.2856537701336979,1.0407834503733187,-1.3264372205069506,-0.06546259818609712,-0.9449442449456973,1.0104068431317823
1.691382765531062,637.419063422886,0.999999999697277,-0.7808077386206143,0.11650610437021132,0.8880386828614741,0.6214338384459529,-1.56068537473555,0.9392515362897617,-1.3471969641558552,0.9912889572218118,0.35590800693396657,1.1229909000280405,-0.6765261588744592,-0.44646474115353174
1.6953907815631262,638.9300498690488,0.999999999702531,-0.7808077394853228,0.11650610012006465,0.8880386800441324,1.477904196210744,-0.2764528028458251,-1.2014513933646882,-0.44670909131501524,-0.9222763969850889,1.36898548830007,0.199714440906935,0.8640665936825502,-1.0637810345895213
1.6993987975951903,640.4410363152198,0.9999999997079959,-0.7808077412692388,0.11650609601390417,0.8880386772671176,-0.44475269790525934,1.5276359182689043,-1.0828832203636427,1.2937936065103688,-1.1015456944560351,-0.19224791205425432,-1.0991153700633964,0.7798240107137885,0.3192913593495
1.7034068136272544,641.9520227613989,0.9999999997131535,-0.7808077411549352,0.1165060918927801,0.8880386745535422,-1.5310737142159172,0.4590793181463061,1.0719943960694889,0.6013801196280829,0.7905883135344886,-1.391968433162545,-0.3311119988848509,-0.7708398357589621,1.1019518346437909
1.7074148296593186,643.463009207586,0.9999999997182841,-0.7808077423871352,0.11650608776273996,0.8880386718809578,0.2617151936042758,-1.4727536700429786,1.2110384764386983,-1.2218995109975104,1.196059277492651,0.025840233504720686,1.0595314165322494,-0.8719767135134413,-0.18755470301868293
1.7114228456913827,644.9739956537807,0.9999999997234048,-0.7808077419646572,0.1165060838077315,0.888038669263005,1.5623613426123344,-0.6351447410812099,-0.9272166015310873,-0.7474563070633997,-0.6476012565991242,1.3950575636624565,0.45777734938632486,0.666596343373273,-1.1243736927595063
1.7154308617234468,646.484982099983,0.9999999997282214,-0.7808077419931377,0.11650607963286481,0.8880386666946104,-0.07493729987939424,1.396823084326025,-1.3218857844466634,1.1325422505657683,-1.2734789931738857,0.14093674260823325,-1.0048048298931047,0.9516672773048709,0.053137552588198744
1.719438877755511,647.9959685461926,0.9999999997332741,-0.7808077421312257,0.11650607588108695,0.8880386641646395,-1.5713199657320658,0.8021327808858029,0.7691871848462083,0.8828499713024516,0.4953587992516171,-1.3782087705539634,-0.5779002186533466,-0.5528259720452282,1.130726190698545
1.723446893787575,649.5069549924092,0.9999999997378375,-0.7808077419310925,0.11650607188649882,0.8880386616896916,-0.1129115813668554,-1.3009293497492715,1.4138409311162345,-1.0269988963134027,1.3326983692114014,-0.30569947289805977,0.9357177462178514,-1.017756775268056,0.0820390290502766
1.7274549098196392,651.0179414386332,0.9999999997427511,-0.7808077421023387,0.11650606816936933,0.8880386592495083,1.5578215705097387,-0.9576568856592561,-0.6001646848502455,-1.0056261045452097,-0.3360367679054332,1.3416628724505302,0.6897638416828743,0.43115471391643095,-1.1209185555992724
1.7314629258517034,652.528927884864,0.999999999747189,-0.7808077420783273,0.11650606446142983,0.8880386568602427,0.29914674982688455,1.1864429554593974,-1.4855897052862268,0.9067778494493771,-1.3728710478359776,0.46609319838664026,-0.8532575416617678,1.0693006646465044,-0.21604312298483905
1.7354709418837675,654.0399143311016,0.9999999997518136,-0.78080774239692,0.11650606076507782,0.8880386545081081,-1.522059060831066,1.0994943280375733,0.4225647327933233,1.114030007118456,0.17191215601522175,-1.285942163133621,-0.7917694811638296,-0.3033214652187921,1.0950909463825282
1.7394789579158316,655.5509007773463,0.9999999997562073,-0.78080774231084,0.11650605729498058,0.8880386522016204,-0.4811065670582969,-1.0550001184924893,1.5361066855506331,-0.7735972874720984,1.3934228883769,-0.6198256009048962,0.7586027232194167,-1.1055622898295685,0.34695956661021343
1.7434869739478958,657.0618872235975,0.9999999997605376,-0.7808077449685972,0.1165060539967524,0.8880386499207499,1.464543563897225,-1.2256179970456453,-0.2389255668515676,-1.2065123928811408,-0.0053306026382609895,1.2118429955192902,0.8824592935773257,0.17115319622095584,-1.0536124897981916
1.7474949899799597,658.5728736698552,0.9999999997649336,-0.7808077444289678,0.11650605063788078,0.8880386476963722,0.656190495332413,0.9084794169145491,-1.5646699122470704,0.6293606097555204,-1.394060179651152,0.7646995698956928,-0.6531060875184325,1.126023416094263,-0.472917328575855
1.7515030060120238,660.0838601161197,0.9999999997690158,-0.7808077450262103,0.11650604715422898,0.8880386455105371,-1.3860969853197092,1.3342252961224368,0.051871689197028406,1.2817514609379015,-0.16132713744900942,-1.1204243234887528,-0.9605371115515854,-0.03653882479881216,0.9970759363502948
1.755511022044088,661.5948465623903,0.9999999997733517,-0.7808077454124683,0.11650604401775436,0.8880386433582642,-0.8218962418705835,-0.7489748335969977,1.5708710754674613,-0.4761291903751404,1.3747737432412896,-0.898644552866105,0.5382753409325969,-1.1303915586330788,0.5921162177004489
1.759519038076152,663.1058330086672,0.9999999997772159,-0.7808077451395699,0.1165060406070865,0.8880386412559966,1.287840543936458,-1.423764068771305,0.13592352483503176,-1.3386719505106373,0.32567921164080554,1.0129927388697815,1.0248870899862745,-0.0985977493417701,-0.9262893406445022
1.7635270541082162,664.6168194549502,0.9999999997814244,-0.7808077456249436,0.11650603748696291,0.8880386391798354,0.9758555802492315,0.5787660247761237,-1.554621605025168,0.31609301791831945,-1.3358392696869366,1.019746251768636,-0.41575165552389737,1.1186043301076203,-0.7028526745838685
1.7675350701402803,666.1278059012392,0.9999999997851826,-0.780807745406488,0.11650603432548544,0.8880386371506933,-1.171178507799204,1.4929546462187329,-0.32177613841953406,1.37646036716639,-0.48537672945127047,-0.891083637715051,-1.074589552908607,0.23232517765074664,0.842264375257723
1.7715430861723445,667.6387923475336,0.999999999789125,-0.7808077453808203,0.1165060311143279,0.8880386351537047,-1.115868170587449,-0.4002855980953205,1.5161537686826794,-0.15153930648217523,1.2778132318153266,-1.1262739253332001,0.2872861264383263,-1.0908302157949707,0.803544089356657
1.7755511022044086,669.149778793834,0.9999999997928654,-0.7808077451901622,0.11650602817797934,0.888038633194014,1.0377781946663445,-1.5408081810882888,0.503029986422008,-1.394576658772499,0.6381373285706189,0.7564393302017155,1.1089341721193045,-0.3627322548204996,-0.7462019172987018
1.7795591182364727,670.6607652401401,0.9999999997964811,-0.7808077454324914,0.11650602504194418,0.8880386312691031,1.2399329716173046,0.21608435804922718,-1.4560173296665206,-0.015180179908278038,-1.2015249122877842,1.216705092196026,-0.15471475230740128,1.0474661465476305,-0.8927513942401603
1.7835671342685369,672.1717516864519,0.999999999800264,-0.780807745213003,0.11650602224943907,0.88803862937656,-0.8895461345301983,1.566640754502959,-0.6770946199729624,1.3927619045308264,-0.7817777822545751,-0.6109841222761608,-1.1274300960367853,0.4879552271466788,0.6394748688900748
1.787575150300601,673.682738132769,0.9999999998036936,-0.7808077464859711,0.11650601938572358,0.8880386275146634,-1.3462768645035657,-0.02879487808929021,1.3750717425926497,0.18168271661946073,1.1080646006376018,-1.2897473172570486,0.01993221805421608,-0.9891318655176987,0.9691996474635595
1.7915831663326651,675.1937245790915,0.9999999998074011,-0.780807747141933,0.11650601677922329,0.8880386256830299,0.7286008458554959,-1.5700831849294914,0.8414823390740197,-1.3710420452723238,0.9142452103125862,0.456796834959654,1.1298129886070314,-0.6062044326962021,-0.5236085559106752
1.7955911823647293,676.7047110254198,0.9999999998106635,-0.7808077473186275,0.11650601394248421,0.8880386238942121,1.4333799755084302,-0.15890614016162513,-1.2744738353467102,-0.34558867407305904,-0.9987679960728598,1.3443566701459115,0.11513518696377567,0.9166610588488554,-1.031796245812559
1.7995991983967934,678.2156974717524,0.9999999998142544,-0.780807748350752,0.11650601137259434,0.8880386221257037,-0.5572424790231115,1.5510861880431097,-0.9938437090200404,1.3297274316729424,-1.033646366885059,-0.29608106478774704,-1.116048739317619,0.7157898446249324,0.40025889469265363
1.8036072144288575,679.7266839180904,0.999999999817439,-0.7808077481427418,0.11650600870252258,0.8880386204014761,-1.4999974424383387,0.34433609576842883,1.155661346669872,0.5045555294608666,0.8751971559003061,-1.379752685361098,-0.24855709598104822,-0.8310894736406912,1.079646569621681
1.8076152304609217,681.2376703644335,0.999999999820802,-0.7808077483910588,0.11650600598579856,0.8880386187027461,0.37792008930030885,-1.5099213108140195,1.1320012215137831,-1.2694085695520094,1.138274811616401,0.13113375793550192,1.0863341000030335,-0.815145298612851,-0.27118880139016005
1.8116232464929858,682.7486568107819,0.9999999998239891,-0.7808077481442435,0.1165060035066732,0.8880386170375442,1.5451771872249884,-0.5248448551447694,-1.0203323320800248,-0.6563113548748949,-0.7391181449521401,1.3954294998269514,0.37842666348984827,0.7336400943902106,-1.1120667578800911
1.81563126252505,684.2596432571348,0.9999999998270441,-0.7808077478848179,0.11650600074335557,0.8880386154050476,-0.19319653667258488,1.4471769196567077,-1.253980382984033,1.1909475613463816,-1.226635245379339,0.035687684033034434,-1.0410937774623277,0.9028508464355611,0.1382429310266584
1.819639278557114,685.7706297034927,0.999999999830284,-0.7808077477988932,0.11650599841122218,0.8880386137954454,-1.5682735380377744,0.6978526256625245,0.8704209123752151,0.7986872951242561,0.5924757949319734,-1.3911630900561762,-0.5028878232516665,-0.6257056649558281,1.1285934882074218
1.8236472945891782,687.2816161498548,0.9999999998331541,-0.7808077478692307,0.11650599580912019,0.8880386122201673,0.005711853635322631,-1.3637497234273317,1.3580378697920563,-1.0954657317213798,1.2974648159314623,-0.20199908421017265,0.9809743167899571,-0.9776530017014287,-0.0033213150884539716
1.8276553106212423,688.7926025962217,0.999999999836319,-0.7808077477100558,0.11650599349464344,0.8880386106676117,1.5689564022732805,-0.8608868122049478,-0.708069590068211,-0.9296485402853912,-0.4373658850627879,1.3670144253480734,0.620161800494186,0.5088287593018802,-1.1289905597960577
1.8316633266533064,690.3035890425928,0.9999999998390549,-0.780807747892889,0.11650599109169109,0.8880386091476423,0.18185446468748329,1.2608320442626009,-1.4426865089500558,0.984327689295109,-1.3497512381961685,0.3654235489011126,-0.9068349345325099,1.038482704457795,-0.13164776992537455
1.8356713426853706,691.8145754889683,0.9999999998421079,-0.7808077494507477,0.11650598899515419,0.8880386076402269,-1.5472160296431714,1.0116173610653194,0.5355986685776742,1.047323418139078,0.2760052164704758,-1.323328634609506,-0.7285725388452123,-0.38467976037467155,1.1132522992198552
1.8396793587174347,693.3255619353484,0.9999999998448004,-0.7808077494920509,0.11650598677955576,0.8880386061735649,-0.36682175000049244,-1.139894789283741,1.5067165392840434,-0.8591218117266445,1.382747260852298,-0.5236254491257325,0.8197352287426387,-1.0844706000018984,0.2647353712594086
1.8436873747494988,694.8365483817325,0.9999999998476489,-0.7808077506108733,0.11650598457921227,0.8880386047243198,1.5033630451418345,-1.1478900131843712,-0.3554730319574472,-1.1500300891601012,-0.1106999147821832,1.2607300039422333,0.826570615590115,0.2550329656846026,-1.0816035812745939
1.847695390781563,696.3475348281204,0.9999999998503623,-0.780807750361544,0.11650598249748287,0.888038603309083,0.5465464759199935,1.0026663037948256,-1.5492127797148032,0.7216374788983397,-1.395981245896267,0.6743437669980177,-0.7209199742828231,1.114959386399731,-0.3940394121168911
1.851703406813627,697.8585212745124,0.999999999852944,-0.7808077503302981,0.11650598015015287,0.888038601921035,-1.4380242299857144,1.267757201991018,0.17026702799458443,1.2363007112635247,-0.05618748682077951,-1.18011322444261,-0.9127554730991416,-0.12174128419176175,1.0344967572909143
1.8557114228456912,699.3695077209088,0.9999999998557377,-0.7808077503739035,0.11650597821049131,0.8880386005517682,-0.718460045215526,-0.8511078697821906,1.5695679149977444,-0.5738396236472145,1.3892640905211355,-0.8154244668739287,0.6118014490064546,-1.129513349287888,0.517711900281515
1.8597194388777554,700.880494167309,0.9999999998581627,-0.7808077503799903,0.11650597597395373,0.8880385992140278,1.3521334333856776,-1.36950582798587,0.01737239460050327,-1.304902341560489,0.2222718617296147,1.0826304798307942,0.9858953887864397,-0.01329029831093586,-0.9726050904754178
1.8637274549098195,702.3914806137129,0.9999999998609039,-0.7808077500537365,0.11650597398365996,0.8880385978951404,0.8801055105351822,0.6873855568233282,-1.5674910673584115,0.4178405608650836,-1.3626918255477172,0.9448512646826612,-0.4939391703701279,1.127924510501621,-0.6339853401315181
1.8677354709418836,703.902467060121,0.9999999998632072,-0.7808077499615296,0.11650597191141382,0.8880385966053742,-1.2469181830647202,1.451681718932187,-0.20476353586752982,1.3548545391694182,-0.38517956598939507,-0.969674973179913,-1.0449450617111007,0.1481319378474914,0.8968131238636247
1.8717434869739478,705.4134535065323,0.9999999998658089,-0.7808077498655008,0.11650596990157448,0.8880385953331873,-1.0291726685830849,-0.5138392522518062,1.5430119208349016,-0.2558697959232179,1.3166442167704824,-1.0607744208472647,0.36901760138058803,-1.1102155782041307,0.7411979768236914
1.875751503006012,706.9244399529473,0.9999999998680915,-0.7808077497244914,0.11650596801594064,0.8880385940879351,1.1238821917301332,-1.513110425681803,0.38922823395190187,-1.3854433897750529,0.5425823523641793,0.8428610374107761,1.0890605588835243,-0.2808565029722586,-0.8082040559111013
1.879759519038076,708.435426399366,0.9999999998705034,-0.7808077512421661,0.11650596620138541,0.8880385928530551,1.1635310778788597,0.33294925160791583,-1.4964803294865703,0.0902421814479441,-1.251779362609496,1.1615371811615613,-0.2388220950430873,1.076639641863575,-0.8378175468204133
1.8837675350701402,709.9464128457885,0.9999999998728424,-0.7808077510391859,0.11650596446252699,0.8880385916498797,-0.9847838828053903,1.5529140342178915,-0.5681301514126087,1.396231731364889,-0.692230652116574,-0.7040010792482092,-1.1176113968832604,0.4095671200661122,0.7080442768171742
1.8877755511022043,711.4573992922143,0.9999999998750282,-0.7808077520294068,0.11650596259049278,0.8880385904643808,-1.281260463966441,-0.14730077677746,1.4285612407437889,0.07667516529201895,1.1690242466634704,-1.2456994119554794,0.10521337250974197,-1.0276765161273043,0.9224631436176588
1.8917835671342684,712.9683857386436,0.999999999877435,-0.7808077521218022,0.11650596097594132,0.8880385892996903,0.8316111732784858,-1.5705236111995546,0.7389124379211998,-1.3870653224989244,0.8319856901017589,0.555079632397065,1.1301894866524664,-0.5324242629096426,-0.5977652237426365
1.8957915831663326,714.4793721850764,0.9999999998794649,-0.780807752550859,0.11650595912637043,0.8880385881608461,1.3806782810403113,-0.040452894523687076,-1.3402253865164848,-0.24249667891253635,-1.069561627039988,1.3120583059525068,0.029899039740909482,0.9640260036164396,-0.9939250433573037
1.8997995991983967,715.9903586315122,0.9999999998818452,-0.780807752311628,0.11650595744361585,0.8880385870391078,-0.666553201204429,1.565687501151555,-0.8991342999471865,1.3580751893162488,-0.9598501123624626,-0.3982250769537128,-1.1266150796904097,0.6476720758565275,0.47894300383379
1.9038076152304608,717.5013450779512,0.9999999998837864,-0.7808077521729827,0.11650595567968434,0.8880385859437625,-1.4603636754347566,0.22762841983534624,1.2327352555992246,0.40485246699924604,0.9548130168895619,-1.3596654838887947,-0.16458413674281347,-0.8865977958623843,1.0511819326052239
1.907815631262525,719.0123315243933,0.9999999998860264,-0.7808077520277678,0.11650595394450836,0.8880385848628477,0.4919689709822054,-1.5384748625441975,1.046505891561978,-1.3096756904015237,1.0739965249664636,0.23567916543494333,1.1069392908935143,-0.7536634713091042,-0.35327581958424703
1.911823647294589,720.5233179708389,0.9999999998879662,-0.7808077517080764,0.116505952336229,0.8880385838057625,1.5191778049341937,-0.4115507171824088,-1.1076270877517045,-0.561422171845932,-0.8264183875056685,1.3878405593515715,0.29691702393310815,0.7964984868283136,-1.0934155107613388
1.9158316633266532,722.0343044172872,0.9999999998900033,-0.7808077516665909,0.11650595056357317,0.8880385827651296,-0.31035360943597934,1.4892746241445374,-1.1789210147086215,1.2425585492466469,-1.1727935785023065,-0.06976497074422255,-1.071443329893942,0.8488836477908869,0.2225596821030559
1.9198396793587174,723.5452908637387,0.9999999998920064,-0.780807751335057,0.11650594909537484,0.8880385817431218,-1.5562801166791325,0.5895912062094688,0.9666889104695986,0.7099681325563147,0.6862127335723988,-1.396180866128624,-0.4250064268817734,-0.6950157622068938,1.1200221890886777
1.9238476953907815,725.0562773101935,0.999999999893819,-0.7808077522227934,0.11650594748215894,0.8880385807360955,0.12430272777363072,-1.4187899319292732,1.2944872041557922,-1.1576829731370857,1.2548292695833756,-0.0971462964463749,1.020634484053206,-0.9319717272501925,-0.08866275680293066
1.9278557114228456,726.5672637566511,0.9999999998958965,-0.78080775221946,0.11650594611983459,0.8880385797461049,1.5711403523611802,-0.7592053630262872,-0.8119349893346679,-0.8483673574016051,-0.5361998451827511,1.3845672025842781,0.5470217156824441,0.5835999919204794,-1.1306217076028904
1.9318637274549098,728.0782502031119,0.9999999998975783,-0.780807753535208,0.11650594467850027,0.8880385787729389,0.06352466967657494,1.3280281267084688,-1.3915527963849519,1.0562619765307224,-1.3189311448390983,0.2626691683084506,-0.9552388922066145,1.0017402180627573,-0.0465013258562095
1.9358717434869739,729.589236649575,0.9999999998996318,-0.7808077536473376,0.1165059432974994,0.8880385778170282,-1.5635460859975057,0.9179690742084056,0.645577011789056,0.9746418448859524,0.3785236648510224,-1.3531655097369126,-0.661219053656353,-0.46384349388334706,1.1250625475396858
1.939879759519038,731.100223096041,0.999999999901252,-0.7808077537090318,0.11650594183567553,0.8880385768853518,-0.25044418869580193,-1.2182863300473323,1.4687305187431836,-0.9397450370000158,1.3641830481388408,-0.42443801113891916,0.8761911635959265,-1.0571919825116962,0.18100081891585335
1.9438877755511021,732.6112095425098,0.9999999999031705,-0.7808077540594034,0.11650594040794979,0.8880385759636886,1.5336058380938058,-1.0636133031336676,-0.46999253496001986,-1.0869868884802678,-0.2154376817947199,1.3024245702748614,0.7659663409755848,0.3374578127230174,-1.1034241536985507
1.9478957915831663,734.1221959889813,0.9999999999048088,-0.7808077536455873,0.11650593904771608,0.8880385750660369,0.43378439554855547,1.0911329817908286,-1.524917377339388,0.8097974157669591,-1.3899382648572913,0.5801408490903542,-0.7846210527115045,1.0975345259323723,-0.31291347322089924
1.9519038076152302,735.6331824354552,0.9999999999065207,-0.7808077536875432,0.11650593752076943,0.8880385741815956,-1.4817475653586885,1.194056555723988,0.2876910096345715,1.1837969053742805,0.04927270807782595,-1.2330696134520487,-0.8597665698925159,-0.20624924905321423,1.0660158189456899
1.9559118236472943,737.1441688819315,0.9999999999082329,-0.7808077532013404,0.11650593627561535,0.8880385733137017,-0.61092502880433,-0.9483853543375493,1.5593103831418258,-0.6682763169210431,1.3958287292228162,-0.7275524123018211,0.6818372781359782,-1.122191297756538,0.4403540196206378
1.9599198396793585,738.65515532841,0.9999999999097356,-0.7808077530491091,0.11650593474402465,0.8880385724642479,1.408712431982188,-1.307434574761505,-0.10127785722057259,-1.2636883185076173,0.1175964616403496,1.146091856867188,0.9412791762982786,0.07209300978710555,-1.0133721860852345
1.9639278557114226,740.166141774891,0.9999999999115327,-0.7808077527673383,0.1165059335642467,0.8880385716240254,0.7793344327733238,0.7920835754412041,-1.5714180082144307,0.517204335062405,-1.3817702643406375,0.8645659292782926,-0.5693088089120856,1.1308099152786395,-0.5615011063665436
1.9679358717434867,741.6771282213748,0.9999999999129003,-0.7808077528684929,0.11650593217760435,0.888038570804178,-1.315544213129372,1.4021269550895084,-0.08658274196019124,1.3255193064860633,-0.28278496460575847,-1.0427343418801556,-1.0093391749917584,0.06309357334825791,0.9462456016434698
1.9719438877755509,743.1881146678609,0.9999999999146831,-0.7808077532363564,0.11650593104129954,0.8880385699896274,-0.9366057270288305,-0.624461477141705,1.5610672041705804,-0.3587405560941312,1.3479637799018829,-0.9892232238077504,0.44864387477008905,-1.1232671941928778,0.6746233194228672
1.975951903807615,744.6991011143493,0.9999999999160408,-0.7808077537568081,0.11650592988403827,0.8880385691951512,1.2035744745231445,-1.4767803890766005,0.2732059145536819,-1.3684062077123271,0.44393195761019455,0.9244742501020525,1.0629738767282708,-0.19737843657805806,-0.8655954401500839
1.9799599198396791,746.21008756084,0.999999999917687,-0.7808077551081072,0.11650592880339938,0.8880385684052814,1.080491205967189,0.4479146779764225,-1.528405883943418,0.19514971101013737,-1.294892412343421,1.0997427013332932,-0.32156699116295473,1.0996709179329693,-0.7781039267700309
1.9839679358717432,747.721074007333,0.9999999999190925,-0.7808077547281719,0.11650592767208402,0.8880385676423362,-1.074403425821194,1.5303278996509708,-0.45592447382982765,1.3917360510907926,-0.5987343440864885,-0.7930017070042292,-1.1014167138742104,0.32884239919570907,0.7725743146784455
1.9879759519038074,749.2320604538282,0.9999999999205382,-0.7808077555515269,0.11650592646174904,0.8880385668862517,-1.2089344503055366,-0.2649663336756373,1.4739007839809986,-0.028769813924673496,1.2233146158698398,-1.1945448019451808,0.18989431567812898,-1.0603582912790377,0.8704639756009552
1.9919839679358715,750.743046900326,0.9999999999220343,-0.7808077549099928,0.11650592539956135,0.888038566149432,0.9298771599194439,-1.5620041885943623,0.6321270286749636,-1.3951754094672362,0.7449797053554249,0.6501957041117181,1.1241182652829769,-0.45560659243476437,-0.6685116728480844
1.9959919839679356,752.2540333468255,0.9999999999232982,-0.7808077546693465,0.11650592405572525,0.8880385654287468,1.3200998211009243,0.0782311385287042,-1.3983309596294764,-0.13802125037614665,-1.1342534343595274,1.2722746847356745,-0.05550770975562775,1.00589122005514,-0.9503835102994217
2.0,753.7650197933274,0.999999999924682,-0.7808077531956116,0.1165059228055097,0.8880385647233427,-0.7720612547944414,1.5713566004734207,-0.7992953456789346,1.3786751869051244,-0.8805779562372524,-0.4980972306677234,-1.1307541319472578,0.5758593412855896,0.554894790661606
