time,pi_cc_d,pi_cc_q,theta_pll,gamma_pll,i_vsc_d,i_vsc_q,v_sh_d,v_sh_q,i_bus_d,i_bus_q
0.0,0.2515178727167332,0.06983522915522415,-0.000979603746903796,0.0,0.4976339107553488,-0.02000540475920631,0.9973891854258933,-0.039982398586593394,-0.5001550986564104,0.010003101973128216
0.002004008016032064,0.25151787271673537,0.0698352291553229,0.7545136193996409,-3.829804634969975e-9,0.4976339110618815,-0.02000540487662424,0.9973891867938479,-0.039982398521670896,-0.5001550989222238,0.01000310180358977
0.004008016032064128,0.25151787271666654,0.06983522915563525,1.510006842730941,-3.0788456012129336e-9,0.4976339106219486,-0.020005405002332066,0.997389185793645,-0.03998239850721152,-0.5001550984178624,0.010003101667627436
0.0060120240480961915,0.2515178727165732,0.06983522915606885,2.2655000660593965,-2.4339548567266366e-9,0.49763391019751985,-0.02000540507129431,0.9973891848257244,-0.03998239849116953,-0.5001550979507622,0.010003101586092928
0.008016032064128256,0.2515178727164656,0.06983522915656672,3.0209932893853164,-1.882378502435943e-9,0.49763390980678474,-0.02000540509882828,0.9973891839242544,-0.039982398474501545,-0.5001550975338939,0.010003101544497312
0.01002004008016032,0.2515178727163514,0.06983522915708755,3.776486512708982,-1.4126773582549028e-9,0.4976339094647002,-0.02000540509692093,0.9973891831180027,-0.03998239845823735,-0.5001550971780555,0.01000310153178812
0.012024048096192383,0.25151787271623643,0.06983522915760211,4.531979736030648,-1.0146429174496555e-9,0.4976339091831005,-0.020005405074956868,0.99738918243028,-0.039982398443391146,-0.5001550968917143,0.010003101539539686
0.014028056112224447,0.2515178727161249,0.06983522915809043,5.287472959350546,-6.791835312687802e-10,0.497633908970772,-0.02000540504019082,0.9973891818790425,-0.03998239843094,-0.5001550966810262,0.010003101561454742
0.01603206412825651,0.25151787271601994,0.06983522915853942,6.04296618266888,-3.9821878080206445e-10,0.4976339088334755,-0.02000540499820538,0.9973891814768799,-0.03998239842178979,-0.5001550965498108,0.010003101592868054
0.018036072144288574,0.2515178727159235,0.06983522915894134,6.798459405985835,-1.6455705159189352e-10,0.49763390877412345,-0.020005404953247048,0.9973891812310867,-0.03998239841671402,-0.5001550964994365,0.010003101630356209
0.02004008016032064,0.2515178727158371,0.06983522915929223,7.553952629301582,2.8134813485295576e-11,0.4976339087928004,-0.020005404908517724,0.9973891811436794,-0.0399823984163434,-0.5001550965288174,0.010003101671427895
0.022044088176352703,0.25151787271574955,0.06983522915960179,8.30944585261649,1.9086846194509122e-10,0.497633908890369,-0.020005404864117022,0.9973891812128897,-0.03998239842245652,-0.5001550966322584,0.0100031017178523
0.024048096192384766,0.2515178727156824,0.06983522915984515,9.064939075930058,3.1317097887648414e-10,0.49763390905160787,-0.020005404825217368,0.9973891814254984,-0.039982398431410694,-0.5001550968088796,0.010003101761053373
0.026052104208416832,0.25151787271562664,0.0698352291600401,9.820432299242956,4.1316965792411107e-10,0.4976339092765565,-0.02000540479250585,0.9973891817727097,-0.039982398446315834,-0.5001550970466877,0.010003101803560037
0.028056112224448895,0.2515178727155817,0.06983522916018997,10.575925522555174,4.917334541166192e-10,0.4976339095524277,-0.02000540476561166,0.9973891822339744,-0.03998239846629782,-0.500155097334933,0.010003101845102941
0.03006012024048096,0.2515178727155468,0.0698352291602983,11.33141874586678,5.514561288308196e-10,0.4976339098654944,-0.020005404744297614,0.9973891827849782,-0.03998239849039598,-0.500155097660001,0.010003101885217032
0.03206412825651302,0.2515178727155217,0.06983522916036897,12.086911969177843,5.951347928360884e-10,0.4976339101995556,-0.02000540472819983,0.9973891833963545,-0.039982398517460785,-0.5001550980056909,0.010003101923404244
0.03406813627254509,0.25151787271550535,0.06983522916040594,12.842405192488439,6.253208880140569e-10,0.4976339105357749,-0.020005404716654115,0.9973891840335299,-0.039982398545980596,-0.5001550983532275,0.010003101959137652
0.03607214428857715,0.25151787271549714,0.06983522916041306,13.59789841579863,6.441448858531282e-10,0.4976339108526923,-0.020005404708670127,0.9973891846567342,-0.039982398574018405,-0.500155098681257,0.010003101991825592
0.038076152304609215,0.2515178727154964,0.06983522916039413,14.353391639108477,6.535669237277703e-10,0.49763391112623345,-0.02000540470295592,0.9973891852210014,-0.03998239859916496,-0.5001550989658364,0.010003102020737247
0.04008016032064128,0.2515178727155024,0.06983522916035267,15.108884862418021,6.551918234480203e-10,0.4976339113297126,-0.020005404697895215,0.9973891856761768,-0.03998239861850128,-0.5001550991804543,0.010003102044995445
0.04208416833667334,0.25151787271551446,0.06983522916029199,15.864378085727305,6.504768785134446e-10,0.49763391143386854,-0.02000540469159277,0.9973891859669343,-0.039982398628591834,-0.5001550992959747,0.010003102063506781
0.044088176352705406,0.2515178727155402,0.069835229160215,16.619871309036363,6.404223237605471e-10,0.49763391206453966,-0.020005404708167206,0.9973891875381644,-0.03998239865760523,-0.5001550999577381,0.010003102074026627
0.04609218436873747,0.25151787271486103,0.06983522916022504,17.37536453234749,6.826862538060405e-10,0.4976339293868002,-0.02000540476952631,0.997389216404047,-0.0399823994067443,-0.5001551152360961,0.010003102963547898
0.04809619238476953,0.2515178727155929,0.06983522916003175,18.13085775565403,6.106697899434843e-10,0.4976339131386874,-0.020005404749193073,0.9973891903441171,-0.039982398722608954,-0.5001551010930798,0.010003102095516796
0.0501002004008016,0.25151787271562565,0.06983522915991772,18.886350978962515,5.883932532794062e-10,0.49763391331106677,-0.020005404763081786,0.9973891909385811,-0.039982398741941795,-0.5001551012905274,0.010003102102810415
0.052104208416833664,0.2515178727156595,0.06983522915979755,19.641844202270942,5.660275701309169e-10,0.49763391329454193,-0.02000540477234283,0.9973891911043303,-0.039982398753542224,-0.5001551012931992,0.010003102108454072
0.05410821643286573,0.25151787271569387,0.06983522915967298,20.397337425579288,5.426518266558273e-10,0.4976339131246153,-0.02000540477661241,0.9973891909164918,-0.03998239875726813,-0.5001551011377287,0.010003102112282782
0.05611222444889779,0.2515178727157284,0.0698352291595454,21.15283064888755,5.18466007044282e-10,0.4976339128347593,-0.020005404776104487,0.9973891904454639,-0.03998239875350015,-0.5001551008580396,0.010003102114104835
0.058116232464929855,0.25151787271576287,0.069835229159416,21.908323872195744,4.938089093955319e-10,0.4976339124558703,-0.02000540477125716,0.9973891897564637,-0.03998239874290261,-0.5001551004854512,0.010003102113819039
0.06012024048096192,0.2515178727157969,0.06983522915928587,22.66381709550389,4.690078748726826e-10,0.4976339120162279,-0.020005404762608384,0.9973891889094929,-0.03998239872633449,-0.5001551000486842,0.010003102111452753
0.06212424849699398,0.2515178727158306,0.06983522915915587,23.419310318811977,4.443575397818104e-10,0.4976339115415238,-0.020005404750738465,0.9973891879593543,-0.039982398704755485,-0.5001550995738484,0.010003102107125735
0.06412825651302605,0.25151787271586323,0.06983522915902672,24.17480354212004,4.2002375463336666e-10,0.4976339110548635,-0.0200054047363039,0.9973891869556417,-0.039982398679281564,-0.5001550990844302,0.01000310210107191
0.06613226452905811,0.25151787271589493,0.06983522915889909,24.93029676542807,3.962390580129883e-10,0.4976339105767646,-0.02000540472000533,0.9973891859427431,-0.03998239865107006,-0.5001550986012979,0.010003102093555347
0.06813627254509018,0.25151787271592585,0.06983522915877347,25.685789988736094,3.730131853073024e-10,0.49763391012512503,-0.020005404702538945,0.9973891849598342,-0.03998239862133514,-0.5001550981427269,0.010003102084936521
0.07014028056112225,0.25151787271595605,0.06983522915865031,26.44128321204407,3.5055117087618e-10,0.4976339097152669,-0.02000540468462035,0.9973891840408988,-0.03998239859125686,-0.5001550977243748,0.010003102075554679
0.0721442885771543,0.2515178727159734,0.06983522915854054,27.196776435352263,3.339708807740072e-10,0.4976339093632443,-0.020005404664714416,0.9973891832159816,-0.039982398563395395,-0.5001550973571878,0.010003102069388935
0.07414829659318636,0.2515178727159997,0.06983522915841912,27.952269658660068,3.0889745592615063e-10,0.49763390907026095,-0.02000540464725862,0.9973891825045625,-0.039982398535230466,-0.5001550970565541,0.010003102059499218
0.07615230460921843,0.25151787271602566,0.06983522915830158,28.70776288196801,2.8825760993016016e-10,0.49763390885134595,-0.02000540463241628,0.9973891819293492,-0.03998239851090147,-0.5001550968270286,0.010003102049773496
0.0781563126252505,0.2515178727160506,0.06983522915818814,29.46325610527599,2.691677719353144e-10,0.49763390870970553,-0.02000540461989489,0.9973891815020655,-0.03998239849087437,-0.5001550966741536,0.01000310204099245
0.08016032064128256,0.2515178727160751,0.06983522915807881,30.218749328583968,2.510211709216837e-10,0.4976339086475655,-0.0200054046099124,0.9973891812305677,-0.03998239847572865,-0.5001550966005495,0.010003102033566335
0.08216432865731463,0.25151787271609893,0.0698352291579735,30.974242551891948,2.337269594445062e-10,0.49763390866468316,-0.02000540460287372,0.9973891811176177,-0.03998239846606651,-0.5001550966062072,0.01000310202777113
0.08416833667334668,0.2515178727161223,0.06983522915787216,31.729735775199924,2.1730201416663479e-10,0.4976339087581929,-0.020005404599072126,0.997389181160787,-0.03998239846229541,-0.5001550966885461,0.010003102023835706
0.08617234468937875,0.251517872716145,0.06983522915777468,32.48522899850791,2.0182607381129832e-10,0.497633908922682,-0.02000540459867932,0.9973891813524426,-0.03998239846457348,-0.500155096842325,0.010003102021889239
0.08817635270541081,0.2515178727161672,0.06983522915768106,33.240722221815886,1.874508268721387e-10,0.49763390915014794,-0.020005404601798338,0.997389181679761,-0.0399823984728137,-0.5001550970596998,0.010003102021922294
0.09018036072144288,0.251517872716189,0.06983522915759126,33.996215445123866,1.7421864026992285e-10,0.49763390942995683,-0.02000540460832126,0.9973891821247072,-0.03998239848664875,-0.500155097330243,0.010003102023888658
0.09218436873747494,0.2515178727162103,0.06983522915750526,34.751708668431846,1.6212675395388219e-10,0.49763390974888017,-0.020005404617932078,0.997389182664057,-0.03998239850534833,-0.5001550976409287,0.010003102027620767
0.09418837675350701,0.2515178727162314,0.06983522915742303,35.507201891739896,1.5106640732474302e-10,0.49763391009113406,-0.020005404630132416,0.9973891832694027,-0.03998239852789186,-0.5001550979760994,0.010003102032877098
0.09619238476953906,0.25151787271606807,0.069835229157396,36.262695115049326,1.742193594011362e-10,0.4976339155922751,-0.020005405149404312,0.9973891976766618,-0.03998239994422981,-0.5001551027919086,0.010003102695812885
0.09819639278557113,0.25151787271625997,0.06983522915727726,37.01818833835612,1.328858399832046e-10,0.49763391077101476,-0.02000540465625657,0.9973891845384684,-0.039982398578694234,-0.5001550986427322,0.010003102049469251
0.1002004008016032,0.2515349640523683,0.06983522990409176,37.77368152157906,-1.0016533754468173e-6,0.5037715970742991,-0.020109869708393558,1.001607847424906,-0.04006724730354566,-0.4988393938047668,0.00995942372492711
0.10220440881763526,0.25174641791644825,0.06983732425879485,38.52919708466012,0.0005489259094617208,0.5482662195052442,-0.019661860118063822,1.0023878365018744,-0.03640954924172019,-0.45447739502527246,0.006676828265966591
0.10420841683366733,0.2519096453111306,0.06984278935531199,39.284755073082486,0.0021048290980929278,0.5834598695283495,-0.01883595698580573,1.0018019728551515,-0.03329350013230756,-0.418667847978593,0.004401960772236131
0.1062124248496994,0.2520342978769467,0.06985044916463311,40.040340541631096,0.0042534433787199035,0.6115429166757393,-0.017813381417906612,1.0012943176127478,-0.030845090477268914,-0.39005361843088665,0.0029887937512393012
0.10821643286573146,0.25212814946624296,0.06985939401705493,40.79594208465903,0.006688029197402793,0.6339114955212526,-0.01666175081618824,1.000852888276415,-0.028928229069904193,-0.3672252511877195,0.0022340856284389283
0.11022044088176351,0.2521974496800699,0.06986893457612003,41.551551279288425,0.009189496578626905,0.6516905014554878,-0.015436569145767638,1.0004679528793035,-0.027433618718181698,-0.34904705546953796,0.001973417053339017
0.11222444889779558,0.25224722004457245,0.06987855912164086,42.30716203445467,0.011606260246895992,0.6657861109531977,-0.014182610762519936,1.000131627065595,-0.026273720846538295,-0.334604117433584,0.002074785000601903
0.11422845691382764,0.252281492845615,0.06988789794921799,43.06277005753743,0.013837947403828023,0.6769275022603806,-0.012935081170725303,0.9998365539849777,-0.025378489445835182,-0.32315944805857066,0.0024331985024965918
0.11623246492985971,0.2523035038218706,0.06989669382194746,43.818372430644956,0.015822573383079176,0.6857031465637979,-0.011721253321213697,0.9995791640635837,-0.024692125165337062,-0.31412000586845623,0.0029657728280889726
0.11823647294589178,0.2523158473511305,0.06990477766075961,44.573967277944305,0.0175265620908167,0.6925850413287148,-0.010561083925461559,0.9993539649668879,-0.024170015534919428,-0.3070080924352138,0.003608113647609621
0.12024048096192384,0.25232060174996446,0.0699120486084332,45.32955350427204,0.01893699072780636,0.6979532227671934,-0.009468771318720324,0.999157143292727,-0.023776693329768468,-0.3014395102426424,0.004310695891576298
0.1222444889779559,0.25231943024010556,0.06991845757476513,46.08513059246891,0.020055642947422455,0.7021128591441733,-0.008453688531859863,0.9989849430026521,-0.02348389359873167,-0.2971051642377451,0.0050360069226859094
0.12424849699398796,0.25231366216991086,0.06992399519171787,46.840698440741605,0.020894332218005192,0.7053098079381096,-0.007521275926589176,0.9988356629284358,-0.02326952938500744,-0.29375696247944,0.005756570285185589
0.12625250501002003,0.25230435866322193,0.0699286796986233,47.59625724908792,0.021471639906870836,0.7077403669316511,-0.006673819835219746,0.9987055591010964,-0.023115664468428165,-0.29119500590283953,0.006452283304274706
0.1282565130260521,0.25229236542645805,0.06993254975584186,48.351807417970846,0.021810120277111263,0.7095625203751268,-0.005911258530376048,0.9985927940931753,-0.023008448158150327,-0.28925923188075414,0.007109407003184613
0.13026052104208416,0.2522783552542463,0.06993565758010387,49.10734948027696,0.02193444824208339,0.7109027322623179,-0.0052316432717962325,0.9984953766294633,-0.02293690850140698,-0.28782107883733,0.00771897175712238
0.13226452905811623,0.25226286225439426,0.06993806384106031,49.8628840475786,0.02187000692293076,0.711862191509626,-0.004631672455984557,0.9984115371651107,-0.02289244471479115,-0.28677750422834236,0.008275723389319208
0.1342685370741483,0.25203887284032567,0.06993920707519372,50.61840697993289,0.02152264932224003,0.6635712180037364,-0.004037308470684801,0.9875256512584358,-0.02533172426916597,-0.3242247747923623,0.011526308572659889
0.13627254509018036,0.25163782727206746,0.06993334868622147,51.373847745169535,0.01918214239657309,0.5830898498907023,-0.004911593103043622,0.9887470137007184,-0.03254843797781616,-0.4059973966656878,0.017835299791275284
0.13827655310621242,0.2513249648411288,0.06992120377438733,52.12921023656693,0.01505061276648251,0.5187069211663138,-0.006346279032336161,0.9897946383108428,-0.03823700588894618,-0.47148511367347967,0.02206157373134109
0.1402805611222445,0.2510826916777376,0.0699049815679194,52.88452232849893,0.009894482992745033,0.4672764891808914,-0.008170008196974232,0.9907235385752234,-0.04271054022293351,-0.5238856245032723,0.024688207535723594
0.14228456913827653,0.25089685501404974,0.06988638236766564,53.63980499842082,0.004274713695458263,0.42625175642471547,-0.010265549438605501,0.9915254758544699,-0.04621418355006358,-0.5657456402768558,0.026077153881738493
0.1442885771543086,0.25075607391274957,0.06986669705050348,54.395073718746715,-0.0014092508130720612,0.3935878655623046,-0.012520909582220826,0.9922266295677116,-0.048948537671961015,-0.5991367883598145,0.026540193090856683
0.14629258517034066,0.2506512024894008,0.0698468854691946,55.15033969213656,-0.006881488858003589,0.3676357051586758,-0.01484881290904261,0.9928410028149331,-0.05107321901615655,-0.6257237157293987,0.026323654284982536
0.14829659318637273,0.2505748946326688,0.06982764221256456,55.90561082315398,-0.011959893775282478,0.3470662541265606,-0.017180131622934674,0.9933800363774026,-0.05271588897318837,-0.6468474731756589,0.02562384238584753
0.1503006012024048,0.2505212538292232,0.0698094519242403,56.66089249666065,-0.01653262846432442,0.3308107687269423,-0.019461919970474188,0.9938531757309349,-0.053978283701815746,-0.6635877093339231,0.024595088213215953
0.15230460921843686,0.2504855505141678,0.0697926345530339,57.41618818614585,-0.020539873121554836,0.3180092264053016,-0.021654440158550222,0.9942682694955994,-0.0549414426323138,-0.6768132686945754,0.023357874785748873
0.15430861723446893,0.2504639945219674,0.06977738241428373,58.17149993128954,-0.02395965038052163,0.3079695711474824,-0.023729289238661414,0.9946322675984176,-0.055670002087928216,-0.6872235900822737,0.022004986031853687
0.156312625250501,0.2504535512064515,0.06976379037476159,58.926828710681654,-0.026796897240863357,0.3001357960878032,-0.02566736128545753,0.9949510812531461,-0.056215261505720246,-0.6953810878718778,0.020606622118043122
0.15831663326653306,0.2504517934482619,0.06975188018578796,59.68217473116929,-0.029075101869665554,0.29406134853577814,-0.027457075397767757,0.995229853913776,-0.05661788941462447,-0.7017378553405169,0.019214864033834156
0.16032064128256512,0.25045678241185043,0.06974162000873146,60.43753765133172,-0.030829953804361418,0.28938779227593975,-0.029092858714068293,0.995473102240803,-0.05691006060277339,-0.7066571604524272,0.017867319832640557
0.1623246492985972,0.2504669714553083,0.06973293994193616,61.19291675303541,-0.03210456916924079,0.2858277050946693,-0.030573822708698593,0.9956848249042182,-0.05711716090088036,-0.7104306682966761,0.01659014820348901
0.16432865731462926,0.25048112873849443,0.0697257442505174,61.948311071932224,-0.032945949417020996,0.2831507846569866,-0.03190266341631762,0.9958685693843117,-0.05725916470030786,-0.7132924241976593,0.015400530630849986
0.16633266533066132,0.25049827493246735,0.06971992090189563,62.70371949578835,-0.03340239666081904,0.28117276580094125,-0.03308472047837354,0.9960275384009997,-0.05735172727458946,-0.7154300741039903,0.01430870113550354
0.16833667334669336,0.2508804874365684,0.0697177831044908,63.45916528833741,-0.032917181470721604,0.36113678635487045,-0.03377361755362454,1.006471586318667,-0.05203781201559208,-0.6458387591919981,0.008101655493790402
0.17034068136272543,0.2512496712061927,0.06972384606488016,64.21471000263944,-0.03004421115030201,0.43453054386138845,-0.03314950570394745,1.0053793188620044,-0.04545755812742378,-0.5712900777370156,0.002175811806529514
0.1723446893787575,0.25153844818858784,0.06973582948085764,64.97032687900884,-0.02555500234288072,0.49325659807830796,-0.03197799452705368,1.004428214153313,-0.040267711186154326,-0.5115627906272617,-0.0018174101660181515
0.17434869739478956,0.25176284102071095,0.06975166988181623,65.72599027957908,-0.020152970569187835,0.5401878361312729,-0.030405550221180248,1.0036009175428213,-0.03618743926109173,-0.4637649981515754,-0.004304322291368459
0.17635270541082163,0.2519357391334397,0.06976977486395555,66.48168094268819,-0.014351823591786744,0.5776366242170299,-0.028558518740875168,1.0028772973334656,-0.032990408848209064,-0.42556189898425517,-0.0056369374822602125
0.1783567134268537,0.2520675078240041,0.06978893372133285,67.23738463554677,-0.008517668453261287,0.6074679502896112,-0.02654141955689094,1.002243803208188,-0.03049527712086413,-0.395073009109998,-0.006100468133529511
0.18036072144288576,0.2521664787946266,0.06980824472582932,67.99309103660708,-0.002903447829907073,0.6311827658820214,-0.02443819443846872,1.001686244014778,-0.028556549059586468,-0.3707821906450771,-0.005923837015664312
0.18236472945891782,0.25223934443679896,0.0698270522091646,68.74879284844836,0.002323911514155976,0.6499912262166456,-0.02231594692571454,1.0011957221782835,-0.02705800842133807,-0.351469046147824,-0.005289959655494797
0.1843687374749499,0.25229147758907045,0.06984489660540585,69.504485083996,0.007061913253194844,0.664867171901786,-0.020226416663475886,1.0007639480956398,-0.0259067673151037,-0.3361505364765237,-0.004343130441456952
0.18637274549098196,0.25232718844504315,0.06986147223721798,70.26016451245152,0.011255844793201158,0.6765942597539427,-0.018208494506082078,1.000383928225759,-0.025028742319514984,-0.32403528598427056,-0.003196051159736009
0.18837675350701402,0.25234993186208304,0.06987659289597004,71.0158292225043,0.014885802442449235,0.68580231735406,-0.01629023643178833,1.0000489446217038,-0.02436490525120607,-0.31448640948241086,-0.0019355732283620225
0.1903807615230461,0.2523624746149887,0.06989016381179498,71.7714782806532,0.017956667434049594,0.6929988995424836,-0.01449110193864207,0.9997553309316585,-0.023868470081600385,-0.3069917579396355,-0.0006277771853815388
0.19238476953907813,0.2523670300002808,0.06990215905938911,72.52711146626899,0.020490441591538264,0.6985905280048988,-0.012823075309790323,0.9994978351328694,-0.023502223292842624,-0.30113942028482743,0.0006783014868772668
0.1943887775551102,0.2523653665084247,0.06991260332462605,73.2827290662081,0.022520407905114538,0.7029038707131661,-0.011292491930795942,0.9992724495458714,-0.023236752864506178,-0.29659843681828363,0.001947040436919468
0.19639278557114226,0.2523588952806485,0.06992155744276246,74.03833171723876,0.024086741276828035,0.7062009597264745,-0.009901178125957467,0.999075642872548,-0.023048849918557945,-0.29310301752912654,0.0031535092285512227
0.19839679358717432,0.25234874057031254,0.06992910697343738,74.79392028597879,0.02523324751230288,0.7086917623924697,-0.008647502479654198,0.9989042664925646,-0.022920254761662297,-0.2904398685066462,0.0042811670520363715
0.2004008016032064,0.2522415971300119,0.06993528218979994,75.54949586546125,0.026007130102131248,0.6850248515217643,-0.007230533652154853,0.9876414731409638,-0.02322124022903647,-0.30284207030522686,0.006215907638918308
0.20240480961923846,0.25181716220161876,0.0699351427328772,76.30500217147721,0.025044132615749105,0.6007558259560299,-0.007405668724203316,0.9887929555960483,-0.030814663029314796,-0.3883584440275728,0.013610771693628326
0.20440881763527052,0.25148498743715686,0.06992750776506516,77.06041670473843,0.021893894637698266,0.5333077233161306,-0.00823781235642808,0.9898355098284994,-0.03683265565598121,-0.45690757437412377,0.018768689887001526
0.2064128256513026,0.2512267117952799,0.0699147815516648,77.81576978420809,0.01740179100505637,0.479384481382927,-0.009566532507663202,0.9907319137542553,-0.04157166903932495,-0.5117739589589811,0.022155412529845722
0.20841683366733466,0.2510275638882986,0.06989883010693924,78.57108442390742,0.012193900151215525,0.436333038695508,-0.0112361681373106,0.991517926510138,-0.04529119307319644,-0.5556476457007818,0.024185828084180832
0.21042084168336672,0.250875659967543,0.06988108883012058,79.32637780016698,0.006723500987574642,0.40201909873609426,-0.013134220581202427,0.9922065617987142,-0.048200565359175156,-0.5906776310971947,0.02518089997847841
0.2124248496993988,0.25076144615677637,0.06986264018176361,80.08166250403112,0.0013100330885679333,0.37472317313661735,-0.01516588810087272,0.9928093868588368,-0.05046661352716256,-0.6185982153696656,0.02540174699077582
0.21442885771543085,0.2506772462238437,0.0698442833337843,80.83694757790882,-0.00382911049851273,0.3530587908205401,-0.01725397289537397,0.9933391856679843,-0.052223463307954465,-0.6408090498476083,0.025059184878304722
0.21643286573146292,0.2506168958379891,0.06982659174024622,81.59223933727385,-0.008553579684372214,0.335910047639014,-0.019338282479492156,0.993804697982407,-0.05357792597559294,-0.6584360561720791,0.0243198452259916
0.21843687374749496,0.2505754484357922,0.06980996039998062,82.347542016846,-0.012780561758959062,0.32237845066732745,-0.021372709134533537,0.9942127074508937,-0.054615223212295214,-0.6723854740089213,0.023314752851637737
0.22044088176352702,0.2505489376148689,0.06979464487762405,83.10285827886413,-0.01646958867897522,0.31174209737612124,-0.023323000577003025,0.9945723017659402,-0.05540344819706869,-0.6833886730822927,0.022145980898568732
0.2224448897795591,0.250534185833181,0.06978079304025375,83.85818961037288,-0.019610790223465117,0.3034197053562548,-0.025164999356854446,0.9948880200437763,-0.055996565650490576,-0.6920321851973277,0.020891461937741652
0.22444889779559116,0.25052864999474483,0.06976847091326176,84.61353663328833,-0.022215846182662174,0.29694441978603725,-0.0268826513010471,0.995164830489836,-0.05643748708426583,-0.6987882265255411,0.019609984657548006
0.22645290581162322,0.25053029708850066,0.06975768347688771,85.3688993446532,-0.02431108115698128,0.29194138690677857,-0.02846647207877011,0.9954070941255665,-0.056760206419452015,-0.7040363391849168,0.018344884392738996
0.2284569138276553,0.25053750397622176,0.0697483912929868,86.12427730182024,-0.025932238356632786,0.28810981019981,-0.02991219064633001,0.9956186549620162,-0.05699159258034304,-0.7080814276357874,0.017127183285145925
0.23046092184368736,0.2505489766742497,0.0697405236986553,86.87966976425571,-0.02712056552471391,0.28520854468633167,-0.031219582642111936,0.9958029267642419,-0.05715282522573732,-0.7111682561616517,0.015978187361893034
0.23246492985971942,0.25056368536296675,0.06973398917044876,87.63507580108204,-0.027919926688483247,0.28304442723958123,-0.03239150044952806,0.9959629510842327,-0.05726055114191438,-0.713493191883928,0.014911608999644865
0.2344689378757515,0.250836111061492,0.06972973087741813,88.39050353619393,-0.02814708034185107,0.34036397653546024,-0.03338444665047535,1.0067637420043827,-0.053973021848969766,-0.6669233524072156,0.010417322016999778
0.23647294589178355,0.2512278751490402,0.06973336901694462,89.14602399746464,-0.02609772203173949,0.41814700001060623,-0.03291229191717439,1.0056210213286407,-0.04697533470715238,-0.5879298883672609,0.003923710669130252
0.23847695390781562,0.25153443686273474,0.06974352824048795,89.90162412275366,-0.02220915653938058,0.4804030213338401,-0.03184850161335548,1.0046391794610279,-0.041452707657408924,-0.5246404857413323,-0.0005084953184959255
0.24048096192384769,0.25177276505841306,0.06975801515923956,90.65727643944909,-0.017240393993119094,0.5301578570562107,-0.03035929448774164,1.0037725590471018,-0.03710604002221335,-0.47397538880660756,-0.00334419917134561
0.24248496993987975,0.25195650930664387,0.06977513253854999,91.41296023289289,-0.011748717769703085,0.5698743327094672,-0.028567868508335724,1.0030239058453914,-0.033697884109848183,-0.43347720223214115,-0.004942696720512316
0.2444889779559118,0.2520966485176661,0.06979358376018532,92.16866012835519,-0.006134096587814848,0.6015197194978444,-0.0265854757468086,1.0023663346260465,-0.031035031257789943,-0.40114889060480724,-0.005607933069010967
0.24649298597194386,0.25220200765291684,0.06981239777974935,92.92436492978801,-0.0006751708049099528,0.626685359839963,-0.024501004341626265,1.0017896027609723,-0.028963608572695955,-0.3753867916986506,-0.0055821690492295194
0.24849699398797592,0.2522796767004225,0.06983086444258238,93.68006666801959,0.004441633751154484,0.6466517870769485,-0.022384916198592824,1.001282610226157,-0.02736026421983043,-0.35489822914067487,-0.005058778356817095
0.250501002004008,0.2523353482200735,0.06984848106773825,94.43575984923436,0.00909929265537302,0.6624502812096242,-0.020292084783709693,1.0008367843280048,-0.026126475011969318,-0.3386423215745661,-0.0041908036923425885
0.25250501002004005,0.2523735895238701,0.06986490835219421,95.1914408629692,0.013232370650920094,0.6749110275682957,-0.018263987902746734,1.0004452887640878,-0.02518366869771134,-0.3257814303823855,-0.0030980003525176393
0.2545090180360721,0.252398062251708,0.06987993417157654,95.9471075167926,0.016813165562876056,0.6847008505993146,-0.0163309316910645,1.0001006349923094,-0.024469160389731882,-0.3156404044291675,-0.0018731324088059672
0.2565130260521042,0.2524116991922378,0.06989344410639477,96.70275867335504,0.019841023536241592,0.692356719575913,-0.014513921996763992,0.9997980131834635,-0.02393320895194555,-0.3076770604179355,-0.0005867559446709229
0.25851703406813625,0.2524168470077947,0.06990539754197472,97.45839396697627,0.022334113908956434,0.6983097873162988,-0.01282642714375963,0.9995327084804441,-0.023536316495212678,-0.301455164551771,0.0007083268188346205
0.2605210420841683,0.25241538116885587,0.06991580845721027,98.2140135846638,0.024323175410469296,0.7029061944681277,-0.011275860705405533,0.99930057698236,-0.02324721499609734,-0.2966241284503884,0.001973567694300555
0.2625250501002004,0.2524087985749045,0.06992473010764175,98.96961809756125,0.025846796556202447,0.7064236199537476,-0.009864868845448042,0.9990979515122388,-0.023041214881641965,-0.2929023648566866,0.003181741120936281
0.26452905811623245,0.25239829216135223,0.06993224291099487,99.72520833232403,0.02694789926565042,0.7090846234838873,-0.00859242147457694,0.9989215673015082,-0.022898876242741038,-0.2900638597806718,0.004314529177581547
0.2665330661322645,0.25238409248959065,0.06993844501977162,100.48078527119887,0.02767109183899819,0.710804836126119,-0.0074724715797381,0.9985779603688317,-0.022817540059775307,-0.2879781402167394,0.0053573182985341035
0.2685370741482966,0.2519663415630079,0.06994033151459121,101.23631780586447,0.027266836573420307,0.622718761111815,-0.006944020190747641,0.9884420946125901,-0.02886945013507942,-0.3660291556425989,0.01213658976009151
0.27054108216432865,0.2516099876334071,0.0699341232695534,101.99175204456868,0.02448762859684627,0.551051662932323,-0.007633470785132358,0.9895390458512664,-0.035289836313685985,-0.4388533158717854,0.0178375477625695
0.2725450901803607,0.25133215651221674,0.06992224754708792,102.74711746891698,0.020169150508016567,0.4937234239384932,-0.00885756786863464,0.990478244379474,-0.040348258513541777,-0.49716952180116764,0.0216471461408529
0.2745490981963928,0.251117175456513,0.06990670739471205,103.50243893089252,0.01499190324149389,0.44793139665841075,-0.010462418039336781,0.9912957837467387,-0.044322045032753804,-0.5438173528622988,0.023995579925929007
0.27655310621242485,0.2509524371122671,0.0698890459003957,104.25773505770066,0.009451495395677441,0.41141231130391887,-0.01232545107185986,0.9920087679774617,-0.04743311388332126,-0.5810797241525952,0.02522656553369085
0.2785571142284569,0.2508278040952429,0.06987043281149091,105.01301956917361,0.003899779500195297,0.3823421955270208,-0.01434466563882726,0.9926358123133947,-0.0498595890988214,-0.6107998204464399,0.025619582676983135
0.280561122244489,0.2507351294009277,0.0698517372502304,105.76830237961046,-0.0014212797112676226,0.3592509801579506,-0.01643898481893712,0.9931856370669393,-0.051743332282849275,-0.634458759345206,0.025397106560335014
0.282565130260521,0.2506678697397536,0.06983358799721971,106.52359047141037,-0.00635295439549793,0.34095501129694034,-0.018543672197798917,0.9936693594982207,-0.05319810235988385,-0.6532520353967963,0.024737223091918635
0.28456913827655306,0.250620773035252,0.06981642347020317,107.27888858606656,-0.010798853224725095,0.3265019635696117,-0.020609086383080774,0.9940938009217872,-0.05431446959174343,-0.6681401063117288,0.02377980600697083
0.2865731462925851,0.2505896272620814,0.06980053275541775,108.03419976587831,-0.014708679629106144,0.3151249156732636,-0.022597922711970645,0.9944675885323802,-0.055164879149949046,-0.679898700513953,0.02263433337899162
0.2885771543086172,0.25057105691893655,0.06978608931563066,108.78952577983797,-0.0180656052392124,0.3062074112392084,-0.024483458262030314,0.9947949099729623,-0.055806590561204926,-0.6891497582822529,0.02138461688714708
0.29058116232464926,0.25056235967786866,0.06977317830197872,109.5448674551421,-0.02087655916573483,0.29925413075241736,-0.02624764206646922,0.9950828045134494,-0.056285587954265325,-0.6963952350379471,0.020094447496610705
0.2925851703406813,0.2505613744403679,0.06976181864085822,110.30022493486857,-0.023164790512590863,0.29386716222433923,-0.027879363999651643,0.9953349654910244,-0.056637961746216194,-0.7020374556905098,0.018810900754037994
0.2945891783567134,0.25056637494823275,0.06975198106628122,111.05559787814195,-0.02496419557475845,0.2897271853286376,-0.0293729892018193,0.9955550730339776,-0.05689227593719526,-0.7063998794005182,0.017568095323244663
0.29659318637274545,0.2505759846468599,0.06974360072025135,111.81098560690198,-0.026315222004060487,0.28657811956791585,-0.030727531386721605,0.9957475360830415,-0.05707136616160619,-0.7097426782551524,0.016389619152643732
0.2985971943887775,0.25058910719339117,0.06973659056485243,112.56638723243837,-0.027261468032043,0.2842147302579115,-0.031944979267528324,0.9959146175573494,-0.05719276835173851,-0.7122740607325758,0.015291064323176036
0.3006012024048096,0.2507454633965578,0.06973107541210896,113.32180275550878,-0.027822094520676036,0.31757976469056837,-0.03324650353834473,1.0070797299323546,-0.056050290710649146,-0.690045895825765,0.012624492457617697
0.30260521042084165,0.2511621062259786,0.06973245333455402,114.0772959594735,-0.026452273079407854,0.40001653246047963,-0.032968588142348314,1.005911662588632,-0.048615087806263696,-0.6063646196374557,0.005499132865782474
0.3046092184368737,0.2514884758708051,0.06974103178326949,114.8328773764713,-0.023001805136077774,0.46599743871048854,-0.032053469406255475,1.004873076669014,-0.042734812267538495,-0.539290382218353,0.0005620881886524117
0.3066132264529058,0.2517425321480393,0.06975447101770231,115.58851754127099,-0.018290047688251515,0.5187578255906644,-0.0306687994999866,1.0039824128460773,-0.03810608582645229,-0.48559468091679864,-0.0026589444007059223
0.30861723446893785,0.25193872694831343,0.0697709516658773,116.3441940968413,-0.01292314008804724,0.5608828428763101,-0.028951738807048724,1.0032050578817904,-0.03447289853875091,-0.44265741295835553,-0.004555935214534693
0.3106212424849699,0.25208868461421036,0.06978907990585914,117.09989038359731,-0.007338810588142745,0.5944609488607042,-0.027016886117397096,1.0025241137977183,-0.03163158832908525,-0.40837124723288887,-0.005446439866679658
0.312625250501002,0.25220174960991565,0.06980780529355018,117.8555942108991,-0.0018445434703801087,0.6211770083909421,-0.02495846996447329,1.0019294245535662,-0.029418847808136233,-0.3810392577957383,-0.005587450155276746
0.31462925851703405,0.252285430584805,0.06982635432885477,118.61129683993667,0.0033512817934840317,0.6423837556509989,-0.022850872114925824,1.0014053359799353,-0.02770390384192259,-0.3592921924645378,-0.005183650950348423
0.3166332665330661,0.2523457572285347,0.0698441740064767,119.36699218774855,0.008115156934655842,0.6591739867856896,-0.020753131158355212,1.0009446877845438,-0.02638222533525128,-0.3420288695602212,-0.004398241485919742
0.3186372745490982,0.25238756822226094,0.06986088547550671,120.1226761967829,0.012369428621258408,0.6724263044872896,-0.018710037078378705,1.0005401721394032,-0.02537048256962915,-0.32836248312702315,-0.003359047260426095
0.32064128256513025,0.252414743514032,0.06987624589128794,120.87834633896645,0.01607748843452228,0.68284727523105,-0.01675462103305477,1.000184426689436,-0.02460203975440418,-0.3175786458337017,-0.002165465572914095
0.3226452905811623,0.25243039149159363,0.06989011729601458,121.63400122815872,0.019232327113304314,0.6910046920701898,-0.01491015671955986,0.9998715741802798,-0.02402414237904286,-0.3091031204371911,-0.0008933396934884462
0.3246492985971944,0.2524369998350292,0.06990244110514192,122.38964032036655,0.02184778646366964,0.697359081394982,-0.013192780047672412,0.9996058467147882,-0.02359671014991009,-0.3024771978909394,0.0004009116932026928
0.32665330661322645,0.252436557812467,0.06991321871503742,123.14526366556069,0.023951493437728212,0.7022664550657438,-0.011609055537939474,0.9993569730374021,-0.023280735018806245,-0.29732019668661025,0.0016729834475207551
0.3286573146292585,0.25243065286461736,0.06992249380686308,123.90087175326452,0.0255804262556332,0.7060317405484847,-0.010165068699084123,0.9991471578991465,-0.023055689449617514,-0.2933432110785198,0.0028952503247662857
0.3306613226452906,0.252420551047848,0.06993034032732219,124.65646535001056,0.026776500315499344,0.7088872067606738,-0.008859940231944146,0.9989643816709717,-0.0228989591453929,-0.2903037259926066,0.004046449530619097
0.33266533066132264,0.2524072598870079,0.06993685222557718,125.41204540522955,0.02758403267308074,0.7110220038740827,-0.00769052129368431,0.9988058988027685,-0.022794258264593123,-0.288009654235727,0.005113527205859305
0.33466933867735466,0.252092370956333,0.06994059828371091,126.16759850216651,0.027688963489618558,0.6445248869048676,-0.0068198514052028175,0.9881469155830543,-0.026907731220021908,-0.3439070714020523,0.010307657368892812
0.3366733466933867,0.25171210381171866,0.06993624132063453,126.92305541336782,0.0254410922486786,0.5685731173669993,-0.007353397559734801,0.9892714158074104,-0.033734371634547754,-0.421049439190899,0.01656941587160046
0.3386773547094188,0.25141503447972435,0.06992561142159469,127.67843585677964,0.021441571989133674,0.5078005049407321,-0.008457498192212896,0.9902456456856179,-0.039118139263810324,-0.4828482213201249,0.020823119306255196
0.34068136272545085,0.2511845801509866,0.0699108466525451,128.43376654724975,0.01642666765141823,0.45923738602899644,-0.009978147021425526,0.9910931505759033,-0.04335123948460389,-0.5322995863346275,0.023514042686026946
0.3426853707414829,0.25100739857250604,0.06989360021717773,129.18906759267455,0.010935710470102328,0.4204894204811975,-0.011786317741971909,0.9918324114368094,-0.04666860924299146,-0.5718187089590289,0.025005340196778768
0.344689378757515,0.25087276014811877,0.06987513121764881,129.9443538726171,0.00535431896947313,0.3896277759327645,-0.01377538056647549,0.9924805211931153,-0.04925869876142947,-0.6033532237095829,0.025591449274898776
0.34669338677354705,0.2507720408474167,0.06985638053748718,130.69963619755387,-0.00004984698706722509,0.3650973605594331,-0.015858793244903076,0.9930492771209846,-0.05127218584419529,-0.6284715351905854,0.02550905400036096
0.3486973947895791,0.2506983129545039,0.06983803410228186,131.45492223827506,-0.005098681471549449,0.3456459745591534,-0.017967761912513654,0.9935489707133118,-0.05282950136038562,-0.6484373499560683,0.024946966151119136
0.3507014028056112,0.2506460150067588,0.06982057539614213,132.2102172605314,-0.009681360390198599,0.33026558784566074,-0.020048914335170108,0.9939883934408279,-0.05402685621269864,-0.6642683906519217,0.02405441241921586
0.35270541082164325,0.2506106856427174,0.06980432871150528,132.9655247026296,-0.013736983808689625,0.3181446820419197,-0.022062018119495746,0.9943746489297084,-0.05494095545472095,-0.6767839296933111,0.022948054256760515
0.3547094188376753,0.25058874862273134,0.06978949463921122,133.72084662917325,-0.017241083421895825,0.3086320505241501,-0.023977781123529444,0.9947142084719631,-0.055632703874497716,-0.6866428166868394,0.02171786212622041
0.3567134268537074,0.25057734043482693,0.06977617884525998,134.4761840837511,-0.020195251427369557,0.30120179240142764,-0.02577607832387507,0.9950121634701398,-0.05615079881586248,-0.6943757006715503,0.020432448681429998
0.35871743486973945,0.2505741701234349,0.0697644155353982,135.2315373657352,-0.02261912485010676,0.2954332307037246,-0.027444136558386283,0.9952732599153062,-0.05653364223571028,-0.7004087347410293,0.019142843191547937
0.3607214428857715,0.25057740724142935,0.06975418615482905,135.9869062423363,-0.02454433835600258,0.29098820646863277,-0.028975096905580606,0.9955016064040226,-0.05681168663290132,-0.7050844833008446,0.017886227130611103
0.3627254509018036,0.2505855912197907,0.06974543433667393,136.74229011238282,-0.0260099489180959,0.2875954960423911,-0.030366741767828855,0.995700836970432,-0.05700897104484423,-0.7086780397747685,0.016688749077841916
0.36472945891783565,0.250597558434569,0.06973807769933783,137.4976881310615,-0.02705903493225153,0.2850377298595534,-0.03162042783877505,0.9958741886972079,-0.057144420082739206,-0.7114101934911812,0.01556788684411245
0.3667334669338677,0.25062620208109154,0.06973201709441236,138.25309929897688,-0.02773633392281858,0.28895633157652645,-0.03279664049973498,0.9994044711556738,-0.057275093209401745,-0.7131263212662532,0.014529397530213284
0.3687374749498998,0.2510705663256216,0.06973100153170489,139.00856329464548,-0.027082305753227915,0.3796665214647946,-0.03310293201651211,1.0061889578281995,-0.050441150840251324,-0.6270120590192455,0.007182739975182801
0.37074148296593185,0.25141918918834544,0.06973789344425554,139.76412407538288,-0.024103411244228524,0.4497709834693212,-0.032344835055904846,1.005137994849753,-0.0441740061950381,-0.5557958922781525,0.001702895914536598
0.3727454909819639,0.2516910093026265,0.06975022570730278,140.51975082091846,-0.01966440380625959,0.505835795103475,-0.031072601420401497,1.0042127702492827,-0.03923415338840475,-0.49875820482776306,-0.0019404928648786587
0.374749498997996,0.25190135808897884,0.06976604661750742,141.27541939033182,-0.014424596238969056,0.5506165873052873,-0.0294330897652081,1.003406928183347,-0.0353533575418897,-0.45313419299550217,-0.004161667282498718
0.37675350701402804,0.2520625673317118,0.06978385511344207,142.03111171577535,-0.008863141550671869,0.5863277090130056,-0.027547057311690427,1.0027023943985023,-0.03231535311217537,-0.41668935756252035,-0.005296893320072818
0.3787575150300601,0.2521845526711736,0.06980251487239053,142.78681450243053,-0.0033195119484596136,0.6147532972176999,-0.025513680598369618,1.0020841237836102,-0.029946644744621033,-0.38762273858906365,-0.0056182497383279704
0.3807615230460922,0.25227528255266557,0.06982118334894358,143.54251816230425,0.001973699389293956,0.6373316154212134,-0.023412743876054565,1.0015415661376035,-0.028108398864787325,-0.3644844013473244,-0.005343862143125146
0.38276553106212424,0.25234115698673626,0.06983925274931277,144.29821596144149,0.006864781446954022,0.6552195495888953,-0.021307201178089,1.0010637268732765,-0.026689506964137938,-0.34610521269570005,-0.00464740415709697
0.38476953907815625,0.25238731281231663,0.06985630109530197,145.0539033475913,0.011262574881756462,0.669350346631429,-0.019245444985043568,1.000644920817054,-0.025601287873997684,-0.3315454636155322,-0.003665639879355489
0.3867735470941883,0.2524178698500615,0.06987205210201214,145.80957742100773,0.015120622298827262,0.680472864326991,-0.01726349680311929,1.0002766802218799,-0.024773069264266322,-0.32004712190622064,-0.0025049850352302097
0.3887775551102204,0.25243612955384503,0.06988634213135515,146.5652365192596,0.01842486998352072,0.6891897254395148,-0.015387110760873039,0.9999525351026513,-0.024148481248060617,-0.3110004301452804,-0.00124735688189335
0.39078156312625245,0.25244473488951563,0.06989909350638669,147.32087989417474,0.021184215355355147,0.6959858938477412,-0.01363360494547968,0.999668117556386,-0.02368287609438711,-0.30391565980986995,0.000045449580845730276
0.3927855711422845,0.25244579941364154,0.06991029288236802,148.07650746012354,0.023423254165477782,0.7012505975194128,-0.012013467229824847,0.9994190044829073,-0.023340818503284438,-0.2983988415413943,0.0013276630668562113
0.3947895791583166,0.25244101118279155,0.06991997394844303,148.8321196000487,0.025176788725793594,0.7052961840566265,-0.010531758625225958,0.9992012752790982,-0.02309429380695365,-0.29413342901571266,0.002566330292071807
0.39679358717434865,0.2524317165049396,0.06992820368032437,149.5877170167199,0.0264857062228758,0.7083731273666118,-0.009189302735896614,0.999011464065013,-0.022921207887490296,-0.2908652678276832,0.0037386344222297
0.3987975951903807,0.2524189873690471,0.06993507151658013,150.34330061971033,0.027393928629134305,0.7106821072537787,-0.007983689356105994,0.998846473726117,-0.02280418849169535,-0.2883904131341697,0.004829697959944024
0.4008016032064128,0.2522226282026055,0.0699402377627609,151.0988684580327,0.02787187145366766,0.6689054062988697,-0.006780617265758138,0.9878068061485176,-0.024702008329311187,-0.3191640879116782,0.008150477736761278
0.40280561122244485,0.2518156494420534,0.06993807036602714,151.85435223448263,0.02626913537049659,0.5881238886987059,-0.007125590749153217,0.988976054568322,-0.03198837863423999,-0.401186399656027,0.015059351031731233
0.4048096192384769,0.2514971446144899,0.06992893776600621,152.6097507827989,0.02266984794784018,0.5234584966072435,-0.008092398168044468,0.9899732501881398,-0.037739330975577835,-0.4669057115744077,0.019816207594607154
0.406813627254509,0.25124949991816664,0.06991513324376365,153.36509290766585,0.017873151956070973,0.47177617414600387,-0.009509023100394472,0.9908698916140435,-0.042266741040831196,-0.5195270627673785,0.022904244662771765
0.40881763527054105,0.25105854512242043,0.06989843153488316,154.1204004015545,0.012468317018359387,0.4305146297213179,-0.011250124267292683,0.9916359345889276,-0.04581741505826202,-0.5615889645908522,0.024694988330367547
0.4108216432865731,0.25091288146523394,0.06988019381390315,154.87568946651535,0.006879627635023488,0.397634421035101,-0.013199168975442096,0.9923100612250249,-0.048592939265642364,-0.5951696493325848,0.02550576786136644
0.4128256513026052,0.2508033461037672,0.06986144218317206,155.6309719369842,0.00140425022749902,0.37148229836581714,-0.015264704071033282,0.9928990741120736,-0.05075319217294585,-0.6219314666467536,0.025587391938461507
0.41482965931863724,0.2507225771395142,0.06984292752069671,156.38625627234262,-0.0037573783735802414,0.3507299560020921,-0.017373192139938688,0.993417092811245,-0.05242663496402991,-0.6432176740628142,0.025141383841430512
0.4168336673346693,0.25066466348302613,0.06982518465942406,157.14154834024984,-0.008477741838118977,0.334306514654975,-0.019467199877780297,0.9938724967022693,-0.053715584494658034,-0.6601086350344362,0.0243271336232521
0.4188376753507014,0.25062486223922126,0.0698085780901817,157.89685203475372,-0.012683624180825836,0.3213500666557615,-0.0215030941160313,0.9942716892628286,-0.05470163012893291,-0.6734735886640134,0.02326956498730891
0.42084168336673344,0.250599370772813,0.06979333947667463,158.6521697611604,-0.01634164533957099,0.31116876689246253,-0.02344871132837269,0.9946259144596936,-0.05545010683345027,-0.6840156997823912,0.02206592952156117
0.4228456913827655,0.2505851431296266,0.06977959819990642,159.40750281520906,-0.01944707810190712,0.30320396874763106,-0.02528161471131359,0.9949348519637141,-0.056012357050247694,-0.6922945245598854,0.02078981066775286
0.4248496993987976,0.25057974186438225,0.06976740617295824,160.16285167841485,-0.022015254023343023,0.2970086035282384,-0.02698712717413907,0.995205688526518,-0.0564295689669521,-0.6987644259311387,0.019496905346924727
0.42685370741482964,0.25058121873222894,0.06975675777825305,160.91821624679147,-0.024075011999393863,0.2922232533963693,-0.028556889924966918,0.9954426789231535,-0.056734242037996284,-0.703789394385141,0.018227935163786752
0.4288577154308617,0.25058801853778306,0.06974760578987936,161.67359600696088,-0.025663748701543403,0.2885595648271614,-0.02998751867718099,0.995649582763029,-0.05695205098358407,-0.7076617934198282,0.017011845437106054
0.4308617234468938,0.25059890169776755,0.06973987398247596,162.42899017074146,-0.02682372232217407,0.2857863907271437,-0.03127948002639853,0.9958297411308268,-0.05710322382234881,-0.7106163081065993,0.015868302852945337
0.43286573146292584,0.2506128818694983,0.06973346701527668,163.18439777710836,-0.02759933172945405,0.28371863715189344,-0.03243613176462646,0.9959859917496348,-0.05720364450600352,-0.7128410431764269,0.014809752951039047
0.4348697394789579,0.2509662368801071,0.06973032162655945,163.9398378346168,-0.027538497269241128,0.35819505523989564,-0.03319340833931278,1.0065253564596346,-0.05237964402445115,-0.6488370067549549,0.009021989472433264
0.4368737474949899,0.25133838060227265,0.06973534931711649,164.6953757697501,-0.025093490879148174,0.43259160311780903,-0.03259214607207883,1.0054085664772316,-0.04570335545071319,-0.5732601637974434,0.002977616080828752
0.438877755511022,0.25162901925943565,0.0697464297482043,165.45098737182627,-0.020974679019001033,0.49211909070195575,-0.03144316930455083,1.0044477258493727,-0.04043659635989561,-0.5127210003575409,-0.0011146993912005188
0.44088176352705405,0.2518544022818924,0.06976147516848262,166.2066466331468,-0.015897301917345667,0.5396774025410362,-0.029885526832384646,1.003601099156926,-0.036294533897549656,-0.46427853112789963,-0.003677805260736183
0.4428857715430861,0.25202760446427525,0.06977887124535946,166.9623339806036,-0.010384887757722477,0.5776307935124502,-0.02806059447440765,1.0028813209160112,-0.033050226445843094,-0.4255720819421778,-0.00507975549650366
0.4448897795591182,0.2521591372845429,0.06979739337806902,167.71803496216373,-0.004810639927887626,0.6078522969810024,-0.02605904801391019,1.0022416401950232,-0.030517246799749858,-0.3946866775045251,-0.005596515233136511
0.44689378757515025,0.25225745055262033,0.06981612566663517,168.47373908492222,0.0005669157837620744,0.6318711079730475,-0.023970254389263587,1.0016801020040764,-0.028548942037958668,-0.3700875980594139,-0.005463759720449329
0.4488977955911823,0.2523293317226295,0.06983440247391659,169.22943892142396,0.005576551432092343,0.6509139462282341,-0.021861416142340384,1.001186321352634,-0.027027358852095198,-0.3505366022716549,-0.004866228642642926
0.4509018036072144,0.2523802296115751,0.06985175622759743,169.9851293909383,0.01011256440574804,0.6659686711764,-0.019784607863180762,1.0007520872462459,-0.02585827861866822,-0.3350366842936542,-0.003949876829946766
0.45290581162324645,0.2524145152128839,0.06986787499808288,170.7408071947983,0.014117820520849504,0.6778300221668404,-0.01777900382333795,1.0003700326176574,-0.02496655665262223,-0.32278489860439263,-0.002828744203924733
0.4549098196392785,0.2524356919984996,0.06988256771580094,171.49647037353483,0.017570592976068833,0.6871374444128925,-0.01587276883969929,1.000034758077927,-0.024292334850741653,-0.3131363701895529,-0.0015906191676821225
0.4569138276553106,0.252446565523681,0.06989573592345771,172.25211796029782,0.02047438974903784,0.6944045078133061,-0.014085534690837676,0.9997402143696281,-0.023788090470720814,-0.30557022111116255,-0.0003024926275552064
0.45891783567134264,0.2524493799779287,0.06990735082142756,173.00774971248296,0.02285018335055164,0.7000440971305196,-0.012429388646251779,0.999482097441041,-0.023416092337347965,-0.2996692381357509,0.0009859836382925952
0.4609218436873747,0.2524459283907912,0.06991743491433468,173.76336590314494,0.024730476862596627,0.7043875634789177,-0.010910724481613723,0.9992563680560754,-0.023146496547470724,-0.29509773917789217,0.002238699734801277
0.4629258517034068,0.2524376408442606,0.06992604734771928,174.51896716228566,0.02615487546524574,0.7076921809053647,-0.009531121138767437,0.9990448171710118,-0.022955627965647363,-0.29158014391332215,0.003430549431882547
0.46492985971943884,0.25242565856096544,0.06993327223980256,175.27455435054662,0.027166658848232553,0.7101963248641104,-0.008289838955731772,0.9988881474442618,-0.02282532806729085,-0.2889182018223019,0.0045440783976988496
0.4669338677354709,0.25234832250904743,0.06993919193248063,176.03012868670572,0.027815840345188636,0.6931603179566407,-0.006872138959409248,0.9879122098941359,-0.02266542734657996,-0.29481401980303285,0.005978360823140059
0.468937875751503,0.25191493981389435,0.06993929018999935,176.7856403099265,0.026893891874808805,0.6074578887181701,-0.006974955515684709,0.988702357815974,-0.030256035122700416,-0.3815602180958761,0.013485308581886372
0.47094188376753504,0.2515752554870386,0.06993173351634661,177.54105796575146,0.023729208478078797,0.5389408318491639,-0.007792800294624479,0.9897409051414808,-0.03637152038598492,-0.4511766989273031,0.018754517595201005
0.4729458917835671,0.2513106414584692,0.06991896153487084,178.2964124519797,0.019181573341537132,0.48415303742094634,-0.009107648169045024,0.9906536669188397,-0.04118983152625371,-0.506923710221642,0.022234193515663647
0.4749498997995992,0.2511061031046758,0.06990287459899681,179.05172723493098,0.013890095670343348,0.4404008091080454,-0.010776282415757578,0.9914491513691642,-0.04497284413097575,-0.5515077659703652,0.02432880887613278
0.47695390781563124,0.25094957961471515,0.0698849332034797,179.80701984180058,0.008317971997708664,0.40551761235252404,-0.012680368564054698,0.992144039594034,-0.04793262214716607,-0.5871142397135746,0.025368050876870035
0.4789579158316633,0.2508313738041716,0.06986624037380858,180.56230313662175,0.0027921773296427266,0.3777583938600817,-0.01472290117117562,0.9927539278665938,-0.050239156706381696,-0.6155053477991478,0.025618331565371317
0.48096192384769537,0.2507436934414187,0.0698476116768268,181.31758637207767,-0.002464255495725763,0.3557163661603519,-0.016825850947226197,0.9932895432277382,-0.05202827633733828,-0.6380999596422152,0.025293023174646843
0.48296593186372744,0.2506802807653357,0.06982963332136195,182.07287602360924,-0.007306837680838722,0.33825934345554864,-0.01892788969633784,0.9937610672565174,-0.053408584925751554,-0.6560414145891869,0.02456166860175216
0.4849699398797595,0.25063611381938355,0.06981271013789127,182.8281764463101,-0.011649784670459802,0.324474420375093,-0.020981959733393955,0.9941731198581892,-0.05446642257445635,-0.6702484694993449,0.02355737062431905
0.48697394789579157,0.25060716526502225,0.06979710514816503,183.583490392397,-0.015450542152482137,0.3136300011034915,-0.022953145777702195,0.9945369646485348,-0.05527112100698719,-0.681464173183306,0.022384093680036746
0.4889779559118236,0.25059020843234614,0.06978297172565012,184.33881941451344,-0.01869784935157361,0.30513570581913124,-0.024816666491872866,0.9948565029841715,-0.05587745336875603,-0.6902835010724585,0.021121182743214804
0.49098196392785565,0.2505826605270702,0.06977037984504784,185.09416418153566,-0.021402517513454778,0.29851775033296524,-0.026555980840779703,0.9951367531486026,-0.0563289851839919,-0.6971857530951412,0.01982858754917967
0.4929859719438877,0.25058245647081323,0.06975933719158613,185.84952472303573,-0.023590396638448495,0.29339561076163645,-0.02816122919208724,0.9953821174602471,-0.05666026110074846,-0.7025561554915573,0.01855055978483956
0.4949899799599198,0.2505879472139433,0.0697498060515093,186.60490061783563,-0.025297047907975122,0.2894639518913606,-0.029627849130980724,0.9955964752380211,-0.05689858196366316,-0.7067041890598101,0.01731884343984391
0.49699398797595185,0.2505978178129258,0.06974171671907989,187.36029113846644,-0.026563750622217372,0.28647796832469946,-0.03095540038965739,0.995783268755698,-0.057065472028278046,-0.7098783111356365,0.016155303758375046
0.4989979959919839,0.250611021473511,0.06973497803684063,188.11569536082337,-0.027434552066895837,0.2842415615700949,-0.032146578358257884,0.9959455679249292,-0.05717785065173684,-0.7122778543032314,0.01507408176996314
0.501002004008016,0.25085402445722615,0.06973027313782479,188.87111868006033,-0.027794136070587568,0.33567322945059247,-0.033227407287614016,1.006837185820991,-0.05441715320468657,-0.6716920945413288,0.01101620825549317
0.503006012024048,0.2512508202829485,0.06973329286705807,189.62663192084045,-0.025937843540005747,0.41457182263735765,-0.03281035288154902,1.0056844981042572,-0.04731204036973832,-0.5915715917317329,0.004360461455380413
0.5050100200400801,0.2515611983907339,0.06974300655836921,190.3822269527308,-0.022181099173064434,0.4777205418032723,-0.03178851589594908,1.0046932006726033,-0.04170378072436685,-0.5273794797517803,-0.00019893236699805922
0.5070140280561122,0.25180237047491644,0.06975718401353218,191.13787580638143,-0.01729800671301655,0.5281896210335045,-0.03033189700259964,1.0038204405345135,-0.03728938295459016,-0.4759932263190187,-0.0031347008760649747
0.5090180360721442,0.25198818169676895,0.06977409800139746,191.89355736661605,-0.011857862341775917,0.5684754573156533,-0.028564270080691366,1.0030657677162023,-0.03382748835855589,-0.4349191666624883,-0.0048105184323880825
0.5110220440881763,0.2521297684352814,0.06979242742769563,192.64925594254439,-0.006270003995957633,0.6005738445404921,-0.02659870472897453,1.0024029316858807,-0.031122249034062986,-0.4021321716459662,-0.005534794108532543
0.5130260521042084,0.2522360823889793,0.06981118145036941,193.4049600927877,-0.0008202581560421156,0.6260991212661394,-0.02452538918019583,1.0018221903316944,-0.029017591815755812,-0.376005961176193,-0.00555328854766296
0.5150300601202404,0.25231431555711564,0.06982963402756505,194.16066165845103,0.0042994689442271234,0.6463496501483845,-0.022415893964834826,1.0013109169438594,-0.027388146989615354,-0.3552288691510376,-0.00506245903746233
0.5170340681362725,0.25237024248029327,0.06984726982138674,194.91635500065314,0.008968028127123995,0.6623718839742144,-0.0203260835830394,1.0008616817750464,-0.026134114833690564,-0.3387456155921473,-0.004217649672355096
0.5190380761523046,0.2524084963865839,0.06986373954557791,195.67203639831567,0.013116900189750123,0.6750067954505676,-0.018298170222366458,1.0004655199230426,-0.025175598623516843,-0.3257058332434822,-0.003140656984025831
0.5210420841683366,0.25243279184404915,0.0698788232618985,196.42770357584772,0.016716118461661617,0.6849341681908859,-0.016363523710389752,1.0001203422757687,-0.024449213003960028,-0.3154261720563787,-0.001926026962703977
0.5230460921843687,0.25244610408443807,0.06989240054306953,197.183355334014,0.019763393530722102,0.6926950010418234,-0.01454327931014563,0.9998153301927788,-0.023904213407004223,-0.3073553946044431,-0.000645407847680991
0.5250501002004008,0.25245081380970125,0.06990442619490854,197.9389912618151,0.02227574260176407,0.6987280502353517,-0.012851557584942764,0.9995478986310111,-0.02350057470477946,-0.3010513372362704,0.000647203251971331
0.5270541082164328,0.25244882372665245,0.0699149107784649,198.69461151377192,0.024283121131430243,0.7033844737935993,-0.011296148248839217,0.9993138738528536,-0.023206543917295545,-0.29615835759379233,0.0019123978223721126
0.5290581162324649,0.25244165250484324,0.06992390505656428,199.4502166383954,0.025823612648598768,0.7069459932088917,-0.00987999335647502,0.9991095620755528,-0.022997042936788253,-0.2923907954264945,0.0031222671993748107
0.531062124248497,0.25243051044401277,0.06993148768554477,200.20580744722423,0.026939841819316194,0.7096384239260207,-0.008602291103353137,0.9989316759026993,-0.02285232163482499,-0.2895193553301316,0.004257956040188662
0.533066132264529,0.2524163604062297,0.06993775557390206,200.96138491578606,0.027676340475925338,0.7116421923374229,-0.0074594336206522975,0.9987768846268024,-0.022756902540401705,-0.28736020901731946,0.00530766519360339
0.5350701402805611,0.252021887712184,0.06994013399064439,201.71692283345143,0.027403767581333033,0.6285068005214642,-0.006847679093395303,0.9883840098583079,-0.028358153025195232,-0.3601745411418278,0.011723598783481259
0.5370741482965932,0.25165913461876516,0.06993435684712812,202.47236220905256,0.024742919790920637,0.5557977066346107,-0.0075144580512822145,0.9894729102059207,-0.03487499003009437,-0.434037259055863,0.017543462701399344
0.5390781563126252,0.2513760412326879,0.06992276816906241,203.22773095408303,0.020492778921221193,0.4976309159353955,-0.008712148991603382,0.9904204469774728,-0.040012171769010875,-0.49320116878267584,0.021457940963506342
0.5410821643286573,0.251156716216973,0.06990740445579509,203.98305437626692,0.015347398920098286,0.45116468684627137,-0.010302247704928737,0.9912432639973361,-0.044048099915885125,-0.5405314110582096,0.023883213162414076
0.5430861723446894,0.2509883757154016,0.06988983497154537,204.73835144317,0.00981245493280081,0.41409627311408115,-0.01215104282977068,0.9919661096476726,-0.0472104913563582,-0.5783507362935163,0.02517935776661053
0.5450901803607214,0.2508607399329695,0.06987125033971588,205.49363616100717,0.004248069327546287,0.38458453611062804,-0.014165229366454994,0.9925985682785817,-0.049676997013565684,-0.6085185062530597,0.025617273353852117
0.5470941883767535,0.25076554764326264,0.06985253694132577,206.24891865404553,-0.0010977930142184193,0.36113594112124947,-0.016258963537623478,0.9931530356916229,-0.05159270395238237,-0.6325397539335892,0.02542720905001641
0.5490981963927856,0.2506961630953425,0.06983433714785701,207.00420606807486,-0.006061831619189051,0.34255094429809885,-0.018366627352173908,0.9936403372478927,-0.053072888338398724,-0.6516260401743184,0.024789647036034698
0.5511022044088176,0.2506472599347208,0.06981710002882396,207.75950326855386,-0.010544266497946597,0.3278635032590202,-0.02043759524045442,0.9940687896431517,-0.05420955514829066,-0.6667525749293931,0.023846885109473043
0.5531062124248497,0.2506145659388585,0.06980112301183918,208.51481339174583,-0.014492308734680045,0.31629681519711095,-0.022433960993577085,0.9944462211292114,-0.05507609727267154,-0.6787047280789755,0.022709952293873837
0.5551102204408818,0.2505946573888608,0.06978658591903464,209.27013827596153,-0.017887359809098304,0.3072241210764346,-0.024328364830124044,0.9947752927823291,-0.055730673467834176,-0.6881124538025977,0.0214641323749625
0.5571142284569138,0.250584792837841,0.06977357874141168,210.0254787997264,-0.02073510332585647,0.300145194488135,-0.026102235856910485,0.9950655702375277,-0.05621986417258922,-0.695486064478869,0.020174413716211776
0.5591182364729459,0.25058277984003385,0.06976212395789172,210.78083514251296,-0.023057967416625507,0.2946556904171527,-0.02774408549599194,0.9953198390839145,-0.05658035093953538,-0.701233014840706,0.018888805588720112
0.561122244488978,0.25058686696726623,0.06975219451707906,211.53620698758812,-0.02488936586097199,0.2904317602696021,-0.029248061105626392,0.9955421094615501,-0.05684121071058917,-0.7056814463766243,0.017642112312608718
0.56312625250501,0.25059565707465076,0.06974372810096638,212.29159367712376,-0.026269383183834604,0.28721369588931206,-0.030612726575205407,0.9957359330361522,-0.05702538497496937,-0.7090948431664278,0.016458607184828278
0.565130260521042,0.25060803741043525,0.06973663837604875,213.04699433032692,-0.02724157151712409,0.2847934067483546,-0.031840028412151146,0.9959044757407599,-0.05715092244023407,-0.7116846346106315,0.015354305588723685
0.567134268537074,0.25073138007878504,0.06973093224229174,213.80240806294321,-0.027847323545981136,0.31143754344019375,-0.03321194051537922,1.0071714536289462,-0.056608204118142644,-0.6962865482474915,0.013216509815938868
0.5691382765531061,0.25115470832457926,0.06973170913111605,214.55789365363708,-0.026661637773428833,0.3951688890759123,-0.032981968008924625,1.005978558188138,-0.04905094082176394,-0.6112876929554301,0.005919973812769011
0.5711422845691382,0.25148634545821186,0.06973987441203744,215.3134698509603,-0.023327998771089983,0.4621977828603503,-0.032118302788617166,1.0049406593645607,-0.04307416161567264,-0.5431597432087281,0.0008348560961447802
0.5731462925851702,0.25174453079106157,0.06975304520633692,216.06910663324751,-0.018682623318843385,0.5157932238467614,-0.030756988977888134,1.004040888526598,-0.03836665421205296,-0.48862035007764726,-0.002488070886237646
0.5751503006012023,0.25194394164145767,0.06976937246753687,216.8247811817732,-0.013345350787821161,0.5585902519162829,-0.02906001837236492,1.0032580178296715,-0.03467092149174751,-0.4450048406290162,-0.004467437547617963
0.5771543086172344,0.25209638269475604,0.06978743323472357,217.58047648229245,-0.007764350145529809,0.5927053309866058,-0.027137535203179214,1.0025705139513301,-0.031780028940831546,-0.41017467657110124,-0.005419686925120848
0.5791583166332664,0.25221134470106427,0.06980615522183597,218.33618006054274,-0.002255298554966475,0.6198507363340485,-0.02508555245543132,1.0019702897063494,-0.029528126838457396,-0.3824074100576572,-0.005606121252771916
0.5811623246492985,0.25229645381696564,0.0698247473051128,219.0918829619761,0.0029672845556726257,0.6414000446442816,-0.022979620227846956,1.0014412787888125,-0.02778235847200478,-0.36031256920565935,-0.005234670910941799
0.5831663326653306,0.2523578343124104,0.06984264250751106,219.84757893830007,0.0077652789446520975,0.65846312097421,-0.02087989355903777,1.0009763612034233,-0.02643650557922317,-0.3427718975043432,-0.004471332765278057
0.5851703406813626,0.25240040096360894,0.06985945100781374,220.60326380644878,0.012057614595205208,0.671932191558744,-0.018832065094917867,1.0005680701626303,-0.02540588995118362,-0.3288847966223072,-0.003446179833516896
0.5871743486973947,0.25242809490861,0.06987492145250607,221.3589349441162,0.01580519535351032,0.6825248921770729,-0.016869932711563618,1.0002090312597953,-0.024622790675994575,-0.3179257910352279,-0.0022604564353838645
0.5891783567134268,0.25244407371487315,0.06988890937613772,222.1145908953688,0.018999241106891496,0.6908178315073338,-0.015017393105215847,0.9998932277469579,-0.024033586366061677,-0.30931168416427174,-0.0009914939032380642
0.5911823647294588,0.2524508646732482,0.06990135154835735,222.87023106254185,0.021652301435093498,0.6972751967728483,-0.013290306541380862,0.9996162124025905,-0.02359557669307716,-0.3025733914818023,0.00030232329263538143
0.5931863727454909,0.25245048831345146,0.06991224528638665,223.62585546758157,0.023791399987730378,0.7022694194692101,-0.011697972181770482,0.9993736675979011,-0.023274953538333202,-0.29733383327032253,0.0015780292456979814
0.595190380761523,0.2524445579489053,0.06992163192696857,224.38146456792862,0.025452842669438917,0.7060993530824455,-0.010244513387677649,0.9991617792060974,-0.02304499707301296,-0.29329008093993025,0.0028048978895140347
0.597194388777555,0.2524343598536466,0.06992958370990741,225.13705911564486,0.026678332874328484,0.7090046031641538,-0.008930032816798418,0.9989771573539598,-0.022884647594370366,-0.29019893361616766,0.00396186444148769
0.5991983967935871,0.2524209172192629,0.06993619341932152,225.89264005322863,0.027512171939313927,0.7111665434739274,-0.007750873627555085,0.9988010847737332,-0.02277666298720402,-0.28786196976345696,0.00503554530341383
0.6012024048096192,0.2521336238230938,0.06994035015089521,226.64819745425564,0.027726662971175844,0.6505035858068345,-0.006799692216625088,0.9880556326197693,-0.026367690404055427,-0.33783317970324667,0.009790308908499565
0.6032064128256512,0.25174677900710346,0.06993651423484194,227.403660622363,0.02562927853403017,0.5734120887875184,-0.0072843844481053814,0.9892021741947445,-0.03330463018873025,-0.416136813423471,0.016210584722704955
0.6052104208416833,0.25144438302398703,0.06992624118475325,228.1590452613489,0.021722684432242803,0.511717552972516,-0.008355490579427765,0.9901855651761658,-0.03877562923518955,-0.47886756670103653,0.020584192734993977
0.6072144288577154,0.25120960996567177,0.0699117058118851,228.91437857854044,0.016757955625245444,0.4624117746121548,-0.009852658570996466,0.9910407560143537,-0.0430783263381659,-0.529069974507473,0.023367926146365372
0.6092184368737474,0.2510289218409461,0.06989459080388372,229.66968107951823,0.01128620016533704,0.4230660922523697,-0.011645426419448296,0.9917866307769256,-0.04645110725932595,-0.56919415063197,0.024929827681379472
0.6112224448897795,0.2508914314172876,0.06987617910302647,230.42496795498008,0.005702128783636411,0.3917229182160687,-0.013625367238765855,0.9924404070472119,-0.04908530005826021,-0.6012162950464349,0.025568979702722
0.6132264529058116,0.2507883874343779,0.06985743085057325,231.18025025676477,0.0002803496642138434,0.36680499721928944,-0.0157048969236382,0.9930143901359907,-0.05113384942259543,-0.62672761475581,0.025525372307917304
0.6152304609218436,0.250712759711646,0.06983904731920362,231.93553584114994,-0.004795783637784075,0.34704159633021764,-0.017814081413846855,0.9935182420987224,-0.05271890840629925,-0.6470099546250249,0.0249906966340591
0.6172344689378757,0.2506589042215629,0.06982152413655345,232.69083011562861,-0.009411521431419698,0.33141015458402784,-0.01989862886686158,0.9939614270015852,-0.053938250414517046,-0.6630960224659184,0.024116632253705615
0.6192384769539078,0.25062229304834366,0.06980519510201356,233.44613662577225,-0.013503069795643991,0.319087536883153,-0.021917458010833914,0.9943511187842837,-0.05486968865550518,-0.6758169800105513,0.023021798933791485
0.6212424849699398,0.2505992966290916,0.06979026813218371,234.20145751601748,-0.017043876231462265,0.3094113570664152,-0.023840669227881358,0.9946923109038471,-0.05557516622984262,-0.6858408687722214,0.02179779928238743
0.6232464929859719,0.2505870080741701,0.0697768545182266,234.95679388957308,-0.020034042912689093,0.3018502728381223,-0.02564749370420782,0.9949927946915105,-0.056104033440041626,-0.6937072246021078,0.020514570987645968
0.625250501002004,0.2505831018395499,0.06976499263594856,235.7121460884428,-0.022492203263671438,0.2959764067559514,-0.027324745103450447,0.9952561319902342,-0.05649533300964001,-0.6998478991362549,0.019224178439562273
0.627254509018036,0.2505857195687572,0.0697546669838359,236.4675139100455,-0.024449340121629536,0.2914465810834456,-0.028865210163987017,0.9954864646677327,-0.05678000093964067,-0.7046105145198851,0.017964639099234615
0.6292585170340681,0.25059337824777733,0.06974582335082914,237.22289677377594,-0.02594412531590259,0.28798553415902245,-0.030266394243266687,0.9956874593313386,-0.05698246184838134,-0.7082742347632196,0.016762762995706757
0.6312625250501002,0.25060489620727716,0.06973838080541574,237.97829384804368,-0.027019449777830343,0.285372646673165,-0.03152944311924748,0.9958623743887564,-0.057121947647406454,-0.711063127060003,0.015636544919565162
0.6332665330661322,0.25061933353169985,0.06973224107068043,238.73370414629758,-0.027719878693159877,0.28343162338039835,-0.032658257162035305,0.9960152642719973,-0.057213618320757734,-0.7131576320320384,0.01459717068459163
0.6352705410821643,0.25105525523058675,0.06973071656244449,239.48916231633854,-0.02720904971186082,0.37529805502324864,-0.03311097973785609,1.0062710378049582,-0.05083812277807725,-0.631465856935793,0.007569760640780117
0.6372745490981964,0.25140865561686854,0.06973721925280991,240.24471825662522,-0.02434180132100536,0.44629792034981336,-0.032387090610480604,1.0051949621959309,-0.044484389970678516,-0.5593284959080697,0.001969462107947926
0.6392785571142284,0.25168426655217213,0.06974929004585842,241.00034179187003,-0.019969280860195986,0.5030884938091907,-0.031141462232602456,1.004262284633251,-0.03947600375058114,-0.5015568738286328,-0.0017688319972211353
0.6412825651302605,0.25189761359740953,0.0697649501994618,241.75600838042286,-0.014762769042017178,0.5484520160180281,-0.029520751541741618,1.0034499230653784,-0.03554056246937633,-0.4553431659412297,-0.0040632083629436365
0.6432865731462926,0.2520611845261418,0.06978267501593988,242.5116996401605,-0.009210696182974158,0.5846308343142661,-0.027646847648207153,1.0027400982073678,-0.03245915988264632,-0.4184253720861444,-0.005253756599473851
0.6452905811623246,0.2521850207340679,0.06980130908117532,243.2674020300571,-0.0036597001408926653,0.6134313860988402,-0.0256206967913632,1.00211760490682,-0.030056153613125556,-0.3889791620636756,-0.005616493824149737
0.6472945891783567,0.2522771919046403,0.06981999446644309,244.02310577183098,0.0016521724050767039,0.6363098063444096,-0.02352271594614088,1.0015711848628384,-0.028190785987966475,-0.3655365703276762,-0.005372063787196126
0.6492985971943888,0.25234417958538746,0.06983811111479633,244.77880398533682,0.006569097744250753,0.6544380314673868,-0.021416815676973303,1.00109061993176,-0.02675053517276756,-0.34691418678800334,-0.004696511414920895
0.6513026052104208,0.2523911862347327,0.06985522743180766,245.5344920068444,0.010996850415608873,0.6687603099877057,-0.019352227778181484,1.0006685522066114,-0.02564551338442058,-0.3321593968818216,-0.003728628615848995
0.6533066132264529,0.2524223845010471,0.06987105927585968,246.29016685351806,0.014886747311649712,0.6800349647891188,-0.01736559679649977,1.0002970700027376,-0.024804254504700377,-0.32050541701727575,-0.002576298693583085
0.655310621242485,0.25244111838809646,0.06988543777633686,247.04582679736376,0.01822304747580515,0.6888731903320355,-0.015483125361596593,0.9999707799137321,-0.024169421863934105,-0.31133505718979826,-0.0013227542626981698
0.657314629258517,0.25245006492672933,0.0698982805558925,247.80147104667046,0.02101357722366516,0.6957654809612028,-0.01372269755514365,0.999684168405539,-0.02369591982741138,-0.3041519071488358,-0.00003087396125456863
0.6593186372745491,0.2524513650995424,0.06990957099867613,248.55709948217492,0.023282155788805322,0.7011061468250285,-0.012095145766277895,0.9994330907503826,-0.02334779472960046,-0.29855711526523154,0.0012527277774361766
0.6613226452905812,0.2524467289975033,0.06991934042621502,249.31271246347583,0.025063097532959065,0.7052115407433406,-0.010605812717102979,0.9992136107830033,-0.023096644688249974,-0.2942301149139143,0.00249442920812054
0.6633266533066132,0.2524375205937904,0.06992765416056039,250.06831067774667,0.026397014240321575,0.7083353681700412,-0.009255739506539731,0.9990222354241226,-0.022920067318783873,-0.290913488921383,0.0036708891122710177
0.6653306613226453,0.2524248260331429,0.06993460054788984,250.82389502472932,0.02732770632028893,0.7106808852978007,-0.008042685534897571,0.9988558493197381,-0.02280044685419744,-0.28840069421005676,0.004766817711710945
0.6673346693386772,0.25225876209458137,0.06994000839610649,251.57946510794565,0.02786439589408992,0.6752044524774303,-0.006766072805772383,0.9877234598755882,-0.024132995485549032,-0.3127749223996217,0.00759811566849665
0.6693386773547093,0.2518448773334734,0.0699384043971441,252.33495579504066,0.02643027713816394,0.5931845230650321,-0.0070653108453804115,0.9888983436530407,-0.03153596658864609,-0.3960439461544001,0.014669266807386762
0.6713426853707414,0.25152081778141544,0.06992965891710705,253.09035901279015,0.02293677262462079,0.5275247055892548,-0.00799203219759223,0.9899146322486384,-0.03738280219569651,-0.46277572830700486,0.019561726701441472
0.6733466933867734,0.2512687048735183,0.06991610506402852,253.84570410465832,0.018199231206221297,0.4750414271350673,-0.009388419967842605,0.9908113694976554,-0.04198395365623436,-0.5162008779981868,0.022743489742139633
0.6753507014028055,0.2510741579268498,0.06989954809267987,254.6010132853767,0.012819482342421116,0.43313666062618034,-0.011112109923064608,0.9915880750833208,-0.04559470458011072,-0.5589166816415997,0.02461147360625448
0.6773547094188376,0.25092560651603135,0.06988137517826933,255.35630309747864,0.0072317702553623174,0.3997379923399586,-0.01305155537643638,0.9922659784690574,-0.0484175926170817,-0.5930204164710884,0.025479028524261035
0.6793587174348696,0.25081375011621904,0.06986262905871185,256.1115856373191,0.0017408188116429428,0.37316999241896215,-0.015112629405421954,0.9928614742941039,-0.05061564586477108,-0.6202047249487261,0.02560274906092886
0.6813627254509017,0.2507311156247284,0.06984407714513774,256.86686956616614,-0.0034472087833075466,0.3520837008845934,-0.01722118078574638,0.9933836932934593,-0.05231888537903711,-0.6418295354428013,0.025186336785512926
0.6833667334669338,0.25067170268200595,0.06982626726581626,257.62216090550265,-0.008200520685341326,0.3353921256067048,-0.019318509067464996,0.9938431746891577,-0.05363139795383996,-0.6589929369246824,0.024392217864413562
0.6853707414829658,0.25063069628887263,0.06980957416774092,258.3774636662915,-0.012442733386637903,0.3222213696274197,-0.021360209586664094,0.9942479505015458,-0.0546361428857329,-0.6725778232202958,0.023347450605982388
0.6873747494989979,0.2506042359826231,0.06979423740354981,259.1327803409137,-0.01613818097135601,0.311866322278369,-0.023313429482005963,0.9946011709683182,-0.05539896567626492,-0.6832931206851892,0.02215047713839377
0.68937875751503,0.2505892290087976,0.0697803924105451,259.88811228994217,-0.01928050390019671,0.30376353324672767,-0.02515509443363128,0.9949128871762051,-0.055972635752638125,-0.6917128400873481,0.020876950883821285
0.691382765531062,0.25058320047338084,0.06976809560167156,260.6434600415181,-0.021883924481703426,0.2974577552314286,-0.02687008488326167,0.9951861892424699,-0.056398759188889695,-0.6982957240366725,0.019583425502328604
0.6933867735470941,0.25058417197364463,0.06975734465875151,261.39882352474075,-0.023976556475734875,0.29258413542428174,-0.0284496644917184,0.9954253749756516,-0.056710360915330035,-0.7034112416311302,0.018311522142018494
0.6953907815631262,0.2505905640861483,0.06974809469129459,262.1542022488082,-0.025595362821516473,0.28884993730177627,-0.02989015604925884,0.9956342338053219,-0.056933534600153796,-0.7073561732992644,0.017090896563197046
0.6973947895791582,0.25060111775511773,0.06974027104874024,262.9095954401733,-0.0267823826195196,0.2860205044922559,-0.031191798436910088,0.9958161351506456,-0.05708884006409894,-0.7103687449870346,0.015941773772908556
0.6993987975951903,0.2506148310336763,0.06973377937599085,263.66500214639007,-0.027581953809977515,0.2839078495985741,-0.0323578025664232,0.9959740110178403,-0.05719242987232992,-0.7126400304905547,0.01487701515256335
0.7014028056112224,0.2509395969918439,0.06973017007785859,264.4204370907877,-0.027647731577626188,0.35240744823323955,-0.03320267469931259,1.0066064645345902,-0.05290296600487885,-0.6547115912467917,0.009533627364978179
0.7034068136272544,0.2513180703992738,0.06973468741292131,265.1759687111491,-0.025351122236458953,0.42797232685631287,-0.03265197653892826,1.0054822243725405,-0.046115562033264355,-0.5779571516552114,0.003328034936528198
0.7054108216432865,0.2516137653302829,0.06974542268927512,265.93157610065913,-0.021322253827989652,0.4884405765909497,-0.03153732598413731,1.0045205732109976,-0.04076216708244408,-0.5164735523593915,-0.0008852853499409348
0.7074148296593186,0.25184318209241513,0.06976025176054095,266.68723273290885,-0.016291859636225682,0.5367547328039346,-0.03000764513488503,1.0036679308487535,-0.03654842735503731,-0.4672681504843865,-0.0035475547074514755
0.7094188376753506,0.2520195937533041,0.06977753196537197,267.4429186470205,-0.01079501430275235,0.5753067487274057,-0.028193572873689832,1.0029297727981203,-0.033247193457676544,-0.4279464492564209,-0.005016896756401661
0.7114228456913827,0.25215367485901036,0.06979601219187495,268.19861906302157,-0.005214441118219838,0.6060139329544965,-0.026201052280322323,1.0022841821260096,-0.030669705532093923,-0.39656901637871145,-0.005587005060686378
0.7134268537074148,0.2522540052576924,0.06981475763039492,268.95432324410575,0.00018432186406769526,0.6304221519909264,-0.024115931139336105,1.0017173881255015,-0.028666168942792156,-0.3715749438684257,-0.005493000014877576
0.7154308617234468,0.25232747734072625,0.06983308699060752,269.7100235740116,0.005224720714299344,0.649776801683168,-0.0220066387827875,1.0012186356335375,-0.027116771803098794,-0.3517068366686068,-0.004922697718849327
0.7174348697394789,0.2523796244351651,0.06985052028134976,270.4657148279019,0.009797075934361382,0.6650814970960643,-0.019926119689853,1.0007809689649256,-0.025925796815313058,-0.33595337589801116,-0.004024427092581384
0.719438877755511,0.25241488553995445,0.06986673594277004,271.22139359813303,0.013841326687130654,0.6771424859141467,-0.01791444104848403,1.000395696386463,-0.025016916553998656,-0.3234986443640782,-0.0029142991402174843
0.721442885771543,0.25243681884740443,0.06988153545001659,271.9770578437938,0.01733363307888892,0.6866093675062421,-0.016000566029540107,1.0000574889146994,-0.02432928858340244,-0.31368745060288555,-0.0016818577766488953
0.7234468937875751,0.25244827393033703,0.06989481465844191,272.7327065382372,0.02027602054590437,0.6940033265509741,-0.01420452081606388,0.9997602075052547,-0.023814600692817708,-0.30599156171520175,-0.0003953021597033525
0.7254509018036072,0.2524515303506964,0.06990654055346279,273.48833939564696,0.022688455507597075,0.6997438178160842,-0.012538919313124215,0.9994996537603278,-0.023434517688365405,-0.2999871565541104,0.0008945963785845809
0.7274549098196392,0.25244840956253606,0.06991673257503142,274.2439566587273,0.024602797382252732,0.7041673271977393,-0.011010518602131654,0.9992717535947145,-0.02315870106368726,-0.2953333784436471,0.0021508716478894296
0.7294589178356713,0.25244036497250033,0.06992544774602971,274.9995589359274,0.026058252659379118,0.7075437579085704,-0.009621457504824871,0.9990728971288946,-0.022963202668082085,-0.2917564804248115,0.0033475442741225615
0.7314629258517034,0.252428554496539,0.06993276892369082,275.7551470772746,0.027097991688190427,0.7100894134879485,-0.008370323185689976,0.998899868610211,-0.022829173356852757,-0.28903675950953506,0.004467267737913108
0.7334669338677354,0.2523855015247536,0.06993879474328615,276.51072212657346,0.027767819560065868,0.7013355190915294,-0.007084038029255669,0.9912701151703457,-0.02259066319109939,-0.2888029761261545,0.00555180339809519
0.7354709418837675,0.25194453747270235,0.06993954125516161,277.26624152059617,0.027037625416079288,0.6130314275723087,-0.00694094212846092,0.988600094168452,-0.029750805768560356,-0.37588348845255404,0.013016832229062221
0.7374749498997996,0.2515987355096983,0.06993244699122624,278.02166478842145,0.024002531902742354,0.5434137161055338,-0.007711942234550459,0.9896691032944702,-0.035975228236836,-0.4466280025456011,0.01844095720975403
0.7394789579158316,0.251329214082485,0.06991998033094922,278.7770229330329,0.019530575252859814,0.48773430596953427,-0.00899641341585789,0.9905910325983965,-0.04087757669822739,-0.503276630850719,0.02203471967550191
0.7414829659318637,0.25112074316146016,0.06990407855845979,279.5323399067895,0.014275335454637763,0.4432655274231631,-0.01064422200983498,0.9913955220723462,-0.044727951349682424,-0.5485860629334552,0.024217026017464803
0.7434869739478958,0.25096107044126204,0.06988623002874396,280.2876336133331,0.008711107187380107,0.4078070827601226,-0.0125350225345873,0.9920973861733153,-0.047740412029808325,-0.5847764504202961,0.02532228400670885
0.7454909819639278,0.25084034567618907,0.0698675611996709,281.0429172168278,0.003173560639037958,0.37958472931463777,-0.014570547923356752,0.9927126155049193,-0.05008910719113832,-0.6136362820257986,0.025621542839528874
0.7474949899799599,0.2507506527792285,0.06984890625921822,281.79820019901155,-0.002107732010002922,0.35717128114064634,-0.016671549626636892,0.9932532367866538,-0.05191159531685403,-0.6366076483327134,0.025331403294012334
0.749498997995992,0.25068563435881164,0.0698308661705101,282.5534892107177,-0.0069833694759637,0.33941604561523386,-0.01877550526440771,0.9937284289049065,-0.05331818666775298,-0.6548513348665196,0.02462429701024081
0.751503006012024,0.25064018814092015,0.0698138573966582,283.3087887408293,-0.011363908123066353,0.32539311809294863,-0.020834442136817184,0.994146242272124,-0.054396910224031085,-0.6693021574179404,0.02363590611114226
0.7535070140280561,0.25061022234327,0.0697981519673575,284.0641016416773,-0.01520413369910019,0.3143571807047678,-0.022812686467481424,0.9945127693823219,-0.05521790920667114,-0.6807121732837097,0.022471789371405818
0.7555110220440882,0.2505924581658937,0.06978391020576104,284.81942954078505,-0.018490870268911996,0.30571006575379406,-0.024684713856527554,0.9948353603140455,-0.0558370134750293,-0.6896874586219329,0.021213067712515372
0.7575150300601202,0.2505842710644218,0.06977120730174284,285.5747731614409,-0.021233605919406408,0.2989700101128849,-0.026433465664534993,0.9951182433946301,-0.05629849228237189,-0.6967145391179559,0.019920922014723518
0.7595190380761523,0.25058356235563883,0.06976005480055057,286.33013257220955,-0.023457307788693992,0.29375045659407684,-0.02804865678690952,0.9953659412490998,-0.05663749086635908,-0.7021847629095446,0.01864062358642747
0.7615230460921844,0.2505886559869421,0.06975041775855316,287.08550737894046,-0.02519698877159229,0.2897411890409614,-0.029525386765310774,0.995582367673433,-0.05688177787324462,-0.7064125308611364,0.01740472066808629
0.7635270541082164,0.25059821532857285,0.06974222837945115,287.8408968720827,-0.026493628538670235,0.28669347699882747,-0.030862954367498273,0.995770994172482,-0.057053250465117625,-0.7096502582067962,0.01623571106418156
0.7655310621242485,0.25061117618613943,0.0697353967424716,288.5963001385496,-0.027391157440653523,0.2844080518637136,-0.03206386167673379,0.9959349159173746,-0.057169126077378014,-0.7121004761158864,0.015148226094093224
0.7675350701402806,0.2508246719396722,0.06973037765800669,289.35172024224715,-0.02783225730450122,0.32971718541339884,-0.033232839494559345,1.0069264947804517,-0.05495712971251193,-0.6777412768748797,0.01154858013285507
0.7695390781563125,0.25122799018850794,0.06973284462399534,290.10722670074415,-0.02613923419002607,0.4098037008187652,-0.03285443596429257,1.0057575613234362,-0.04773943363943054,-0.5964164119631857,0.004741669714543607
0.7715430861723446,0.2515435902171924,0.06974217897917072,290.8628171225494,-0.02248486811716605,0.47390735101575093,-0.03186683158260516,1.0047500593259446,-0.042039483841212665,-0.5312530337636413,0.000056818137448669854
0.7735470941883766,0.2517889372868911,0.069756111035047,291.6184630302664,-0.017658619220569837,0.5251500838641303,-0.0304375289791798,1.00387518532381,-0.03755337848741313,-0.4790899114912192,-0.002977714406153842
0.7755511022044087,0.25197808159408747,0.06977288326621132,292.3741428909497,-0.012242186544629014,0.5660552651468707,-0.028687314637822422,1.0031137176046288,-0.03403383116072145,-0.4373894213826481,-0.0047283501278364976
0.7775551102204408,0.25212232456912814,0.06979114945315225,293.12984068611274,-0.0066545067335722395,0.5986507913882018,-0.026732483868082815,1.0024447549169069,-0.031282824980827934,-0.4040986125682738,-0.005508947167727816
0.7795591182364728,0.2522307508874065,0.06980989859659215,293.88554471989397,-0.0011887550193325918,0.6245750309581295,-0.024664379149546393,1.0018584757464724,-0.029141845382317892,-0.3775676843253454,-0.005568808017420858
0.7815631262525049,0.2523106596775095,0.06982838853627686,294.64124663738613,0.003957597237981485,0.645145774622764,-0.022555764184833443,1.0013432736158976,-0.0274837989385493,-0.35646602588970316,-0.005107344429112323
0.783567134268537,0.25236791179356327,0.06984609116093825,295.396940649421,0.00865922152949286,0.661424391660227,-0.020463460029356527,1.0008901765697333,-0.026207165928443927,-0.339722304658566,-0.004282535257040773
0.785571142284569,0.25240720993387894,0.06986264716689601,296.1526229211328,0.012844512547733456,0.6742643538777033,-0.018430571601677347,1.0004904680568019,-0.02523091219019865,-0.32647360062618025,-0.003218227063302903
0.7875751503006011,0.25243232454745956,0.06987782884605681,296.90829109168135,0.01648126359545821,0.6843543156426277,-0.016488942674635056,1.0001401194502026,-0.024490528461352783,-0.3160264891622081,-0.002010523883088783
0.7895791583166332,0.2524462758690447,0.06989150983470978,297.66394389859886,0.01956559096509375,0.6922460097740781,-0.014660669472398054,0.9998324527703089,-0.023934670326582537,-0.3078221022914109,-0.0007326723202834663
0.7915831663326652,0.2524514807575438,0.06990364048804841,298.41958088499683,0.022113417900286616,0.6983833288422625,-0.012960158165520987,0.9995626683691555,-0.023522596641931154,-0.30141135493422233,0.000560346846716566
0.7935871743486973,0.2524498709851596,0.06991422810125761,299.17520217284596,0.024153984268269587,0.7031226943589796,-0.01139557113644489,0.9993265599806676,-0.023222047819657917,-0.2964333002815918,0.001828246276301202
0.7955911823647294,0.25244298856056846,0.0699233211152908,299.93080828832666,0.02572494190012714,0.7067500502967315,-0.009970145012072405,0.9991204039951638,-0.023007541152675115,-0.29259802196379237,0.00304241952999622
0.7975951903807614,0.2524320625220861,0.06993099660961562,300.686400028425,0.026868694295526,0.7094946111923788,-0.008683303466090532,0.9989408877756623,-0.02285900379327706,-0.2896727970127214,0.004183464190011365
0.7995991983967935,0.252418070746263,0.06993735049596002,301.441978359958,0.0276297051825929,0.7115396140068915,-0.007531585168097588,0.9987845055286831,-0.022760668985184015,-0.28747071803107166,0.0052391533781253885
0.8016032064128256,0.25205289155564603,0.06994027108892711,302.1975223110562,0.027507503838134037,0.6345633744077452,-0.006821557173374218,0.9882866344735972,-0.027811364121515605,-0.3540162460842619,0.011205500370361958
0.8036072144288576,0.251683500161889,0.06993501269844138,302.95296803737205,0.024996193110421335,0.5606502736347159,-0.0074396534310433495,0.9893964839684621,-0.03444334296552681,-0.4291043528046177,0.01718868273182171
0.8056112224448897,0.251395087802041,0.06992377214953252,303.7083409836856,0.020835929980805787,0.5015121099655923,-0.00860369100868421,0.9903536554848479,-0.03967220202930121,-0.4892501081870177,0.021228100587309003
0.8076152304609218,0.25117150476689604,0.06990862384622325,304.46366697436696,0.01573626638789184,0.454262434515819,-0.0101671629536906,0.9911875285804786,-0.04378214676345925,-0.5373732790072879,0.02375357003072803
0.8096192384769538,0.2509997600327284,0.0698911682987864,305.2189654080245,0.010215542063802412,0.41656922403104335,-0.01200349262895276,0.9919172682113555,-0.047001830344423755,-0.5758268099009789,0.02511942202692474
0.8116232464929859,0.25086940651347533,0.06987262178833402,305.97425060724083,0.004643121471958153,0.3865530195140863,-0.01400954793030406,0.9925544621944065,-0.049514355934427476,-0.6065043327090511,0.025611294742015
0.813627254509018,0.2507720479902167,0.0698538906759394,306.72953295096175,-0.000725739758685515,0.36269993683728896,-0.016100364682205017,0.9931142722143276,-0.051466518229723396,-0.6309357986274086,0.025460442949754747
0.81563126252505,0.25070094009072547,0.069835633430019,307.4848197787741,-0.005722289635514737,0.34379057917993533,-0.018209348513866686,0.9936063015830399,-0.05297550341077831,-0.6503514211233726,0.024850228893806645
0.8176352705410821,0.2506506689804693,0.06981831181394339,308.2401161035618,-0.010242692668624235,0.3288433034819046,-0.020284863717659952,0.9940388739955822,-0.0541348545382428,-0.6657421316164513,0.02392549359256782
0.8196392785571142,0.25061689204785403,0.0698022331472283,308.99542517267145,-0.014231187896837095,0.3170683715893991,-0.02228813965834274,0.9944195382052405,-0.05501921188943094,-0.6779057929637644,0.022799357647055055
0.8216432865731462,0.25059612883848853,0.06978758487560635,309.75074890737756,-0.017667034847061745,0.307830125332976,-0.024191085747033218,0.994752427942718,-0.055687669125098586,-0.6874834206403742,0.021558830735695624
0.8236472945891783,0.2505855924553168,0.06977446273615903,310.50608824665346,-0.020554428360434095,0.3006185098086706,-0.02597458714621689,0.9950456272701563,-0.05618774082857268,-0.6949927421983291,0.020270298266368943
0.8256513026052104,0.25058305377169326,0.06976289349313644,311.26144341370514,-0.022914787753573716,0.2950232277444165,-0.027626672558751227,0.9953024980287112,-0.05655667657393199,-0.7008481473296369,0.018982849206277068
0.8276553106212424,0.250586731923889,0.06975285318421585,312.01681412226844,-0.02478089030144197,0.2907151141155458,-0.029141119266245998,0.995527086437425,-0.05682406368829026,-0.7053831360240025,0.017732166530434332
0.8296593186372745,0.25059520613156155,0.06974428164085597,312.7721997349263,-0.026192460105498493,0.28743017358198836,-0.030516206483124607,0.9957229764844105,-0.057013251551109485,-0.7088655147750604,0.016543214833576878
0.8316633266533066,0.25060734468333606,0.06973709394344735,313.52759938367944,-0.027192892018225032,0.2849568610695621,-0.03175366726419466,0.9958933587474883,-0.05714261451692603,-0.7115101990651156,0.015432546995113601
0.8336673346693386,0.2507001022562847,0.06973122871523615,314.28301186420595,-0.027831752850069426,0.30526956079160267,-0.033173936743109235,1.00715839370589,-0.057114696138566845,-0.7024961517257917,0.013778796756638753
0.8356713426853707,0.25113015306727865,0.06973141488000181,315.03849019382875,-0.026823635255218112,0.3902544991525743,-0.03301771793586318,1.0060651020195657,-0.04949597244999084,-0.6162891398962997,0.006326768604949847
0.8376753507014028,0.251467178788133,0.06973916688858514,315.7940613718595,-0.023604272479080222,0.4582609770205023,-0.03218023050485345,1.0050051336709864,-0.04342322724697754,-0.5471656210282495,0.001120267121656211
0.8396793587174348,0.25172967799574664,0.06975206607013126,316.54969487553143,-0.01902518668196016,0.5126491135879073,-0.030852193060365116,1.004097362884791,-0.038641137029114,-0.4918235848005757,-0.002310162410639001
0.8416833667334669,0.25193253857827186,0.06976822864961309,317.3053674569033,-0.013719026988883937,0.55608124325928,-0.029174389880312547,1.003306245631742,-0.034886034443996246,-0.44756417849143826,-0.004367847208571662
0.843687374749499,0.25208773432653203,0.06978620722525382,318.0610617625007,-0.00814394222842535,0.5907076798104054,-0.027264504944101382,1.0026134944323228,-0.03194792765977102,-0.41221682218699723,-0.005379730797094626
0.845691382765531,0.2522048923073992,0.06980490884126113,318.81676505375634,-0.00262327904955854,0.6182623558048377,-0.02521898970700446,1.0020066364227447,-0.02965858076220375,-0.3840334367221827,-0.005609913075483753
0.8476953907815631,0.2522917485901927,0.06982352570079366,319.5724681715404,0.0026226037519064176,0.6401409540393659,-0.023115253279675053,1.0014734435571344,-0.027883176662483203,-0.3616047827093917,-0.005270162122385141
0.8496993987975952,0.25235451593175506,0.069841477606562,320.3281647108598,0.0074511979907823525,0.6574678325975517,-0.021014134884915634,1.001004655644229,-0.026513948048318515,-0.34379621479867895,-0.004528699442765222
0.8517034068136272,0.2523981803523297,0.06985836433354223,321.08385036941263,0.011778172860357731,0.67114776622142,-0.018962132707652762,1.0005921263788355,-0.025464840755349116,-0.3296941925455179,-0.003517755413175047
0.8537074148296593,0.2524267403712774,0.06987392641062698,321.8395224350976,0.01556204790431631,0.6819090555937448,-0.01699396691511634,1.0002296138380928,-0.024667335343703047,-0.3185630465365244,-0.0023403317450903334
0.8557114228456913,0.2524433996915255,0.06988801315874829,322.59517938520133,0.0187923358268346,0.6903370058666897,-0.015134066369329326,0.9999111857053534,-0.02406685375159083,-0.3098112061060306,-0.0010752215024254618
0.8577154308617234,0.25245072272009655,0.06990055664299025,323.3508205732414,0.021480399961134166,0.6969020810669442,-0.013398744261466176,0.9996318503245837,-0.023620067983423945,-0.3029628076945847,0.0002181089427592984
0.8597194388777555,0.2524507598269408,0.06991155070396035,324.1064459862127,0.023652473455747853,0.7019821007298421,-0.011797688067330472,0.9993872524692814,-0.023292647832106737,-0.2976353417736193,0.001495785120806305
0.8617234468937875,0.25244514829589154,0.06992103417800749,324.86205605728117,0.025344370385170595,0.7058802537702122,-0.010335327913882163,0.9991735479206363,-0.023057456900619923,-0.29352150998656606,0.0027263590335171307
0.8637274549098196,0.25243519364673983,0.06992907757670541,325.6176515223804,0.026597524765906277,0.7088396359771628,-0.009012003162013988,0.9989873212044315,-0.022893103041953255,-0.29037459234890844,0.0038881979001924327
0.8657314629258517,0.2524219351253822,0.06993577261583549,326.37323331135025,0.027456064550976007,0.7110549770788773,-0.007824943837843115,0.9988255223627048,-0.02278277428262576,-0.28799664474764486,0.004967342404539216
0.8677354709418837,0.25216816895014715,0.06994034058784045,327.12879504418964,0.027780199530035302,0.657369826774391,-0.006771974246625955,0.9879610693689647,-0.025747720779002975,-0.33086475170183827,0.0092007845803783
0.8697394789579158,0.25177380419637496,0.06993710903834299,327.8842656536256,0.025861365908823774,0.5789083674234842,-0.007211801319213303,0.9891158431941206,-0.03281400387382883,-0.41054996839596875,0.015794876483881327
0.8717434869739479,0.2514653853791088,0.06992724612095634,328.63965527437637,0.022064691063514247,0.5161200155699148,-0.008246430432635097,0.9901244599572445,-0.03839107893186535,-0.4744012387131171,0.02031068239210704
0.8737474949899798,0.2512257941241584,0.0699129697255551,329.3949916962104,0.01715879085412881,0.46592007346557057,-0.009714369998415436,0.9909754657334263,-0.04277502025082348,-0.525493973858657,0.02320452204756027
0.8757515030060119,0.25104125615238737,0.06989599798919295,330.1502959110458,0.011709117916267744,0.4258620931928243,-0.01148899222371239,0.9917305209589036,-0.04621400031931652,-0.5663397046533736,0.024850468320248547
0.877755511022044,0.2509006945681132,0.06987764233495032,330.9055834792946,0.006121185403633911,0.39394691361005046,-0.013458757905904712,0.9923911166872433,-0.04890055348021187,-0.5989412617188001,0.025551947102726277
0.879759519038076,0.2507952051474593,0.06985888577010449,331.66086574092907,0.000677887452005696,0.3685698941708658,-0.01553423692800186,0.992970857210779,-0.05099054856031211,-0.6249179190266935,0.025553666418437964
0.8817635270541081,0.25071763443253653,0.06984044783288841,332.4161507739739,-0.004431158390892474,0.3484385402813566,-0.017644200575303134,0.9934802074519603,-0.05260843243054088,-0.6455739332462084,0.02505087490564221
0.8837675350701402,0.2506622391347794,0.06982283856060932,333.1714441548228,-0.009086531922218264,0.3325122881789033,-0.019733176920825362,0.9939280125177504,-0.05385360707680261,-0.6619596849126361,0.02419808972496817
0.8857715430861722,0.25062441142708447,0.06980640300281668,333.9267495567405,-0.013221000699571144,0.31995375255015934,-0.02175914363356655,0.9943217238057879,-0.054805343571505974,-0.6749207844405408,0.02311631271621552
0.8877755511022043,0.250600457476832,0.06979135776312377,334.68206921948024,-0.01680553045068675,0.31008908360176246,-0.02369141445408265,0.9946675197433825,-0.055526816789313684,-0.6851376988396215,0.021899157209431572
0.8897795591182364,0.2505874186246676,0.06977782073813386,335.4374043165097,-0.019838473172167227,0.30237746131430654,-0.025508552525039717,0.9949711461512714,-0.05606808456183102,-0.6931578519224894,0.020617942755439544
0.8917835671342684,0.2505829277780223,0.06976583521423646,336.1927552403833,-0.022337277654385174,0.2963836040796613,-0.027196843980989434,0.9952372642961517,-0.05646901625300821,-0.6994213883747522,0.019326080754834253
0.8937875751503005,0.2505850931711743,0.06975538925943138,336.9481218240899,-0.024332164915545632,0.2917583008620564,-0.028748658190430976,0.9954700579665438,-0.0567611278661938,-0.7042820117303432,0.018062584001792455
0.8957915831663326,0.25059240496200336,0.06974643116588942,337.7035035110719,-0.025861362818111102,0.2882214303716142,-0.030161177463715542,0.9956732339282452,-0.05696930706976133,-0.7080237888273525,0.016855047221048566
0.8977955911823646,0.25060365995075307,0.06973888166814647,338.4588994850563,-0.026967552660695438,0.2855484600134667,-0.03143530297690192,0.9958500772063837,-0.057113155396913334,-0.7108747318925532,0.01572207789732431
0.8997995991983967,0.2506179009334895,0.0697326435080214,339.21430876832113,-0.027695258208824663,0.2835599621496411,-0.032574696571271586,0.9960040215191514,-0.05720804915781932,-0.713017929717097,0.014675313021033512
0.9018036072144288,0.25102225190995253,0.06973045750538444,339.9697594510184,-0.027368962716010463,0.36877019935684974,-0.033153818096416925,1.0063715869020042,-0.05142593082143468,-0.6380987605828616,0.008112140919532385
0.9038076152304608,0.25138280667145213,0.06973640407997478,340.7253085931468,-0.0246594035264307,0.4410691449560188,-0.03247102994113903,1.0052769804544597,-0.04494885409028989,-0.5646438316472937,0.0023477716778975057
0.9058116232464929,0.2516641484131068,0.0697481048355797,341.48092764627626,-0.020380450426219998,0.49890825891897067,-0.03126200540443243,1.0043334685026426,-0.039841557405930615,-0.5058118785783623,-0.0015256584412837175
0.907815631262525,0.2518820804764654,0.06976353809309109,342.2365915058554,-0.015220236510246954,0.5451148527172444,-0.02966689055415848,1.0035120177872017,-0.03582733264089429,-0.45874524512082215,-0.003924104098333269
0.909819639278557,0.2520493149346304,0.06978114544721406,342.9922813385367,-0.009680493609920784,0.581970950755813,-0.027809675854983007,1.002794127957214,-0.03268329995655788,-0.4211411735484622,-0.005193724360310215
0.9118236472945891,0.25217607383585167,0.06979974413076237,343.7479832517229,-0.0041180831988637335,0.611315974233095,-0.025792391032078546,1.002165710955951,-0.030230582088661567,-0.39114434923502034,-0.005614823435965808
0.9138276553106212,0.25227057253076335,0.06981845435459459,344.5036871947162,0.001221152514322641,0.6346308479048735,-0.02369747823924037,1.0016133734193369,-0.028325862554360672,-0.36725900152718716,-0.005412640298975628
0.9158316633266532,0.2523394098166909,0.06983663859807646,345.2593860786532,0.006175526721127057,0.6531091951491161,-0.021590048330769978,1.001128146447196,-0.026854595667781908,-0.348281389893065,-0.004766444840816836
0.9178356713426853,0.25238788260820716,0.06985385151604032,346.0150750805629,0.01064644263099093,0.6677111512571385,-0.01952031939753589,1.0007005749478024,-0.025725074083311025,-0.33324142414072105,-0.003817790799955251
0.9198396793587174,0.25242023955634807,0.06986979852641904,346.77075109684137,0.014581997470663648,0.6792095494068681,-0.017525893727205085,1.0003240938827533,-0.024864440718483066,-0.3213588063796609,-0.002676900712314121
0.9218436873747494,0.25243988576433746,0.06988430194492687,347.5264123129947,0.01796422004590073,0.6882268792553754,-0.015634043488652282,0.9999940227225012,-0.024214624405545938,-0.31200547352304053,-0.0014289020573656952
0.9238476953907815,0.25244954754355126,0.06989727345757317,348.28205786929277,0.02079926833300276,0.6952622445605547,-0.013863052574849334,0.9997043723604939,-0.023729416715977603,-0.304676108563581,-0.00013809331474874787
0.9258517034068136,0.2524514054327547,0.06990869182026498,349.03768759996166,0.023109897654408126,0.7007169332039066,-0.012224277961969336,0.9994506051791197,-0.02337221320186473,-0.29896452757163133,0.0011477127458080643
0.9278557114228456,0.25244720129690124,0.06991858501546894,349.79330183196026,0.0249297483120175,0.7049130471340126,-0.010723465474605629,0.9992287457546042,-0.023114060355078833,-0.29454437008671547,0.0023939414992749817
0.9298597194388777,0.25243832462715976,0.0699270160463907,350.54890123055407,0.02629905235967182,0.7081089082356297,-0.009361969320528143,0.9990352674659593,-0.022932115818164876,-0.2911535646139837,0.0035765001571703096
0.9318637274549098,0.25242588204570765,0.06993407173927173,351.304486681785,0.027261448958510688,0.710511499750118,-0.00813778232082739,0.9988670259505666,-0.022808411920507688,-0.2885818085286043,0.0046795148879458445
0.9338677354709418,0.25228936438915367,0.06993970315599304,352.060058786602,0.02785120837280046,0.6811453192867735,-0.00679321543495201,0.9876420633054295,-0.023593478901013293,-0.30674732354372053,0.0070329959337400265
0.9358717434869739,0.25186897569992084,0.0699386758972012,352.81555654423886,0.026589889849062513,0.5979448319248101,-0.007041157184843223,0.9888291490735382,-0.031107869939360586,-0.3912102185465304,0.01426728365997447
0.937875751503006,0.2515397020625458,0.06993033393148514,353.57096463459476,0.02320720315221576,0.5313352766361694,-0.007929536439794426,0.9898560855831966,-0.037045125694159214,-0.45890316721330254,0.019288166342635388
0.939879759519038,0.2512834127544687,0.06991704764943359,354.3263129114672,0.018533961540230598,0.4780872855278925,-0.009298998578931801,0.9907587424242691,-0.04171829492670846,-0.5130997956321188,0.022568590303400318
0.9418837675350701,0.2510855244218364,0.06990065290651719,355.08162400569097,0.013184403765993134,0.43556825146382355,-0.011003323338427257,0.9915423453330583,-0.0453864234538587,-0.5564373686028116,0.024513094763117613
0.9438877755511021,0.25093430320477983,0.06988256182631611,355.8369147897433,0.007602478099802451,0.4016756434880971,-0.012930459543664985,0.9922248578504812,-0.04825482300856069,-0.5910403015570487,0.025438293447195916
0.9458917835671342,0.25082031677037364,0.06986383735203379,356.5921976160721,0.002100338766828646,0.3747115049824436,-0.014984638070197126,0.9928256958742671,-0.05048907681543778,-0.6186263591387597,0.025604945778400254
0.9478957915831663,0.250735986064934,0.06984526299492723,357.34748134349644,-0.003110209708836126,0.35330698118053416,-0.017090704605963077,0.9933525982319843,-0.0522209590162751,-0.6405742018443167,0.025219538335836802
0.9498997995991983,0.2506752250748458,0.06982739949986078,358.1027721454,-0.007893121920185795,0.33636041910324854,-0.01918911674814992,0.9938157824825743,-0.053556048451756565,-0.6579965138290762,0.02444680775853812
0.9519038076152304,0.25063315155071525,0.06981063168972994,358.85807414612304,-0.012168907675569916,0.3229784270955439,-0.021235237434629236,0.9942142385356344,-0.054578879504274556,-0.6717860448230405,0.023415675837465896
0.9539078156312625,0.25060584493584676,0.06979520738917692,359.61338993104584,-0.015899443080531657,0.31246751376583204,-0.023193347795314567,0.994581844683753,-0.05535544831845825,-0.6826719456591117,0.02222742659363224
0.9559118236472945,0.2505901726324669,0.0697812673184733,360.36872091806134,-0.019076894279514797,0.3042341201590039,-0.025042035952877923,0.9948960949809097,-0.05594002340838796,-0.6912249023127485,0.02095772203085164
0.9579158316633266,0.25058362234876824,0.06976887287725533,361.12406768581906,-0.021714254249972812,0.2978241221720259,-0.02676491721179573,0.9951716471522699,-0.056374642358263546,-0.6979143278257891,0.019664749479494693
0.9599198396793587,0.2505841868579629,0.06975802513203794,361.87943019698326,-0.023838877555210688,0.29286745624676547,-0.028352873851671626,0.995412825788823,-0.056692830043380306,-0.7031149379182867,0.01839101122694703
0.9619238476953907,0.25059026357882397,0.069748681628975,362.6348079842457,-0.025487250365148432,0.2890672012940153,-0.029801927200110895,0.9956234516405114,-0.05692108056922994,-0.707127732663217,0.017166863617462245
0.9639278557114228,0.2506005748650765,0.06974076940560328,363.39020028971527,-0.026701149191301895,0.2861853247714314,-0.031112086871620537,0.9958069161708955,-0.05708027526176184,-0.7101943395631322,0.016013081281233243
0.9659318637274549,0.2506141038511748,0.06973419520762121,364.14560617066047,-0.0275248069759643,0.2840311483693341,-0.03228639453518005,0.9959662824507778,-0.057186825630266565,-0.7125086514542717,0.014942953350039373
0.9679358717434869,0.25091308426664444,0.06973019844768101,364.90103694789303,-0.027695999725871955,0.3471394772400438,-0.033207733189864815,1.006680134495927,-0.053380092731187365,-0.6600586219628224,0.010003652240067953
0.969939879759519,0.2512973247582095,0.06973424392032535,365.6565627913841,-0.025537674062208436,0.4237560503060066,-0.03270118461446044,1.0055464276228592,-0.04649209848915194,-0.5822417821524849,0.003653676691141939
0.9719438877755511,0.251597638945484,0.06974465732050218,366.4121663019235,-0.02159410582562145,0.48507281207196334,-0.03161729850614674,1.0045818448771409,-0.04105938075413864,-0.519906632087923,-0.0006693045627924288
0.9739478957915831,0.25183075182995046,0.06975928140831243,367.1678204966567,-0.01660973660879415,0.5340630552119573,-0.030109354918238112,1.0037162743212047,-0.036781310723644316,-0.4700107316366858,-0.003417581927554922
0.9759519038076151,0.2520101166915871,0.06977644661702878,367.92350505164706,-0.011130405024723478,0.5731615313912687,-0.02831006240543448,1.0029724920711078,-0.03342939155327832,-0.4301361561277979,-0.004952204542746409
0.9779559118236472,0.25214655383491824,0.06979487977405761,368.6792048993488,-0.005547232019929856,0.6043073837900468,-0.02632606396394652,1.0023216017790406,-0.030811640336333743,-0.39831437384638524,-0.005570927138724437
0.9799599198396792,0.2522487604325715,0.06981362839351839,369.43490908084823,-0.00013214844302064654,0.6290677094291239,-0.02424467214586606,1.0017503013994233,-0.028776215198274065,-0.3729633671601765,-0.005512401507588813
0.9819639278557113,0.2523237233758299,0.06983199704313506,370.19060980907005,0.004933460759800978,0.6487049402918265,-0.02213529571545179,1.001248110932014,-0.02720161789866015,-0.35280902032699357,-0.00496710443282396
0.9839679358717434,0.2523770520776968,0.06984949460585843,370.94630172868,0.009536303324686992,0.6642355681388018,-0.02005185062733171,1.0008064443653188,-0.025990779560552683,-0.3368253617847456,-0.004085672740482025
0.9859719438877754,0.25241324681202454,0.0698657907360699,371.7019813334286,0.013613658921782335,0.6764776316002302,-0.018035077088969568,1.0004182845956338,-0.025066315122012475,-0.32418643276065723,-0.0029859620819848143
0.9879759519038075,0.25243591509798674,0.06988068017833166,372.45764650840687,0.01713975759295076,0.6860892374083992,-0.016114635903092082,1.0000772176007355,-0.02436645089119188,-0.3142272167315077,-0.001759141474368673
0.9899799599198396,0.2524479461230382,0.06989405363667006,373.21329617288023,0.02011527399907584,0.6935986500665917,-0.014310925378980691,0.9997774132273809,-0.023842221655827896,-0.3064132735013626,-0.0004744062110536762
0.9919839679358716,0.25245165135924713,0.06990587426566651,373.96893000158127,0.02255924643001394,0.6994311564621923,-0.01263705762743163,0.9995146075869218,-0.023454727152837446,-0.300314545793732,0.0008163940201970208
0.9939879759519037,0.25244887788609816,0.06991615870838669,374.72454820952004,0.02450293780553059,0.7039278732477827,-0.011100115135767419,0.9992846957060256,-0.023173182772677686,-0.29558551083136564,0.002075523009366535
0.9959919839679358,0.25244109969079914,0.06992496201732906,375.48015138634395,0.025985203858510535,0.7073624318203758,-0.009702490112751112,0.9990840413932928,-0.02297328408276419,-0.2919486637269736,0.003276392921539018
0.9979959919839678,0.25242949121079383,0.06993236572954406,376.23574037002714,0.02704904567644576,0.709954134405606,-0.008442962314283712,0.9989094068962828,-0.022835897886012393,-0.28918127779016806,0.004401181675174697
1.0,0.25241498653866845,0.0699384685406834,376.9913161514447,0.027739083053209476,0.7118784707904133,-0.007317584121392548,0.9987577830690086,-0.022745970848525136,-0.28710494350221444,0.005438871614940207
