time,z_cc_d,z_cc_q,theta_pll,gamma_pll,i_vsc_d,i_vsc_q,v_sh_d,v_sh_q,i_bus_d,i_bus_q,i_L_f,v_dc_f,i_dc_f,i_load_f,x_1,x_2,i_L,v_dc,i_load
0.0,0.2515178727167332,0.06983522915522415,-0.000979603746903796,0.0,0.4976339107553488,-0.02000540475920631,0.9973891854258933,-0.039982398586593394,-0.5001550986564104,0.010003101973128216,1.6252612488125089,1.05,0.47393392800595663,0.3,0.8513273208065522,0.523809523809524,1.6252612488125089,1.05,0.3
0.002004008016032064,0.2515178727167024,0.06983522915540483,0.7545136192343136,-7.748170970065135e-9,0.49763391251487266,-0.02000540495672973,0.9973891896132457,-0.03998239843893982,-0.5001551002705913,0.010003101624953815,1.625261248819786,1.0499999999995444,0.4739339280313511,0.3,0.85132732080656,0.5238095238097171,1.6252612488986191,1.0499999999948642,0.3
0.004008016032064128,0.2515178727165657,0.06983522915603255,1.510006842589082,-6.2338182761068125e-9,0.49763391213621666,-0.020005405237324504,0.9973891887568812,-0.03998239844911692,-0.5001550997710962,0.010003101359944326,1.625261248848426,1.0499999999983747,0.4739339280623818,0.3,0.851327320806599,0.5238095238100552,1.6252612490597946,1.0499999999895528,0.3
0.0060120240480961915,0.251517872716379,0.06983522915690521,2.265500065938122,-4.933102245026612e-9,0.4976339116997414,-0.020005405402662758,0.9973891878006963,-0.03998239845405521,-0.500155099258944,0.010003101204798682,1.6252612489017972,1.0499999999964782,0.47393392810048546,0.3,0.8513273208067004,0.5238095238103017,1.6252612492058598,1.0499999999848104,0.3
0.008016032064128256,0.2515178727161629,0.06983522915790788,3.0209932892820563,-3.820375826381075e-9,0.4976339112347866,-0.02000540548274878,0.9973891867954959,-0.03998239845433693,-0.5001550987525871,0.01000310112985499,1.625261248961343,1.0499999999941851,0.4739339281387398,0.3,0.8513273208068867,0.5238095238102023,1.6252612492303997,1.0499999999812415,0.3
0.01002004008016032,0.25151787271551196,0.0698352291590361,3.7764865126238445,-2.8128329435799396e-9,0.49763392151243896,-0.020005405914455415,0.9973892109766667,-0.03998239974631616,-0.5001551075397237,0.010003101967735576,1.6252612490059535,1.0499999999915783,0.4739339280900589,0.3,0.851327320807171,0.5238095238098773,1.6252612491783278,1.0499999999929257,0.3
0.012024048096192383,0.25151787271568854,0.06983522916000272,4.531979735956921,-2.0671971710737186e-9,0.4976339103191169,-0.020005405472906437,0.9973891848125175,-0.03998239844501011,-0.5001550978199893,0.010003101138135658,1.625261249028733,1.0499999999887424,0.473933928202267,0.3,0.8513273208075615,0.5238095238095227,1.6252612491249467,1.049999999971967,0.3
0.014028056112224447,0.251517872715462,0.06983522916098316,5.287472959288648,-1.3920215927032618e-9,0.4976339099057423,-0.020005405417970336,0.9973891839075185,-0.03998239843615345,-0.500155097423189,0.010003101186857688,1.6252612490506901,1.0499999999853262,0.4739339282229908,0.3,0.8513273208080799,0.5238095238093937,1.6252612491810992,1.049999999966825,0.3
0.01603206412825651,0.2515178727152489,0.06983522916188527,6.042966182617297,-8.248857756961583e-10,0.49763390954463627,-0.020005405344929054,0.9973891831005579,-0.03998239842715769,-0.5001550970864369,0.01000310125256276,1.6252612490795393,1.049999999981755,0.4739339282362484,0.3,0.85132732080874,0.5238095238091971,1.6252612492249483,1.0499999999637248,0.3
0.018036072144288574,0.2515178727150531,0.06983522916269329,6.798459405943181,-3.52833013183324e-10,0.4976339092468587,-0.020005405261459632,0.9973891824141091,-0.03998239841873995,-0.5001550968181468,0.010003101328247927,1.6252612491027645,1.0499999999784302,0.4739339282423581,0.3,0.8513273208095391,0.5238095238087535,1.6252612491765155,1.0499999999623495,0.3
0.02004008016032064,0.25151787271487724,0.06983522916339917,7.553952629266623,3.667367497783591e-11,0.4976339090208913,-0.020005405173719883,0.9973891818657111,-0.03998239841190328,-0.5001550966243684,0.010003101408741869,1.6252612491070322,1.049999999975462,0.47393392824203845,0.3,0.8513273208104639,0.5238095238081882,1.6252612490807545,1.0499999999610108,0.3
0.022044088176352703,0.2515178727147225,0.06983522916400049,8.309445852587922,3.549043273929594e-10,0.4976339088722402,-0.020005405086372205,0.9973891814676088,-0.03998239840763598,-0.500155096508829,0.010003101490385214,1.6252612490968024,1.0499999999727003,0.4739339282362872,0.3,0.851327320811503,0.5238095238077465,1.6252612490363123,1.0499999999590632,0.3
0.024048096192384766,0.25151787271458925,0.06983522916449894,9.064939075907343,6.118384418310583e-10,0.4976339088035365,-0.020005405002802415,0.9973891812267375,-0.03998239840678202,-0.5001550964728183,0.010003101570688927,1.6252612490874272,1.0499999999700833,0.4739339282261187,0.3,0.8513273208126503,0.5238095238074659,1.6252612490599996,1.0499999999576293,0.3
0.026052104208416832,0.2515178727144773,0.06983522916489904,9.820432299225123,8.162215595578504e-10,0.4976339088145235,-0.020005404925400812,0.9973891811447526,-0.03998239841004046,-0.500155096515235,0.01000310164804693,1.6252612490846081,1.049999999967802,0.4739339282124132,0.3,0.8513273208138966,0.5238095238071614,1.6252612490748934,1.0499999999578582,0.3
0.028056112224448895,0.2515178727143859,0.069835229165207,10.57592552254147,9.75706062803401e-10,0.49763390890217896,-0.02000540485574911,0.9973891812180583,-0.03998239841789477,-0.500155096632487,0.01000310172148043,1.6252612490790275,1.049999999966083,0.4739339281959716,0.3,0.8513273208152236,0.5238095238067069,1.6252612490244396,1.0499999999593237,0.3
0.03006012024048096,0.25151787271431386,0.06983522916543021,11.331418745856569,1.0969523246761647e-9,0.4976339090607565,-0.02000540479478947,0.9973891814378086,-0.03998239843057479,-0.5001550968184554,0.010003101790430903,1.6252612490615708,1.0499999999649234,0.4739339281776112,0.3,0.8513273208166076,0.523809523806205,1.6252612489464926,1.0499999999606875,0.3
0.03206412825651302,0.25151787271426007,0.06983522916557663,12.08691196917058,1.185810782850025e-9,0.497633909281687,-0.020005404742915067,0.9973891817899413,-0.039982398448038976,-0.5001550970646226,0.010003101854651305,1.6252612490365266,1.0499999999641396,0.47393392815812296,0.3,0.8513273208180298,0.5238095238058328,1.6252612489130083,1.0499999999615035,0.3
0.03406813627254509,0.2515178727142229,0.06983522916565434,12.842405192483653,1.2473752710261845e-9,0.4976339095538421,-0.020005404700089758,0.9973891822551691,-0.03998239846992516,-0.5001550973598041,0.010003101914037119,1.625261249015332,1.049999999963634,0.4739339281381505,0.3,0.8513273208194783,0.5238095238056022,1.625261248930561,1.0499999999626306,0.3
0.03607214428857715,0.2515178727141892,0.06983522916568173,13.597898415796116,1.2908994982447759e-9,0.49763390986662065,-0.020005404663615365,0.997389182810194,-0.03998239849682835,-0.5001550976882344,0.01000310197211176,1.6252612490017366,1.0499999999635345,0.4739339281193938,0.3,0.8513273208209404,0.5238095238053427,1.6252612489289344,1.049999999964768,0.3
0.038076152304609215,0.25151787271417914,0.06983522916564144,14.3533916391075,1.3062747747320575e-9,0.497633910194938,-0.02000540463659989,0.9973891834214653,-0.03998239852406536,-0.5001550980385235,0.010003102021444357,1.625261248986557,1.0499999999638445,0.4739339280997978,0.3,0.8513273208223973,0.5238095238050461,1.625261248902366,1.0499999999674545,0.3
0.04008016032064128,0.25151787271418213,0.0698352291655559,15.108884862418414,1.3093416675805967e-9,0.49763391052691264,-0.020005404617451702,0.9973891840582123,-0.039982398553178,-0.5001550983886397,0.010003102065428952,1.6252612489668865,1.049999999964583,0.4739339280806764,0.3,0.8513273208238327,0.5238095238047289,1.6252612488555618,1.0499999999701393,0.3
0.04208416833667334,0.25151787271419657,0.069835229165432,15.864378085728829,1.3002213942675324e-9,0.4976339108392075,-0.020005404603984984,0.9973891846789846,-0.039982398581734586,-0.5001550987174536,0.010003102104187032,1.6252612489436131,1.0499999999656244,0.4739339280625205,0.3,0.851327320825232,0.5238095238044888,1.6252612488283755,1.0499999999723995,0.3
0.044088176352705406,0.2515178727142211,0.06983522916527579,16.619871309038803,1.2806927851640596e-9,0.49763391110739813,-0.02000540459433395,0.9973891852383989,-0.03998239860714144,-0.5001550990009636,0.010003102137384833,1.6252612489228038,1.0499999999668668,0.47393392804556633,0.3,0.8513273208265855,0.5238095238043519,1.6252612488327738,1.049999999974602,0.3
0.04609218436873747,0.2515178727142545,0.06983522916509269,17.375364532348392,1.2527160280359604e-9,0.4976339113045823,-0.020005404586588223,0.9973891856860119,-0.039982398626437154,-0.5001550992125756,0.010003102164395152,1.6252612489073788,1.0499999999683205,0.47393392802993206,0.3,0.851327320827885,0.5238095238042445,1.6252612488394236,1.0499999999772447,0.3
0.04809619238476953,0.25151787271429554,0.06983522916488767,18.130857755657647,1.2181050810093738e-9,0.49763391140128255,-0.020005404578615098,0.9973891859662027,-0.03998239863615791,-0.5001550993230874,0.010003102184344463,1.6252612488937952,1.0499999999700342,0.47393392801567263,0.3,0.8513273208291213,0.5238095238041032,1.625261248821246,1.0499999999802243,0.3
0.0501002004008016,0.25151787271435194,0.06983522916466507,18.88635097896662,1.1782904256979529e-9,0.49763391207233315,-0.02000540459646587,0.9973891876351388,-0.03998239866720292,-0.5001551000283427,0.010003102195236419,1.6252612488776566,1.049999999971978,0.47393392800413753,0.3,0.8513273208302842,0.5238095238039567,1.6252612487892946,1.0499999999827458,0.3
0.052104208416833664,0.2515178727144148,0.06983522916442893,19.64184420227536,1.1346868325743923e-9,0.4976339127273077,-0.020005404620966064,0.997389189302004,-0.0399823987029142,-0.5001551007192854,0.010003102204168685,1.6252612488597886,1.0499999999740461,0.473933927994112,0.3,0.8513273208313662,0.5238095238038779,1.625261248773552,1.0499999999847958,0.3
0.05410821643286573,0.2515178727144794,0.06983522916418267,20.39733742558391,1.0884272851591871e-9,0.49763391311536476,-0.020005404640918878,0.9973891903776152,-0.039982398730613614,-0.5001551011367864,0.010003102211967855,1.625261248844634,1.0499999999761616,0.4739339279850465,0.3,0.8513273208323643,0.5238095238038791,1.6252612487807727,1.0499999999867928,0.3
0.05611222444889779,0.2515178727145451,0.06983522916392931,21.15283064889229,1.0404876636298754e-9,0.49763391327762263,-0.020005404656105147,0.9973891909477068,-0.03998239875002157,-0.500155101322456,0.010003102218112962,1.6252612488339502,1.0499999999783354,0.47393392797690015,0.3,0.8513273208332764,0.5238095238039017,1.6252612487878362,1.0499999999891045,0.3
0.058116232464929855,0.25151787271461146,0.06983522916367149,21.90832387220054,9.915924227929819e-10,0.4976339132525218,-0.02000540466656324,0.9973891910928154,-0.03998239876116271,-0.5001551013153861,0.010003102222162583,1.6252612488247675,1.0499999999806033,0.4739339279696168,0.3,0.8513273208340997,0.5238095238039,1.6252612487758002,1.049999999991628,0.3
0.06012024048096192,0.25151787271457465,0.06983522916344934,22.66381709550992,9.732296976779155e-10,0.4976339158743303,-0.020005405074839992,0.9973891989468529,-0.039982399904301455,-0.5001551035527995,0.010003102690663571,1.6252612488153229,1.0499999999829541,0.4739339279451636,0.3,0.8513273208348319,0.5238095238038852,1.6252612487489995,1.0499999999975478,0.3
0.06212424849699398,0.2515178727147307,0.0698352291631594,23.419310318816812,8.952644728474725e-10,0.4976339127829156,-0.020005404670998397,0.9973891904041986,-0.03998239876059708,-0.5001551008644551,0.01000310222667554,1.625261248801596,1.0499999999852803,0.47393392795879374,0.3,0.8513273208354677,0.5238095238039411,1.6252612487418605,1.0499999999956977,0.3
0.06412825651302605,0.25151787271479426,0.06983522916289654,24.174803542124717,8.450336122788017e-10,0.49763391240010596,-0.02000540466838706,0.997389189705188,-0.03998239874886661,-0.5001551004876275,0.010003102223042012,1.625261248792758,1.0499999999874918,0.4739339279537641,0.3,0.851327320836013,0.523809523804084,1.6252612487639257,1.0499999999975174,0.3
0.06613226452905811,0.2515178727148574,0.06983522916263703,24.93029676543263,7.973696778443019e-10,0.4976339119585816,-0.020005404662734323,0.9973891888516934,-0.03998239873166939,-0.5001551000478981,0.010003102217047045,1.6252612487886422,1.0499999999896863,0.4739339279493456,0.3,0.8513273208364706,0.5238095238042058,1.6252612487711133,1.0499999999997829,0.3
0.06813627254509018,0.2515178727149195,0.069835229162382,25.685789988740495,7.511975106781639e-10,0.49763391148340025,-0.020005404654068127,0.9973891878978159,-0.0399823987096121,-0.500155099571319,0.010003102209019142,1.6252612487838165,1.049999999991914,0.47393392794550165,0.3,0.8513273208368394,0.5238095238042769,1.6252612487506408,1.050000000002114,0.3
0.07014028056112225,0.2515178727149804,0.06983522916213222,26.441283212048333,7.064773298981929e-10,0.4976339109974844,-0.020005404642893347,0.9973891868928555,-0.03998239868371448,-0.500155099081267,0.01000310219925138,1.6252612487754814,1.0499999999941219,0.47393392794219785,0.3,0.8513273208371188,0.5238095238043632,1.6252612487288762,1.0500000000039933,0.3
0.0721442885771543,0.2515178727150396,0.06983522916188833,27.19677643535613,6.634173756493585e-10,0.4976339105212053,-0.02000540462986839,0.9973891858809324,-0.039982398655125574,-0.5001550985984884,0.010003102188044493,1.6252612487668512,1.0499999999962195,0.4739339279394202,0.3,0.8513273208373119,0.5238095238045237,1.6252612487316689,1.05000000000546,0.3
0.07414829659318636,0.25151787271509735,0.06983522916165087,27.95226965866394,6.220961606012277e-10,0.49763391007232205,-0.020005404615688806,0.9973891849009485,-0.03998239862508933,-0.5001550981411234,0.010003102175790245,1.6252612487621294,1.0499999999981895,0.4739339279371269,0.3,0.8513273208374236,0.5238095238047318,1.6252612487498423,1.0500000000069878,0.3
0.07615230460921843,0.25151787271515336,0.06983522916142014,28.707762881971746,5.824654672125411e-10,0.4976339096659903,-0.0200054046010371,0.9973891839865963,-0.03998239859481051,-0.5001550977247049,0.01000310216288849,1.6252612487607223,1.0500000000000917,0.47393392793524225,0.3,0.8513273208374578,0.523809523804918,1.625261248755236,1.0500000000088026,0.3
0.0781563126252505,0.2515178727152075,0.06983522916119636,29.46325610527954,5.445662380469085e-10,0.4976339093147767,-0.020005404586590548,0.9973891831663707,-0.03998239856547375,-0.5001550973621562,0.010003102149757956,1.6252612487584879,1.050000000001965,0.47393392793370437,0.3,0.8513273208374164,0.5238095238050653,1.6252612487402995,1.0500000000106031,0.3
0.08016032064128256,0.2515178727152601,0.06983522916097973,30.218749328587332,5.084974207522393e-10,0.49763390902864724,-0.02000540457303487,0.9973891824635697,-0.03998239853822909,-0.5001550970638035,0.01000310213680792,1.6252612487535871,1.0500000000037701,0.47393392793248684,0.3,0.8513273208373012,0.5238095238052243,1.6252612487258327,1.0500000000120207,0.3
0.08216432865731463,0.25151787271531084,0.06983522916077042,30.97424255189513,4.742430124417064e-10,0.4976339088150571,-0.020005404560969615,0.9973891818962728,-0.03998239851414512,-0.5001550968372616,0.010003102124484986,1.6252612487486116,1.050000000005446,0.47393392793158456,0.3,0.8513273208371163,0.5238095238054371,1.6252612487300433,1.050000000013116,0.3
0.08416833667334668,0.2515178727153599,0.06983522916056832,31.72973577520293,4.417555727180509e-10,0.4976339086787679,-0.020005404550976113,0.9973891814773655,-0.03998239849415094,-0.5001550966876459,0.0100031021131523,1.6252612487465792,1.0500000000069887,0.4739339279309709,0.3,0.8513273208368666,0.5238095238056798,1.6252612487445486,1.0500000000142498,0.3
0.08617234468937875,0.2515178727153952,0.06983522916038377,32.48522899851093,4.1558077685771227e-10,0.4976339086249419,-0.02000540454118315,0.9973891812155462,-0.03998239848025097,-0.5001550966154454,0.01000310210670566,1.6252612487470908,1.050000000008479,0.4739339279318572,0.3,0.8513273208365577,0.5238095238058771,1.6252612487386529,1.0500000000154615,0.3
0.08817635270541081,0.2515178727154391,0.06983522916019205,33.24072222181859,3.8296521007089707e-10,0.49763390864530554,-0.020005404536103687,0.9973891811099813,-0.039982398469650154,-0.5001550966251865,0.010003102097985894,1.6252612487457865,1.0500000000098353,0.4739339279317383,0.3,0.8513273208361901,0.523809523806099,1.6252612487411842,1.050000000016505,0.3
0.09018036072144288,0.2515178727154818,0.06983522916000817,33.99621544512641,3.554796638470325e-10,0.4976339087434366,-0.020005404535305703,0.997389181161564,-0.039982398465714525,-0.500155096711068,0.010003102090845307,1.62526124874489,1.0500000000111074,0.47393392793164985,0.3,0.8513273208357701,0.5238095238063161,1.6252612487402036,1.050000000017537,0.3
0.09218436873747494,0.2515178727155236,0.06983522915983212,34.751708668434276,3.303745278137133e-10,0.49763390891225595,-0.020005404538062575,0.9973891813611371,-0.03998239846809231,-0.500155096868022,0.010003102085817029,1.6252612487437088,1.0500000000122993,0.4739339279317433,0.3,0.8513273208353008,0.5238095238065305,1.625261248737014,1.050000000018455,0.3
0.09418837675350701,0.2515178727155643,0.06983522915966357,35.50720189174214,3.0706863405127515e-10,0.4976339091435231,-0.020005404544154788,0.9973891816955133,-0.03998239847647493,-0.5001550970880801,0.010003102082997579,1.6252612487423375,1.0500000000134004,0.4739339279320233,0.3,0.8513273208347857,0.523809523806753,1.6252612487362512,1.0500000000192233,0.3
0.09619238476953906,0.251517872715604,0.0698352291595022,36.26269511505001,2.8549454645830716e-10,0.4976339094264859,-0.020005404553462745,0.9973891821463845,-0.03998239849043649,-0.5001550973606597,0.01000310208229594,1.6252612487414384,1.0500000000144067,0.47393392793249234,0.3,0.8513273208342281,0.5238095238069852,1.6252612487389853,1.0500000000198926,0.3
0.09819639278557113,0.25151787271564274,0.06983522915934794,37.01818833835792,2.655697654649862e-10,0.4976339097477723,-0.020005404565695346,0.9973891826902508,-0.039982398509257215,-0.500155097672602,0.010003102083531955,1.625261248741268,1.0500000000153256,0.473933927933147,0.3,0.8513273208336322,0.5238095238072175,1.6252612487416676,1.0500000000205227,0.3
0.1002004008016032,0.2515178727157163,0.06983522915919925,37.77368156166585,2.4594506543376917e-10,0.49763390836966315,-0.020005404568435522,0.9973891805451081,-0.03998239845452671,-0.5001550963623487,0.010003102050775274,1.625250428643446,1.0500033324575424,0.47393242418570086,0.29603454827646625,0.8513273172205545,0.5238055422619498,1.6236236229163061,1.0504402650682438,0.12693321475691677
0.10220440881763526,0.25151787271529474,0.06983522916002433,38.52917478499426,7.107118390596592e-10,0.49763390832650883,-0.020005404431347726,0.9973891812784137,-0.03998239865856286,-0.500155097077778,0.01000310238541429,1.6125048864548432,1.0508068437275169,0.4735716447402082,0.2604351977677753,0.8513156525398583,0.5234213335595618,1.454090213428102,1.0579313173567526,0.10000000029301936
0.10420841683366733,0.2515178727158503,0.0698352291595085,39.28466800828542,2.633736512551934e-10,0.4976339083278085,-0.020005404350064218,0.9973891811326255,-0.039982398537344144,-0.5001550970719503,0.010003102347851369,1.5612752145533473,1.0525185711746612,0.4728068640111032,0.23130059425234042,0.8512502754039145,0.5229840989016988,1.2376579469960372,1.0615655853624941,0.09999999999999998
0.1062124248496994,0.25151787271630105,0.06983522915905736,40.040161231589735,1.5702948233664782e-10,0.4976339085628362,-0.020005404372261566,0.9973891812978858,-0.03998239850080968,-0.5001550971299872,0.010003102285202481,1.5005315678347382,1.0541969585016122,0.47205820848620766,0.2074567569392351,0.8511146366482298,0.5231661374110498,1.261861654793679,1.0617561770885637,0.09999999999999998
0.10821643286573146,0.25151787271665815,0.06983522915868108,40.795654454897026,1.2811262475391516e-10,0.4976339088559863,-0.020005404418696294,0.9973891816114455,-0.03998239849656252,-0.5001550972693123,0.010003102229569141,1.4751425026735505,1.0556530857583428,0.4714091046243151,0.1879428968136566,0.8509171887292644,0.5237705885514663,1.4572637273402003,1.0631665133159385,0.09999999999999998
0.11022044088176351,0.2515178727169402,0.0698352291583689,41.55114767820479,1.1207915137287621e-10,0.4976339091874925,-0.020005404463458238,0.9973891820437976,-0.03998239850341032,-0.5001550974774471,0.010003102186327675,1.482508799000412,1.0574324511988156,0.47061961778546973,0.17197270158036917,0.8506570819562326,0.5240924129296177,1.53249390523921,1.0680642225429422,0.09999999999999998
0.11222444889779558,0.25151787271716197,0.06983522915810884,42.306640901512665,9.981930458810553e-11,0.4976339095482997,-0.020005404503716448,0.9973891825732049,-0.03998239851676483,-0.50015509773866,0.010003102154043316,1.4804995016565181,1.0599176927090876,0.4695248473124856,0.15890265115732244,0.8503115390627093,0.5239228128344086,1.3901436194521597,1.0736993220249709,0.09999999999999998
0.11422845691382764,0.251517872717323,0.06983522915790064,43.06213412482081,9.376732403435098e-11,0.49763390992806983,-0.02000540453771629,0.9973891831731364,-0.03998239853613537,-0.5001550980336888,0.010003102134242665,1.4479026615104664,1.0627159825188317,0.46829848599338736,0.14820608699102597,0.8498577800294497,0.5237735648423173,1.2387833539153823,1.0762633763648295,0.09999999999999998
0.11623246492985971,0.2515178727174558,0.06983522915771274,43.81762734812872,8.297371053753612e-11,0.4976339103042872,-0.020005404570618793,0.9973891838088207,-0.039982398556899806,-0.5001550983473056,0.010003102117508326,1.4104609864454614,1.0652124112056518,0.46720610053297923,0.13945199031500227,0.849296584585546,0.5241007005680705,1.277058076262799,1.0765747425348802,0.09999999999999998
0.11823647294589178,0.2515178727175579,0.0698352291575531,44.57312057143679,7.646977984674215e-11,0.49763391066289286,-0.020005404601330705,0.9973891844447733,-0.03998239857966285,-0.500155098654971,0.01000310210582927,1.4000513860343204,1.067381228989084,0.4662581425774608,0.1322876142198542,0.848642974986916,0.5246879864920346,1.4227063744927637,1.078115767928055,0.09999999999999998
0.12024048096192384,0.25151787271763554,0.06983522915741645,45.32861379474488,7.16961400372996e-11,0.4976339109807714,-0.0200054046288048,0.9973891850369161,-0.0399823986014867,-0.5001550989326949,0.010003102097700962,1.4101987718420084,1.0696820560097642,0.46525748288307917,0.12642426969301582,0.8479014215413698,0.5250164900288494,1.4573307138044616,1.0821531692459223,0.09999999999999998
0.1222444889779559,0.2515178727176938,0.06983522915729848,46.08410701805307,6.79033906072705e-11,0.4976339112329951,-0.020005404652199858,0.9973891855368273,-0.03998239861941496,-0.5001550991539342,0.0100031020914212,1.4089154532738144,1.0723595160999333,0.46410099633754265,0.12162569287573845,0.8470599069229421,0.5250033330940751,1.3382846793162397,1.08628352059926,0.09999999999999998
0.12424849699398796,0.2515178727177366,0.06983522915719563,46.839600241361275,6.456532478791448e-11,0.49763391139193847,-0.020005404670304424,0.9973891858909735,-0.03998239862996953,-0.5001550992897225,0.010003102085167796,1.3849081404767807,1.0750889648859867,0.46292731042543833,0.11769852479514385,0.8461083481988363,0.5250632946289993,1.2383155483499668,1.0880170050220204,0.09999999999999998
0.12625250501002003,0.2515178727177719,0.06983522915710498,47.59509346466946,6.15294975600229e-11,0.4976339117675346,-0.020005404694872594,0.9973891868222912,-0.03998239864485846,-0.5001550996589625,0.010003102075964169,1.3605552857133028,1.0774712031044344,0.461904316355733,0.11448451995157732,0.8450536617842288,0.5254829329036954,1.284842481939276,1.088391025780577,0.09999999999999998
0.1282565130260521,0.25151787271780424,0.06983522915702418,48.350586687977625,5.87212292474835e-11,0.49763391255027073,-0.020005404737320525,0.997389188743808,-0.03998239868142929,-0.5001551004562378,0.010003102066764389,1.3571495100785993,1.0795698344931917,0.4610045420802666,0.11185416980551845,0.8439101910407587,0.5260407038584478,1.3896325808595726,1.0899490107901495,0.09999999999999998
0.13026052104208416,0.2515178727178265,0.06983522915695158,49.106079911285796,5.6179849554273615e-11,0.4976339130468417,-0.02000540477165257,0.9973891900391196,-0.039982398710658014,-0.5001551009655371,0.010003102060859683,1.3656804018371247,1.0817460604501796,0.46007619060346766,0.10970148422228687,0.8426821705442419,0.5263684196062322,1.395125131676769,1.0932098350281285,0.09999999999999998
0.13226452905811623,0.2515178727178404,0.06983522915688568,49.86157313459397,5.3813550547490944e-11,0.4976339132997541,-0.02000540479815725,0.997389190796027,-0.03998239873205896,-0.5001551012291484,0.010003102057002113,1.362557231216126,1.0841269649132645,0.45906662781480223,0.10793972059276669,0.8413624615296211,0.5264716413095243,1.298167955092585,1.0961514435906488,0.09999999999999998
0.1342685370741483,0.25151787273259024,0.06983522915927999,50.617066357889605,-2.5737757857223846e-10,0.4976334947026873,-0.02000540503680641,0.9973883671913242,-0.03998238345953532,-0.50015471400146,0.010003089737431678,1.3458555924245812,1.0861734716055165,0.4581999302129796,0.1422059523250843,0.839948988107168,0.5268428697638445,1.3106044735445759,1.090751724223251,0.49997588613409777
0.13627254509018036,0.25151787271768183,0.06983522915705592,51.37255958122169,3.055166936412805e-10,0.497633910853484,-0.020005404571191533,0.9973891851167589,-0.039982398673741426,-0.5001550991380493,0.010003102226427935,1.3831900386389147,1.0856900110344079,0.45839635305463283,0.207180395523145,0.8385003541782535,0.5283153664103549,1.8210913679101273,1.0777226602383971,0.4999999999997747
0.13827655310621242,0.251517872717934,0.06983522915678991,52.12805280452383,1.44483528642497e-10,0.49763391110187283,-0.02000540456624381,0.9973891855736428,-0.03998239864892912,-0.5001550993175349,0.010003102206753068,1.5043027442304353,1.0837236553043483,0.4592273146323763,0.2603556537993945,0.8371081337137931,0.5293148990709824,2.178198012909079,1.07394498314197,0.5
0.1402805611222445,0.2515178727181302,0.06983522915656269,52.88354602783037,9.775186629080841e-11,0.4976339112825567,-0.02000540459503171,0.9973891859108623,-0.03998239864688076,-0.5001550994110141,0.010003102177623319,1.611536875969626,1.0822121818825956,0.45986523900007514,0.3038744271631936,0.8357898852745321,0.5288215619260206,1.9304747441905163,1.0768117686827898,0.5
0.14228456913827653,0.251517872718286,0.06983522915637384,53.639039251137724,7.366941742647784e-11,0.4976339117712909,-0.020005404639421777,0.9973891870492982,-0.039982398661271776,-0.5001550998444129,0.010003102147361985,1.6254735141910368,1.0810939968555238,0.4603362377097633,0.33949030748868336,0.8345198790960902,0.5278847727316084,1.4930866308411022,1.073695946973276,0.5
0.1442885771543086,0.25151787271841036,0.06983522915621745,54.39453247444529,5.5305934215168004e-11,0.49763391254382555,-0.020005404695560176,0.9973891889028406,-0.03998239869445467,-0.5001551005894235,0.01000310212136336,1.592937162912048,1.078781536764612,0.4613272598845182,0.36863843904934884,0.8333140748580193,0.5279759064570453,1.4949907262506765,1.0627631286957675,0.5
0.14629258517034066,0.2515178727185027,0.06983522915608789,55.15002569775296,4.050424206742021e-11,0.4976339130305416,-0.0200054047411295,0.9973891901392046,-0.03998239872073177,-0.5001551010548358,0.010003102101498877,1.6103933347274784,1.0748692141091225,0.46302803879805343,0.3924933477514326,0.8322349106154296,0.5289460820815082,1.8920157249375018,1.0529716453832978,0.5
0.14829659318637273,0.25151787271856896,0.06983522915598046,55.90551892106072,2.8623648684068463e-11,0.4976339132745672,-0.020005404776814503,0.9973891908458032,-0.03998239873954185,-0.5001551012819242,0.010003102086052798,1.6893771110449467,1.0705581546854164,0.4649160701724715,0.4120162687317204,0.8313259666847782,0.5294228175862615,2.1202262189417964,1.0507061763492265,0.5
0.1503006012024048,0.25151787271861425,0.0698352291558913,56.66101214436855,1.9123805238363177e-11,0.49763391331611057,-0.020005404803336152,0.9973891911047355,-0.03998239875068536,-0.5001551013095734,0.010003102073667438,1.752954427736365,1.0671508213627532,0.4664068379545631,0.4279938793929412,0.830574009480239,0.5287907445096459,1.9058915720676366,1.0526887007778996,0.5
0.15230460921843686,0.2515178727186421,0.06983522915581725,57.41650536767647,1.1650052739358683e-11,0.4976339131926268,-0.020005404821499137,0.9973891909928689,-0.03998239875429363,-0.5001551011741919,0.01000310206326591,1.748675126997405,1.0643577039888699,0.46762896801399756,0.441069998622144,0.8299424135991851,0.5279293049281756,1.5935796528056396,1.0496758555513428,0.5
0.15430861723446893,0.25151787271865617,0.06983522915575559,58.171998590984416,5.667766093210308e-12,0.49763391293881803,-0.020005404832087802,0.9973891905818496,-0.03998239875066291,-0.5001551009097197,0.010003102053991412,1.7168865285719133,1.0609158893519053,0.4691527625602812,0.4517715295156672,0.8294323338835115,0.5278818394303987,1.6223107776320127,1.0410041181870644,0.5
0.156312625250501,0.25151787271865894,0.06983522915570417,58.927491814292395,1.0894191009729709e-12,0.49763391258667755,-0.02000540483600689,0.9973891899381154,-0.039982398740372564,-0.5001551005475998,0.01000310204518232,1.7269631287555784,1.0565339603109947,0.4711183036113654,0.46052969097452906,0.8290805658195529,0.5284471249740839,1.9243839180667583,1.0335972252993864,0.5
0.15831663326653306,0.25151787271865256,0.06983522915566122,59.68298503760045,-2.5348748576447027e-12,0.49763391216550074,-0.020005404834075206,0.9973891891228979,-0.039982398724209015,-0.5001551001167661,0.010003102036505509,1.782473437662465,1.0521390004288966,0.4731025813419922,0.4676973936987929,0.8289087592472546,0.5285917883913958,2.0814852377280237,1.032117160484923,0.5
0.16032064128256512,0.2515178727186389,0.0698352291556252,60.43847826090852,-5.32698075197852e-12,0.49763391170195975,-0.020005404827157673,0.9973891881922299,-0.039982398703031524,-0.500155099643577,0.010003102027687614,1.8247424645313162,1.0486530576015287,0.47467476386336876,0.47356346074775374,0.828896283333233,0.527909004834322,1.9121000905482544,1.0335714435890924,0.5
0.1623246492985972,0.2515178727186194,0.06983522915559492,61.193971484216576,-7.393099050445784e-12,0.4976339112200614,-0.020005404816202214,0.9973891871969213,-0.039982398677863025,-0.5001550991518334,0.010003102018569342,1.8168998995451224,1.0457722142617476,0.47597450307114264,0.47836426568437024,0.8290082813073331,0.5270884698509872,1.6829011955746767,1.0311280785890309,0.5
0.16432865731462926,0.2515178727185952,0.06983522915556939,61.94946470752464,-8.803161165658033e-12,0.49763391074113733,-0.02000540480214928,0.9973891861825703,-0.03998239864982757,-0.5001550986627995,0.010003102009133989,1.7905780807925844,1.042512598492092,0.47746130224080574,0.482293257263744,0.8292406785549647,0.5268955480458138,1.7115958377095617,1.0244268765498548,0.5
0.16633266533066132,0.2515178727185255,0.06983522915554656,62.70495793083275,-9.556102519626748e-12,0.4976339105138712,-0.02000540471379219,0.9973891844965219,-0.039982398566797195,-0.500155098343676,0.010003101991243001,1.7969391286399012,1.0386421526696008,0.47924825362746865,0.4855087544636776,0.8296171145828638,0.5271567956048883,1.940207271419642,1.0187811633573882,0.5
0.16833667334669336,0.25151787271838466,0.06983522915579166,63.4604511541554,3.4474691248433705e-10,0.4976339144766451,-0.020005405454928033,0.9973891968496659,-0.039982400659165716,-0.5001551025590703,0.010003102779395168,1.8261797755433427,1.0358153666806973,0.4805494431955548,0.4266453917426091,0.8301397604240079,0.5266066260428919,1.8498701727626905,1.0303611114080053,0.10000004907883686
0.17034068136272543,0.2515178727187941,0.06983522915561119,64.21594437745424,1.0159086886324594e-10,0.49763391131711654,-0.02000540477452582,0.997389187920823,-0.039982398739861674,-0.5001550997605643,0.010003102118212787,1.774864453568151,1.036043049314436,0.480422043547888,0.3673274608199355,0.8307109950141035,0.5248816236126347,1.2379338404596476,1.0413301208296493,0.10000000000000007
0.1723446893787575,0.25151787271904497,0.06983522915547931,64.97143760075991,3.7202785004341907e-11,0.497633910882681,-0.020005404758840516,0.9973891869090112,-0.03998239869396236,-0.500155099212228,0.010003102093273045,1.640260857889912,1.0370002431040417,0.4799617506139447,0.3187815077603347,0.8312493952997757,0.5240678087962257,0.953578510215119,1.0398310624216602,0.09999999999999998
0.17434869739478956,0.2515178727192308,0.06983522915537214,65.72693082406725,1.4936964456540003e-11,0.49763391045417144,-0.020005404753678367,0.9973891858978586,-0.039982398658296156,-0.5001550986823315,0.010003102067190473,1.5433598331876952,1.0370890903394456,0.47990503786852423,0.27905137014757575,0.8317658631281792,0.5248972348826035,1.3271190311983498,1.035912330144483,0.09999999999999998
0.17635270541082163,0.2515178727193648,0.06983522915528718,66.48242404737493,1.7749894456120431e-12,0.49763391004279395,-0.020005404746928617,0.9973891849181746,-0.039982398624346896,-0.5001550981876672,0.010003102043608861,1.5514616170832072,1.0370527912686431,0.47990903415235053,0.24653611943678347,0.8322864296377743,0.5258986540538583,1.7788137767175787,1.0394057945868092,0.09999999999999998
0.1783567134268537,0.2515178727194571,0.06983522915522052,67.23791727068266,-7.740144199192907e-12,0.49763390966581217,-0.020005404737391385,0.9973891840036928,-0.03998239859113598,-0.5001550977416965,0.010003102022671405,1.5941624769479297,1.038484816533011,0.4792417295344205,0.21992555143196776,0.8327833950209401,0.5255945011644634,1.6936428638702528,1.050666379088988,0.09999999999999998
0.18036072144288576,0.2515178727195162,0.06983522915516878,67.99341049399061,-1.4740724655740212e-11,0.49763390933753593,-0.020005404726062676,0.9973891831831071,-0.03998239855967376,-0.5001550973557949,0.01000310200430778,1.569423381647837,1.041575431892817,0.4778294747338478,0.1981473915205747,0.8331862369609495,0.5244511058005114,1.2290740610845112,1.0585339481793103,0.09999999999999998
0.18236472945891782,0.25151787271954873,0.06983522915512912,68.74890371729856,-1.9906407043134916e-11,0.4976339090692063,-0.020005404713866068,0.9973891824797954,-0.03998239853078229,-0.5001550970390882,0.010003101988361626,1.4819899848986986,1.0446508203621727,0.4764300873656422,0.18032408729646612,0.8334593704295417,0.524053189466505,1.0421863820595705,1.0574686646061056,0.09999999999999998
0.1843687374749499,0.2515178727195601,0.06983522915509921,69.50439694060651,-2.3413376623110807e-11,0.4976339088692494,-0.0200054047018187,0.9973891819118954,-0.039982398505426404,-0.5001550967982791,0.01000310197475958,1.425355238028253,1.0466993476557604,0.4754933854089598,0.16573744752719044,0.8336296320785725,0.5248514307201037,1.3429987897356521,1.0550277902472645,0.09999999999999998
0.18637274549098196,0.2515178727195547,0.06983522915507727,70.25989016391448,-2.5294696665607744e-11,0.4976339087432963,-0.02000540469082037,0.9973891814923187,-0.0399823984844925,-0.5001550966376372,0.010003101963500531,1.444801524332661,1.0484230218272308,0.4747057876240351,0.15379970259037426,0.8337285548587193,0.5256810396513515,1.663259224454692,1.0584780243929455,0.09999999999999998
0.18837675350701402,0.25151787271953646,0.06983522915506168,71.01538338722266,-2.6363567348470866e-11,0.4976339086941596,-0.02000540468157752,0.9973891812287453,-0.03998239846889282,-0.5001550965590185,0.010003101954836679,1.4819545759761459,1.051037174298368,0.47352810107998944,0.14402982025758854,0.8337435238643811,0.5255077147352156,1.5629793483982688,1.0671180383488283,0.09999999999999998
0.1903807615230461,0.25151787271950793,0.0698352291550511,71.77087661053083,-2.7159816072580378e-11,0.4976339087219573,-0.02000540467451021,0.997389181123686,-0.039982398459002456,-0.5001550965617988,0.01000310194880316,1.4636833303881325,1.0545712949503625,0.47195396231820913,0.13603412246862245,0.8336324078224348,0.5247965467594022,1.2133842560918282,1.0725286441314292,0.09999999999999998
0.19238476953907813,0.25151787271947174,0.06983522915504445,72.526369833839,-2.7711657055304424e-11,0.4976339088241606,-0.020005404670094082,0.9973891811744601,-0.03998239845518502,-0.5001550966428085,0.010003101945402227,1.4021589795820444,1.0578099517800903,0.47051538437549795,0.12949042204779052,0.8333814273163694,0.5247206977914852,1.1090195700493384,1.0716296972692312,0.09999999999999998
0.1943887775551102,0.2515178727194296,0.06983522915504073,73.28186305714718,-2.812381709286384e-11,0.49763390899557886,-0.02000540466866074,0.9973891813731766,-0.03998239845758992,-0.5001550967963266,0.010003101944598317,1.3688639748485367,1.0601496715464263,0.4694727539740277,0.12413504015019966,0.8330190104240878,0.5254888442898581,1.3546753951443053,1.0703080810116758,0.09999999999999998
0.19639278557114226,0.25151787271938325,0.06983522915503929,74.03735628045536,-2.842938324211428e-11,0.4976339092283333,-0.020005404670373893,0.9973891817067366,-0.03998239846608385,-0.5001550970141091,0.010003101946276082,1.3902835645515927,1.0622277612311384,0.4685487157746293,0.11975218130510823,0.8325714482365727,0.5261707270854741,1.5693525344496257,1.0736643963874564,0.09999999999999998
0.19839679358717432,0.2515178727193339,0.06983522915503958,74.79284950376353,-2.8641272729779225e-11,0.4976339095118884,-0.020005404675194547,0.9973891821568498,-0.03998239848022958,-0.5001550972853743,0.010003101950251935,1.4171994213812,1.064918948048427,0.4673656199072444,0.11616523792303914,0.8320301052612086,0.5260877005583838,1.4579558499175718,1.0802310582038726,0.09999999999999998
0.2004008016032064,0.25151787271956266,0.06983522915504953,75.54834272707123,-3.9747643220903554e-11,0.4976339005271341,-0.020005404732135305,0.9973891665154893,-0.03998239820586179,-0.5001550889409522,0.010003101751306377,1.3997242842092623,1.0680744595593132,0.4659903095231514,0.12894266299348542,0.831368477071161,0.5257330800612491,1.2141838491905335,1.0814378950891907,0.4927805313623478
0.20240480961923846,0.2515178727182409,0.06983522915663574,76.30383595040988,6.683165904499752e-10,0.49763391281196934,-0.020005404570096974,0.9973891909560574,-0.03998239900534052,-0.5001551014432889,0.010003102564412465,1.3874325627522517,1.0690507346428755,0.4655541330609884,0.19632568455935792,0.8306134778484815,0.5267420449460718,1.5551311791587392,1.066187327697946,0.4999999998537994
0.20440881763527052,0.2515178727187239,0.06983522915599157,77.0593291736933,3.568463543231683e-11,0.497633912347806,-0.020005404466388384,0.997389190186957,-0.039982398834035565,-0.500155101059042,0.010003102505481037,1.4771070987293482,1.067564598045028,0.46619473581067256,0.25147212936310487,0.8298749945161393,0.5282480530890306,2.1480721964683136,1.0577247400655037,0.5
0.2064128256513026,0.2515178727191063,0.06983522915545176,77.81482239699639,-8.840298589658397e-11,0.4976339120254214,-0.020005404510356085,0.9973891894290143,-0.03998239876988406,-0.5001551005740067,0.010003102403744227,1.6136929322208997,1.0659095540356032,0.46691306461484644,0.2966041270443874,0.8292072813095942,0.5283244509268099,2.1851852059220898,1.0604662032753323,0.5
0.20841683366733466,0.25151787271939613,0.06983522915502789,78.57031562030363,-1.0704056947182338e-10,0.49763391164681636,-0.020005404576425113,0.9973891885459704,-0.03998239873746024,-0.5001551000517119,0.010003102310852238,1.6738644350310603,1.0653007989566388,0.4671709734379761,0.33354027445964596,0.8285841553708893,0.5271148637848588,1.6873185059972005,1.0631527670470065,0.5
0.21042084168336672,0.25151787271961223,0.06983522915470171,79.32580884361144,-1.1065331968043799e-10,0.4976339112249823,-0.020005404628709124,0.9973891875758796,-0.039982398707400585,-0.5001550995145686,0.010003102233738972,1.6404825861603822,1.0643173994591304,0.46759680375173446,0.3637689161323132,0.8279858741657508,0.5264192129748135,1.3957319813818827,1.0552839202875248,0.5
0.2124248496993988,0.2515178727197692,0.06983522915445384,80.08130206691938,-1.1099920007081725e-10,0.4976339107867207,-0.02000540466516362,0.9973891865678274,-0.03998239867559993,-0.500155098981822,0.010003102170239801,1.6163355176460819,1.0615337507860914,0.4688315296968728,0.38850811719462125,0.8274615971544658,0.5270960264700483,1.6885778653945114,1.0433762160359406,0.5
0.21442885771543085,0.25151787271987863,0.06983522915426839,80.83679529022736,-1.0900675065653911e-10,0.497633910354518,-0.020005404688826618,0.9973891855650693,-0.039982398642545915,-0.5001550984712205,0.010003102117632579,1.6731086285173158,1.0575349535643066,0.47062656634455025,0.4087547454033239,0.8270781116260543,0.5280204952328474,2.1182262212562244,1.0373899746116075,0.5
0.21643286573146292,0.25151787271994946,0.06983522915413264,81.59228851353554,-1.054426278446054e-10,0.49763390994715945,-0.020005404702601374,0.9973891846050855,-0.0399823986094066,-0.5001550979984523,0.010003102074036135,1.7618486823404829,1.0540169971820754,0.4722085550729372,0.42532463999242787,0.8268506879752009,0.5278170241213929,2.1143500412393665,1.0397664964477424,0.5
0.21843687374749496,0.25151787271998954,0.06983522915403614,82.34778173684371,-1.0087290309655139e-10,0.4976339095804485,-0.020005404708885805,0.9973891837200464,-0.03998239857710018,-0.5001550975768755,0.010003102037856888,1.7922387854261252,1.0516859526227564,0.4732509204504215,0.4388854859695299,0.8267391560555196,0.5267048013101104,1.7369334300990327,1.0414303591588636,0.5
0.22044088176352702,0.25151787272000503,0.06983522915397064,83.10327496015188,-9.554261100212229e-11,0.4976339092673223,-0.020005404709868096,0.9973891829368619,-0.039982398546652594,-0.5001550972174562,0.010003102007854049,1.7569885328834098,1.0493407058238382,0.4743055585108022,0.449983718527724,0.8267158493447341,0.5260428299255054,1.5369235391361828,1.0351372872976958,0.5
0.2224448897795591,0.2515178727200008,0.0698352291539295,83.85876818346006,-8.966503729677693e-11,0.4976339090178791,-0.020005404707430764,0.9973891822772115,-0.03998239851910948,-0.500155096928768,0.010003101983146407,1.7335833470403097,1.0458738127104534,0.475888583095903,0.4590665416881474,0.8268078155001446,0.526410164325878,1.7681780173903308,1.0259234319459778,0.5
0.22444889779559116,0.2515178727199813,0.06983522915390754,84.61426140676824,-8.324170975744384e-11,0.4976339088394479,-0.0200054047031176,0.9973891817575659,-0.039982398495388136,-0.5001550967169417,0.010003101963095895,1.7724817298869344,1.041727160165711,0.47780186897059523,0.46649994841583675,0.8270561106844114,0.5269286494457311,2.0873809236165695,1.0215149916103452,0.5
0.22645290581162322,0.25151787271994946,0.0698352291539005,85.36975463007643,-7.644284129898596e-11,0.4976339087366422,-0.02000540469822845,0.9973891813891805,-0.039982398476332906,-0.5001550965856086,0.010003101947270835,1.8349322420370118,1.0381783013656969,0.4794414657754302,0.4725834683306628,0.8274625738162135,0.5265834870649891,2.077918143640765,1.023443171906744,0.5
0.2284569138276553,0.25151787271990816,0.069835229153905,86.12524785338472,-6.970408539537553e-11,0.49763390871133045,-0.02000540469380184,0.9973891811780747,-0.039982398462710116,-0.5001550965359058,0.010003101935456575,1.853668570616305,1.0356972949431391,0.4805821126459317,0.47756223727333985,0.8279886776260923,0.5255649070113407,1.7939146379695938,1.024711742565508,0.5
0.23046092184368736,0.25151787271985965,0.06983522915391824,86.88074107669301,-6.329575069198577e-11,0.49763390876268904,-0.02000540469064141,0.9973891811250696,-0.03998239845494338,-0.5001550965664616,0.010003101927363514,1.8240248669528374,1.033339312203016,0.48167132693494713,0.4816368750704766,0.8286075177978388,0.5248978067500302,1.6449279559924805,1.0199585576030115,0.5
0.23246492985971942,0.2515178727198058,0.06983522915393804,87.63623430000128,-5.7178807473940156e-11,0.497633908887239,-0.020005404689412854,0.9973891812257927,-0.039982398453295466,-0.500155096673363,0.010003101922712596,1.8039562111997272,1.0302284230927434,0.483128478831154,0.48497156952386916,0.8293348969440536,0.5250143213974258,1.8189869635760216,1.012880829322064,0.5
0.2344689378757515,0.2515178727180451,0.06983522915468128,88.3917275233247,3.2688051607682277e-10,0.497634059000455,-0.020005410786644473,0.9973894985369758,-0.039982409340826794,-0.5001552402351895,0.010003107220502055,1.8277063222727281,1.0270973314745773,0.4846038729591778,0.4447699498921873,0.8301956801568778,0.5250139425893472,1.9620655076042022,1.0179279912443058,0.10000652193317727
0.23647294589178355,0.2515178727196892,0.06983522915415823,89.14722074662093,2.1402072880506396e-11,0.4976339130313497,-0.020005404852851863,0.9973891908035768,-0.03998239877521984,-0.5001551010799222,0.010003102055163604,1.8142680603783439,1.0268772776209096,0.48469077638553487,0.38216064735542155,0.831127964930826,0.5235470730677025,1.486332037444284,1.032274563041008,0.10000000000001714
0.23847695390781562,0.2515178727197412,0.06983522915410716,89.90271396992705,-3.029472719309635e-11,0.4976339127183417,-0.020005404847218685,0.9973891902395581,-0.03998239875160261,-0.5001551007433116,0.010003102042743663,1.7034803839632258,1.0283334706858427,0.48399352310970223,0.3309210272295184,0.8320265025871889,0.5222125476520089,1.0122542881948864,1.035322752580885,0.09999999999999998
0.24048096192384769,0.25151787271976817,0.0698352291540723,90.65820719323482,-3.826632184773323e-11,0.4976339123352116,-0.020005404850366778,0.9973891894909861,-0.03998239873370034,-0.5001551003269875,0.010003102027283864,1.5818717951386447,1.029246798410621,0.4835524886225131,0.28898638529671433,0.8328732469758532,0.5224674204954483,1.15841974288357,1.031435245027917,0.09999999999999998
0.24248496993987975,0.2515178727197748,0.0698352291540526,91.41370041654294,-3.8450790949460045e-11,0.49763391189628703,-0.020005404849994177,0.9973891886038084,-0.03998239871336811,-0.5001550998598663,0.0100031020128523,1.5514230550969361,1.0295566357381611,0.48339585998534224,0.25466696236368885,0.8336988503239383,0.5235698857240679,1.6493274691985358,1.0318359685732121,0.09999999999999998
0.2444889779559118,0.25151787271976533,0.06983522915404505,92.1691936398511,-3.759605142585244e-11,0.49763391142678004,-0.02000540484420254,0.9973891876305496,-0.03998239868913815,-0.5001550993662686,0.010003101999684419,1.5914732470016622,1.030717735192372,0.4828454090706662,0.2265798549945366,0.8345004105440613,0.5238047325910514,1.7916936330295166,1.0409899158038818,0.09999999999999998
0.24649298597194386,0.2515178727197432,0.06983522915404691,92.92468686315928,-3.6456314357464474e-11,0.49763391094979603,-0.020005404833853196,0.9973891866192323,-0.0399823986617253,-0.5001550988681043,0.010003101987425557,1.597939701828834,1.0336548338966487,0.48148342617549655,0.2035932913246108,0.8352196295442456,0.5228455625550389,1.4214139591175141,1.0515743663004478,0.09999999999999998
0.24849699398797592,0.25151787271971104,0.06983522915405602,93.68018008646744,-3.5050380156268813e-11,0.4976339104855259,-0.020005404820071893,0.9973891856125492,-0.039982398632210085,-0.5001550983848716,0.010003101975850477,1.528111569337804,1.0372589508737193,0.4798264359205358,0.1847810262377746,0.8358015570289142,0.5220384612920559,1.0769582395217345,1.0538574160212824,0.09999999999999998
0.250501002004008,0.25151787271967113,0.06983522915407064,94.43567330977562,-3.347758495878525e-11,0.4976339100514426,-0.020005404803933435,0.9973891846479482,-0.03998239860178557,-0.5001550979335417,0.010003101964930488,1.451290632756739,1.0400348761253273,0.4785483101052795,0.16938501825768154,0.8362529144736454,0.5224274411519505,1.2085737201055746,1.0512946558883636,0.09999999999999998
0.25250501002004005,0.2515178727196253,0.06983522915408948,95.1911665330838,-3.163262372618132e-11,0.497633909662348,-0.02000540478645045,0.9973891837576557,-0.03998239857162296,-0.500155097528534,0.010003101954711272,1.4424645498930662,1.0420749936284315,0.4776064575247082,0.15678488421593745,0.8366107152085922,0.5233824937128639,1.5754680513238128,1.0522945259935343,0.09999999999999998
0.2545090180360721,0.25151787271957476,0.06983522915411139,95.94665975639198,-2.972149336995953e-11,0.4976339093303601,-0.020005404768572772,0.997389182968676,-0.03998239854287617,-0.5001550971817295,0.010003101945317443,1.4807534189831788,1.0445505883146675,0.4764746188062778,0.14647290087095902,0.8368821105533647,0.5236321301327047,1.6527827817961123,1.0596743717277783,0.09999999999999998
0.2565130260521042,0.2515178727195208,0.06983522915413556,96.70215297970016,-2.7701085568696418e-11,0.49763390906493765,-0.020005404751159594,0.9973891823028126,-0.039982398516633995,-0.5001550969024656,0.010003101936933512,1.4874410525094708,1.048083800672218,0.4748806300623783,0.13803354616609506,0.8370325675727198,0.5230311915250042,1.3581744802340643,1.0673469687507828,0.09999999999999998
0.25851703406813625,0.2515178727194645,0.06983522915416136,97.45764620300834,-2.5620702847603016e-11,0.4976339088729157,-0.020005404734963022,0.9973891817766734,-0.03998239849389961,-0.5001550966975065,0.010003101929798924,1.437210439333797,1.0518151553253094,0.47320821163147947,0.13112675574064242,0.8370330217227452,0.5226310383170891,1.1216415624774985,1.0688239439612142,0.09999999999999998
0.2605210420841683,0.25151787271940673,0.06983522915418823,98.21313942631652,-2.348233572041219e-11,0.49763390875852315,-0.020005404720652393,0.9973891814016593,-0.03998239847556495,-0.5001550965710128,0.010003101924158592,1.3866978876970195,1.0547450249156134,0.47189352045720584,0.1254742200137522,0.8368984314559874,0.5231275141591739,1.2487512672474053,1.0671987029722894,0.09999999999999998
0.2625250501002004,0.2515178727193479,0.06983522915421575,98.9686326496247,-2.1289517033331208e-11,0.4976339087233512,-0.02000540470881943,0.9973891811839574,-0.03998239846237101,-0.5001550965245675,0.010003101920217729,1.388085569682825,1.057067031901443,0.47085065976526125,0.1208481696813078,0.8366611351123858,0.5239554814511609,1.5169431663748119,1.0686630818536502,0.09999999999999998
0.26452905811623245,0.25151787271928866,0.06983522915424362,99.72412587293287,-1.910482450809731e-11,0.497633908766347,-0.02000540469991683,0.9973891811245521,-0.03998239845486083,-0.5001550965571923,0.010003101918156895,1.4188999251281311,1.0596897304510837,0.4696831336694599,0.11706219773662492,0.8363276381414704,0.5241972605213822,1.5401359527352694,1.0746285284710346,0.09999999999999998
0.2665330661322645,0.2515178727192292,0.06983522915426886,100.47961909624102,-1.7433478654824216e-11,0.4976339105157825,-0.020005404761965905,0.9973891847990721,-0.039982398566938505,-0.5001550983052192,0.010003101953430876,1.4205866854419262,1.0629695454287034,0.46823918576524026,0.11396374818790586,0.835875029914465,0.5238604720205923,1.30569697275224,1.080058671759497,0.09999999999999998
0.2685370741482966,0.25151787271992443,0.06983522915436975,101.23511231955095,2.4046484426605786e-11,0.49763390990667117,-0.020005404842078633,0.9973891849166889,-0.03998239869561433,-0.5001550998886602,0.010003101977714908,1.3981538161240723,1.0650713480259084,0.4673087231955166,0.1796600353796878,0.8353023607604065,0.5243523248525939,1.4162283426001117,1.0675001231453172,0.4999999962704401
0.27054108216432865,0.25151787272108533,0.06983522915438946,101.99060554285673,-3.6032689968310064e-11,0.49763391040013005,-0.02000540483110673,0.9973891854304151,-0.03998239868447912,-0.5001550998923227,0.01000310197700295,1.4553701513853239,1.0643499439362716,0.4676124017713138,0.2378329175721353,0.8347058214532637,0.525886162269473,1.9997651329911619,1.0565238944378472,0.5
0.2725450901803607,0.251517872721972,0.06983522915442009,102.74609876616393,-5.755815064292854e-11,0.49763391077708224,-0.02000540482816689,0.9973891858293991,-0.039982398678006924,-0.5001550998650961,0.010003101974225043,1.5863630786202765,1.0627488976401414,0.46830920276395543,0.2854417596937758,0.83416380889315,0.5264779909979325,2.2353934143857765,1.056342318389321,0.5
0.2745490981963928,0.25151787272263937,0.06983522915445992,103.50159198947168,-6.487588916738077e-11,0.49763391103895044,-0.020005404825880913,0.9973891861267115,-0.0399823986686803,-0.5001550998063539,0.010003101969965265,1.6752253178054717,1.062029361911256,0.46861652693524336,0.32440496321293005,0.8336706904316007,0.5255646773144986,1.8577392594927915,1.0604975726624228,0.5
0.27655310621242485,0.2515178727231423,0.06983522915450588,104.25708521277967,-6.582724307847729e-11,0.497633912036313,-0.02000540485625604,0.997389188252822,-0.039982398696548224,-0.5001551005771447,0.010003101963336139,1.6646594341792134,1.0614943684472078,0.46884415680822633,0.3562925530123859,0.8331965540614445,0.5246047196387685,1.450958382293622,1.0559950205409003,0.5
0.2785571142284569,0.2515178727235031,0.06983522915455558,105.01257843608784,-6.280303912182271e-11,0.49763391270961854,-0.02000540488026715,0.9973891897255853,-0.039982398719627936,-0.500155101071644,0.010003101960943759,1.6289715604507942,1.0594578104350665,0.4697463896529072,0.3823894416521946,0.8327703268490463,0.5249091770910922,1.5759850856323272,1.0446682590230276,0.5
0.280561122244489,0.2515178727237506,0.06983522915460699,105.7680716593961,-5.706058743194698e-11,0.4976339131070448,-0.020005404897879643,0.9973891906343153,-0.039982398736832986,-0.5001551013279739,0.010003101961252979,1.6604776162092802,1.05589706681171,0.4713473809331367,0.4037472050001992,0.8324595042086536,0.5259007296216442,2.013373934050476,1.0365353729238276,0.5
0.282565130260521,0.25151787272390785,0.06983522915465849,106.52356488270448,-4.998253177956642e-11,0.49763391327310075,-0.020005404909136264,0.9973891910631032,-0.03998239874758987,-0.5001551013827088,0.010003101963199422,1.7461099619068547,1.0522913408543257,0.4729766513717283,0.4212264555546654,0.8322981051118674,0.5261068578556718,2.1621199740828745,1.0368272387094517,0.5
0.28456913827655306,0.25151787272399356,0.06983522915470876,107.27905810601288,-4.2204026863189424e-11,0.49763391324894873,-0.020005404914294977,0.9973891910908709,-0.03998239875155728,-0.5001551012706007,0.01000310196576835,1.7982663231892835,1.0498088373214225,0.4740934787423177,0.43553152088226216,0.8322597770873104,0.5252081966146568,1.8662718706477683,1.0397803412933266,0.5
0.2865731462925851,0.2515178727240228,0.06983522915475703,108.03455132932129,-3.4108673521913384e-11,0.4976339130725037,-0.020005404913809338,0.9973891907913236,-0.0399823987488052,-0.5001551010244343,0.01000310196819375,1.7788045900133354,1.0477617019818355,0.47501465898403133,0.4472388245443045,0.8323072930774109,0.5243387821086124,1.5738825266699354,1.0360566149918686,0.5
0.2885771543086172,0.25151787272398723,0.06983522915482022,108.79004455263023,-1.2530419588348797e-11,0.4976339131394491,-0.02000540502425089,0.9973891913970343,-0.03998239908707583,-0.5001551009875139,0.010003102086471071,1.7453528752611684,1.0448281182933516,0.47635341370834733,0.4568201131225819,0.8324517711178392,0.5244364992566412,1.681108724441191,1.027259848217961,0.5
0.29058116232464926,0.2515178727239534,0.06983522915485475,109.54553777593819,-1.6884268378371617e-11,0.49763391239487165,-0.020005404896576616,0.9973891894792463,-0.03998239872578985,-0.5001551002547342,0.010003101973217741,1.764804025583199,1.0409719110948068,0.47813463446288396,0.4646614652793257,0.8327347754210628,0.5250253515943478,2.0101964690758694,1.0211203687476773,0.5
0.2925851703406813,0.25151787272388093,0.06983522915489149,110.30103099924659,-1.1735636570925582e-11,0.4976339119585738,-0.02000540488228676,0.9973891885876591,-0.03998239870522231,-0.5001550997812582,0.010003101972484968,1.8250483054861917,1.0373154478909477,0.4798304973467953,0.4710788488226332,0.8331726712927304,0.5250033107398099,2.116562696290401,1.021500812350235,0.5
0.2945891783567134,0.2515178727237868,0.06983522915492545,111.05652422255498,-5.8852675863791645e-12,0.4976339114914101,-0.020005404865261794,0.9973891876119166,-0.039982398680913175,-0.5001550992834358,0.010003101970477456,1.8601651356575648,1.0346943352036198,0.48104145941050386,0.4763308526503682,0.8337369614978748,0.5241526607269816,1.8924808188459765,1.0237742995839803,0.5
0.29659318637274545,0.2515178727236762,0.06983522915495656,111.81201744586339,-6.105701839475334e-13,0.4976339110161244,-0.02000540484582419,0.9973891865993527,-0.039982398653602466,-0.5001550987828629,0.010003101967407486,1.8422027542786064,1.0325453768320683,0.4820343569319254,0.4806291066070397,0.8343930327868534,0.5233342352099685,1.6734279560371472,1.0210072187911037,0.5
0.2985971943887775,0.25151787272355325,0.06983522915498484,112.5675106691718,3.8444536436836354e-12,0.4976339105530508,-0.020005404824634396,0.9973891855924522,-0.03998239862430279,-0.500155098298687,0.010003101963448748,1.814337963168324,1.0298348645247575,0.48330226040091595,0.48414680912249813,0.8351441761326579,0.5232525719262806,1.7535641404821507,1.0142888442540035,0.5
0.3006012024048096,0.25151787272373105,0.06983522915503251,113.32300389247968,-4.468954426970898e-12,0.49763389454844503,-0.02000540460061054,0.9973891540206483,-0.039982397879166805,-0.5001550830018191,0.010003101594196038,1.8262525267437162,1.0266017859425351,0.4848300315614851,0.46369463147215123,0.8360179144100395,0.5234816787059405,1.9743065460399953,1.0135837213092682,0.10097072366342905
0.30260521042084165,0.25151787272535325,0.0698352291550863,114.07849711579019,4.7513928224758865e-11,0.4976339080798135,-0.02000540479380614,0.9973891828967434,-0.03998239868631049,-0.5001550995665,0.010003102029799135,1.8320015657295063,1.025681915136545,0.48525110120176984,0.3976486575709676,0.8369851264096733,0.5223866692249893,1.6495009832357954,1.028744927516881,0.10000000000286341
0.3046092184368737,0.2515178727272999,0.06983522915502122,114.83399033909478,-4.163082127995753e-11,0.4976339088476531,-0.020005404782497314,0.9973891834935071,-0.03998239865680106,-0.5001550994616849,0.010003102007089355,1.744327119645456,1.027047445895053,0.4845955419113454,0.343596456147717,0.8379358373955437,0.5208752706887504,1.1043601031508132,1.03524874388456,0.09999999999999998
0.3066132264529058,0.2515178727287664,0.0698352291549918,115.58948356240155,-7.374867185174e-11,0.4976339095426308,-0.020005404785963816,0.9973891841273681,-0.039982398646612155,-0.5001550994444766,0.010003101989376827,1.6150400411453936,1.0283209634903263,0.4839861567896298,0.2993599901709046,0.8388272851965353,0.5207171845796548,1.0750489054215204,1.032310707711107,0.09999999999999998
0.30861723446893785,0.2515178727298488,0.0698352291549909,116.34497678570912,-8.485595594132978e-11,0.4976339101445572,-0.020005404792755827,0.9973891847443794,-0.039982398645601,-0.5001550994783825,0.010003101978470888,1.5568645163601036,1.0288252272128067,0.48373847351793703,0.26315674829373203,0.839684801906757,0.5217646984833271,1.5298328699278079,1.0310030722897459,0.09999999999999998
0.3106212424849699,0.2515178727306255,0.06983522915501067,117.1004700090171,-8.554488460211302e-11,0.49763391064217666,-0.020005404798850455,0.9973891852979831,-0.03998239864769766,-0.5001550995250603,0.010003101972768479,1.5853694592379648,1.029747780642647,0.4832981062564125,0.23352791847027227,0.8405191509709918,0.5223580466057383,1.8062714582633783,1.0380328512976469,0.09999999999999998
0.312625250501002,0.25151787273115916,0.06983522915504467,117.85596323232534,-7.975324381564064e-11,0.4976339110199966,-0.020005404802528222,0.997389185737506,-0.03998239864843698,-0.5001550995462618,0.010003101969960928,1.6080453480328794,1.0323396549224653,0.48209141151395357,0.2092796050267805,0.8412849154738226,0.5216771973041078,1.546721765626924,1.0493593536058716,0.09999999999999998
0.31462925851703405,0.2515178727315003,0.06983522915508773,118.61145645563374,-6.978260438198325e-11,0.4976339112576223,-0.020005404802178325,0.9973891860070556,-0.03998239864335804,-0.5001550995034196,0.010003101967659309,1.5559380263348568,1.0360228504723095,0.48039581655137087,0.18943472055589092,0.841919641758509,0.5207320932073827,1.1415490268407007,1.0541441336449915,0.09999999999999998
0.3166332665330661,0.25151787273169857,0.06983522915513582,119.3669496789423,-5.7541604252347716e-11,0.49763391207920515,-0.02000540482620247,0.9973891877576788,-0.03998239866498866,-0.5001551001280192,0.01000310196268086,1.47286898542719,1.0391733068346654,0.4789469230897032,0.1731936141150499,0.8424132017658899,0.5208254756770782,1.1413271997340184,1.0522176868114896,0.09999999999999998
0.3186372745490982,0.25151787273177756,0.06983522915518592,120.12244290225094,-4.44310722039123e-11,0.49763391281151664,-0.02000540485228184,0.9973891893940501,-0.03998239869181553,-0.5001551007134559,0.010003101961307853,1.4437248025359466,1.0414286779349367,0.4779062108175023,0.15990184923620396,0.8428001379082902,0.5217695848350294,1.4897236225005999,1.0518492492000573,0.09999999999999998
0.32064128256513025,0.25151787273176024,0.06983522915523578,120.87793612555956,-3.1145873095921214e-11,0.4976339132588625,-0.02000540487154978,0.997389190443288,-0.03998239871260936,-0.5001551010475002,0.010003101963016762,1.4752509491385124,1.043784964905422,0.4768256176366468,0.14902383336702313,0.843098910185974,0.5223041909221571,1.6730596713457002,1.057782195117818,0.09999999999999998
0.3226452905811623,0.2515178727316677,0.06983522915528381,121.63342934886819,-1.8272228322931265e-11,0.49763391346611524,-0.020005404884284053,0.9973891909908701,-0.039982398726746124,-0.5001551011677489,0.010003101966447511,1.4954225813005597,1.047146380947892,0.47530481806483527,0.14012123613270808,0.8432841296294685,0.521899706153379,1.45395358599991,1.0661964336340897,0.09999999999999998
0.3246492985971944,0.2515178727315168,0.06983522915532892,122.38892257217681,-6.18152777786096e-12,0.49763391347480346,-0.02000540489079154,0.997389191117086,-0.03998239873390437,-0.5001551011099556,0.010003101970547514,1.4577164500354045,1.051015729566329,0.4735694717354972,0.13283532678405188,0.8433205302411315,0.5213839613381587,1.1622421277472579,1.0694659979869814,0.09999999999999998
0.32665330661322645,0.25151787273132103,0.06983522915537031,123.14441579548544,4.755769022269223e-12,0.4976339133232839,-0.02000540489149688,0.997389190897027,-0.0399823987341455,-0.5001551009078505,0.010003101974562691,1.4011981755292806,1.0542677121798882,0.4721120386104477,0.12687251911799016,0.8432115298591865,0.5216771378743146,1.1931538092609426,1.0681800747741175,0.09999999999999998
0.3286573146292585,0.2515178727310911,0.06983522915540752,123.89990901879406,1.4272650703220343e-11,0.4976339130468245,-0.02000540488690277,0.9973891904005752,-0.039982398727752944,-0.5001551005930431,0.010003101977916233,1.3877504898425543,1.056763539407594,0.47099144788070524,0.1219925414019778,0.8429890071659157,0.5225317799616203,1.45866294792306,1.068542925764183,0.09999999999999998
0.3306613226452906,0.25151787273083576,0.06983522915544026,124.65540224210261,2.2209515346406795e-11,0.4976339126776779,-0.020005404877587885,0.9973891896924056,-0.03998239871521301,-0.5001551001949525,0.010003101980192925,1.4153951555998923,1.0593146164148064,0.46985325758040775,0.11799875460850942,0.8426685235094179,0.5230003223860965,1.5651718441527362,1.0735887921874017,0.09999999999999998
0.33266533066132264,0.25151787273055015,0.06983522915546801,125.41089546541102,2.923474291791149e-11,0.49763391037277566,-0.020005404782274302,0.9973891847139816,-0.03998239857608667,-0.5001550978359574,0.010003101955996662,1.4280918560296747,1.0625178666085198,0.46844050058656356,0.11473022883209988,0.8422330415152618,0.5227941193734356,1.377658121246395,1.079745427684758,0.09999999999999998
0.33466933867735466,0.2515178727305414,0.06983522915563968,126.1663886887248,1.6556778475195768e-10,0.4976339142788528,-0.02000540598524311,0.9973892008029447,-0.0399824018031237,-0.5001551037346363,0.010003103105796704,1.4037033382062887,1.0653410273741835,0.46719818977094424,0.16208180543020764,0.8416671742077328,0.5229226725797407,1.3192278692320745,1.0722616579755524,0.4999991917366369
0.3366733466933867,0.25151787273190296,0.06983522915559048,126.92188191202754,2.6814562022107028e-11,0.49763390894914716,-0.020005404867682663,0.9973891841042767,-0.03998239866418416,-0.5001550985518934,0.010003101964534805,1.4339509959286223,1.065298599237328,0.4672016886325567,0.22344684724533762,0.8410445029811626,0.5243949747281299,1.8534932907938262,1.059434205213666,0.4999999999999984
0.3386773547094188,0.2515178727327575,0.06983522915560725,127.67737513533447,-4.4727282865459525e-12,0.4976339088370413,-0.02000540482874943,0.9973891832678031,-0.039982398608008944,-0.5001550979327701,0.010003101949344593,1.5547759318057475,1.0637714570062642,0.4678633176737847,0.27366816132542027,0.8404609781667838,0.525405078545175,2.2407874950560736,1.056410193654037,0.5
0.34068136272545085,0.2515178727333395,0.06983522915563255,128.43286835864228,-1.50182801049312e-11,0.49763390874096036,-0.020005404796942104,0.9973891825505448,-0.03998239856241941,-0.500155097428916,0.010003101936502026,1.6648043178492986,1.0628406519366462,0.46826298714055525,0.3147694188708547,0.8399314767762223,0.5248321108904865,1.9925047905458175,1.0608753928387495,0.5
0.3426853707414829,0.2515178727337053,0.0698352291556632,129.18836158195023,-1.8413546910483823e-11,0.4976339086755706,-0.020005404768359044,0.9973891819681561,-0.03998239852446974,-0.5001550970383628,0.010003101926999488,1.6773241593861543,1.0624929840093245,0.46840648850447963,0.3484067977957184,0.8394228909360439,0.5237409964397071,1.5201781058423973,1.059186943769787,0.5
0.344689378757515,0.25151787273390014,0.06983522915569637,129.94385480525838,-1.7650574721032163e-11,0.497633908654034,-0.020005404742912,0.9973891815337775,-0.039982398493754054,-0.5001550967580733,0.010003101920546605,1.637331973002078,1.0609820721883407,0.46907030594355364,0.3759357185272672,0.8389463396334683,0.5237248163764352,1.4960552994677783,1.0487480148536383,0.5
0.34669338677354705,0.25151787273396053,0.06983522915572966,130.6993480285668,-1.5374080804308862e-11,0.4976339086852709,-0.02000540472069573,0.997389181255452,-0.039982398470451534,-0.5001550965841516,0.010003101917278594,1.6478008738834695,1.0577644561799022,0.4705098880525525,0.3984654607624481,0.8385662357939284,0.5247075304822993,1.9091220928136081,1.0390322448122467,0.5
0.3486973947895791,0.2515178727339158,0.06983522915576111,131.4548412518752,-1.2628621284112219e-11,0.49763390877452995,-0.02000540470205809,0.9973891811360783,-0.03998239845454527,-0.5001550965112258,0.010003101916907793,1.7265946838132702,1.0540602471575735,0.4721798489437258,0.41690386196726953,0.8383305967306587,0.5252429327479838,2.17378504791935,1.0372403537387294,0.5
0.3507014028056112,0.251517872733789,0.06983522915578941,132.2103344751836,-1.0201846392395799e-11,0.49763390892327075,-0.020005404687454358,0.9973891811732442,-0.03998239844608531,-0.5001550965324035,0.010003101919142372,1.7945719803464801,1.0513202417232927,0.4734120033288734,0.4319938987480436,0.8382269790762448,0.5245898386720608,1.9671076012792095,1.0405784655951749,0.5
0.35270541082164325,0.2515178727335992,0.06983522915581387,132.965827698492,-8.413285634311742e-12,0.4976339091294589,-0.02000540467705866,0.9973891813593925,-0.039982398444910104,-0.5001550966391393,0.010003101923793114,1.7910836071154932,1.0493417332794326,0.4742988473152901,0.44434362514328957,0.838213936350128,0.5236151134462966,1.6211451264288732,1.0389416172467345,0.5
0.3547094188376753,0.2515178727333613,0.06983522915583396,133.72132092180033,-7.590011822499318e-12,0.4976339093879147,-0.02000540467078343,0.9973891816818313,-0.03998239845060117,-0.5001550968208942,0.010003101930708498,1.7532773475656271,1.0467388122069003,0.47547967418029347,0.4544506742017718,0.8382886643563761,0.5234819098955702,1.6195752154382865,1.0307861299584329,0.5
0.3567134268537074,0.2515178727330875,0.0698352291558496,134.47681414510845,-6.965879756515886e-12,0.49763390969045723,-0.02000540466865869,0.9973891821226729,-0.03998239846251561,-0.5001550970649322,0.01000310193942915,1.756724045499348,1.043077692904104,0.4771629758052842,0.4627223101393905,0.8384901773283505,0.5240783510411708,1.933810585350754,1.0233770738413568,0.5
0.35871743486973945,0.25151787273277554,0.06983522915587176,135.2323073684168,-1.147941604104716e-12,0.49763391002927054,-0.020005404668354734,0.9973891826601999,-0.039982398481312964,-0.5001550973542763,0.010003101953159623,1.8119362050078371,1.0392876811275549,0.47891662219737724,0.4694918390779233,0.8388453685492404,0.5243107227791555,2.1268352855329735,1.0221998075352523,0.5
0.3607214428857715,0.2515178727324543,0.06983522915587509,135.98780059172478,-5.91061881253784e-12,0.4976339103803107,-0.020005404672868817,0.9973891832614671,-0.039982398502029406,-0.5001550976771234,0.010003101964306642,1.858724670809438,1.0364297936931832,0.4802358614713032,0.47503203963743806,0.8393357340312383,0.5236467595225646,1.9676834697482064,1.024780251160102,0.5
0.3627254509018036,0.251517872732121,0.06983522915587546,136.74329381503273,-7.10083699352747e-12,0.49763391073454594,-0.02000540468102012,0.9973891838978775,-0.03998239852603559,-0.5001550980107387,0.010003101975659342,1.8524056911400293,1.0342955054741236,0.4812184092869158,0.4795661545689752,0.8399230179484379,0.5227533801525764,1.7086654754622117,1.023571338362678,0.5
0.36472945891783565,0.25151787273178033,0.06983522915587344,137.49878703834068,-7.323758337966968e-12,0.4976339110701997,-0.020005404691067905,0.9973891845292049,-0.03998239855102244,-0.5001550983336677,0.010003101987010876,1.8211584364988105,1.0318062615891248,0.4823761341533142,0.48327688633609545,0.8405997748576318,0.522503335535975,1.7080863301512539,1.0173640546520197,0.5
0.3667334669338677,0.25151787273147935,0.06983522915586629,138.2542802616487,-8.362528849387009e-12,0.4976339105553805,-0.020005404742063235,0.9973891847553655,-0.03998239857366937,-0.5001550979058065,0.010003101981506956,1.8215418974932147,1.0285973443212033,0.4838869272782209,0.4836480455976747,0.8413915969395944,0.5228104051152679,1.945198147861884,1.0118230513428672,0.30486777127319153
0.3687374749498998,0.2515178727334107,0.06983522915589574,139.00977348496232,1.2163898531168536e-10,0.4976339094670469,-0.020005404862519657,0.9973891884666755,-0.03998239898742184,-0.5001551033339575,0.010003102239573486,1.8408220695485238,1.0268340415153308,0.4847092041939891,0.4139785849512835,0.8422960837629706,0.5221457196156088,1.7928275362771622,1.0263917034434498,0.10000000067217543
0.37074148296593185,0.25151787273663,0.06983522915565833,139.76526670826348,-5.4634078551958156e-11,0.4976339107117669,-0.020005404869659977,0.9973891898442152,-0.039982398915736975,-0.5001551031714848,0.010003102166412545,1.7784624700332792,1.0278590746940794,0.4842136665927885,0.3569609123217504,0.8432099476223617,0.5205569477600588,1.2189174907361766,1.0361776994237113,0.09999999999999998
0.3727454909819639,0.25151787273904525,0.06983522915549949,140.52075993156856,-1.2712445590327067e-10,0.49763391159971415,-0.020005404892251725,0.9973891907103034,-0.03998239887824631,-0.5001551028974426,0.010003102107504068,1.647901854790024,1.0293442585410366,0.48350680296206966,0.31029749679038504,0.8440654665670508,0.5199867910727751,1.0174639906385257,1.03471944689803,0.09999999999999998
0.374749498997996,0.2515178727408156,0.06983522915540477,141.27625315487518,-1.5910910097060009e-10,0.4976339121593717,-0.020005404911452678,0.9973891911055315,-0.0399823988494839,-0.5001551025276403,0.010003102062265937,1.563759749410731,1.0300018683257455,0.48318773825760913,0.27210803291677704,0.8448778460351477,0.5208863326089539,1.4018708960177888,1.032031992604725,0.09999999999999998
0.37675350701402804,0.25151787274207177,0.06983522915535877,142.0317463781825,-1.7154920092859034e-10,0.49763391244850036,-0.020005404922271774,0.9973891911053187,-0.03998239882282471,-0.5001551020767803,0.010003102028752294,1.5761708614300187,1.0306750720373505,0.4828638047445583,0.24085367370753083,0.8456686331627229,0.5217760768199554,1.7885709297799253,1.036783212369714,0.09999999999999998
0.3787575150300601,0.25151787274291876,0.06983522915534833,142.78723960149034,-1.7166449191592473e-10,0.4976339125210601,-0.020005404924731855,0.9973891907829904,-0.03998239879596813,-0.5001551015612037,0.01000310200428248,1.6107418144552033,1.0328186023235324,0.48186398564085725,0.21527502267409404,0.8464065232182634,0.5214127114125582,1.656480486611416,1.0481137444131117,0.09999999999999998
0.3807615230460922,0.2515178727434411,0.06983522915536299,143.5427328247985,-1.635719098386214e-10,0.4976339124248239,-0.020005404919783924,0.9973891902067247,-0.03998239876786579,-0.5001551009982969,0.010003101986517965,1.578084862200113,1.0364036890850958,0.4802148774882958,0.19434138636729936,0.8470257200925454,0.5204004124728357,1.2229063464763215,1.0552586706421847,0.09999999999999998
0.38276553106212424,0.2515178727437067,0.06983522915539435,144.2982260481069,-1.5082567906069255e-10,0.4976339122018718,-0.02000540490853638,0.9973891894393812,-0.03998239873814207,-0.5001551004058263,0.010003101973667366,1.4936611011420597,1.0398197467784163,0.47864895196346074,0.1772092425161194,0.8474991899842556,0.5201938937730454,1.0930287458966972,1.0543431869110824,0.09999999999999998
0.38476953907815625,0.25151787274377,0.06983522915543607,145.05371927141528,-1.3526196337293858e-10,0.49763391188924044,-0.020005404892215414,0.997389188538636,-0.039982398706556774,-0.5001550998014185,0.01000310196398594,1.4454628808635912,1.0422620186480953,0.4775256502088998,0.16318825024151956,0.847855577641854,0.5210526520906548,1.3963690257322119,1.052857857835042,0.09999999999999998
0.3867735470941883,0.25151787274367493,0.06983522915548354,145.80921249472374,-1.1805854494512102e-10,0.497633911519442,-0.02000540487197918,0.9973891875570037,-0.03998239867343423,-0.5001550992020688,0.010003101956397684,1.4667156580627763,1.0444877866949043,0.4765047409583856,0.1517134327247094,0.8481225436511408,0.5218237732893567,1.668410841594812,1.0571784766062848,0.09999999999999998
0.3887775551102204,0.25151787274345644,0.06983522915553309,146.56470571803246,-1.009519393381222e-10,0.4976339111208888,-0.020005404848700108,0.9973891865417998,-0.03998239863948305,-0.5001550986236736,0.010003101950531583,1.4972905332466013,1.047594116127396,0.47509848008340677,0.14232241142856147,0.8482850271321127,0.5216437133514994,1.538894522558116,1.0658040853867334,0.09999999999999998
0.39078156312625245,0.2515178727431428,0.06983522915558185,147.320198941341,-8.478700873803819e-11,0.4976339107182471,-0.02000540482332227,0.9973891855351555,-0.03998239860508884,-0.500155098080688,0.010003101945653011,1.4736541227175042,1.051470005113357,0.47336241634833653,0.13463677452362544,0.8483045259700914,0.5210598240542114,1.215831653534268,1.0707798577888592,0.09999999999999998
0.3927855711422845,0.25151787274275667,0.06983522915562812,148.07569216464944,-6.950320503545683e-11,0.49763391033246784,-0.020005404797077547,0.9973891845739539,-0.039982398571124525,-0.5001550975860369,0.01000310194125893,1.4147728338010466,1.0549627444763936,0.4718020260583344,0.12834682875822767,0.8481727366787888,0.5211385558186377,1.1504833575741833,1.070101583725779,0.09999999999999998
0.3947895791583166,0.25151787274231585,0.06983522915567084,148.83118538795785,-5.517239609103119e-11,0.4976339099810246,-0.020005404770865275,0.9973891836899056,-0.039982398538516824,-0.5001550971509515,0.010003101937268217,1.3871756463422866,1.05760972564257,0.4706168983611054,0.1231991203482434,0.8479185865957763,0.5219598006049894,1.3927674538510713,1.0695347777763038,0.09999999999999998
0.39679358717434865,0.2515178727418348,0.06983522915570936,149.58667861126625,-4.205104693684202e-11,0.4976339096782646,-0.02000540474540333,0.9973891829095622,-0.03998239850822745,-0.5001550967846286,0.010003101933850685,1.408903158030825,1.0600725227487842,0.46951829598038913,0.11898622203996362,0.8475652644360975,0.5226193751019725,1.5712204723993661,1.0734882246686024,0.09999999999999998
0.3987975951903807,0.2515178727413249,0.06983522915574314,150.34217183457466,-3.041431666302218e-11,0.49763390943543667,-0.020005404721441952,0.9973891822542338,-0.03998239848121681,-0.5001550964941195,0.010003101931174643,1.4305633330160046,1.0631269859032746,0.4681711813342395,0.11553837481507369,0.8471027332255164,0.5225642705962095,1.4428905715332405,1.0799957460228646,0.09999999999999998
0.4008016032064128,0.2515178727619475,0.06983522915621547,151.09766505783304,-1.2699454039896339e-9,0.49763421223445026,-0.020005424908544817,0.997389965253516,-0.03998239145545691,-0.5001554505064988,0.010003078352373768,1.410870563244837,1.0663853920292272,0.46674427154525283,0.14352544486272087,0.8465083065468132,0.5224230206868151,1.2621035159560003,1.0778293965541887,0.49984745762195454
0.40280561122244485,0.25151787273980647,0.06983522915659049,151.85315828120295,2.375466105491712e-10,0.4976339126070426,-0.0200054046750298,0.997389189622459,-0.039982398810405315,-0.5001551001886586,0.010003102277067364,1.416078055074232,1.0670849838835772,0.46642368531961054,0.20826027418386203,0.8458275115283906,0.523687313518994,1.69120554374713,1.0636946457761116,0.49999999999865735
0.4048096192384769,0.25151787273957305,0.06983522915628115,152.60865150450178,-2.2985156890840724e-12,0.4976339121498652,-0.020005404628908357,0.9973891886834253,-0.03998239871939472,-0.5001550996863752,0.010003102239131102,1.5194450190729785,1.065724537273821,0.4670085467132927,0.2612394293802881,0.8451668527740056,0.5250345494451245,2.1998068130105746,1.0576349139096968,0.5
0.406813627254509,0.25151787273927406,0.06983522915602547,153.3641447278083,-4.233305321583679e-11,0.49763391172181237,-0.02000540464398914,0.9973891877180411,-0.03998239867685421,-0.5001550991563817,0.010003102187129546,1.6450469434147645,1.0645249629190843,0.4675252745707174,0.3045977114595985,0.844564124866517,0.5248712956742717,2.1121125434872976,1.0613500203350534,0.5
0.40881763527054105,0.25151787273892234,0.06983522915582376,154.1196379511162,-4.7372897600813066e-11,0.4976339112760164,-0.020005404663249557,0.9973891867119548,-0.03998239864493147,-0.5001550986297035,0.010003102140836799,1.68427268786394,1.0641879018421412,0.4676630392847869,0.34008224528985737,0.843989666506446,0.5237458195995922,1.6197642168773771,1.0623248059077035,0.5
0.4108216432865731,0.25151787273851317,0.06983522915568237,154.8751311744247,-3.622208830272913e-11,0.49763391109716665,-0.02000540476482176,0.9973891865504346,-0.03998239889019993,-0.5001550983416398,0.010003102194677678,1.6470413274619509,1.063124716011282,0.4681246792781739,0.36912288252834025,0.8434369314152969,0.5233862111751899,1.4424659966577715,1.053404119499922,0.5
0.4128256513026052,0.2515178727380992,0.06983522915555156,155.6306243977324,-4.760284091596606e-11,0.49763391041095295,-0.020005404675816442,0.9973891847358622,-0.03998239858185968,-0.5001550976529138,0.010003102072857997,1.637335957037967,1.060286458888831,0.46938621127953967,0.3928898175894269,0.8429622840439969,0.5242490383601238,1.7908777238595979,1.042509880683996,0.5
0.41482965931863724,0.2515178727376581,0.06983522915545243,156.38611762104034,-5.001580241990754e-11,0.4976339100265585,-0.02000540467427357,0.9973891838375473,-0.039982398549961114,-0.5001550972335984,0.010003102045065201,1.7038485348633692,1.0565349868616374,0.47107080280183283,0.4123407407065324,0.8426249572064705,0.5250566758474304,2.151786639305516,1.0384098615082984,0.5
0.4168336673346693,0.2515178727372036,0.0698352291553754,157.1416108443483,-5.071460553127842e-11,0.49763390969469184,-0.0200054046696165,0.9973891830381657,-0.03998239852016942,-0.500155096874985,0.010003102021506317,1.7838383270311606,1.0534744631431823,0.4724449650499495,0.4282594281239471,0.8424285389478602,0.524699506774202,2.0581819640615873,1.0413749276018627,0.5
0.4188376753507014,0.25151787273674087,0.06983522915531593,157.89710406765624,-5.107318674939695e-11,0.4976339094254168,-0.02000540466293391,0.9973891823597285,-0.03998239849316537,-0.5001550965860211,0.010003102001732003,1.7991299343024758,1.0514237461991705,0.4733610042489557,0.44128732441286395,0.8423320297216108,0.5236843760853729,1.690487110836747,1.0417261126267565,0.5
0.42084168336673344,0.2515178727362742,0.06983522915527024,158.6525972909642,-5.120229361099775e-11,0.4976339092264674,-0.02000540465534905,0.9973891818194279,-0.03998239846980497,-0.5001550963731559,0.010003101985461645,1.7620164126081743,1.0490836286265282,0.47441531804454856,0.4519493895231522,0.8423186088608636,0.5232973623138998,1.5763148637849689,1.0346697784239538,0.5
0.4228456913827655,0.2515178727358068,0.06983522915523532,159.40809051427215,-5.117136055491043e-11,0.4976339091029403,-0.020005404647928136,0.9973891814292506,-0.0399823984509596,-0.5001550962402677,0.010003101972520492,1.7499662136810203,1.0456372587754816,0.47599057263207284,0.4606752520795483,0.8424210293145763,0.5238165864891148,1.8465706892957796,1.026294571817682,0.5
0.4248496993987976,0.2515178727353411,0.06983522915520882,160.1635837375801,-5.1100028581173725e-11,0.4976339090571317,-0.020005404641673094,0.9973891811959097,-0.0399823984373676,-0.5001550961887594,0.01000310196269607,1.7961602765171352,1.0417423308453213,0.4777861090797697,0.4678165212957422,0.842674602986426,0.5242591734074202,2.1124023932316245,1.023364411134534,0.5
0.42685370741482964,0.2515178727348792,0.06983522915518886,160.91907696088802,-5.1222833315011146e-11,0.497633909088524,-0.020005404637325388,0.9973891811209079,-0.03998239842950878,-0.5001550962176363,0.010003101955813335,1.851884700612276,1.038592071073525,0.4792378412408631,0.47366095509109385,0.8430724807399638,0.5238155910509175,2.0356486206945106,1.025703721521771,0.5
0.4288577154308617,0.2515178727344228,0.06983522915517401,161.67457018419597,-5.152895523739469e-11,0.49763390919396083,-0.020005404635365598,0.9973891812006002,-0.039982398427736224,-0.5001550963233912,0.010003101951865004,1.8592545591236083,1.0363617569497598,0.48026124800912745,0.47844405531518563,0.8435761085616844,0.5228911148735401,1.7596419710677849,1.0259668599738083,0.5
0.4308617234468938,0.2515178727339733,0.06983522915516308,162.43006340750392,-5.184183266004911e-11,0.49763390936776275,-0.02000540463609428,0.9973891814261501,-0.03998239843213358,-0.5001550964998466,0.010003101950788313,1.8283098057770784,1.0340353367872421,0.48133640709249764,0.4823585573105584,0.8441672490345385,0.5224527977062753,1.67586025631131,1.0206041249697473,0.5
0.43286573146292584,0.251517872733528,0.06983522915515411,163.18555663081187,-5.232297021277259e-11,0.4976339111504401,-0.02000540471042583,0.9973891851278079,-0.03998239857246876,-0.5001550982856335,0.010003101997223169,1.8170227252517022,1.0309603022438028,0.48277619585184933,0.4855621961959906,0.8448664380392291,0.5227037410656101,1.8802370941191657,1.0141801840422826,0.5
0.4348697394789579,0.2515178727290326,0.06983522915611164,163.94104985414862,6.600083360517077e-10,0.4976340144315454,-0.020005410109746977,0.9973894052228364,-0.039982413688047495,-0.5001551884501935,0.010003111436832465,1.841286671371465,1.0284221287654165,0.4839655453898876,0.43121745301648706,0.8456894291992421,0.5224816705335027,1.905675439167962,1.0236157551190765,0.10000017024530798
0.4368737474949899,0.25151787273267434,0.06983522915532024,164.6965430774307,3.5400099952525964e-12,0.49763391332574536,-0.020005404790907094,0.9973891907961808,-0.03998239875002824,-0.500155100778023,0.010003102092005911,1.806119467283806,1.0288833947720621,0.4837342558263141,0.37106924797585195,0.8465533171762958,0.5209516240539802,1.364190018268345,1.0362671261010281,0.10000000000000031
0.438877755511022,0.2515178727323688,0.06983522915522633,165.4520363007368,-4.606436979028142e-11,0.49763391300770254,-0.020005404789600317,0.9973891902363808,-0.039982398728597185,-0.5001551004505701,0.010003102077414307,1.6832436642213209,1.0304623761646625,0.48298490931840204,0.3218437963606907,0.8473673977851551,0.5199803677435332,1.0018526245735955,1.0371114476005314,0.09999999999999998
0.44088176352705405,0.25151787273204934,0.06983522915515054,166.20752952404436,-5.801401317409881e-11,0.4976339126157753,-0.020005404795303314,0.9973891894883093,-0.03998239871206091,-0.5001551000435382,0.010003102060749827,1.5763356086100904,1.031312500601496,0.48257656372722263,0.2815575553153786,0.8481303959666908,0.5206016370141219,1.2689755250979082,1.0335962132659091,0.09999999999999998
0.4428857715430861,0.2515178727317203,0.06983522915509117,166.9630227473523,-6.421677149050569e-11,0.49763391216818487,-0.020005404796752224,0.9973891886012187,-0.03998239869264623,-0.5001550995851727,0.010003102045410758,1.5666136258128376,1.0318137398114353,0.4823327526036154,0.24858718807028912,0.8488705871698784,0.5216883121127951,1.7294840899725523,1.0359704640263276,0.09999999999999998
0.4448897795591182,0.2515178727313855,0.06983522915504499,167.71851597066026,-6.999496136444173e-11,0.4976339116903879,-0.020005404792552726,0.9973891876280176,-0.03998239866914157,-0.5001550990999255,0.010003102031374103,1.6066711498571347,1.0334716812018492,0.48155710150798753,0.22160415147843282,0.8495722923380591,0.5216843474935463,1.7449128360753559,1.0464276206554028,0.09999999999999998
0.44689378757515025,0.25151787273104775,0.06983522915500921,168.47400919396821,-7.556542255484553e-11,0.4976339112054868,-0.020005404783615614,0.9973891866167797,-0.039982398642381914,-0.5001550986097609,0.01000310201835526,1.5952575375053974,1.036804073438545,0.480024230089082,0.19952116228076827,0.8501720133872227,0.5207010805708564,1.3283992733232695,1.0556789109956712,0.09999999999999998
0.4488977955911823,0.25151787273070947,0.06983522915498155,169.22950241727617,-8.105562308449626e-11,0.497633910733725,-0.020005404771146366,0.99738918561019,-0.03998239861352769,-0.5001550981341162,0.010003102006128512,1.5161811897111812,1.0404081130461558,0.4783765741695062,0.18144838495478058,0.8506266260349613,0.5201935426833846,1.0747457946255485,1.0563623589405244,0.09999999999999998
0.4509018036072144,0.25151787273037235,0.0698352291549602,169.98499564058412,-8.686315991581699e-11,0.49763391029248616,-0.0200054047563245,0.9973891846456506,-0.03998239858375682,-0.5001550976900063,0.010003101994544905,1.4509365669690129,1.0430725682127442,0.4771554144535122,0.16665757573276652,0.8509543322543749,0.5208653785367928,1.2967139947544741,1.0541624872647024,0.09999999999999998
0.45290581162324645,0.25151787273003773,0.06983522915494382,170.74048886389207,-9.253423549783062e-11,0.4976339098964408,-0.020005404740128654,0.9973891837553746,-0.03998239855419706,-0.5001550972919695,0.010003101983640383,1.4571758035117228,1.0452224804251296,0.4761697463017422,0.15455273797065228,0.8511891758960678,0.5218025510375103,1.6324204081826408,1.0567242710084592,0.09999999999999998
0.4549098196392785,0.25151787272970677,0.06983522915493139,171.4959820872,-9.797811918877212e-11,0.4976339095577094,-0.020005404723408317,0.9973891829664293,-0.03998239852597397,-0.5001550969519468,0.010003101973613374,1.4937526536499421,1.0480366342480651,0.4748944349505535,0.1446461064234763,0.8513279771889376,0.5218816321255587,1.6106409498196896,1.0649316154468098,0.09999999999999998
0.4569138276553106,0.2515178727293805,0.06983522915492196,172.25147531050783,-1.0343231840461229e-10,0.49763390928588475,-0.020005404707107405,0.9973891823006372,-0.039982398500182904,-0.5001550966791594,0.010003101964566712,1.4860578389421961,1.0518088238454335,0.4732057078879363,0.13653849271231508,0.8513329911953297,0.5212948203284944,1.28907355011849,1.0714971379315386,0.09999999999999998
0.45891783567134264,0.25151787272905946,0.0698352291549149,173.00696853381575,-1.086602728801015e-10,0.49763390908773436,-0.020005404692112903,0.9973891817745444,-0.03998239847797985,-0.5001550964803789,0.010003101956761278,1.4297292627849059,1.0554935127564284,0.4715638868252657,0.1299032000019326,0.8511843490501457,0.5211467254573241,1.1281612361505433,1.0718567505996794,0.09999999999999998
0.4609218436873747,0.25151787272873244,0.0698352291549206,173.7624617571238,-1.0828871199637733e-10,0.49763390897101134,-0.020005404676843738,0.9973891814010617,-0.039982398461417164,-0.5001550963577037,0.010003101953817286,1.3889296399419908,1.0583219072845163,0.47030133496463367,0.12447285873001712,0.8509047107202304,0.5218549043743995,1.3191114914009765,1.0706299473850416,0.09999999999999998
0.4629258517034068,0.25151787272842124,0.06983522915491314,174.5179549804313,-1.1687676442387217e-10,0.4976339089275151,-0.02000540466551159,0.9973891811816481,-0.03998239844741729,-0.5001550963179197,0.010003101948596816,1.4009785894950924,1.0607306164310863,0.4692273647056953,0.12002865293283305,0.8505230931193914,0.5226585370672191,1.553936408444001,1.0733149659572339,0.09999999999999998
0.46492985971943884,0.25151787272811715,0.06983522915490784,175.27344820373918,-1.210556089105818e-10,0.49763390896458853,-0.02000540465827684,0.9973891811222876,-0.03998239844001058,-0.5001550963565187,0.010003101944978166,1.428784830726383,1.0635982947326605,0.46796195490189263,0.11639150304137362,0.850037994534915,0.5227840059731298,1.5013362087643014,1.0797320682121163,0.09999999999999998
0.4669338677354709,0.25151787272785675,0.06983522915490288,176.0289414270469,-1.267764168860547e-10,0.4976339072621627,-0.0200054046200234,0.9973891777004199,-0.03998239832085595,-0.5001550947469245,0.010003101888949515,1.419227591060407,1.0670062133015707,0.46647305624519164,0.12396187709111918,0.8494251617192135,0.5225064115003126,1.2623090453246006,1.082889325450448,0.4724548681719225
0.468937875751503,0.25151787272862236,0.0698352291549856,176.78443465035596,-1.0187220936380523e-10,0.49763391031629134,-0.02000540482108694,0.9973891854522589,-0.03998239870380668,-0.5001550999973038,0.010003102006082593,1.4050836367448556,1.0685245463126962,0.46579904262761984,0.19224939609352937,0.8487021761557737,0.52341704935975,1.5306542767977822,1.068306964284904,0.49999999993018396
0.47094188376753504,0.25151787272959725,0.0698352291549823,177.5399278736615,-1.6033519664798013e-10,0.4976339107356142,-0.020005404809636834,0.9973891858384725,-0.03998239868648468,-0.5001550999145165,0.01000310200114008,1.4844841142224892,1.0674868185562927,0.46623948700519874,0.2481360839970537,0.8479751541599194,0.5249693325652511,2.109574357060049,1.0593453281623024,0.5
0.4729458917835671,0.25151787273029413,0.06983522915499206,178.29542109696845,-1.821432154526157e-10,0.4976339110560218,-0.0200054048059191,0.9973891861725646,-0.03998239867189412,-0.5001550998283926,0.01000310199297178,1.6173113997076929,1.0660537726994892,0.46685742659745655,0.2938738986078503,0.8473053820180328,0.5252562790960756,2.201290796226128,1.061255969344723,0.5
0.4749498997995992,0.2515178727307795,0.06983522915501243,179.05091432027592,-1.9075159492142178e-10,0.49763391208175356,-0.020005404836134912,0.9973891882859627,-0.03998239869611884,-0.5001551005590246,0.010003101982929911,1.6846165041111634,1.0655788252335094,0.46705499161881514,0.33130584821429676,0.846674000663739,0.5242212821351504,1.7460276628864329,1.0643659959457463,0.5
0.47695390781563124,0.2515178727310861,0.06983522915504044,179.80640754358367,-1.9238525155693383e-10,0.49763391277656044,-0.020005404860452818,0.9973891897476436,-0.03998239871652435,-0.5001551010218186,0.010003101977609946,1.6584451086473346,1.0648759634872724,0.4673553835331546,0.3619402557249874,0.8460595514726211,0.52353502617208,1.4282859746593772,1.0576429512942314,0.5
0.4789579158316633,0.251517872731251,0.06983522915507322,180.5619007668916,-1.9021850367464032e-10,0.4976339131900936,-0.02000540487821806,0.9973891906468558,-0.03998239873162652,-0.500155101253356,0.010003101975707897,1.6318862953368645,1.0624758048808849,0.468415132293759,0.3870115366332238,0.8455052434964593,0.5241634071768249,1.6699433852687855,1.0461836994767761,0.5
0.48096192384769537,0.2515178727313038,0.0698352291551085,181.31739399019955,-1.8512284573261997e-10,0.4976339133681795,-0.02000540488958543,0.9973891910676699,-0.03998239874062798,-0.5001551012888705,0.010003101975821965,1.6809170143593377,1.0587869500905582,0.4700648640672064,0.40752993987498404,0.845077292734254,0.525151728151493,2.093163440820102,1.0397786718926387,0.5
0.48296593186372744,0.25151787273125736,0.06983522915515579,182.07288721350784,-1.7188105629742878e-10,0.49763391335718227,-0.020005404893043248,0.9973891910909372,-0.039982398745032406,-0.5001551011597115,0.01000310198039486,1.7671235300697392,1.0554139274174892,0.4715772831754266,0.42432225587712996,0.844796288631663,0.5251255717671561,2.129463984962712,1.041581336067838,0.5
0.4849699398797595,0.2515178727311512,0.06983522915518736,182.8283804368158,-1.6906635250009606e-10,0.49763391318403266,-0.020005404891917215,0.9973891907837713,-0.03998239873997435,-0.5001551009034431,0.010003101981326395,1.802623079552867,1.0531752375592833,0.4725757389515472,0.4380651321327777,0.8446270943361875,0.5241577048462522,1.780651049951173,1.0435891144303273,0.5
0.48697394789579157,0.25151787273099263,0.0698352291552183,183.58387366012388,-1.614400920278195e-10,0.49763391289397524,-0.02000540488689605,0.997389190221193,-0.03998239872975917,-0.5001551005464555,0.01000310198142594,1.7722225931853601,1.0510322977135207,0.47353543805081216,0.4493123387571219,0.8445404812984896,0.5235211278095645,1.5608726937056425,1.0381350872783839,0.5
0.4889779559118236,0.2515178727307935,0.06983522915524801,184.3393668834321,-1.5316959362840786e-10,0.49763391251687705,-0.020005404877473425,0.997389189464371,-0.039982398714299136,-0.5001551001171679,0.010003101980940171,1.7468169704047043,1.0478454562336834,0.47498380790776507,0.45851708269115515,0.8445590758998087,0.5238750162845477,1.7560126037033295,1.0292619660220117,0.5
0.49098196392785565,0.25151787273056375,0.06983522915527578,185.09486010674033,-1.4542008046963494e-10,0.4976339120817492,-0.020005404864008782,0.9973891885711245,-0.039982398694034894,-0.5001550996413876,0.010003101979674255,1.7800444366439312,1.0439252640898968,0.4767843743159543,0.4660502697055684,0.8447234408884461,0.5244608543630933,2.0708997010625434,1.0245406734173483,0.5
0.4929859719438877,0.25151787273031095,0.06983522915530121,185.85035333004842,-1.382086974808096e-10,0.49763391161476833,-0.020005404847304963,0.9973891875942428,-0.03998239866965513,-0.5001550991427238,0.01000310197726802,1.840549563988625,1.0404825521066712,0.4783687233189875,0.4722154500735085,0.8450393208340973,0.524263627264667,2.0897190433806547,1.0260581510963511,0.5
0.4949899799599198,0.25151787273004184,0.06983522915532432,186.6058465533565,-1.314081573322833e-10,0.4976339111391886,-0.02000540482814949,0.99738918658134,-0.03998239864223749,-0.5001550986425349,0.01000310197379995,1.862759875248894,1.0380687503125439,0.47947453427671094,0.47726105014907433,0.8454718397414505,0.52337010177511,1.8260810439722,1.0275593021958032,0.5
0.49699398797595185,0.25151787272976095,0.06983522915534505,187.36133977666458,-1.2491070974936915e-10,0.4976339106755574,-0.02000540480724362,0.9973891855748588,-0.039982398612856095,-0.5001550981597125,0.010003101969463326,1.836523316562787,1.035854726670266,0.48049230075708627,0.48139038272382045,0.8459930642338491,0.5227434431942664,1.6638476606405572,1.0234111290337125,0.5
0.4989979959919839,0.2515178727294725,0.06983522915536332,188.11683299997267,-1.1887672271890884e-10,0.4976339102416373,-0.020005404785368917,0.9973891846119823,-0.039982398582739304,-0.5001550977106736,0.01000310196456215,1.8151048405491308,1.0329474768437996,0.48184641382531673,0.4847698395292498,0.846615590311152,0.5228700403007371,1.81233226184314,1.016605598927954,0.5
0.501002004008016,0.251517872735601,0.06983522915648137,188.8723262232758,-2.3690458876776936e-10,0.49763367373151446,-0.02000540210907496,0.9973887065376733,-0.03998238717394191,-0.5001548749629684,0.010003095040778488,1.8359108192884337,1.0298845975592112,0.4832827956039056,0.4494057919411026,0.847364745572818,0.522985260196625,1.97241779966333,1.0203377506951448,0.10001451961964579
0.503006012024048,0.25151787272895676,0.06983522915554302,189.62781944659338,-8.614036037869534e-12,0.49763390890477627,-0.020005404673927064,0.9973891818214562,-0.03998239851882194,-0.5001550967006374,0.010003102015308215,1.8262033714289594,1.0296061142206336,0.4833984552434233,0.38595463346722036,0.8481867216423141,0.5216602732284468,1.526277384853114,1.0349650915163455,0.1000000000000653
0.5050100200400801,0.2515178727288652,0.06983522915547147,190.3833126698989,-7.230889374450369e-11,0.4976339088080128,-0.02000540464725901,0.9973891814204984,-0.03998239847952647,-0.5001550965306591,0.01000310200155623,1.719645401409882,1.0311327200777436,0.48267374242604394,0.3340260355943255,0.848974977407877,0.5203545804352714,1.0361372131544893,1.0388118648756053,0.09999999999999998
0.5070140280561122,0.25151787272873066,0.06983522915541328,191.13880589320647,-8.4734874171714e-11,0.49763390879860137,-0.020005404640103055,0.9973891811916056,-0.03998239845919246,-0.5001550964471912,0.010003101985949347,1.5960836104695333,1.0322080559108247,0.48216108110211797,0.29152753243397034,0.8497063594615031,0.5205925288533438,1.1481059052970959,1.035209013408133,0.09999999999999998
0.5090180360721442,0.25151787272856246,0.06983522915536876,191.8942991165143,-8.625937409099755e-11,0.49763390886073666,-0.020005404638297235,0.9973891811215424,-0.03998239844823076,-0.5001550964501597,0.010003101973413227,1.5600245786318303,1.032648031271569,0.4819455316135932,0.2567466439668327,0.8504104103702922,0.5217471510544164,1.6331042129063353,1.0353634538254812,0.09999999999999998
0.5110220440881763,0.25151787272836895,0.0698352291553358,192.64979233982234,-8.473513972858221e-11,0.4976339089916841,-0.020005404639046737,0.997389181205735,-0.03998239844431144,-0.5001550965347232,0.010003101964593095,1.5976558350988526,1.0338526513157718,0.48137881587898607,0.22828187197239339,0.851086931619803,0.5221103015564906,1.8002190569819303,1.0441805883667048,0.09999999999999998
0.5130260521042084,0.2515178727281568,0.06983522915531196,193.40528556313063,-8.249043231576103e-11,0.49763390918669037,-0.02000540464195412,0.9973891814353432,-0.039982398447137704,-0.5001550966937703,0.010003101959755385,1.606705312125819,1.0368090089224522,0.4800167774561775,0.20498622656466534,0.8516802440022563,0.5212640668677582,1.4488373125060425,1.054967073198579,0.09999999999999998
0.5150300601202404,0.25151787272793114,0.06983522915529507,194.16077878643893,-7.978733306810897e-11,0.49763390943817587,-0.020005404647173302,0.9973891817962282,-0.03998239845625377,-0.5001550969177129,0.010003101958478679,1.5396404145571527,1.0405060335507577,0.4783286986934124,0.18592100815823803,0.8521341796087348,0.5204962844319488,1.093322726543989,1.0577636202593748,0.09999999999999998
0.5170340681362725,0.2515178727276962,0.06983522915528352,194.91627200974722,-7.676330976631454e-11,0.4976339097356219,-0.020005404654900475,0.9973891822689438,-0.03998239847112487,-0.5001550971945945,0.010003101960254283,1.4615362338066595,1.0434265854587044,0.47699398168673673,0.1703179825058739,0.8524525286672746,0.520896328659987,1.2030813696328595,1.0553979604602877,0.09999999999999998
0.5190380761523046,0.25151787272745524,0.06983522915527607,195.67176523305548,-7.366734061212515e-11,0.49763391006566315,-0.020005404664975118,0.9973891828288601,-0.03998239849080729,-0.5001550975101176,0.010003101964554421,1.4491825797912112,1.0455854533761955,0.4760048497216779,0.15754842464827715,0.852671825888969,0.5219070519251201,1.5669657703467232,1.0562480875632891,0.09999999999999998
0.5210420841683366,0.25151787272721116,0.06983522915527174,196.42725845636377,-7.043157305270861e-11,0.49763391041231764,-0.020005404676949615,0.997389183446202,-0.0399823985140959,-0.5001550978474549,0.010003101970912129,1.4860712732032695,1.0481212540535692,0.47485344636981325,0.14709778439992388,0.8528011466497969,0.5222587701997757,1.6601705951806092,1.0634440246398618,0.09999999999999998
0.5230460921843687,0.25151787272696635,0.06983522915526971,197.18275167967207,-6.700857412510886e-11,0.4976339107570131,-0.020005404690169225,0.9973891840859955,-0.03998239853935702,-0.5001550981871647,0.010003101978671103,1.4944145295975328,1.0516991379277993,0.4732503012003855,0.13854495251501717,0.8528076701427346,0.5217478430159624,1.3764955195003261,1.0712676002655872,0.09999999999999998
0.5250501002004008,0.25151787272672227,0.06983522915526932,197.93824490298036,-6.363561512934589e-11,0.4976339110784253,-0.020005404703845105,0.9973891847080194,-0.03998239856455538,-0.500155098507304,0.010003101986941498,1.4457711081071114,1.0555168969469808,0.47155144031918,0.13154529206234056,0.8526616501748644,0.5213920282570988,1.1323576429005924,1.0730642077376549,0.09999999999999998
0.5270541082164328,0.25151787272735315,0.06983522915532166,198.69373812628723,-9.518706536585172e-11,0.49763388038651096,-0.020005404658011965,0.9973891269284452,-0.03998239739884908,-0.5001550698435998,0.010003101211215885,1.3943392556385679,1.0585603926738512,0.4701961116372384,0.12581675125355418,0.8523764244830646,0.5219173028807003,1.2464000384226397,1.0715657972193713,0.09999999999999998
0.5290581162324649,0.2515178727262283,0.06983522915528076,199.44923134959691,-5.4614434456106646e-11,0.49763391155433045,-0.02000540472492336,0.9973891857122313,-0.03998239860475575,-0.5001550989872032,0.0100031020042332,1.3935774381538197,1.0609767533457,0.4691191373787125,0.1211284981655866,0.8519841946747291,0.5228015651966295,1.5134894838759425,1.0729461166129577,0.09999999999999998
0.531062124248497,0.25151787272599163,0.06983522915527932,200.20472457290512,-5.317356983861619e-11,0.4976339116501496,-0.020005404731740152,0.9973891859874613,-0.03998239861180429,-0.5001550990925945,0.01000310200679673,1.4236024555859668,1.0636568651985676,0.46793473363555366,0.11729161931672288,0.8514927443691348,0.5231256658161665,1.546206575213172,1.0788225894555297,0.09999999999999998
0.533066132264529,0.2515178727257903,0.0698352291552766,200.96021779621333,-5.096904076495681e-11,0.4976339098683459,-0.02000540470271768,0.9973891831779269,-0.039982398504814456,-0.5001550973784288,0.010003101957869135,1.4262297084607394,1.0669848668812612,0.46648029609307795,0.11415150742129254,0.8508802083141184,0.5228622274694509,1.3174879170629956,1.0843593105493634,0.09999999999999998
0.5350701402805611,0.25151787272621584,0.06983522915537414,201.71571101952387,8.161573524040048e-12,0.4976339078198062,-0.02000540478161767,0.9973891811967196,-0.03998239857322959,-0.5001550976049922,0.010003101946243386,1.4015503180111264,1.0693149423708317,0.4654584814279378,0.17536106894877712,0.8501424453654023,0.5233301221947659,1.392134323088068,1.0729056742982548,0.49999998543536583
0.5370741482965932,0.25151787272722814,0.06983522915537668,202.4712042428292,-6.146760040181105e-11,0.49763390818360165,-0.020005404745724042,0.9973891812935448,-0.039982398524361404,-0.5001550974750973,0.010003101935824429,1.453250095871945,1.0687659798999565,0.4656834350224431,0.23431463196628446,0.8493719274894359,0.5249292642678827,1.9781756332386329,1.061454823337851,0.49999999999999994
0.5390781563126252,0.2515178727279645,0.06983522915538866,203.2266974661363,-8.419339133797163e-11,0.4976339085873183,-0.020005404730792403,0.9973891815650808,-0.039982398508672294,-0.5001550974641562,0.010003101930300216,1.583779165450496,1.0672045213733663,0.4663563118168494,0.2825623853593821,0.8486517501652134,0.5256623746549381,2.247608306463494,1.060766517291227,0.5
0.5410821643286573,0.25151787272848003,0.06983522915540928,203.98219068944405,-8.98652558260163e-11,0.49763390900800303,-0.02000540472412175,0.9973891819639047,-0.03998239850541786,-0.5001550975525898,0.010003101928531153,1.6773776105134237,1.0664863925143777,0.4666599949752898,0.32204847556892974,0.8479801619306425,0.5248471586209648,1.8856540618492752,1.0651206554043173,0.5
0.5430861723446894,0.25151787272882015,0.06983522915543607,204.73768391275212,-8.825838912733795e-11,0.4976339094398453,-0.020005404722280403,0.9973891824671076,-0.03998239851103065,-0.5001550977203008,0.010003101930665182,1.66997400871113,1.0660303111713567,0.46685061043120324,0.3543639972334314,0.8473260837402579,0.523898997956812,1.4586562807467258,1.061098841027513,0.5
0.5450901803607214,0.2515178727290216,0.06983522915546661,205.4931771360604,-8.324008306786948e-11,0.49763390987456757,-0.02000540472396012,0.99738918304822,-0.03998239852348515,-0.5001550979460557,0.010003101936268018,1.6322795456352044,1.0641076667381792,0.46769393099249756,0.38081110645361693,0.8467157150982058,0.5242051600368243,1.5607507384053412,1.0498052561418736,0.5
0.5470941883767535,0.2515178727291137,0.06983522915549892,206.2486703593687,-7.483882584704626e-11,0.4976339103001902,-0.02000540472838881,0.9973891836756663,-0.039982398540771104,-0.500155098207216,0.010003101944400843,1.6603841630920524,1.0606066862163583,0.46925354286722265,0.4024554912593711,0.8462170552838829,0.5252618054066697,2.0024080941203812,1.041332005348338,0.5
0.5490981963927856,0.2515178727290871,0.06983522915555299,207.00416358267762,-4.899148915544947e-11,0.49763391145811164,-0.020005404923799004,0.9973891866124391,-0.03998239911356511,-0.5001550991248839,0.010003102151546242,1.7459401147843445,1.0569835282253575,0.47087634714584015,0.4201693135799749,0.8458670464406203,0.525572697264296,2.1714763455680086,1.0413200786899566,0.5
0.5511022044088176,0.2515178727290468,0.06983522915557147,207.7596568059856,-5.162695502026361e-11,0.49763391105950733,-0.020005404739342893,0.9973891849168891,-0.03998239858189501,-0.5001550987355204,0.01000310196784087,1.800864810984276,1.0544701686359481,0.4719973881419207,0.43466635306722834,0.8456413816797059,0.5247476596307816,1.8829613047898945,1.0443964016027962,0.5
0.5531062124248497,0.2515178727289334,0.06983522915559788,208.51515002929395,-4.2017177176823866e-11,0.4976339113492724,-0.020005404746204637,0.9973891854411469,-0.03998239859901852,-0.5001550989509885,0.010003101976890584,1.7829486371905536,1.0524412378012213,0.47290206416589475,0.44653076889410914,0.8455018704347348,0.5239019626156515,1.5777538886644256,1.0409294786212682,0.5
0.5551102204408818,0.25151787272878107,0.0698352291556229,209.2706432526026,-3.080093327271073e-11,0.4976339115475551,-0.020005404751395627,0.9973891858336115,-0.039982398610717826,-0.5001550990939071,0.010003101984175543,1.7480920995446865,1.0495463614733749,0.4742109502549385,0.45624063848762264,0.84545798145289,0.5240209507670729,1.6725259949011164,1.0321221296586116,0.5
0.5571142284569138,0.2515178727286008,0.06983522915564579,210.02613647591127,-2.0495311498410445e-11,0.4976339117269121,-0.020005404756270977,0.9973891862698537,-0.03998239861704047,-0.5001550992366216,0.010003101987867257,1.7655761359877225,1.0456965002942153,0.4759731829917743,0.46418722169056037,0.8455515900246803,0.5246679454055719,2.005097062657787,1.0257537796001233,0.5
0.5591182364729459,0.2515178727284092,0.06983522915566598,210.78162969921968,-1.1384584185224729e-11,0.49763391259132084,-0.020005404790372605,0.9973891883533705,-0.03998239865487337,-0.5001551001013119,0.010003101987612555,1.8258430050086099,1.042002955686525,0.47767129236893113,0.47069072660281025,0.8458007637494017,0.5247239109219382,2.1228892774657555,1.0259468908284988,0.5
0.561122244488978,0.2515178727281991,0.0698352291556837,211.53712292252814,-2.92802823798682e-12,0.49763391315632505,-0.020005404817993056,0.9973891897891197,-0.039982398685777486,-0.5001551006704484,0.01000310198954893,1.862467128730898,1.0393395805198735,0.47889126808435195,0.4760132123889974,0.8461780905304759,0.5239316070761237,1.902055265638356,1.0282716813636434,0.5
0.56312625250501,0.2515178727279757,0.06983522915569895,212.2926161458366,5.352635588550729e-12,0.49763391346564206,-0.020005404838969558,0.9973891906661281,-0.03998239870908353,-0.5001551009863082,0.01000310199268468,1.8452202929140173,1.0371759732275005,0.4798821195509058,0.48036914896877286,0.8466483632378987,0.5231442046013007,1.6756118823051078,1.0256207537946218,0.5
0.565130260521042,0.25151787272774295,0.06983522915571172,213.04810936914492,1.2987885040954298e-11,0.49763391356033726,-0.020005404853458097,0.9973891910682259,-0.03998239872448471,-0.5001551010886509,0.010003101996114556,1.8165030705045413,1.0344619996771962,0.4811402467999458,0.4839340590970776,0.84721396157701,0.523093214392572,1.749452602473153,1.0188714965300985,0.5
0.567134268537074,0.25151787272752424,0.06983522915572696,213.8036025924534,1.8465596666078237e-11,0.49763390424787374,-0.02000540450503236,0.9973891711095998,-0.039982398098854025,-0.5001550918118814,0.010003101802684003,1.827674407730623,1.031162715754072,0.48268613178352193,0.4685740266062973,0.8479027878346317,0.5233996072250758,1.9837541914407613,1.0169401776954612,0.10369962143381607
0.5691382765531061,0.2515178727271214,0.06983522915595754,214.55909581576742,1.5504483093265834e-10,0.4976339089302325,-0.020005404623685236,0.997389181202501,-0.039982398482499876,-0.5001550965621712,0.010003102018506724,1.8381819142283389,1.0300277011337298,0.48320515348111615,0.4016419675643941,0.8486918088225506,0.5224124914390996,1.686873559974533,1.0323200315630787,0.100000000014615
0.5711422845691382,0.2515178727269787,0.06983522915586646,215.31458903907185,5.711363878476438e-11,0.49763390907990507,-0.020005404600638765,0.9973891813663822,-0.03998239845920178,-0.5001550967034966,0.010003102014157068,1.7547670161615467,1.0313249169141423,0.48258644358388975,0.34686459170892925,0.8494702559054897,0.5208870477178698,1.1198893493954873,1.0395495019012182,0.09999999999999998
0.5731462925851702,0.2515178727268156,0.06983522915578784,216.07008226237934,3.83368298316547e-11,0.49763390932429813,-0.020005404605608696,0.997389181697423,-0.039982398459752926,-0.5001550969072842,0.010003102004778473,1.6228206274634067,1.0326246565050026,0.4819697858267255,0.3020346410406081,0.8501897909710425,0.520680464540613,1.0551991360579958,1.0367272520339297,0.09999999999999998
0.5751503006012023,0.2515178727266357,0.06983522915572411,216.82557548568758,3.5828938380774004e-11,0.4976339096181456,-0.02000540461877724,0.99738918214717,-0.039982398471930365,-0.5001550971680524,0.01000310199845783,1.5589127340682336,1.0331164813315241,0.48172976105816323,0.26534568970732336,0.8508748023315427,0.5217619446397125,1.5093371911781273,1.0350241717830737,0.09999999999999998
0.5771543086172344,0.2515178727264437,0.06983522915567285,217.58106870899587,3.504935340370235e-11,0.4976339099465614,-0.020005404633947472,0.997389182689881,-0.03998239849009598,-0.5001550974719668,0.010003101996105086,1.5858654645010988,1.0339484482783392,0.4813346960233443,0.23531935396815018,0.8515387662305084,0.5224603809014626,1.814412009094234,1.0416661063388086,0.09999999999999998
0.5791583166332664,0.25151787272624354,0.06983522915563155,218.33656193230416,3.457603743177658e-11,0.4976339102946597,-0.020005404650074363,0.9973891832971952,-0.03998239851229803,-0.5001550978025142,0.01000310199711071,1.6119127486460847,1.0364442242356937,0.4801812401763927,0.21074572062190128,0.8521382807027877,0.5218533137303368,1.5709312844490415,1.053168138265841,0.09999999999999998
0.5811623246492985,0.25151787272603826,0.06983522915559805,219.09205515561246,3.4155749797469606e-11,0.4976339106447521,-0.02000540466672063,0.9973891839354713,-0.03998239853694656,-0.5001550981406984,0.010003102000640907,1.562372602891036,1.0401167368693067,0.4785038504848661,0.19063459347398584,0.8526090119820618,0.5209045963994686,1.1497000279765983,1.0583818046293834,0.09999999999999998
0.5831663326653306,0.25151787272583015,0.06983522915557067,219.84754837892072,3.4085870525637106e-11,0.4976339109762772,-0.020005404683326115,0.9973891845657264,-0.039982398562071024,-0.5001550984650538,0.010003102005633095,1.4773685638929506,1.0433039294982773,0.4770500596431918,0.17417559331470492,0.8529377511557368,0.5209791619777684,1.127852517795587,1.0564954254231527,0.09999999999999998
0.5851703406813626,0.2515178727256211,0.0698352291555481,220.603041602229,3.412445180333782e-11,0.49763391126585393,-0.020005404699013418,0.9973891851437711,-0.03998239858528472,-0.5001550987517241,0.01000310201096081,1.4447529344261774,1.04556298999581,0.4760159390121802,0.16070550363494573,0.8531588709242348,0.5219594684536212,1.4784290359452315,1.0558584352995306,0.09999999999999998
0.5871743486973947,0.25151787272541254,0.06983522915552942,221.3585348255373,3.416000069247089e-11,0.4976339114874898,-0.02000540471242717,0.997389185620287,-0.03998239860361021,-0.500155098974333,0.010003102015417518,1.4757510235602374,1.0478726083446457,0.47496458789247803,0.14968154627271263,0.8532927600604031,0.5225693297114553,1.6803790951334965,1.0615792999126044,0.09999999999999998
0.5891783567134268,0.25151787272520615,0.06983522915551373,222.11402804884557,3.440554328584427e-11,0.4976339116126919,-0.020005404721990132,0.9973891859407846,-0.03998239861361951,-0.5001550991038234,0.01000310201760238,1.4981974283993864,1.0511893392717881,0.4734752307283228,0.14065951013088704,0.853315169627515,0.522213783380674,1.468844844286287,1.0701334576512505,0.09999999999999998
0.5911823647294588,0.25151787272500903,0.06983522915550024,222.86952127215386,3.431797546444283e-11,0.49763391212769875,-0.02000540474631359,0.9973891872319152,-0.03998239863604232,-0.5001550996413252,0.010003102014850244,1.4617678439068449,1.0550638631833484,0.47175106919549326,0.13327585166165654,0.8531895821146487,0.5217005486883306,1.1652327317768856,1.0736379886357053,0.09999999999999998
0.5931863727454909,0.251517872725399,0.06983522915555311,223.6250144954613,1.3429897689590515e-11,0.4976338753732595,-0.02000540387823942,0.9973891116038753,-0.03998239641105185,-0.5001550641942506,0.010003101013152039,1.403749444006852,1.0583410336062076,0.47029400723106396,0.12723304584738107,0.8529177987022102,0.5219939990385225,1.1841288493428712,1.0723380358868502,0.09999999999999998
0.595190380761523,0.2515178727246176,0.06983522915548714,224.38050771877042,3.620557329478164e-11,0.4976339132858703,-0.020005404808465858,0.9973891902204562,-0.039982398701624414,-0.5001551008598248,0.010003102015057849,1.3883152155090062,1.0608361875217975,0.46918237236804583,0.1222875974459346,0.8525319079061766,0.5228844559583388,1.4534071849958032,1.0725219270706072,0.09999999999999998
0.597194388777555,0.25151787272442894,0.0698352291554742,225.13600094207865,3.38721440746054e-11,0.4976339134894362,-0.020005404830095944,0.9973891908866076,-0.039982398721626684,-0.5001551010907557,0.0100031020150195,1.4159971883400786,1.063357730359332,0.46806566386129944,0.11824022926287758,0.8520487336796831,0.5234064994393491,1.5712651267693656,1.0774656805577987,0.09999999999999998
0.5991983967935871,0.25151787272424575,0.06983522915546223,225.89149416538692,3.311965890236834e-11,0.49763391260607,-0.020005404831648678,0.9973891894406394,-0.03998239871083012,-0.5001551002318042,0.010003102014122859,1.430107335586981,1.066537990902367,0.46667348389879454,0.11492785233428725,0.8514517499599776,0.5232325647191199,1.3859473842654175,1.0837234031709575,0.09999999999999998
0.6012024048096192,0.2515178727228721,0.0698352291566335,226.64698738871346,4.893585589781622e-10,0.49763377573674056,-0.02000539251352406,0.9973888404505374,-0.03998237953658379,-0.5001549622285716,0.010003096351052754,1.4044964509544489,1.0694801058631953,0.46538997246496966,0.15753317884237045,0.850723357970005,0.5233105355085569,1.2938857232683327,1.0773585630987599,0.49999765178757016
0.6032064128256512,0.25151787272772175,0.06983522915554234,227.402480612004,4.040265281903771e-11,0.49763390936391866,-0.020005404865866223,0.9973891863882375,-0.03998239885191833,-0.5001551017103045,0.010003102111463146,1.428246228182956,1.0695724104627915,0.4653348693735406,0.2197242385932959,0.8499316581965215,0.5247901875732887,1.819231019481448,1.0640274559547032,0.49999999999999084
0.6052104208416833,0.25151787273013965,0.0698352291554408,228.1579738353082,-5.844439517328116e-11,0.49763391073846347,-0.02000540488079825,0.9973891884369249,-0.03998239882575726,-0.5001551020311721,0.010003102066971642,1.5470067802971597,1.068033829620524,0.465996226122175,0.27062156846097923,0.8491765941770743,0.5259170185154317,2.2433014200682644,1.060302879334861,0.5
0.6072144288577154,0.25151787273195986,0.06983522915538655,228.91346705861483,-9.380984379383349e-11,0.49763391172132493,-0.0200054049036708,0.9973891898519075,-0.03998239881415283,-0.5001551021625754,0.010003102031439571,1.6620176362491923,1.0670214555697828,0.46642858612977883,0.31227607913342154,0.8484779527774908,0.525436450213767,2.02205331400135,1.0647727729923304,0.5
0.6092184368737474,0.2515178727333022,0.06983522915536956,229.66896028192232,-1.0599494256668542e-10,0.49763391236484716,-0.020005404921619088,0.9973891907113479,-0.03998239880558463,-0.5001551021275547,0.010003102005923562,1.6793975414699143,1.0666749529467985,0.46657034059135466,0.34636624189563975,0.8478021599196288,0.5243321732953424,1.5325908645543758,1.0636372787021493,0.5
0.6112224448897795,0.2515178727342514,0.06983522915539017,230.42445350523045,-1.0073298081419665e-10,0.49763391272928353,-0.020005404929923316,0.9973891910995216,-0.03998239879722465,-0.5001551019470837,0.010003101991901475,1.6381448214021856,1.0652326660128184,0.4671983677239283,0.3742657221293093,0.8471566431418412,0.5242674077799285,1.477151762439428,1.0533063909108156,0.5
0.6132264529058116,0.25151787273490733,0.06983522915541523,231.17994672853862,-9.606265133376954e-11,0.4976339128580306,-0.020005404932710417,0.9973891910913386,-0.03998239878408127,-0.5001551016497626,0.010003101979922222,1.6442780127276653,1.0620385270457344,0.46861579865330577,0.39709873125089223,0.8466054164406761,0.5252701803459865,1.8882789712480332,1.043191683286968,0.5
0.6152304609218436,0.251517872735323,0.06983522915545329,231.9354399518472,-8.247167480695911e-11,0.4976339128043297,-0.02000540493000062,0.9973891907639172,-0.03998239876838496,-0.5001551012563478,0.010003101971758674,1.7220754345629175,1.0582662537896177,0.47030351742481696,0.4157853268855717,0.8461995644920244,0.5258895372373882,2.177423829297251,1.0409369291090036,0.5
0.6172344689378757,0.25151787273554826,0.06983522915549921,232.69093317515595,-6.578961287596923e-11,0.4976339126079734,-0.020005404921676455,0.9973891901838788,-0.03998239874928724,-0.500155100790689,0.010003101966346614,1.7933370493425291,1.0554270592544164,0.47157110025799037,0.43107848665060927,0.8459294437605264,0.5252966814106365,1.9857542699723407,1.0442992485844436,0.5
0.6192384769539078,0.2515178727356235,0.0698352291555491,233.4464263984647,-4.755459218455797e-11,0.4976339123057812,-0.020005404908378113,0.9973891894139163,-0.03998239872651047,-0.5001551002756528,0.010003101962463186,1.792618351372537,1.053409779330566,0.47246842898303426,0.44359444943862447,0.845752826343584,0.5243148537242516,1.6271795424439057,1.0429853731556218,0.5
0.6212424849699398,0.25151787273558107,0.06983522915560005,234.20191962177344,-2.852144848894403e-11,0.49763391193083345,-0.020005404890908803,0.9973891885116828,-0.03998239870036932,-0.5001550997328053,0.010003101959344432,1.753678659776442,1.0508112199382842,0.4736378061086546,0.45383754680485694,0.8456644323685502,0.5241572610069373,1.6064962178844624,1.0348564245591652,0.5
0.6232464929859719,0.25151787273544685,0.06983522915564998,234.95741284508216,-9.310008665859033e-12,0.49763391151250724,-0.020005404870145068,0.9973891875296041,-0.03998239867146733,-0.5001550991821884,0.010003101956474176,1.7543456425837733,1.047124656657481,0.47531970706550536,0.46222052504080946,0.8457030451072545,0.5247749230030277,1.9209836786445216,1.027147800903781,0.5
0.625250501002004,0.2515178727352416,0.06983522915569734,235.7129060683909,9.33703096450369e-12,0.4976339110765551,-0.020005404847077985,0.9973891865148506,-0.03998239864065395,-0.500155098642216,0.010003101953502885,1.8090694169362749,1.0432523246738108,0.47709838515367886,0.46908117681358424,0.8458975258600937,0.5250660996036423,2.1297568858402873,1.0256594990318832,0.5
0.627254509018036,0.25151787273498216,0.0698352291557413,236.46839929169965,2.6992759876598697e-11,0.49763391064528917,-0.020005404822533653,0.997389185509406,-0.03998239860876783,-0.5001550981295533,0.010003101950265776,1.857967821512068,1.0402979752901418,0.4784526390616644,0.4746959525439279,0.8462309927173095,0.5244427169232964,1.9791523473380122,1.0282464765659156,0.5
0.6292585170340681,0.25151787273468157,0.06983522915578118,237.22389251500837,4.3390235923781806e-11,0.4976339102379067,-0.020005404797206236,0.9973891845501103,-0.03998239857674212,-0.5001550976588387,0.010003101946860765,1.853269621194097,1.0381080956310758,0.4794534946158563,0.4792910999943689,0.8466645139310092,0.5235475216680516,1.7116114553142097,1.0272147696644578,0.5
0.6312625250501002,0.25151787273435056,0.06983522915581657,237.97938573831712,5.834587486940433e-11,0.4976339098706311,-0.020005404771885296,0.9973891836685918,-0.03998239854569592,-0.500155097242471,0.010003101943509285,1.8211983062554655,1.035590962751965,0.4806154025829659,0.4830517809378965,0.8471890299461959,0.5232866212713579,1.6993862794910988,1.0209949235099112,0.5
0.6332665330661322,0.25151787273395787,0.0698352291558475,238.7348789616259,7.227375530560289e-11,0.4976339102979102,-0.020005404704882483,0.997389183459778,-0.0399823985089409,-0.5001550975468935,0.01000310194787324,1.819844195230738,1.0323350053727571,0.4821372413217658,0.4861295322639521,0.847829978286778,0.5236127860269707,1.937565945555902,1.0150946455224432,0.5
0.6352705410821643,0.2515178727355708,0.06983522915596177,239.4903721849412,2.4076134032838587e-10,0.49763390752965325,-0.020005404860830366,0.9973891841337166,-0.039982398996810706,-0.5001551013538076,0.010003102205846614,1.8423842344548855,1.030307963847865,0.483078676785244,0.4181908500380306,0.8485898475208384,0.5230622855246182,1.8269689811967618,1.0286636133438034,0.10000000265097853
0.6372745490981964,0.25151787273878123,0.06983522915576837,240.24586540824214,5.507355066601643e-11,0.49763390850164435,-0.02000540479635866,0.9973891845145301,-0.039982398783107186,-0.5001551008877484,0.010003102112623041,1.7861160246310055,1.0311810321427386,0.48265635717621774,0.36040824131523475,0.8493681443705694,0.5214646045000247,1.245698899666573,1.0391978970502307,0.09999999999999999
0.6392785571142284,0.2515178727411762,0.06983522915564647,241.0013586315476,-1.4067185467828284e-11,0.49763390939416513,-0.02000540479997376,0.9973891850936173,-0.039982398743791836,-0.5001551005772904,0.01000310206763112,1.6552233997705037,1.0326558896887335,0.48195826317041746,0.3131188000433432,0.8500909586649111,0.5208043890256894,1.003237494777007,1.0380790792703016,0.09999999999999998
0.6412825651302605,0.25151787274291865,0.06983522915558246,241.75685185485466,-3.9748299508188573e-11,0.4976339101073597,-0.02000540480803597,0.9973891855856755,-0.039982398718106923,-0.5001551003292357,0.010003102033305464,1.5649960092852908,1.0332968466142665,0.4816485661781295,0.27441699503246453,0.8507707150431336,0.5216750185125318,1.3719470428922806,1.0350466196218722,0.09999999999999998
0.6432865731462926,0.25151787274490417,0.06983522915561884,242.5123450781613,-7.484406799686464e-11,0.49763387678538723,-0.020005404407006426,0.9973891195176696,-0.03998239705576667,-0.5001550679827595,0.010003101124799763,1.5737372190875676,1.0338666468264706,0.4813742104269318,0.24274333444183188,0.8514312106717272,0.5226369835466409,1.7843305464865071,1.0392581718726173,0.09999999999999998
0.6452905811623246,0.25151787274494314,0.0698352291555813,243.2678383014709,-3.759933129886466e-11,0.49763391130130724,-0.020005404820539967,0.9973891868622348,-0.03998239868493278,-0.5001551001647941,0.010003101989683055,1.6109497645371225,1.0358637276299247,0.4804470054793581,0.21682152608743888,0.8520441818176987,0.5223490468341999,1.6801105240727647,1.050538963530482,0.09999999999999998
0.6472945891783567,0.25151787274543563,0.06983522915560898,244.02333152477948,-2.720629942911691e-11,0.4976339123114227,-0.020005404849229698,0.9973891887771649,-0.03998239870053987,-0.500155100728019,0.01000310197340993,1.5824538588231634,1.0393795401673542,0.478838539939603,0.1956070488914956,0.8525430976105252,0.5213267414594658,1.2393955783583819,1.0581634496277672,0.09999999999999998
0.6492985971943888,0.25151787274566817,0.06983522915565073,244.7788247480882,-1.051334989222999e-11,0.4976339129872541,-0.020005404870654248,0.9973891900673489,-0.039982398713838394,-0.5001551010528695,0.01000310196458282,1.4976014924287033,1.0428088078478408,0.47727584475395857,0.1782450641063418,0.8528971481801766,0.521060711424174,1.0816730450407839,1.0574384125055014,0.09999999999999998
0.6513026052104208,0.251517872745696,0.06983522915570077,245.53431797139717,9.228438718566782e-12,0.49763391338030494,-0.02000540488494428,0.9973891908198441,-0.03998239872321251,-0.5001551011719008,0.010003101960992461,1.4453458363556864,1.0452503944454083,0.47615941031100195,0.16403596939737414,0.8531335681180859,0.5219060123023206,1.3765956592047612,1.055691416292875,0.09999999999999998
0.6533066132264529,0.25151787274556364,0.06983522915575435,246.28981119470637,2.8770766153966938e-11,0.49763391353805864,-0.020005404892148058,0.9973891911170953,-0.03998239872762512,-0.5001551011170623,0.010003101961120933,1.4645498898892821,1.047412746637519,0.4751726480948846,0.15240720834580693,0.8532818317352043,0.5227288695295409,1.6674704619742324,1.0596601920693443,0.09999999999999998
0.655310621242485,0.25151787274530674,0.06983522915580785,247.04530441801546,4.715240278616955e-11,0.4976339135041005,-0.020005404892701927,0.9973891910364775,-0.03998239872633437,-0.5001551009191318,0.01000310196338485,1.4972449948775162,1.050432029302996,0.4738126354114042,0.1428901992496145,0.853328892901155,0.5225954965643745,1.5551592492143145,1.0682949471712648,0.09999999999999998
0.657314629258517,0.251517872744954,0.06983522915585878,247.8007976413244,6.409249836999829e-11,0.49763391331819107,-0.020005404887472406,0.9973891906501101,-0.03998239871925976,-0.5001551006074612,0.010003101966467712,1.4762553834073036,1.0542731875276339,0.4721012933058058,0.13510145359261375,0.8532355772711222,0.5219996591932533,1.2248237654701861,1.0735738640975283,0.09999999999999998
0.6593186372745491,0.25151787274452814,0.06983522915590562,248.5562908646332,8.001166545335384e-11,0.4976339130163292,-0.02000540487740799,0.9973891900248721,-0.039982398706620015,-0.5001551002099238,0.01000310196929976,1.4167432567441796,1.0577775044705975,0.47054452890096715,0.12872712334914108,0.8529912512768753,0.5220398463877951,1.1410534720005971,1.0729789567063222,0.09999999999999998
0.6613226452905812,0.2515178727440476,0.06983522915594767,249.31178408794196,9.482234078026696e-11,0.4976339126310284,-0.02000540486328133,0.997389189222472,-0.03998239868891254,-0.5001550997527113,0.010003101971302851,1.3864395880855946,1.060419402803992,0.46936818019489224,0.12351035445693515,0.8526242504097357,0.5228580670077131,1.3801427192806,1.0722081984643952,0.09999999999999998
0.6633266533066132,0.25151787274352677,0.06983522915598449,250.0672773112507,1.085166361375699e-10,0.4976339121916193,-0.020005404845709746,0.9973891882994467,-0.039982398666864996,-0.5001550992600263,0.010003101972317479,1.4071759127111927,1.0628343794169486,0.46829625927467655,0.11924093686557398,0.8521591549058274,0.5235543795310682,1.5723264042908525,1.075940584848115,0.09999999999999998
0.6653306613226453,0.25151787274297727,0.06983522915601584,250.82277053455942,1.206903426709363e-10,0.4976339117243598,-0.020005404825405946,0.9973891873071026,-0.03998239864134453,-0.5001550987539136,0.010003101972263482,1.430483729097766,1.065831681495991,0.46698080990645374,0.1157468341084775,0.8515871392975146,0.5235258728048925,1.4536925136911845,1.0824858847873442,0.09999999999999998
0.6673346693386772,0.2515178727425844,0.06983522915625896,251.5782637578691,1.5470121429238747e-10,0.49763384820170375,-0.020005401376856885,0.9973890400031951,-0.03998239244485715,-0.5001550352512297,0.010003099786635416,1.4117477317239902,1.0691328878470794,0.46554328869973416,0.1387314996062051,0.850884452326341,0.5233353085266716,1.2499176103696497,1.081547493158126,0.49953424095706817
0.6693386773547093,0.2515178727410343,0.06983522915720768,252.33375698119514,5.497707988916897e-10,0.4976339096482172,-0.020005404442805474,0.9973891828786445,-0.039982398643128435,-0.5001550971561117,0.010003102360832475,1.4110626044664003,1.069989764057486,0.4651567047277729,0.20433689443349648,0.8500900597738956,0.5245399383357294,1.650541740528544,1.0670949210873433,0.499999999992816
0.6713426853707414,0.2515178727408004,0.06983522915675114,253.0892502044888,1.7089571005108597e-10,0.49763391009029584,-0.020005404422676693,0.9973891835764342,-0.039982398688083225,-0.5001550975555822,0.010003102364045361,1.5098725914009692,1.0686492617155716,0.46572975161780883,0.2580285249148952,0.8493120423627013,0.5259613610507934,2.1865984682970097,1.0602723371879132,0.5
0.6733466933867734,0.25151787274050746,0.06983522915636028,253.8447434277943,9.708240937741552e-11,0.49763391122082407,-0.02000540444609318,0.9973891852945451,-0.0399823985876945,-0.500155098575027,0.010003102274347059,1.638809521041276,1.0673543302903734,0.4662858109025147,0.3019698986684943,0.8485938594143226,0.5258978357002891,2.137915147722724,1.0636859372666279,0.5
0.6753507014028055,0.2515178727401673,0.06983522915605155,254.60023665110216,8.560122853667503e-11,0.4976339103611205,-0.020005404468247216,0.9973891836128803,-0.03998239851321716,-0.5001550976282355,0.010003102189760938,1.6843785596592273,1.0669723822825103,0.46644253104536804,0.33793163628519424,0.8479073090653086,0.5247707589451537,1.6429152832912146,1.0652028606033241,0.5
0.6773547094188376,0.25151787273976267,0.06983522915582029,255.35572987441074,9.141632265028052e-11,0.4976339116785711,-0.020005404695463518,0.9973891877478179,-0.039982398926964764,-0.5001550987895158,0.010003102302655208,1.648142819055036,1.0659678904131331,0.4668757724593328,0.3673628183747184,0.8472419850134874,0.524332729003779,1.430579315429594,1.0566212621729008,0.5
0.6793587174348696,0.25151787273936693,0.0698352291556215,256.1112230977186,7.86122041504249e-11,0.49763390988588346,-0.02000540456475768,0.9973891830936795,-0.03998239850012918,-0.5001550970710847,0.01000310209870211,1.633996414538038,1.0631784385545358,0.46810860088221556,0.3914493763868108,0.8466521760125718,0.5251627711518267,1.7630847012261106,1.04544174576533,0.5
0.6813627254509017,0.251517872738925,0.06983522915547224,256.8667163210269,7.519228560542698e-11,0.4976339105060523,-0.020005404630093936,0.997389184530625,-0.03998239855085204,-0.5001550976733012,0.010003102081511513,1.6976080222255012,1.0593816267602465,0.46980487057915366,0.41116187977898877,0.8461994961351145,0.5260263734346683,2.1446497756154406,1.0407847181003391,0.5
0.6833667334669338,0.25151787273845916,0.06983522915535627,257.622209544335,7.247217761576539e-11,0.4976339103107831,-0.02000540464489663,0.9973891840914183,-0.039982398536307376,-0.5001550974514994,0.01000310205394635,1.7800670341584082,1.056208796415848,0.4712230322535701,0.4272946451928845,0.8458911921563984,0.5257343492291178,2.0762462627754887,1.043575650124409,0.5
0.6853707414829658,0.25151787273797954,0.06983522915526612,258.3777027676431,7.032456098937757e-11,0.49763391097970533,-0.020005404683537547,0.9973891854383702,-0.03998239857547056,-0.5001550981006143,0.010003102046643958,1.799474045091268,1.0540917633639317,0.4721643045553668,0.4404977434853431,0.8456867170163366,0.5247126492666531,1.7047584467796568,1.0442891232633749,0.5
0.6873747494989979,0.2515178727374936,0.06983522915519677,259.1331959909512,6.798131376883624e-11,0.49763391002606555,-0.02000540465244008,0.9973891833024678,-0.03998239850022661,-0.500155097129922,0.010003102010445663,1.762692738969663,1.0517584731614795,0.4732098103402886,0.45130319438405087,0.8455663583730942,0.5242707311530804,1.5667938368652337,1.0374369363941307,0.5
0.68937875751503,0.25151787273701753,0.0698352291551437,259.8886892142596,6.601834787631504e-11,0.49763391066816565,-0.020005404707312102,0.9973891848784409,-0.0399823985611535,-0.5001550977917844,0.010003102014189686,1.747481274272542,1.0483125090899492,0.474776607709231,0.46014640425182757,0.8455614028800376,0.5247694462182755,1.8273885164361938,1.0288294191884406,0.5
0.691382765531062,0.2515178727365372,0.06983522915510303,260.6441824375679,6.366253690211969e-11,0.4976339118257027,-0.02000540476205587,0.9973891873472153,-0.03998239863425033,-0.5001550989665752,0.01000310202057282,1.7917626643478268,1.0443532824333548,0.4765930966753923,0.46738371082095853,0.8457088067802667,0.5252510883773597,2.107871642771731,1.0254941021234079,0.5
0.6933867735470941,0.2515178727360535,0.06983522915507209,261.3996756608761,6.097585622352626e-11,0.49763391226612425,-0.02000540477759682,0.9973891881905391,-0.039982398650900336,-0.5001550994118021,0.010003102015966344,1.8492288336656286,1.0410973568747401,0.47808708240646763,0.4733067418427072,0.8460041449087502,0.5248502345007315,2.0478888314725907,1.0277133284817472,0.5
0.6953907815631262,0.25151787273554155,0.0698352291550494,262.1551688841842,5.856824960479719e-11,0.49763391170688337,-0.020005404712080316,0.99738918608137,-0.03998239858831578,-0.5001550987885031,0.01000310200882095,1.8593546719558613,1.0387968219352992,0.47913807533261654,0.4781541662471436,0.8464089785227882,0.5239186602504493,1.7688248608483026,1.0282108796864577,0.5
0.6973947895791582,0.2515178727351114,0.06983522915504309,262.91066210749267,5.943073357800438e-11,0.49763391139286484,-0.020005404790181622,0.997389186781783,-0.03998239863876713,-0.5001550985798137,0.010003102007380863,1.8285590600408608,1.036452241873416,0.48021623005276215,0.48212131132311037,0.8469029838112655,0.5234410217686617,1.668852926248095,1.022975448235637,0.5
0.6993987975951903,0.2515178727346472,0.06983522915502782,263.66615533080045,5.1840720331903495e-11,0.49763391090995013,-0.020005404774803243,0.9973891857701731,-0.03998239860990773,-0.5001550981068787,0.01000310199823481,1.8150759503057523,1.0333559830341486,0.48165898949537944,0.48536803344665747,0.8475056193783356,0.5236767070982421,1.866788137343102,1.0163719427378068,0.5
0.7014028056112224,0.2515178727017144,0.06983522916311707,264.421648554294,4.677435691070931e-9,0.4976342985671346,-0.020005389415327833,0.9973895863242204,-0.03998239840030651,-0.5001553862346378,0.01000313158160807,1.8400886352854788,1.030613622609503,0.4829400606797891,0.4356750981813263,0.8482356914881652,0.5235442351675237,1.9296884828260537,1.024455062588797,0.10000070594669551
0.7034068136272544,0.2515178727336936,0.0698352291559506,265.1771417774277,2.6902374109764415e-10,0.49763391270673607,-0.020005404567845754,0.9973891906237582,-0.03998239887446186,-0.5001551011850266,0.01000310244003505,1.8115465617892537,1.030873946190733,0.48280296153475966,0.3747173977113829,0.8490163299122058,0.5220353719205456,1.4003310861924807,1.037712139649794,0.10000000000000459
0.7054108216432865,0.2515178727339475,0.0698352291554717,265.9326350007256,9.769845685196807e-12,0.4976339124272743,-0.02000540455445218,0.9973891899366367,-0.03998239877924896,-0.5001551007071431,0.010003102365161639,1.6911476471793052,1.0324207942631884,0.4820707742646094,0.324829451845548,0.8497517011702402,0.5209659633721933,1.0005295915422525,1.039153936019955,0.09999999999999998
0.7074148296593186,0.2515178727340599,0.06983522915508872,266.6881282240317,-4.129108027702226e-11,0.49763391211168234,-0.020005404601454172,0.9973891891300095,-0.039982398739011375,-0.5001551001784171,0.010003102283773463,1.5791021467547797,1.033279673625617,0.48165953737871353,0.2840010237365102,0.8504359005398571,0.5215070718577813,1.236823268587972,1.0354641580135737,0.09999999999999998
0.7094188376753506,0.25151787273405923,0.0698352291547932,267.4436214473393,-5.693522027712681e-11,0.49763391173103666,-0.020005404645649254,0.9973891882062795,-0.0399823987085241,-0.5001550996284612,0.010003102214560647,1.5637741222615555,1.0337106905455065,0.4814488740805229,0.2505869291507298,0.8510983075031263,0.522626536866881,1.7121893423647716,1.0372613211782398,0.09999999999999998
0.7114228456913827,0.25151787273397025,0.06983522915456813,268.1991146706471,-6.788545704837659e-11,0.4976339113125326,-0.020005404676155223,0.9973891872148346,-0.03998239867717884,-0.5001550990764966,0.01000310215780832,1.6046179489625925,1.0352203519529,0.48074367671675117,0.2232407449184159,0.8517268511069847,0.5227027340092002,1.7629008725698216,1.0474250176575755,0.09999999999999998
0.7134268537074148,0.2515178727338122,0.06983522915439859,268.9546078939549,-7.702786108323381e-11,0.4976339108822451,-0.020005404694569313,0.9973891862024932,-0.03998239864437778,-0.5001550985402389,0.010003102111151001,1.5981392729195665,1.0384489047392367,0.4792625515232803,0.2008605547221251,0.8522589335821272,0.5217276951338398,1.3531558293323918,1.0571025596244685,0.09999999999999998
0.7154308617234468,0.2515178727336007,0.06983522915427273,269.71010111726275,-8.449390891126134e-11,0.4976339104620621,-0.02000540470366358,0.9973891852101492,-0.03998239861095436,-0.5001550980356809,0.010003102072483673,1.5207005225089203,1.0420564694649432,0.47761872950709766,0.18254454730527425,0.8526478106396647,0.5211467806145095,1.0718566056788192,1.0581716336616833,0.09999999999999998
0.7174348697394789,0.25151787273334814,0.06983522915418114,270.4655943405706,-9.093231313714081e-11,0.49763391007033136,-0.020005404705905633,0.997389184273206,-0.0399823985779078,-0.5001550975768714,0.010003102040203646,1.451755959319067,1.044742866145521,0.4763918164429546,0.16755467792742196,0.8529088890517927,0.5217638896091237,1.273385074161047,1.055819079890706,0.09999999999999998
0.719438877755511,0.2515178727330644,0.06983522915411643,271.2210875638784,-9.659457678816213e-11,0.497633909722262,-0.020005404703287776,0.9973891834218427,-0.039982398546214035,-0.5001550971757739,0.010003102013195455,1.4543484841265664,1.046851662282679,0.47542771166096087,0.1552869288022357,0.8530773532568124,0.5227266428385133,1.621779395956993,1.0579640872000622,0.09999999999999998
0.721442885771543,0.2515178727327577,0.06983522915407271,271.97658078718626,-1.0162396551576079e-10,0.4976339094302175,-0.0200054046974489,0.9973891826810625,-0.039982398516867274,-0.5001550968420201,0.010003101990748362,1.4919461598560217,1.0495722890946646,0.47419774036664086,0.1452469701605117,0.8531526845549832,0.5228583079338394,1.6246837981456068,1.0660121936414513,0.09999999999999998
0.7234468937875751,0.2515178727324345,0.06983522915404534,272.7320740104941,-1.0590350894552437e-10,0.4976339092037379,-0.020005404689890923,0.9973891820706197,-0.039982398490872144,-0.5001550965828157,0.010003101972333435,1.4878069934322857,1.0532868411645255,0.4725392931236875,0.13703024119915835,0.8530975586765273,0.5222687510686385,1.3052732937145264,1.0728870973161184,0.09999999999999998
0.7254509018036072,0.2515178727321,0.06983522915403058,273.4875672338019,-1.0987367824929018e-10,0.497633909049423,-0.02000540468192422,0.9973891816050066,-0.039982398469063686,-0.5001550964030405,0.010003101957476631,1.4323050334730163,1.0569827741971918,0.4708975927362904,0.13030564827665514,0.8528896022767973,0.5220647299564148,1.1237748639349285,1.0734788475867905,0.09999999999999998
0.7274549098196392,0.25151787273175835,0.06983522915402558,274.2430604571097,-1.1375549733233546e-10,0.49763390897099563,-0.020005404674634363,0.997389181293517,-0.039982398452278516,-0.5001550963052556,0.010003101945966063,1.3887302403459767,1.0598265872408408,0.4696322193539832,0.12480222347268628,0.8525498549663968,0.5227371952222439,1.3022565616627428,1.072108233737299,0.09999999999999998
0.7294589178356713,0.2515178727314129,0.06983522915402803,274.99855368041756,-1.1739959517291488e-10,0.4976339089695317,-0.020005404668752027,0.9973891811403002,-0.039982398441053044,-0.5001550962895192,0.01000310193767596,1.3985081147440122,1.0622021229422742,0.46857583847000644,0.12029820591771964,0.852108413390418,0.5235613917356348,1.5482226110558874,1.0744966452628657,0.09999999999999998
0.7314629258517034,0.25151787273106624,0.06983522915403614,275.7540469037254,-1.2091818962471427e-10,0.49763390904347793,-0.020005404664913504,0.9973891811442807,-0.039982398435838826,-0.5001550963532911,0.010003101932527146,1.4274299851979775,1.065004969792259,0.46734192173258704,0.1166121059239787,0.8515656325121588,0.5237192749962545,1.5123147224288882,1.080844499297496,0.09999999999999998
0.7334669338677354,0.2515178727307561,0.06983522915404435,276.5095401270332,-1.2639340210810886e-10,0.49763391165418025,-0.02000540480886417,0.9973891871945456,-0.0399823986304354,-0.5001550990592066,0.010003101968199165,1.4202977863375588,1.0683903263040657,0.46586683567262904,0.11890180230240402,0.8508972664876345,0.5234207949110296,1.2676670722771584,1.0851084716091202,0.39472569127201146
0.7354709418837675,0.25151787273262927,0.06983522915423124,277.26503335034556,-2.2410605751830075e-11,0.49763390685293163,-0.020005404896232194,0.9973891829444052,-0.039982398796294116,-0.5001550996556522,0.010003102068751763,1.4021695585827973,1.0700935846720068,0.4651155864972718,0.1881082173904393,0.8501149553250943,0.5242245473983994,1.4916402130533126,1.070614661161938,0.49999999960652125
0.7374749498997996,0.25151787273523346,0.06983522915413037,278.02052657364686,-1.8999396663876328e-10,0.4976339071630034,-0.020005404840854453,0.9973891822538408,-0.03998239868933062,-0.5001550987782852,0.010003102018612264,1.4752125662362296,1.0691299739869238,0.46552233804065474,0.24474693228972808,0.8493230332122098,0.5258045562521909,2.082184679546747,1.0609512625441828,0.5
0.7394789579158316,0.25151787273717274,0.06983522915408118,278.7760197969522,-2.494041074968709e-10,0.4976339074675535,-0.020005404812740386,0.9973891817431622,-0.03998239861514148,-0.5001550980928771,0.010003101972117154,1.6089047587735334,1.0676258527756575,0.46616986304612223,0.29110020780152857,0.8485884853232318,0.5261953679355433,2.218195096754358,1.0622970519050063,0.5
0.7414829659318637,0.2515178727385791,0.0698352291540755,279.53151302025896,-2.7163923177243514e-10,0.4976339077543321,-0.020005404793110866,0.9973891813887651,-0.03998239856086735,-0.500155097586016,0.010003101935874828,1.682951857475193,1.0670790230308365,0.4663984167028915,0.3290358522541673,0.847895864276274,0.5251884590305366,1.7772793608935875,1.0658050151203464,0.5
0.7434869739478958,0.2515178727395612,0.06983522915410238,280.28700624356634,-2.772402448908102e-10,0.49763390804072855,-0.02000540477615777,0.9973891811928606,-0.03998239852037788,-0.5001550972395584,0.010003101909739402,1.6602275473280712,1.066424825043514,0.4666764761911582,0.3600824849710187,0.8472206609443819,0.5244218876663072,1.4280777149362283,1.0596394373743696,0.5
0.7454909819639278,0.25151787274020615,0.06983522915415213,281.0424994668742,-2.7366932503390664e-10,0.497633908340942,-0.02000540476121208,0.9973891811555382,-0.03998239849182465,-0.5001550970363613,0.010003101892654128,1.6301338334159157,1.0641067877894583,0.46769632918842874,0.3854911320880897,0.8466025044060649,0.5249778761406709,1.6409340856403778,1.0480837865000143,0.5
0.7474949899799599,0.25151787274058435,0.06983522915421712,281.797992690182,-2.6333987296278997e-10,0.49763390866370394,-0.020005404748858004,0.9973891812717592,-0.03998239847393251,-0.5001550969596181,0.010003101882891607,1.6746615946164627,1.0604180050175294,0.4693411164817534,0.4062856367356093,0.8461088031053839,0.5259915864888963,2.075311714562326,1.0411237130109465,0.5
0.749498997995992,0.2515178727405142,0.0698352291543508,282.55348591349184,-2.07565910465489e-10,0.4976339155580953,-0.020005405260209053,0.9973891988799841,-0.039982399918046044,-0.5001551026694656,0.010003102609510064,1.761743357701872,1.056948950726282,0.47089300003135404,0.42330391486524416,0.845764158339343,0.5260375450056322,2.142847614866782,1.0425527710852225,0.5
0.751503006012024,0.2515178727407494,0.06983522915438065,283.3089791367984,-2.2855606273008186e-10,0.49763390938218194,-0.020005404732720125,0.9973891819182629,-0.039982398468314716,-0.5001550971214886,0.010003101883408796,1.8019743414086886,1.0546281478534676,0.47192588355425347,0.43723171912926856,0.8455353536308305,0.5250824333230512,1.802087064489788,1.044863583203146,0.5
0.7535070140280561,0.251517872740627,0.06983522915445867,284.0644723601072,-2.1300328098377833e-10,0.49763390977533223,-0.020005404729998046,0.997389182411468,-0.03998239847686868,-0.500155097319542,0.010003101889367297,1.773680885285884,1.0524941181680416,0.4728785866314076,0.44863027132940864,0.8453905855109631,0.5243836075412882,1.5591801256381508,1.039792714046753,0.5
0.7555110220440882,0.25151787274040377,0.06983522915453548,284.81996558341586,-1.9772482607787538e-10,0.49763391017881725,-0.0200054047303569,0.9973891829859944,-0.039982398492110056,-0.5001550975718948,0.01000310189904362,1.7455133793188056,1.0493414404938108,0.47430687278088224,0.45795887688678716,0.8453498163770009,0.5246852248230403,1.7346811380425708,1.030825566569803,0.5
0.7575150300601202,0.25151787274010373,0.06983522915460877,285.57545880672444,-1.8478665112632656e-10,0.49763391057944023,-0.020005404733050108,0.9973891836102922,-0.03998239851201891,-0.5001550978571646,0.01000310191146884,1.7755140376732517,1.0453953836063934,0.4761144115261833,0.465593432584499,0.8454544655567585,0.525289404291674,2.058394938344352,1.0256768171054413,0.5
0.7595190380761523,0.25151787273974513,0.06983522915467738,286.33095203003273,-1.729046022641297e-10,0.4976339109610087,-0.020005404737688016,0.9973891842480647,-0.0399823985343196,-0.5001550981522023,0.010003101925091394,1.8367118481094133,1.0418603755443214,0.4777377564014146,0.47184157335355775,0.8457131530088193,0.5251418394359776,2.099506786624231,1.0269291606127093,0.5
0.7615230460921844,0.2515178727393433,0.06983522915474089,287.08644525334086,-1.6161951675704532e-10,0.4976339113039885,-0.020005404743458684,0.9973891848578617,-0.03998239855665269,-0.500155098432045,0.01000310193873016,1.8622988630871546,1.0393691258704325,0.4788767495788527,0.4769550684429593,0.8460922039364188,0.5242538590082899,1.8411705399164264,1.0286461557557895,0.5
0.7635270541082164,0.25151787273891024,0.06983522915479909,287.841938476649,-1.5110320113080593e-10,0.49763391158574966,-0.020005404749015743,0.9973891853930595,-0.039982398576348895,-0.5001550986696486,0.010003101951462942,1.8375059811065815,1.0371456540934285,0.4798959945909854,0.4811399664783624,0.846561691815632,0.5235791236079376,1.6622443247194685,1.0247708305772063,0.5
0.7655310621242485,0.2515178727384555,0.06983522915485192,288.597431699957,-1.411369001167886e-10,0.4976339117807082,-0.02000540475283556,0.9973891858018352,-0.03998239859007444,-0.5001550988357167,0.010003101961910416,1.8140485516539495,1.0342494217142963,0.48124112290839205,0.4845648982052027,0.8471321961697547,0.523665395997065,1.7966448713171659,1.0178895893836675,0.5
0.7675350701402806,0.2515178727482912,0.06983522915511609,289.35292492324515,-6.334784983693945e-10,0.49763399420875737,-0.020005418276433644,0.997389447951524,-0.0399824053040511,-0.5001552067442225,0.010003096366147877,1.8333827933338536,1.031067391642189,0.4827308441059605,0.4541135997628778,0.8478303558449112,0.5238370536849206,1.9822285029111257,1.0201905309676205,0.10007313216121451
0.7695390781563125,0.251517872737648,0.06983522915505515,290.10841814657726,-3.625251312218656e-11,0.49763390970765725,-0.02000540465395378,0.9973891822062504,-0.03998239848776505,-0.5001550971450499,0.010003101978209035,1.829529076001374,1.0305602576905863,0.48295332976060107,0.3898075148193435,0.8486098924997364,0.522571438040186,1.5662931284078754,1.0351476874355114,0.10000000000022233
0.7715430861723446,0.25151787273737747,0.06983522915502503,290.8639113698833,-8.908013467366742e-11,0.49763391006189006,-0.020005404647968555,0.9973891827416315,-0.03998239848935988,-0.5001550974147415,0.010003101980765754,1.7278782546883396,1.032026388191255,0.4822574326523506,0.3371792439820272,0.8493617004741633,0.5211867961254935,1.0496672913035603,1.0397811661046572,0.09999999999999998
0.7735470941883766,0.2515178727370583,0.06983522915500276,291.61940459319084,-1.0057118711202603e-10,0.4976339104400858,-0.020005404658680965,0.9973891833519021,-0.03998239850630413,-0.5001550977165318,0.010003101982044993,1.6010872072677316,1.033133227625281,0.4817307936938923,0.29410812659902363,0.8500566446944391,0.5213133384251091,1.1203170944892162,1.0362367876140708,0.09999999999999998
0.7755511022044087,0.25151787273670234,0.06983522915498831,292.3748978164987,-1.0497222675954927e-10,0.4976339108119287,-0.020005404673301763,0.9973891839906783,-0.03998239852879735,-0.500155098031604,0.010003101985527688,1.558288466262536,1.0335478212168872,0.4815271303635323,0.2588586091228189,0.8507237832190232,0.5224603675134831,1.60534605639676,1.0358675546512999,0.09999999999999998
0.7775551102204408,0.25151787273632004,0.06983522915497992,293.1303910398065,-1.0814497030977387e-10,0.49763391115744937,-0.02000540468832129,0.9973891846179541,-0.03998239855238632,-0.500155098336891,0.010003101990673694,1.5943945626746472,1.0346274841881855,0.48101862943566714,0.2300103098958106,0.8513664924029174,0.5229026929572144,1.808641514426876,1.0441972016168886,0.09999999999999998
0.7795591182364728,0.2515178727359193,0.06983522915497596,293.88588426311435,-1.1084027065983997e-10,0.4976339114545233,-0.02000540470236847,0.997389185189335,-0.03998239857419763,-0.5001550986070685,0.010003101996371257,1.6081256390739385,1.0374590681508662,0.4797148499558717,0.20640078477667773,0.8519315198139383,0.522093593730026,1.4780913454863305,1.0552491198997178,0.09999999999999998
0.7815631262525049,0.2515178727355069,0.06983522915497518,294.6413774864222,-1.1314197592085404e-10,0.49763391167804816,-0.020005404714152124,0.997389185655114,-0.03998239859122063,-0.5001550988144773,0.010003102001322161,1.5446414423083286,1.041144471378573,0.47803425936394317,0.18707868637617453,0.8523600140428297,0.5212622332039282,1.1014036854499485,1.0585870227441652,0.09999999999999998
0.783567134268537,0.2515178727350752,0.06983522915498644,295.3968707097303,-1.1142608465492746e-10,0.497633911802559,-0.020005404719757165,0.9973891859610408,-0.039982398601138926,-0.5001550989272464,0.010003102007555633,1.4640396856566282,1.0441090119258742,0.47668178272151673,0.1712654294506308,0.8526518695783533,0.5215810545577503,1.1814865893574953,1.0562364860588864,0.09999999999999998
0.785571142284569,0.2515178727346585,0.06983522915498488,296.15236393303815,-1.1807497789311687e-10,0.4976339123827762,-0.020005404745087635,0.9973891874019375,-0.0399823986252957,-0.5001550995276596,0.010003102004981545,1.4469555047780254,1.0462614348712205,0.4756968793425625,0.15832381775804916,0.8528436713981644,0.5225896537746504,1.5478042814384108,1.0566813743973895,0.09999999999999998
0.7875751503006011,0.25151787273424503,0.0698352291549846,296.9078571563459,-1.2222394953366712e-10,0.49763391307692273,-0.020005404779812025,0.9973891891486528,-0.039982398660517816,-0.5001551002527718,0.010003102002881134,1.4832429381998218,1.0487172719373288,0.47458240921974315,0.14773236819174937,0.8529473380735502,0.5229976745290811,1.6683585044724158,1.0635625266371675,0.09999999999999998
0.7895791583166332,0.25151787273383197,0.06983522915498529,297.66335037965376,-1.2578640851069142e-10,0.4976339134963607,-0.020005404807591023,0.9973891902930327,-0.03998239868846833,-0.5001551007015259,0.010003102002843276,1.495271994113606,1.0522223537555198,0.47301304611856504,0.1390642975848653,0.8529316416946242,0.5225054892845521,1.3975672257263712,1.0716158268238285,0.09999999999999998
0.7915831663326652,0.2515178727334211,0.06983522915498655,298.4188436029616,-1.293716956475885e-10,0.4976339136829509,-0.0200054048284425,0.9973891909213861,-0.0399823987085767,-0.5001551009153661,0.010003102003816615,1.4489826632038512,1.0560462413685856,0.4713135626259221,0.13197032545430573,0.8527647739828541,0.5220965017996148,1.1358173881339984,1.0737762599505078,0.09999999999999998
0.7935871743486973,0.2515178727330138,0.06983522915498816,299.17433682626944,-1.33169679923229e-10,0.49763391367583554,-0.020005404842640375,0.9973891911148922,-0.03998239872070492,-0.5001551009333239,0.010003102004958445,1.3954243059238172,1.0591266984117123,0.46994387011179584,0.12616459972002647,0.8524575446151349,0.522563864015269,1.2293730166104297,1.0722493137605296,0.09999999999999998
0.7955911823647294,0.2515178727326113,0.06983522915498998,299.9298300495772,-1.3709625979757746e-10,0.4976339135115457,-0.02000540485046167,0.9973891909495801,-0.039982398724946876,-0.5001551007918946,0.010003102005688951,1.391385317363695,1.061536560775961,0.4688709890813983,0.12141317827641233,0.8520425369667548,0.5234509343411965,1.501051446147378,1.0733161558596795,0.09999999999999998
0.7975951903807614,0.2515178727322145,0.06983522915499175,300.68532327288506,-1.410862420979395e-10,0.4976339132240853,-0.020005404852415278,0.9973891904962725,-0.03998239872187111,-0.5001551005248945,0.010003102005703769,1.421455931579909,1.0641592818900567,0.4677126024410772,0.11752460227953694,0.8515297095891529,0.5238140820410484,1.5541882009608048,1.0790054418654664,0.09999999999999998
0.7995991983967935,0.2515178727317885,0.06983522915499213,301.4408164961929,-1.4510027599858172e-10,0.49763391030966775,-0.020005404699749676,0.9973891837047277,-0.03998239851621969,-0.5001550975439684,0.01000310196468889,1.4269272700106235,1.0674433153572593,0.4662784288973441,0.1143421812998439,0.8508980858411755,0.5235556025274818,1.3322176646747441,1.084740774950957,0.09999999999999998
0.8016032064128256,0.2515178727322968,0.06983522915508032,302.1963097195025,-1.0586870006529096e-10,0.49763390925314366,-0.020005404976780616,0.9973891861628108,-0.0399823989710383,-0.500155100010744,0.010003102084694963,1.400908499643257,1.0699330669595186,0.4651895671976345,0.17099178630008413,0.850139440611489,0.5239105538938439,1.3616211015698476,1.0744719970775054,0.49999994225783234
0.8036072144288576,0.2515178727337921,0.06983522915503962,302.9518029428064,-2.04670575530059e-10,0.4976339090632571,-0.020005404871812318,0.9973891848370975,-0.039982398707653896,-0.5001550990973082,0.010003102001610194,1.4455389068519193,1.0695125581086447,0.46535821434264324,0.2307387993809904,0.8493411074867567,0.5254910525651957,1.9406018655582635,1.0624617808376613,0.4999999999999999
0.8056112224448897,0.25151787273486986,0.06983522915502613,303.7072961661127,-2.406147107669621e-10,0.49763390896271376,-0.020005404839433284,0.9973891839253252,-0.03998239864551241,-0.500155098379434,0.010003101974686238,1.5742325196092999,1.0679238624504361,0.4660422193723942,0.27963591442449404,0.8485910657376822,0.5263218722967464,2.251988615448959,1.0610401405448249,0.5
0.8076152304609218,0.25151787273561554,0.06983522915503373,304.46278938941975,-2.5313361967932144e-10,0.4976339088586141,-0.020005404811964642,0.9973891831137506,-0.03998239859380204,-0.5001550977798153,0.010003101952208873,1.6738252398226394,1.0671212571266229,0.46638263800802887,0.31965344394248346,0.8478924985861597,0.52556935256983,1.9197935646513062,1.0655370288530401,0.5
0.8096192384769538,0.2515178727360972,0.06983522915505667,305.2182826127276,-2.5604852218864916e-10,0.49763390877033575,-0.020005404786270994,0.9973891824225859,-0.03998239855009577,-0.5001550972963252,0.010003101934904139,1.6719437608453735,1.0666927436367724,0.4665608353783753,0.3524038969558828,0.847212881132589,0.5245613329459724,1.4713741947604382,1.0622054621635038,0.5
0.8116232464929859,0.25151787273637,0.06983522915508984,305.97377583603543,-2.5366044846630635e-10,0.4976339087148402,-0.02000540476201228,0.9973891818692386,-0.03998239851333233,-0.5001550969263868,0.01000310192204725,1.6324501838984429,1.0648741427966137,0.46735665777082747,0.37920695515318814,0.846573890479316,0.5247722355464656,1.5360938774503958,1.0510407359914948,0.5
0.813627254509018,0.25151787273647824,0.06983522915512923,306.72926905934327,-2.469552815483318e-10,0.49763390870435187,-0.02000540473997146,0.9973891814659859,-0.03998239848370041,-0.5001550966670345,0.010003101913065035,1.6551862386480203,1.0614202056721433,0.4688927610235575,0.40114264955211687,0.8460432132217348,0.5258219964734002,1.976083841927087,1.0420946853451576,0.5
0.81563126252505,0.25151787273645737,0.06983522915517203,307.4847622826511,-2.3698564172743766e-10,0.497633908748178,-0.020005404720948215,0.9973891812198051,-0.039982398461349974,-0.5001550965129182,0.010003101907361292,1.7396651895127313,1.0577327307517874,0.4705427704784793,0.4190948804214967,0.8456615687787087,0.5262054037929927,2.176683382725051,1.041557055496597,0.5
0.8176352705410821,0.25151787273633536,0.06983522915521624,308.24025550595894,-2.2450778044019351e-10,0.497633908850223,-0.020005404705535544,0.9973891811324518,-0.03998239844645318,-0.5001550964588706,0.010003101904600568,1.7990394554531215,1.055128398085941,0.4717037835683587,0.4337870341015498,0.8454078641689657,0.5254197830825859,1.9079009848865198,1.0447796437592638,0.5
0.8196392785571142,0.2515178727361228,0.06983522915527052,308.99574872926723,-2.0650330056427586e-10,0.49763390901390264,-0.02000540469161629,0.9973891812012973,-0.039982398440341516,-0.5001550964957996,0.01000310190832948,1.7848467156241747,1.053098668233163,0.4726075058448032,0.445811131904716,0.8452423332558203,0.5245238232477087,1.585555461708479,1.0418140829143516,0.5
0.8216432865731462,0.2515178727358608,0.06983522915530951,309.7512419525751,-1.957031567195209e-10,0.49763390922957407,-0.02000540468335365,0.9973891814151081,-0.03998239843938125,-0.5001550966191729,0.010003101910966058,1.7483453144763468,1.0502611388344256,0.4738880859919663,0.4556516856539308,0.8451709584923998,0.5245713977062455,1.6535058680584525,1.033086810098373,0.5
0.8236472945891783,0.2515178727355541,0.06983522915534675,310.50673517588353,-1.8319218281823917e-10,0.49763390949724584,-0.02000540467974921,0.9973891817630753,-0.03998239844637269,-0.500155096815067,0.010003101916443657,1.7618048885266442,1.0464255680792764,0.4756412306388662,0.4637052211188343,0.845235363079978,0.5252141199874621,1.985931754539579,1.0263388317601252,0.5
0.8256513026052104,0.2515178727352141,0.06983522915538141,311.26222839919166,-1.7142309975580433e-10,0.49763390980677563,-0.020005404679852148,0.9973891822251794,-0.03998239845959442,-0.5001550970705955,0.01000310192421803,1.8213453867957645,1.0426646567740452,0.4773688520738564,0.47029625604811337,0.8454564446167487,0.5253226086519568,2.1271680317439046,1.0261440913910287,0.5
0.8276553106212424,0.2515178727348503,0.0698352291554132,312.0177216224997,-1.6026079087296814e-10,0.4976339101461058,-0.020005404683417535,0.9973891827771814,-0.03998239847808868,-0.5001550973705486,0.010003101933834616,1.8612616899943306,1.0399194276030663,0.4786256951788753,0.4756903766338288,0.8458090276746378,0.524556308775814,1.920376821415304,1.028584511488932,0.5
0.8296593186372745,0.25151787273447024,0.06983522915544196,312.77321484580773,-1.496494217644762e-10,0.4976339105004018,-0.020005404689820035,0.9973891833897892,-0.03998239850053403,-0.5001550976974327,0.010003101944884686,1.8466923655547673,1.0377435515038684,0.47962092654267646,0.48010493932473713,0.84625656966536,0.5237285272662658,1.681053160958446,1.0263045149700443,0.5
0.8316633266533066,0.2515178727340795,0.06983522915546762,313.52870806911574,-1.3961564858318374e-10,0.49763391085203396,-0.02000540469837127,0.9973891840284903,-0.03998239852536293,-0.5001550980313239,0.010003101956809157,1.8166929502736,1.035062930961541,0.48086155944731573,0.48371782921889145,0.8467987682365344,0.5236222106821233,1.7351189620025638,1.0196158762865883,0.5
0.8336673346693386,0.25151787273379633,0.06983522915548772,314.2842012924237,-1.3411846400488387e-10,0.4976339108139211,-0.020005404865653473,0.9973891862372197,-0.03998239863956003,-0.5001550982505895,0.010003101947913533,1.825008432137091,1.031733725876738,0.48241994848311776,0.4735879447424836,0.8474633760505982,0.5239444455195423,1.9779254455258022,1.0163242573423954,0.11437492795662861
0.8356713426853707,0.25151787273319504,0.06983522915604362,315.03969451574284,1.2916399185255942e-10,0.49763391069623314,-0.020005404621563524,0.9973891844404301,-0.039982398651258966,-0.5001550986123613,0.0100031021557226,1.8395686862199374,1.030358731408361,0.48305192028478056,0.4057453715384885,0.8482344709938974,0.523050887632852,1.7247344914631941,1.0316733429484903,0.10000000009216989
0.8376753507014028,0.2515178727332442,0.06983522915584242,315.79518773904203,-9.470926044165066e-11,0.4976339110005294,-0.020005404591528775,0.9973891849615067,-0.039982398613396794,-0.5001550988387321,0.010003102146671222,1.7626844978841592,1.031556677035185,0.4824792450582666,0.3502228284788162,0.8490022971056773,0.521482592077031,1.1468710258897634,1.039753954988751,0.09999999999999998
0.8396793587174348,0.2515178727332018,0.06983522915567487,316.5506809623483,-1.3830276958416567e-10,0.497633911316474,-0.02000540461396164,0.997389185474341,-0.039982398612015545,-0.500155099013721,0.010003102122116261,1.6299387434564425,1.0328948480261508,0.4818449049904337,0.30478303098049914,0.8497119573748799,0.5211532781821109,1.0366964603258881,1.0372496458636524,0.09999999999999998
0.8416833667334669,0.2515178727330838,0.06983522915554484,317.30617418565606,-1.4375824524835851e-10,0.4976339115354388,-0.020005404644047504,0.9973891858544243,-0.0399823986177536,-0.5001550991203069,0.010003102098788368,1.5591248765612282,1.033401886379077,0.4815977375879199,0.26759497937287596,0.8503855454116918,0.5221890983433553,1.4752670941302202,1.0351390636679512,0.09999999999999998
0.843687374749499,0.2515178727329102,0.06983522915544586,318.0616674089639,-1.4403818162707138e-10,0.4976339118212193,-0.02000540467425683,0.9973891864915442,-0.0399823986244464,-0.5001550993281924,0.01000310207681296,1.58229182676657,1.0341433785360352,0.4812444579338229,0.23716017863662722,0.8510395306798861,0.5229558210794176,1.8113296772856546,1.0411798393220721,0.09999999999999998
0.845691382765531,0.25151787273270093,0.0698352291553712,318.8171606322717,-1.4311977658795273e-10,0.4976339126738175,-0.020005404725701007,0.9973891885112361,-0.03998239865957117,-0.5001551001459856,0.010003102056773126,1.6118717003820415,1.0365049197022176,0.48015222841725697,0.21225225644689444,0.8516340399806511,0.5224139539180667,1.599872583776045,1.0527197498116967,0.09999999999999998
0.8476953907815631,0.2515178727324556,0.06983522915531559,319.5726538555795,-1.412096365741331e-10,0.4976339132273204,-0.020005404766977833,0.9973891898915223,-0.03998239868809634,-0.5001551006759751,0.010003102042893272,1.5673180059038396,1.0401417337544665,0.4784911506714634,0.1918675464163794,0.8521035003601933,0.5214269676302948,1.1683644361394252,1.058543300739928,0.09999999999999998
0.8496993987975952,0.25151787273218307,0.06983522915527479,320.32814707888735,-1.3855031406885207e-10,0.4976339135260465,-0.020005404798889962,0.9973891907209936,-0.03998239870936524,-0.5001551009594235,0.010003102033234849,1.4815550262452148,1.0433831645457037,0.47701352256737484,0.17518464529517186,0.8524302521645807,0.5214091015504926,1.1123065482606178,1.0568649913406611,0.09999999999999998
0.8517034068136272,0.2515178727318902,0.06983522915524545,321.0836403021952,-1.3541139837019072e-10,0.49763391361121895,-0.020005404822210155,0.9973891910829756,-0.039982398723055305,-0.5001551010354277,0.01000310202625671,1.4438655361245403,1.0456693440207436,0.47596751248468455,0.16153131447015248,0.852647406524117,0.5223597502175997,1.453554710571154,1.0558955577759503,0.09999999999999998
0.8537074148296593,0.2515178727315829,0.06983522915522504,321.839133525503,-1.3195775128647498e-10,0.4976339135212424,-0.020005404837563617,0.9973891910556423,-0.03998239872907975,-0.5001551009407513,0.010003102020836084,1.4725383464320716,1.0479230708778549,0.47494118079121145,0.15035739206527213,0.8527778995219176,0.5230219768482488,1.6804449828357702,1.061193323157038,0.09999999999999998
0.8557114228456913,0.25151787273126563,0.0698352291552115,322.5946267488108,-1.2815230101636985e-10,0.49763391329183776,-0.02000540484571328,0.9973891907119593,-0.039982398727837105,-0.5001551007096373,0.010003102016231218,1.4980429909263853,1.0511586854292774,0.47348759759250886,0.1412126241320843,0.8528000266938961,0.5227084351597282,1.4911094620850658,1.0698323962597145,0.09999999999999998
0.8577154308617234,0.251517872730942,0.0698352291552031,323.35011997211865,-1.2410426776175513e-10,0.4976339129559439,-0.020005404847497268,0.9973891901196413,-0.0399823987198166,-0.5001551003738571,0.010003102011748742,1.4651859915522678,1.0550258037672084,0.47176682281297033,0.13372852163687857,0.8526761233567589,0.5221587109713502,1.1769533209032952,1.0737743627463587,0.09999999999999998
0.8597194388777555,0.2515178727306149,0.06983522915519864,324.1056131954265,-1.2008697234195507e-10,0.497633912543629,-0.020005404843781733,0.9973891893411625,-0.03998239870569966,-0.5001550999628149,0.010003102006894997,1.4062133610019303,1.0583525898459116,0.47028844844996104,0.12760351217050162,0.8524049122496866,0.5223832499860355,1.1705748189331027,1.0725874275972032,0.09999999999999998
0.8617234468937875,0.25151787273028653,0.06983522915519723,324.8611064187343,-1.1603239563698775e-10,0.49763391208226193,-0.020005404835349374,0.9973891884338445,-0.03998239868631748,-0.5001550995034622,0.01000310200144137,1.387025094265687,1.0608686929230875,0.46916784522348937,0.12259078806802488,0.8520179346663822,0.523257436459052,1.435880560432666,1.0724949798403112,0.09999999999999998
0.8637274549098196,0.2515178727299591,0.06983522915519803,325.6165996420421,-1.1193278513043605e-10,0.49763391159665493,-0.020005404822941778,0.9973891874498307,-0.03998239866261637,-0.5001550990201269,0.010003101995351737,1.4134712541154348,1.0633490056648824,0.4680689809964075,0.11848836127743112,0.8515341163819492,0.5238197395879889,1.5738760610428102,1.077154943571894,0.09999999999999998
0.8657314629258517,0.2515178727296201,0.0698352291552004,326.37209286535,-1.0729152282697431e-10,0.49763391096589654,-0.02000540478264613,0.9973891859358017,-0.03998239861305307,-0.5001550983573022,0.010003101988967318,1.430186104468658,1.0664785496551337,0.46669849159579513,0.11513092423753088,0.8509386132270462,0.5236697432948011,1.402867226517245,1.083527293845015,0.09999999999999998
0.8677354709418837,0.2515178727308777,0.0698352291557498,327.1275860886633,2.5987177848631885e-11,0.4976337975050751,-0.020005401811379168,0.9973889526245625,-0.039982393680435366,-0.5001549899171517,0.010003099442375471,1.4056132422789094,1.0695285404512993,0.46536912152930304,0.15291851275367194,0.8502116110865434,0.5236599993432509,1.2766232984344374,1.0784930746808912,0.49999046630831817
0.8697394789579158,0.2515178727308517,0.06983522915531706,327.8830793119665,-9.478127315288322e-11,0.49763390904492555,-0.02000540476648031,0.9973891831063691,-0.039982398613428706,-0.5001550988383837,0.010003101982765198,1.422724580166149,1.0697942620906955,0.46523873816542843,0.21594758379419565,0.8494141255727706,0.5250786137333142,1.776659731843002,1.0647925433921088,0.499999999999974
0.8717434869739479,0.2515178727318695,0.0698352291553024,328.6385725352725,-1.4410646732184524e-10,0.4976339096620023,-0.02000540475909397,0.9973891837267203,-0.039982398604590026,-0.5001550988997319,0.010003101976871827,1.5372116773929896,1.068280012301191,0.46588904337995574,0.2675307440906702,0.8486491217775565,0.5262846256683776,2.2338319598992773,1.0602756446291086,0.5
0.8737474949899798,0.2515178727325852,0.06983522915530453,329.39406575857953,-1.6049861554885077e-10,0.4976339102201655,-0.020005404762188855,0.9973891843606959,-0.0399823986083496,-0.5001550990102684,0.01000310197375259,1.656557101807785,1.0671855135781079,0.466357357828548,0.30974654021642556,0.8479422055370718,0.5258959458679102,2.053510883131321,1.0645859135866464,0.5
0.8757515030060119,0.251517872733061,0.06983522915531944,330.14955898188737,-1.664042878963562e-10,0.4976339107011617,-0.020005404767534686,0.9973891849599879,-0.03998239861695242,-0.5001550991370256,0.010003101974362643,1.6808042535036696,1.0668368529709593,0.4664999194202281,0.3442960604918445,0.8472603691687335,0.524765708448835,1.5567528567618842,1.0641503779062846,0.5
0.877755511022044,0.2515178727333468,0.06983522915534275,330.9050522051952,-1.673652729638574e-10,0.4976339110884843,-0.020005404772089883,0.9973891854768652,-0.03998239862513666,-0.5001550992457201,0.010003101976913736,1.639948271801773,1.0655032956589143,0.4670794087478729,0.37257148014061203,0.8466063513225303,0.5245993011617452,1.4610626531340085,1.054176921778558,0.5
0.879759519038076,0.25151787273348325,0.06983522915537112,331.66054542850304,-1.644829244536909e-10,0.49763391136167884,-0.020005404774266537,0.9973891858587474,-0.03998239862888415,-0.5001550993011619,0.010003101979419263,1.640715488069717,1.0623950427087296,0.46845730749844144,0.395712159083217,0.8460422689754216,0.5255639133716169,1.8570588623615347,1.0437265211523192,0.5
0.8817635270541081,0.2515178727335043,0.06983522915540212,332.4160386518109,-1.5855809481051175e-10,0.4976339116550039,-0.020005404778426928,0.9973891864131625,-0.03998239863100627,-0.500155099430457,0.01000310197923793,1.7155479982296007,1.0585968354864748,0.4701560202358907,0.4146505525207699,0.8456222504279277,0.5262462553322597,2.1727139148820833,1.04086819940412,0.5
0.8837675350701402,0.25151787273344295,0.06983522915543404,333.1715318751187,-1.5042048843909831e-10,0.4976339125524049,-0.02000540480993374,0.9973891884567044,-0.03998239866378781,-0.5001551002252187,0.010003101976716035,1.7902080872329909,1.0556661705977832,0.4714647790557646,0.43014978427942846,0.8453407314760623,0.5257172166922303,2.0098756461125085,1.0441655722122034,0.5
0.8857715430861722,0.2515178727333076,0.06983522915546587,333.9270250984267,-1.4068343642853706e-10,0.4976339131421978,-0.02000540483514639,0.9973891898577688,-0.03998239869065435,-0.5001551007377365,0.010003101977176488,1.794341763168009,1.053628318709325,0.472370982486246,0.44283439693757726,0.8451553225586038,0.5247092226911758,1.6438215965223086,1.0433794946312622,0.5
0.8877755511022043,0.25151787273311516,0.0698352291554965,334.6825183217349,-1.3118453804802802e-10,0.49763391346998803,-0.020005404853676592,0.997389190705054,-0.03998239871081809,-0.5001551010080949,0.0100031019797438,1.7553122396699363,1.051094439728463,0.47350995297475,0.4532155178080716,0.8450570033122609,0.524473713017435,1.5933092722522055,1.0355083110585661,0.5
0.8897795591182364,0.251517872732879,0.06983522915552494,335.438011545043,-1.2214150204041318e-10,0.49763391357841524,-0.020005404865703107,0.9973891910821023,-0.03998239872373842,-0.5001551010741876,0.010003101983252004,1.751822693680897,1.0474551827667653,0.47516885763715244,0.4617114548486152,0.8450830931403144,0.5250643338915887,1.8977216284565257,1.0275204118684786,0.5
0.8917835671342684,0.2515178727326097,0.0698352291555507,336.1935047683511,-1.1353253655620918e-10,0.49763391350695285,-0.02000540487172989,0.9973891910671799,-0.039982398729344,-0.5001551009718015,0.010003101986712263,1.8043852810313787,1.0435453537362769,0.4769642891969341,0.468664552408797,0.8452647871452041,0.5254030759071847,2.126839394098716,1.0255719664272047,0.5
0.8937875751503005,0.2515178727323159,0.06983522915557365,336.94899799165904,-1.0533748167904287e-10,0.497633913291975,-0.020005404872210093,0.9973891907333601,-0.039982398727733244,-0.5001551007346318,0.010003101989393923,1.8558644830227755,1.0405091807516236,0.4783563946045738,0.4743549860184768,0.8455881819166334,0.52482536419699,1.997333916888649,1.0281244580180842,0.5
0.8957915831663326,0.25151787273200416,0.0698352291555938,337.704491214967,-9.751651542144872e-11,0.4976339129670039,-0.020005404867624352,0.9973891901485623,-0.03998239871943758,-0.5001551003940736,0.010003101991000893,1.8547314663052337,1.038294244510879,0.47936846447688136,0.4790120520794376,0.8460140317058312,0.5239077854109147,1.723791209857173,1.0274897485466048,0.5
0.8977955911823646,0.2515178727316803,0.06983522915561113,338.459984438275,-9.008863074484765e-11,0.4976339125628247,-0.020005404858545194,0.9973891893755039,-0.03998239870521188,-0.5001550999790566,0.010003101991405191,1.8225121481493327,1.0358184615374337,0.4805101614174513,0.4828234073791817,0.8465303650742743,0.5235864876335419,1.689272818112602,1.0214693199177503,0.5
0.8997995991983967,0.25151787273130466,0.0698352291556256,339.21547766158295,-8.24249599088622e-11,0.49763391031169624,-0.020005404709555568,0.9973891839006556,-0.039982398515162935,-0.5001550976115323,0.010003101962328629,1.817988210593002,1.0325919503842402,0.4820171432781933,0.4859426307340522,0.8471614347016051,0.523890935636182,1.9199162944737762,1.0153498549983764,0.5
0.9018036072144288,0.251517872732205,0.06983522915571376,339.97097088489534,2.338147011078069e-11,0.4976339074226456,-0.020005404937884556,0.9973891833933943,-0.03998239893159585,-0.5001550993724431,0.010003102092970154,1.8420444085461278,1.0303562267689397,0.4830576082130352,0.4224794371801382,0.8479146963777497,0.5234480011800723,1.8566319947165046,1.027594492951083,0.10000000820025344
0.9038076152304608,0.25151787273435494,0.06983522915563999,340.72646410819857,-9.933161231379878e-11,0.4976339075434652,-0.02000540483009824,0.9973891823872106,-0.03998239866265381,-0.5001550985010236,0.010003102002945076,1.792837401739989,1.0310874925281663,0.48270106448814637,0.3639180324822602,0.8486945214109596,0.5218519189370477,1.2821903819789044,1.0388822680383956,0.09999999999999999
0.9058116232464929,0.2515178727359414,0.06983522915560296,341.4819573315046,-1.4714058617771255e-10,0.49763390775289734,-0.02000540479725228,0.9973891818420939,-0.03998239859706041,-0.5001550978748741,0.01000310196995241,1.663721898272522,1.032587433239839,0.48199111511296766,0.3159912225052798,0.8494209460313495,0.5210773117337472,0.9974263571336832,1.0383267530706237,0.09999999999999998
0.907815631262525,0.25151787273677567,0.06983522915566143,342.23745055481356,-1.1741809490666863e-10,0.497633916062587,-0.020005405272850163,0.9973892023291873,-0.03998239998945118,-0.5001551044017232,0.010003102735506373,1.567480027076722,1.033273163597106,0.48166047559752806,0.27676779324465345,0.8501023526690723,0.5218700805246763,1.3368543581443253,1.0350557002617244,0.09999999999999998
0.909819639278557,0.25151787273784465,0.06983522915561534,342.9929437781193,-1.699830304294799e-10,0.4976339081793222,-0.02000540474778948,0.997389181217924,-0.039982398511311974,-0.5001550970936834,0.010003101929869695,1.5706458503691743,1.033791521996672,0.48140975404398423,0.24466723400226562,0.8507644368756927,0.5228777556039829,1.7697175428359042,1.038645095799372,0.09999999999999998
0.9118236472945891,0.25151787273833853,0.06983522915563797,343.74843700142713,-1.70493450014972e-10,0.497633908421331,-0.020005404729389074,0.9973891811433918,-0.039982398484438485,-0.5001550969121731,0.010003101918110597,1.609542228604697,1.0356585540220433,0.4805416118171166,0.21839605060247574,0.8513829709279274,0.5226736956656748,1.7036833269211915,1.049721119078476,0.09999999999999998
0.9138276553106212,0.2515178727386086,0.06983522915567007,344.503930224735,-1.6371205890656096e-10,0.4976339086956639,-0.020005404715038744,0.9973891812245088,-0.039982398467876545,-0.5001550968501423,0.010003101911822444,1.5866105051882196,1.0391096589822155,0.47896161935465653,0.19689564395801412,0.8518918402532089,0.5216466240238519,1.265973119573151,1.0579058894633784,0.09999999999999998
0.9158316633266532,0.2515178727387023,0.06983522915570767,345.2594234480433,-1.530162152176926e-10,0.49763390900429566,-0.020005404704739015,0.997389181451622,-0.03998239846109301,-0.5001550968929505,0.01000310191064201,1.5029553995268086,1.0425871346515772,0.47737692669846943,0.17929965374916293,0.8522559743003095,0.5212923412081115,1.0753234546002073,1.0575726681121482,0.09999999999999998
0.9178356713426853,0.2515178727386578,0.06983522915574704,346.0149166713519,-1.425156923420701e-10,0.4976339093451879,-0.02000540469796028,0.9973891818103158,-0.03998239846297652,-0.5001550970251881,0.010003101914179606,1.4461338856463206,1.045081239442366,0.47623667178224505,0.16489904837688937,0.8525000464828542,0.5220834528962575,1.3499946240982983,1.055617084229218,0.09999999999999998
0.9198396793587174,0.2515178727385059,0.06983522915578558,346.77040989466036,-1.325584591243457e-10,0.4976339097125891,-0.020005404694689893,0.9973891822811318,-0.03998239847219459,-0.5001550972301148,0.010003101921342053,1.4615559239451976,1.0472167876005134,0.47526147706979277,0.15311355448727273,0.8526553266469652,0.5229447287186608,1.6587320304707565,1.0591218884001603,0.09999999999999998
0.9218436873747494,0.25151787273827114,0.06983522915582155,347.5259031179687,-1.232017242133873e-10,0.4976339100971548,-0.02000540469473745,0.9973891828394331,-0.039982398487517376,-0.5001550974894009,0.01000310193134519,1.496046973705443,1.0501555781631502,0.4739363752800994,0.14346827481800478,0.852711847793518,0.5228705511513235,1.5744694996231516,1.0676671793140946,0.09999999999999998
0.9238476953907815,0.2515178727379735,0.06983522915585384,348.2813963412769,-1.1433660163911315e-10,0.4976339104861146,-0.02000540469779694,0.9973891834553598,-0.039982398507409915,-0.5001550977829181,0.010003101943253056,1.4792605261007175,1.0539697379783688,0.472236061705744,0.13557455218153083,0.852630467272979,0.522262899514421,1.2432446930824095,1.0733721758651016,0.09999999999999998
0.9258517034068136,0.25151787273762827,0.069835229155882,349.03688956458495,-1.0594766917397575e-10,0.4976339108632459,-0.020005404703329406,0.9973891840938117,-0.039982398530055856,-0.500155098088747,0.010003101956110278,1.4202434306792429,1.0575232533638383,0.47065737277510206,0.1291143084977543,0.852397455453687,0.5222347818486236,1.1338372824007672,1.0730301274484868,0.09999999999999998
0.9278557114228456,0.251517872737248,0.06983522915590591,349.792382787893,-9.800902056051686e-11,0.497633911209097,-0.0200054047103834,0.9973891847145387,-0.039982398553278765,-0.500155098383044,0.010003101969049782,1.3863716851279353,1.0602079235357096,0.46946200518875597,0.12382722781658441,0.8520396261773514,0.5230182924371661,1.3603315669381104,1.072067069485555,0.09999999999999998
0.9298597194388777,0.251517872736843,0.06983522915592565,350.5478760112011,-9.042721830541668e-11,0.49763391150129493,-0.020005404717627847,0.99738918527216,-0.039982398574401036,-0.5001550986397519,0.01000310198111718,1.4046891140491349,1.0626026088839493,0.4683983740750686,0.11950026686936452,0.8515831963134894,0.5237477538460378,1.5684005544473034,1.0754636271832325,0.09999999999999998
0.9318637274549098,0.251517872736421,0.06983522915594136,351.30336923450903,-8.329263046156876e-11,0.49763391171456417,-0.020005404723485522,0.997389185716086,-0.03998239859021985,-0.5001550988305005,0.010003101991115121,1.4298060680206937,1.0655474755172831,0.4671047775687331,0.11595907047615227,0.8510215527701801,0.5237588870886647,1.469520541128751,1.0820028277349463,0.09999999999999998
0.9338677354709418,0.25151787273656623,0.0698352291559772,352.05886245781625,-1.0283229937483316e-10,0.49763393942974243,-0.020005405567339846,0.997389247993542,-0.03998239855896809,-0.5001551281211188,0.01000310124534369,1.4137115919882075,1.0688924569496911,0.46564805549365657,0.133875758870821,0.8503303577680921,0.5235206909628001,1.2484064139855833,1.0824306698886261,0.4980573230507198
0.9358717434869739,0.2515178727369437,0.06983522915603686,352.8143556811263,-5.606823822436318e-11,0.49763391214694436,-0.020005404895798846,0.9973891897545453,-0.03998239878343504,-0.5001551016626391,0.010003102008615294,1.407890794080713,1.0699526414028893,0.4651736335158694,0.20036294352802245,0.8495412863648379,0.5246305706512698,1.6088425055376567,1.067833284395897,0.49999999999515476
0.937875751503006,0.2515178727377824,0.06983522915603531,353.5698489044324,-1.0399573105035651e-10,0.49763391272158947,-0.020005404896973326,0.9973891906508482,-0.03998239877634189,-0.5001551017294996,0.010003102001301542,1.5006589481278223,1.0686873099058654,0.46571352648272657,0.254776232881655,0.8487626885490347,0.5261012575696147,2.1642772073335275,1.06026210234948,0.5
0.939879759519038,0.25151787273832726,0.06983522915604344,354.3253421277397,-1.2091087117840419e-10,0.49763391303467847,-0.02000540490070245,0.9973891910752289,-0.039982398771759575,-0.5001551016328251,0.010003101995543906,1.631676415050121,1.0673280113949444,0.4662978961078043,0.2993082141854784,0.8480440113325974,0.5261461903138361,2.161692150285295,1.0632383953514637,0.5
0.9418837675350701,0.2515178727386392,0.06983522915605851,355.0808353510475,-1.276510247053721e-10,0.4976339131269749,-0.020005404900769495,0.9973891910996054,-0.03998239876481313,-0.5001551014009188,0.010003101992354822,1.6845039683231462,1.0669129255279972,0.46646906596196774,0.33575330659567415,0.8473596050428489,0.5250320607940032,1.6748983989306685,1.0653306440569217,0.5
0.9438877755511021,0.2515178727387671,0.06983522915607743,355.8363285743553,-1.2946134883335393e-10,0.4976339130420388,-0.020005404895980655,0.9973891907971736,-0.03998239875360338,-0.5001551010604156,0.010003101990674461,1.6509146568170372,1.0660038425209386,0.4668600738312868,0.36558006754126926,0.8466950632223964,0.5245014727541615,1.4255826911309486,1.0573006757597496,0.5
0.9458917835671342,0.2515178727387503,0.06983522915609791,356.59182179766316,-1.2791171997029606e-10,0.4976339128196685,-0.02000540488660161,0.9973891902364669,-0.03998239873777277,-0.5001551006370385,0.010003101989536271,1.63226348226099,1.063325939141019,0.46804257518350756,0.38999036834363415,0.8461013889840313,0.5252669502802,1.7313369728778663,1.0459580223912368,0.5
0.9478957915831663,0.2515178727386204,0.06983522915611838,357.347315020971,-1.2308850540357816e-10,0.4976339124956988,-0.02000540487323378,0.9973891894807714,-0.03998239871757041,-0.5001551001552319,0.010003101988276822,1.6914466893733748,1.0595419658514165,0.4697327272274782,0.40996782370149815,0.8456421209139834,0.5261741229650596,2.1302104231327967,1.040701637339114,0.5
0.9498997995991983,0.25151787273839094,0.06983522915614832,358.10280824427923,-1.1141284762944461e-10,0.49763391210549335,-0.020005404854363293,0.9973891885894001,-0.03998239869495426,-0.5001550996358999,0.010003101990060584,1.775718355514773,1.0562874689882058,0.47118807538670615,0.4263174265108095,0.845328892008121,0.5259613978299653,2.0954989540512914,1.0432163057403925,0.5
0.9519038076152304,0.25151787273810366,0.06983522915616147,358.85830146758707,-1.0880872253794412e-10,0.4976339116682807,-0.020005404834181992,0.9973891876109351,-0.03998239866678343,-0.5001550991055121,0.010003101987386912,1.8004082295549513,1.0541264102471202,0.4721492670158703,0.4396979851071572,0.8451224913270851,0.5249427460985434,1.7277597491115941,1.0443828552284924,0.5
0.9539078156312625,0.2515178727377657,0.06983522915617278,359.613794690895,-1.0191067992617141e-10,0.4976339112168859,-0.020005404813004446,0.9973891865975415,-0.03998239863691568,-0.5001550985802851,0.010003101983519246,1.76520267191398,1.0518493042600603,0.4731688001656046,0.4506486699915648,0.8449998575288327,0.5244283577185623,1.5616338825683662,1.0379379966357414,0.5
0.9559118236472945,0.2515178727373898,0.06983522915618195,360.3692879142031,-9.446231605508216e-11,0.49763391077155833,-0.020005404790598345,0.9973891855902128,-0.039982398605963074,-0.5001550980779946,0.010003101979133447,1.746378588201505,1.0484722071951753,0.4747032556102874,0.45961073974179045,0.8449897345609639,0.5248801780450122,1.8033262761462572,1.0291858849898776,0.5
0.9579158316633266,0.25151787273698606,0.06983522915618867,361.1247811375111,-8.712952483414745e-11,0.49763391035112026,-0.02000540476744435,0.9973891846260626,-0.03998239857463188,-0.500155097613929,0.010003101974318817,1.7873529778161859,1.0445056453211377,0.47652285805382,0.46694532155613944,0.8451305678921006,0.5253962615069933,2.0976540637245047,1.0253810884474763,0.5
0.9599198396793587,0.2515178727365628,0.06983522915619282,361.8802743608191,-8.031311792264782e-11,0.4976339099714289,-0.02000540474435708,0.997389183737109,-0.03998239854399278,-0.5001550972012437,0.0100031019692158,1.8462451088164762,1.0411746559598536,0.47805198539102134,0.47294796289800095,0.845421222221391,0.5250541185956109,2.0627201937916353,1.0274078119692756,0.5
0.9619238476953907,0.2515178727361266,0.06983522915619443,362.6357675841271,-7.398358697682277e-11,0.4976339096454534,-0.020005404721985816,0.997389182950235,-0.03998239851508473,-0.5001550968508457,0.010003101964138525,1.8602980439608028,1.038831928472856,0.4791226040073273,0.4778605406005938,0.8458240716326396,0.5241225465378619,1.7859241808356545,1.0282507212198053,0.5
0.9639278557114228,0.25151787273568277,0.06983522915619352,363.39126080743506,-6.817591671858923e-11,0.49763390938344815,-0.02000540470090756,0.9973891822871213,-0.039982398488880064,-0.5001550965711542,0.010003101959440347,1.8305981178289013,1.0365229817371053,0.4801836868985612,0.4818810073100922,0.8463161454940208,0.5235886789868667,1.6647336708319347,1.023328920419224,0.5
0.9659318637274549,0.2515178727352353,0.06983522915619021,364.1467540307429,-6.267742045945166e-11,0.4976339091928985,-0.02000540468190477,0.9973891817642191,-0.03998239846633098,-0.5001550963681239,0.010003101955278345,1.8143334673919793,1.033473806765155,0.4816036776965082,0.4851713680007041,0.8469148921131487,0.5237880786809149,1.8485006345262587,1.0166126481728008,0.5
0.9679358717434869,0.25151787274883397,0.06983522916441409,364.90224725410127,1.2042242378971918e-9,0.4976330358494766,-0.02000536736236181,0.9973872693691798,-0.0399823186119708,-0.5001542402497559,0.01000306890850014,1.838552763724105,1.03059413546535,0.48295026717465456,0.44018403965024944,0.8476418147830677,0.5237410067188576,1.9475742723812621,1.0232560238319217,0.09999965031545362
0.969939879759519,0.25151787273382564,0.06983522915748912,365.6577404773765,3.1054629654590344e-10,0.49763390899575605,-0.020005404280404315,0.9973891817983563,-0.0399823986382459,-0.5001550973488474,0.010003102505215612,1.8166079521830958,1.03067402110133,0.48289745526936423,0.3784075283908213,0.8484273429328303,0.5222766582506204,1.441508675458191,1.037043833123816,0.10000000000002371
0.9719438877755511,0.2515178727340752,0.0698352291568631,366.41323370066993,-6.066555559602879e-11,0.49763390932547197,-0.020005404252514764,0.9973891821800256,-0.039982398534409054,-0.5001550975059212,0.010003102426132214,1.70024516748524,1.0322155822322685,0.48216728910222983,0.32784946464820225,0.8491713523507323,0.5211149065067804,1.0081255672241587,1.0392389796487191,0.09999999999999998
0.9739478957915831,0.2515178727341847,0.06983522915635254,367.1687269239753,-1.2607057958950313e-10,0.4976339097615184,-0.020005404325232047,0.9973891827383269,-0.039982398521314196,-0.5001550977155925,0.010003102335430274,1.583789402469811,1.0331348990343143,0.481727809802374,0.28647261027947635,0.849862490457707,0.5215550269572669,1.2051969077673466,1.0355075168071304,0.09999999999999998
0.9759519038076151,0.251517872734181,0.06983522915595117,367.9242201472827,-1.388514409199956e-10,0.4976339101952824,-0.020005404406038325,0.9973891833582363,-0.03998239853310175,-0.5001550979704783,0.010003102261425924,1.5617697830687969,1.033550249727485,0.4815242065331057,0.2526096821782706,0.8505306319267114,0.5226907270671057,1.687971354473988,1.0367295794762672,0.09999999999999998
0.9779559118236472,0.25151787273408954,0.0698352291556386,368.67971337059055,-1.4498785824875097e-10,0.49763391060972983,-0.02000540447617039,0.9973891840019324,-0.03998239855128302,-0.5001550982468295,0.010003102205081306,1.6021917505409122,1.0349442986022157,0.48087166415129823,0.22489617139830492,0.8511677194519596,0.5228575109467416,1.777939868954274,1.0464871816410601,0.09999999999999998
0.9799599198396792,0.2515178727339295,0.06983522915539642,369.4352065938984,-1.4922153685801582e-10,0.4976339109888924,-0.020005404535008195,0.9973891846312989,-0.039982398571079075,-0.5001550985194145,0.010003102162636963,1.6010689127868494,1.0380810552853874,0.47943109751836366,0.20221536017440375,0.8517130584139213,0.5219109984195974,1.3840227108118743,1.0565813540979458,0.09999999999999998
0.9819639278557113,0.2515178727337168,0.06983522915520983,370.1906998172062,-1.5212863287501536e-10,0.497633911312276,-0.02000540458380916,0.9973891852020779,-0.039982398589685705,-0.500155098761414,0.01000310213042521,1.5266058939968508,1.041717765062097,0.4777734105130845,0.18365332370565773,0.8521164411687022,0.5212570160772145,1.0756405147170125,1.0581853898487885,0.09999999999999998
0.9839679358717434,0.251517872733464,0.06983522915506715,370.94619304051406,-1.538273170465736e-10,0.4976339115557299,-0.020005404623237164,0.9973891856644327,-0.03998239860394817,-0.5001550989440794,0.01000310210503928,1.454208150570575,1.0444715404993494,0.4765157942208661,0.16846210349461677,0.852389655444286,0.5218014403175885,1.2486343382543472,1.055773980138513,0.09999999999999998
0.9859719438877754,0.2515178727331693,0.0698352291549698,371.7016862638221,-1.4947908252013857e-10,0.4976339116954409,-0.020005404650924243,0.9973891859647055,-0.03998239861151917,-0.500155099034465,0.01000310208692858,1.4520441452740835,1.0465816796982306,0.47555054322645557,0.1560295683097503,0.8525686601766859,0.52278213242088,1.6053208221617423,1.0574714526956837,0.09999999999999998
0.9879759519038075,0.25151787273287035,0.06983522915488477,372.45717948712996,-1.5493573753479765e-10,0.49763391232352755,-0.020005404694857717,0.9973891874846439,-0.039982398635361405,-0.5001550996548842,0.010003102065130807,1.4898942490598892,1.0492302899043229,0.47435169952564843,0.14585474831699796,0.85265613308292,0.522981123487623,1.6382358163741768,1.0652718958594,0.09999999999999998
0.9899799599198396,0.2515178727325586,0.0698352291548215,373.2126727104378,-1.566459304763562e-10,0.4976339130182209,-0.020005404743038625,0.99738918920531,-0.0399823986688986,-0.5001551003555991,0.010003102047994443,1.4899853742940297,1.0528980122012672,0.4727126982800264,0.13752764846578627,0.8526159234671982,0.5224054421795867,1.3278236408643076,1.0724898368715514,0.09999999999999998
0.9919839679358716,0.25151787273223414,0.0698352291547755,373.96816593374564,-1.5714774341162652e-10,0.4976339134377983,-0.020005404781544073,0.9973891903271705,-0.039982398695424116,-0.5001551007837696,0.010003102035889541,1.4363726404344663,1.0566322414990796,0.4710534638723286,0.1307127277121129,0.8524230081187438,0.5221423994975531,1.124025532658129,1.0734476370716493,0.09999999999999998
0.9939879759519037,0.25151787273190107,0.06983522915474315,374.7236591570534,-1.5747531952216536e-10,0.497633913624238,-0.020005404810817935,0.997389190936306,-0.03998239871421561,-0.5001551009804917,0.010003102027191426,1.3899218242779263,1.0595327826938403,0.46976278264917704,0.12513537836978902,0.8520960759053245,0.5227651429189853,1.2829096723941054,1.0719935890017314,0.09999999999999998
0.9959919839679358,0.2515178727315628,0.06983522915472148,375.47915238036126,-1.5715796189108916e-10,0.4976339136170037,-0.020005404831537486,0.9973891911137805,-0.03998239872521509,-0.5001551009843641,0.010003102020732594,1.396411724000933,1.0619093600611946,0.46870530279139644,0.1205708607751541,0.851666153134974,0.5236092796699063,1.538138078881385,1.0740390486462756,0.09999999999999998
0.9979959919839678,0.251517872731222,0.06983522915470806,376.2346456036691,-1.572413605788641e-10,0.4976339134529292,-0.0200054048444204,0.997389190935432,-0.03998239872857346,-0.5001551008313857,0.01000310201555335,1.4260561552759317,1.0646635175324173,0.46749153474351096,0.11683524738734878,0.8511360269685734,0.5238159805754011,1.5246261188508161,1.0802591932905132,0.09999999999999998
1.0,0.2515178727307289,0.06983522915471635,376.9901388269773,-1.4931746030714014e-10,0.4976339137834171,-0.020005404701131827,0.9973891884018552,-0.039982398684327916,-0.5001551008134096,0.010003102100176095,1.4221631654606703,1.0680296474611204,0.4660237380006039,0.11377801141545274,0.8504819862399575,0.5235163494657514,1.2820243392020516,1.0852660524626174,0.09999999999999998
