time,angle,w,q_f,z_vc_d,z_vc_q,z_cc_d,z_cc_q,i_vsc_d,i_vsc_q,v_sh_d,v_sh_q,i_bus_d,i_bus_q,i_L_f,v_dc_f,i_dc_f,i_load_f,x_1,x_2,i_L,v_dc,i_load,p_vsc,p_sh,p_load
0.0,-0.0017823570497950143,1.0,0.04005103695221772,-0.0009485724835955883,-0.008109693717324354,0.9857332395646088,0.0001232093552425706,-0.39983582990362865,0.02464187104851061,0.9877324187141269,0.0,-0.4986090717750412,-0.04054846858662178,-0.15825686359172783,1.05,-0.3753604112341561,0.3,-0.08289645235757173,0.5238095238095238,-0.15825686359172783,1.05,0.3,-0.3941284317958639,-0.49249234445716716,0.315
0.002004008016032064,0.011403487173597194,1.0000000000041307,0.040051127053545695,-0.0009486261644186687,-0.00810970408993854,0.9857332341849951,0.0001232103145113898,-0.3998356137703966,0.024641833607315644,0.9877314451820628,-3.876414503198568e-8,-0.49860853860050197,-0.040548506513423545,-0.15825686268406577,1.0499999996427334,-0.37536039532938936,0.3,-0.08289645235760745,0.5238095240204195,-0.15825677364182378,1.0499999967884959,0.3,-0.3941278308898971,-0.49249133084016194,0.31499999903654874
0.004008016032064128,0.02458933139664036,0.9999999999967063,0.04005113315666362,-0.0009486278633741295,-0.00810970433272986,0.9857332323977349,0.00012321053407568952,-0.39983566009927224,0.024641834589020663,0.9877314288541639,-4.014497764289654e-8,-0.49860861436487014,-0.040548503631911016,-0.15825683518257483,1.0499999990942621,-0.3753603955938276,0.3,-0.0828964523305344,0.5238095241946545,-0.15825668966321962,1.0499999987935411,0.3,-0.3941278699704532,-0.4924913974777892,0.3149999996380623
0.0060120240480961915,0.0377751756198326,1.0000000000205005,0.04005110520530955,-0.0009486331266889475,-0.008109700686461689,0.9857332310501182,0.00012321079497379147,-0.39983565813312916,0.024641864746944086,0.9877314026973539,-4.28917574854068e-8,-0.4986086456114454,-0.04054847200722704,-0.15825682192820975,1.0499999992320748,-0.3753604069442664,0.3,-0.08289645229483178,0.5238095237462939,-0.15825686481753196,1.0500000021204547,0.3,-0.39412785763812347,-0.49249141518762557,0.3150000006361364
0.008016032064128256,0.05096101984343818,1.0000000000545175,0.04005107009275524,-0.0009486336648897699,-0.008109694583772982,0.9857332299423892,0.00012321100968915993,-0.39983562277663365,0.02464189869220677,0.9877313775730525,-4.2896872689627944e-8,-0.4986086439327069,-0.0405484368326067,-0.15825685263385322,1.0499999996680671,-0.37536042035914746,0.3,-0.0828964522730684,0.5238095232058423,-0.15825708747888792,1.0500000021901965,0.3,-0.39412781280294246,-0.49249140100208305,0.31500000065705897
0.01002004008016032,0.06414686406748626,1.0000000000835236,0.04005104134432375,-0.0009486288976622124,-0.008109688618659823,0.985733229015346,0.0001232111825973004,-0.39983556246692425,0.024641923669514537,0.9877313548144595,-4.038324078284658e-8,-0.49860861757488345,-0.04054841079809913,-0.15825689799680417,1.0499999997838532,-0.3753604303722098,0.3,-0.08289645226355326,0.5238095232681012,-0.15825706909443568,1.0500000001712475,0.3,-0.39412774430650044,-0.49249136372192814,0.31500000005137424
0.012024048096192383,0.077332708291841,1.000000000098005,0.04005102644464294,-0.0009486206818968372,-0.008109684714689914,0.985733228198716,0.00012321133011866404,-0.39983548980550654,0.02464193325388157,0.9877313344146766,-3.638290459702065e-8,-0.4986085791616062,-0.040548400193119616,-0.1582569094293364,1.049999999624654,-0.37536043408813613,0.3,-0.08289645225177589,0.5238095238194299,-0.15825684915113764,1.049999999858509,0.3,-0.39412766456957143,-0.49249131577063066,0.3149999999575527
0.014028056112224447,0.09051855251628615,1.0000000000953335,0.040051026714989495,-0.0009486116569531218,-0.008109683672450926,0.9857332274159752,0.00012321147145055958,-0.39983541853843446,0.024641927349854636,0.9877313163195077,-3.2106250822566636e-8,-0.49860854242017255,-0.0405484049894539,-0.15825688219698528,1.0499999996845037,-0.37536043124918744,0.3,-0.08289645223650856,0.523809524167868,-0.15825670912328413,1.0500000019133995,0.3,-0.39412758712278245,-0.49249127063097087,0.31500000057401983
0.01603206412825651,0.10370439674061295,1.0000000000789764,0.04005103830281076,-0.0009486041241476086,-0.008109685194345125,0.985733226604885,0.0001232116212632283,-0.39983535913492113,0.02464191081150682,0.9877313005455081,-2.8563046997208018e-8,-0.4986085178702288,-0.04054842025601037,-0.1582568548100238,1.0500000000980152,-0.37536042388040425,0.3,-0.08289645223139681,0.5238095239984962,-0.1582567806712445,1.050000003327216,0.3,-0.39412752229534903,-0.4924912386608429,0.31500000099816483
0.018036072144288574,0.11689024096468549,1.0000000000560232,0.040051054587752724,-0.0009485994041947994,-0.00810968822419314,0.9857332257351222,0.0001232117864484266,-0.3998353162479217,0.02464189079770677,0.9877312872104381,-2.6293531849081152e-8,-0.4986085101764695,-0.04054843884050197,-0.15825685416345797,1.0500000004379044,-0.37536041519825264,0.3,-0.08289645224320237,0.523809523695781,-0.1582569074567806,1.0500000019971618,0.3,-0.39412747472316884,-0.4924912245045214,0.3150000005991485
0.02004008016032064,0.13007608518846825,1.0000000000340974,0.04005106894491384,-0.0009485976087227401,-0.008109691451619806,0.9857332248090866,0.00012321196665744294,-0.3998352885516552,0.0246418739567009,0.9877312765067165,-2.5303421427351882e-8,-0.4986085179296494,-0.04054845417870666,-0.15825686567686006,1.0500000003209788,-0.37536040818183963,0.3,-0.08289645225991901,0.5238095237106396,-0.15825690205173118,1.0499999995353924,0.3,-0.394127443177465,-0.49249122686576,0.3149999998606177
0.022044088176352703,0.1432619294120149,1.0000000000187927,0.04005107681539317,-0.0009485978835844036,-0.008109693803691,0.9857332238544726,0.0001232121546038464,-0.39983527048466155,0.02464186439108328,0.9877312685385456,-2.5167442775108268e-8,-0.49860853556175083,-0.04054846221278745,-0.1582568626119847,1.0499999999070928,-0.37536040452706326,0.3,-0.08289645226460364,0.5238095239548103,-0.1582567982246606,1.049999998778052,0.3,-0.3941274222174189,-0.4924912403140536,0.3149999996334156
0.024048096192384766,0.15644777363543155,1.0000000000123543,0.040051076736580364,-0.0009485989015490712,-0.008109694722965273,0.9857332229094088,0.00012321234045851708,-0.3998352550147536,0.024641862966637257,0.9877312634049877,-2.5294713370744455e-8,-0.4986085559366528,-0.040548462158137795,-0.1582568457380442,1.0499999996385303,-0.3753604044205008,0.3,-0.08289645225433209,0.5238095240156395,-0.15825676677016332,1.0500000000113707,0.3,-0.394127404950071,-0.49249125787418485,0.3150000000034112
0.026052104208416832,0.16963361785883127,1.0000000000136864,0.040051070153019126,-0.0009485994071722504,-0.008109694228351907,0.9857332220072963,0.0001232125169947906,-0.39983523624207085,0.024641867707214975,0.987731261122404,-2.5133636329334118e-8,-0.49860857300830375,-0.040548456057355915,-0.15825683877774896,1.0499999996615164,-0.3753604069430202,0.3,-0.08289645223945864,0.5238095237748345,-0.15825686033631356,1.0500000010591275,0.3,-0.3941273855649704,-0.49249127360480394,0.3150000003177382
0.028056112224448895,0.18281946208229602,1.000000000019457,0.040051060225833844,-0.00094859855666126,-0.008109692800008282,0.9857332211676164,0.00012321267870242384,-0.3998352110159202,0.024641875089381055,0.9877312616269764,-2.435495851429488e-8,-0.49860858359492627,-0.04054844741300217,-0.15825685250706417,1.0499999997241019,-0.3753604106474291,0.3,-0.08289645222739868,0.5238095235428146,-0.1582569535099304,1.0500000005286207,0.3,-0.3941273609299147,-0.4924912843447005,0.3150000001585862
0.03006012024048096,0.19600530630585797,1.0000000000256644,0.04005105053105978,-0.0009485961658679911,-0.008109691098056397,0.9857332203918588,0.00012321282580405083,-0.3998351793509678,0.024641881501348176,0.9877312647989647,-2.2906345716950945e-8,-0.4986085876339008,-0.04054843983504152,-0.1582568704248294,1.0499999996006875,-0.3753604140459525,0.3,-0.08289645221433795,0.5238095235962777,-0.15825693103167,1.0499999994662723,0.3,-0.394127331011055,-0.4924912899744417,0.3149999998398817
0.03206412825651302,0.20919115052950005,1.0000000000290759,0.04005104374216436,-0.0009485925628915761,-0.008109689730303002,0.9857332196670148,0.00012321296144173963,-0.3998351437696878,0.024641884441538302,0.9877312705545586,-2.0967038725490827e-8,-0.4986085876077309,-0.04054843577081515,-0.15825687258781315,1.0499999993960414,-0.375360416017408,0.3,-0.08289645219386822,0.5238095238187865,-0.15825683823437708,1.049999999507894,0.3,-0.3941272982613549,-0.4924912928970174,0.31499999985236815
0.03406813627254509,0.22237699475317277,1.000000000028091,0.04005104102754483,-0.0009485884093091667,-0.008109689055837522,0.9857332189732276,0.00012321309091828676,-0.39983510792060195,0.02464188307156934,0.9877312788292943,-1.885275523324216e-8,-0.4986085870604947,-0.04054843603774427,-0.15825686104882492,1.0499999993469222,-0.37536041610668486,0.3,-0.08289645216772953,0.5238095239063988,-0.15825679975423165,1.050000000530973,0.3,-0.3941272662521965,-0.4924912965680803,0.3150000001592919
0.03607214428857715,0.23556283897681748,1.000000000022892,0.04005104197042845,-0.0009485843858430781,-0.00810968913558172,0.9857332182898578,0.0001232132185636254,-0.39983507514034117,0.02464187811164713,0.9877312895440236,-1.6879730378661794e-8,-0.49860858937920366,-0.0405484398786579,-0.1582568532827526,1.0499999994667937,-0.37536041461477737,0.3,-0.08289645214347371,0.5238095237863156,-0.1582568468473076,1.0500000010269894,0.3,-0.3941272382419022,-0.4924913042808006,0.31500000030809683
0.038076152304609215,0.24874868320038762,1.000000000015002,0.04005104508818855,-0.0009485809932454983,-0.0081096897692445,0.9857332176044654,0.00012321334716703226,-0.39983504748822446,0.024641871270563304,0.9877313027043392,-1.526056683905899e-8,-0.4986085965363969,-0.04054844558685154,-0.15825685711626145,1.0499999995379912,-0.3753604123537483,0.3,-0.08289645212384165,0.5238095236666385,-0.15825689447484462,1.0500000002958705,0.3,-0.394127216263346,-0.4924913179776853,0.3150000000887611
0.04008016032064128,0.261934527423861,1.0000000000064695,0.040051048530240926,-0.0009485784175187913,-0.008109690627948807,0.9857332169136874,0.00012321347752527022,-0.39983502535893894,0.02464186445699678,0.9877313182842508,-1.4067638830989157e-8,-0.4986086089051319,-0.040548451249500454,-0.15825686274068065,1.0499999994172131,-0.375360410197923,0.3,-0.08289645210326091,0.5238095237112955,-0.15825687382582856,1.049999999282052,0.3,-0.39412720069571594,-0.4924913380113214,0.31499999978461557
0.04208416833667334,0.27512037164724157,0.9999999999991139,0.04005105078800687,-0.0009485765589197586,-0.008109691377158569,0.9857332162212445,0.00012321360907663798,-0.39983500776133923,0.024641859138095634,0.9877313362815558,-1.3242990846477338e-8,-0.4986086254060306,-0.040548455435683514,-0.15825685943154236,1.0499999992079108,-0.37536040873668697,0.3,-0.08289645207539806,0.5238095238271895,-0.15825682195958957,1.0499999991281017,0.3,-0.3941271905613193,-0.4924913633168255,0.3149999997384305
0.044088176352705406,0.2883062158705528,0.9999999999939855,0.04005105103699758,-0.0009485750993223997,-0.0081096918022183,0.9857332155354698,0.00012321373943854607,-0.3998349929674046,0.02464185598342849,0.9877313566572831,-1.2649712883872662e-8,-0.4986086442857066,-0.04054845748023244,-0.15825685074130164,1.0499999990905258,-0.3753604081837658,0.3,-0.08289645204055263,0.5238095238288611,-0.15825681578821912,1.0499999996830365,0.3,-0.3941271841411244,-0.49249139214844334,0.31499999990491095
0.04609218436873747,0.3014920600938257,0.9999999999912331,0.04005104929467402,-0.0009485736828276925,-0.00810969183056578,0.9857332148662581,0.00012321386584192854,-0.39983497918944927,0.02464185484201891,0.987731379405215,-1.214261227202927e-8,-0.4986086636521552,-0.04054845756796803,-0.15825684806624826,1.0499999990836162,-0.3753604084580909,0.3,-0.08289645200349303,0.5238095237034525,-0.1582568622520914,1.0499999999308351,0.3,-0.39412717967049926,-0.49249142264017,0.31499999997925054
0.04809619238476953,0.3146779043170878,0.99999999999021,0.04005104623579655,-0.0009485720224418066,-0.008109691534950012,0.9857332142209052,0.0001232139867927475,-0.39983496519148276,0.024641854907759084,0.9877314044238484,-1.1593901501621267e-8,-0.4986086821989866,-0.040548456503289136,-0.15825685431089645,1.049999999056681,-0.3753604092628437,0.3,-0.08289645196621433,0.5238095236083729,-0.15825689731347597,1.0499999994730047,0.3,-0.3941271758900242,-0.49249145345621453,0.3149999998419014
0.0501002004008016,0.3278637485403554,0.9999999999898855,0.04005104280510689,-0.0009485699923378435,-0.008109691076892666,0.9857332136010782,0.0001232141018671089,-0.3998349505306853,0.02464185518634794,0.9877314316131767,-1.0958635733963353e-8,-0.4986086994842452,-0.04054845527422722,-0.1582568608715328,1.0499999989357032,-0.37536041018851457,0.3,-0.08289645192593459,0.5238095236422845,-0.15825687958977183,1.049999998954291,0.3,-0.3941271723232341,-0.49249148411200194,0.3149999996862873
0.052104208416833664,0.3410495927636306,0.999999999989267,0.0400510398558293,-0.0009485676118131407,-0.008109690633190416,0.9857332130047911,0.00012321421169253347,-0.3998349356823676,0.024641854867399723,0.9877314609019594,-1.0265299704197906e-8,-0.49860871582225963,-0.04054845469579764,-0.15825686018472296,1.0499999987982385,-0.3753604108476785,0.3,-0.08289645188004316,0.5238095237250887,-0.1582568412011768,1.0499999990292617,0.3,-0.3941271694101248,-0.49249151488132836,0.3149999997087785
0.05410821643286573,0.3542354369869046,0.9999999999877044,0.04005103791156705,-0.0009485650207490865,-0.0081096903340635,0.985733212427269,0.00012321431728023032,-0.3998349214503171,0.02464185350202958,0.987731492196409,-9.58470933174125e-9,-0.49860873201580724,-0.040548455207196576,-0.15825685508933438,1.049999998747645,-0.37536041101035705,0.3,-0.08289645183018236,0.5238095237298801,-0.15825683446921904,1.0499999994672449,0.3,-0.39412716790576474,-0.49249154650748755,0.31499999984017346
0.05611222444889779,0.3674212812101629,0.9999999999850171,0.04005103705551782,-0.0009485624216469965,-0.008109690237084518,0.9857332118620039,0.0001232144198714018,-0.399834908820053,0.024641851088595613,0.9877315253770316,-9.005675915211048e-9,-0.4986087490026961,-0.040548456790650916,-0.15825685324633826,1.0499999987677404,-0.3753604106794382,0.3,-0.08289645177997987,0.5238095236553598,-0.1582568607025139,1.0499999995694935,0.3,-0.39412716873405274,-0.4924915798536002,0.31499999987084804
0.058116232464929855,0.38060712543339176,0.999999999981458,0.040051037020866063,-0.0009485599725007242,-0.00810969031749555,0.9857332113050765,0.00012321452079285496,-0.3998348985238368,0.024641847980095985,0.9877315603695723,-8.607547570462604e-9,-0.49860876743092325,-0.040548459098266744,-0.15825685625354283,1.0499999987557271,-0.37536041004127957,0.3,-0.08289645173026024,0.5238095236053802,-0.15825687725771084,1.0499999991568907,0.3,-0.3941271725875176,-0.49249161551947224,0.3149999997470672
0.06012024048096192,0.39379296965658256,0.9999999999775253,0.04005103734092251,-0.000948557764202363,-0.008109690502574369,0.9857332107531077,0.00012321462060439683,-0.3998348908915826,0.024641844682450825,0.9877315970783369,-8.422392886432172e-9,-0.49860878759013433,-0.04054846162076385,-0.15825685862579733,1.04999999866561,-0.37536040932571724,0.3,-0.08289645167843815,0.5238095236332426,-0.15825686148967175,1.0499999987314024,0.3,-0.39412717975311057,-0.49249165374218157,0.3149999996194207
0.06212424849699398,0.40697881387973367,0.9999999999737639,0.040051037547411426,-0.0009485558045277831,-0.008109690699026529,0.9857332102064151,0.00012321471930200784,-0.39983488582309973,0.024641841675109917,0.987731635427354,-8.459546043160473e-9,-0.498608809318032,-0.04054846388649881,-0.1582568563993653,1.0499999985575195,-0.37536040871893234,0.3,-0.08289645162233523,0.5238095236771882,-0.15825683828594758,1.049999998723128,0.3,-0.39412719010200686,-0.4924916943231638,0.3149999996169384
0.06412825651302605,0.4201646581028501,0.9999999999705647,0.04005103732316686,-0.0009485540393279816,-0.008109690831954803,0.9857332096659823,0.00012321481646782094,-0.3998348828993351,0.02464183925407437,0.9877316753155289,-8.689248195101066e-9,-0.4986088321294085,-0.0405484656102652,-0.1582568524236961,1.04999999850209,-0.3753604083137353,0.3,-0.08289645156282714,0.5238095236596247,-0.1582568399609424,1.0499999989431568,0.3,-0.39412720318074285,-0.49249173673396424,0.314999999682947
0.06613226452905811,0.4333505023259399,0.9999999999680734,0.04005103657946099,-0.0009485523752749235,-0.008109690863947522,0.9857332091350244,0.00012321491137636778,-0.39983488163915676,0.024641837465693407,0.9877317166261044,-9.067330148869398e-9,-0.4986088554621249,-0.04054846674766591,-0.15825685173920315,1.0499999984874604,-0.3753604081350065,0.3,-0.08289645150209042,0.5238095235935722,-0.15825686180065635,1.0499999989391098,0.3,-0.3941272184682298,-0.49249178036291547,0.3149999996817329
0.06813627254509018,0.446536346549012,0.9999999999662119,0.04005103542263005,-0.0009485507272883664,-0.008109690796742699,0.9857332086145992,0.00012321500362866877,-0.3998348816015161,0.02464183616953667,0.9877317592548487,-9.5603610836859e-9,-0.49860887884914745,-0.04054846743824028,-0.15825685461090502,1.0499999984509008,-0.3753604081442574,0.3,-0.08289645144050901,0.523809523553341,-0.1582568733822537,1.0499999986394628,0.3,-0.39412723548812895,-0.49249182469809816,0.31499999959183883
0.07014028056112225,0.45972219077207277,0.9999999999647449,0.04005103407823637,-0.0009485490485304028,-0.00810969066433952,0.985733208105066,0.00012321509310146475,-0.39983488263033384,0.024641835135693253,0.9877318030511669,-1.0139177925587584e-8,-0.4986089019933812,-0.040548467928443105,-0.1582568568255314,1.0499999983725945,-0.3753604082388573,0.3,-0.0828964513765559,0.5238095235688379,-0.1582568620637954,1.0499999983893555,0.3,-0.39412725402602494,-0.4924918693721569,0.31499999951680663
0.0721442885771543,0.47290803499512535,0.9999999999634098,0.04005103277977273,-0.0009485473200191581,-0.008109690511986596,0.9857332076068137,0.00012321517971665853,-0.3998348846677436,0.024641834126434548,0.9877318479245712,-1.0810572325392196e-8,-0.49860892484484515,-0.040548468442869696,-0.158256855790994,1.0499999982977322,-0.3753604083031677,0.3,-0.08289645130933036,0.5238095235932518,-0.1582568467836999,1.049999998429225,0.3,-0.3941272739890386,-0.4924919142903304,0.3149999995287675
0.07414829659318636,0.4860938792181695,0.9999999999619802,0.04005103172146884,-0.000948545569532847,-0.008109690380120244,0.9857332071185241,0.00012321526392858925,-0.39983488786967436,0.02464183296993573,0.9877318937142192,-1.1577074241769958e-8,-0.4986089474708642,-0.040548469161317664,-0.15825685359216599,1.0499999982675567,-0.3753604082417355,0.3,-0.08289645123994893,0.5238095235768221,-0.15825684823323713,1.0499999985816661,0.3,-0.39412729546635694,-0.49249195943881774,0.3149999995744998
0.07615230460921843,0.4992797234412026,0.9999999999603432,0.04005103098094648,-0.0009485438450169243,-0.008109690296533658,0.9857332066383396,0.0001232153459758585,-0.3998348924839215,0.02464183160780021,0.9877319402789071,-1.2461837936152938e-8,-0.49860897004117755,-0.04054847013149587,-0.15825685342387572,1.04999999826456,-0.3753604080352969,0.3,-0.08289645117004792,0.5238095235326776,-0.1582568613735318,1.0499999985448054,0.3,-0.3941273186458714,-0.4924920049139313,0.3149999995634416
0.0781563126252505,0.5124655676642217,0.9999999999585061,0.04005103053970143,-0.0009485421955658617,-0.0081096902648493,0.9857332061645965,0.00012321542631467248,-0.3998348986951134,0.024641830088425434,0.9877319874841953,-1.3480836700010705e-8,-0.4986089927063083,-0.0405484713089876,-0.15825685515164248,1.0499999982428967,-0.3753604077182842,0.3,-0.08289645109977536,0.523809523509306,-0.1582568661947309,1.0499999983056751,0.3,-0.39412734365583557,-0.49249205079666725,0.31499999949170254
0.08016032064128256,0.5256514118872241,0.9999999999565737,0.040051030300534515,-0.0009485406546467247,-0.008109690271805005,0.9857332056958392,0.00012321550505331718,-0.3998349067227328,0.024641828543149162,0.987732035170504,-1.4644126872503808e-8,-0.4986090155510674,-0.04054847257354885,-0.158256856010773,1.0499999981917865,-0.3753604073474318,0.3,-0.08289645102798819,0.5238095235201594,-0.15825685684851623,1.0499999981145378,0.3,-0.39412737064857195,-0.4924920970908203,0.31499999943436136
0.08216432865731463,0.538837256110209,0.9999999999546941,0.040051030127478356,-0.0009485392461473998,-0.008109690294774397,0.9857332052313781,0.00012321558227892628,-0.39983491645766345,0.024641827097031683,0.9877320832021895,-1.5956747025075064e-8,-0.49860903848048765,-0.040548473784611,-0.15825685473444084,1.0499999981433112,-0.37536040696835266,0.3,-0.08289645095407404,0.5238095235305518,-0.15825684741799328,1.0499999981146566,0.3,-0.39412739946259784,-0.492492143634751,0.314999999434397
0.08416833667334668,0.5520231003331776,0.9999999999529928,0.04005102992471296,-0.0009485379641314494,-0.008109690308353675,0.9857332047705704,0.0001232156583014581,-0.3998349278776489,0.02464182586106761,0.9877321314272388,-1.740760892681411e-8,-0.4986090613756888,-0.04054847484398817,-0.1582568530764906,1.0499999981228578,-0.3753604066130453,0.3,-0.08289645087875806,0.5238095235108361,-0.15825685032562675,1.04999999817234,0.3,-0.3941274300149383,-0.492492190235692,0.314999999451702
0.08617234468937875,0.5652089445561324,0.9999999999515485,0.04005102962281902,-0.0009485367872563318,-0.008109690299743105,0.9857332043142518,0.0001232157327146628,-0.39983494085210414,0.024641824904166214,0.9877321796666577,-1.8975326542149504e-8,-0.4986090840092425,-0.04054847569395426,-0.1582568530967477,1.0499999981170107,-0.37536040631127293,0.3,-0.08289645080301483,0.5238095234749255,-0.15825686011457402,1.0499999981003365,0.3,-0.3941274621050206,-0.49249223658062413,0.31499999943010093
0.08817635270541081,0.5783947887790762,0.9999999999503717,0.04005102923201338,-0.0009485356929212293,-0.008109690261777639,0.985733203862597,0.0001232158054448977,-0.39983495518104495,0.024641824193712573,0.9877322277685211,-2.06484402249867e-8,-0.4986091061483291,-0.04054847635387856,-0.1582568544253128,1.0499999980977368,-0.3753604060652034,0.3,-0.08289645072683882,0.5238095234558966,-0.15825686317689583,1.0499999979138592,0.3,-0.39412749547509446,-0.4924922823642973,0.31499999937415774
0.09018036072144288,0.591580633002012,0.9999999999494157,0.04005102880377678,-0.0009485346612441959,-0.008109690199260304,0.9857332034159721,0.00012321587678187565,-0.39983497078899216,0.02464182369274637,0.9877322755432952,-2.2399369574187216e-8,-0.49860912760407805,-0.04054847688253283,-0.15825685510246365,1.0499999980626222,-0.3753604058517507,0.3,-0.08289645064952589,0.5238095234598014,-0.1582568568064655,1.0499999977825656,0.3,-0.3941275299744558,-0.49249232730677295,0.3149999993347697
0.09218436873747494,0.6047664772249418,0.9999999999486122,0.04005102839425204,-0.0009485336915989298,-0.008109690125516674,0.9857332029737027,0.0001232159464750395,-0.3998349875794621,0.024641823331490315,0.9877323228401026,-2.4227316119231184e-8,-0.4986091482614855,-0.04054847733436028,-0.15825685438630874,1.0499999980349235,-0.37536040563118767,0.3,-0.08289645057087326,0.5238095234620407,-0.15825685110119617,1.049999997780946,0.3,-0.3941275654478621,-0.49249237121926137,0.3149999993342838
0.09418837675350701,0.617952321447866,0.9999999999478892,0.040051028065898844,-0.0009485327812877155,-0.0081096900526586,0.985733202535946,0.00012321601455029187,-0.399835005572171,0.024641823054810937,0.9877323694555328,-2.611894137514973e-8,-0.4986091680419902,-0.040548477771591825,-0.15825685350852753,1.0499999980293453,-0.3753604053742023,0.3,-0.08289645049155703,0.5238095234447173,-0.1582568535211984,1.0499999978031866,0.3,-0.3941276018330631,-0.4924924139232836,0.31499999934095596
0.09619238476953906,0.6311381656707853,0.9999999999472,0.04005102786938398,-0.0009485319467511911,-0.008109689987960866,0.9857332021015388,0.00012321608126665686,-0.39983502479139243,0.024641822830374246,0.9877324151951039,-2.8060464993703786e-8,-0.498609186887538,-0.04054847823681082,-0.15825685371773685,1.049999998033765,-0.37536040506948454,0.3,-0.08289645041229753,0.5238095234192768,-0.15825685952968924,1.0499999977270906,0.3,-0.39412763907584564,-0.4924924552650857,0.31499999931812717
0.09819639278557113,0.6443240098936991,0.9999999999465281,0.04005102780977811,-0.0009485312015827944,-0.008109689937438104,0.9857332016701505,0.00012321614675403142,-0.3998350452276779,0.024641822635256383,0.9877324598793038,-3.005751981897197e-8,-0.4986092047468861,-0.040548478730211925,-0.15825685459571734,1.0499999980289656,-0.37536040472420157,0.3,-0.08289645033308014,0.5238095234067628,-0.15825686039059444,1.049999997578351,0.3,-0.39412767709528396,-0.49249249510431853,0.31499999927350525
0.1002004008016032,0.6575098541165776,0.9999999999727598,0.040051065646077445,-0.0009485913052019044,-0.00810968127545053,0.9857331988771552,0.00012321817320981598,-0.3998360470038182,0.024641888581898537,0.9877324912395983,1.9062678596836064e-8,-0.4986090811904724,-0.04054847886847303,-0.15826759022436343,1.0500032184266006,-0.375359251276213,0.2960434750255219,-0.08289645374655423,0.5238055614380402,-0.1598846900743363,1.0504249737895577,0.12709891699200482,-0.39412867388895145,-0.4924923906919151,0.13350787655000781
0.10220440881763526,0.6706956983396498,0.9999999998545944,0.040051887708347264,-0.0009490250793141721,-0.00810964307963929,0.9857331988278805,0.00012318028162661623,-0.3998337954526103,0.024640785413202637,0.9877317232543383,4.532580234751295e-7,-0.4986069226869136,-0.04054952387156974,-0.17079796528133864,1.050700021914618,-0.37511125647038357,0.2604425035038298,-0.08290687716170417,0.5234257573577373,-0.3255243190107093,1.0565139270785187,0.10000001061282854,-0.3941261414676366,-0.49248989335148485,0.10565140392045302
0.10420841683366733,0.6838815425570051,0.9999999997248913,0.040052157105764465,-0.0009493389541265202,-0.008109818292645102,0.9857331819828866,0.00012319700830547192,-0.39984285161304345,0.02463985532422611,0.987739291056911,1.2450263539556661e-6,-0.49861328652127507,-0.04055022575138917,-0.2201394026507548,1.0520026005693848,-0.37464920626755727,0.23130658097506568,-0.0829605878359295,0.5230007814333488,-0.5282129148584325,1.0585631601683798,0.10000000000000331,-0.39413805696688975,-0.49249998462618044,0.10585631601684148
0.1062124248496994,0.6970673867756029,0.999999999817525,0.040051454860525214,-0.0009488227046494851,-0.00810970450332697,0.9857331748100686,0.00012322266986838134,-0.399837833810435,0.024641526584759158,0.9877336789263876,5.1700877843469484e-8,-0.4986105057206694,-0.04054883589666713,-0.27719006008250974,1.053251921663007,-0.37420658370808446,0.20746165089042784,-0.0830662234442906,0.5231722957988207,-0.49786415355015073,1.0593792316870796,0.09999999999999998,-0.3941309057986567,-0.49249439126323385,0.10593792316870794
0.10821643286573146,0.7102532309991889,1.000000000268702,0.04005087193673799,-0.0009488106340965085,-0.00810967295507767,0.9857331742841842,0.00012322469973829087,-0.39983784354480284,0.0246421203890338,0.9877337317133834,-3.387650329965617e-8,-0.49861044415070793,-0.04054825116088732,-0.3003766333419997,1.0546300545750358,-0.373719743737954,0.1879469020275526,-0.08322285335199546,0.5237307434473053,-0.31623134593708613,1.0627200628189546,0.09999999999999998,-0.3941309384433898,-0.49249435329861335,0.10627200628189544
0.11022044088176351,0.7234390752279795,1.0000000005781085,0.04005059865502433,-0.0009487441689694711,-0.008109617369457322,0.9857331765483719,0.00012322440353882287,-0.3998374324223087,0.024642366739786037,0.987733704592006,-1.8713442813494098e-8,-0.49861000602492134,-0.04054801191649742,-0.2941434103581798,1.0566078115156172,-0.373025032716305,0.17197597944937282,-0.08344563115020202,0.5240214315998828,-0.2541923724712033,1.0682641543686862,0.09999999999999998,-0.3941305227291633,-0.4924939076388451,0.10682641543686859
0.11222444889779558,0.7366249194593182,1.0000000006536192,0.040050561026631216,-0.0009486546273937118,-0.008109593029325898,0.9857331792566595,0.00012322371474986324,-0.3998369636953287,0.02464236666081757,0.9877336671574772,1.7694334658350813e-8,-0.49860951099010575,-0.04054801683447956,-0.29718203282878525,1.059185973529491,-0.3721248818614495,0.15890533376574903,-0.08376084386826414,0.5238829275504826,-0.3833869019504195,1.0727554665977983,0.09999999999999998,-0.3941300457610091,-0.4924934014873238,0.1072755466597798
0.11422845691382764,0.749810763690198,1.000000000520904,0.04005070266555697,-0.0009485775951163668,-0.008109605545389732,0.9857331814102629,0.0001232231275105516,-0.399836609232137,0.0246421947193182,0.9877336221893661,4.82831661700191e-8,-0.4986091322690261,-0.04054819120201901,-0.32638042290105285,1.061851101665492,-0.37119776090263473,0.14820828243723,-0.08418303572714005,0.5237881574926243,-0.5074846005443227,1.0745674655766404,0.09999999999999998,-0.39412967837175544,-0.49249300623057696,0.10745674655766402
0.11623246492985971,0.7629966079184111,1.0000000002681995,0.040050935790124864,-0.0009485359495016612,-0.008109643318011865,0.9857331824712348,0.00012322280292803825,-0.3998364565087656,0.02464194802308971,0.9877335700453529,6.248023204013182e-8,-0.4986089583705116,-0.04054843769644621,-0.35786245891008567,1.0642718615121127,-0.370357158737021,0.13945378706707015,-0.08470726971294454,0.5241120686410737,-0.46582852829950305,1.0759395680802233,0.09999999999999998,-0.39412950699427257,-0.492492809041376,0.1075939568080223
0.11823647294589178,0.7761824521430853,1.0000000000026252,0.04005116505353578,-0.0009485355039961752,-0.008109688662101466,0.985733182372722,0.0001232227620110324,-0.3998365073018389,0.024641723961070974,0.9877335146110177,5.789070374330645e-8,-0.4986089911432095,-0.04054865976151989,-0.3658306871716371,1.0666589991314317,-0.3695311124155271,0.13228908468033665,-0.08532657725584016,0.5246390574133246,-0.34560029485655536,1.0791277916154927,0.09999999999999998,-0.39412953496485686,-0.49249281358592656,0.10791277916154925
0.12024048096192384,0.789368296364665,0.9999999998113333,0.0400513178234848,-0.0009485678158249692,-0.008109725402824968,0.9857331814355937,0.0001232229155522229,-0.39983669666322486,0.02464159025236997,0.9877334567188797,3.9386023838070045e-8,-0.4986091657866458,-0.04054879051414399,-0.3580854451202334,1.0693324659349768,-0.3686116347257668,0.12642547311634358,-0.08604668432317705,0.5249412236501182,-0.3268570079311521,1.083497597967933,0.09999999999999998,-0.39412969858784735,-0.49249295647121627,0.10834975979679329
0.1222444889779559,0.8025541405844739,0.9999999997382383,0.04005136256064512,-0.0009486153893505534,-0.008109743628286956,0.985733180178868,0.00012322315006893048,-0.399836928814148,0.024641570527788103,0.9877333990017513,1.4870536206913894e-8,-0.49860938572543645,-0.04054880755933064,-0.3608613904855829,1.072243893416681,-0.3676161909012318,0.12162667775585778,-0.08687961339288575,0.5249863844803367,-0.42588102454532123,1.0867987184668018,0.09999999999999998,-0.3941299044943783,-0.49249314393974314,0.10867987184668015
0.12424849699398796,0.8157399848059688,0.9999999997046827,0.040050561256363464,-0.0009479788277716958,-0.008110121219836728,0.9857332032122333,0.00012321280905268334,-0.3998208191038146,0.024641208205596007,0.9877163993116969,-3.017228153705521e-7,-0.498603277904511,-0.04054817852403472,-0.38083903514751455,1.0750535670975399,-0.3666590703854904,0.11769932923487046,-0.08782829040902683,0.5251207924640677,-0.4963028945360971,1.088404184687289,0.09999999999999998,-0.39410726786723443,-0.49247862210254234,0.10884041846872887
0.12625250501002003,0.828925829026889,0.9999999999196015,0.04005111960091005,-0.000948683658068752,-0.008109570527469058,0.9857332007895419,0.00012328745849441502,-0.39983550773657567,0.024641761649047765,0.9877311319734801,2.000128916358458e-7,-0.4986086406178314,-0.0405484299847559,-0.39917577874091503,1.0776148812889177,-0.3657885731863055,0.11448517948211193,-0.08888441486481986,0.5255402266923345,-0.4525038056161602,1.0900229553300227,0.09999999999999998,-0.3941275954828483,-0.4924912851194174,0.10900229553300224
0.1282565130260521,0.8421116732491132,0.9999999999462975,0.040050784756461816,-0.0009486227178274398,-0.008109632715867933,0.9857331990585072,0.00012328942565320794,-0.3998356585448144,0.024642184896575856,0.9877314970303647,-1.8867516722445576e-8,-0.4986085596778727,-0.040548157364846994,-0.40119689901971095,1.0801202886722214,-0.3649404723372236,0.11185470956480167,-0.09004116612880489,0.5260448934129823,-0.3772731531402997,1.0929067776319767,0.09999999999999998,-0.39412789508992585,-0.4924913783177361,0.10929067776319765
0.13026052104208416,0.8552975174711157,0.9999999998725735,0.040050837625855984,-0.0009485777858846508,-0.008109650982257924,0.9857332001599348,0.00012328780865050265,-0.39983539913224136,0.024642111143579164,0.9877314615440984,-1.746530652747658e-8,-0.4986083316576382,-0.04054823249106063,-0.3959128884526144,1.0827656234242562,-0.36405012682521265,0.10970192596100282,-0.09130088518306193,0.5263697598349365,-0.38381082673198064,1.0963007101932336,0.09999999999999998,-0.39412762569213444,-0.4924911354580762,0.10963007101932333
0.13226452905811623,0.8684833616915921,0.9999999997239586,0.04005098164177943,-0.0009485507751827006,-0.008109676494718134,0.9857332005318972,0.0001232859915206545,-0.3998352673847876,0.02464195434350859,0.9877314272239136,-8.432808080037234e-9,-0.49860823163911916,-0.04054838780236226,-0.40032693281967274,1.0854728355881857,-0.3631435496380069,0.10794008211160894,-0.09266857238983059,0.5265543781192992,-0.45676973283157485,1.0987383104972588,0.09999999999999998,-0.39412748218143956,-0.4924910199205621,0.10987383104972585
0.1342685370741483,0.881669205909904,0.9999999996013539,0.04005106485079373,-0.0009486693712995667,-0.008109746562115135,0.9857332006943301,0.00012327777647376216,-0.3998367221253207,0.0246415875411004,0.9877334961017921,9.51780835936603e-8,-0.49860900205603925,-0.04054867971123513,-0.4128423616181517,1.087772582537376,-0.3623742097394893,0.1422064051394263,-0.09414074263469085,0.5270063511551158,-0.41918183662235553,1.0942211887132633,0.49995961253565724,-0.3941297380084023,-0.4924928166479829,0.5470664015373894
0.13627254509018036,0.8948550501246575,0.9999999991359962,0.04005177529116081,-0.0009486930286962609,-0.008109799402595557,0.985733188244992,0.00012325461722715716,-0.39983631966130395,0.024640991450554203,0.9877339427538182,4.843932721268899e-8,-0.4986091897432381,-0.04054935355963891,-0.3713973687761701,1.0880568035196931,-0.36227109874566304,0.20718076719958478,-0.09566602566320676,0.5284648891683575,0.0697398672810908,1.0860497664347104,0.4999999999641365,-0.3941295219767429,-0.49249322284255864,0.5430248831784057
0.13827655310621242,0.9080408943379095,0.9999999991342371,0.04005160346825659,-0.0009484672468629206,-0.008109939755364648,0.9857332009550935,0.00012326989841146717,-0.39982635716608894,0.02464081412244337,0.9877203632838505,4.022091620877227e-7,-0.49860475854292324,-0.0405490849957615,-0.25498431651918235,1.0875270982258634,-0.36244080722021194,0.2603559734157937,-0.0971808686152583,0.5294042250789468,0.37050413022741036,1.0851822906106705,0.5000000000000057,-0.39411428341176014,-0.49248208955228623,0.5425911453053414
0.1402805611222445,0.9212267385512544,0.9999999994847443,0.04005115397302448,-0.000948786944070395,-0.008109698436154247,0.9857331919612323,0.0001233163403250771,-0.39983693515853114,0.024641884653153836,0.9877319716078126,-3.9413673509725194e-8,-0.49860953822254656,-0.04054846019031252,-0.15890625120995686,1.087165199409628,-0.36255572607499686,0.30387467764283604,-0.09867738575810057,0.5289720983990037,0.11068959198390599,1.085145036938528,0.5,-0.3941293412710071,-0.4924925806528531,0.542572518469264
0.14228456913827653,0.934412582770681,0.9999999998434694,0.0400519393242584,-0.0009486121127279417,-0.008109249239108987,0.9857331665811077,0.0001234366468405176,-0.39984311932827504,0.02464382753389531,0.98773664326894,-2.5980111382010524e-7,-0.49860959017572465,-0.04054824515944039,-0.14891997530664272,1.0862533771355756,-0.3628564567570601,0.33949051269755587,-0.10015283234731295,0.5282365520159706,-0.2667507368486258,1.0781734796352145,0.5,-0.394137297730438,-0.4924949523673928,0.5390867398176072
0.1442885771543086,0.9475984269929166,0.9999999999320516,0.04005000562137146,-0.0009485863065241899,-0.008109467558451246,0.9857332092603991,0.00012343240824835944,-0.39983516221658344,0.02464291190757718,0.9877315734410735,6.288424246151055e-8,-0.49860846352529803,-0.04054741515362089,-0.17395872408331006,1.0838226889311355,-0.3636748912629635,0.36863860718624697,-0.1015623323570328,0.528454497362317,-0.2258230611014459,1.0681475163665883,0.5,-0.39412743519334176,-0.49249132475867224,0.5340737581832942
0.14629258517034066,0.9607842712152719,1.0000000002632254,0.04005047377969225,-0.0009495631339902434,-0.008109768886018396,0.9857332422473227,0.0001234328431480474,-0.3998343247464931,0.024642220767840166,0.9877210069644806,-3.718392842086675e-7,-0.4986043948126229,-0.04054734731250137,-0.15179605839262295,1.0803397247727857,-0.36485988234465605,0.39249348462456657,-0.10284972255417518,0.5293438996314505,0.11902747802514448,1.062306184579156,0.5,-0.3941223973890658,-0.49248201984414275,0.531153092289578
0.14829659318637273,0.9739701154292383,0.9999999990255041,0.04005029392378795,-0.0009482948671029769,-0.00810941141671969,0.9857332248781584,0.00012354549243433568,-0.39983372499036834,0.024642430401296735,0.987732581074972,2.5578240443195394e-7,-0.4986078616641874,-0.040547878059957854,-0.08272398926478736,1.0769279351240395,-0.3660244588321857,0.41201638103641786,-0.10399566875988096,0.5297048041837403,0.2683677970677261,1.061329040601915,0.5,-0.39412641959737815,-0.49249124051727416,0.5306645203009575
0.1503006012024048,0.9871559596354709,0.9999999983175959,0.04005072258611578,-0.0009482160956091366,-0.008109613535048799,0.9857332262042112,0.00012354036024863206,-0.3998334814458002,0.024641982120971875,0.9877326152799615,1.3092935964033436e-7,-0.49860760823827194,-0.04054833587140577,-0.034901962563599606,1.07402077350274,-0.3670180413540595,0.42799397129332667,-0.10501563316204857,0.5291652414489735,0.058728954567531744,1.0599157030893378,0.5,-0.3941261968777537,-0.49249100219264247,0.5299578515446689
0.15230460921843686,1.000341803833445,0.9999999979319558,0.04005197540315738,-0.0009488116531418773,-0.008109380161133543,0.9857332367764597,0.00012366028376638717,-0.3998401060480246,0.024640607733805022,0.9877374481975684,1.7193015620734373e-6,-0.4986101925497243,-0.04054960149497887,-0.04246121640886142,1.070945737406292,-0.3680760351486752,0.44107007126098646,-0.1059188913299599,0.5285559999334629,-0.170015362945197,1.0537513024158747,0.5,-0.39413460732051564,-0.4924960289513561,0.5268756512079373
0.15430861723446893,1.0135276480245379,0.9999999977570718,0.04005193229700065,-0.0009493416403039014,-0.00810966554625115,0.9857332356959426,0.00012370680436219416,-0.39984659004818235,0.02464169045111201,0.9877383372637671,1.609634118957372e-7,-0.4986105095324372,-0.040549125524774216,-0.06418149266909694,1.0670870108414816,-0.3694187595082717,0.45177158801532563,-0.1066836278759578,0.5286263048600233,-0.10428682534086756,1.0461527645004502,0.5,-0.39414137950596095,-0.49249672215473483,0.5230763822502251
0.156312625250501,1.026713492209035,0.9999999961826312,0.04005056178885203,-0.0009466315298246438,-0.008109988711689785,0.9857332365729623,0.00012371101855930547,-0.3998250999895254,0.024641137239048636,0.9877377586698203,-1.1839339981771024e-6,-0.49861079268943853,-0.040548614353012144,-0.04937491120957875,1.0628103457095963,-0.3709194295912144,0.4605297428112882,-0.10728283813746399,0.5290618740819188,0.1298115891823663,1.0417597631572335,0.5,-0.39412004081594043,-0.49249665881276533,0.5208798815786168
0.15831663326653306,1.0398993363868507,0.999999996422946,0.04005140313673493,-0.0009484017356012074,-0.008109792677718428,0.9857332536687922,0.00012372494410008082,-0.39983418577761554,0.02464138599267619,0.9877317686891774,1.1603700629216545e-7,-0.49860818427719095,-0.040548916947647284,-0.005674280353737859,1.0588507345019633,-0.3723149179225362,0.4676974350048954,-0.10771502741331061,0.5290661786184748,0.2055942914048545,1.0405601047054307,0.5,-0.3941265517711083,-0.49249114844418407,0.5202800523527153
0.16032064128256512,1.053085180564247,0.9999999960522815,0.04005135305677626,-0.0009475566397544274,-0.008109555026302787,0.9857332424921514,0.00012388413887019466,-0.3998358177441912,0.0246418795331321,0.9877415145595189,-9.869330213421287e-7,-0.4986122180976644,-0.04054836518017102,0.020473144821492248,1.0553926703844065,-0.3735358288905418,0.4735634944541221,-0.10799940744245552,0.5284838503028255,0.05313400625228043,1.038644852759914,0.5,-0.3941320809967853,-0.49249994746314757,0.519322426379957
0.1623246492985972,1.066271024741048,0.9999999969781789,0.0400515008954605,-0.0009497924594695442,-0.008109446241890628,0.9857332935037411,0.00012397560756282984,-0.3998472942131644,0.024640299700312028,0.9877420553151015,2.300555936601362e-6,-0.4986139936099065,-0.04054952525712321,0.010920767116032511,1.0519146787989302,-0.37477290459951346,0.4783642911128606,-0.10814695684436683,0.5279120406315126,-0.08700042464859348,1.033569326090492,0.5,-0.3941435064966108,-0.492502104143571,0.516784663045246
0.16432865731462926,1.0794568689160091,0.9999999964224734,0.04005119819642943,-0.0009489235310021581,-0.008109543148902706,0.9857332726255214,0.0001240149650119937,-0.3998445350345604,0.024642985507409756,0.9877380279383596,-1.8561656892338803e-7,-0.4986096858436465,-0.04054826243920458,-0.004233429182883515,1.0480223177545576,-0.3761706166005365,0.48229327920439546,-0.10814698654300377,0.5278065068898896,-0.02698091179386062,1.0277970236358829,0.5,-0.3941392424464549,-0.4924957402797391,0.5138985118179414
0.16633266533066132,1.092642713085308,0.9999999956714821,0.04005087036015353,-0.0009483920592176256,-0.00810962391462332,0.9857333003695773,0.0001240124155193342,-0.39983464443704825,0.02464199450866467,0.987732115908918,3.731396146072613e-7,-0.4986074579425549,-0.040548344766593004,0.006735941588374222,1.0439836990036298,-0.3776326024534646,0.48550877293980466,-0.10798636791809751,0.5279075019828737,0.13042887499160655,1.0243683975209252,0.5,-0.3941271353146639,-0.4924906145717603,0.5121841987604626
0.16833667334669336,1.1058285572490631,0.9999999956900825,0.040051292883625286,-0.0009492522765068768,-0.00811003156295537,0.9857333232697544,0.00012399174865729292,-0.3998352859052147,0.024641317772229013,0.9877242024607288,-3.670616014680386e-7,-0.4986050050821665,-0.04054854155531941,0.024448557786225,1.0411285356426756,-0.37866186196611473,0.42661812698979995,-0.10767866532513469,0.5272064405032505,-0.03281238652868844,1.0338084371970369,0.09999984250285544,-0.39412462067928494,-0.4924842161038979,0.1033806808978268
0.17034068136272543,1.1190144014062533,0.9999999946629448,0.040051474709084524,-0.0009479453340531758,-0.008109999202353986,0.9857333072451563,0.00012397158817695236,-0.3998275675431673,0.02464065804840531,0.9877282770834044,1.2181444481707657e-7,-0.49860722739370716,-0.04054917502281902,-0.03900167104173813,1.0403554097000567,-0.378925067932201,0.3673051372410013,-0.10730446902007562,0.525594083392451,-0.5953473378671864,1.0377983597728155,0.10000000000077901,-0.3941186451892903,-0.4924884625943948,0.10377983597809001
0.1723446893787575,1.1322002455608333,0.9999999948407348,0.04005173184053985,-0.0009485578193955933,-0.008109954474649963,0.9857332949142674,0.00012396925507124476,-0.39983501550072453,0.02464114869661721,0.9877313237981369,3.292924697168114e-8,-0.4986086380448132,-0.04054916016347029,-0.1663612600126876,1.0395859125140992,-0.3791910381694111,0.31876324391069827,-0.10690443136999511,0.5249913024972467,-0.7707427686567342,1.0343697356141355,0.09999999999999999,-0.394127192220817,-0.49249137144844274,0.10343697356141354
0.17434869739478956,1.1453860897178947,0.9999999951419041,0.04005160387838496,-0.0009486607764297514,-0.008109963596061776,0.9857332893665256,0.00012395158201391153,-0.3998354902452766,0.024641320932999707,0.9877313452544689,-3.163597937887269e-8,-0.4986091512742407,-0.04054898496696136,-0.24585791228062207,1.0385764123833496,-0.3795484201537027,0.27903642297787534,-0.1064657838346043,0.5257772870573459,-0.39509651787042344,1.0348957214582,0.09999999999999998,-0.39412766937021443,-0.49249188646148795,0.10348957214581997
0.17635270541082163,1.1585719338818234,0.9999999950772115,0.04005068882151397,-0.0009470024383115452,-0.0081101976872737,0.9857332702437209,0.00012393510818733633,-0.3998271218979155,0.02464113596183927,0.9877380977941648,-1.4195442529538395e-6,-0.498612778625018,-0.04054856503365713,-0.23485152098358933,1.0385249930539027,-0.37955657547113236,0.24652388202521264,-0.10600179910306723,0.5265062722858423,-0.04855256489059802,1.0423482713726504,0.09999999999999998,-0.3941221712442124,-0.4924987799344558,0.10423482713726502
0.1783567134268537,1.1717577780524433,0.9999999967357932,0.04005152960174429,-0.0009497212914810809,-0.008109799960920724,0.9857332975780764,0.0001239976193671611,-0.39984792183896584,0.024641308147282538,0.987740275026825,5.225935421803615e-7,-0.4986137827235565,-0.04054897874902991,-0.20669361537075207,1.040106973728063,-0.378975495747302,0.21991554949427228,-0.10556853606441184,0.5260759500174368,-0.18787385418774277,1.0513177014290491,0.09999999999999998,-0.3941434556354053,-0.4925009360701657,0.1051317701429049
0.18036072144288576,1.1849436222291594,0.9999999966427658,0.04005102044559461,-0.0009486901474635352,-0.008109576029530283,0.985733300314042,0.0001240213483225789,-0.3998382577875078,0.02464290065523587,0.9877332163124379,8.122100865211762e-8,-0.4986089672929755,-0.0405480982174478,-0.23957773423645096,1.0425234166449648,-0.37809809119387605,0.19813919842351857,-0.10522020904211327,0.525121895685875,-0.5647352170955577,1.054165178183812,0.09999999999999998,-0.3941311368429793,-0.49249264223987127,0.10541651781838117
0.18236472945891782,1.1981294664090263,0.9999999967201026,0.04005043428912811,-0.0009485552573482878,-0.008109699819074341,0.9857333149942099,0.00012400242445611412,-0.3998346180337396,0.024642402905196856,0.9877317129268585,5.266709109489371e-8,-0.4986085772482379,-0.04054790743493616,-0.3131725148045554,1.0445067166826458,-0.3773780996157717,0.18031738198738412,-0.10496266672941489,0.5249229948218189,-0.6473603288843549,1.0527458297079504,0.09999999999999998,-0.3941269560110825,-0.4924915062209662,0.10527458297079502
0.1843687374749499,1.2113153105887435,0.9999999966124903,0.04005073628653684,-0.0009484756000691622,-0.008109761945915745,0.9857333138152765,0.00012398289581889177,-0.3998342958227747,0.024642065299242673,0.9877317467034279,6.101469712144613e-8,-0.4986082769644768,-0.04054824711496976,-0.3512111720194177,1.046072006025229,-0.3768092836891989,0.1657319598953538,-0.10477387030992838,0.5256036736194548,-0.3769943041132076,1.05430540168318,0.09999999999999998,-0.3941266524239446,-0.49249122680094826,0.10543054016831799
0.18637274549098196,1.2245011547663878,0.9999999964329379,0.04005111939750612,-0.0009484567478658301,-0.008109833298805099,0.9857333107479307,0.0001239637777011035,-0.39983431636053113,0.024641673955612526,0.9877317794309283,6.303153016927574e-8,-0.49860831912011266,-0.04054863551944683,-0.33223999062496945,1.0480918429729456,-0.37608237881807094,0.15379521150709732,-0.10465412339291155,0.5261425827787426,-0.17094468199511034,1.0604060658778098,0.09999999999999998,-0.39412668575995957,-0.49249128483941557,0.10604060658778096
0.18837675350701402,1.2376869989420882,0.9999999963379881,0.040051410891215236,-0.0009484959568791653,-0.008109895763324307,0.9857333061481663,0.0001239454444588596,-0.3998346081326867,0.0246414000951985,0.9877318145542645,4.2172193375137526e-8,-0.4986086330484996,-0.040548904441527894,-0.31043137762000517,1.0509667925844242,-0.3750593476747762,0.14402614475080805,-0.10463287686018206,0.5258998357751252,-0.29990170229164514,1.0667555643807525,0.09999999999999998,-0.39412698741101365,-0.49249161158345217,0.10667555643807522
0.1903807615230461,1.2508728431176646,0.999999996421625,0.04005153308123021,-0.0009485686689162325,-0.00810993098111814,0.9857333008318169,0.0001239277562381971,-0.39983502097542833,0.02464130952041846,0.9877318538772711,7.906501111024897e-9,-0.49860906784429954,-0.04054899026168096,-0.3331211212197043,1.0540956777253427,-0.3739528498660601,0.13603111443053648,-0.10473509442718647,0.5254103222011556,-0.5476286512583871,1.068802127987384,0.09999999999999998,-0.39412741012762437,-0.4924920592624687,0.10688021279873838
0.19238476953907813,1.2640586872956499,0.9999999966981316,0.04005148358952462,-0.0009486443502565488,-0.008109932670413086,0.9857332956672763,0.00012391049074019598,-0.399835400186022,0.024641390540752466,0.9877318981538298,-2.636496693445856e-8,-0.4986094679804184,-0.04054890592059032,-0.3786731806304754,1.0567389462202217,-0.37301882446202395,0.12948796026677106,-0.10495419384797453,0.5254927783686852,-0.5687841926890825,1.0685859275111274,0.09999999999999998,-0.3941278016976566,-0.4924924751766993,0.10685859275111272
0.1943887775551102,1.277244531478303,0.9999999971154904,0.04005131653023549,-0.0009486980344901619,-0.00810990650649492,0.9857332913140276,0.00012389348872626175,-0.3998356358579807,0.024641578364509056,0.9877319468948267,-4.9867240645505184e-8,-0.4986097226739023,-0.04054871693508173,-0.39621186003781583,1.0590358851533048,-0.372208387645947,0.12413302542649535,-0.10527043803564723,0.5261061211452607,-0.37519072944561305,1.070704634261075,0.09999999999999998,-0.3941280535573105,-0.4924927500953305,0.10707046342610749
0.19639278557114226,1.2904303756669235,0.9999999975865358,0.04005111156794839,-0.0009487173580160275,-0.008109865967557466,0.9857332880288906,0.00012387667809269742,-0.39983568954616766,0.02464178830897176,0.9877319983761751,-5.7817584066477814e-8,-0.49860979306563985,-0.04054850764694914,-0.37869434866171475,1.0615957819768516,-0.37131168301205913,0.11975053245352386,-0.10568225181964105,0.5265337514511638,-0.2645060855683147,1.0756569593216643,0.09999999999999998,-0.39412812710045114,-0.4924928449702388,0.1075656959321664
0.19839679358717432,1.303616219861633,0.9999999980251401,0.04005094271937647,-0.0009487037939767423,-0.008109826100909174,0.9857332856954119,0.00012386007822742386,-0.39983559030677496,0.024641947933337172,0.987732050645111,-5.148830891333501e-8,-0.4986097076939438,-0.0405483499589788,-0.36601674509141363,1.0646069618466436,-0.37026571111885365,0.11616388850152021,-0.10620634189682182,0.5264462480959115,-0.37912423523282174,1.0801422551773558,0.09999999999999998,-0.3941280501790119,-0.4924927869643326,0.10801422551773555
0.2004008016032064,1.3168020640615288,0.9999999983928146,0.04005089921921366,-0.0009487399971119664,-0.008109791568449558,0.985733281653658,0.00012384342115496867,-0.39983636566798203,0.024642033934035024,0.9877324141267879,6.70144139104993e-9,-0.49860951319539226,-0.04054831602511927,-0.38443681274717634,1.0675756275454849,-0.3692390298463107,0.12893136026798172,-0.10685295801940393,0.5263168731448551,-0.5224680451979209,1.079437489010331,0.49264454971896626,-0.394128956806045,-0.49249277844679945,0.5317789957232661
0.20240480961923846,1.3299879082665802,0.9999999982479262,0.04004993075066884,-0.000947550995377152,-0.008109766282046323,0.9857332511812249,0.00012394434127923677,-0.3998255541328938,0.024641657040248146,0.9877317039155721,-3.0233268722820337e-7,-0.49860991856704806,-0.04054779576849071,-0.3816368840779803,1.068584973786417,-0.36888160549295856,0.19631644692730757,-0.1075857146732089,0.5274255417067204,-0.1342738222796814,1.0684228520588372,0.49999993737339204,-0.39411804487765256,-0.492492812196511,0.5342113591177196
0.20440881763527052,1.343173752473411,0.99999999878764,0.04005087561507638,-0.0009486495250982997,-0.008109310351510069,0.9857332570667161,0.00012404257263546662,-0.3998372910370122,0.0246428994405276,0.9877329175394937,5.960624823670933e-7,-0.4986083807760822,-0.04054786300687486,-0.28414842503654936,1.0681856664120937,-0.369010891946376,0.25146455936622464,-0.1083240268827871,0.528742647782189,0.37123947844670346,1.0658130463351474,0.4999999999965834,-0.39413005366938464,-0.49249193482266235,0.5329065231639323
0.2064128256513026,1.3563595966801432,0.9999999984695866,0.04005018245217067,-0.0009484003245892934,-0.008109523287429782,0.9857332759455941,0.00012404957084148255,-0.3998340029138721,0.024642533650459573,0.9877326497301805,1.979518294597253e-7,-0.49860816660398044,-0.04054776167207938,-0.1610297552129524,1.067959237882461,-0.3690817306604994,0.2965979314489937,-0.10904663588564972,0.5286383517476105,0.30880107126789547,1.0679718691123843,0.4999999999999999,-0.39412672185055475,-0.4924915736033605,0.533985934556192
0.20841683366733466,1.3695454408817418,0.9999999983392138,0.04005022019898167,-0.000948803436929524,-0.008110101612883412,0.9857333033128228,0.00012401807490409857,-0.39982638799314274,0.0246418974971919,0.98771506318044,-4.4514260281949807e-7,-0.49860129971635325,-0.040547582705183174,-0.1179438948058701,1.0677936006640032,-0.3691330859740832,0.33353521197793884,-0.10976521513582772,0.5275676806321329,-0.14873461714170533,1.0646940830164577,0.5,-0.39411221522877293,-0.4924759962017308,0.5323470415082289
0.21042084168336672,1.3827312850733247,0.9999999973787922,0.040050836989360544,-0.0009483515123183046,-0.008109629183291781,0.985733282046724,0.00012414447184899133,-0.39983536985946283,0.024641874377276763,0.9877338919720208,3.590481534895643e-7,-0.49860833314137587,-0.04054849706887378,-0.14781104058156616,1.0663286988748626,-0.3696383555911661,0.36376476549976317,-0.11045487702238298,0.5271573723487428,-0.3210742894174373,1.0546796600003234,0.5,-0.39412855944692277,-0.4924923640222761,0.5273398300001617
0.2124248496993988,1.3959171292582453,0.9999999968376427,0.040051296573563204,-0.0009483665454329296,-0.008109844296539237,0.9857332794377038,0.00012412476043786852,-0.39983556210131127,0.024641435065127053,0.9877338833482009,2.0686336404419687e-7,-0.49860848143083525,-0.040548943993514414,-0.1554754252599868,1.0633807114838778,-0.37067140274089705,0.3885047202887055,-0.11105364826300664,0.52785363882046,-0.01755285885545508,1.0467050110688052,0.5,-0.39412874897241407,-0.4924925000221192,0.5233525055344026
0.21442885771543085,1.4091029734381928,0.9999999965636122,0.040052087317232185,-0.0009485812816374471,-0.00810984802723744,0.9857332839420728,0.00012413094330306605,-0.39983602533448287,0.02464070849149129,0.9877325930966326,5.108782354971282e-7,-0.49860835933595854,-0.040549491617368025,-0.0968967628275957,1.0600878664446718,-0.37183271172693,0.40875196549390425,-0.11152299337852825,0.5285125548054073,0.2941522030366718,1.0447786926117095,0.5,-0.3941286814703268,-0.49249174842241666,0.5223893463058548
0.21643286573146292,1.4222888176155275,0.9999999971578069,0.04005243859618624,-0.0009499359746409337,-0.008110055006686564,0.985733293420431,0.00012412921368533478,-0.39984851362292206,0.024639220793591373,0.9877422670181392,1.6271661659937747e-6,-0.4986150422084949,-0.040550605115706406,-0.027551272926277137,1.0573845185991648,-0.37278655307838904,0.42532235742268687,-0.11187081392005284,0.5281604733682826,0.20914171958573813,1.0454150498605366,0.5,-0.394144807592393,-0.49250321814293657,0.5227075249302683
0.21843687374749496,1.4354746617954435,0.9999999972257574,0.040052513211664954,-0.0009494058651194677,-0.008109903038360435,0.985733270749044,0.00012416854966961255,-0.3998469457523625,0.02464177712200482,0.9877373116334036,-2.7572415848426984e-7,-0.49861130638141904,-0.04054940078412957,-0.013520785209078418,1.054969096710672,-0.3736402036656378,0.43888362176239837,-0.1121191628744137,0.5272536646432605,-0.0960198371507536,1.0418610160258388,0.5,-0.39414133007056307,-0.4924969801347528,0.5209305080129194
0.22044088176352702,1.4486605059810969,0.9999999975915177,0.04005135823634972,-0.0009491344070908446,-0.008109977415082566,0.9857333055009035,0.00012417699471067604,-0.39983288363079617,0.02464231613423736,0.9877202877860465,-2.1819604078496766e-7,-0.49860464610844046,-0.04054825464826903,-0.04181169320365121,1.0518881267054216,-0.3747409943022732,0.44998219685644575,-0.11225972574628987,0.5268689188562449,-0.17917420288661237,1.0342039524770323,0.5,-0.3941206883701058,-0.49248191569822003,0.5171019762385162
0.2224448897795591,1.4618463501729075,0.999999997598781,0.04005031219968884,-0.0009481405140529585,-0.008109949793956298,0.9857333254765037,0.00012420362238734409,-0.3998247694250458,0.024641631342705132,0.9877224951915153,2.4912657112589616e-7,-0.4986059260703786,-0.04054801249592548,-0.048816769030593864,1.0480605259100635,-0.3761226582097634,0.4590652971946104,-0.11226010953510251,0.5271933051053053,0.04033215058343703,1.028291991879486,0.5,-0.3941135774757883,-0.49248429951709793,0.514145995939743
0.22444889779559116,1.475032194367286,0.9999999979305353,0.040050525106314225,-0.000948667435915971,-0.008109733193276769,0.9857333200056545,0.00012422419702594274,-0.3998356786531957,0.02464240639580833,0.9877315125108583,4.9807638414746475e-8,-0.49860856235354745,-0.04054793887068304,-0.011029325570142166,1.0442593410597814,-0.3775021461213664,0.4664989280648716,-0.1121047231144758,0.5274173108066605,0.2367743320154062,1.026634271072716,0.5,-0.39412791931396124,-0.4924913914639311,0.513317135536358
0.22645290581162322,1.4882180385639803,0.9999999979313905,0.04005154064283234,-0.0009485050540193716,-0.008109639633901438,0.9857332921494366,0.00012423341212513763,-0.3998414542744666,0.024643409837727434,0.9877358424235307,-2.5351580628010145e-7,-0.4986084419343711,-0.04054847728307392,0.03119848222797978,1.0410557866152552,-0.3786655110502678,0.472582633252936,-0.11180838109267507,0.526944021271184,0.16429776892596898,1.0264182784945908,0.5,-0.3941353394901101,-0.49249341915385025,0.5132091392472954
0.2284569138276553,1.501403882760365,0.9999999972132797,0.040050248274445706,-0.0009468259376236291,-0.008110126950539778,0.9857333141443264,0.0001242037650084825,-0.3998243557387768,0.02464124596646391,0.9877356430516162,-1.0432936413302606e-6,-0.4986105913028846,-0.040548352069389136,0.03595577597610431,1.038159136877764,-0.37972057478112425,0.47756155477443163,-0.11139205435904663,0.5261365059287302,-0.03731715490980939,1.0232361569735182,0.5,-0.3941184592991705,-0.49249541072906344,0.5116180784867591
0.23046092184368736,1.514589726954278,0.9999999975921967,0.04005164697667852,-0.0009481080020393056,-0.008109779067424697,0.9857333109397839,0.00012427573801155773,-0.39984233955570997,0.02464159521614215,0.98774545471995,-3.1038435659543635e-7,-0.49861383389108754,-0.040549087532275346,0.014909087872776566,1.0349169718844835,-0.3809128254601778,0.48163631503680737,-0.11085424654823903,0.5257063273379277,-0.08052397264439161,1.0174600726671266,0.5,-0.3941400556255282,-0.49250353550060744,0.5087300363335633
0.23246492985971942,1.527775571147901,0.999999998098485,0.04005197696392567,-0.0009493664038444076,-0.008109787774732395,0.9857333382023502,0.00012431362220014327,-0.3998472118529527,0.02464206947987664,0.9877384329131353,-4.318069222908901e-8,-0.4986110062758323,-0.04054901698920587,0.010302315727195754,1.0312848309982494,-0.38226123916940663,0.4849711109350241,-0.11017749389377572,0.5257386563432613,0.07227764536311689,1.0130016059771916,0.5,-0.3941420343823094,-0.4924972522211975,0.5065008029885958
0.2344689378757515,1.5409614153390585,0.9999999975518971,0.04005109155735142,-0.0009485695479456757,-0.008109842610251583,0.985733356850666,0.0001242977654527726,-0.3998349849525687,0.024641709671204003,0.9877313283989343,1.2925633973126926e-7,-0.49860835183537866,-0.04054856634184224,0.03208267791731425,1.0281730091962877,-0.3834179346771914,0.44476200517903813,-0.10935867253530229,0.525439301230077,0.10134323458401268,1.0190024315342963,0.10000200976134081,-0.39412716149723365,-0.49249109495032106,0.10190229110512272
0.23647294589178355,1.554147259530986,0.9999999975795728,0.040051622398499805,-0.00094858767296045,-0.008109909832777202,0.9857333415887568,0.00012428527241268946,-0.399841262826576,0.02464083704796228,0.9877417435482546,3.2838796272798433e-7,-0.49861310669513825,-0.040549371605304405,0.0015617708415438156,1.0274309398975765,-0.3836798332879515,0.3821541580472149,-0.10846304083118163,0.5238701846534801,-0.40389426782223065,1.0270510372947712,0.10000000281376273,-0.394137496963558,-0.4925009926789933,0.10270510661935504
0.23847695390781562,1.567333103722905,0.9999999976407449,0.04005189938908017,-0.0009485586692719422,-0.008109798840652323,0.9857333323442299,0.0001243042690799715,-0.399840703232129,0.024642617666180547,0.9877352232463749,-3.271304454535447e-7,-0.4986090956906917,-0.040548916250266874,-0.11395670791251883,1.0272747835232787,-0.3837246983989608,0.33091570641654344,-0.10755665553679265,0.522729698157808,-0.7660420449931464,1.025181588694058,0.10000000000035439,-0.39413435509849193,-0.4924937531799334,0.10251815886976912
0.24048096192384769,1.580518947916164,0.9999999978200582,0.040051254162595,-0.0009486847613667745,-0.008109921576967723,0.9857333551072869,0.00012427593991251517,-0.3998356359118386,0.024641667725040877,0.9877312712003083,1.7364868394903487e-8,-0.4986088403124468,-0.04054865861347315,-0.21902919800843526,1.0266786577541016,-0.3839372073522132,0.2889820303811009,-0.10663445032585536,0.5230926905719425,-0.540301541989737,1.0238173297556408,0.09999999999999998,-0.3941277817648182,-0.49249154437764675,0.10238173297556405
0.24248496993987975,1.5937047921136702,0.9999999989168732,0.04005174143828787,-0.0009502519141926248,-0.00811012606030685,0.9857333788608624,0.00012426432082872292,-0.3998431608017914,0.024640826944672203,0.9877291620371839,1.7130085507177758e-8,-0.49860982074124494,-0.04054877929148516,-0.23521868784115568,1.026580565124585,-0.3839654843059862,0.2546634079399664,-0.1056939005519096,0.5239730055330178,-0.11558370832417633,1.0294188315475032,0.09999999999999998,-0.39413434112499046,-0.4924914611188644,0.10294188315475031
0.2444889779559118,1.606890636313851,0.9999999984561854,0.0400515403048346,-0.0009487884023838563,-0.008109797147392708,0.9857333561898678,0.00012428777221210676,-0.3998357904548995,0.024642342570117846,0.987728157157708,5.989850074865384e-8,-0.4986074174913693,-0.04054856659545872,-0.20203319538471481,1.0279981649539385,-0.383431971761698,0.2265769363808912,-0.10477803164932256,0.5239176295273738,-0.07891963534594848,1.039084934854404,0.09999999999999998,-0.3941266874737938,-0.49248858805271245,0.10390849348544037
0.24649298597194386,1.6200764805189853,0.9999999982351885,0.04005067573815576,-0.0009477427035225,-0.008110002211510056,0.9857333761193836,0.0001242808313708978,-0.39982521228179174,0.024640502347569967,0.9877300514248285,8.983602048138111e-8,-0.49860930135390485,-0.04054858073286401,-0.21016047818603498,1.0306592666325136,-0.3824467649716608,0.2035909006741507,-0.10394746483623098,0.5229648810621202,-0.4293556701076799,1.0448023140113223,0.09999999999999998,-0.3941170385007719,-0.49249139450991336,0.1044802314011322
0.24849699398797592,1.6332623247241915,0.9999999987428784,0.04005087061069887,-0.0009486754279533797,-0.008109824967629384,0.9857333722215952,0.00012429883300274787,-0.39983521756456647,0.024641998818031086,0.9877314115520474,6.937510842956848e-8,-0.4986089497101936,-0.04054830964523149,-0.27655131817540995,1.0332362322558744,-0.3814960388068286,0.18477907263150742,-0.10322605478979126,0.5223759731304591,-0.6524733855880129,1.044357140400192,0.09999999999999998,-0.39412742497717457,-0.4924917245227767,0.10443571404001917
0.250501002004008,1.646448168931967,0.9999999988736198,0.04005094040496241,-0.0009486377718751632,-0.008109874552802446,0.9857333682094104,0.00012427284133613908,-0.39983506392631996,0.024641918766689874,0.9877314445418972,2.8379021366664627e-8,-0.498608828664166,-0.04054839400798898,-0.33346704293696744,1.0352157007212752,-0.38076464416105,0.1693834194286554,-0.10259503943835033,0.5227903156987167,-0.47848999321127234,1.0445828773063848,0.09999999999999998,-0.3941272880586049,-0.49249161974852373,0.10445828773063845
0.25250501002004005,1.6596340131411154,0.9999999989608012,0.04005112287581569,-0.000948625599632579,-0.008109909910850633,0.9857333635533283,0.00012424658042307508,-0.3998350494370489,0.024641730012726893,0.9877314690845921,2.4832226641722225e-8,-0.4986088446293487,-0.04054858116459379,-0.3318012355221506,1.0373139377483265,-0.3799937325198697,0.156783575736685,-0.102042578044207,0.523472357579118,-0.2026421346839894,1.0495393690962374,0.09999999999999998,-0.39412728375197603,-0.49249164761122927,0.10495393690962371
0.2545090180360721,1.6728198573515547,0.999999999078944,0.040051272663016946,-0.0009486418818710968,-0.008109939019414817,0.985733358164011,0.00012422101382124015,-0.39983517634857185,0.02464158673143983,0.9877314965444096,1.4870493539651328e-8,-0.49860900193121893,-0.0405487214573817,-0.3036233483302104,1.0402169470812923,-0.3789390791452927,0.14647183001391018,-0.10158935874962406,0.5234886009178965,-0.2098828183593046,1.0567265866320996,0.09999999999999998,-0.3941274198592286,-0.4924918162710168,0.10567265866320993
0.2565130260521042,1.686005701564067,0.9999999992785176,0.0400513388229953,-0.0009486757845765785,-0.008109954421630265,0.9857333524634042,0.0001241961726361677,-0.3998353702805774,0.0246415345549679,0.9877315277849845,-1.734394528882714e-9,-0.49860922600152335,-0.040548770597635515,-0.3086063199402755,1.0436710373553726,-0.37769488576704163,0.13803266977892492,-0.10126606579212523,0.5229682447740492,-0.4552368491982123,1.0607935152225116,0.09999999999999998,-0.3941276235496847,-0.4924920524958457,0.10607935152225115
0.25851703406813625,1.6991915457798352,0.9999999995693155,0.040051316763327585,-0.0009487120264480735,-0.008109952777143473,0.9857333468943306,0.00012417194798609117,-0.39983555201108884,0.0246415710404754,0.9877315629024587,-1.8714220244775017e-8,-0.49860943704882693,-0.040548731832188836,-0.35114313094313965,1.0468357638179104,-0.3765580998255048,0.13112603850744178,-0.10107779124142102,0.5227735859280365,-0.58099534355559,1.0611153096517296,0.09999999999999998,-0.3941278167746511,-0.492492277775315,0.10611153096517294
0.2605210420841683,1.7123773899999293,0.9999999999265806,0.04005123245849177,-0.0009487375717942371,-0.008109936678810128,0.985733341801858,0.0001241482495205604,-0.3998356633694569,0.024641664482372774,0.987731601580573,-3.04888161510224e-8,-0.4986095766356611,-0.04054863714924815,-0.382877592524092,1.0494952756018108,-0.37560346885946966,0.12547363303195863,-0.1010052743199952,0.5232386426234157,-0.4428854964670928,1.0622964318758352,0.09999999999999998,-0.3941279420535869,-0.49249243445747304,0.1062296431875835
0.2625250501002004,1.7255632342249474,1.000000000306596,0.04005112603997186,-0.0009487457314635698,-0.008109912843271118,0.985733337323522,0.00012412502226574968,-0.3998356826483567,0.024641772157345372,0.9877316431055385,-3.453649825905222e-8,-0.4986096225997897,-0.04054852923962112,-0.37566361404919735,1.0521871702378975,-0.3746425148472463,0.1208476892970584,-0.10103784247265833,0.5238009401519875,-0.27070613888891654,1.0666537485645151,0.09999999999999998,-0.3941279776952569,-0.4924925003983185,0.10666537485645149
0.26452905811623245,1.7387490784548882,1.0000000006648941,0.04005103606963535,-0.0009487367295942068,-0.008109888931126715,0.9857333334199885,0.00012410226964872646,-0.39983562198352074,0.02464185602566845,0.9877316864524546,-3.1216154142325413e-8,-0.4986095869673567,-0.04054844585311685,-0.3563244122614481,1.0553319576007254,-0.37353004018050584,0.11706180459160319,-0.10118700387520697,0.5238866652301578,-0.30544299068418185,1.0720086739772796,0.09999999999999998,-0.39412793524639633,-0.4924924869508625,0.10720086739772794
0.2665330661322645,1.7519349226892176,1.0000000009741743,0.04005099733853812,-0.0009487283915792536,-0.00810986732897375,0.9857333290512403,0.00012407983798524023,-0.3998359056361629,0.02464187991623107,0.9877323794430984,-3.326043658333073e-8,-0.49860972725484837,-0.04054842600696347,-0.3629168622783657,1.0586838384061583,-0.37235240571185746,0.11396342647777052,-0.10146817897015935,0.5236782347204838,-0.47545123561051955,1.074933428331848,0.09999999999999998,-0.3941284914119845,-0.49249297096624733,0.10749334283318476
0.2685370741482966,1.7651207669271178,1.000000001145704,0.04005145632628471,-0.0009489909932459415,-0.008109855767158666,0.985733325436958,0.00012403089397015302,-0.39983486228812254,0.024641386517152374,0.9877319895168762,1.7491293324021811e-7,-0.4986082273553273,-0.04054902328633944,-0.37589917377036225,1.0607015298877873,-0.37163817701246177,0.17966558285614043,-0.10186595818499246,0.52434015134696,-0.2805126332642757,1.06434191752645,0.49999989445686255,-0.39412730412080405,-0.492491303487709,0.5321708464292396
0.27054108216432865,1.7783066111659414,1.0000000015334094,0.0400516016311846,-0.0009495136188461893,-0.008110239522439704,0.9857333360851243,0.00012401062126267396,-0.39982988299504796,0.02464124907712692,0.9877154512443579,-6.001712455857818e-7,-0.4986032602427547,-0.04054846874525894,-0.30587162624531017,1.0607772730071103,-0.37160031106473135,0.23783746779446313,-0.10229964728753606,0.5257868408622822,0.26821814891644585,1.0595089067393453,0.5000000000001875,-0.39411581245994215,-0.4924781198465555,0.5297544533698714
0.2725450901803607,1.7914924554046405,1.0000000014366068,0.04005156368505075,-0.0009489452524371843,-0.008109806814856187,0.9857333102154829,0.00012404395141685942,-0.39983782746981394,0.024641394233877963,0.9877328640194444,2.5964126164707423e-7,-0.4986102403359493,-0.040548872098957175,-0.17969655987577374,1.0606702743189562,-0.37162802042981014,0.28544547399158765,-0.10272802838011538,0.5261532679524131,0.3964230284730665,1.0613544717818157,0.49999999999999994,-0.39413056863922125,-0.492493731244611,0.5306772358909078
0.2745490981963928,1.8046782996501252,1.00000000253846,0.04005188112847984,-0.0009501988381407729,-0.008109771256477199,0.9857333251960809,0.00012406367543349605,-0.3998494404177868,0.02464033162765733,0.9877422994200555,1.638831055281058e-6,-0.498615983833108,-0.04054952954575125,-0.10804434975017528,1.060859583903686,-0.37155434600835213,0.32440798541144317,-0.10315991586747958,0.5252306190817128,0.0005158075076165114,1.0608037766434497,0.5,-0.3941457317140209,-0.4925041648527356,0.5304018883217249
0.27655310621242485,1.817864143902193,1.0000000028160292,0.04005113566402967,-0.0009497403044456057,-0.008109496624888477,0.9857333171740436,0.0001241954221609587,-0.39984871197574756,0.024642980040093188,0.9877382914958608,2.6678002195045377e-8,-0.49861207256768963,-0.04054803782052324,-0.12342090348571759,1.0601475526121515,-0.3717984901157679,0.35629503295399517,-0.103586150440551,0.5245070473798434,-0.3057669009343805,1.0524250373432416,0.5,-0.3941434516216504,-0.49249823775896057,0.5262125186716208
0.2785571142284569,1.8310499881552476,1.0000000021933737,0.04004986732858134,-0.0009485571346945259,-0.008109542092450283,0.9857333409404067,0.0001241885854402453,-0.3998344531850308,0.024642955240086844,0.9877314727559823,1.6370326494172133e-7,-0.49860820241597,-0.04054736739689785,-0.14607179114709712,1.0578405577072756,-0.3726120278816435,0.38239147878257107,-0.10395118337641543,0.5249322901478284,-0.12295491518493659,1.0434078499030424,0.5,-0.3941266949429174,-0.4924910207382754,0.5217039249515212
0.280561122244489,1.844235832406764,1.0000000022698783,0.040051389503859905,-0.0009492890707346774,-0.008109364183270674,0.9857333469803328,0.00012430944756435078,-0.39983975806873245,0.024643615691098023,0.9877263173631139,1.7203959899974668e-7,-0.4986047024831493,-0.040547784933256885,-0.1062610867618303,1.0548002889873802,-0.3736940520643567,0.4037488717502251,-0.1042047654212038,0.5257394299937691,0.23792596821861087,1.039937172586743,0.5,-0.39412985183327576,-0.49248499357943676,0.5199685862933715
0.282565130260521,1.8574216766480236,1.0000000009553147,0.040050276905456886,-0.000948240194054527,-0.008109582004981903,0.9857333628242251,0.00012431585280952044,-0.39983352995186255,0.024642378649242583,0.9877328340999211,2.6481890674763947e-7,-0.4986075259236686,-0.04054794625144916,-0.032874004901575604,1.0521521281076576,-0.37463732093165864,0.42122781959736305,-0.10434172092912315,0.5257251397257326,0.2833732665456264,1.0407004009730982,0.5,-0.3941263286892648,-0.49249103542199785,0.5203502004865491
0.28456913827655306,1.870607520880271,1.0000000002983211,0.040051341728437745,-0.0009484590252065191,-0.008109878489749107,0.9857333745967,0.000124315547716432,-0.3998286057094745,0.024641912581687964,0.987720182645698,4.0524311721849286e-7,-0.4986018925586669,-0.040548656715077534,0.0005916383338013258,1.0500093981111487,-0.375400580444374,0.43553264020524773,-0.10438461720984706,0.5248983278008899,0.0057555479579137064,1.0391510011874359,0.5,-0.39411642278337516,-0.49247916881760123,0.5195755005937179
0.2865731462925851,1.8837933651000756,0.9999999994532999,0.04005347351576618,-0.0009483203819170994,-0.008109596077701406,0.9857333438433141,0.00012445509239621274,-0.39984694709941604,0.024641256923513606,0.9877484462858265,1.8816054686085616e-7,-0.49861399858752065,-0.04055014337564777,-0.020005194149859493,1.0474685881467494,-0.3763130165926325,0.44723973490606084,-0.10433686579542356,0.5242926725631117,-0.17538310969148038,1.0325560976586456,0.5,-0.3941457722498294,-0.49250521003112396,0.5162780488293228
0.2885771543086172,1.896979209312861,0.9999999994709863,0.040052345800269236,-0.0009494267507280844,-0.008109836177222822,0.9857333800098952,0.00012449291138219438,-0.3998463474250191,0.024641753227578625,0.9877360647652467,-4.3540420027716115e-9,-0.49860969042232123,-0.04054931130739857,-0.03889233258602584,1.044091407539134,-0.3775402367261843,0.4568208586499337,-0.1041699696982451,0.5244585153398931,-0.03159932814433216,1.025889443404164,0.5,-0.39414023623588096,-0.49249477329500807,0.512944721702082
0.29058116232464926,1.9101650535194719,0.9999999986181488,0.04005142832176999,-0.0009484750241576417,-0.008109913661148245,0.9857333937141354,0.0001244798441418155,-0.3998344242807668,0.024641353718024662,0.9877316216905166,1.7274018313810014e-7,-0.49860832988468506,-0.04054895392943119,-0.01372566960738943,1.0404685872132693,-0.37886526516275904,0.4646620773262214,-0.10385989889704772,0.5248167074619479,0.20618651880269864,1.023201607969746,0.5,-0.394126726230219,-0.4924912212698338,0.511600803984873
0.2925851703406813,1.923350897723939,0.9999999985323137,0.040051573144692855,-0.0009485546345365004,-0.008110022788594386,0.9857333863842893,0.0001244506386147462,-0.3998348412923112,0.024641244272173086,0.9877316476712014,5.702965118289832e-8,-0.49860877532217357,-0.04054906063456532,0.03205227253776586,1.0373282202119645,-0.3800157983255143,0.47107934971888815,-0.1034127542654558,0.524587546814101,0.2216820153770204,1.02324462334695,0.5,-0.3941271497245737,-0.4924916695047891,0.511622311673475
0.2945891783567134,1.9365367419287236,0.9999999986690646,0.04005164861325582,-0.0009486478400561347,-0.008110059591235164,0.9857333785601805,0.00012442066761356087,-0.39983531942548184,0.02464120851596289,0.9877316788435453,4.1111587921638175e-9,-0.4986092814243392,-0.04054909163204955,0.049918371809923937,1.0346628302002718,-0.3809933927283897,0.476331262581307,-0.10285082439414753,0.5238347548378159,0.03297895394667723,1.0215010603879893,0.5,-0.3941276338566864,-0.49249218279494006,0.5107505301939946
0.29659318637274545,1.949722586138765,0.9999999988238985,0.040051403840355285,-0.0009479671206898963,-0.008109733437681241,0.9857333649244779,0.0001245592133311559,-0.3998377926565212,0.02464182133354342,0.9877412913379808,-7.976859894489169e-7,-0.49861327649026227,-0.0405484440122046,0.03323797776703502,1.0318314979850618,-0.3820393090439606,0.48062944191973894,-0.10218089358927067,0.5232613168327558,-0.07879242621461191,1.016466536466902,0.5,-0.39413392990174034,-0.4925008892538276,0.508233268233451
0.2985971943887775,1.9629084303542326,0.9999999999464244,0.040051369306169766,-0.0009495614406286663,-0.008109714227928017,0.9857333879430719,0.0001246019266563241,-0.39984977077970946,0.024642445196675845,0.9877419930080793,1.582928611804131e-7,-0.49861335652554956,-0.040548524007964395,0.01995485153033157,1.0285444239610402,-0.3832658553489382,0.4841470825083501,-0.10138797586492072,0.5232046276138822,0.02497387421133715,1.011502223011397,0.5,-0.39414597014656144,-0.4925013569335362,0.5057511115056985
0.3006012024048096,1.976094274570371,0.9999999994412002,0.040050333327747545,-0.0009485942831213361,-0.008109732862681162,0.9857334100310255,0.00012458137368237025,-0.3998355176495463,0.024642501042822264,0.9877324983590142,1.605275875151667e-7,-0.4986087401597322,-0.040547848722532434,0.03632143239858885,1.0252975840009513,-0.3844831620960225,0.4636763222320722,-0.100460570881681,0.5231861816641907,0.15510233240476362,1.013082013677647,0.10099391283582405,-0.3941281523546962,-0.4924920631306612,0.1023151165849014
0.30260521042084165,1.9892801187859948,0.9999999993661375,0.04005103025367079,-0.0009487565082619744,-0.00810990521073529,0.9857334105619214,0.00012454147833954282,-0.3998330025197959,0.024642484834924448,0.9877245192515882,2.8194523452309663e-8,-0.4986046307783676,-0.0405482098447913,0.02885015420679386,1.0242191529229523,-0.3848761288322409,0.39763366454389,-0.09944082683924614,0.5219070979626823,-0.23485272566513415,1.0238770970081141,0.09999998797308596,-0.3941224910901872,-0.4924840203754162,0.10238769738672958
0.3046092184368737,2.0024659629977672,0.9999999985935797,0.040050761513885286,-0.0009475715498897746,-0.008110060549137182,0.9857334190680128,0.00012453644910220382,-0.39982554669811815,0.024640678441548894,0.9877308515389828,-1.15376983934656e-8,-0.49860861127984063,-0.04054868350042797,-0.06842641846191716,1.0243396670326501,-0.38481840519858007,0.3435841844986306,-0.09840984144981285,0.5205076554952129,-0.7059156269337233,1.0243539608279795,0.10000000000825521,-0.39411768983733575,-0.49249110773626814,0.1024353960912542
0.3066132264529058,2.0156518072047658,0.9999999986879962,0.04005138531550215,-0.0009485215417589302,-0.008109967732501703,0.9857334126948538,0.00012453581417660743,-0.39983457467834826,0.024641414941804232,0.9877315024591518,1.1046578002106057e-7,-0.498608394224132,-0.040548894874332345,-0.18688829894665382,1.0240718252227234,-0.38490920587214267,0.29934995297184575,-0.09737748412975152,0.5205032095033656,-0.6368142775560396,1.0220270538856935,0.09999999999999998,-0.394126828027935,-0.49249122284501223,0.10220270538856932
0.30861723446893785,2.0288376514104827,0.999999998657459,0.04005158058596541,-0.0009485925010381829,-0.008110045454652512,0.9857334047180762,0.00012450416606888564,-0.39983498312869936,0.02464125430158047,0.9877315282625856,4.086301244385874e-8,-0.49860883589045146,-0.04054905224255679,-0.2289076244382903,1.0239457717632614,-0.38494846845357017,0.2631485338441429,-0.09633309876557901,0.5214268596244256,-0.20654932942477786,1.0258262305794585,0.09999999999999998,-0.39412724190590404,-0.4924916691362608,0.10258262305794583
0.3106212424849699,2.0420234956183116,0.9999999989368346,0.040052434545306013,-0.0009487810424644119,-0.008109606838465297,0.9857333973185018,0.00012460515253140243,-0.3998384639591561,0.024641591527826818,0.9877331290539121,6.818083295637491e-7,-0.49860927631277613,-0.04054917118349564,-0.20106125026213145,1.0251214144183787,-0.3845031210268297,0.23352119630979168,-0.09530684868326852,0.5217361860249848,-0.03232071634847066,1.0351591782634617,0.09999999999999998,-0.3941312902951735,-0.4924929283144877,0.10351591782634614
0.312625250501002,2.0552093398298488,0.999999999166374,0.04005158742344432,-0.0009487658829874426,-0.008109713689459947,0.9857333842957697,0.00012461020175776776,-0.39984001876775116,0.02464280262086296,0.9877340873957347,4.9603009010400136e-9,-0.49860894836862524,-0.04054859672541051,-0.1919092286330032,1.0277535790839094,-0.3835240269993873,0.20927410323756376,-0.09435903280767523,0.5209747996468065,-0.3118557356545716,1.0428266571571891,0.09999999999999998,-0.3941332193779764,-0.49249305478536426,0.1042826657157189
0.31462925851703405,2.0683951840428776,0.9999999992782812,0.040050781025534686,-0.0009486823538505439,-0.008109881875289578,0.985733401894367,0.00012457678375290838,-0.3998351749755785,0.024642087812641284,0.9877313795519858,5.2230166727172814e-8,-0.4986088733956805,-0.0405482238088525,-0.24621521079971398,1.0306693534736602,-0.3824459106316066,0.18943021776387062,-0.09352718412804988,0.5202089756576973,-0.6166907677572218,1.043845537179211,0.09999999999999998,-0.39412737068677983,-0.4924916324938174,0.10438455371792107
0.3166332665330661,2.081581028259489,0.9999999999540446,0.040051986361258604,-0.0009495643757654178,-0.008109601068719692,0.9857334024602209,0.00012468843269349445,-0.39984162698039855,0.024643161784854702,0.9877267910990354,4.806536117779648e-8,-0.49860616549629355,-0.040548243633660296,-0.3129164729718469,1.0329830100743789,-0.3815899592648793,0.1731899296429355,-0.09280068185896814,0.5204008318638838,-0.5458566592545665,1.0434056894675676,0.09999999999999998,-0.39413188292023865,-0.4924866698168146,0.10434056894675674
0.3186372745490982,2.0947668724745636,0.999999999320583,0.040050281811641025,-0.0009485077987896388,-0.008109709148629976,0.9857334172918581,0.00012468581868400378,-0.3998347044427231,0.024642478881832016,0.9877327333009671,1.621902293485938e-7,-0.4986087847042281,-0.04054783155336274,-0.3279170553138805,1.0351559718248466,-0.38078811942131235,0.1598988336367225,-0.09216108177131813,0.5211512433723973,-0.25581027459331296,1.0471921357536296,0.09999999999999998,-0.3941274462778147,-0.49249222434024276,0.10471921357536293
0.32064128256513025,2.1079527166872625,0.9999999989906694,0.0400506904014344,-0.0009484163993012083,-0.008109859914468522,0.9857334140495926,0.00012465103401364673,-0.39983433796534285,0.024642038275572282,0.9877327456545743,8.988456562057879e-8,-0.49860839652564215,-0.04054828091367494,-0.3012873868846296,1.0379991093294456,-0.3797499260357952,0.14902136539655797,-0.09162012700450303,0.5214306784310356,-0.167249430525261,1.0543875327489958,0.09999999999999998,-0.39412709259121537,-0.4924918441513618,0.10543875327489956
0.3226452905811623,2.1211385608949147,0.9999999985997543,0.040051294841398674,-0.0009484123123678322,-0.008109984157919633,0.9857334077816784,0.00012461557995852745,-0.3998344963203769,0.024641436934405743,0.9877327527058244,7.199258415156853e-8,-0.4986085305926848,-0.040548879030176475,-0.29367992127497533,1.0415532448885367,-0.3784648492823808,0.1401192163420245,-0.09120904759748162,0.5210297044703477,-0.37442453535254466,1.0598562511252052,0.09999999999999998,-0.39412725177896213,-0.49249197936413736,0.10598562511252049
0.3246492985971944,2.1343244051002555,0.9999999988375995,0.0400515285195287,-0.0009490126082713331,-0.008110410433226727,0.9857334291589241,0.00012458022962506734,-0.3998271948695653,0.0246409800902891,0.9877145325793355,-5.091959233491172e-7,-0.4986022801202582,-0.04054852761593026,-0.32914182001697206,1.0450363148032529,-0.37721157605988387,0.13283367213570008,-0.09094189594278329,0.5207141666516909,-0.5630264108173888,1.0610490691818333,0.09999999999999998,-0.3941127986219008,-0.4924766974048268,0.1061049069181833
0.32665330661322645,2.147510249302425,0.9999999985297627,0.04005181994880227,-0.0009486784879373957,-0.008110061995339356,0.9857333950135004,0.0001245800159091167,-0.39983679078420964,0.024641007019372482,0.9877336708929869,1.1829752889274444e-7,-0.4986100333372707,-0.04054933665310951,-0.368593146103373,1.0479783645237952,-0.3761533929469578,0.12687116644589216,-0.09080345764397732,0.5210584932501388,-0.4895124209034563,1.0617354304820836,0.09999999999999998,-0.3941298750119306,-0.4924939233691833,0.10617354304820834
0.3286573146292585,2.1606960935084563,0.9999999988959369,0.04005163024762965,-0.0009487812527337364,-0.00811008712133282,0.9857333863090519,0.00012454793124788916,-0.3998373639374947,0.024641253581274895,0.9877337283623112,1.83537883872502e-8,-0.4986105505166974,-0.04054909484270249,-0.371904852442535,1.0507700480834297,-0.37515369633648377,0.12199143437878428,-0.09077778066439383,0.521705352781862,-0.297484506134143,1.0653844437142164,0.09999999999999998,-0.39413046422338693,-0.49249445880687154,0.10653844437142161
0.3306613226452906,2.1738819377205356,0.9999999994294456,0.04005139522058999,-0.0009488482955781617,-0.008110052549344621,0.985733379156126,0.00012451523749020581,-0.3998376803796846,0.024641518010895647,0.9877337693501151,-1.2777339811992345e-8,-0.49861081118412187,-0.040548833303165326,-0.35189761205380365,1.0539434177938676,-0.3740273597527061,0.11799784862300992,-0.09087059223661474,0.5219818996636569,-0.26701207478161587,1.0709485021350844,0.09999999999999998,-0.39413079260917905,-0.492494735451505,0.10709485021350841
0.33266533066132264,2.1870677819400504,1.0000000000086844,0.040051138728212865,-0.0009488703485825319,-0.008110000070939491,0.985733373411676,0.0001244827224367444,-0.39983774671738104,0.024641777863334793,0.9877338358047997,-1.78668172635303e-8,-0.49861083200861506,-0.04054857628252449,-0.3496171909645911,1.0574461433936015,-0.3727941736458697,0.11472948737587803,-0.09109855089660016,0.5218449244393943,-0.4210467091198269,1.0748725776631796,0.09999999999999998,-0.39413088450039535,-0.49249478894921794,0.10748725776631793
0.33466933867735466,2.200253626166766,1.0000000004398597,0.04005073774463908,-0.0009486901723442114,-0.008109996287144736,0.9857333786546224,0.00012443463990302053,-0.3998323558667553,0.02464138917113626,0.9877341122521871,-4.0257506051653474e-7,-0.4986102678415529,-0.04054838411687163,-0.3690369316285895,1.0602284950816971,-0.37181410705442475,0.1620775727935559,-0.09146017733418377,0.5221657971859979,-0.38968355772953434,1.0676706944152052,0.4999954960044383,-0.3941257014374676,-0.49249435394253327,0.5338305384235337
0.3366733466933867,2.21343947039901,1.0000000005156906,0.04005194413597327,-0.000948458608017372,-0.008109878907406562,0.9857333446377935,0.00012446592713230987,-0.39984343685543466,0.024641367010755737,0.9877453541008713,-4.4175509409224607e-7,-0.4986149096806776,-0.040549208285061984,-0.3253150889885469,1.0607912221730162,-0.37160393592884217,0.22344337289014576,-0.0918864781979532,0.5236346450544983,0.1431982109156611,1.0606558096269647,0.49999999233018744,-0.39414109815230747,-0.49250454260969556,0.5303278966784511
0.3386773547094188,2.2266253146332575,1.0000000009801093,0.04005142818445912,-0.000948724733814713,-0.00810973653413633,0.9857333530621641,0.00012448354083881492,-0.3998415726535797,0.024643194895483788,0.9877354286044873,-3.767772456771961e-7,-0.49860979744614903,-0.040548370553365465,-0.20428120170209063,1.0607505272660975,-0.371607124375535,0.2736653266323262,-0.09231755003082169,0.5244451595564678,0.43207892885219523,1.0614033439520585,0.499999999998984,-0.39413529357248717,-0.4924945467091652,0.5307016719749509
0.34068136272545085,2.2398111588713765,1.0000000012383625,0.0400506219034487,-0.0009487512309087749,-0.008109837116281837,0.9857333792167099,0.0001244506053186346,-0.39983576584333935,0.02464231669053057,0.9877312887969227,6.016277393233057e-9,-0.4986089561193201,-0.04054801348099104,-0.10982860892912244,1.0610644004067624,-0.37148834581777385,0.3147670993129432,-0.09275400143561338,0.5238050697594318,0.13411054385005278,1.062632918195806,0.5,-0.3941279167381942,-0.4924916670773724,0.531316459097903
0.3426853707414829,2.252997003112498,1.000000001364066,0.04005180350081824,-0.0009486699326312546,-0.008109408706628872,0.9857333628555218,0.00012455008414412645,-0.399840408690181,0.02464319658098517,0.9877345130135275,3.0868658147035065e-7,-0.49860873643670023,-0.04054835749032376,-0.10660111098908714,1.0608577821357446,-0.37155329690121874,0.34840489915126954,-0.09319761352802783,0.5229198394237612,-0.259890055053956,1.0561495078315826,0.5,-0.39413376555590535,-0.49249306998532827,0.5280747539157913
0.344689378757515,2.266182847354093,1.0000000011999017,0.04005037067429486,-0.0009485415384103095,-0.008109657518288906,0.9857333948497645,0.00012454202289953966,-0.39983408256677005,0.024642325663391758,0.9877318202341197,2.478333221092441e-7,-0.4986083986216812,-0.04054790321436897,-0.13696743790081306,1.0590747509053267,-0.37217783814361916,0.37593416461748547,-0.09360238474702705,0.5230921866827076,-0.20347326095685223,1.0465504307638107,0.5,-0.3941264673691451,-0.49249139120373425,0.5232752153819054
0.34669338677354705,2.279368691592402,1.0000000002736529,0.04005102496228491,-0.0009467354283080713,-0.008109892249138927,0.985733361544714,0.00012457675924697307,-0.39983119365778713,0.024642369291984774,0.9877445104495347,-1.942295646832804e-6,-0.4986133032294527,-0.040548094908679465,-0.1152143157220458,1.0562354310872464,-0.37318400178777966,0.39846419011348,-0.09391064350341255,0.523972935623736,0.1640777710444341,1.041542157752424,0.5,-0.3941287533558,-0.4925024743456129,0.520771078876212
0.3486973947895791,2.2925545358234904,1.0000000003380642,0.04005056104524475,-0.0009483703848342742,-0.008109732135347712,0.9857333985110861,0.00012462034475511702,-0.399834034602097,0.02464213758360401,0.9877326154828826,2.185353382559431e-7,-0.4986081570330788,-0.04054817383715573,-0.043709944541504994,1.0535399555357199,-0.3741428097867645,0.416902820996043,-0.09410450487064938,0.5242810795590315,0.3192159035763421,1.0417754968443802,0.5,-0.3941267389205704,-0.4924915479085917,0.5208877484221901
0.3507014028056112,2.305740380049157,0.9999999993316618,0.04005246909135135,-0.0009468624199788335,-0.008109733377610737,0.9857333540281784,0.0001247007269076902,-0.3998362118680335,0.024642768870544028,0.9877472233201794,-2.1538718554719794e-6,-0.498613385506568,-0.040548545984564324,0.00511269889069124,1.0514454381008493,-0.374886265323433,0.43199304689559503,-0.09420310466867997,0.5236331304083774,0.09502675946030562,1.041549800157948,0.5,-0.3941347798209824,-0.4925038997080147,0.520774900078974
0.35270541082164325,2.318926224268362,0.9999999991893885,0.04005063032005977,-0.0009477741171220492,-0.008109935230270893,0.9857334158482435,0.00012471631681588467,-0.3998250094043247,0.02464100725177668,0.9877269118043043,4.245714742219431e-7,-0.4986064531290192,-0.04054849950496075,-0.004901732181731987,1.049210794751702,-0.37568510354456863,0.4443429301989974,-0.09421845763999004,0.5229174439322583,-0.15123829259936158,1.0361202960442741,0.5,-0.39411557525227403,-0.49248702937055994,0.5180601480221371
0.3547094188376753,2.3321120684818086,0.9999999986156227,0.04005114480340553,-0.0009473699626345498,-0.008109937958057301,0.9857333987030602,0.0001247576257632873,-0.3998327437211971,0.02464134049301455,0.9877408296128869,-9.33474955564657e-7,-0.49861181303397234,-0.04054858268519385,-0.030471700871703478,1.046142845056973,-0.37679374719190023,0.45445010367819766,-0.09412811246756028,0.5229399535041944,-0.08685536401369305,1.029004814748967,0.5,-0.3941287818985817,-0.49249920800987507,0.5145024073744835
0.3567134268537074,2.3452979126916857,0.9999999987303682,0.04005081571866519,-0.0009481599455008963,-0.008110297117754121,0.9857334489242072,0.00012475392178417852,-0.3998209647080165,0.024641032958674713,0.987714529252105,-1.1777026158158629e-7,-0.4986016809242856,-0.04054831013671897,-0.017357356868972034,1.0426119483245229,-0.3780807709571945,0.46272184610345785,-0.09390288763586603,0.523380218764843,0.16215227060470147,1.0252626071032551,0.5,-0.39410665892205526,-0.4924761197830539,0.5126313035516276
0.35871743486973945,2.35848375689577,0.9999999985201184,0.04005164658870548,-0.0009486323197040109,-0.008109931676044081,0.9857334308084352,0.0001247804846801687,-0.3998354207090636,0.02464114852068733,0.9877314652955168,3.223062165761842e-7,-0.4986082730049454,-0.040549057553440966,0.027789432903374038,1.0394120203056438,-0.37924976387209036,0.46949145690013283,-0.09354059445401203,0.5233836326840501,0.2505969928434776,1.0250450912455142,0.5,-0.3941276402827474,-0.49249109317285517,0.5125225456227571
0.3607214428857715,2.371669601098754,0.9999999984941641,0.040051562627419754,-0.0009486731155170342,-0.008110070270048933,0.9857334197052665,0.0001247461350199937,-0.39983616813612544,0.024641364101496498,0.9877318428895276,2.5408584306684338e-8,-0.49860881899955906,-0.04054898825706729,0.05581067724392555,1.0367709174105766,-0.38021495203164085,0.4750317268686074,-0.0930620495953561,0.5227550110921727,0.09262176928756276,1.0242224894020622,0.5,-0.39412853379000723,-0.4924918087016978,0.5121112447010311
0.3627254509018036,2.3848554453039124,0.9999999986989093,0.040052981367233585,-0.0009485784171316544,-0.008109618555320157,0.9857333817092844,0.00012484902783628954,-0.3998439322489967,0.024643116971858024,0.9877374974434627,-2.475228751558885e-7,-0.49860972281508925,-0.04054917487824518,0.04544059203591817,1.034135454111449,-0.38118317042446137,0.47956589860182525,-0.09248015997554036,0.5221176746574933,-0.06436293223757628,1.0199333723789514,0.5,-0.3941384388404605,-0.4924955097775065,0.5099666861894757
0.36472945891783565,2.3980412895139844,0.9999999986900308,0.04005056634077039,-0.0009477611390004796,-0.008109835225133975,0.9857334226278344,0.00012488550192270393,-0.39983239083583916,0.024641526652264323,0.9877387690640272,-6.266723980616046e-7,-0.49861255611158833,-0.04054796803387683,0.027195417367073906,1.0310436680461275,-0.38233028089755833,0.4832766768912914,-0.09178385087544774,0.5219846959324753,-0.011284708560538856,1.0146536775656805,0.5,-0.3941276032702971,-0.4924989270032361,0.5073268387828402
0.3667334669338677,2.411227133725849,0.9999999991185221,0.0400504193467568,-0.0009486265095661592,-0.008109777783551004,0.985733439504401,0.00012488975061042206,-0.39983568435808997,0.024642458894919807,0.9877326405882679,1.5378769781774547e-7,-0.49860883973824854,-0.04054791670185982,0.03611967086554497,1.0277500433478712,-0.38356104278469516,0.483663817812695,-0.09095778254044468,0.5221105414939593,0.1566020741439707,1.011909605361741,0.3059508397801185,-0.39412837339639395,-0.4924922321310835,0.3095945935419929
0.3687374749498998,2.424412977937466,0.9999999984892157,0.040050282692921574,-0.0009472876755138299,-0.008110080259802898,0.9857334271126298,0.0001248488080817454,-0.3998283719433626,0.024641749482773905,0.9877374178757569,-9.169314162486673e-7,-0.4986109592631336,-0.04054816271051772,0.04549357333263623,1.026062157277937,-0.3841837167413712,0.4139914861478397,-0.09002253552198694,0.5212301275920697,-0.08319968946746324,1.02411825158075,0.10000016106734458,-0.3941231165774567,-0.4924966642472375,0.10241199011008233
0.37074148296593185,2.4375988221458327,0.9999999987863981,0.040051866048903845,-0.0009485412002831793,-0.008109904536388886,0.9857334195785642,0.00012488840765808378,-0.39984593823115855,0.02464133627355356,0.9877467883949338,1.4963041234395693e-7,-0.4986143389170693,-0.0405494432036267,-0.02987533997959139,1.0261778740378535,-0.3841284958429641,0.35697149136964257,-0.08906344428180901,0.5197039519027827,-0.6160359391091893,1.0273075703187253,0.10000000018956598,-0.3941441178046261,-0.49250471798042816,0.1027307572266151
0.3727454909819639,2.4507846663503035,0.9999999984902632,0.0400513465733588,-0.0009485988823955208,-0.008109974134634457,0.985733445941029,0.00012486336676022434,-0.3998358050230904,0.0246415389744655,0.9877320177566291,1.320708413512398e-7,-0.4986083943503669,-0.04054882341361679,-0.15450697033515107,1.0261208612487478,-0.38414003159828136,0.3103061422199939,-0.08810942635626857,0.5193332828553395,-0.707196143217103,1.024590671295983,0.10000000000000075,-0.394128243830267,-0.4924914807773982,0.10245906712959907
0.374749498997996,2.4639705105527034,0.9999999984206048,0.04005153735458579,-0.0009486549317729448,-0.008110084887725487,0.9857334374565853,0.00012482440127782704,-0.39983612612975317,0.024641376156647632,0.9877319624201887,2.9378637962250387e-8,-0.49860872457757555,-0.04054898174428619,-0.22136459948636114,1.0259169488046407,-0.38420834115612773,0.2721151083122628,-0.08714680101946586,0.5202035337645523,-0.31251627458756526,1.026562446992417,0.09999999999999998,-0.3941285401588104,-0.49249177519810994,0.10265624469924169
0.37675350701402804,2.4771563547572004,0.9999999990633289,0.04005280489695311,-0.0009494911877747305,-0.008110036555785046,0.9857334090789076,0.0001248346733656528,-0.39985062117725056,0.02464209894614488,0.9877405138085431,-3.2529350694973753e-7,-0.498612005933709,-0.040549610553170135,-0.20456605728024052,1.0267571226006753,-0.3838890230042542,0.24085947212851985,-0.08619321430833964,0.5208321528450547,-0.02306491585019442,1.0350137757938962,0.09999999999999998,-0.39414622726271586,-0.49249926574154507,0.1035013775793896
0.3787575150300601,2.4903421989649406,0.9999999986374892,0.04005085270121762,-0.0009479051677413215,-0.008110324167143492,0.9857334535041705,0.00012479367819997038,-0.3998222966521161,0.024640810726782446,0.9877219552516008,-7.079195648858593e-8,-0.49860584644531764,-0.04054873451642607,-0.18249108561278218,1.0291603591996872,-0.38299678284865896,0.21527975357090995,-0.08530530549699476,0.5203298239966401,-0.20842780366061664,1.0440046003576584,0.09999999999999998,-0.39411093715451767,-0.4924839386803243,0.10440046003576582
0.3807615230460922,2.50352804317469,0.999999999219455,0.040051238262792506,-0.0009488401613582639,-0.008110010964513817,0.9857334370868639,0.00012479645692257564,-0.3998365512681483,0.02464173559796832,0.9877315241947839,6.638652569328625e-9,-0.49860938456394316,-0.04054859927540354,-0.22229297481468915,1.0322105918298545,-0.3818736900802669,0.19434526459297488,-0.08453149355085968,0.5194738069044047,-0.5623445665201381,1.0466673364255306,0.09999999999999998,-0.39412878363496967,-0.4924922076623548,0.10466673364255304
0.38276553106212424,2.51671388739007,0.9999999996134702,0.04005107496213407,-0.0009488292687975589,-0.00811001991787963,0.9857334303329525,0.000124758257993329,-0.39983649191662785,0.024641907590619586,0.9877315071987545,-5.0642528877786365e-8,-0.498609359505499,-0.040548432293111676,-0.29382328316229783,1.034755004789882,-0.3809371856953583,0.17721241645180635,-0.0838717776955258,0.5194412622540334,-0.5967898904100608,1.0459106262978815,0.09999999999999998,-0.39412871982241243,-0.49249217211429697,0.10459106262978812
0.38476953907815625,2.5298997316103997,0.9999999999614586,0.04005104110447379,-0.0009488092681365505,-0.008110008936225849,0.9857334243443325,0.00012471978361491197,-0.3998363531770874,0.024641932414801296,0.9877314732306268,-5.00722500220396e-8,-0.4986092519811215,-0.04054840773269917,-0.3248118286318158,1.0369470383256145,-0.38013130117299326,0.16319084778773765,-0.08330441840741037,0.5201911434139234,-0.3210584996713974,1.0484931152911954,0.09999999999999998,-0.39412856973786725,-0.49249204899538396,0.10484931152911951
0.3867735470941883,2.543085575834946,1.000000000252741,0.04005106055599392,-0.0009487889378778037,-0.008110002470063781,0.9857334184588171,0.00012468212057262863,-0.39983622922727285,0.024641903437158233,0.9877314401188795,-4.255627380826579e-8,-0.49860915952309326,-0.040548435976268324,-0.3036394906191831,1.0396405620982474,-0.37914994335874264,0.15171555855485447,-0.08283243812156608,0.5207006309117109,-0.15145763435842236,1.0552701191821974,0.09999999999999998,-0.3941284343869858,-0.4924919414666187,0.10552701191821971
0.3887775551102204,2.5562714200649963,1.000000001114844,0.04005220793915317,-0.0009497294616950697,-0.00810992831553766,0.9857334015494769,0.00012469363882181963,-0.3998487360207483,0.024642746676540272,0.9877358447733688,-3.5843444148015146e-7,-0.4986103353609736,-0.04054885314409269,-0.28626505165832006,1.0431342475267298,-0.37789064852790105,0.14232415321972658,-0.08248521029279618,0.5204620997760097,-0.30376330105274874,1.0617295876694843,0.09999999999999998,-0.39414250650452093,-0.4924952862763985,0.1061729587669484
0.39078156312625245,2.5694572642964872,1.0000000007094838,0.04005088572989933,-0.0009486874041573256,-0.008109890414131852,0.9857334262846376,0.00012467543653959528,-0.39983524679883603,0.024641961749457163,0.987731737620523,8.854490458253036e-8,-0.4986092349698549,-0.040548340086712445,-0.3128674536693805,1.0467767543165192,-0.3765853818288861,0.1346381983851826,-0.08228406807870178,0.5200784472042403,-0.5334984236196881,1.0638858451918536,0.09999999999999998,-0.3941275836463171,-0.4924921696407633,0.10638858451918533
0.3927855711422845,2.5826431085301653,1.000000000817991,0.040050911973471694,-0.0009486492168560972,-0.008109946359632905,0.9857334209859748,0.00012464042981123386,-0.3998350888954784,0.024641922704973337,0.9877317844826008,2.9061672289211747e-8,-0.49860909800710423,-0.04054838314002389,-0.35671682513722097,1.0499066910431492,-0.37546529824858826,0.12834799405531291,-0.08221949161707234,0.520293613476684,-0.5271858614897895,1.064274014429556,0.09999999999999998,-0.3941274485240215,-0.4924920553122209,0.10642740144295557
0.3947895791583166,2.5958289527648395,1.0000000008703633,0.04005109484523945,-0.0009486326039327323,-0.00810998133135576,0.9857334150887365,0.00012460500102009258,-0.3998350616790301,0.024641732650196146,0.9877318224186786,2.350536563770031e-8,-0.4986090917466023,-0.040548572301935884,-0.3702993750286005,1.0527340125565885,-0.37445624429963764,0.12320007403466923,-0.08227237030867994,0.5209739372736755,-0.33506410604583814,1.067150081037398,0.09999999999999998,-0.39412743710222087,-0.49249206781850263,0.10671500810373977
0.39679358717434865,2.6090147970020303,1.0000000016373,0.04005140445493016,-0.0009497516859936207,-0.008110278182416872,0.9857334384429834,0.00012457701308364662,-0.3998344883274574,0.024641384191611795,0.9877192809009827,-5.538278229812441e-7,-0.49860510187502594,-0.04054817288261307,-0.3523425273718209,1.0558444068153818,-0.37335555817985655,0.11898700249886669,-0.08244267781732884,0.5214179002423233,-0.24800438790221813,1.0725898653878068,0.09999999999999998,-0.3941218728579379,-0.49248185022085555,0.10725898653878065
0.3987975951903807,2.622200641238509,1.0000000011053738,0.04005126371557226,-0.000948669762683716,-0.008109956131951947,0.9857334083509496,0.00012456855837949954,-0.39983546740057196,0.024641561934896767,0.9877324047102095,5.359105749318189e-8,-0.4986096250086373,-0.04054873402093631,-0.34288294826714755,1.0593613346751958,-0.37212119453957543,0.11553901361502325,-0.08274661917997671,0.521379092986771,-0.3735593353000015,1.0772429276272326,0.09999999999999998,-0.39412806834560005,-0.4924928860944867,0.10772429276272323
0.4008016032064128,2.635386485477866,1.000000001307905,0.04005122925687779,-0.0009487554943509591,-0.008109990253364362,0.9857334001356399,0.00012453551013007905,-0.39983609080455107,0.02464163343921499,0.9877321666066927,3.02688855676292e-8,-0.4986095179471549,-0.040548676435419095,-0.36222617963949294,1.0626323075934536,-0.37097769213220355,0.1435253968295289,-0.08319124288437338,0.521450381874392,-0.4634022068755775,1.0739745967016177,0.4998762427009728,-0.3941285869640127,-0.49249266068002523,0.5368543861554972
0.40280561122244485,2.6485723297199844,1.0000000015490225,0.040050905826866816,-0.0009487975982491101,-0.008109880698748101,0.9857333726446325,0.00012457624844232741,-0.39983599428654354,0.024642040852219015,0.987731258557182,4.3737491811638733e-8,-0.49860918305948526,-0.04054828187714276,-0.3434460265860354,1.063710978441897,-0.37058928002072916,0.20826023412017688,-0.08372603750176155,0.5227984167432816,-0.0021478239226789264,1.0648115892331393,0.4999999999827137,-0.39412812851280643,-0.49249187768499386,0.5324057945981631
0.4048096192384769,2.661758173967979,1.000000002557413,0.04005087044737278,-0.0009500778867346856,-0.008109811567868897,0.9857334161900714,0.000124686627474311,-0.39983772178033017,0.024641721044158543,0.9877226989694757,6.686340567576494e-8,-0.49860688027169525,-0.04054759310671222,-0.23485951977853856,1.0637131951583547,-0.3705769005481308,0.2612393901508048,-0.08427616473384475,0.5239837013655387,0.42119310204032157,1.0638946177392155,0.5000000000000042,-0.39412640496817214,-0.4924853362178592,0.5319473088696122
0.406813627254509,2.6749440182143513,1.0000000017142507,0.04005020783094403,-0.000948561604473827,-0.00810971087727171,0.985733387585458,0.00012466869666316892,-0.39983448824075757,0.024642574027378496,0.9877319237499221,1.6521202896093194e-7,-0.4986085500704508,-0.040547736415732685,-0.12255355051357442,1.0639879096290354,-0.3704709234726803,0.3045976842035148,-0.08482987043684886,0.5237006477800995,0.2540099663605745,1.0661029405017826,0.5,-0.39412690980815224,-0.49249158905821955,0.5330514702508913
0.40881763527054105,2.6881298624595074,1.0000000008071428,0.04004945808667745,-0.0009464900713382543,-0.008110089804961536,0.9857333791450938,0.0001245830259172875,-0.39981579616400437,0.02463726068139668,0.9877533882713633,-4.779757051598456e-6,-0.49861277486749783,-0.04054820778017898,-0.09701159005184185,1.0640954273583356,-0.3704250569435056,0.34008222498137125,-0.08539571052632161,0.5227433652854739,-0.18782136794455478,1.0617206547098261,0.5,-0.3941172267781478,-0.4925062640001754,0.5308603273549131
0.4108216432865731,2.7013157066844298,0.9999999984257815,0.04005544085262877,-0.0009480137501913034,-0.00811026039341553,0.9857332983585323,0.00012456943966060373,-0.39983500680786954,0.024637009019790167,0.9877413740839404,-4.5921606908789993e-7,-0.49861221213210943,-0.040552738616501244,-0.12890864059987947,1.0627605734937147,-0.3708859279147839,0.369122863867097,-0.08593964230641951,0.522638206568302,-0.26475442012038447,1.051986817878173,0.5,-0.3941312152705647,-0.4924998929239337,0.5259934089390865
0.4128256513026052,2.7145015508957,1.0000000002068383,0.040053985008907625,-0.0009505186299872405,-0.008110407831508973,0.9857333154341414,0.0001246001509878335,-0.39985132927482336,0.024637868461195745,0.9877422874762197,1.6073711087023016e-6,-0.498618285388108,-0.04055192981532634,-0.1248474355846615,1.060099540138148,-0.3718226024558551,0.3928897912671788,-0.08640038007607609,0.5234947347526037,0.07385849039232036,1.045435462019585,0.5,-0.3941475864756975,-0.4925064309687207,0.5227177310097925
0.41482965931863724,2.7276873951254568,1.0000000014509756,0.040051588953577515,-0.0009494670471778491,-0.008110108209494761,0.9857332952737852,0.00012458826946928992,-0.3998406061619617,0.024641679222246856,0.9877326190565643,-2.14876099966115e-7,-0.4986130820634473,-0.040548655968020986,-0.06002654540013661,1.0572948313869832,-0.3728142254056288,0.41234072796186944,-0.08674752794397485,0.524080705394232,0.32425432107887464,1.0446806993221238,0.5,-0.3941332158109723,-0.49249639672945733,0.5223403496610619
0.4168336673346693,2.740873239381202,1.0000000029676872,0.040048686821343125,-0.0009483516815329352,-0.008110426897419525,0.9857333124894354,0.0001245223555134945,-0.3998232770641685,0.02464244004661306,0.987719323142109,-6.696695705733796e-7,-0.4986075842578746,-0.04054683337539624,0.0012492215915308365,1.055097214433196,-0.37359073802347254,0.42825942385579013,-0.086993918525088,0.5236571578538911,0.17574014124869936,1.0452752989558487,0.5,-0.3941108635869037,-0.4924843184837295,0.5226376494779243
0.4188376753507014,2.7540590836548193,1.00000000390315,0.0400483786838272,-0.0009480364536571712,-0.008109497174799892,0.9857333222780624,0.00012469010880587406,-0.3998316427092804,0.024643659847872132,0.9877369203179727,-5.226945184964707e-7,-0.4986128773010193,-0.04054586106190262,0.004389569163866465,1.0530095178526133,-0.3743304963819071,0.44128731666953763,-0.08715779775892712,0.5228808256886422,-0.11139595908413423,1.0411202361398553,0.5,-0.39412612503403505,-0.4924983266630926,0.5205601180699276
0.42084168336673344,2.7672449279364146,1.0000000044991426,0.040049354061925176,-0.0009489161210397321,-0.008109344242973202,0.9857333298578184,0.00012473851509604646,-0.3998477016466105,0.024643936276221717,0.9877466597296969,3.5087488297355415e-7,-0.49861399931677336,-0.0405469259345651,-0.02399102547247542,1.0501650328450003,-0.37534956032826705,0.4519493792185665,-0.08722447767689129,0.52273543352062,-0.13178659592744582,1.0338118953571855,0.5,-0.39414579551456136,-0.49250432654650617,0.5169059476785928
0.4228456913827655,2.7804307722111075,1.0000000037938164,0.040050192462127,-0.0009491829179912347,-0.008109492413470094,0.9857333699412183,0.00012475704128258211,-0.39984260475712324,0.02464387285929548,0.9877330246437005,-4.3694072494412454e-8,-0.49860654764458434,-0.04054722283281736,-0.022819625447862948,1.0466775219727043,-0.37661047054984387,0.4606752450041931,-0.08716210431285615,0.5231887507192234,0.10584376651999622,1.0289848618346373,0.5,-0.39413533930971784,-0.49249015164046533,0.5144924309173187
0.4248496993987976,2.7936166164674474,1.0000000017282011,0.04005087501296749,-0.0009480436290293237,-0.008109591382253839,0.9857333921080085,0.0001247645420872198,-0.39983293396479513,0.024641911664323137,0.9877326288558126,6.703232302489572e-7,-0.4986058008090531,-0.04054846881574473,0.018619119426019203,1.0433423640683321,-0.3778205217527418,0.46781651666496604,-0.08696036965655937,0.5233912299553544,0.2587150812737928,1.0281644968521253,0.5,-0.39412565045566694,-0.49248924557646423,0.5140822484260626
0.42685370741482964,2.806802460703202,1.000000000199127,0.0400517488672678,-0.0009480096124347834,-0.008109998826851421,0.9857333866446534,0.00012473102721092177,-0.39983276657063116,0.024640818528738107,0.9877328268419516,2.615067991495024e-7,-0.4986066984256662,-0.040549512464597086,0.055028039258869794,1.0405939614459587,-0.37881795333932866,0.47366095130068203,-0.08663672310510628,0.5229100927876206,0.14585862715259393,1.0279285436690575,0.5,-0.39412557528929965,-0.49249021432228896,0.5139642718345288
0.4288577154308617,2.819988304923536,0.9999999988791912,0.0400531097376746,-0.0009469891615554333,-0.008110232991803527,0.9857333223977983,0.00012473699348527706,-0.39983982858332295,0.024641450409561557,0.9877477884760788,-2.0817996047505525e-6,-0.498612856401363,-0.04055016613105042,0.052645534385766926,1.03802030137461,-0.37975520522948486,0.47844405214419694,-0.08620880403332751,0.5222334261766196,-0.0411346430730369,1.024421718796394,0.5,-0.3941385622783943,-0.4925036617988671,0.512210859398197
0.4308617234468938,2.8331741491369486,0.9999999996426977,0.040053581643686234,-0.0009495049241761838,-0.00811023533267252,0.9857333705723453,0.00012475605573237725,-0.39984780016765137,0.024640392602824274,0.9877377024875151,-4.020905778716049e-8,-0.49861146428352277,-0.04055058625558824,0.031910256443803076,1.0350370721462325,-0.3808532142367692,0.4823585538093272,-0.08567057346975913,0.5220012702541692,-0.04221348298320734,1.0189687412693669,0.5,-0.3941423214118174,-0.4924973405348416,0.5094843706346834
0.43286573146292584,2.8463599933511796,0.9999999995815938,0.04005251262859081,-0.0009488673820218518,-0.0081100639752746,0.9857333804121664,0.00012476105436888684,-0.39983867719861893,0.024640986316365694,0.9877330198131945,2.3617836278339804e-7,-0.4986101699957391,-0.04054964223537379,0.03291733771392823,1.0317321860785171,-0.3820788759521407,0.485562194097228,-0.08500484974200906,0.5221517391334379,0.12115336711683716,1.0153348430477893,0.5,-0.3941314675178842,-0.49249373849640976,0.5076674215238947
0.4348697394789579,2.8595458375736422,1.0000000003770846,0.04005112057015519,-0.0009490484185494885,-0.008110239185200261,0.9857333957698097,0.00012471301922578712,-0.3998335270440397,0.02464150909401309,0.9877250184177555,-2.5367193592092217e-7,-0.4986077246032708,-0.04054836010817167,0.051762329318565496,1.0293593049348089,-0.38295667389169946,0.43122876770386676,-0.08421636045465676,0.5216920718620016,0.04398149889882175,1.024482572235348,0.09999944024930647,-0.394123213847875,-0.49248731368101983,0.1024476837687045
0.4368737474949899,2.8727316818069566,1.0000000006996623,0.04004922910043822,-0.0009479827230176808,-0.008109808592135162,0.9857333321381732,0.00012492369676602916,-0.3998266447043958,0.024642276505471225,0.9877302560943604,-1.415253510406109e-8,-0.4986102279595872,-0.04054700616283787,0.0011873077068949196,1.029225483731403,-0.3829939315489618,0.3710785039925418,-0.083382227149318,0.5201569551470151,-0.4963345228494902,1.0305986281232773,0.10000000036044902,-0.39411853157793764,-0.49249240757994756,0.103059863183806
0.438877755511022,2.8859175260462413,1.0000000012250727,0.04004929583387868,-0.0009486124370203914,-0.008109578209982926,0.9857333468002646,0.0001249459840323166,-0.3998346134722235,0.024643483538754056,0.9877323778941922,1.4560859315217735e-7,-0.49860888102865164,-0.040546797137468955,-0.12170297330898483,1.029296726393655,-0.38295734413027677,0.3218513798153344,-0.08255281831704225,0.5194081194604401,-0.7462916475736784,1.028211903479664,0.10000000000002227,-0.39412721484396457,-0.4924921416015546,0.10282119034798928
0.44088176352705405,2.8991033702834335,1.0000000007422292,0.04004981962905331,-0.0009483459744057905,-0.008109728876700029,0.9857333488466588,0.00012490400861565383,-0.3998336138818096,0.024642874868760035,0.987732504145209,1.3499270434306887e-7,-0.49860776317441674,-0.04054744936741106,-0.2116055059955748,1.0290144491414464,-0.3830538461177133,0.28156376166551256,-0.08171709058865044,0.5201001959277309,-0.43022686697033063,1.0283899151183846,0.09999999999999998,-0.39412628240394215,-0.4924910999801178,0.10283899151183844
0.4428857715430861,2.9122892145132924,1.0000000004534095,0.040050500264050895,-0.0009489841220524754,-0.008110265685161386,0.9857333766711407,0.00012485428932132144,-0.3998280634525563,0.02464175493039934,0.9877158344529471,-4.556714745727722e-7,-0.4986013717594987,-0.040547733406946965,-0.21149162513696976,1.029477128193215,-0.38287545178869253,0.2485922622926848,-0.08088074504640898,0.5209675718621075,-0.05142713775983966,1.0355036639771298,0.09999999999999998,-0.394114172077241,-0.4924764514903719,0.10355036639771295
0.4448897795591182,2.9254750587308234,0.9999999990902145,0.040050990148310484,-0.0009479687921675051,-0.00810982781163633,0.9857333696334465,0.00012498151996926738,-0.39982844668710377,0.02464128071236186,0.9877287630133633,5.532482211274587e-7,-0.49860641364302455,-0.04054867653038312,-0.18119475868152232,1.0315077717747145,-0.38212257407240874,0.22160830558920114,-0.08009363427120476,0.5207631768331451,-0.12013841378135108,1.0452192093534725,0.09999999999999998,-0.39411969353358595,-0.49248791861163715,0.10452192093534722
0.44689378757515025,2.9386609029389112,0.9999999985435435,0.040051427909158076,-0.0009483287069267743,-0.008110027880098174,0.9857333587702439,0.000124953103940957,-0.3998337487020831,0.024641307408679692,0.9877314209160041,1.8618560964347418e-7,-0.4986074605100096,-0.04054901317707119,-0.20425851298904693,1.034529783796761,-0.38101482708462137,0.1995245639448437,-0.07941208556235733,0.5198827557128706,-0.4886891747283032,1.0496742895627365,0.09999999999999998,-0.39412598104466434,-0.4924902629985149,0.10496742895627362
0.4488977955911823,2.9518467471401424,0.9999999981513887,0.04005191854810557,-0.000948445140716711,-0.008110172015093488,0.9857333511040853,0.0001249113663131585,-0.39983441711379936,0.024640869023794296,0.9877314210804988,9.566334770979254e-8,-0.4986081658028526,-0.040549443367860705,-0.27550936961183403,1.0372403433134052,-0.3800231775274034,0.1814511688944053,-0.07884871537091077,0.5196048794707298,-0.6296843643837583,1.0490127987511233,0.09999999999999998,-0.39412664098780303,-0.4924909560498881,0.1049012798751123
0.4509018036072144,2.965032591338764,0.9999999981561466,0.04005210963240863,-0.0009486076399725573,-0.008110230220805583,0.9857333417534643,0.00012487055921408602,-0.3998355390142343,0.024640756875874532,0.9877322466258817,1.6118075347517064e-8,-0.49860938400902827,-0.040549576783749715,-0.32167442275056884,1.0394361126741676,-0.3792198210751004,0.16665985434710695,-0.07838187758107351,0.5202650594510566,-0.3971430315832918,1.0503848614076832,0.09999999999999998,-0.3941280767084473,-0.49249256770956557,0.1050384861407683
0.45290581162324645,2.9782184355415335,0.9999999980901345,0.0400519720925681,-0.0009472276152322969,-0.008110304232503673,0.9857332901916211,0.00012486047468445886,-0.3998377429491343,0.0246418325214621,0.9877470249542698,-2.3729880839308876e-6,-0.4986156125074735,-0.04054907615077404,-0.3097743971165804,1.0419313826598102,-0.378313258210102,0.15455460270998397,-0.07800608085535624,0.5209512547445554,-0.16100394589620418,1.0563897917580856,0.09999999999999998,-0.3941362123342291,-0.49250599162753345,0.10563897917580853
0.4549098196392785,2.991404279751795,0.9999999992339013,0.04005187449809125,-0.0009485650656060436,-0.008109952558819149,0.9857333097827936,0.0001248923320267567,-0.3998439250497433,0.024642944728041752,0.9877392600961173,-8.828534674566571e-7,-0.4986117147645836,-0.040548718061364286,-0.2853237214562531,1.0452515585145365,-0.37712096453498484,0.144647632780131,-0.07774663614322914,0.5208976765900536,-0.24150380044817707,1.0634860621522784,0.09999999999999998,-0.3941391522430498,-0.49249833041824975,0.1063486062152278
0.4569138276553106,3.0045901239701505,0.9999999999496745,0.04005076932784866,-0.0009489120570042827,-0.008109970088041648,0.9857333460447254,0.00012484744139297749,-0.3998375806412808,0.024642260621414173,0.9877324244536652,-5.741025588272465e-8,-0.49861005638292216,-0.04054809961310229,-0.3011928149357568,1.0489393406757106,-0.3758063759600284,0.13653974183387294,-0.07763054897123721,0.5204775579258373,-0.4912340711553631,1.0667225579123605,0.09999999999999998,-0.3941301576697106,-0.49249331752020564,0.10667225579123603
0.45891783567134264,3.017775968195378,1.000000000359586,0.04005062370695545,-0.0009488289101817348,-0.008109944556170326,0.9857333442832737,0.00012480683888463814,-0.39983706487415555,0.024642370103447945,0.9877323625229827,-5.303159008067118e-8,-0.498609553492285,-0.040547996322322165,-0.3462208421735675,1.052204669813194,-0.37464450304416136,0.12990422227753975,-0.077655512033273,0.5205358289031974,-0.5557665288602583,1.0670387173289917,0.09999999999999998,-0.3941296253949713,-0.4924927900971394,0.10670387173289915
0.4609218436873747,3.0309618124262343,1.0000000010720524,0.04005261429492325,-0.0009495103168164453,-0.008109517675292171,0.9857333271925808,0.00012492456651489267,-0.39985232231093293,0.02464300793469163,0.9877436326524242,8.039147826884396e-8,-0.4986133258559129,-0.04054879433081866,-0.36996414777462905,1.0550414510512494,-0.37363677482603097,0.12447369705857467,-0.07780125468387919,0.5211842390942701,-0.38274875260234825,1.0690942979735194,0.09999999999999998,-0.39414913759533343,-0.4925021410296038,0.10690942979735192
0.4629258517034068,3.04414765665681,1.0000000004964495,0.04005008291636191,-0.0009485681782291853,-0.008109697911533273,0.9857333678485969,0.00012490311588689106,-0.3998346544468952,0.024642763069643435,0.9877312987918867,1.9577414674287277e-7,-0.4986080659673302,-0.04054756642857012,-0.3566421381822249,1.058035733050484,-0.37258028007815963,0.1200293375228364,-0.07806190697974409,0.5217602459087255,-0.24593318834336494,1.0741423930108671,0.09999999999999998,-0.39412682263107923,-0.49249080052418703,0.10741423930108669
0.46492985971943884,3.057333500884201,1.0000000000805982,0.04005050437791718,-0.0009484368116915986,-0.008109859142307732,0.9857333670896786,0.0001248630422518132,-0.39983405734742555,0.024642286178969824,0.9877312919713711,1.2714544197658542e-7,-0.4986074965974981,-0.04054804952389199,-0.34135867347285975,1.0614753235763361,-0.37137773851529865,0.11639206331170433,-0.07845170837873913,0.5218309001294422,-0.3301352778425678,1.0793248187780144,0.09999999999999998,-0.3941262343263584,-0.4924902319563575,0.10793248187780143
0.4669338677354709,3.0705193451048762,0.9999999995345439,0.04005123344752969,-0.0009484295006598966,-0.008109990363635362,0.9857333610854764,0.00012482170551363092,-0.3998348761703099,0.024641562006850682,0.9877324386584978,1.5374660763455088e-7,-0.49860794782774204,-0.0405488190786237,-0.3556012812514162,1.0649727765105383,-0.3701623027785123,0.12395286817792855,-0.07898275506546376,0.5217529990868224,-0.48895236418864224,1.0804243956188888,0.4723473578946616,-0.3941274978379608,-0.49249125047664805,0.5103356086755187
0.468937875751503,3.0837051893192338,0.9999999991792438,0.040051592902584976,-0.000948633622420465,-0.008109888731732429,0.9857333255410776,0.00012488717997618392,-0.3998358803752581,0.024641277655640073,0.9877321604833642,3.402750639626295e-7,-0.49860845163896106,-0.040549003783585814,-0.3578925567400437,1.066645410660021,-0.3695719960675496,0.192242022798451,-0.07962498325485233,0.5228247343933283,-0.1563488550911594,1.0693769562798296,0.49999999289103425,-0.3941283699580095,-0.49249161697043087,0.5346884705377507
0.47094188376753504,3.0968910335313513,0.9999999990721953,0.04005282486704413,-0.0009483855289949263,-0.00810960992945216,0.9857332821814085,0.0001249833082687993,-0.39984428048416665,0.024643418371977633,0.9877387988554689,-4.529736621850787e-7,-0.49860957306881143,-0.04054902377580772,-0.26861200259356005,1.0667357097350745,-0.3695279360485438,0.24813005020927906,-0.08029594725259982,0.5242710219990383,0.3620971058831609,1.0664024345944336,0.4999999999998146,-0.39413930676395464,-0.49249600243318614,0.5332012172970191
0.4729458917835671,3.1100768777441576,0.9999999991518403,0.04005095014264211,-0.0009486519127233651,-0.008109840530741097,0.9857333375262076,0.00012496023028361124,-0.39983461690481725,0.024641771753244786,0.9877308158947671,3.106782818681854e-7,-0.4986082646680572,-0.04054836850238763,-0.14498401562943863,1.0668839285627665,-0.3694666577285673,0.29386896134585594,-0.0809680625479242,0.5243912773874173,0.35266797608318173,1.068773862402583,0.5,-0.39412659003375067,-0.49249076066995157,0.5343869312012915
0.4749498997995992,3.1232627219571207,0.9999999999034009,0.04005157955397963,-0.0009501029678290248,-0.008110090043662956,0.9857333606726301,0.00012494630783983177,-0.39984189961945127,0.02464120721277234,0.9877284802167319,1.0278997257536394e-7,-0.49860878738120284,-0.04054840505414422,-0.09443077870766976,1.0671556098618966,-0.3693647148894744,0.3313017977882457,-0.08165184600799982,0.5234549639776349,-0.08959842598995678,1.0665849237721754,0.5,-0.3941328256363017,-0.4924901039507125,0.5332924618860877
0.47695390781563124,3.136448566168854,0.9999999984354788,0.04005006681340399,-0.0009467993348835101,-0.008110021341510804,0.9857333196641017,0.00012502050508055303,-0.3998280701625765,0.0246420169740739,0.9877408333407044,-1.4164475968872733e-6,-0.4986125906848394,-0.04054797051331047,-0.12090773865365742,1.066232523966422,-0.3696784321478019,0.3619369519273877,-0.0823266614730087,0.523054757449284,-0.2994539992260623,1.0573101358272854,0.5,-0.39412419754606226,-0.4924999584031354,0.5286550679136427
0.4789579158316633,3.1496344103776943,0.9999999987928385,0.04005073819376302,-0.0009484633128450748,-0.008109911261854582,0.9857333446872731,0.0001249961604674015,-0.3998342950862878,0.024642008868535632,0.9877321265948402,1.4288487612302653e-7,-0.49860841699515623,-0.04054829786451326,-0.13308392840605715,1.0637856895700848,-0.3705321722679627,0.38700882991326035,-0.0829319756899775,0.5237753223131861,-0.027720984193114084,1.0493212589667267,0.5,-0.3941268015895164,-0.49249155785045107,0.5246606294833633
0.48096192384769537,3.1628202545848505,0.9999999985492124,0.04005077923894082,-0.0009484461879762606,-0.008109715828693454,0.9857333540031211,0.00012509090014330759,-0.39983432846183525,0.024641957060904565,0.9877325527821579,3.580734679211022e-7,-0.49860855455539776,-0.04054831203395184,-0.07977686413366825,1.0608759933790923,-0.37155444807477517,0.40752772450427643,-0.08342560689055904,0.5245707901782004,0.2977577749225476,1.0472263360379557,0.5,-0.39412699953659575,-0.49249191494929956,0.5236131680189778
0.48296593186372744,3.176006098789131,0.9999999987185113,0.040050706073250106,-0.0009490244647592946,-0.00811027283280581,0.985733380281486,0.00012505017570614948,-0.3998276203355366,0.024641821338560348,0.9877150746611324,-4.477798243971555e-7,-0.49860191215269684,-0.04054770490863627,-0.00966833773078794,1.058491219358615,-0.3723926007314107,0.4243204460898471,-0.08381141958290447,0.5244033840533058,0.24584442167025933,1.0481546435599496,0.5,-0.39411343217869754,-0.4924766067316401,0.5240773217799748
0.4849699398797595,3.18919194298793,0.999999997890833,0.04005112701015747,-0.0009481244180471973,-0.008110066772894432,0.9857333718109511,0.00012506018027591914,-0.39982696855107897,0.024641243692327973,0.9877246477047283,3.832872065994565e-7,-0.4986054067301941,-0.04054874291965398,0.008897699435658827,1.056443655948075,-0.3731124777904589,0.4380636509128861,-0.0841112071162892,0.523614896885328,-0.0539824352451474,1.045381809544077,0.5,-0.3941165982319333,-0.49248486524806817,0.5226909047720385
0.48697394789579157,3.2023777871838344,0.9999999973880654,0.0400512670397399,-0.0009474007304877268,-0.008110118349625764,0.9857333537153278,0.0001250720078275588,-0.39983194456029986,0.024641023286908495,0.987740119306761,-9.290545959769893e-7,-0.4986121598939884,-0.04054878524750239,-0.01798055839656107,1.0537908102588696,-0.3740548696294142,0.44931112465696726,-0.0843193932320988,0.5232747775170415,-0.16225021544737603,1.0382372611100357,0.5,-0.39412771169590327,-0.49249919662945457,0.5191186305550178
0.4889779559118236,3.2155636313795495,0.9999999978414774,0.04005091657596714,-0.0009483361833950789,-0.008110399231638615,0.985733401938502,0.00012506284677806732,-0.39982190173613624,0.024641038777721218,0.9877142097832721,-1.9038402353220872e-7,-0.49860209164569885,-0.04054830288970337,-0.02828670944743716,1.0503588467908347,-0.37528759660761113,0.45851609207379035,-0.08440420564270976,0.5236613052771164,0.03950694476232551,1.03236886892945,0.5,-0.39410745474911324,-0.492476363226369,0.516184434464725
0.49098196392785565,3.2287494755743977,0.9999999976126286,0.04005089715691481,-0.000947833945667766,-0.008110237412162824,0.9857333945358212,0.00012506998368911698,-0.39982412272705836,0.024640663865417894,0.9877253130794531,2.424553901071763e-7,-0.4986069175832404,-0.04054877734401146,0.00621625928742848,1.0468749227523442,-0.37654517141760857,0.46604945813668386,-0.08434753526817676,0.5240175189904435,0.24619480803574248,1.0306739000573377,0.5,-0.3941140683658887,-0.4924866836047568,0.5153369500286689
0.4929859719438877,3.241935319769762,0.9999999980048634,0.04005119543732386,-0.0009486763259275574,-0.008110046867736089,0.9857333866385547,0.0001250693416221793,-0.3998355405415488,0.02464170944755065,0.9877312690990055,5.914633733857112e-8,-0.49860876472548943,-0.04054861564978558,0.0489659159981762,1.043949364920198,-0.3776021268825813,0.47221478452502375,-0.08416159873360439,0.5237009698960651,0.19323310911371078,1.03073136611667,0.5,-0.39412768606590076,-0.49249147036449725,0.515365683058335
0.4949899799599198,3.25512116396939,0.999999999044544,0.040051907401255124,-0.000950239941525684,-0.008110199042336952,0.9857334108302527,0.0001250506958529764,-0.39984285006502185,0.0246409154583613,0.9877288997295494,8.315860772644042e-8,-0.4986095710968552,-0.04054868901367688,0.05626324984260605,1.0413605699971291,-0.37853985826511366,0.4772605040767943,-0.0838672521028864,0.5230069773011853,-0.006831694107150666,1.0280901514626029,0.5,-0.3941339289130333,-0.49249108642609185,0.5140450757313014
0.49699398797595185,3.2683070081717926,0.9999999988403,0.040050984527573164,-0.0009492184931429845,-0.008109924668791115,0.9857334022347792,0.00012514691112602535,-0.3998348351966683,0.024642905868410742,0.9877221582175031,-2.1693829816300784e-7,-0.4986049079651263,-0.04054783112467802,0.03572474197983613,1.0384578208907824,-0.37959948403749066,0.4813899373285499,-0.08346454081350674,0.5226481324601481,-0.06537150535783688,1.0226815657728054,0.5,-0.394123355855751,-0.49248310699677655,0.5113407828864027
0.4989979959919839,3.2814928523771703,0.999999998497322,0.04005007423701458,-0.0009481417031485693,-0.008110040014629963,0.9857334231304187,0.00012514302616449557,-0.3998245665079017,0.024642008477371406,0.9877215602764021,3.129316268058092e-7,-0.49860467285533855,-0.040547773929494026,0.02892607597175524,1.035141561352969,-0.3808210908089041,0.48476947552893745,-0.08293619473569323,0.5227641728094268,0.07749733846035994,1.0183058954299917,0.5,-0.3941130023939318,-0.49248259812246087,0.5091529477149959
0.501002004008016,3.2946786965800032,0.9999999983721922,0.04005058669393249,-0.0009485121119287647,-0.008109913404800414,0.9857334153095018,0.00012513802951868928,-0.3998348665682049,0.024642185176809522,0.9877319306546074,1.6526764577693737e-7,-0.4986081457189567,-0.04054813043468465,0.04978174103937965,1.0322054305999415,-0.38190512392779763,0.44937022470179916,-0.08227650816690191,0.5226397801085386,0.1336004311631357,1.0234492787956044,0.10001339202108635,-0.3941272848368149,-0.492491193112393,0.10235863393388288
0.503006012024048,3.3078645407811287,0.9999999983525885,0.040050721145135575,-0.000948997294760741,-0.008109436196620256,0.9857333290075313,0.0001254154042661244,-0.3998476203352118,0.024642453986883656,0.9877461984612268,7.996553630878303e-7,-0.49861414628680806,-0.04054832336753205,0.02447184320479408,1.0316157157164378,-0.3821106256951915,0.38592554556794295,-0.0815450280381709,0.521225371710655,-0.3530699942711882,1.032400490985669,0.10000000522501938,-0.39414552039427175,-0.4925042599184689,0.10324005449287947
0.5050100200400801,3.3210503849778963,0.9999999981940136,0.04005059976167211,-0.0009493714163205812,-0.008109729749621288,0.9857333639556454,0.00012542174609332104,-0.3998428257390576,0.02464343252556405,0.9877319052383398,-7.569939793074413e-8,-0.4986071530616796,-0.04054755625744459,-0.08827329692094234,1.0317473215778252,-0.38205094355983266,0.3340022212261771,-0.08081186860645584,0.5201215772877371,-0.7445569125999828,1.031213610504778,0.09999999999971199,-0.39413511000830564,-0.4924901901896517,0.1031213610501808
0.5070140280561122,3.3342362291641234,0.9999999967494045,0.04005055929490065,-0.0009481801893731495,-0.008109876802920163,0.9857333773466508,0.00012538696722328723,-0.3998327943921198,0.024642054313384835,0.9877320490831079,3.0511922514821395e-7,-0.4986068813471552,-0.04054826878249031,-0.19730024018911818,1.0314380787421804,-0.3821560883929502,0.291508035849979,-0.08007489490686724,0.5205144434452094,-0.5484342923484942,1.029815777411819,0.09999999999999999,-0.3941252903052279,-0.49249000897202,0.1029815777411819
0.5090180360721442,3.347422073338914,0.9999999958849977,0.04005156706299824,-0.0009481958502937682,-0.008110137367469942,0.9857333713880344,0.00012533472854673239,-0.39983315951039883,0.02464106269388177,0.9877320659772492,2.1220401654615887e-7,-0.4986072598092148,-0.040549253900680954,-0.21882440322955776,1.0315467538570617,-0.38210829054203765,0.2567306879401386,-0.07932950555879541,0.5215125214446403,-0.11686773444204296,1.0352421487350651,0.09999999999999998,-0.394125658773411,-0.49249038744732526,0.10352421487350649
0.5110220440881763,3.3606079175057455,0.9999999954109141,0.040051909012632836,-0.0009483204010204367,-0.008110006429593494,0.9857333742809871,0.00012542036850276728,-0.3998338281759402,0.024640703282815805,0.9877328460623768,3.194711711206903e-7,-0.49860856771413975,-0.04054949178641377,-0.18636531173794715,1.0331263614224524,-0.38152242525312685,0.2282688138021891,-0.07861593707778958,0.5216254666457094,-0.05406066017058857,1.045057608048397,0.09999999999999998,-0.3941266259121819,-0.4924920726137662,0.10450576080483968
0.5130260521042084,3.3737937616689067,0.9999999954153128,0.04005107489925415,-0.0009486196236168027,-0.008109815230467068,0.9857333628318842,0.00012557435449011805,-0.3998367440607597,0.02464176187443071,0.9877336056967877,4.7483635166531334e-7,-0.49860929744845367,-0.04054860182116799,-0.19167604964258853,1.0359904876696409,-0.3804751286118215,0.2049755404238051,-0.07799472972469712,0.5207981743741034,-0.3972230522538816,1.0513335611836763,0.09999999999999998,-0.3941297940087466,-0.4924931784566534,0.1051333561183676
0.5150300601202404,3.3869796058315935,0.9999999954284707,0.04005089105222641,-0.0009485955098304545,-0.008110056917431809,0.9857333595178659,0.00012552276004817284,-0.3998366000120247,0.02464193617016152,0.9877336024041201,1.5863100691006547e-7,-0.4986091041904533,-0.040548450384722205,-0.2570057305072579,1.0388294122267374,-0.3794410230337263,0.18591226257768206,-0.0774921504443098,0.5202740352132417,-0.6374940314033113,1.0512918995889253,0.09999999999999998,-0.39412965873528033,-0.4924929731057692,0.1051291899588925
0.5170340681362725,3.400165449993957,0.9999999953891199,0.04005130689001743,-0.0009485998029130467,-0.008110166506798003,0.9857333548853943,0.00012546617457017035,-0.39983666092280284,0.02464152563313911,0.987733529580824,1.0958240439635492e-7,-0.4986091477109945,-0.040548860350581875,-0.3163262029327888,1.0410603578081294,-0.37862764893672973,0.170310825086476,-0.07709049158441622,0.5207552231811859,-0.47755122374765674,1.0515647969808928,0.09999999999999998,-0.3941296908477964,-0.4924929777933087,0.10515647969808925
0.5190380761523046,3.4133512941563855,0.9999999954672384,0.04005166319747625,-0.0009486643805383995,-0.008110242602023999,0.9857333481882316,0.00012541052202737362,-0.39983705628969113,0.024641202097092803,0.9877334623952149,7.153554285646382e-8,-0.4986095281576706,-0.04054917817628397,-0.3173484818187851,1.0433624756833253,-0.37779265799980455,0.15754256698566513,-0.07677651892858539,0.5215495302320371,-0.19619366638046556,1.0565076137563019,0.09999999999999998,-0.3941300539380893,-0.4924933185311279,0.10565076137563016
0.5210420841683366,3.4265371383229035,0.9999999960871115,0.04005287906691972,-0.0009490242455300027,-0.008110186719209331,0.9857333089432408,0.00012540904598319307,-0.3998527380472182,0.024641584412143057,0.9877491126377622,-3.0474943151627344e-7,-0.49861588680707386,-0.0405500724751863,-0.289386273577969,1.046444801065683,-0.37668679094293006,0.147092993642625,-0.0765693232220428,0.5216973878126985,-0.19097662574035099,1.0638662585450238,0.09999999999999998,-0.39415174760239724,-0.4925073873831666,0.10638662585450236
0.5230460921843687,3.439722982494154,0.9999999963366204,0.040051491529008554,-0.0009488314487648841,-0.008110155396516227,0.985733352704904,0.00012536795514895644,-0.3998366887856027,0.02464148706181795,0.9877314961785448,3.179718805290953e-8,-0.4986095579382612,-0.040548847150234435,-0.2931927085289094,1.0500955425409877,-0.37538863010874485,0.13854102880823094,-0.07649948896512472,0.5212836463101728,-0.435196898451921,1.0682701935780765,0.09999999999999998,-0.3941289071548303,-0.4924923659606209,0.10682701935780763
0.5250501002004008,3.4529088266729144,0.9999999969471238,0.040051225225307754,-0.0009488586557556094,-0.008110169684366586,0.9857333474452858,0.00012531616026520092,-0.3998367475051239,0.0246417652128892,0.9877314759041886,-5.811001496447701e-8,-0.4986096386175272,-0.04054857093489958,-0.33568201541671866,1.0534766227354813,-0.37419005528152466,0.1315420808843315,-0.07657303040586663,0.5211692021399509,-0.5699024478814788,1.0688307220175124,0.09999999999999998,-0.3941289589596583,-0.4924924318954662,0.10688307220175121
0.5270541082164328,3.46609467085969,0.9999999975392038,0.04005111595794635,-0.0009488552731850613,-0.008110146004323039,0.9857333431208681,0.00012526385907659575,-0.39983665435411037,0.024641869718617874,0.9877314419426201,-6.530768812008203e-8,-0.49860957805890405,-0.040548466883389235,-0.36882450065177513,1.056340547283582,-0.37317574776858264,0.1258141232159242,-0.07677085908693629,0.521719084026452,-0.4368520805884733,1.0700960502472066,0.09999999999999998,-0.3941288538964604,-0.4924923548543961,0.10700960502472064
0.5290581162324649,3.4792805150539285,0.9999999980741198,0.040051068955111284,-0.0009488374549162564,-0.008110123704636691,0.985733339135186,0.00012521256766943797,-0.3998365192946625,0.024641906419349525,0.9877314117884518,-5.7460892149563426e-8,-0.4986094749297439,-0.04054843010243974,-0.3628289896947551,1.059211371937068,-0.3721645373819852,0.12112634736616597,-0.07708144768479612,0.5223850228293897,-0.2612040306304222,1.0745216385591851,0.09999999999999998,-0.3941287087748752,-0.49249223827350563,0.10745216385591849
0.531062124248497,3.492466359254801,0.9999999985438975,0.04005107004190029,-0.0009488160804835041,-0.008110109627792036,0.9857333352785033,0.00012516252251870398,-0.39983638496589824,0.024641894075018263,0.9877313835158873,-4.744350136983085e-8,-0.4986093732128535,-0.04054844184623222,-0.34364038831885835,1.0625220075535582,-0.3710090661013368,0.11728985909409054,-0.07751547429128704,0.5225780212812218,-0.291743791840026,1.0800257423665822,0.09999999999999998,-0.3941285650830243,-0.4924921241137611,0.1080025742366582
0.533066132264529,3.505652203461479,0.9999999989477154,0.040051102185760905,-0.0009487786259569891,-0.008110099155559573,0.9857333309052615,0.0001251137197658567,-0.39983636184786164,0.024641848592821626,0.9877318046173049,-2.8538488670781697e-8,-0.4986094947980044,-0.04054850467388275,-0.3500823585292472,1.0660424579226528,-0.36978909276507593,0.11415006686528305,-0.0780881874607359,0.5224650414437997,-0.46295438579752934,1.0831447544363613,0.09999999999999998,-0.3941287102580582,-0.4924924549389626,0.10831447544363611
0.5350701402805611,3.5188380476733174,0.9999999992726387,0.04005128822126857,-0.0009488394475115815,-0.008110100053867577,0.9857333271257851,0.00012505579588233587,-0.3998355508710884,0.024641534310010916,0.9877323932525741,4.199260604270403e-8,-0.4986093901700835,-0.04054879337107389,-0.3664024633696564,1.0683636392469111,-0.36898031750407995,0.17535229413550296,-0.07878683951207112,0.5231442636592387,-0.30098724560641255,1.0733652308565242,0.4999998209650956,-0.39412814616983155,-0.49249264795365255,0.5366824232584206
0.5370741482965932,3.5320238918899234,0.9999999990978311,0.04005285164847264,-0.0009472874342515745,-0.008109909206961486,0.9857332761946125,0.00012513090833175447,-0.3998387629601393,0.0246427892313383,0.9877473755247572,-2.327415316112748e-6,-0.4986152914259327,-0.04054862875629463,-0.30155641888094187,1.0686466182778445,-0.36886952404964113,0.23430745082972387,-0.07953220233975308,0.5247061035856299,0.2580924206519056,1.0681176594929056,0.4999999999937384,-0.3941373545838152,-0.4925058511289774,0.5340588297397647
0.5390781563126252,3.5452097361111616,1.0000000000348728,0.04005054856421552,-0.0009488175619841619,-0.008109835235321357,0.9857333332929412,0.0001251400997965022,-0.39983757117693325,0.024642357361093485,0.9877336035372618,1.9784597759438275e-7,-0.4986101263463003,-0.04054801563500585,-0.17488037611490792,1.0686558095343814,-0.3688562291092482,0.2825565066657833,-0.08027846606901062,0.5252453217819215,0.41859720983377613,1.0698587533199815,0.49999999999999994,-0.3941306134872825,-0.4924939848784624,0.5349293766599906
0.5410821643286573,3.558395580336603,1.0000000007842182,0.04005104055128336,-0.0009498864558785982,-0.008109979139573918,0.9857333496081233,0.00012510918738340289,-0.39984782215393616,0.024640582976740558,0.9877425737813182,1.7045634328430028e-6,-0.4986150158050042,-0.040549308382137134,-0.09889208344507626,1.068972431966895,-0.36873868362558365,0.3220436476525452,-0.08103277615672773,0.524440089465968,0.02913602389530389,1.0697042647140218,0.5,-0.3941442477776936,-0.49250334815611585,0.5348521323570109
0.5430861723446894,3.5715814245636244,1.0000000006883176,0.04005175562511628,-0.0009495383771446422,-0.008109908568685525,0.9857333372647151,0.00012512700122080468,-0.39984831222889694,0.024642104098042985,0.987739552291929,6.078785557983449e-8,-0.49861181850756053,-0.04054887352128975,-0.11258340467889695,1.0684343143457808,-0.3689177696253596,0.35436005131683157,-0.08178760427200488,0.5237652840324192,-0.29870026800585536,1.0615810691622858,0.5,-0.39414356187728006,-0.49249861684500146,0.5307905345811429
0.5450901803607214,3.5847672687875254,0.9999999999621902,0.04005099548969402,-0.0009485396223555122,-0.008109959380776095,0.985733355256256,0.0001250941256456768,-0.3998346224188635,0.024641803855983586,0.9877313453389538,1.6949635510994224e-7,-0.49860825490982746,-0.040548517011998915,-0.13757355441975785,1.0662763586904613,-0.3696653603590761,0.3808078853392947,-0.08248795145590464,0.5242484278461141,-0.12981831701656493,1.0524321269138803,0.5,-0.39412681061927013,-0.4924910092920177,0.5262160634569402
0.5470941883767535,3.59795311301034,0.999999999887852,0.040052276836969464,-0.000948615832054307,-0.008109607254631673,0.9857333452017726,0.00012518527577141576,-0.3998386366896468,0.02464217129681046,0.9877333960008591,6.3506165285137e-7,-0.49860833530460225,-0.040548992244705574,-0.0999750487908813,1.063323138990011,-0.37069863766476724,0.4024528548610738,-0.08308157964302021,0.5251648105576282,0.24001785608120343,1.0487632783533707,0.5,-0.3941315679605402,-0.49249213005585984,0.5243816391766853
0.5490981963927856,3.6111389572310517,0.9999999997267007,0.0400509077759574,-0.0009485334288186512,-0.008109969143526928,0.9857333593048621,0.00012514403457245348,-0.39983462963111727,0.02464186122853734,0.9877317858720868,1.5361442657475015e-7,-0.49860862573530434,-0.04054844609433741,-0.025979058752006037,1.0607248491468624,-0.3716092208411761,0.4201671560003231,-0.08356117379134774,0.5252738875513607,0.29863392948386597,1.0495124947155403,0.5,-0.3941269942318172,-0.4924915945775854,0.5247562473577702
0.5511022044088176,3.624324801452151,0.9999999993606985,0.04005148394611542,-0.0009476554765332311,-0.008109997118950527,0.9857333410224894,0.00012516081564629787,-0.3998362485125704,0.024641751354107268,0.9877413488248635,-1.1106750768352122e-6,-0.4986121857308866,-0.04054859101270083,0.00912685467463448,1.0586401158328644,-0.3723392570274958,0.4346645870519295,-0.08394875390837289,0.5245393465294781,0.0196805921867986,1.0481237983870662,0.5,-0.3941324415761867,-0.49249982783802987,0.5240618991935331
0.5531062124248497,3.6375106456722404,1.0000000001912395,0.040051979730170426,-0.0009495607445038771,-0.00811008308237126,0.9857333690910804,0.0001251584346985659,-0.3998441974936219,0.024641952897464545,0.9877323959939782,-1.826623270678202e-7,-0.49860897279783356,-0.04054890307203678,-0.01142911840664006,1.0561697648157207,-0.373212277023563,0.44652932175475435,-0.08424834386874867,0.5240024986709849,-0.17135637298289083,1.0415884025899529,0.5,-0.39413665867526143,-0.49249222795894343,0.5207942012949764
0.5551102204408818,3.6506964898923533,0.9999999999765337,0.04005144412938994,-0.0009489705781421537,-0.00811016939994102,0.9857333922949243,0.00012515180729149485,-0.39983155347148347,0.024642078320103317,0.9877199087956732,-1.101609122636869e-7,-0.49860385596155815,-0.04054847738019381,-0.03157412232580516,1.05284635684132,-0.3743994208093687,0.4562394574346154,-0.08443135893602693,0.5242473806077589,-0.03040546504227678,1.0348432666016547,0.5,-0.39411922572720304,-0.49248095066866393,0.5174216333008274
0.5571142284569138,3.6638823341131905,1.0000000000113531,0.04005220341151517,-0.0009487441836133753,-0.008109993635598039,0.985733345457766,0.00012518317352585982,-0.39985152129194135,0.024642092422732197,0.9877503078076806,-3.545109100321266e-7,-0.49861589364846703,-0.040549572125201765,-0.007074389142062388,1.0492511388205727,-0.37569228364749074,0.4641862511762867,-0.08447281810181191,0.5247016146651747,0.21271778210287,1.032073937965306,0.5,-0.3941510296103828,-0.4925079880538093,0.516036968982653
0.5591182364729459,3.677068178335008,0.999999999954425,0.04005121332618728,-0.0009487277768485681,-0.008110019197202969,0.985733393555214,0.00012514916404632664,-0.39983626250657067,0.024641711320936083,0.9877317641196726,9.854498409197201e-8,-0.4986089617510684,-0.04054863972176714,0.039061711518054536,1.0461251974936743,-0.3768185993529829,0.47068993439988766,-0.08437798420325242,0.5245652113226127,0.2311909227242228,1.0321076340793602,0.5,-0.3941285932425542,-0.49249191339212617,0.5160538170396801
0.561122244488978,3.6902540225583085,1.0000000000982796,0.040051264224788614,-0.0009487390831129748,-0.008110100793557052,0.9857333874967324,0.00012510296657273289,-0.39983633023603454,0.0246416693082632,0.9877317247124007,5.758499677151361e-9,-0.4986090431893709,-0.040548681671637894,0.05713468322711332,1.0434734191382282,-0.37777487081951167,0.4760125640539357,-0.0841689113849532,0.5238920831030619,0.0392046111253737,1.030376230950195,0.5,-0.3941286464106018,-0.49249197042013676,0.5151881154750975
0.56312625250501,3.7034398667866033,1.0000000011184869,0.04005167619844133,-0.0009501831872462022,-0.00810994735187893,0.9857334278200359,0.00012520536520330692,-0.39984042970036004,0.024640924587741194,0.9877261562458205,4.01553075049204e-7,-0.49860853419846285,-0.04054840659097073,0.03992696259296483,1.0406510645662332,-0.378800545183154,0.4803686175228747,-0.08385232183327238,0.523396191490107,-0.0755847726447984,1.0253048844729293,0.5,-0.39413044312303724,-0.4924887072375478,0.5126524422364647
0.565130260521042,3.7166257110167686,1.0000000008449126,0.04005063945978078,-0.000949085757913949,-0.00810997485295297,0.9857334169547678,0.00012523679871792609,-0.3998322670435547,0.0246429596971452,0.9877201957483926,-1.7390416008130102e-7,-0.49860401786602404,-0.040547615849104886,0.026128955523784945,1.0373623236716194,-0.3800063354965199,0.4839336254049022,-0.08341289169050288,0.5234235321806483,0.030010772783995367,1.0202890976752714,0.5,-0.39412004377013754,-0.49248125107616525,0.5101445488376357
0.567134268537074,3.7298115552461235,1.000000000422274,0.04005052312603937,-0.0009485852771131081,-0.00810989789719385,0.9857334128948247,0.00012521938353419687,-0.3998353767565955,0.02464226728269983,0.9877323698226471,1.9046447978006903e-7,-0.4986086019147486,-0.040548074092354496,0.04285519600971531,1.0340638438938845,-0.3812225345714333,0.46861493011167454,-0.08283854907703447,0.5235155457288942,0.17378672673955134,1.0208511872949242,0.10373968579624565,-0.3941279616800318,-0.4924918637061793,0.10590278141469976
0.5691382765531061,3.7429973994744574,1.0000000000914153,0.040050256169552045,-0.0009483409783523991,-0.008109711855939172,0.9857333546688104,0.00012538514940913125,-0.3998250336716085,0.024641978336669146,0.987721438898718,6.743537442202499e-7,-0.4986044692322261,-0.0405477488850863,0.04001853235792333,1.0328447310650957,-0.3816611566262024,0.40167542619679725,-0.08216688307047966,0.5223588048264011,-0.19838595429228684,1.0321648317736973,0.09999998287841369,-0.39411340452520494,-0.49248235113491223,0.10321646550507048
0.5711422845691382,3.756183243698807,0.9999999994618133,0.04004974581445105,-0.0009474014141838724,-0.008109914868907926,0.9857333525915469,0.00012539557549291985,-0.3998268169735893,0.024641656644388592,0.9877349932340773,-2.0246791403226472e-7,-0.4986099881927088,-0.04054764754567415,-0.05471981146124414,1.032954055193994,-0.3816085458149647,0.34689198263301024,-0.0814810858098785,0.5209733824725151,-0.6958176276441292,1.033070947444727,0.10000000003630276,-0.3941205998732886,-0.492494525104371,0.10330709478197603
0.5731462925851702,3.76936908791606,0.9999999992410663,0.04005065504184029,-0.0009483278195602488,-0.008109945768447317,0.985733358672983,0.00012537190016499464,-0.3998335511193357,0.02464201032817515,0.9877320200891216,2.2027340540772208e-7,-0.4986076351629851,-0.040548307240331545,-0.17664587028460285,1.032693369553228,-0.38169515724592595,0.30205706189557874,-0.08079427572277374,0.5209742889158737,-0.6524158784747068,1.0305585008033609,0.09999999999999999,-0.3941260252321605,-0.49249073564310875,0.10305585008033608
0.5751503006012023,3.7825549321254988,0.9999999986403284,0.04005148043898734,-0.000948335255422523,-0.008110142498307245,0.9857333532987618,0.00012531929485630995,-0.3998338211070828,0.024641197280584323,0.9877320435684975,1.6060180841559356e-7,-0.49860792071856547,-0.04054911566902532,-0.22314741474023175,1.0325220287253913,-0.38175036294255743,0.26536403902578837,-0.0800947009178191,0.5219771486310013,-0.21480620812049725,1.0340698134768889,0.09999999999999998,-0.3941263018869566,-0.49249102698304936,0.10340698134768886
0.5771543086172344,3.795740776330635,0.999999998723486,0.040052699136604135,-0.0009490120746382779,-0.008109976912954711,0.9857333550016861,0.0001254046183747938,-0.399835255436584,0.024641714505497663,0.9877229300359446,3.873754505938209e-7,-0.498604235548415,-0.040549363877728783,-0.19571825883347813,1.0336283796061048,-0.3813377153599384,0.23533436774620758,-0.07941077869744842,0.5224034556461592,-0.01866033412666377,1.0433653049276115,0.09999999999999998,-0.3941240632579788,-0.49248285217204085,0.10433653049276112
0.5791583166332664,3.808926620533704,0.9999999980574595,0.04005098504636875,-0.0009474343694919216,-0.008110267666129083,0.9857333549172067,0.00012538949562238886,-0.39982826861968457,0.02464082160806528,0.987735712167015,-5.851577472399473e-7,-0.4986112710701471,-0.04054882416159068,-0.18429435689656504,1.03622773709515,-0.3803861898465688,0.21075800829011448,-0.07880306775511116,0.5217198895967949,-0.2943239364791487,1.0512861307398786,0.09999999999999998,-0.3941223249959517,-0.4924961351975137,0.10512861307398784
0.5811623246492985,3.822112464737451,0.9999999986159243,0.04005136524044663,-0.0009486332291388397,-0.008110155600536786,0.9857333601436581,0.00012536066902816957,-0.3998352656056303,0.02464144340945452,0.9877319821159897,6.768997621886627e-8,-0.49860935521173155,-0.04054885537914957,-0.23810053994453795,1.0391580888298995,-0.37932058336273966,0.19064465170109843,-0.0783110755481283,0.520985171846444,-0.6142013462319046,1.0524389658025346,0.09999999999999998,-0.3941277005467676,-0.4924924094696102,0.10524389658025343
0.5831663326653306,3.835298308944459,0.9999999988918407,0.04005142932685674,-0.0009486832461018289,-0.008110199876336304,0.9857333540191582,0.0001253082349826142,-0.3998355287216461,0.02464140270816791,0.9877320223685533,6.354744172447475e-9,-0.4986096363944564,-0.040548895751539756,-0.3069178739378953,1.0414821249912856,-0.37847477329070256,0.17418382500841698,-0.07792509668942227,0.5212150694183817,-0.5523513215314103,1.051886968548805,0.09999999999999998,-0.3941279769986638,-0.49249270478602325,0.10518869685488048
0.5851703406813626,3.8484841531558875,0.9999999992860784,0.04005143993445932,-0.0009487359745007449,-0.008110205900438759,0.9857333477796596,0.00012525638752961004,-0.39983580519362366,0.024641414369686435,0.9877320658645061,-2.3456099813797744e-8,-0.4986099275193242,-0.04054888170396957,-0.32369931433623583,1.043639751738509,-0.37769175179100833,0.16071224048640756,-0.07762590191667598,0.5220369440167659,-0.255269797049184,1.0555601292120804,0.09999999999999998,-0.39412826709640275,-0.49249301281809515,0.10555601292120802
0.5871743486973947,3.861669997375027,1.0000000004185596,0.04005142195534147,-0.00094974510183574,-0.008110472730969999,0.9857333718075942,0.00012521014561001697,-0.39983342381523235,0.024641391191615333,0.987717706125311,-6.39847798233342e-7,-0.49860514085009056,-0.04054815117263035,-0.29681280630905027,1.04646138332385,-0.3766785753089522,0.14968705893786705,-0.077424519842995,0.5223928318424984,-0.1581534063422445,1.0627730928054027,0.09999999999999998,-0.39412019814495214,-0.49248110003809376,0.10627730928054024
0.5891783567134268,3.8748558415989307,1.0000000003495837,0.04005115587122791,-0.000948798821464261,-0.00811008803767397,0.9857333427356478,0.00012518746088688927,-0.3998363794264563,0.024641717215695746,0.987732735230172,-1.2325948553478677e-8,-0.4986104169414401,-0.04054858060179996,-0.2884441037541231,1.050010029675888,-0.3754159610036558,0.14066402245789267,-0.07735243617179992,0.5220444758724826,-0.36797911883910694,1.0683273815838026,0.09999999999999998,-0.39412909927645406,-0.4924938304400254,0.10683273815838024
0.5911823647294588,3.888041685830551,1.0000000008526058,0.04005096069343831,-0.0009487771020408334,-0.008110086777223054,0.9857333385344126,0.00012513938942893517,-0.3998362994470116,0.02464191331077659,0.9877327733012365,-6.516518364348699e-8,-0.49861030981162163,-0.040548392038677175,-0.3244206936102453,1.0534967582095127,-0.3741813552353205,0.13327954456376262,-0.07742431523856604,0.52176842536378,-0.5640052940882658,1.0695116962095934,0.09999999999999998,-0.39412903707385977,-0.4924937414644784,0.10695116962095931
0.5931863727454909,3.9012275300682093,1.0000000012607901,0.04005093863193815,-0.0009487431233871358,-0.008110072523793976,0.9857333349386941,0.0001250912724688258,-0.3998361518030096,0.024641922583278845,0.9877327949322686,-5.963492938649306e-8,-0.4986101307419341,-0.04054838638943266,-0.3650761620912207,1.0564326134378448,-0.3731425560488586,0.12723606813611418,-0.07762489163630086,0.5221632775475906,-0.49081920950245617,1.0701289249750692,0.09999999999999998,-0.3941289003416826,-0.4924935756011743,0.1070128924975069
0.595190380761523,3.9144133743106093,1.0000000015768211,0.040050995527768314,-0.0009487133939192401,-0.008110068836652717,0.9857333312143257,0.00012504424480535716,-0.39983605154146284,0.024641855225395533,0.987732812353324,-4.9292896516177474e-8,-0.49860999590154303,-0.040548455989243705,-0.36879058138356424,1.0592096794523491,-0.3721637329337665,0.12229007088977005,-0.07793777847593782,0.5228699252190311,-0.29368744680870384,1.0737494710609008,0.09999999999999998,-0.39412880843826004,-0.4924934515205596,0.10737494710609005
0.597194388777555,3.9275992185567508,1.0000000018386095,0.04005108742532064,-0.0009487032910578665,-0.008110074054644834,0.9857333271047146,0.00012499850014282155,-0.3998361393411294,0.024641755779649162,0.9877329466844383,-2.990696959983397e-8,-0.49860999771679704,-0.04054856107136075,-0.3484604364020121,1.06237060475731,-0.3710593506517664,0.11824225355025599,-0.07836858401879404,0.5231972878669214,-0.26227001578057846,1.0793270498392489,0.09999999999999998,-0.394128948067048,-0.4924935210784484,0.10793270498392486
0.5991983967935871,3.9407850628061567,1.0000000020844886,0.04005117295116637,-0.0009487084525830871,-0.008110081667014954,0.9857333226789496,0.0001249539611588738,-0.399836292391016,0.024641669372178956,0.9877330768014418,-1.876385386038276e-8,-0.49861007069176194,-0.04054865194104496,-0.3463340832122299,1.065863769289438,-0.36984870663647457,0.11492950902769193,-0.07893411985967816,0.5230997703311087,-0.42080224223380874,1.0832327277303941,0.09999999999999998,-0.39412915039971963,-0.4924936584877095,0.1083232727730394
0.6012024048096192,3.9539709070588267,1.0000000023779192,0.04005126905872151,-0.0009488394769344984,-0.00811011505108822,0.9857333209128127,0.0001249133132703111,-0.3998345921748088,0.02464151947857419,0.9877286315599955,-9.70487946292445e-8,-0.4986083995737288,-0.04054862266562853,-0.36820299016254104,1.0687308424000077,-0.36885540084965246,0.1575299999625376,-0.07963409194615913,0.5234062634368435,-0.4159199229070468,1.0767717787394806,0.5000034887000309,-0.3941257024426935,-0.49248978826008366,0.538389645903478
0.6032064128256512,3.9671567513107027,1.0000000019688196,0.04005250612876501,-0.0009490427464119471,-0.008110238438536465,0.9857332983628135,0.00012480878285575973,-0.39983660329103843,0.02464039327380983,0.9877315466270652,1.7821552086731117e-8,-0.4986091390710186,-0.04054997890855097,-0.33000729145689756,1.0693497935424565,-0.368629337584773,0.21972163479569162,-0.08040270730363133,0.5249215457640074,0.11893745400168362,1.069201581137217,0.4999999999970748,-0.3941288438360796,-0.4924919768196702,0.5346007905654809
0.6052104208416833,3.980342595564157,1.0000000021334137,0.04005169980632732,-0.0009480509330589486,-0.00811036478061693,0.9857332979485153,0.00012479031756628604,-0.39982728350782,0.024639515879672308,0.9877307682836678,-5.2083042587162753e-8,-0.4986113378948346,-0.04054945235211073,-0.20946238477892182,1.0692692838425903,-0.3686461441613677,0.2706194450431904,-0.08117620582823173,0.5258558341165899,0.44114088828254394,1.0696221326356874,0.499999999999998,-0.3941193663913517,-0.4924937577418736,0.5348110663178416
0.6072144288577154,3.9935284398257656,1.000000003414836,0.04005114775483882,-0.0009490447430417638,-0.008110056753792306,0.9857332929196911,0.00012479442769542423,-0.39983716684003107,0.02464186423844893,0.987731487371568,-8.711096798421523e-8,-0.49861101418828674,-0.04054842343084871,-0.11060282455995513,1.0695395007957327,-0.36854449088322816,0.31227433557815787,-0.08195305607739606,0.5252978889780451,0.15637993942985703,1.0710322771062382,0.5,-0.3941293767486153,-0.49249379513183006,0.5355161385531191
0.6092184368737474,4.006714284102393,1.0000000048319013,0.04005146441332148,-0.0009498023291949619,-0.008109638208489645,0.9857332982436968,0.00012489814143794506,-0.3998415822942193,0.024643685769513392,0.9877254037353752,-3.88836707932986e-8,-0.49860728598049814,-0.04054764333320375,-0.10474090483951164,1.0693408959068256,-0.36860618814572715,0.34636481527891555,-0.0827364013076016,0.5244169919739957,-0.25727101855093953,1.064717115276837,0.5,-0.39413128624908667,-0.492487081273846,0.5323585576384186
0.6112224448897795,4.019900128386938,1.0000000048432907,0.04004968886774409,-0.0009488878803648141,-0.008109533652352122,0.9857333243868802,0.00012491693225748704,-0.3998373966807788,0.02464324803394041,0.9877333210321275,4.3183176396012673e-7,-0.49860977577426324,-0.040547041912449656,-0.13696984654434732,1.0675553510784677,-0.3692216504719569,0.3742645528905069,-0.0834812891644398,0.524589466668479,-0.2188560435900039,1.0548808807805683,0.5,-0.3941303228873179,-0.4924935072340981,0.5274404403902841
0.6132264529058116,4.033085972674175,1.0000000045666046,0.04004907153343283,-0.0009481331216953802,-0.008110074389700446,0.9857333535549254,0.00012486912386186648,-0.39982068962674705,0.024642760084436926,0.9877149825013376,-1.9311809508561068e-7,-0.49860163191829554,-0.040546675253896144,-0.11772482667162307,1.0646563161751932,-0.3702335423638219,0.3970977834274973,-0.08412843934905265,0.5255235649693327,0.15525546143073352,1.0495371208793767,0.5,-0.39410657096992713,-0.492476294315021,0.5247685604396883
0.6152304609218436,4.046271816951738,1.0000000037996966,0.04005052850322589,-0.0009484220817391606,-0.008109797416825677,0.9857333339371102,0.00012486841418848983,-0.3998353459825353,0.024642232005599382,0.9877330772182041,2.339347902239006e-7,-0.49860774685462755,-0.040548161842942375,-0.04581927107354493,1.0618635780011323,-0.3712111936728506,0.4157845439702123,-0.08465791323511707,0.5259087774803068,0.32604970246248594,1.0495991865903378,0.5,-0.39412821318578356,-0.49249137361118234,0.5247995932951689
0.6172344689378757,4.059457661220605,1.0000000033127119,0.04005249338207246,-0.0009488009063578233,-0.008109907780876799,0.985733300335506,0.00012487991547927132,-0.3998505405030434,0.024642001484539714,0.9877467602545158,-1.51338219143032e-7,-0.4986128355244033,-0.04054973933177615,0.005058666565983818,1.0596799629994254,-0.3719748529338981,0.43107784150713313,-0.08508825164572073,0.5253074711845,0.10336555304145434,1.0494062748315898,0.5,-0.3941486412822861,-0.49250320677382176,0.5247031374157949
0.6192384769539078,4.072643505479787,1.0000000026419802,0.04005192792532316,-0.0009488187108388212,-0.008110176108871854,0.9857333532899665,0.0001248615638712875,-0.3998321996870161,0.024641413350024705,0.9877219062859819,-1.6852408632592338e-7,-0.498603951225416,-0.040549024788755085,-0.0044112653135484625,1.0573755860949692,-0.3727858145574599,0.4435939269681723,-0.08543223067119475,0.5246072809994203,-0.15386436279326343,1.0439340951341973,0.5,-0.39412066168625637,-0.4924820383526033,0.5219670475670987
0.6212424849699398,4.0858293497334515,1.0000000019832176,0.04005148372199708,-0.0009479614843702282,-0.00811028639310174,0.985733362509397,0.00012485898785526435,-0.39982454428505587,0.024640336575608844,0.9877233880038438,3.002009343475401e-7,-0.4986058531823411,-0.040549277972496786,-0.031233802837239484,1.0542260534046177,-0.3739068060321892,0.45383712038589813,-0.08566758008471545,0.5246529694924468,-0.09480794506182738,1.0366149247259906,0.5,-0.3941137120292797,-0.4924846747567402,0.5183074623629953
0.6232464929859719,4.099015193986857,1.000000002989845,0.040052017964396155,-0.0009500458661398037,-0.008110260630345673,0.9857333928339898,0.00012489935011548658,-0.3998384961273718,0.024640602795299005,0.9877233502972385,-1.489609495503996e-7,-0.4986072632893192,-0.04054881738373903,-0.018999005292277084,1.0505886537757618,-0.3752130712010042,0.46222017299733453,-0.08576427034406871,0.5251393703089656,0.15996570927345677,1.0326640748243279,0.5,-0.39412743273176715,-0.4924860305384733,0.5163320374121639
0.625250501002004,4.112201038240792,1.0000000024725566,0.04005169117128932,-0.0009487713692975606,-0.008109912974840875,0.9857333667458148,0.00012490636878516748,-0.3998368042940066,0.024641472263284288,0.9877325950371526,3.4641219171095864e-7,-0.4986096430703003,-0.040548915998828386,0.0266855709234749,1.0472719048531234,-0.3764067115193182,0.46908088947029225,-0.08571934207360897,0.5251896043684613,0.2541456313415961,1.0323302425666643,0.5,-0.3941294523994581,-0.492493010707015,0.5161651212833321
0.627254509018036,4.12538688249822,1.0000000026863909,0.04005103138776585,-0.0009487067877915836,-0.008110018294095524,0.985733364074614,0.00012486876943058629,-0.3998359574135522,0.024641826092762827,0.9877327610416358,-2.7470241842239036e-8,-0.4986099885303893,-0.040548478125125964,0.05544025072576289,1.0445202913754414,-0.3773977050198196,0.47469571738006094,-0.08555357834216196,0.5245898426335209,0.09375901848417002,1.0314390365515085,0.5,-0.39412869479456075,-0.4924934195401833,0.5157195182757542
0.6292585170340681,4.138572726760746,1.0000000031348868,0.040051257977972717,-0.000948912164112679,-0.008110046654461349,0.9857333735878876,0.0001248534828207378,-0.39983134516715263,0.024642207528507223,0.9877212457708944,2.238645590520965e-7,-0.4986047064243416,-0.040548361024939944,0.044819380360781154,1.041776827953823,-0.3783913112464267,0.4792909084360173,-0.08528013857049027,0.5239731709662976,-0.06840109173712094,1.0270171607425258,0.5,-0.39411954711538527,-0.49248247085402275,0.5135085803712629
0.6312625250501002,4.151758571025319,1.000000002807076,0.040050341805144295,-0.0009477707657763729,-0.008110079112246801,0.985733385697219,0.00012486097900813394,-0.3998257067694484,0.02464111530939099,0.9877296263653748,1.1931040232849123e-8,-0.4986090634914699,-0.04054820501762478,0.025870896325417232,1.038567309048756,-0.3795647564864996,0.4830516240947688,-0.08488777679623978,0.5238695685380781,-0.015136764640998404,1.0215625777592512,0.5,-0.3941173567628781,-0.49249094446860125,0.5107812888796256
0.6332665330661322,4.164944415289112,1.0000000026302946,0.04005245688788258,-0.0009490720769481318,-0.008109810911435185,0.9857333965250035,0.00012482432363747679,-0.39983356033722484,0.02463983919063965,0.9877311255034131,8.014544724168814e-7,-0.4986069969067411,-0.04055026484563189,0.034710075559344945,1.0351476681445864,-0.38082437683246584,0.48612940335110805,-0.08436074913471704,0.5240319373234741,0.15710495787831222,1.018541299450008,0.5,-0.3941256628299782,-0.49248968273776333,0.509270649725004
0.6352705410821643,4.178130259543985,1.0000000019764557,0.04005175142051508,-0.0009478963563196584,-0.008110260293491342,0.9857333636825824,0.0001247997610546126,-0.39982832707955257,0.024640368140341453,0.9877321968435439,-4.21470960438206e-7,-0.4986104697108084,-0.04054947553113809,0.04790221657401056,1.0331857725041587,-0.3815400441563246,0.41818745250493417,-0.08371631890019712,0.5232517670821163,-0.05194309467491626,1.0301519615379868,0.1000001293494662,-0.3941209730573784,-0.4924935975262217,0.103015329403405
0.6372745490981964,4.191316103801538,1.0000000031437803,0.04005235639875654,-0.0009493707511407442,-0.008110090882735356,0.985733343232882,0.00012480232152469953,-0.399849942258478,0.024641111847735236,0.9877450627154787,1.5101080646729642e-7,-0.49861589611893403,-0.04054972908927525,-0.023163076544757376,1.0331544982346814,-0.3815391486360015,0.3604054864001572,-0.08303936935285947,0.5217096329341921,-0.6016919636970008,1.033814267771185,0.10000000014669938,-0.3941473667682207,-0.4925053957063784,0.10338142692877841
0.6392785571142284,4.204501948067324,1.0000000035357486,0.04005144148639345,-0.0009489107457643425,-0.008109847903977877,0.9857333572587396,0.00012480485300641987,-0.3998403915324819,0.02464282228610925,0.9877337510448319,-1.3087465224150714e-7,-0.4986101645166179,-0.040548390314751104,-0.14968229492964313,1.0330051966083342,-0.38158397304795993,0.3131165302016441,-0.08236318680575017,0.5212779375608954,-0.725626372838974,1.0309272346350276,0.1000000000000155,-0.394133454935778,-0.4924940828003232,0.10309272346351873
0.6412825651302605,4.217687792340397,1.0000000039671497,0.04005043910177114,-0.0009488256130221757,-0.008109895876393535,0.9857333748992064,0.00012476539404032615,-0.39983586146303324,0.024642497684229773,0.9877314256817644,-2.748319977604824e-8,-0.4986096032037113,-0.040547810977384614,-0.22162872193101496,1.0326610183779916,-0.3817028780906925,0.2744151371855589,-0.08167387241801514,0.5221534664136236,-0.33398524388896084,1.0324714844674647,0.09999999999999998,-0.39412806631481295,-0.492492373116637,0.10324714844674646
0.6432865731462926,4.230873636619,1.0000000035779573,0.04004994958581794,-0.0009469565194079347,-0.00811016240994153,0.9857333573944853,0.00012474998808222762,-0.3998274425839371,0.024642099909843194,0.9877391292075646,-1.558908369330681e-6,-0.49861273544934037,-0.04054775700013621,-0.20662552662813413,1.0333232347900831,-0.38145192767049646,0.2427418100468578,-0.08098705609713855,0.522852164716704,-0.021146818692795347,1.0406962028648479,0.09999999999999998,-0.39412290230126545,-0.4924992459142955,0.10406962028648477
0.6452905811623246,4.2440594808968575,1.0000000036997272,0.04005278118737192,-0.0009476173125998479,-0.008109115983219955,0.9857333515089086,0.0001250286156340088,-0.3998366098305559,0.024644017593407227,0.9877426388643546,-1.1453246511905234e-6,-0.4986122879403527,-0.04054741070752226,-0.18213946780836798,1.035574638210261,-0.3806250647273222,0.21682028230786515,-0.08035906806598343,0.5223990800415054,-0.19275472753964534,1.0498299445729704,0.09999999999999998,-0.39413331312319183,-0.49250057062044844,0.10498299445729702
0.6472945891783567,4.257245325169863,1.0000000034373375,0.04004927040165112,-0.0009483835851276699,-0.00810950664673051,0.9857333849453398,0.0001250048261237828,-0.39983476035841503,0.024643414382870765,0.987733742804263,3.4986331428464054e-7,-0.4986080367503626,-0.04054695599156433,-0.22000208032287275,1.0385370233161824,-0.3795468228802038,0.19560603147680639,-0.07984041347804383,0.5215302283712511,-0.5587547384433525,1.0526528219899427,0.09999999999999998,-0.39412790006291964,-0.49249199651761355,0.10526528219899425
0.6492985971943888,4.2704311694314825,1.0000000023120907,0.04005026968132217,-0.0009481803815636005,-0.008109777254128921,0.9857333856348873,0.00012496213922253113,-0.39983399780649787,0.024642340517584065,0.9877337624357518,2.9809957782883995e-7,-0.49860720823429,-0.04054804339545711,-0.29298126220941584,1.041008504275755,-0.37864716627077893,0.17824423147878954,-0.07943286294192976,0.5214705944619092,-0.6093234588413254,1.0517363572170564,0.09999999999999998,-0.39412715930352843,-0.49249118585419627,0.10517363572170561
0.6513026052104208,4.283617013676887,1.000000001075409,0.04005151555706389,-0.0009481725346781419,-0.008110029930001879,0.9857333799230675,0.00012491909757793467,-0.39983433400184837,0.02464110104335088,0.9877337688315685,2.787512996885355e-7,-0.49860748379808756,-0.04054927625085527,-0.3265314222696084,1.0430981646444666,-0.3778870029376521,0.16403528799266293,-0.07911419705552362,0.5222322210007548,-0.3318268333072585,1.054065016400568,0.09999999999999998,-0.39412749337063024,-0.4924914604426737,0.10540650164005679
0.6533066132264529,4.296802857908359,1.0000000005167613,0.04005265760389195,-0.0009489367522846905,-0.008110241846540264,0.9857333777942135,0.00012488557933177044,-0.39984149803196933,0.024639203102400455,0.9877395848109686,1.3548488480590328e-6,-0.49861193695522027,-0.0405509038219159,-0.30580021119443057,1.0456726455531582,-0.3769592329410914,0.15240665349441151,-0.0788863668883899,0.5227800403540799,-0.14935177226064406,1.0607269181881387,0.09999999999999998,-0.3941368403045073,-0.49249880253028744,0.10607269181881385
0.655310621242485,4.309988702134505,1.0000000004654563,0.04005353510339029,-0.0009492472586784049,-0.00811019516744042,0.9857333569379081,0.0001249212003097367,-0.3998502288308735,0.024639919821545096,0.9877455966614673,3.3148300030399174e-7,-0.49861495462062083,-0.040550909382699035,-0.2870338047158634,1.049065353387596,-0.37574968033201916,0.14288974602576657,-0.07877877815942093,0.5225606116108362,-0.297503483256302,1.0672375476046856,0.09999999999999998,-0.3941478580283363,-0.4925047392980127,0.10672375476046854
0.657314629258517,4.323174546360268,1.0000000004072176,0.04005203129768322,-0.0009488261568950219,-0.008110166257041,0.9857333749557914,0.00012489702824047006,-0.3998368009014337,0.0246409760161563,0.9877314491935135,1.3207597846806385e-8,-0.4986097094595266,-0.040549351383282445,-0.3130320504190832,1.0526337463094504,-0.3744854002193237,0.13510107975761446,-0.07881381841308721,0.5221662250284758,-0.5354696400782272,1.0693971097399875,0.09999999999999998,-0.39412899924455275,-0.49249249144197443,0.10693971097399872
0.6593186372745491,4.3363603905926675,1.0000000010310275,0.04005146146599773,-0.0009489261872866324,-0.008110142438908792,0.9857333677390487,0.00012485757083032761,-0.39983711408638495,0.024641585190971347,0.9877314306295718,-1.1097112373869502e-7,-0.49861004935002406,-0.04054874213834453,-0.3579702451083159,1.0556887492879743,-0.3734043957556365,0.12872681739674588,-0.07898253826124346,0.5223710132732453,-0.535834626031116,1.069640751743811,0.09999999999999998,-0.39412930282224046,-0.4924928128710412,0.10696407517438107
0.6613226452905812,4.34954623483378,1.0000000016927706,0.04005103253365142,-0.0009489372694072648,-0.008110061538992821,0.9857333629630979,0.0001248168017337495,-0.3998369980722997,0.024642013587433436,0.9877314066560255,-1.234857079128906e-7,-0.498609967518649,-0.04054831610476442,-0.37271209075304296,1.0584251585175177,-0.37243847063465896,0.12351010406099838,-0.07926538499209311,0.5230619716938476,-0.34036651386531336,1.0723613996162875,0.09999999999999998,-0.3941291793127061,-0.49249271958277285,0.10723613996162873
0.6633266533066132,4.362732079084356,1.0000000030928875,0.04005127978151319,-0.0009504777851186962,-0.008110144487344081,0.9857333878438997,0.00012479203550938128,-0.39984574517560395,0.02464120931171874,0.9877320831470385,2.0882904757821585e-7,-0.4986117814647418,-0.040548413895946225,-0.35464717921048544,1.0614404608358516,-0.371382850040024,0.11924073341881225,-0.07966187087184445,0.523523257168138,-0.24708478799534256,1.0777323735935427,0.09999999999999998,-0.394138046628322,-0.49249486205551196,0.10777323735935425
0.6653306613226453,4.375917923339174,1.000000002560924,0.04005058664052759,-0.0009487843699983874,-0.008109869338837996,0.9857333657147392,0.00012476834679668749,-0.39983570955266046,0.024642358375616468,0.9877312458437784,3.218076279850917e-8,-0.49860912688518305,-0.040547965432995506,-0.34451588827224533,1.0648736581100973,-0.3701903734818011,0.11574666638218176,-0.08018837931685746,0.5234871923545122,-0.3729617337000164,1.0823698824570762,0.09999999999999998,-0.39412784353397157,-0.4924918153922449,0.1082369882457076
0.6673346693386772,4.389103767596855,1.0000000026160134,0.04005060293388266,-0.0009487047073046084,-0.00810989581305338,0.9857333622636689,0.00012472943525755232,-0.3998357728393609,0.024642247280309594,0.9877322058204469,5.969206096882417e-8,-0.4986090699008172,-0.04054807260074843,-0.3644967675978291,1.068128634017142,-0.36906464911832676,0.13872988941200365,-0.08085282283146167,0.5235129785872403,-0.48357912315580887,1.0799498512595824,0.4995276141376256,-0.3941282889736331,-0.4924922388756136,0.5394647725879829
0.6693386773547093,4.402289611853399,1.0000000023359135,0.0400510691126993,-0.0009486373465563685,-0.008109968261954608,0.9857333555308374,0.0001246801172075101,-0.399834558497293,0.024641702601565646,0.9877316678388,7.062019797079609e-8,-0.4986085832802903,-0.04054859577843274,-0.35138491030020724,1.0692406896528082,-0.36866947242908904,0.20433557768995841,-0.08160900705578894,0.5248228083693046,-0.03901263477351957,1.070193474959741,0.4999999999365982,-0.3941268791455404,-0.49249149042573215,0.5350967374120184
0.6713426853707414,4.415475456108602,1.0000000019160546,0.04005112503287505,-0.0009476312522084126,-0.0081097175435322,0.9857333403708527,0.00012481525084372203,-0.3998358765817218,0.02464204977923003,0.9877417998032721,-1.0440990332494574e-6,-0.4986127369199251,-0.04054813767190414,-0.24563197997975902,1.0691647571080787,-0.3686839079799008,0.2580274464459077,-0.08237948286928434,0.5260819283975223,0.41458703510690226,1.06878214393677,0.49999999999973754,-0.3941322542953933,-0.4925005998338509,0.5343910719681044
0.6733466933867734,4.428661300361426,1.0000000021319044,0.040050510781581276,-0.0009486138056172405,-0.00810976352557305,0.9857333733779919,0.0001248140262995814,-0.39983651181752805,0.02464234557996247,0.9877335359086106,2.1595029077218313e-7,-0.4986090314923547,-0.0405480381454422,-0.1294825530581869,1.0693312262721442,-0.36861739260101734,0.3019690148383943,-0.08314941361953146,0.5258698169992615,0.2753336746885704,1.0710304458350997,0.5,-0.3941295438744798,-0.4924928704682719,0.5355152229175498
0.6753507014028055,4.441847144611779,1.000000001674679,0.04004966148398206,-0.000947894276085949,-0.008110369836229765,0.9857333925732573,0.0001247482749243692,-0.3998210814028341,0.02464156630013207,0.9877177936717926,-2.480170037030906e-7,-0.4986029043728113,-0.04054784455144002,-0.09927485151486205,1.069394589148125,-0.3685878782534435,0.3379309263990982,-0.0839282921391346,0.5248921704139493,-0.1773798705080203,1.0669491640168676,0.5,-0.39410808197858566,-0.49247895056890606,0.5334745820084338
0.6773547094188376,4.455032988855537,1.0000000013230173,0.04005152597427014,-0.0009482563175965842,-0.008109681821146847,0.9857333352266702,0.00012488577145651605,-0.3998436640488861,0.024643942996740085,0.987739005328056,-6.235283233383014e-7,-0.49860866797549597,-0.04054845899561511,-0.13151907959345954,1.0680412249380897,-0.36905130407141085,0.3673622272719863,-0.08468433131197262,0.5247243041523081,-0.28140923678871377,1.0570739555924824,0.5,-0.3941387869825363,-0.4924952044709507,0.5285369777962412
0.6793587174348696,4.468218833094433,1.0000000016872692,0.040051931753483365,-0.0009500940290935504,-0.008109971461794726,0.9857334089611383,0.0001248744752666011,-0.39984504902068946,0.0246406293513721,0.9877343054978575,7.525038320735348e-7,-0.4986107363223606,-0.04054904105013658,-0.13089335001591773,1.0653069479824835,-0.37000458569800354,0.39144888348169543,-0.08535548229618307,0.5255687623784605,0.05286602026138451,1.0501085774860908,0.5,-0.39413823713983354,-0.49249495986845093,0.5250542887430454
0.6813627254509017,4.481404677325479,1.000000000414081,0.04005095147772606,-0.0009484811026611435,-0.00810978946935572,0.985733388737783,0.00012494003761074214,-0.3998345450101723,0.024641882915331422,0.9877312885036272,2.9745208739980337e-7,-0.4986077582605478,-0.04054844888230864,-0.06716861727489179,1.0623727111895505,-0.37103198658651665,0.4111614842100375,-0.08590886740751653,0.5261988267189887,0.3221156563055707,1.0490495832246287,0.5,-0.394126708572494,-0.49249049558581676,0.5245247916123144
0.6833667334669338,4.494590521552997,1.0000000008510763,0.040051762772555906,-0.000949993039593011,-0.008110088593383549,0.9857334131595864,0.0001249270417049685,-0.3998417025854674,0.02464097661419333,0.9877290428400628,1.9075659697359498e-7,-0.49860850431036186,-0.04054865167117031,-0.0034737900711016203,1.060043046435949,-0.37184796805243037,0.4272943170971861,-0.08635602936002382,0.5258060494239879,0.18638276705639095,1.0496582595685604,0.5,-0.3941328546575812,-0.49249010844931185,0.5248291297842802
0.6853707414829658,4.5077763657748475,0.9999999994512453,0.04005120671641552,-0.0009475863909972231,-0.008109816275771113,0.9857333569100611,0.00012503056039121847,-0.39983783898660147,0.024642834867342884,0.9877425338093705,-1.2208029506245988e-6,-0.49861194229944067,-0.04054836433993095,0.0018992985442023449,1.0578636844892821,-0.3726125109827991,0.44049747815844553,-0.08671618148305474,0.5250084457192523,-0.1094819831441198,1.045589661569131,0.5,-0.3941344824435555,-0.49250017377289834,0.5227948307845655
0.6873747494989979,4.520962209994725,1.0000000000086713,0.04005181064840598,-0.0009493760401489325,-0.008109886762972801,0.9857333893977478,0.00012504965511003842,-0.3998478941906629,0.024642110781486218,0.9877397253064688,8.805195452710163e-8,-0.4986112913885759,-0.04054893539095159,-0.02712388674058961,1.054937810455859,-0.37365183892998793,0.4513029743072971,-0.08697584348127706,0.52482577419936,-0.14406984587686522,1.0381181149563172,0.5,-0.394143219141907,-0.4924981835612687,0.5190590574781586
0.68937875751503,4.5341480542094725,0.9999999991779162,0.040051445219100076,-0.0009484856111408272,-0.008109832596918392,0.9857334093757386,0.0001250464247773797,-0.39983610985984586,0.024641940084188182,0.9877327883417465,3.7303512503264053e-7,-0.49860803162909967,-0.040548729031270894,-0.02788794742127646,1.051338097210635,-0.3749422308884539,0.46014622663787935,-0.08710263855182494,0.5252734813254861,0.09338082177508628,1.032997215056674,0.5,-0.39412884577947843,-0.49249151649670053,0.516498607528337
0.691382765531062,4.547333898421503,0.999999998619688,0.04005163580567879,-0.0009476882277593368,-0.008109948603376944,0.9857333890502116,0.00012506580824651455,-0.3998383049910004,0.02464209439297212,0.987742112867486,-1.101725928566268e-6,-0.4986116319486585,-0.0405486973214447,0.013190224241744286,1.0478634178526731,-0.37619305361145833,0.46738356529896513,-0.08708494920292427,0.5254974058897446,0.2572054265949737,1.0319721525905279,0.5,-0.39413476981122864,-0.492499662167722,0.5159860762952639
0.6933867735470941,4.560519742628201,0.9999999986585578,0.040051368757602665,-0.0009485627935130042,-0.008110057965645442,0.9857334153709676,0.00012501911618803448,-0.3998364372370555,0.024641431937136957,0.9877338760894637,1.610174394052775e-7,-0.4986092805241602,-0.04054894070437043,0.05102200104417466,1.0449805687385074,-0.37723165799410846,0.4733066226519,-0.08693974094152745,0.5250252185826143,0.1500001430384437,1.0317054405723203,0.5,-0.3941296081027065,-0.4924932838353941,0.5158527202861601
0.6953907815631262,4.573705586834609,0.9999999986454038,0.04005191790145774,-0.0009483608142603972,-0.008110218455099526,0.9857334417867546,0.0001250101078117625,-0.3998234661786848,0.02464114054542607,0.9877128596415344,1.379045852758303e-7,-0.49860357772281955,-0.040548368215560904,0.049698019074900575,1.042296035978133,-0.37820230878048,0.4781540704707073,-0.08668535397700668,0.5243289540142902,-0.042786768287796144,1.0281802697252125,0.5,-0.39410844578344023,-0.4924771711719121,0.5140901348626062
0.6973947895791582,4.586891431031641,0.9999999968110735,0.04005517186356261,-0.0009489381654056321,-0.008110539851964714,0.9857333676771042,0.00012485948206768284,-0.39982462367440846,0.024637050273838043,0.9877200858352041,8.145519653858652e-7,-0.4986040174580129,-0.04055305918152406,0.028437411139543158,1.0392062088096121,-0.37932916742590217,0.4821212326551465,-0.08631639300672753,0.5240715968245654,-0.05113513292230733,1.0225716192329384,0.5,-0.3941124579768443,-0.4924812359539802,0.5112858096164692
0.6993987975951903,4.600077275218485,0.9999999974607024,0.04005299142149862,-0.0009482258827460423,-0.008110604461104442,0.9857333312333608,0.0001249031912219033,-0.3998308764827096,0.024638681697749076,0.9877343929011816,-5.404304911236487e-7,-0.4986146391244668,-0.0405504846389359,0.028399211420996252,1.0357780075214582,-0.3805909388380049,0.4853679685859733,-0.08581536298696132,0.5242152833822041,0.1131225905572473,1.01872108190927,0.5,-0.3941243623891677,-0.49249880595252865,0.509360540954635
0.7014028056112224,4.613263119427404,1.0000000004932974,0.040051444374211334,-0.0009504896234679039,-0.008110267339223669,0.9857333397502064,0.0001248981761507754,-0.39985002121598323,0.024640627871693337,0.9877408259937178,8.953855402210074e-7,-0.49861813201026955,-0.04054926685256969,0.04920106073196393,1.033150507673315,-0.38155767530860857,0.43564379502490513,-0.08518457826668259,0.5238242328365925,0.06849994196672624,1.0269175972317461,0.10000106259126713,-0.3941457321665773,-0.4925055218744955,0.1026928509168455
0.7034068136272544,4.626448963664968,1.0000000023177507,0.04005008458144569,-0.0009501079749521439,-0.008109962003686943,0.985733339121949,0.00012487075973990013,-0.39984129654409095,0.024643918592273207,0.9877258149893119,-7.249655892030785e-7,-0.498609593349388,-0.04054662640013834,0.004465923253983919,1.0328250891310076,-0.3816652666672743,0.37469175560733364,-0.08449802715850546,0.5222781696871887,-0.47089464687565363,1.0336163166242407,0.09999999961495777,-0.39413118643566014,-0.4924895375576047,0.10336163126443813
0.7054108216432865,4.639634807921149,1.000000002989694,0.040049100479355663,-0.000949111770005803,-0.008109546826472394,0.9857333506772622,0.0001248665880850578,-0.3998382158588075,0.02464393621409628,0.9877332670380697,1.955885301768933e-7,-0.49861063809825407,-0.04054635186909515,-0.11764444742457275,1.0328073620900196,-0.38166072394320394,0.3248084677688691,-0.08381102199088364,0.521425760020169,-0.757167285904018,1.0312757962378278,0.10000000000010997,-0.39413111280455526,-0.4924943224791265,0.1031275796238962
0.7074148296593186,4.652820652184672,1.0000000030266911,0.04004900764678287,-0.0009486746868007369,-0.008109586548290288,0.9857333551733658,0.00012482650356085515,-0.3998364048024255,0.02464385691672665,0.9877336765618486,9.115640242282092e-8,-0.4986089376864836,-0.04054654348295166,-0.21268009953368677,1.032401875262892,-0.3818015193496884,0.2839838502853259,-0.08311377457720519,0.5220526245297679,-0.46062716772325885,1.030979626434637,0.09999999999999998,-0.39412949754088067,-0.4924928428837452,0.10309796264346367
0.7094188376753506,4.666006496445322,1.000000002298663,0.040049184494280826,-0.0009478491270414431,-0.00811008603878904,0.985733383730115,0.0001247751584252685,-0.39981933777425677,0.02464250443359859,0.9877155293450524,-1.3993224856292662e-7,-0.4986009345396655,-0.04054692569049764,-0.2165627736790439,1.032678765532326,-0.3816916913569456,0.25057286089436026,-0.08240961297254831,0.5229491764005945,-0.06292867235564095,1.0377030885157268,0.09999999999999998,-0.39410545852095435,-0.492475880316961,0.10377030885157265
0.7114228456913827,4.679192340692709,1.0000000017885093,0.04005177307998239,-0.0009492391897270988,-0.008109672459689049,0.9857333881314204,0.0001248368221784725,-0.39984388950904964,0.02464022317673064,0.9877422109596987,1.7350467004172994e-6,-0.49861212398971516,-0.04054962719378809,-0.18471578968609212,1.0345230582198899,-0.3810106949032425,0.22322925237314553,-0.0817469343844912,0.5227919678454547,-0.10532053214323765,1.0474558950195578,0.09999999999999998,-0.39414023332757664,-0.49250031211640954,0.10474558950195575
0.7134268537074148,4.692378184926189,1.0000000002923262,0.040051143082373605,-0.0009483142803373617,-0.008109735513010552,0.9857333814230632,0.00012491600918428385,-0.3998346423593347,0.024641628442585838,0.9877323619779989,4.2746968591013306e-7,-0.49860713074581253,-0.04054874368291125,-0.2041454081013892,1.037432964814377,-0.3799487323073325,0.20085114053329173,-0.08118371258198757,0.521889617232287,-0.4759684532452973,1.052210633156611,0.09999999999999998,-0.3941272304092503,-0.49249041628399304,0.10522106331566108
0.7154308617234468,4.70556402914747,0.9999999994960909,0.04005155625070827,-0.0009483674964922599,-0.008110029728848504,0.9857333749645725,0.00012487935373282737,-0.39983503342331556,0.02464124871922907,0.9877323097566614,1.6590606245030023e-7,-0.49860751922545066,-0.040549125695713686,-0.27518980002259147,1.0400803514306245,-0.3789849087900084,0.18253684268402437,-0.08073542201529274,0.5215389647563329,-0.6397035445678829,1.0515115784739213,0.09999999999999998,-0.3941276007712555,-0.4924907633539391,0.10515115784739211
0.7174348697394789,4.718749873360105,0.9999999990109577,0.04005206552376088,-0.0009485034064210136,-0.008110177982286445,0.9857333662807234,0.0001248395272045906,-0.39983578034284406,0.024640805638957614,0.9877322204190392,6.838571370504727e-8,-0.4986082872484257,-0.04054955912854979,-0.3245322418392457,1.0421848861586176,-0.3782183324546769,0.1675483724253813,-0.08038074481626299,0.5221562941558564,-0.416915271672734,1.052558696215515,0.09999999999999998,-0.39412830233321294,-0.4924914734562322,0.10525586962155146
0.719438877755511,4.7319357175692485,0.9999999989768592,0.04005221228082416,-0.0009486859658490915,-0.008110239291904624,0.9857333563957641,0.0001248003136087086,-0.39983668916150844,0.024640742858681744,0.9877321452830373,-1.9868469564844457e-8,-0.4986092195562623,-0.04054961127800483,-0.31467856215983225,1.0445495957637554,-0.3773631455232125,0.15528176834679805,-0.08011258007387871,0.5228556199232289,-0.16727977133159747,1.058320975275958,0.09999999999999998,-0.3941291685168962,-0.4924923532845492,0.10583209752759577
0.721442885771543,4.745121561780912,0.99999999937663,0.04005202069854752,-0.000948869633491273,-0.008110215707744542,0.9857333463238378,0.0001247615100089586,-0.3998374808800396,0.024641078256112357,0.9877322558834666,-1.4501559541182424e-7,-0.4986098698156788,-0.04054933796970234,-0.28887852197054675,1.0477440888796572,-0.3762206825173888,0.14524274681305144,-0.0799554447995128,0.5228185752011659,-0.2328082255961435,1.0654522494498242,0.09999999999999998,-0.39412999458047404,-0.4924930456385156,0.10654522494498239
0.7234468937875751,4.758307405999654,1.000000000023506,0.04005154998013706,-0.0009489496980150983,-0.00811014470329012,0.9857333401496999,0.0001247269587622272,-0.3998375180530564,0.024641519557833755,0.987731729391441,-1.367853138573315e-7,-0.49861022796664706,-0.04054881788326804,-0.3025696575743963,1.0513509015010813,-0.3749406461529722,0.13702678473845273,-0.07993748447926793,0.5223701714131236,-0.48624259653616486,1.0688275848601914,0.09999999999999998,-0.3941298203260802,-0.49249313721527416,0.10688275848601911
0.7254509018036072,4.771493250227904,1.0000000007659255,0.04005106166286287,-0.0009489668445186238,-0.008110046565859964,0.9857333356997007,0.00012468932290230338,-0.39983744086841366,0.0246420130620417,0.9877316942192984,-1.4506670918303203e-7,-0.4986101810848785,-0.04054832624531316,-0.347785486221024,1.0545568285461164,-0.37380529224534986,0.13030281949294856,-0.08005792982695457,0.5223745529924226,-0.5649392142018326,1.0690620319322015,0.09999999999999998,-0.39412973041636273,-0.49249307303574597,0.10690620319322013
0.7274549098196392,4.784679094465305,1.0000000013828185,0.040050706423166216,-0.0009489119785455956,-0.008109957944569477,0.9857333333448318,0.00012465212574567293,-0.39983703163892287,0.024642341117158642,0.9877316591841259,-1.1912166006169733e-7,-0.49860979911548353,-0.04054800261180233,-0.37352786125137855,1.0573125623141901,-0.3728306090843876,0.12479990838298621,-0.08029642510538665,0.5229927128049262,-0.3958557593082154,1.0708865630434672,0.09999999999999998,-0.3941293131151779,-0.4924926793356549,0.10708865630434669
0.7294589178356713,4.797864938709348,1.0000000017616026,0.04005056477167857,-0.0009488172935659192,-0.008109904062376811,0.9857333320065118,0.0001246156017580055,-0.39983648568971836,0.02464243876763003,0.987731622870003,-7.646730094856664e-8,-0.49860927917965864,-0.04054790859708164,-0.3611470179549845,1.060203170059425,-0.37181485505908407,0.12029631123774488,-0.08064605919704972,0.5235706637529395,-0.2493769596263703,1.075783582384728,0.09999999999999998,-0.39412876045189943,-0.49249214940157754,0.10757835823847277
0.7314629258517034,4.811050782957965,1.0000000019185578,0.04005070945281715,-0.000948738257363093,-0.008109788437891908,0.9857333423790922,0.00012460943355047137,-0.3998349599654421,0.02464206956685248,0.9877308180275649,2.1197924854715279e-7,-0.4986085204566198,-0.040548071709220056,-0.34476713665966946,1.0635471217362273,-0.3706504633567179,0.11661055528421897,-0.08112073452972553,0.5236392001251555,-0.3255673215158151,1.0809877291499306,0.09999999999999998,-0.3941269307250619,-0.4924910103814807,0.10809877291499304
0.7334669338677354,4.8242366272058,1.0000000018059338,0.040050746570118576,-0.0009486340298455476,-0.008109859386992189,0.9857333338968318,0.00012457693491206882,-0.39983595678624445,0.02464222910444844,0.9877326914090959,3.9012014036850244e-8,-0.4986087549728594,-0.04054822659589518,-0.35782405692598074,1.0669873358938877,-0.36945979120912636,0.11889802427684228,-0.08173338589980413,0.5235198319115325,-0.4930060935497067,1.0829777323680823,0.3948154466597851,-0.3941286645982932,-0.49249216909134885,0.4275763371275056
0.7354709418837675,4.8374224714526965,1.0000000023129212,0.04005188352569349,-0.0009503329261948548,-0.008110128152170942,0.9857333597705031,0.00012453630975039579,-0.39984253201017894,0.024640372236337405,0.9877300994251333,3.253775488962504e-7,-0.4986089512682358,-0.040549169836431254,-0.36459432549375764,1.0687423059297152,-0.3688450339013316,0.18810510510028375,-0.08245838856924154,0.524486924906296,-0.1970060475926882,1.071574224124202,0.49999999846258064,-0.3941340898876459,-0.4924910822042255,0.535787110414642
0.7374749498997996,4.850608315693918,1.0000000016874853,0.040052131593350276,-0.0009494392347517707,-0.008110024729630076,0.9857333351292841,0.00012456042929736105,-0.39983865613901703,0.024642146082292062,0.9877247871914079,-3.897179627945554e-7,-0.4986057129275153,-0.04054883929278285,-0.2805266236261352,1.0687928866626901,-0.3688152154844119,0.24474440304242687,-0.08321296972238489,0.5259593589337306,0.33965912215020916,1.0680109509759197,0.5000000000245189,-0.3941281702177631,-0.49248520589113925,0.5340054755141463
0.7394789579158316,4.8637941599334775,1.000000001318589,0.04005145111499973,-0.0009487670197159721,-0.008109834857148699,0.9857333436466111,0.0001245824530536348,-0.39983725736929343,0.024641478503271277,0.9877333640385332,4.096503028472552e-7,-0.49860966344065655,-0.040548807736080515,-0.15491503106965027,1.0688367592882533,-0.368790083028281,0.2910981353543662,-0.08396546199270212,0.5261564559912932,0.36989989385739797,1.0702571410430997,0.4999999999999923,-0.39413020402070675,-0.49249341682319187,0.5351285705215416
0.7414829659318637,4.87698000417468,1.0000000018389843,0.04005169257957943,-0.000949633567756383,-0.008109879540436625,0.9857333520151386,0.00012457897366422314,-0.39984603531918883,0.024640455162767482,0.9877416496135178,1.5700572281641407e-6,-0.49861450131304696,-0.04054956453040848,-0.09822679739033767,1.069061226768541,-0.3687048726799653,0.3290341429714548,-0.084726233918087,0.5252131847480481,-0.06750623446969875,1.0684990248029165,0.5,-0.3941421238107203,-0.49250237371330746,0.5342495124014582
0.7434869739478958,4.890165848418783,1.0000000012615617,0.04004985987464203,-0.0009477457096790706,-0.00811007586119035,0.9857333671944795,0.0001246300342174417,-0.3998199879257978,0.024641657787905516,0.9877189305116886,-5.838507412399946e-8,-0.4986042676431274,-0.04054765065384339,-0.12266613341986873,1.0681589646487473,-0.3690110665401604,0.3600811095809699,-0.08547779209130985,0.5247211930788367,-0.30795915937177054,1.0593265332531303,0.5,-0.3941074561397527,-0.4924808716176559,0.5296632666265652
0.7454909819639278,4.903351692659953,1.000000001348443,0.04005053868605864,-0.0009486219483229267,-0.008109793503157898,0.9857333509853174,0.00012462905600886683,-0.39983574656926274,0.024642370955118065,0.987731965930806,9.206512321597548e-8,-0.4986083515495288,-0.04054798910068353,-0.13836783335104402,1.065696033150416,-0.3698673317802306,0.38548999697518876,-0.08616025130962839,0.5253764027943385,-0.05541822136828853,1.050951932464009,0.5,-0.39412816638616205,-0.4924914110385902,0.5254759662320045
0.7474949899799599,4.916537536899982,1.0000000010666827,0.04005069150358092,-0.0009485770250275143,-0.008109539311681327,0.9857333661443345,0.00012473045228545473,-0.39983435696118763,0.024642066926761227,0.987730898881122,5.582638483823059e-7,-0.4986077035050995,-0.040548043607766725,-0.08813182423477872,1.0626947268652465,-0.37091885827268695,0.4062847079937513,-0.08672882627913932,0.5261899146260768,0.28526310638396774,1.0484531801708579,0.5,-0.3941263613257092,-0.49249025780865074,0.5242265900854289
0.749498997995992,4.9297233811340115,1.0000000005722667,0.04005055354168578,-0.0009484447586340743,-0.008109805416994336,0.9857333609020227,0.00012470066825434937,-0.3998344792824955,0.024642280965199888,0.9877314387698681,1.3618529986443442e-7,-0.4986074486777852,-0.04054806952421443,-0.01633352778191926,1.0601911645598223,-0.3717962078664042,0.4233031547924154,-0.08718510230301374,0.526061341595941,0.2574508474706892,1.0493377473581558,0.5,-0.3941267078714125,-0.492490258185933,0.5246688736790779
0.751503006012024,4.9429092253629925,1.000000000409494,0.04005100147323877,-0.0009490736399726259,-0.008109770039975296,0.9857333936244177,0.00012479888916790632,-0.39983247229442676,0.02464148186902754,0.9877228796885119,3.1491716363396853e-7,-0.4986046469854503,-0.04054802832653291,0.006000515606717129,1.0580730440340056,-0.37253933356946894,0.43723109733842025,-0.08755138745168205,0.5252523125692616,-0.04247850130629375,1.0468154071969407,0.5,-0.3941213071249539,-0.49248323051581294,0.5234077035984703
0.7535070140280561,4.956095069583872,0.9999999993740284,0.04005050058442211,-0.0009478989094256247,-0.008110031006256629,0.9857333895949602,0.0001248005511931029,-0.39982368685566144,0.02464151653516074,0.9877217745840827,3.1996096562392174e-7,-0.49860377841537035,-0.04054827487391822,-0.02006651239134802,1.0553913903669967,-0.37348890412853714,0.44862976502707613,-0.0878242789650016,0.524842891526688,-0.17084384354257348,1.039679155188009,0.5,-0.39411222269296103,-0.4924818218046235,0.5198395775940045
0.7555110220440882,4.969280913797253,0.9999999985043272,0.040050781204455745,-0.0009472195626909121,-0.008110056619163915,0.9857333882265107,0.00012482840599204747,-0.39982644179761573,0.02464060471409895,0.9877353973023352,-3.2295657788002917e-7,-0.4986099065664205,-0.04054868042636591,-0.03286885176573859,1.0519055301501514,-0.37473670923327085,0.4579584610343923,-0.08797232873990594,0.5251835107158493,0.02050364562941351,1.0335185828097524,0.5,-0.39412039558398626,-0.49249464106580054,0.5167592914048762
0.7575150300601202,4.982466758004559,0.9999999988853067,0.04005201878030065,-0.0009490760631040463,-0.008110053331553709,0.9857333966141439,0.00012484605017801646,-0.39983526988314005,0.0246421715104501,0.9877223061740128,-1.5612396621217337e-8,-0.49860343194551565,-0.04054888301991234,-0.00018618917311063674,1.0483206730508832,-0.37602798814433,0.46559309226331597,-0.08797574951874133,0.525546678643011,0.23832331353225442,1.0315428161761107,0.5,-0.3941238378451109,-0.49248173103443693,0.5157714080880553
0.7595190380761523,4.99565260220517,0.9999999981971915,0.04005157135728352,-0.0009485227467961068,-0.008110033402339678,0.9857333950599538,0.00012484045918920205,-0.39983615824582447,0.024641210014617946,0.9877338044355203,1.9022087200613734e-7,-0.49860924388258476,-0.040549148613875756,0.04383017975752442,1.045283507215398,-0.3771225950705566,0.47184129398996205,-0.08784546305932704,0.5252454198640397,0.20021112816607273,1.031574917545002,0.5,-0.39412930433439963,-0.49249321310015803,0.515787458772501
0.7615230460921844,5.0088384464044715,0.9999999984769549,0.04005213822594103,-0.0009492471518539144,-0.008110068372733113,0.9857333963300607,0.00012482091043141522,-0.3998429937902076,0.02464008287297488,0.9877398554991492,1.3136427378629723e-6,-0.49861322509169453,-0.04055003306496934,0.05349638019875355,1.042618816117724,-0.37808520985958766,0.47695483852540255,-0.08760292057800712,0.524526466143486,-0.001119014914652083,1.029071382196332,0.5,-0.39413842077358546,-0.49250020817029155,0.514535691098166
0.7635270541082164,5.0220242906073205,0.9999999982945049,0.04005015807305621,-0.0009479705316350224,-0.008110312539654553,0.9857334139369364,0.00012486786793634077,-0.3998209460931951,0.02464109884927524,0.9877176467675831,-1.0059386521603187e-7,-0.49860412256479814,-0.04054813895927258,0.033302370823513075,1.0396670035491395,-0.3791603188197226,0.48113978102727145,-0.08724964346972616,0.524113409354863,-0.07275740770564512,1.0236352726023952,0.5,-0.3941078866188659,-0.492480086529424,0.5118176363011976
0.7655310621242485,5.03521013481222,0.999999998278261,0.04005004393181313,-0.0009475273418837253,-0.008109979522592592,0.9857334085577242,0.00012494550191595124,-0.3998266977966222,0.02464140601793707,0.9877337229575788,-2.68231399081713e-7,-0.49861052418907104,-0.04054788318464251,0.0248158506439259,1.0362852182594282,-0.3804033498625555,0.4845647456198383,-0.08676855582239859,0.5241927835307058,0.06409317578086612,1.0190398137201897,0.5,-0.39411997642628377,-0.4924944184868856,0.5095199068600949
0.7675350701402806,5.0483959790174575,0.9999999986116613,0.04005042460834116,-0.0009485760713867007,-0.008109854789423984,0.9857334121184017,0.0001249374835375178,-0.3998352881369125,0.024642396042118035,0.9877322046897657,1.2926471558575167e-7,-0.4986084947752176,-0.040547931362204824,0.04544958997288846,1.0331747504141338,-0.3815507048403027,0.45410210274421464,-0.08615218078697703,0.5241111343235986,0.14698259357601287,1.023044618953283,0.10006172447363276,-0.3941278099522369,-0.49249167306278807,0.10236760878593601
0.7695390781563125,5.06158182322065,0.9999999982634046,0.04005305514724211,-0.0009495033342584895,-0.008110019242671629,0.985733383386828,0.00012488136820446404,-0.39984840582976644,0.024641208077480183,0.9877413018095712,-1.5610742407129946e-7,-0.49861043605022,-0.040550281443043644,0.02625007445781544,1.0323840226593108,-0.3818301700199664,0.38979812387419865,-0.0854549707294667,0.5227212315285701,-0.3180073145146797,1.0325955935598883,0.10000000427885782,-0.39414435906355016,-0.49249811486988226,0.10325956377431855
0.7715430861723446,5.074767667411968,0.9999999975001648,0.04005249344562127,-0.000948692674997558,-0.008110028009055553,0.9857333982732358,0.00012487956176234153,-0.399836821022197,0.02464084020511596,0.9877325943770099,3.444591960940983e-7,-0.4986090072442183,-0.040549732708633636,-0.08283738755316952,1.0324588746083652,-0.38179057015617957,0.3371715440626951,-0.08475118070117607,0.5215125272097515,-0.7408210726425006,1.0317750112373523,0.10000000000170504,-0.394129468795691,-0.4924923822728054,0.10317750112549445
0.7735470941883766,5.087953511604082,0.999999997817053,0.040051670436581324,-0.0009487289245646184,-0.008110147433338133,0.9857333942259813,0.0001248430593927113,-0.3998359151351528,0.024641207935482533,0.9877323362442716,-2.985512036787931e-8,-0.4986100770363956,-0.04054908020073769,-0.195876238428286,1.032092353005857,-0.3819168687752937,0.2941018249444261,-0.08404181588461779,0.5217928853378745,-0.579484219271513,1.0299835143185305,0.09999999999999998,-0.3941284835656746,-0.4924932950554976,0.10299835143185303
0.7755511022044087,5.101139355802639,0.9999999983998967,0.04005131677448348,-0.0009487925837009353,-0.008110108369175736,0.9857333870214527,0.00012480346572207247,-0.39983618034929225,0.024641593626924335,0.9877323939645767,-9.022428385670703e-8,-0.4986103449199858,-0.04054869764184007,-0.22330120586567576,1.0320630171831815,-0.3819201169044468,0.2588534518588316,-0.08332013070293927,0.5227836045159658,-0.14057998669057575,1.0349100279849455,0.09999999999999998,-0.39412876893706483,-0.49249358598484366,0.10349100279849452
0.7775551102204408,5.114325200011141,0.9999999989939486,0.040051410402989,-0.0009484893546262296,-0.008109935733660787,0.985733364263546,0.00012482683832626607,-0.39984285226180866,0.02464226155051918,0.9877424768767201,-6.694653596771782e-7,-0.49861358068680517,-0.0405485452809789,-0.1911914954177715,1.0334697813626605,-0.3813975110708255,0.23000609217189866,-0.0826237458507757,0.5229527356421325,-0.043993845132805555,1.0446209721506021,0.09999999999999998,-0.39413937801387594,-0.49250178604610884,0.1044620972150602
0.7795591182364728,5.127511044227043,0.9999999999126463,0.04005130649207065,-0.0009495220220313757,-0.008109941095764163,0.9857334047113365,0.00012481653141160432,-0.39983743607401123,0.024643051606332272,0.9877228458166131,-2.6245303114915743e-7,-0.49860517540000243,-0.04054799484671724,-0.19206905429866503,1.0362254444792436,-0.3803900520960652,0.20639732872661815,-0.08201378684362164,0.5221267175141283,-0.37507210247229733,1.051287197834207,0.09999999999999998,-0.39412619041429053,-0.49248371214303777,0.10512871978342068
0.7815631262525049,5.1406968884442685,0.9999999996414959,0.04005046242096103,-0.0009486889090852826,-0.008109832521319575,0.9857334067756871,0.00012480926426481948,-0.39983636316929494,0.024642370125677902,0.9877335976218428,1.1832311721944982e-7,-0.4986097334393707,-0.04054797546840913,-0.25510220554069774,1.0390389345100912,-0.3793652379439394,0.18707585994851467,-0.08151997185624196,0.5215203163108246,-0.6380406849567418,1.051430104838684,0.09999999999999998,-0.39412942471889,-0.4924935906171005,0.10514301048386838
0.783567134268537,5.153882732662872,0.9999999996082066,0.040050621615855285,-0.0009485933972601146,-0.008109900802819047,0.985733403367159,0.00012477057960836224,-0.39983602941763574,0.02464218017544568,0.9877336655855532,8.994370115116723e-8,-0.4986093321037753,-0.04054817765118714,-0.3172600511307704,1.041234039868268,-0.37856489461316595,0.17126311632387797,-0.08112616942518772,0.5219222845383886,-0.5000110882499745,1.051412637545553,0.09999999999999998,-0.39412912431612424,-0.4924932269410796,0.10514126375455528
0.785571142284569,5.167068576879911,0.9999999994337528,0.04005100093179954,-0.0009485514197034407,-0.008109967456389141,0.9857333985380109,0.00012473175667885705,-0.39983598271431,0.024641785716177166,0.9877337108469499,1.022038841838845e-7,-0.49860922131456115,-0.04054857509713263,-0.32192568862453363,1.0434427017770407,-0.37776323437784853,0.15832192470993317,-0.0808174525132384,0.5227098902694275,-0.2109769050637463,1.0560171983191091,0.09999999999999998,-0.3941290962646741,-0.4924931405757615,0.10560171983191088
0.7875751503006011,5.1802544210959525,0.9999999991881672,0.040052073634553764,-0.0009479234935825842,-0.008109985872260951,0.9857333469667965,0.00012474132173355548,-0.3998464443809602,0.024642302817672993,0.987750419719272,-1.1417120445682135e-6,-0.49861526671359396,-0.040549315689082724,-0.2936305465947462,1.0464125107912996,-0.3766967384846762,0.14773082059090017,-0.0806111615837181,0.5228866611879213,-0.18288269326273665,1.063346651225662,0.09999999999999998,-0.39414609928410466,-0.49250739267914706,0.10633466512256617
0.7895791583166332,5.193440265310207,0.9999999993099696,0.04005137636549575,-0.0009486795984378335,-0.008109959755471793,0.9857334012300579,0.00012472238775281232,-0.3998366105754999,0.02464154866602539,0.9877326241363055,1.0983498721130359e-7,-0.49860906201914423,-0.04054881968923991,-0.29426900930789773,1.0499977120763888,-0.3754215551174949,0.13906302953096236,-0.08053849695449027,0.5224587932882029,-0.42172522746674734,1.0680060140354146,0.09999999999999998,-0.3941292792776146,-0.4924924416999903,0.10680060140354143
0.7915831663326652,5.2066261095243656,0.9999999993811578,0.040051341658541094,-0.000948717035266732,-0.008110032032459595,0.9857333944227532,0.00012468704618532982,-0.3998368062175407,0.02464160538554204,0.9877325758649692,4.943050138187209e-9,-0.49860924860320116,-0.040548762926032544,-0.33552372430188293,1.053360770781373,-0.37422920049157915,0.13196928766591468,-0.08060769640928665,0.522277757640739,-0.5732927495504445,1.068637546079257,0.09999999999999998,-0.3941294550074582,-0.4924925976733712,0.10686375460792567
0.7935871743486973,5.219811953740089,0.9999999995454221,0.04005137191210764,-0.0009487561080495924,-0.008110049208259825,0.9857333878690248,0.00012465083886643567,-0.3998369660568601,0.02464159481176627,0.9877325057762942,-2.6816468020939714e-8,-0.4986094199761647,-0.04054877107561372,-0.3708001970009325,1.0561920570896404,-0.37322616899589695,0.12616375038335542,-0.08080036044512376,0.522771298344742,-0.45325889498451466,1.069678284407362,0.09999999999999998,-0.39412958500803197,-0.492492730709347,0.10696782844073617
0.7955911823647294,5.232997797958571,0.9999999997969204,0.040051341301465516,-0.0009487925419210182,-0.008110044390106442,0.9857333814964485,0.00012461527267714439,-0.399837101710135,0.024641643470319947,0.9877324385035862,-4.688489045992924e-8,-0.49860956860948946,-0.0405487202385003,-0.3669855444033806,1.0589908281071696,-0.3722396834435246,0.12141248317061291,-0.08110365597718566,0.5234309113562864,-0.2698770697826381,1.0738824392588255,0.09999999999999998,-0.3941296920391944,-0.4924928431627499,0.10738824392588253
0.7975951903807614,5.246183642180819,1.0000000001094147,0.04005125689779481,-0.0009488165479950709,-0.008110025571006782,0.9857333756254888,0.0001245804917617576,-0.39983716466165065,0.02464173964642727,0.9877323749569998,-5.909216934500809e-8,-0.4986096454796867,-0.04054862223302382,-0.3471109751017544,1.0622226660202723,-0.3711109047717206,0.11752403339790454,-0.08152720060050318,0.5236345121355462,-0.28524163292531973,1.079400260549502,0.09999999999999998,-0.3941297288355717,-0.49249288691001264,0.10794002605495019
0.7995991983967935,5.259369486407347,1.0000000004239005,0.04005114370830116,-0.0009487902667367506,-0.008109996614391528,0.985733370125412,0.0001245463327318684,-0.3998369063517545,0.024641861095147398,0.9877323273548588,-6.92347344310568e-8,-0.49860962546246584,-0.040548513873247566,-0.3513538160926323,1.065699302657212,-0.36990550248249066,0.1143417157035312,-0.08208689648049658,0.5234982152049206,-0.4554124533901486,1.0826807452087877,0.09999999999999998,-0.394129455914262,-0.4924928429922103,0.10826807452087873
0.8016032064128256,5.272555330638118,1.000000000754703,0.04005121320920075,-0.0009489782646191425,-0.00811002842545323,0.9857333483426226,0.00012447859185326266,-0.39983870967382856,0.02464227074744924,0.9877377544997035,-1.0410101327330956e-6,-0.4986086453048378,-0.04054891890217983,-0.36984043990506676,1.0681297732475366,-0.3690595671736029,0.17098635021365602,-0.08277360208710637,0.5240556583913588,-0.33583252430136834,1.0736220625651443,0.49999921686348353,-0.39413342373183374,-0.49249454147570415,0.5368101904899301
0.8036072144288576,5.285741174869227,1.0000000012194579,0.04005250520497001,-0.000950404549646093,-0.008110135051395507,0.9857333652559055,0.00012445576554250625,-0.39984913434440417,0.02463922679980762,0.9877416451338757,1.3652636006447494e-6,-0.4986150864847925,-0.0405505613531156,-0.31164150038015503,1.0684436972302775,-0.3689390833953598,0.2307343228541261,-0.08351065469578778,0.5256000461940865,0.2235322175839996,1.067759362476787,0.4999999999995821,-0.39414517601499205,-0.4925029411752641,0.5338796812379473
0.8056112224448897,5.298927019101446,1.0000000008857006,0.040052086513629674,-0.0009488196691053231,-0.00810987092472338,0.9857333217071559,0.00012447621524729809,-0.3998418831504609,0.024642606194568404,0.9877352637522353,-4.6191423025200694e-7,-0.49861028128731333,-0.04054896629854836,-0.18560003273545828,1.068387059062468,-0.3689478325443392,0.2796322750165911,-0.08424762588203254,0.52622189377928,0.4267514279806349,1.0692031130007011,0.4999999999999999,-0.39413553534777457,-0.4924949389667561,0.5346015565003505
0.8076152304609218,5.3121128633403805,1.0000000014846888,0.04005085518260829,-0.0009489018474392846,-0.00810991328350619,0.9857333452115955,0.00012444409821840254,-0.399836609780012,0.0246421654251627,0.9877312773479189,-7.088770319961209e-8,-0.49860979306465214,-0.040548154588929554,-0.10337416267586329,1.0686652620792991,-0.3688436334840971,0.319650465770892,-0.08499007385283212,0.5254470152854865,0.05951525371113127,1.069477295041232,0.5,-0.3941287443011131,-0.4924924849275648,0.534738647520616
0.8096192384769538,5.325298707588529,1.0000000015834543,0.04004988629325919,-0.0009477079986056321,-0.008109685575036708,0.9857333586700084,0.00012455342583347922,-0.39982880842372004,0.024641541864004367,0.9877360163105474,-2.795129100505498e-7,-0.49861217776319394,-0.040547453879246076,-0.11260158405606038,1.0681864284254783,-0.3690025456177819,0.3524014615363834,-0.0857335601317576,0.5246890839380743,-0.2939196341051419,1.0617313117354563,0.5,-0.3941229699181125,-0.4924971948142069,0.5308656558677282
0.8116232464929859,5.338484551839018,1.000000001993743,0.04004967295528411,-0.0009485735561258519,-0.008109553694715232,0.9857333764133578,0.0001245851890674304,-0.39983536575186623,0.024643121206152977,0.9877333155532927,1.9343760868506513e-7,-0.4986090222338018,-0.04054721423076217,-0.14004051317669164,1.0660838803546446,-0.3697314530390885,0.3792049594478903,-0.08642530257400914,0.5250761970037454,-0.1565787938477911,1.052324940774412,0.5,-0.3941283287070043,-0.49249275053913466,0.526162470387206
0.813627254509018,5.35167039608694,1.0000000011494405,0.040052125961036626,-0.0009472145046386742,-0.00810933541640798,0.9857333277984593,0.00012469934498585898,-0.3998409468585152,0.02464452308674533,0.9877473766644765,-1.8932791283930667e-6,-0.4986122354230523,-0.04054765549763077,-0.10699275221577212,1.0631028819085466,-0.37077471939564444,0.401141016277048,-0.08701094682694754,0.5259864680312726,0.21840001143578558,1.0482060533767104,0.5,-0.39413949232498546,-0.49250285074390043,0.5241030266883552
0.81563126252505,5.3648562403248325,1.0000000006867702,0.04005028780331422,-0.0009483048301985041,-0.008109664588957295,0.9857333867056369,0.00012465991102177367,-0.39983493887501187,0.024642391435844718,0.9877339247477955,3.4020675244862864e-7,-0.49860777763979647,-0.04054799763344811,-0.03291130973798474,1.060421570539256,-0.3717156395275898,0.4190935434038045,-0.0874800960213301,0.5261474718724055,0.30664628917307285,1.04880559112034,0.5,-0.3941281489137981,-0.4924918309126349,0.52440279556017
0.8176352705410821,5.378042084552709,0.9999999997500915,0.04005105197277659,-0.0009480281670412278,-0.008109989480374925,0.9857334052024942,0.00012464528393340817,-0.3998246609287693,0.024641234043689047,0.9877210261455657,6.383601203988423e-7,-0.49860256609432113,-0.0405487454912595,0.006506754928317481,1.05828926522378,-0.3724631234909652,0.43378594392669273,-0.08785431578384438,0.5254188426004427,0.03923506376399058,1.0477346299627426,0.5,-0.39411287389137567,-0.49248026410619716,0.5238673149813713
0.8196392785571142,5.391227928767321,0.9999999986625315,0.04005179837069919,-0.0009474671867675881,-0.008109997814968684,0.985733373490361,0.00012468177857023126,-0.3998352581631816,0.0246413867481312,0.987740734467933,-9.069822345810147e-7,-0.4986107993873743,-0.04054919370363069,-0.01152812281834493,1.0558385775169956,-0.37332858548625736,0.44581023674629155,-0.08814010267922497,0.5248134581650127,-0.1711459763232146,1.0414144978870064,0.5,-0.39413121675552015,-0.49249816042312994,0.5207072489435032
0.8216432865731462,5.404413772975273,0.9999999990332058,0.04005288738044727,-0.0009492660231256156,-0.008110018841028833,0.9857333899916746,0.0001247198220492687,-0.39984916459815983,0.024640780742018552,0.9877429030729961,2.594465257878332e-7,-0.49861287915058106,-0.040550180446678526,-0.03377351208565441,1.0525291647556707,-0.37451163871935644,0.4556509498256043,-0.08831028055900099,0.5249896909116786,-0.05013004250076753,1.0344622491337536,0.5,-0.3941457356260066,-0.4925013432823833,0.5172311245668768
0.8236472945891783,5.4175996171802066,0.9999999979746286,0.04005101479575722,-0.0009469572371799587,-0.008110368501408867,0.9857334022706037,0.00012469350257118537,-0.3998235972862471,0.02464043887595708,0.9877331051903716,-8.482006828216134e-7,-0.4986101221941124,-0.04054910307606337,-0.012324303897568918,1.0488908854110388,-0.37582120934833646,0.46370462345887814,-0.08833834963341783,0.5254388254120611,0.19861118457543797,1.0313701622636813,0.5,-0.394116693875092,-0.49249368988036435,0.5156850811318406
0.8256513026052104,5.430785461385054,0.9999999986989484,0.040051523252267095,-0.0009486631339291439,-0.008109986157122375,0.9857334161291397,0.00012471968888768176,-0.3998352984041349,0.024641289015974562,0.9877321358074594,1.150324722062514e-7,-0.4986095781909557,-0.04054895823805568,0.03411428776019769,1.0456894380096853,-0.3769763896196032,0.4702957654023617,-0.0882275660211916,0.5253321957402799,0.23734486052844264,1.0313249152702022,0.5,-0.3941277931345092,-0.49249270826505603,0.5156624576351011
0.8276553106212424,5.443971305593559,0.9999999990250953,0.040051202932866355,-0.0009487006576032588,-0.008110028911628759,0.9857334082476061,0.00012468523183432594,-0.3998356370192655,0.024641664363091093,0.9877322980994631,-2.7237462897864095e-8,-0.4986097957630218,-0.04054863120068839,0.05515741042985708,1.0429933852801212,-0.3779497883419886,0.47568997508365124,-0.08799995599231727,0.5246532297242478,0.05170958756512766,1.0298162811099356,0.5,-0.39412819454501236,-0.4924929983194716,0.5149081405549678
0.8296593186372745,5.457157149808743,0.9999999995599387,0.04005163112888686,-0.0009488094237068448,-0.008109909429464065,0.9857333944389052,0.0001247160001964406,-0.39984554725891003,0.024641294003484165,0.9877453269372802,1.7017420625984316e-7,-0.4986151991672654,-0.04054915870292858,0.03946211662508653,1.0401730728404972,-0.3789749891054404,0.48010460955161244,-0.0876640802653193,0.5241021026983431,-0.07697310603839144,1.024874485020546,0.5,-0.3941431483331905,-0.49250483981778853,0.512437242510273
0.8316633266533066,5.4703429940282655,1.000000000304633,0.04005155689150256,-0.0009497061512067665,-0.008109860855795525,0.9857334173248551,0.00012473775293440846,-0.3998468777314043,0.02464259868560144,0.9877354042182686,-1.907580300166082e-7,-0.49861056963578354,-0.04054840964096109,0.024076181920351027,1.0368815644586387,-0.38018336332438796,0.4837175594693334,-0.08720554460389109,0.5240777233845197,0.015675875005321263,1.0197015001896423,0.5,-0.3941404981857071,-0.49249530481176707,0.5098507500948212
0.8336673346693386,5.483528838248485,0.9999999997984895,0.04005056609890876,-0.0009486523692982047,-0.00810981752275019,0.9857334300997663,0.00012471562890683705,-0.3998357352844987,0.024642303901777855,0.9877324030070416,1.3577458418657548e-7,-0.4986089074487399,-0.040548047035497706,0.03891171826831197,1.0335113152932924,-0.38142786685573055,0.4735244661019635,-0.08661111575293005,0.5241829648776888,0.17260157086208355,1.0190647928933627,0.1141034496594012,-0.39412832898308625,-0.4924921798204537,0.11627880829557592
0.8356713426853707,5.496714682469612,1.0000000000794578,0.040051274464210536,-0.0009495297219356929,-0.008109232462343918,0.9857333466148389,0.0001249771129748515,-0.3998356597834749,0.02464304975988311,0.9877233140182127,5.839422483873638e-7,-0.4986049136408789,-0.040547486114674625,0.04083730800748421,1.0320938656719687,-0.3819410683187097,0.4056934161747987,-0.0859128829461112,0.5230938754760177,-0.16129388806450198,1.0308127495491606,0.09999997518004114,-0.3941246093801948,-0.49248372136452384,0.10308124937018602
0.8376753507014028,5.509900526688257,0.9999999993606532,0.04004904969892046,-0.000948164439264109,-0.008109658528750329,0.985733363681606,0.00012498366685141733,-0.3998248111014682,0.024643214022272205,0.9877215405343482,4.443819958250695e-7,-0.49860370058404807,-0.04054671224500456,-0.04817374511571209,1.0321625026683285,-0.3819031160810767,0.35018029766908704,-0.08519571509365637,0.521637738948817,-0.6766198733745289,1.0323527996959594,0.09999999996685607,-0.394113231576148,-0.49248163327523176,0.10323527993537972
0.8396793587174348,5.523086370898368,0.999999998610156,0.04004992121035783,-0.0009482912079890405,-0.008109683625469273,0.9857333589181083,0.00012497804424797232,-0.39983386544621724,0.024642833638249775,0.9877318732794236,2.3802700565919538e-7,-0.4986065196418659,-0.04054754477180007,-0.17193637305664233,1.0319086241688595,-0.3819867617857369,0.30474823468377804,-0.08447745872942751,0.5215104556248072,-0.675671548864236,1.0296502601183635,0.1,-0.3941262751060483,-0.4924895613266046,0.10296502601183635
0.8416833667334669,5.536272215095906,0.9999999975241635,0.040051075882700994,-0.0009482032995191516,-0.008109940019365628,0.9857333562699594,0.00012493503212700636,-0.39983369663339846,0.02464165263378049,0.9877317921596886,2.0718281489883144e-7,-0.49860637578214795,-0.04054872192231334,-0.2250147519611731,1.0316650210361575,-0.382068425671298,0.2675665019493273,-0.08374529273747582,0.5224733468709662,-0.24584565655448287,1.03263528293382,0.09999999999999998,-0.3941260776561727,-0.4924893775345465,0.10326352829338196
0.843687374749499,5.549458059280994,0.999999996663542,0.040053426435509326,-0.0009481447362660586,-0.008109669316213111,0.9857333203168036,0.00012503292382200998,-0.3998416256165899,0.024642393451721974,0.9877372318767709,-6.3655735711627545e-9,-0.4986076415638952,-0.04054984178355731,-0.20017097128918535,1.0326351565315677,-0.3817042415497429,0.23713687266896472,-0.0830243718680079,0.5229575590564087,-0.017432520058785313,1.0416815901356138,0.09999999999999998,-0.3941360577668479,-0.492493331412804,0.10416815901356136
0.845691382765531,5.562643903457743,0.9999999962769702,0.04005288231298061,-0.0009485193150037784,-0.008109285925018967,0.9857333382305802,0.00012524130434291714,-0.3998379574550277,0.02464192945788067,0.9877332652470555,9.967261776010204e-7,-0.49860786901844567,-0.04054920556841477,-0.1848855307882815,1.0351341259619178,-0.38078721964584894,0.21223318263860755,-0.08237453189027492,0.5223099401251049,-0.2683671630098685,1.0499504034085636,0.09999999999999998,-0.39413083864096554,-0.49249161895992016,0.10499504034085634
0.8476953907815631,5.575829747630381,0.9999999960386083,0.040050502978009744,-0.0009484359850072462,-0.008109840612056548,0.9857333527512603,0.00012520633206841939,-0.39983409728688657,0.02464226035659668,0.9877315815082711,2.3431288152953213e-7,-0.4986079390985604,-0.040548052053221775,-0.2347382363984372,1.0380634649596512,-0.37971965640134786,0.1918519362744645,-0.08183842104826552,0.5215149509783921,-0.6033181178302932,1.0514905545735733,0.09999999999999998,-0.39412638674836586,-0.4924908177393317,0.10514905545735731
0.8496993987975952,5.589015591799583,0.9999999957168068,0.04005094978381417,-0.0009483913949530867,-0.008110012991781447,0.9857333503894222,0.00012515900584701795,-0.39983389933280455,0.024641798287363306,0.9877315895466284,1.354055292831368e-7,-0.4986077709396948,-0.040548520483043665,-0.305077700406415,1.04040647104366,-0.378865242835216,0.1751718699233494,-0.08140907497141538,0.5216530562567174,-0.5705320018306657,1.0507801976028952,0.09999999999999998,-0.39412619777958935,-0.4924906516410599,0.10507801976028949
0.8517034068136272,5.602201435964521,0.9999999954335639,0.040051520650154424,-0.0009484286416826514,-0.008110137065208625,0.9857333448239212,0.00012511111241516088,-0.3998342178552326,0.024641243317444238,0.9877316031731377,1.0076942384822563e-7,-0.49860811748509365,-0.04054906873811001,-0.3262634449199672,1.042522982701526,-0.37809511777472277,0.16152085908053493,-0.0810661687174206,0.5224497892369864,-0.2758090689200318,1.0540834714943903,0.09999999999999998,-0.3941265175593419,-0.492490999324798,0.105408347149439
0.8537074148296593,5.61538728012724,0.9999999954039076,0.04005186071658064,-0.0009485397175132516,-0.008110216464742656,0.985733337697557,0.0001250628837476624,-0.3998346871620586,0.02464081912255311,0.9877326761145029,-1.2240632143290956e-8,-0.4986090933303649,-0.04054939184729327,-0.3005605756530069,1.0452612146918352,-0.37710875818625594,0.1503488355325274,-0.08081838520669749,0.5228432696345082,-0.15479537445372044,1.061171147590382,0.09999999999999998,-0.39412741112047933,-0.4924924935938771,0.10611711475903818
0.8557114228456913,5.62857312429142,0.9999999956524467,0.04005196343784602,-0.0009486688201425411,-0.008110250591867737,0.9857333263198627,0.0001250174155450194,-0.39983583601168343,0.02464087796263258,0.9877325835861404,-3.637275569600312e-8,-0.498609952263734,-0.040549414569551474,-0.2891210083250772,1.0487582779475622,-0.37586179275532217,0.1412056214454135,-0.0806969430146492,0.5225085100286629,-0.3498913180273363,1.066995659836964,0.09999999999999998,-0.3941285048672714,-0.49249329487632615,0.10669956598369638
0.8577154308617234,5.641758968461568,0.9999999962835382,0.04005170686830094,-0.0009487846927427878,-0.008110220289953545,0.9857333185277606,0.00012497335677740724,-0.399836465440543,0.024641197981276026,0.987732640971039,-1.0045180268121165e-7,-0.49861056846712337,-0.040549094185366764,-0.3225825022146379,1.0522566511987277,-0.3746206459403776,0.1337227906233587,-0.08071873867536969,0.5221798691154158,-0.5590950287688938,1.0684051193997297,0.09999999999999998,-0.39412914850269615,-0.4924939295348732,0.10684051193997295
0.8597194388777555,5.654944812641445,0.999999997094917,0.040051315954531694,-0.0009488480082331535,-0.00811014693155333,0.9857333131074908,0.00012492981876896278,-0.3998367104889764,0.024641615951856082,0.9877326831191164,-1.2903804047394064e-7,-0.4986107969772197,-0.04054867808051106,-0.3646613690070482,1.0552079818467908,-0.37357447345000894,0.12759882189663324,-0.08087003130760641,0.5225093909163103,-0.5051983927507351,1.0688805012395812,0.09999999999999998,-0.39412940701904703,-0.4924941750981483,0.10688805012395809
0.8617234468937875,5.668130656832166,0.9999999979005636,0.04005094859965014,-0.0009488445362452584,-0.008110063742801996,0.9857333096941511,0.00012488688762653173,-0.3998366168769291,0.024641978776989492,0.9877327223245345,-1.2593706936152262e-7,-0.4986106826002477,-0.04054831943478973,-0.3713013306494595,1.0579558502345159,-0.3726037673464392,0.1225869495374339,-0.08113340258270578,0.5232016342490189,-0.3065578990562716,1.072248595763565,0.09999999999999998,-0.3941293304396515,-0.49249408179830056,0.10722485957635648
0.8637274549098196,5.681316501032672,0.999999998562052,0.040050717086266646,-0.000948789880510579,-0.008109997219954715,0.9857333076556433,0.0001248447234000397,-0.3998363064033712,0.024642185053352604,0.9877327571254342,-1.0011615010137441e-7,-0.4986103468023129,-0.04054811944597631,-0.3512611208893461,1.0610634120863367,-0.3715152759238381,0.11848521981515994,-0.08151287652011398,0.523552023827019,-0.25764072631156604,1.0777856372889891,0.09999999999999998,-0.39412903824372,-0.49249376851879584,0.1077785637288989
0.8657314629258517,5.694502345240554,0.9999999990161307,0.04005066456715813,-0.0009487131933772577,-0.008109962300556557,0.9857333061363557,0.0001248034983238532,-0.39983593921179006,0.024642203408690052,0.9877327848949824,-6.656852887792053e-8,-0.4986099496104976,-0.04054810586339229,-0.34675999136740954,1.064531645773001,-0.37031037381922605,0.11512835325738767,-0.08202536098070452,0.5234531731112545,-0.4085314195638073,1.0818970618028125,0.09999999999999998,-0.39412868729678646,-0.4924933914058959,0.10818970618028123
0.8677354709418837,5.707688189453115,0.9999999993184958,0.04005074725162754,-0.0009487074874486447,-0.008109969697444343,0.9857333070175361,0.0001247650704367278,-0.39983514996990244,0.024642088035953424,0.9877307106236471,-9.36497124168349e-9,-0.4986087888160377,-0.040548152862060594,-0.3685307010537788,1.067504393098343,-0.36927903636007436,0.15292641721906514,-0.08267316023739398,0.5236617648987173,-0.4381714011785931,1.076391626823363,0.5000003241519602,-0.3941270801445856,-0.49249121292072867,0.5381961623261373
0.8697394789579158,5.720874033669322,1.0000000002353782,0.04005181004110789,-0.000950270048772247,-0.008110079885751662,0.9857333283359095,0.0001247503594006894,-0.39984359716062057,0.02464096289507915,0.9877301959810842,2.175823503925387e-7,-0.4986099986998562,-0.040548654146380744,-0.3370099122969553,1.0682249080329083,-0.3690181940642541,0.21595403341704802,-0.08339511930609683,0.5251224917930298,0.07832847316917754,1.0682439042405363,0.49999999999928135,-0.39413517882758914,-0.4924921605566086,0.5341219521195004
0.8717434869739479,5.734059877886622,1.0000000000214282,0.040051145877180505,-0.0009494290586271379,-0.008109802620528083,0.9857333207137483,0.0001248635109070723,-0.39983826465803396,0.02464310535434349,0.9877243566829976,-2.7359339860858205e-7,-0.49860560077755295,-0.04054785469964333,-0.21963387434135925,1.068127106517676,-0.36904068699871845,0.2675360388445738,-0.08412347064470706,0.5261339582083708,0.4374144430678038,1.0682312433544368,0.5000000000000211,-0.3941276098761624,-0.49248488517292266,0.5341156216772409
0.8737474949899798,5.747245722103287,0.9999999994541681,0.040050403805146156,-0.00094850491665186,-0.008109791917842207,0.9857333268679851,0.00012485220583023028,-0.39983510674778583,0.024642361600059903,0.9877330600853512,1.462138447723485e-7,-0.49860891509854094,-0.04054796489306795,-0.11572876088673367,1.0683673768514281,-0.36894846851462043,0.30975087179084027,-0.08485371994485139,0.525645028331736,0.18802720717237256,1.0699335854056302,0.5,-0.39412797312162295,-0.4924925154247928,0.5349667927028151
0.8757515030060119,5.760431566318861,0.9999999989165751,0.04005246268335104,-0.0009474967475261593,-0.008109612986589937,0.9857332785525122,0.00012493646509737367,-0.3998416820647023,0.024643670779900588,0.9877456256142191,-1.5898603776728935e-6,-0.49861218669920787,-0.040548378231793844,-0.10375746717303395,1.0682405799516155,-0.3689845057411555,0.3442996050942791,-0.0855911827821197,0.5247147906969675,-0.23968971525538393,1.064182394830109,0.5,-0.39413950817150756,-0.49250194182382295,0.5320911974150545
0.877755511022044,5.7736174105306075,0.9999999989435321,0.040051102022298425,-0.0009485918632466549,-0.008109765767871334,0.9857333398738239,0.000124910579476323,-0.3998356548768113,0.02464161252687087,0.9877325466907894,5.705020906191739e-7,-0.49860810759595087,-0.04054856515342416,-0.13658112941551717,1.066561405804775,-0.36956417578570333,0.37257438088120187,-0.08629422492584347,0.5247845517927862,-0.238526157573759,1.054278729390957,0.5,-0.3941282967912674,-0.49249147904946483,0.5271393646954785
0.879759519038076,5.786803254738375,0.999999998413824,0.040049923160041814,-0.0009477365121002586,-0.008110538739877939,0.9857333534855808,0.00012484040004280225,-0.39981969948121227,0.024640991658279453,0.987716959070536,-2.6187352062078135e-7,-0.4986025953586448,-0.04054831858481057,-0.12233911288163044,1.0636937722531854,-0.3705668652883489,0.3957145423829542,-0.08690248532347879,0.525690206631935,0.12829160938631756,1.0484991312440173,0.5,-0.394106389348086,-0.49247822865378665,0.5242495656220086
0.8817635270541081,5.799989098939477,0.9999999982833108,0.04005103949826551,-0.0009485495457701358,-0.008109873329128077,0.9857333405263142,0.00012497386897243615,-0.39983591067154856,0.024641814457881696,0.9877324272614872,2.2648919781065925e-7,-0.4986083700021982,-0.0405485513843391,-0.0521494424946546,1.0608564402455356,-0.3715627720643272,0.41465249569780566,-0.08739263522169269,0.5261317202338771,0.32699169326891475,1.0483013290435463,0.5,-0.3941285091003994,-0.4924916647389738,0.5241506645217732
0.8837675350701402,5.8131749431400825,0.9999999978066298,0.04004992795624176,-0.0009474324749938845,-0.008110564651830889,0.9857333511550066,0.00012490248829017354,-0.39981989605894025,0.024640826917687552,0.9877212554281586,-3.3916021584785765e-7,-0.49860472964063685,-0.04054849238926471,0.0024928860158994898,1.0586376123966112,-0.37234082724057826,0.4301513802238293,-0.08778169853692852,0.5255681224775457,0.12576464361252998,1.0483718083130507,0.5,-0.3941083024395017,-0.492482475770632,0.5241859041565253
0.8857715430861722,5.826360787337882,0.9999999983425446,0.040051353645915604,-0.0009490824525208993,-0.008109935480727871,0.9857333523006754,0.0001250561347056996,-0.3998357640505384,0.024642470276618575,0.9877241424622418,-1.8739924071406883e-8,-0.4986049577019712,-0.04054826891986392,-0.00316764427742835,1.0563737237431938,-0.3731389392749489,0.4428356995211041,-0.08808448278110367,0.5248223935321427,-0.14429764228824474,1.043266114097956,0.5,-0.3941250581865753,-0.4924841535137304,0.521633057048978
0.8877755511022043,5.839546631535452,0.9999999978227168,0.040050634406401754,-0.000948072686038191,-0.00811011259816669,0.9857333737647207,0.0001250492919235896,-0.3998246704136553,0.02464142372243539,0.9877220243228299,3.4578998106583316e-7,-0.49860470118759137,-0.040548354717037126,-0.030961137742072927,1.0532845576755223,-0.3742401766667295,0.4532165856642546,-0.08828098142032507,0.5247945539906658,-0.11028819574590336,1.035872888286935,0.5,-0.3941132894802542,-0.49248285881510223,0.5179364441434675
0.8897795591182364,5.852732475731947,0.9999999985944373,0.040051548199964676,-0.0009499986714996256,-0.00811013313893916,0.9857334055052839,0.00012508386802683217,-0.3998396154778226,0.024640924683963086,0.9877258787628174,9.70161439677815e-8,-0.49860743640260186,-0.040548523194531616,-0.022289849787940477,1.0496539320933713,-0.375546343922481,0.461712325036539,-0.08834029531459565,0.5252641019346737,0.14196090476984005,1.0316029970361915,0.5,-0.39412953870507816,-0.49248747221229683,0.5158014985180958
0.8917835671342684,5.8659183199250595,0.9999999976729804,0.04005165568640082,-0.0009485598493826984,-0.008109890189722616,0.9857333792032114,0.00012508494402489477,-0.3998360102616688,0.024641563222458578,0.9877326505930218,4.1405656973641525e-7,-0.4986085073713448,-0.040548957963239395,0.022461773051204774,1.046294468262556,-0.37675792589188645,0.46866526585968654,-0.08825712474985359,0.525352496100921,0.25624908994824486,1.031113672230158,0.5,-0.3941286918065956,-0.49249191938369113,0.515556836115079
0.8937875751503005,5.879104164117034,0.9999999975821138,0.04005136564346932,-0.0009485292917083192,-0.008110085940783138,0.9857333775390708,0.0001250426696075833,-0.39983498497925857,0.02464140602098926,0.9877325439005812,6.4175578487324e-8,-0.49860912156353626,-0.04054889820575847,0.053943212886483245,1.043514596673264,-0.37776118822066396,0.47435556990827843,-0.08805145537634546,0.5247724486873889,0.10924014247092664,1.030430850968119,0.5,-0.394127649202117,-0.4924924586562348,0.5152154254840595
0.8957915831663326,5.892290008310486,0.9999999972837814,0.04005292499572168,-0.000947227856092747,-0.008109945153008622,0.9857333308191724,0.00012510996363762132,-0.39983816356378554,0.024642501406352237,0.9877466022227896,-2.14525963887832e-6,-0.4986144318754447,-0.040548873716080305,0.04576556837539874,1.0407969641098944,-0.37874650817943895,0.47901252993925875,-0.08773807382849325,0.5241178502300173,-0.06299444271887586,1.0262531733712208,0.5,-0.39413645131410474,-0.4925046239163549,0.5131265866856104
0.8977955911823646,5.905475852507642,0.9999999980655316,0.04005088171882136,-0.0009485046082905724,-0.008109959196838178,0.985733396481915,0.00012514173647392313,-0.39982751606412326,0.024641669131765614,0.98772160256844,6.378366613076903e-7,-0.4986050948056326,-0.04054830616087963,0.025929400105247434,1.0376255888972166,-0.37990856559195746,0.4828237993250386,-0.08730727183727079,0.5239608608276601,-0.026637274538668473,1.0207383313708522,0.5,-0.3941159129281565,-0.4924830491534046,0.5103691656854261
0.8997995991983967,5.918661696706796,0.9999999982181704,0.04005062802906286,-0.0009486467346751165,-0.008109838160354854,0.9857333994701976,0.00012516199994596882,-0.39983509763237135,0.02464215294526478,0.9877317204310798,2.685217068307714e-7,-0.4986086787489791,-0.040548084635676815,0.03227998481059783,1.034206073909476,-0.3811705333614763,0.48594295081322547,-0.08674265872244931,0.5241110283079755,0.14484781568076827,1.0174891944696214,0.5,-0.3941274255511956,-0.4924916189706376,0.5087445972348107
0.9018036072144288,5.9318475409074605,0.9999999982083092,0.040050481563415924,-0.0009484331274635075,-0.008110225455618505,0.9857334143647581,0.00012511038894745795,-0.39982495753381725,0.02464181056420665,0.9877185254061925,-1.6287478432226556e-7,-0.4986032641845514,-0.040547894362503493,0.04808658580643577,1.032065860474007,-0.3819550887545044,0.4225003593633398,-0.08605703760260773,0.523427138369398,-0.01862471757533131,1.028317801281674,0.09999975088894905,-0.3941121854119511,-0.4924796742588498,0.10283152396283922
0.9038076152304608,5.945033385106094,0.9999999976845123,0.040050753446270196,-0.0009475914658943725,-0.008110201539561665,0.9857334057807887,0.00012509907216938637,-0.39982486073404583,0.02464060889587208,0.9877297074835326,4.702374021268204e-8,-0.49860838313616623,-0.040548712912390344,-0.01617829645053474,1.0319811341828078,-0.3819732440052353,0.36393516037703355,-0.08533355536926271,0.521861402216861,-0.5702107227650179,1.032764550614186,0.10000000014618207,-0.39411655618445085,-0.49249031433067475,0.10327645521239026
0.9058116232464929,5.958219229302753,0.9999999979260684,0.04005131871492301,-0.00094853796496229,-0.008110010547454654,0.9857334093654269,0.00012511680308634047,-0.39983466735329576,0.024641415485478605,0.9877322249546031,1.7167309675262732e-7,-0.498608937577763,-0.04054884883011823,-0.14217393216436383,1.031874708269375,-0.382002081396682,0.316005248443271,-0.08461119838713835,0.5213068829418294,-0.7376365748837873,1.0299406422073272,0.10000000000001004,-0.3941272065657131,-0.4924921222570811,0.10299406422074306
0.907815631262525,5.971405073499143,0.9999999979710422,0.04005142691402634,-0.0009485814690905394,-0.008110123498634903,0.9857334011828826,0.0001250721194063304,-0.3998351293114523,0.02464136155603539,0.9877323623437514,4.2522087616004353e-8,-0.49860928358803974,-0.04054893992782017,-0.22042039109105938,1.031512001424653,-0.38212782080993535,0.2767792721413267,-0.0838765328931473,0.5221165082442587,-0.3676797927312409,1.0309849355778193,0.09999999999999998,-0.39412771913836375,-0.49249252728916554,0.10309849355778192
0.909819639278557,5.984590917698529,0.999999997691281,0.040051500979039006,-0.0009470859920829564,-0.008110274615296684,0.9857333537725519,0.00012505102771657862,-0.39983575953963907,0.02464191220843379,0.9877464806688712,-2.2440190624693295e-6,-0.49861500933257064,-0.04054879524865066,-0.2099321426787666,1.0320726522507702,-0.3819135481018772,0.2446766277816517,-0.08314180963685341,0.5228656668392184,-0.02958755150817091,1.0388454204002715,0.09999999999999998,-0.3941340403355446,-0.4925051296846535,0.10388454204002713
0.9118236472945891,5.997776761902768,0.9999999991573374,0.04005163717087051,-0.0009496634829253936,-0.008110273186086162,0.9857334252020609,0.00012504499368978436,-0.39983456891050084,0.024641696378470492,0.9877199802539193,-5.991721203702572e-7,-0.4986050300130493,-0.040548454716388134,-0.18294733952665795,1.0342260345386385,-0.3811211126936873,0.21840373732359214,-0.0824615144997824,0.5224784733033441,-0.16811208074250378,1.0482024086569506,0.09999999999999998,-0.3941222327952504,-0.4924821261034903,0.10482024086569504
0.9138276553106212,6.01096260610948,0.9999999989615215,0.040051208109758936,-0.0009487557560484866,-0.008110041207429228,0.9857334020861755,0.0001250252960877224,-0.39983607562421986,0.024641639518903476,0.9877327278134833,2.4564503994353e-8,-0.49861010751451434,-0.040548657166719515,-0.21593224390526333,1.0371886946910072,-0.3800398339302258,0.1969019362935188,-0.08188845995587962,0.5215835645904935,-0.5384999932939022,1.0515356880198643,0.09999999999999998,-0.39412879656039546,-0.4924935226067431,0.10515356880198641
0.9158316633266532,6.024148450322241,0.9999999993903195,0.040051047932707654,-0.0009487444384667073,-0.008110062899911837,0.9857333957836029,0.00012498173354569462,-0.3998361097686358,0.024641814534308734,0.9877327770532521,-5.119745665498532e-8,-0.49861011383648496,-0.04054849089462111,-0.2888229087261198,1.039712358418825,-0.3791197939780723,0.17930480341741872,-0.08142794659145518,0.5214359392375695,-0.6199970375770109,1.0506295331105555,0.09999999999999998,-0.39412885166104955,-0.49249355033056985,0.10506295331105553
0.9178356713426853,6.037334294540431,0.9999999997786286,0.040051035644912046,-0.0009487287660295558,-0.008110057144646177,0.9857333902872175,0.00012493773256120943,-0.39983606300205354,0.024641823259704293,0.9877327975885617,-5.617917704192595e-8,-0.49861003477811466,-0.04054848546893008,-0.3267631889403614,1.0418044632392751,-0.37835730434049364,0.1649032628812604,-0.08105762494017939,0.5221568925453575,-0.35486713960017124,1.0526035476881497,0.09999999999999998,-0.39412881398651933,-0.4924934822791367,0.10526035476881494
0.9198396793587174,6.050520138763408,1.000000000120223,0.04005107030140331,-0.000948717011580242,-0.008110053302617399,0.9857333847802102,0.00012489465479890928,-0.3998360606873965,0.024641784140794515,0.9877328380647097,-5.053316774785479e-8,-0.4986099894860379,-0.040548526842509966,-0.3086291295852682,1.0443230823657845,-0.3774470599546341,0.15311700365784228,-0.0807769330708364,0.5227426003875845,-0.15235123107661006,1.0590503829159361,0.09999999999999998,-0.3941288277638448,-0.49249345795341376,0.10590503829159359
0.9218436873747494,6.063705982990666,1.0000000004298135,0.040051199661151136,-0.0009487453711937411,-0.008110039028927445,0.9857333787693575,0.00012485574421024757,-0.39983623376391314,0.024641720969359023,0.9877328810584624,4.7976619709040915e-9,-0.4986099106537838,-0.04054863598641004,-0.2875854080178079,1.0476698820404151,-0.3762505039682781,0.14347109766374994,-0.08061415882380944,0.5225623754009819,-0.2789996283769049,1.0657695882874778,0.09999999999999998,-0.3941290138677579,-0.492493403768903,0.10657695882874775
0.9238476953907815,6.076891827221695,1.0000000007336596,0.04005118687453381,-0.0009487573948179498,-0.008110053623990898,0.985733371619375,0.0001248152749160046,-0.39983693290880434,0.024641666246802838,0.9877335759016589,2.1964316085707878e-8,-0.49861030163340536,-0.04054867836569541,-0.31027180693277595,1.051259038686218,-0.37497567974875445,0.13557686253494586,-0.08059347141002962,0.522140234740847,-0.5233516386211983,1.0682566333006924,0.09999999999999998,-0.39412997905516095,-0.4924941371043922,0.10682566333006922
0.9258517034068136,6.090077671456779,1.0000000010532302,0.04005119798052155,-0.000948768009364317,-0.008110050942728817,0.9857333659645863,0.0001247754520866646,-0.39983706878997555,0.024641662524859116,0.987733639855538,2.08764546649173e-8,-0.4986103721658486,-0.04054868595100759,-0.35557817100815087,1.054359646084992,-0.3738759274436126,0.1291161993089917,-0.08070806106807053,0.522282421614177,-0.5454299242242661,1.068469736842857,0.09999999999999998,-0.39413013832510835,-0.4924942386156108,0.10684697368428568
0.9278557114228456,6.103263515696112,1.0000000013935642,0.04005119166207962,-0.0009487978749506584,-0.008110044635244259,0.9857333602713372,0.00012473657655632736,-0.399837412902151,0.02464170037676621,0.9877335970367747,2.379628093280895e-8,-0.49861037032478744,-0.040548662793927444,-0.37341071538085735,1.0571017356523162,-0.37290536870647134,0.12382877527375828,-0.08093792585408857,0.5229510348318986,-0.35548805935849714,1.0709412432868493,0.09999999999999998,-0.3941304596385702,-0.49249421556564793,0.1070941243286849
0.9298597194388777,6.116449359939674,1.0000000016929051,0.04005127985294874,-0.0009488668106490595,-0.008110036755462876,0.9857333527959171,0.00012469682642186398,-0.3998376814035222,0.024641639028871752,0.9877333959656643,1.9105140687568757e-8,-0.4986101613696434,-0.04054873343046968,-0.35665525072346016,1.060085259704385,-0.37185733292656825,0.11950153331471479,-0.08128078318702715,0.5234408668644582,-0.24632112974751147,1.0762062284986906,0.09999999999999998,-0.3941306435077355,-0.4924939087273151,0.10762062284986904
0.9318637274549098,6.129635204186933,1.0000000020118625,0.04005123612280313,-0.0009488561148108032,-0.008110032244999482,0.9857333465146227,0.00012466024819684889,-0.3998378303690081,0.024641711731494282,0.9877333931947114,-5.998278368473294e-9,-0.4986102924130403,-0.04054866358464338,-0.3445473385055499,1.0635014223848187,-0.3706680157562183,0.11596010693497918,-0.08175249244241867,0.5234251694493239,-0.3592359947614221,1.081029020398621,0.09999999999999998,-0.39413078954304337,-0.49249403576371736,0.10810290203986207
0.9338677354709418,6.142821048438607,1.000000002324641,0.040051145237866737,-0.0009488172028542934,-0.008110009353785199,0.9857333441780217,0.00012462334287180173,-0.39983671073271615,0.024641759547585775,0.9877324265612921,9.993938426434148e-9,-0.49860994669583825,-0.04054857127974866,-0.3628293274179705,1.0668314003299246,-0.36951422592597377,0.1338788645688992,-0.08236262175333443,0.5233932359413439,-0.49046051781663796,1.0797465981695193,0.4980525874735909,-0.39412930121622713,-0.49249321296271675,0.5377705870341367
0.9358717434869739,6.1560068926937435,1.000000002293282,0.040051871196434205,-0.000949052501564991,-0.008110065927587272,0.9857333320429121,0.0001245482925902428,-0.39983668522439453,0.024640830395482514,0.9877332539048872,1.6203553133770306e-7,-0.49860950220707545,-0.040549499751040385,-0.3553176247258362,1.0681013388974518,-0.3690640994502723,0.20036548328404713,-0.0830704235212353,0.5246187414755258,-0.08019700212447804,1.0694981202366363,0.49999999899415526,-0.3941296034076762,-0.4924931926133504,0.5347490590425691
0.937875751503006,6.1691927369488955,1.0000000026152391,0.04005284744351845,-0.0009489388282487053,-0.008110040328691137,0.9857332748087575,0.000124563696825945,-0.39985191277193594,0.024641458546502636,0.9877503238265362,-5.112966088888051e-7,-0.4986169789258819,-0.04055009704522362,-0.2547191723300608,1.0680529232636555,-0.36906898450687314,0.25477829690010334,-0.0837961618773459,0.5259371642940199,0.39884131548746443,1.067564836918529,0.4999999999999636,-0.39415142515410045,-0.4925090616663219,0.5337824184592257
0.939879759519038,6.182378581208764,1.000000003109263,0.0400512488899886,-0.000949005036160574,-0.008109951531679567,0.9857333208612656,0.0001245461840384245,-0.39983770277154257,0.02464180648883846,0.9877318224068481,-2.5769672933884622e-8,-0.498610369108007,-0.04054853221711742,-0.13546841570306423,1.0681952453949946,-0.3690106282666491,0.29930991691229436,-0.08452097288883852,0.5258219821575062,0.3024537859058435,1.0698996438967305,0.5,-0.3941300364245914,-0.4924933275050805,0.5349498219483653
0.9418837675350701,6.1955644254788,1.000000003375447,0.04004934959841619,-0.0009476050535254574,-0.008110442127809358,0.9857333276153645,0.00012448760862618377,-0.39982187139047437,0.024641490557805436,0.9877242472653082,-6.321008776104743e-7,-0.4986078220494397,-0.0405478205491209,-0.09841198160729377,1.0683188225230447,-0.36896022389214894,0.33575471223275055,-0.08525513023347062,0.524837001612838,-0.15030252328807117,1.0664482300333575,0.5,-0.3941114488757755,-0.4924870100840646,0.5332241150166788
0.9438877755511021,6.208750269755105,1.0000000037089756,0.040049492948004584,-0.0009475768499711099,-0.00810970437440772,0.9857333377709652,0.00012465913408285346,-0.39983002544216595,0.024642284701974368,0.9877381513330256,-6.428760589135306e-7,-0.4986125760480269,-0.04054710230127511,-0.1292001065598011,1.0670941500663367,-0.3693798565957874,0.3655812096949549,-0.08597062849213219,0.5245756949733272,-0.2911725638433393,1.0567109977437799,0.5,-0.39412502956241435,-0.49249863803031435,0.5283554988718899
0.9458917835671342,6.221936114031767,1.0000000038917334,0.04004976484884691,-0.000948490070542403,-0.008109651766347113,0.9857333555094745,0.00012465002809975087,-0.3998343206064126,0.024642979795094447,0.9877324747125055,1.2604239830757182e-7,-0.4986084740567175,-0.04054733675772489,-0.13313814610779753,1.0644338230504253,-0.37030801849186673,0.38999130159508527,-0.08660560988914308,0.5253722287778402,0.02436243355340313,1.0493662711540077,0.5,-0.3941269660595651,-0.49249178710335123,0.5246831355770039
0.9478957915831663,6.235121958304005,1.0000000032670215,0.040050098959785174,-0.0009483412990953941,-0.008109489954576023,0.985733367685362,0.00012475291627803172,-0.3998338390427587,0.024642596446542472,0.9877327735896236,3.97442810311845e-7,-0.49860785425513243,-0.04054770762938204,-0.07263954027755559,1.0614864295796569,-0.3713422091230539,0.4099685873640475,-0.08712396538073569,0.5260519327080571,0.31496839486930134,1.0479620110452244,0.5,-0.39412660523665194,-0.49249133493238767,0.5239810055226122
0.9498997995991983,6.248307802566717,1.000000002758261,0.040050380918259756,-0.0009486441901733405,-0.00811013756128417,0.9857333954676893,0.00012471776619923683,-0.39982476592496297,0.024641937057362694,0.9877142550942628,-3.147140577295872e-7,-0.49860051685262213,-0.04054758141267764,-0.006378644062682612,1.0591244714718306,-0.37217076391723986,0.4263180555728653,-0.08753484326649641,0.5257213584666521,0.20690649227267635,1.048707734344135,0.5,-0.3941102932564324,-0.4924748253318082,0.5243538671720674
0.9519038076152304,6.261493646815707,1.000000001359296,0.04005132622489548,-0.000947853537246415,-0.00810996743368699,0.9857333855394258,0.0001247381530195019,-0.3998270967951726,0.024640715330081768,0.9877282569269805,4.713483789431215e-7,-0.4986062722691566,-0.040549097678980274,0.003456389595167684,1.0569810890801357,-0.372923902915281,0.43969849834898994,-0.08785862464351053,0.524908792975405,-0.09269512183324488,1.04506915562075,0.5,-0.39411816541439154,-0.49248752331402496,0.522534577810375
0.9539078156312625,6.274679491055208,1.0000000006498104,0.040052213710897525,-0.0009476322830107181,-0.008110035897241286,0.985733351105897,0.00012477029833399579,-0.39983830679873833,0.02464113691120748,0.9877432898121504,-8.343010399290331e-7,-0.4986123083994031,-0.04054952974112316,-0.025167142128416,1.0541347297041714,-0.3739353034855347,0.4506490879547385,-0.08808451610309415,0.5246591959925136,-0.15296834178083193,1.037663712260064,0.5,-0.3941352358223721,-0.4925009280087421,0.518831856130032
0.9559118236472945,6.287865335289182,1.000000000629991,0.040052510742919135,-0.0009483538008935974,-0.008109975778306593,0.9857333529851989,0.0001247933190789929,-0.3998420800926117,0.024642236213335753,0.9877376158265833,-5.856004377133442e-7,-0.4986095756348713,-0.04054950157963694,-0.029327268327722762,1.05057429095376,-0.3752136385279493,0.4596110823141716,-0.08818013093869666,0.5250787291249047,0.07400947836275133,1.0322624039559862,0.5,-0.3941366726842304,-0.4924954097200863,0.5161312019779931
0.9579158316633266,6.301051179523582,1.0000000004440632,0.04005129106246479,-0.0009477174412835166,-0.008110244670449795,0.985733398158156,0.00012476711008415427,-0.3998255684828107,0.024639826814896057,0.9877303620653353,8.05894596073279e-8,-0.4986096072765645,-0.040549171754648325,0.009732167890647639,1.04708003649266,-0.37647423810167346,0.4669456031217778,-0.08813157501771716,0.5253399668328793,0.25398184725845974,1.0310136934023895,0.5,-0.3941175135034044,-0.49249185119237154,0.5155068467011947
0.9599198396793587,6.314237023758257,1.0000000010302263,0.04005135853268104,-0.0009487420878135979,-0.008110041702578933,0.985733391851393,0.00012477264957294151,-0.39983569084808906,0.024641539190978442,0.9877314495098908,3.022559521387224e-8,-0.49860947314005116,-0.04054876162985622,0.04951978230118829,1.0441718922150263,-0.37752391880353614,0.47294819246145003,-0.08795435464914038,0.5249078455676477,0.16478383860700963,1.030876694890251,0.5,-0.39412790681671805,-0.49249225886959613,0.5154383474451255
0.9619238476953907,6.327422867999087,1.0000000008284737,0.04005056204611938,-0.0009470327872991612,-0.008110292870464102,0.9857333675628458,0.00012473915783182515,-0.3998283517442893,0.024641409715801872,0.9877397578351811,-1.5479476250214241e-6,-0.4986134261975513,-0.04054839571510003,0.0511352159243143,1.0415127222597793,-0.37848631274923544,0.4778607290537066,-0.08766787746757596,0.5241966921696948,-0.032109326996403245,1.027645555846166,0.5,-0.3941240479214989,-0.4925002420789464,0.513822777923083
0.9639278557114228,6.3406087122451655,1.0000000019710917,0.04005055220624919,-0.0009488093141551007,-0.00811023794320525,0.9857334226128358,0.00012474908104368506,-0.3998248254447981,0.024641713599706124,0.9877144679910868,-3.1979940613235113e-7,-0.49860304450809934,-0.0405476753270514,0.02990262465821686,1.0384766662715412,-0.37959607868216433,0.48188116219947424,-0.0872686112452871,0.5238921695803413,-0.058086339536463305,1.0220744320865502,0.5,-0.39411043710878774,-0.492477427877931,0.5110372160432751
0.9659318637274549,6.35379455649357,1.0000000018531163,0.04005203095152929,-0.0009481140319667809,-0.008109637384850009,0.9857333380374004,0.00012483217973278054,-0.3998461974816786,0.024644460109880997,0.9877435421453082,-1.3905106966831822e-6,-0.4986115770913033,-0.04054831459758576,0.027447823497827616,1.0350734165406388,-0.3808495395343027,0.4851714937613304,-0.08673899591032795,0.5240181736243332,0.09996723927792014,1.0180238350145532,0.5,-0.3941431120269977,-0.4925003089279572,0.5090119175072766
0.9679358717434869,6.366980400743974,1.0000000023133602,0.04005057960074825,-0.0009492142402780659,-0.0081098811428659,0.9857334070121454,0.00012478535240321003,-0.39984204062679896,0.0246415020905021,0.9877385986316701,9.48598709688919e-7,-0.49861224750978006,-0.040548622097262774,0.04868960128381209,1.0323195817938948,-0.38186477499075633,0.44018592553878033,-0.08607830037294911,0.5237134727664798,0.09251544219036274,1.0252276065120498,0.1000025682883595,-0.39413698920245527,-0.4924986010802682,0.10252539373133263
0.969939879759519,6.380166244994488,1.000000002234019,0.04005099050079395,-0.0009491460860334549,-0.008110027462545017,0.9857334111808685,0.0001247574923086254,-0.39983452834132216,0.024642497453699324,0.9877229748575922,-3.458573963318063e-7,-0.49860479299865146,-0.04054795301470207,0.0107170994066835,1.031906742415053,-0.3820044421498953,0.37840905016745513,-0.08535609427827254,0.522192190766413,-0.43241650339223603,1.0327031899742054,0.09999999915437713,-0.39412338379318956,-0.4924833953950725,0.1032703181241431
0.9719438877755511,6.393352089240822,1.0000000016607253,0.0400512059157617,-0.0009486496886070545,-0.008109864421899224,0.9857334095417609,0.0001247613212368779,-0.39983611964518334,0.024641612319706383,0.9877325594096322,3.3535376494330946e-7,-0.49860858802296587,-0.04054864596462156,-0.10863662119160986,1.0319350791255548,-0.38198245811347536,0.32785071520789016,-0.08463301918562594,0.5212385438394923,-0.7564433238161252,1.0306861328570658,0.10000000000010555,-0.39412876487974224,-0.49249195038968807,0.10306861328581536
0.9739478957915831,6.406537933483628,1.0000000013895516,0.04005130806854272,-0.0009486207871716217,-0.008110006159117795,0.985733400828985,0.0001247263674573002,-0.39983648930999344,0.024641572907271002,0.9877329389100793,7.601436079384248e-8,-0.49860889830022004,-0.040548806112179765,-0.20878100576588254,1.0315475150932703,-0.38211684982795147,0.2864736336875058,-0.08390146898524412,0.5217801072740049,-0.49229781096988484,1.0299761398423384,0.09999999999999998,-0.3941292866700395,-0.4924924355670848,0.10299761398423382
0.9759519038076151,6.41972377772478,1.0000000019950612,0.040052519638925664,-0.0009501109407470708,-0.008110018950018822,0.9857334164162701,0.00012472697118545443,-0.39984869227493985,0.02463969850485739,0.9877412594447135,1.5364489212283748e-6,-0.49861466171464314,-0.04055011459027182,-0.21847520522381617,1.031752021388228,-0.38203416051023537,0.25261053543041967,-0.08316186933347375,0.5227084296772295,-0.08020760026246215,1.0362603731604823,0.09999999999999998,-0.39414458258005064,-0.4925023362428012,0.1036260373160482
0.9779559118236472,6.432909621965776,1.0000000019247424,0.04005240104996856,-0.0009498887946509329,-0.008109633462616006,0.9857334118935389,0.0001248437931233552,-0.3998461405836929,0.024640923422374544,0.9877387217520771,1.1821182942415566e-6,-0.4986130503158021,-0.04054916736651913,-0.18595006531611935,1.033497781674272,-0.3813879683856897,0.22489686607668066,-0.08245997258350578,0.5226332583698651,-0.08657717897401439,1.0460687055360656,0.09999999999999998,-0.3941410661129178,-0.49249946490174706,0.10460687055360654
0.9799599198396792,6.446095466207905,1.0000000014361818,0.04005010142148307,-0.000948658850966969,-0.008109290134064095,0.985733392605951,0.00012504883214607538,-0.3998382799625397,0.024643910118077723,0.9877334802550625,3.9833312723680586e-7,-0.4986085321358754,-0.04054720109504581,-0.2004166165138061,1.0363900016587182,-0.3803306736430941,0.2022159204939644,-0.08185492721878494,0.5217404110916624,-0.4501657899071667,1.0513490273270127,0.09999999999999998,-0.39413125612796496,-0.4924923568827298,0.10513490273270125
0.9819639278557113,6.459281310447709,1.0000000009546102,0.040049517553884674,-0.0009483771567688413,-0.00810963942697337,0.9857334126258357,0.00012500922168326545,-0.39983340921827104,0.024643204219785397,0.9877316187412556,2.1818071944985885e-7,-0.498607266774534,-0.04054712532188701,-0.26978802566564924,1.039096833277671,-0.3793440132964413,0.18365378219968886,-0.08136594541133028,0.521316884955861,-0.6415329279569926,1.0508307991294268,0.09999999999999998,-0.39412572492411907,-0.4924901715739645,0.10508307991294266
0.9839679358717434,6.472467154677856,1.0000000000138862,0.040050537711333226,-0.0009482127051892279,-0.008109857241999306,0.9857334112713184,0.00012496494507504928,-0.39983280701945995,0.024642115956105357,0.9877316208666477,2.199325517396062e-7,-0.4986066878680014,-0.040548215362218656,-0.32278988330071506,1.0412322379530978,-0.3785647811966193,0.16846247873692194,-0.08097269200513238,0.5218810675629962,-0.439092888224861,1.0515832429617633,0.09999999999999998,-0.39412513359615003,-0.49248960090068417,0.1051583242961763
0.9859719438877754,6.485652998894933,0.9999999990523704,0.0400516096589993,-0.0009482289182859003,-0.00811007268940221,0.9857334042573198,0.00012492172968066456,-0.39983318505678256,0.024641057504146396,0.9877316272087592,1.9536544582728297e-7,-0.49860709151449695,-0.040549263035736444,-0.3165276883562479,1.04356290857008,-0.3777197233890663,0.15602987541733798,-0.0806658309163021,0.522608463064668,-0.17661905797529753,1.0570659534867541,0.09999999999999998,-0.39412550888624776,-0.49249000176136565,0.1057065953486754
0.9879759519038075,6.4988388431015665,0.9999999984800116,0.04005229539542611,-0.0009483930824655237,-0.008110234989361882,0.9857333934176666,0.00012488035288759941,-0.3998342131398264,0.024640450294657144,0.9877316431765902,1.1393616036753288e-7,-0.49860814918944923,-0.04054985606464004,-0.28965739909622834,1.0467112530468163,-0.3765909945706576,0.14585499966145193,-0.0804681239058698,0.5226257377834623,-0.21768395269234034,1.0642978611158225,0.09999999999999998,-0.3941265287864421,-0.49249105112022806,0.10642978611158223
0.9899799599198396,6.512024687304407,0.999999998486605,0.040052448520409734,-0.0009486214885236074,-0.008110303434751878,0.9857333814226331,0.00012484031278547667,-0.3998354124644181,0.02464040024917706,0.9877316721431264,8.692064705458075e-9,-0.4986093800795074,-0.04054989383159979,-0.29984402907073887,1.050329809419044,-0.3753043298943626,0.13752785417249447,-0.08040876500114356,0.5221758323043162,-0.46956183621267167,1.0680287523615999,0.09999999999999998,-0.3941277227894152,-0.49249227708464177,0.10680287523615996
0.9919839679358716,6.525210531511038,0.9999999990291989,0.040052136605016955,-0.0009488263287718518,-0.008110274403648565,0.9857333706669149,0.0001248010266523132,-0.3998363584869116,0.02464080030550858,0.9877317143729487,-8.17787821924587e-8,-0.49861035622208305,-0.04054948678867563,-0.3443128029271887,1.05359017005862,-0.374148044256307,0.1307128960679926,-0.08048935789018286,0.5221277438846105,-0.5685498493368767,1.0683461212450516,0.09999999999999998,-0.39412867243896993,-0.4924932586392571,0.10683461212450514
0.9939879759519037,6.538396375727275,0.99999999989926,0.04005156262541249,-0.0009489459750864649,-0.008110176073808931,0.9857333627150788,0.00012476212213558135,-0.3998368043296052,0.02464142216040871,0.9877317675820174,-1.3182461456495624e-7,-0.49861082919937216,-0.04054886441326708,-0.37276751973197986,1.0563733002201092,-0.37316223620462335,0.12513551615694243,-0.08068982448964633,0.522715733728678,-0.4110358554215887,1.0699568245282982,0.09999999999999998,-0.3941291333842592,-0.4924937503152928,0.1069956824528298
0.9959919839679358,6.551582219955666,1.0000000008263492,0.040050967944884025,-0.0009489603415891963,-0.008110052776890527,0.9857333578528008,0.00012472347357508266,-0.39983671722071085,0.024642016652100095,0.9877318261079248,-1.3496542483052395e-7,-0.4986107643690897,-0.040548273900645616,-0.3624821749947802,1.059247262689595,-0.37215054012288523,0.1205709735441446,-0.08100157815995632,0.5233187710151647,-0.25310128923478203,1.0746929569594965,0.09999999999999998,-0.3941290710241183,-0.49249371533473413,0.10746929569594962
0.9979959919839678,6.564768064195346,1.0000000015786472,0.04005054757246286,-0.0009488869834649802,-0.008109946803605791,0.9857333554061061,0.0001246852515040728,-0.39983624454594474,0.024642399272738865,0.9877318847070968,-1.0040114621905862e-7,-0.49861030999672634,-0.04054789769496442,-0.34489548441452694,1.06257366134078,-0.37099016926388884,0.11683533968084583,-0.08143749437212931,0.5234217311316,-0.3134398687798165,1.080016478214163,0.09999999999999998,-0.3941286285222262,-0.4924932971564009,0.10800164782141627
1.0,6.577953908443005,1.0000000020326592,0.040050395119858515,-0.0009487762200619006,-0.008109884558838376,0.9857333529303081,0.00012464736702894497,-0.39983601778727434,0.024642465006248514,0.9877327254047239,-8.372860563376786e-8,-0.498609951200198,-0.04054781751179847,-0.3555985853447047,1.0660398563611575,-0.3697887834298531,0.11377808699229444,-0.08201146167577557,0.5232908378971095,-0.48431360900801007,1.0826886531626077,0.09999999999999998,-0.39412874116626756,-0.49249336261787574,0.10826886531626075
