time,pi_cc_d,pi_cc_q,theta_pll,gamma_pll,i_vsc_d,i_vsc_q,v_sh_d,v_sh_q,i_bus_d,i_bus_q
0.0,0.22470868589289822,0.016352134589081413,-0.000979603746903796,0.0,-0.3953043949435131,0.06488719459059546,0.9826846255253947,-0.09973092667208823,-0.5001550986564104,0.010003101973128216
0.002004008016032064,0.2247086858929837,0.016352134589094555,0.7545136193978366,-3.87234165862231e-9,-0.39530439564016207,0.06488719430269567,0.9826846274733333,-0.09973092838146175,-0.5001550990265305,0.01000310200451458
0.004008016032064128,0.22470868589295057,0.01635213458938466,1.5100068427294664,-3.1109398694970763e-9,-0.3953043952017105,0.06488719427555169,0.9826846263525527,-0.099730925745051,-0.5001550984348441,0.0100031019098929
0.0060120240480961915,0.2247086858928552,0.016352134589576586,2.2655000660581277,-2.4594551857351634e-9,-0.39530439458426436,0.06488719434352537,0.9826846243011743,-0.09973092634217749,-0.5001550981918503,0.010003101799947763
0.008016032064128256,0.22470868589282927,0.016352134589824617,3.020993289383967,-1.9087364710158758e-9,-0.3953043944838362,0.06488719444273677,0.9826846238994253,-0.09973092656272382,-0.5001550975904795,0.010003101617568885
0.01002004008016032,0.2247086858927689,0.016352134590108647,3.7764865127080505,-1.4276403266463274e-9,-0.39530439419887564,0.06488719415900651,0.9826846231725788,-0.09973092640957999,-0.5001550971948981,0.010003101776222587
0.012024048096192383,0.2247086858927076,0.016352134590388333,4.531979736029785,-1.0271491566246406e-9,-0.3953043937858914,0.0648871941508809,0.9826846226286092,-0.09973092634477419,-0.500155097001905,0.010003101746308637
0.014028056112224447,0.22470868589263773,0.016352134590668508,5.2874729593497225,-6.90168694002341e-10,-0.39530439359413666,0.06488719418052612,0.982684622079795,-0.0997309262241224,-0.5001550967521068,0.010003101712765495
0.01603206412825651,0.22470868589256496,0.01635213459092981,6.042966182668161,-4.061865742545561e-10,-0.39530439343596097,0.06488719415460185,0.9826846217053227,-0.09973092627672635,-0.5001550966032545,0.010003101734455979
0.018036072144288574,0.22470868589249463,0.016352134591177875,6.798459405985189,-1.70409029644153e-10,-0.3953043933226193,0.06488719415432774,0.9826846215707803,-0.09973092626646088,-0.5001550965383305,0.010003101747223431
0.02004008016032064,0.22470868589242024,0.01635213459140774,7.553952629301011,2.4510422522297758e-11,-0.39530439326358635,0.06488719416399485,0.9826846215206981,-0.09973092624408768,-0.5001550965530713,0.010003101768347435
0.022044088176352703,0.22470868589195864,0.016352134592132802,8.309445852612715,1.0834898537261955e-10,-0.3953043979019114,0.06488719804460542,0.9826846116125068,-0.09973091939735823,-0.5001550928579956,0.010003099438967664
0.024048096192384766,0.22470868589210738,0.016352134591543242,9.064939075931647,3.633142396715935e-10,-0.3953043940293117,0.0648871926515143,0.9826846203942682,-0.09973093533669773,-0.5001550966543065,0.01000310300295658
0.026052104208416832,0.22470868589233384,0.016352134592150566,9.820432299242542,4.13769426106054e-10,-0.3953043935461503,0.06488719389808502,0.9826846274429527,-0.09973092489068185,-0.5001550967379144,0.01000310188375186
0.028056112224448895,0.22470868589190174,0.01635213459230087,10.575925522555872,5.197937245907908e-10,-0.3953043928711064,0.06488719382902461,0.9826846210158718,-0.09973092437932264,-0.5001550976564773,0.010003102349407586
0.03006012024048096,0.22470868589187956,0.016352134592271646,11.331418745865859,5.385033287803843e-10,-0.3953043934664025,0.06488719511085883,0.9826846227220729,-0.09973092720142672,-0.5001550977714309,0.010003101354836248
0.03206412825651302,0.22470868589180995,0.016352134592409882,12.086911969177823,6.043208780011346e-10,-0.3953043944274797,0.06488719442066074,0.9826846237474007,-0.09973092658719998,-0.5001550974564134,0.010003101914473457
0.03406813627254509,0.2247086858917213,0.01635213459246938,12.842405192488776,6.42925999646818e-10,-0.39530439399436873,0.06488719422345164,0.9826846244072307,-0.09973092678311118,-0.5001550982392113,0.010003102123588901
0.03607214428857715,0.22470868589164808,0.01635213459254227,13.597898415798621,6.525782546872905e-10,-0.3953043941852411,0.06488719461331541,0.9826846249220832,-0.09973092641743864,-0.5001550984940079,0.010003101890948595
0.038076152304609215,0.22470868589155818,0.016352134592578046,14.353391639108617,6.651910317334519e-10,-0.3953043944529434,0.06488719460283561,0.9826846249976631,-0.09973092664662364,-0.5001550986476585,0.010003101963200423
0.04008016032064128,0.22470868589149784,0.016352134592598804,15.108884862418206,6.672855138100202e-10,-0.3953043945386742,0.06488719461182729,0.9826846254882871,-0.09973092683632821,-0.5001550988166628,0.010003101982339595
0.04208416833667334,0.22470868589143622,0.016352134592621557,15.864378085727553,6.636203628923896e-10,-0.3953043947688761,0.06488719462757048,0.9826846260617957,-0.09973092674304164,-0.5001550990768212,0.01000310200878686
0.044088176352705406,0.2247086858913843,0.01635213459262588,16.619871309036647,6.536722882667332e-10,-0.39530439570503095,0.06488719475701765,0.9826846281123881,-0.09973092691391158,-0.500155100085465,0.01000310200707916
0.04609218436873747,0.22470868589059093,0.016352134592735136,17.37536453234752,6.889657700122911e-10,-0.3953043888475015,0.0648871950954237,0.9826846151186654,-0.09973092629830742,-0.5001551065047196,0.010003102647293103
0.04809619238476953,0.2247086858913868,0.016352134592586304,18.130857755647813,4.60259196466168e-10,-0.39530439915201093,0.06488720021490503,0.9826846317050002,-0.09973093029233449,-0.5001550995569295,0.010003097927045021
0.0501002004008016,0.22470868589110224,0.01635213459272851,18.886350978966046,6.814082639941914e-10,-0.39530439954553614,0.06488719242054844,0.9826846301619034,-0.09973092817903122,-0.5001550994810918,0.010003103946634815
0.052104208416833664,0.224708685891157,0.016352134592625297,19.64184420227199,5.958138687860784e-10,-0.39530439558891967,0.06488719427020734,0.9826846333679374,-0.09973092781542449,-0.5001551024870039,0.010003102438418492
0.05410821643286573,0.22470868589099574,0.016352134592720172,20.397337425579135,5.419458500050433e-10,-0.39530439705377934,0.06488719556396644,0.9826846304395127,-0.0997309250347013,-0.5001551010746865,0.010003101601909844
0.05611222444889779,0.22470868589087753,0.01635213459254964,21.15283064888815,5.35618893144165e-10,-0.3953043970671177,0.06488719496888844,0.9826846290461645,-0.09973092780594336,-0.5001551007962839,0.01000310204586795
0.058116232464929855,0.22470868589089582,0.016352134592512207,21.908323872196192,5.06136178683185e-10,-0.39530439685677754,0.06488719489415683,0.9826846300809777,-0.09973092744377414,-0.5001551003534737,0.010003101987067557
0.06012024048096192,0.22470868589080872,0.016352134592492597,22.663817095504648,4.885471829001136e-10,-0.3953043963820461,0.06488719465154837,0.9826846287232721,-0.09973092668069815,-0.5001551000004576,0.010003102165392887
0.06212424849699398,0.22470868589074727,0.01635213459242316,23.419310318812503,4.5708383331192647e-10,-0.3953043959058713,0.06488719480875325,0.9826846276561297,-0.09973092686638352,-0.5001550996278767,0.010003102008514057
0.06412825651302605,0.22470868589069623,0.016352134592371097,24.174803542120536,4.313391513438695e-10,-0.39530439568609327,0.06488719476622187,0.98268462671176,-0.09973092677565498,-0.5001550990144389,0.010003101991041322
0.06613226452905811,0.22470868589064405,0.016352134592313224,24.930296765428658,4.092487590867607e-10,-0.3953043952670478,0.06488719462096632,0.9826846257692935,-0.09973092675923112,-0.5001550985569919,0.010003102050629549
0.06813627254509018,0.2247086858905974,0.01635213459225994,25.685789988736623,3.8432583233444714e-10,-0.395304394854033,0.0648871945901478,0.9826846249043345,-0.0997309266154387,-0.5001550981212681,0.010003102023930835
0.07014028056112225,0.22470868589054702,0.01635213459220577,26.441283212044606,3.610012105201927e-10,-0.39530439450359134,0.06488719454514758,0.9826846239918366,-0.09973092651425605,-0.5001550976985305,0.010003102015543244
0.0721442885771543,0.22470868588995008,0.01635213459276753,27.196776435351953,3.2394180460567866e-10,-0.3953043957610638,0.06488719666387388,0.9826846108460677,-0.09973091693224088,-0.5001550957335552,0.010003101104395862
0.07414829659318636,0.22470868589029266,0.01635213459181673,27.95226965865994,3.0126451535612085e-10,-0.39530439421993496,0.064887195151521,0.9826846206032167,-0.099730935307428,-0.5001550972059627,0.010003101520001417
0.07615230460921843,0.22470868589050483,0.016352134592218882,28.707762881968787,3.033184535960227e-10,-0.3953043950091506,0.06488719385624833,0.9826846262680603,-0.09973092552542889,-0.5001550956581005,0.010003102238772904
0.0781563126252505,0.2247086858901764,0.016352134592144057,29.46325610527789,3.123183244572634e-10,-0.395304392576806,0.06488719342925019,0.9826846209974965,-0.0997309251640009,-0.5001550972383919,0.010003102803440897
0.08016032064128256,0.22470868589016918,0.016352134592015833,30.2187493285836,2.3728819718312505e-10,-0.395304392946339,0.06488719518408236,0.9826846214388057,-0.09973092624932234,-0.5001550968619768,0.01000310141675141
0.08216432865731463,0.22470868589008985,0.01635213459196856,30.97424255189246,2.420696570225018e-10,-0.3953043937547961,0.06488719444679354,0.9826846210070966,-0.09973092633564483,-0.5001550962119287,0.01000310197573203
0.08416833667334668,0.22470868589005658,0.016352134591885458,31.72973577520063,2.3046478781330784e-10,-0.3953043932420522,0.06488719420230948,0.9826846217496071,-0.09973092672057524,-0.5001550966822235,0.010003102129501104
0.08617234468937875,0.22470868589000964,0.01635213459185688,32.48522899850834,2.0835533880964457e-10,-0.39530439327537814,0.06488719442348267,0.9826846219789616,-0.09973092607171931,-0.500155096805838,0.0100031019791582
0.08817635270541081,0.2247086858899436,0.016352134591793605,33.240722221816355,1.944247679327758e-10,-0.3953043934018745,0.06488719444654166,0.9826846219128479,-0.09973092629537335,-0.5001550969997155,0.010003101998398874
0.09018036072144288,0.22470868588990853,0.016352134591733597,33.996215445124285,1.7925238681754419e-10,-0.39530439357561165,0.06488719449383713,0.9826846225269531,-0.09973092649087752,-0.5001550972294303,0.010003101977501566
0.09218436873747494,0.22470868588986817,0.01635213459168742,34.751708668432336,1.6788220126669062e-10,-0.39530439375096527,0.06488719447643503,0.9826846230573224,-0.0997309264540396,-0.5001550975050348,0.010003102021205272
0.09418837675350701,0.22470868588982873,0.016352134591637625,35.507201891740344,1.5574024608102022e-10,-0.39530439389818295,0.06488719452157508,0.9826846235857819,-0.09973092651756342,-0.5001550978409947,0.010003102023054782
0.09619238476953906,0.2247086858894479,0.016352134591654816,36.26269511505041,1.9611974538094843e-10,-0.3953043841813064,0.0648871937140401,0.9826846191421723,-0.09973092614330031,-0.5001551055731757,0.010003103037337552
0.09819639278557113,0.22470868588976436,0.01635213459177657,37.01818833834987,-2.8254701901810152e-11,-0.3953043960266934,0.06488720026506588,0.9826846237764403,-0.09973092418216381,-0.5001550969807819,0.01000309784384333
0.1002004008016032,0.22470782587963264,0.016352151815388252,37.773677307394806,-0.00010620810422641992,-0.4071513771538272,0.06644227722729097,0.967102394018509,-0.09851399872022953,-0.4877901437311743,0.009664521406084932
0.10220440881763526,0.22470140835152355,0.01634926683023034,38.52815123480972,-0.025104936017664146,-0.3857393042722953,0.05733673337227487,0.9784091148611681,-0.10872450964470187,-0.49668877266645095,0.020717075654592222
0.10420841683366733,0.2246943059051038,0.01634371113978021,39.28209234143094,-0.06171122945855286,-0.38535406507119335,0.07389366019058057,0.9843760491836794,-0.09955464398403076,-0.49628193474177523,0.013459626418352038
0.1062124248496994,0.22468597714546826,0.016334883449834005,40.0362295091743,-0.09174372531116018,-0.3905947314486061,0.07320325082124071,0.9728490012225528,-0.10071428508077425,-0.4922910607446054,0.017996645891099356
0.10821643286573146,0.22467818858605096,0.016323978816659968,40.79055779439385,-0.11564826640080159,-0.3889186495053905,0.07332584001094611,0.9783733452530537,-0.10558357880362633,-0.4935636875919398,0.019441122091488152
0.11022044088176351,0.22467005356511027,0.01631278623173471,41.54505713052973,-0.1342152918884498,-0.3888763053822856,0.07395802519000268,0.9793732003075499,-0.10026992850273797,-0.4931567259279471,0.01957217630243607
0.11222444889779558,0.22466161408696209,0.016301307787796475,42.29970701504313,-0.14820657569498524,-0.3886631624499962,0.07384079315400904,0.9774722489575736,-0.10015749799953662,-0.49320174747765166,0.019460817241307098
0.11422845691382764,0.22465315919214232,0.01629030137660158,43.05448712956344,-0.15834038977464904,-0.38864756729287525,0.07336505513496133,0.9781798355456279,-0.10006799556439455,-0.4930721458777789,0.018852561223872216
0.11623246492985971,0.22464456864644333,0.016280165280249923,43.80938075443185,-0.16521283556567323,-0.3885630412249472,0.07267964212117285,0.9783878739577078,-0.09927655192106973,-0.49298170636211264,0.018004940718051296
0.11823647294589178,0.22463587758241882,0.016271085626515545,44.56437291334447,-0.16934826677451487,-0.38853711787410816,0.07176268228235566,0.9785194246669493,-0.09885362174380663,-0.4928845631635766,0.017063818385113217
0.12024048096192384,0.22462711398484167,0.01626321076957985,45.3194502825094,-0.17120508359269776,-0.38846886663261,0.07076785991926247,0.9787289146435493,-0.09849080453927592,-0.49284116777841086,0.01603347905781177
0.1222444889779559,0.224618293760585,0.01625660377376471,46.074601243093355,-0.1711778093583469,-0.3884264449878641,0.06975516856542856,0.9789458997066577,-0.09818984172639562,-0.4928011455053104,0.014965442827404918
0.12424849699398796,0.2246094336303801,0.016251271576016222,46.829815631748104,-0.169606206322187,-0.38839644800631784,0.06874416798180201,0.9791603785818955,-0.09793572800099394,-0.49277369235512575,0.013915235767673246
0.12625250501002003,0.22460054969859236,0.016247179321781505,47.58508451394435,-0.16678347583279424,-0.38837689560674,0.06776991543328163,0.9793617851499805,-0.09773191827402808,-0.49276027262532646,0.012907076978553115
0.1282565130260521,0.22459165763939146,0.0162442638248017,48.34040007605379,-0.16296117667222346,-0.38836840112636045,0.0668523584988205,0.9795520306957229,-0.09757105650584823,-0.49275944940634553,0.011960701485980905
0.13026052104208416,0.2245827718280214,0.01624244242752553,49.09575549006688,-0.15835455430212741,-0.3883709038758512,0.06600507258742407,0.9797270232952523,-0.09744590861996308,-0.4927701730807316,0.011088919354660559
0.13226452905811623,0.2245739057332874,0.01624162021935234,49.8511447983055,-0.1531471248845925,-0.3883840298165827,0.06523571353393466,0.979885007293931,-0.09735205522742384,-0.4927916499847371,0.010299493254615169
0.1342685370741483,0.22456507216925983,0.016241695651186022,50.606562810505686,-0.14749473392005752,-0.38840766602950616,0.06454843753808095,0.9800253366846591,-0.09728506004904157,-0.4928232212259544,0.009595764449289243
0.13627254509018036,0.22455628215529463,0.016242565340210607,51.362005012377196,-0.14152913698179928,-0.38843986187367685,0.06394322005333843,0.9801480311801676,-0.09724122065849589,-0.49286376882187816,0.008978410803413186
0.13827655310621242,0.22454754608744854,0.01624412668906286,52.11746748510049,-0.13536113902745533,-0.3884808696809059,0.0634193815409731,0.9802534318774679,-0.0972170574868606,-0.49291251520307744,0.008444923479857487
0.1402805611222445,0.22453887344011406,0.016246280555716006,52.87294683438068,-0.12908334756324122,-0.3885299151739575,0.06297323267586644,0.980342409966702,-0.0972093961390693,-0.49296868914878783,0.007992054738251023
0.14228456913827653,0.2245302727245479,0.0162489328174791,53.62844012550488,-0.12277264411154255,-0.3885861991927642,0.06260048344697304,0.9804157463675165,-0.09721571502188162,-0.493031576919825,0.007615031254728721
0.1442885771543086,0.22452175154674708,0.016251995494830147,54.38394482768049,-0.11649230952376959,-0.388649015360609,0.0622960023227418,0.9804746681076588,-0.09723374238102132,-0.4931004205279261,0.0073084137655071236
0.14629258517034066,0.22451331662924473,0.01625538742252525,55.1394587640984,-0.11029390558922475,-0.3887176564692686,0.06205423604589624,0.9805203694587725,-0.09726142206173775,-0.4931745064298742,0.007066351572779633
0.14829659318637273,0.22450497386164855,0.01625903458473893,55.894980067836514,-0.10421892239818542,-0.38879144228253404,0.06186942685625851,0.9805540828534454,-0.09729700309548601,-0.4932531592097599,0.006882833376449447
0.1503006012024048,0.22449672725523134,0.016262870049039188,56.65050714555736,-0.09830015442353297,-0.388862506343922,0.06173682050943012,0.9805873827309218,-0.09733965478985769,-0.4933337708191188,0.006751865549492268
0.15230460921843686,0.22448858288020104,0.016266835065575653,57.406038642156595,-0.09256297741946069,-0.3889213698646401,0.061644443910340935,0.9805798669785362,-0.09736730098544037,-0.4934310771002704,0.006670760386192027
0.15430861723446893,0.2244805460743435,0.016270874428798213,58.161573364849,-0.08702760578450093,-0.3890429529896399,0.06160791121953116,0.9805893705254616,-0.09744012409697751,-0.493506694812593,0.0066183593251483664
0.156312625250501,0.22447261494229787,0.016274944009305143,58.91711041201132,-0.08170613834595823,-0.38911246057963894,0.06157871774094178,0.9806037272112703,-0.09749721201906428,-0.4936058081492511,0.006623649016475062
0.15831663326653306,0.22446479743740533,0.016279004711540035,59.67264889056354,-0.07660987382353429,-0.3892168442846146,0.0616094145529455,0.9805811729987889,-0.09753839756652431,-0.4936939474006076,0.006636256507273644
0.16032064128256512,0.2244570911071892,0.016283019624212785,60.428188177556734,-0.0717430030014555,-0.38930254260235836,0.0616415934698766,0.9805648132795393,-0.09761017240280677,-0.49379399659856166,0.006694057092662365
0.1623246492985972,0.224449498763962,0.016286961584060598,61.183727666263614,-0.0671090850055521,-0.3893867354729343,0.06171231634078536,0.9805663343545932,-0.0976685955263518,-0.4938914943966582,0.006761581641560741
0.16432865731462926,0.22444202261329305,0.016290807319422125,61.93926690699013,-0.06270769694862377,-0.3894962958752232,0.061800981275107046,0.9805383917478686,-0.09770921215943672,-0.4939758694728746,0.006847375512396841
0.16633266533066132,0.22443466260599304,0.0162945339281244,62.694805541258994,-0.058536202024188744,-0.38956558933598356,0.0618836041277388,0.9805149754640555,-0.09777640029759775,-0.49408830851738605,0.006962199559883035
0.16833667334669336,0.22442741836179472,0.016298127959408406,63.4503432016548,-0.05459232748542919,-0.3896746027135582,0.062008060609533934,0.9804789327791347,-0.0978211185745849,-0.4941792244050783,0.0070686646290015745
0.17034068136272543,0.22442028994628246,0.016301576034278755,64.20587973012147,-0.05086879901195019,-0.3897694282565967,0.06211372951416639,0.9804339928743562,-0.09788135099728829,-0.49427676098437817,0.0072044505424492915
0.1723446893787575,0.2244132796000181,0.016304867389643558,64.96141486522714,-0.04736121452139846,-0.3898652921475345,0.06224777194882426,0.9804235856629587,-0.09795215769215491,-0.4943737099299832,0.007328502950079378
0.17434869739478956,0.22440638367421356,0.016307998181928934,65.71694852269556,-0.04406107731734654,-0.3899655236518901,0.06237266228083037,0.9803911816858119,-0.0979969126982319,-0.49446529181926246,0.0074687736464565295
0.17635270541082163,0.22439960245430587,0.016310961839105867,66.47248057694601,-0.04096130315700867,-0.3900563218601714,0.0625039965590129,0.9803586535415679,-0.09805419349317418,-0.4945635072455934,0.00760900447928308
0.1783567134268537,0.22439293522892514,0.016313757161426173,67.22801096073337,-0.0380537405355392,-0.39015107845996183,0.06263939536707015,0.9803287975339278,-0.09810396615078383,-0.49465696668832965,0.007748207612840486
0.18036072144288576,0.2243863804408337,0.016316383160237653,67.98353964125535,-0.035329794796837566,-0.39024455883340026,0.06277201081187249,0.9802956321304096,-0.09815463686793888,-0.49474983377110476,0.007889483899811898
0.18236472945891782,0.2243799383808234,0.01631884096387347,68.73906659441677,-0.03278107780126553,-0.3903393625294843,0.06290351610063181,0.9802502977982093,-0.09820382776750976,-0.4948407001906184,0.008028496877444172
0.1843687374749499,0.22437360414003088,0.016321132194496938,69.49459182901256,-0.03039881727694407,-0.3904275577628078,0.06303549083504918,0.9802454153709615,-0.0982659461067262,-0.49493313025611835,0.008164479734163116
0.18637274549098196,0.22436737893136158,0.016323261794676445,70.25011536045636,-0.028174486491118297,-0.3905177180971594,0.06316016494184593,0.980209107697836,-0.09828801669583817,-0.49502130568893665,0.008301044646744542
0.18837675350701402,0.2243612607157579,0.01632523096580362,71.00563721244612,-0.02609979894651596,-0.39060278645816904,0.06328607252969723,0.9801728367492522,-0.09833930895167815,-0.49511261982692883,0.008430159833333744
0.1903807615230461,0.22435524849610555,0.016327046406773123,71.76115742839801,-0.024166383124911116,-0.3906923642019325,0.06340755692269956,0.9801482936332125,-0.09838170511569136,-0.49519769038202144,0.008554913399013124
0.19238476953907813,0.22434933978418067,0.01632871302633917,72.51667606114322,-0.02236604514237955,-0.39077800831015136,0.06352136092124114,0.9801204359961126,-0.09842167521571601,-0.4952832665613537,0.008677840429702974
0.1943887775551102,0.22434353325686046,0.01633023642344045,73.2721931568752,-0.02069115431152084,-0.3908613068009989,0.06363282171443514,0.980095075390905,-0.09846047208220313,-0.4953681546308253,0.008794088327315873
0.19639278557114226,0.22433782706580244,0.01633162270017743,74.02770877662533,-0.01913409328906123,-0.390944407723916,0.06373924535668646,0.9800696100545401,-0.09849706734241861,-0.4954506510949251,0.008905449667850686
0.19839679358717432,0.22433221953179003,0.016332877949206605,74.78322298138777,-0.01768761639273685,-0.39102570629347977,0.06384027531535741,0.9800455516606166,-0.09853324309049999,-0.4955320163654616,0.009011882074351272
0.2004008016032064,0.22432670894125223,0.01633400856258741,75.5387358333015,-0.016344804253109253,-0.39110551113230246,0.06393641623023374,0.9800231114038906,-0.09856737520653497,-0.4956119274578188,0.009112886144481407
0.20240480961923846,0.22432129351065078,0.016335020883152338,76.2942473965411,-0.015099026424500705,-0.3911838641033369,0.06402743971194415,0.9800013727794984,-0.09860003478732547,-0.49569038654479647,0.00920864718899029
0.20440881763527052,0.22431597153725782,0.01633592124404772,77.04975773501481,-0.013943982850653182,-0.3912606165265546,0.0641133957620567,0.979980945275656,-0.09863138360674993,-0.4957675193217617,0.009299147093349313
0.2064128256513026,0.22431074127420453,0.01633671594208341,77.80526691218732,-0.012873692477642812,-0.39133632266537943,0.06419462501346766,0.979961115092019,-0.09866166026432578,-0.49584293772951393,0.009384278238816626
0.20841683366733466,0.2243056009467774,0.016337412115428388,78.56077498948113,-0.011882518421435923,-0.3914215170331506,0.06427649314574738,0.979939262446223,-0.09868638616428854,-0.4959082583506168,0.00946037666228552
0.21042084168336672,0.22430054875105426,0.01633801321542154,79.31628204106931,-0.010964781192594732,-0.3914834815004147,0.06433606924205856,0.9799245222784495,-0.09872622543814571,-0.49598979898573337,0.009544305051595068
0.2124248496993988,0.2242955837754071,0.016338527757570963,80.07178809718296,-0.010116154270092388,-0.3915523390716394,0.06440962550261276,0.9799164912744189,-0.0987423959934842,-0.49606242206102685,0.009609286491056603
0.21442885771543085,0.22429070294534112,0.016338960198441544,80.82729324526944,-0.009331136154154294,-0.39162437700180913,0.06447109450467142,0.9798904507345273,-0.09876645632641845,-0.4961308306130897,0.009676135178154086
0.21643286573146292,0.22428590620682037,0.016339315852598568,81.5827975271574,-0.008605594325723324,-0.3916921289406433,0.06452913918309201,0.9798802856865378,-0.09879738266554336,-0.4962003638621169,0.009737043973546801
0.21843687374749496,0.22428119115889023,0.016339600932542282,82.33830100010749,-0.007935226048975397,-0.39176025219196026,0.06458254085102753,0.9798677317965793,-0.09881697358069934,-0.49626680750639673,0.00979429491151582
0.22044088176352702,0.22427655623877735,0.016339819739600702,83.09380371483832,-0.0073160991577448055,-0.3918252044068446,0.06463206152519128,0.9798537277759396,-0.0988402894953707,-0.49633361724912917,0.009847477616448039
0.2224448897795591,0.22427200016394228,0.016339977378145538,83.84930571868252,-0.00674455597839075,-0.39188992667492983,0.06467872215058476,0.9798426893168269,-0.09886182777859069,-0.4963983074245441,0.00989595912388705
0.22444889779559116,0.22426752124374044,0.016340078401770566,84.60480706069195,-0.006217075589729687,-0.39195340962789127,0.06472090939333713,0.979831390080791,-0.09888248008116142,-0.4964617434857034,0.009941449182376829
0.22645290581162322,0.22426311809510516,0.0163401271312722,85.36030778349254,-0.005730465277665243,-0.39201526851264173,0.06475998958267226,0.9798214872863628,-0.09890260370494348,-0.4965242717571597,0.009983164396499202
0.2284569138276553,0.22425878923701542,0.01634012773790265,86.11580792931748,-0.005281698490232692,-0.39207613934628066,0.06479590588269807,0.979812050927007,-0.0989215031667284,-0.4965854289775207,0.010021521949527237
0.23046092184368736,0.22425453325897626,0.016340084080776085,86.87130753783124,-0.004867959049808949,-0.39213577502876673,0.06482872565477536,0.9798031699614944,-0.09894000465117604,-0.4966454855087293,0.010056781278155865
0.23246492985971942,0.22425034878767214,0.01633999985817485,87.62680664641488,-0.004486623852806789,-0.3921937495753721,0.0648586700601286,0.9797950212723399,-0.09895777127463183,-0.4967047801298192,0.010089087405785022
0.2344689378757515,0.22424623448968733,0.01633987854053892,88.38230528932647,-0.00413527468826823,-0.39225174748317176,0.06488628347457615,0.9797875055721367,-0.09897459234410994,-0.49676210123048753,0.010118325644532281
0.23647294589178355,0.2242421890107545,0.016339723332541113,89.13780350121012,-0.0038116015199737715,-0.39230803428682404,0.0649106986929308,0.9797804269648139,-0.09899147404108068,-0.4968188350959716,0.010145458361847862
0.23847695390781562,0.22423821111375697,0.01633953733734441,89.8933013116127,-0.0035135314048187136,-0.39236312739058077,0.06493316906553882,0.9797743882731437,-0.09900723936069818,-0.4968745814545165,0.010169801397920106
0.24048096192384769,0.2242342994858737,0.016339323399607968,90.64879875023739,-0.0032390893997209357,-0.3924173188347171,0.06495338216985219,0.9797682719838998,-0.0990223906721093,-0.4969291854078518,0.01019191035335434
0.24248496993987975,0.22423045293078403,0.016339084168904384,91.4042958441336,-0.0029864614866515196,-0.3924704614180024,0.06497153692802711,0.979762776663271,-0.09903734107261468,-0.4969828137394392,0.01021185774545081
0.2444889779559118,0.22422667024591428,0.01633882216243567,92.1597926187783,-0.0027539606125444724,-0.3925226435230225,0.06498774436396779,0.9797578109253301,-0.09905164182241272,-0.49703541837472676,0.010229816285643931
0.24649298597194386,0.22422295024995417,0.016338539696422332,92.91528909793878,-0.0025400238625177623,-0.3925738123237284,0.06500214463436482,0.9797531783917476,-0.09906547712836973,-0.49708708982723504,0.010245925120207612
0.24849699398797592,0.22421929180256697,0.016338238934511938,93.67078530371407,-0.002343205384619631,-0.3926240371800642,0.06501491027880461,0.9797489390424348,-0.09907887517769404,-0.497137815534692,0.01026027465698748
0.250501002004008,0.22421569378286765,0.016337921888854967,94.42628125681641,-0.002162163791167632,-0.39267335024233546,0.06502611871939518,0.9797450378732245,-0.0990918518126184,-0.49718760974850357,0.010273021410432352
0.25250501002004005,0.22421215509861814,0.016337590425549914,95.18177697647444,-0.0019956593903278337,-0.3927217517752911,0.06503589025229013,0.979741475736686,-0.09910443784271847,-0.49723651039648614,0.010284275282728675
0.2545090180360721,0.22420867468126165,0.0163372462763042,95.93727248058399,-0.0018425455677263728,-0.39276927091193653,0.06504433737962177,0.9797382196306611,-0.09911663199189855,-0.4972845313281552,0.010294142484312731
0.2565130260521042,0.22420525148639572,0.016336891042629927,96.6927677857914,-0.0017017621999403554,-0.3928159279905941,0.06505155776957693,0.9797352397396926,-0.09912846761169745,-0.4973316936518763,0.010302728986428753
0.25851703406813625,0.22420188449411121,0.01633652620576454,97.44826290755441,-0.0015723299428775375,-0.39286174397023016,0.06505764667235625,0.979732525041507,-0.09913996215058402,-0.4973780160367352,0.010310131142324278
0.2605210420841683,0.2241985727067685,0.016336153133480996,98.20375786022583,-0.0014533442433252003,-0.3929067380830854,0.0650626910788198,0.9797300538677596,-0.09915112902531202,-0.49742351735007734,0.010316441861050732
0.2625250501002004,0.2241953151491041,0.016335773086686725,98.95925265711612,-0.0013439701606757781,-0.39295092832095363,0.06506677499505163,0.9797278080912983,-0.09916198541731058,-0.49746821667495894,0.010321746250269251
0.26452905811623245,0.22419211086742583,0.016335387226530815,99.71474731056425,-0.0012434372354564196,-0.3929943338115528,0.0650699764012837,0.9797257709366763,-0.09917254569926329,-0.49751213109080206,0.010326124486286824
0.2665330661322645,0.22418895892716564,0.016334996620470967,100.47024183200823,-0.0011510346162190849,-0.3930369301537309,0.06507236379976034,0.9797238608945914,-0.09918282140345781,-0.4975552522738319,0.010329653455736333
0.2685370741482966,0.22418585841975636,0.016334602249036274,101.2257362320134,-0.0010661074656474628,-0.3930788059631184,0.06507401043533849,0.9797221505822514,-0.09919282348476832,-0.49759762410712666,0.010332398510917907
0.27054108216432865,0.2241828084493165,0.01633420501074982,101.98123052038213,-0.0009880515530756237,-0.393119980485431,0.0650749858320271,0.9797207056073437,-0.09920258377311206,-0.49763931342034284,0.010334429900546081
0.2725450901803607,0.22417980814306585,0.01633380572893963,102.7367247061767,-0.0009163101987597685,-0.39316040777050926,0.06507532890371366,0.9797193159230567,-0.09921209100088256,-0.49768023761886293,0.010335809969059957
0.2745490981963928,0.22417685664536008,0.016333405156137598,103.49221879774505,-0.0008503713509082117,-0.3932001615588092,0.065075123340451,0.9797181618042088,-0.09922136042622019,-0.4977204981921116,0.01033658580255954
0.27655310621242485,0.2241739531196838,0.01633300397757637,104.24771280283603,-0.000789762583760825,-0.39323924178963787,0.0650743906155053,0.979717114510191,-0.09923041817193638,-0.49776006022493086,0.010336824488540874
0.2785571142284569,0.22417109674152294,0.016332602819187775,105.0032067285814,-0.0007340495913986494,-0.3932775998277924,0.06507319918824915,0.9797161333563228,-0.0992392530167122,-0.49779892348689586,0.010336560422943184
0.280561122244489,0.2241682867123457,0.016332202249477543,105.75870058156968,-0.000682832531460353,-0.3933153297148192,0.06507158033152059,0.9797152961549102,-0.09924787928076656,-0.49783713346192904,0.010335849702414466
0.282565130260521,0.22416552224246428,0.01633180278358147,106.51419436788701,-0.0006357433459125611,-0.393352388280868,0.0650695690353781,0.9797145547093411,-0.09925631053638073,-0.49787471607559597,0.010334739117053186
0.28456913827655306,0.22416280256098478,0.01633140488983203,107.26968809309435,-0.0005924447799341066,-0.39338883953076376,0.0650672385172567,0.9797138881361497,-0.09926453465041925,-0.49791164540255556,0.01033324129020735
0.2865731462925851,0.22416012691212053,0.016331008988033233,108.0251817624024,-0.000552624593642668,-0.3934246733005169,0.0650645826176658,0.9797133102800698,-0.099272608175394,-0.49794795316587076,0.010331421920726423
0.2885771543086172,0.2241574945557914,0.016330615460129375,108.78067538054466,-0.0005159974187161223,-0.3934598966155949,0.0650616500484986,0.979712830096845,-0.09928049345941317,-0.4979836534304371,0.010329301601234894
0.29058116232464926,0.22415490476395697,0.016330224647549497,109.53616895190382,-0.0004823003964168216,-0.3934945248850095,0.06505847059339363,0.9797124086825995,-0.09928820129967385,-0.49801875606320956,0.01032691265616718
0.2925851703406813,0.22415235682463344,0.016329836855536708,110.29166248050713,-0.00045129217785691155,-0.39352857142896663,0.0650550733986533,0.9797120499026439,-0.09929575260615309,-0.49805327203378685,0.010324281561234877
0.2945891783567134,0.2241498500392003,0.01632945235755151,111.04715597006617,-0.0004227508998858104,-0.39356204925515303,0.06505148062829386,0.9797117518684755,-0.09930314649582112,-0.49808721091112,0.010321436725564596
0.29659318637274545,0.22414738372207343,0.016329071396408552,111.80264942399228,-0.0003964728605913387,-0.3935949665736103,0.0650477152838142,0.9797115073434022,-0.09931038826036287,-0.4981205857309347,0.010318402606291277
0.2985971943887775,0.22414495720077407,0.01632869418710834,112.55814284541907,-0.0003722710801632572,-0.3936273349834003,0.06504380047107677,0.9797113120899034,-0.09931748257145548,-0.49815340703903216,0.01031520015781025
0.3006012024048096,0.22414256981536654,0.016328320918993302,113.31363623722892,-0.0003499738422843641,-0.3936591658983148,0.06503975532237806,0.9797111614673988,-0.09932443510628,-0.4981856850170176,0.010311850257681098
0.30260521042084165,0.22414022091808808,0.016327951758242427,114.06912960206604,-0.00032942362750478085,-0.39369047464142964,0.06503560178657902,0.9797110447546898,-0.09933124706293085,-0.49821742420021525,0.010308368897570782
0.3046092184368737,0.22413790987363336,0.016327586847787325,114.8246229423746,-0.00031047548585453813,-0.39372125295363597,0.06503134081729293,0.9797109747634989,-0.09933794010284547,-0.49824864890651044,0.010304784154006059
0.3066132264529058,0.22413563605821168,0.016327226313515544,115.58011626036868,-0.00029299715869838985,-0.39375152466053437,0.06502700599276726,0.9797109441187792,-0.09934449355756106,-0.49827935684152147,0.0103010982810328
0.30861723446893785,0.22413339885763378,0.016326870261933944,116.33560955810736,-0.00027686663260221845,-0.3937812969688764,0.06502260343979792,0.9797109193382776,-0.09935090304051991,-0.49830955892148504,0.0102973331558161
0.3106212424849699,0.22413119767194953,0.01632651878024493,117.09110283745133,-0.00026197269920069714,-0.393810585368001,0.06501815684094063,0.9797109283163932,-0.09935721865469979,-0.4983392616988243,0.010293491629033983
0.312625250501002,0.22412903190998465,0.016326171944742954,117.84659610015142,-0.0002482122515591997,-0.3938393941938148,0.06501365505573524,0.9797109665234258,-0.09936340999245996,-0.4983684755919027,0.010289603394026405
0.31462925851703405,0.2241269009914535,0.01632582981551317,118.60208934777063,-0.00023549179712582032,-0.39386772275166454,0.06500912244975807,0.9797110283595615,-0.09936948343584415,-0.4983972166895184,0.010285669266273079
0.3166332665330661,0.22412480434623294,0.01632549244051775,119.3575825817538,-0.00022372529947158043,-0.39389558878722075,0.06500457070297315,0.9797111051132427,-0.09937544161244886,-0.49842548655470875,0.010281697984765645
0.3186372745490982,0.2241227414144787,0.01632515985570493,120.11307580343062,-0.00021283373306043912,-0.39392300006086156,0.06500000430112013,0.97971119716998,-0.09938129526711516,-0.4984532942039178,0.010277701713492023
0.32064128256513025,0.22412071164635056,0.016324832087014695,120.86856901401339,-0.00020274479256323605,-0.3939499634066677,0.06499543156764202,0.9797113074001765,-0.0993870431614595,-0.4984806484359509,0.010273688288355984
0.3226452905811623,0.22411871450123752,0.016324509150755274,121.6240622146127,-0.0001933921862057555,-0.3939764864526507,0.06499085991752233,0.9797114307508358,-0.09939268633517702,-0.49850755732032803,0.010269665278310426
0.3246492985971944,0.22411674944807036,0.016324191054414065,122.37955540624382,-0.00018471518596222734,-0.39400257708114805,0.06498629640311483,0.9797115655244679,-0.09939822913594165,-0.4985340285632829,0.010265639106753188
0.32665330661322645,0.22411481596498897,0.016323877797734396,123.13504858983598,-0.0001766581270208301,-0.39402824327990327,0.06498174661245751,0.9797117108846501,-0.09940367387882114,-0.4985600693776809,0.01026161615530821
0.3286573146292585,0.22411291353908266,0.016323569373352928,123.89054176623868,-0.00016917000913620292,-0.3940534921414953,0.06497721560582195,0.9797118655574512,-0.09940902282442715,-0.49858568736709113,0.010257602201055939
0.3306613226452906,0.22411104166623705,0.016323265767506274,124.64603493622765,-0.0001622041218598952,-0.39407833080351123,0.06497270831902688,0.9797120283410826,-0.0994142780399427,-0.49861088981767177,0.010253602162668823
0.33266533066132264,0.2241091998516899,0.016322966960535406,125.40152810051286,-0.00015571764043688727,-0.3941027645087852,0.06496822763819296,0.9797122153788755,-0.09941944710696561,-0.4986356851882181,0.010249620750976608
0.33466933867735466,0.2241073876059529,0.016322672928694486,126.15702125973915,-0.00014967141936372757,-0.3941268051168052,0.06496378045316935,0.9797123721176556,-0.09942450599072067,-0.4986600761030431,0.01024566256845839
0.3366733466933867,0.22410560445259228,0.016322383640394237,126.91251441449451,-0.0001440296169746093,-0.3941504543497419,0.06495937042045781,0.9797125502825617,-0.09942950528618168,-0.49868407495595746,0.010241728032500662
0.3386773547094188,0.22410384992045995,0.01632209906420277,127.6680075653229,-0.00013875921000863843,-0.3941737243658504,0.0649549957432354,0.9797127397794213,-0.09943440505341021,-0.49870768217986966,0.01023782485986245
0.34068136272545085,0.22410212354605935,0.016321819162084226,128.42350071271454,-0.0001338300989932881,-0.39419661392947986,0.06495066068082662,0.9797129270194351,-0.0994392221775092,-0.4987309109975965,0.010233955317819043
0.3426853707414829,0.22410042487476203,0.01632154389358967,129.17899385711064,-0.0001292148538572394,-0.39421913411379556,0.06494637168977743,0.9797131183657204,-0.09944395741365808,-0.4987537641419309,0.01023011849944949
0.344689378757515,0.22409875345893485,0.016321273215333235,129.93448699892286,-0.0001248881022807079,-0.3942412917081054,0.06494212692407175,0.9797133102899591,-0.09944861274229184,-0.49877624744500204,0.010226319757473856
0.34669338677354705,0.2240971088587143,0.016321007081267994,130.68998013852018,-0.00012082675314667417,-0.39426309093644274,0.06493792897903869,0.9797135049423362,-0.09945319037676245,-0.49879836845654135,0.010222560353255916
0.3486973947895791,0.22409549064139872,0.016320745443269016,131.44547327623889,-0.00011700964219981074,-0.39428453844659406,0.06493377982446086,0.9797137006138419,-0.09945768988169128,-0.4988201325911018,0.010218841782157432
0.3507014028056112,0.22409389838147303,0.01632048825109428,132.20096641238496,-0.00011341737544563549,-0.394305639992787,0.06492968060763683,0.9797138961510649,-0.09946211418039348,-0.498841545892912,0.010215165708650812
0.35270541082164325,0.22409233166054662,0.01632023545288419,132.95645954723574,-0.00011003220466107508,-0.39432640143039255,0.06492563252868691,0.9797140919306497,-0.09946646464308044,-0.4988626140430213,0.010211533330765151
0.3547094188376753,0.22409079006708968,0.016319986995343493,133.7119526810433,-0.00010683786763571999,-0.3943468283363626,0.06492163636063705,0.9797142872931266,-0.09947074243862226,-0.49888334273889723,0.010207945892834807
0.3567134268537074,0.22408927319637473,0.016319742823932927,134.46744581403564,-0.00010381948062486599,-0.39436692613555535,0.06491769296829143,0.9797144818640062,-0.09947494906462154,-0.4989037376222669,0.010204404250947603
0.35871743486973945,0.2240877806503371,0.016319502883102056,135.2229389464193,-0.00010096341159891703,-0.3943867003143576,0.06491380298324473,0.9797146752744149,-0.09947908582031442,-0.49892380409630827,0.010200909162331727
0.3607214428857715,0.22408631203745433,0.016319267116456575,135.97843207838116,-0.0000982571745140399,-0.39440615630367887,0.06490996685805367,0.9797148674932343,-0.09948315409248752,-0.49894354767502724,0.010197461278585779
0.3627254509018036,0.22408486697263805,0.016319035466934036,136.73392521008986,-0.00009568933580328772,-0.3944253000748311,0.06490618504489003,0.9797150599682367,-0.09948715525985469,-0.49896297443304716,0.010194061082650608
0.36472945891783565,0.22408344507708222,0.016318807876951974,137.48941834169787,-0.0000932494205345573,-0.3944441356800946,0.06490245765524513,0.9797152500687908,-0.09949109037552538,-0.49898208843854497,0.010190708958295772
0.3667334669338677,0.22408204597819165,0.01631858428854356,138.24491147334209,-0.00009092783497352105,-0.3944626681983498,0.0648987848296287,0.9797154376972773,-0.09949496066706605,-0.49900089484390153,0.010187405166477249
0.3687374749498998,0.2240806693094573,0.01631836464348503,139.0004046051461,-0.00008871578924197525,-0.394480902620868,0.06489516661042356,0.9797156227781466,-0.09949876731075005,-0.4990193987042347,0.01018414987311615
0.37074148296593185,0.22407931471034884,0.016318148883407022,139.75589773722052,-0.00008660522959605678,-0.3944988438433992,0.0648916029541945,0.9797158052444467,-0.09950251145575668,-0.4990376049884267,0.010180943156142585
0.3727454909819639,0.22407798182621053,0.016317936949896503,140.51139086966492,-0.00008458877616834948,-0.3945164966751575,0.0648880937446675,0.9797159850448919,-0.09950619422220433,-0.4990555185755722,0.010177785010720811
0.374749498997996,0.2240766703081585,0.016317728784588745,141.266884002568,-0.00008265966527072479,-0.3945338658407206,0.0648846387949234,0.9797161621379575,-0.09950981670295922,-0.499073144257193,0.010174675360758273
0.37675350701402804,0.22407537981298095,0.016317524329250092,142.022377136009,-0.00008081169632916404,-0.3945509559798642,0.06488123785614675,0.9797163364941694,-0.09951337996553469,-0.49909048674074746,0.010171614065061028
0.3787575150300601,0.22407411000304064,0.016317323525852388,142.7778702700586,-0.00007903918417102901,-0.39456777165039814,0.0648778906244549,0.9797165080928549,-0.09951688505085789,-0.49910755065054097,0.010168600923959716
0.3807615230460922,0.22407286054617903,0.01631712631663955,143.53336340477944,-0.00007733691516090429,-0.3945843173296872,0.06487459674648828,0.9797166769202909,-0.09952033297611511,-0.49912434052966526,0.010165635685458713
0.38276553106212424,0.22407163111562275,0.016316932644187286,144.2888565402268,-0.00007570010678789681,-0.39460059741658193,0.06487135582477715,0.9797168429694847,-0.09952372473537772,-0.4991408608415295,0.010162718050542204
0.38476953907815625,0.22407042138989186,0.01631674245145652,145.0443496764495,-0.0000741243708323996,-0.3946166162330305,0.06486816742263357,0.9797170062387308,-0.09952706130033782,-0.4991571159715789,0.010159847678616224
0.3867735470941883,0.22406923105271034,0.01631655568184072,145.79984281349044,-0.00007260567963711761,-0.39463237802557033,0.06486503106874221,0.9797171667306993,-0.09953034362120036,-0.49917311022892746,0.010157024192011664
0.3887775551102204,0.22406805979291844,0.016316372279207896,146.55533595138692,-0.00007114033550272905,-0.394647886966895,0.06486194626132749,0.9797173244515627,-0.09953357262747085,-0.49918884784769957,0.010154247180249097
0.39078156312625245,0.22406690730438597,0.01631619218793781,147.31082909017138,-0.0000697249420422095,-0.39466314715733697,0.0648589124717135,0.9797174794099952,-0.09953674922883123,-0.49920433298850886,0.010151516203873
0.3927855711422845,0.22406577328592875,0.016316015352954686,148.06632222987156,-0.00006835637910818619,-0.39467816262634303,0.06485592914777853,0.9797176316165686,-0.0995398743154879,-0.4992195697399644,0.010148830797895416
0.3947895791583166,0.22406465744122497,0.01631584171975581,148.8218153705114,-0.00006703177854799201,-0.39469293733384975,0.06485299571726928,0.9797177810830191,-0.09954294875920164,-0.4992345621199967,0.01014619047529446
0.39679358717434865,0.22406355947873502,0.016315671234436366,149.57730851211085,-0.00006574850292701828,-0.39470747517157817,0.06485011159043083,0.9797179278216537,-0.09954597341357099,-0.4992493140771308,0.010143594729723076
0.3987975951903807,0.2240624791116215,0.016315503843710902,150.33280165468676,-0.00006450412611920556,-0.3947217799643056,0.06484727616272817,0.9797180718446957,-0.09954894911495683,-0.49926382949174597,0.010141043038341412
0.4008016032064128,0.22406141605767121,0.016315339494931785,151.08829479825266,-0.00006329641500924198,-0.3947358554712145,0.06484448881696439,0.9797182131637527,-0.09955187668253365,-0.4992781121773969,0.010138534863982092
0.40280561122244485,0.22406037003921855,0.016315178136104922,151.84378794281946,-0.00006212331276499541,-0.3947497053870933,0.0648417489256254,0.9797183517894209,-0.09955475691908261,-0.49929216588202496,0.010136069657597066
0.4048096192384769,0.22405934078307096,0.01631501971590267,152.59928108839554,-0.00006098292400224447,-0.39476333334346403,0.06483905585278393,0.9797184877308175,-0.09955759061143142,-0.4993059942890755,0.010133646860257625
0.406813627254509,0.22405832802043454,0.016314864183674605,153.354774234987,-0.000059873501123486777,-0.3947767429097299,0.06483640895576011,0.9797186209951677,-0.09956037853084536,-0.49931960101860573,0.010131265904847236
0.40881763527054105,0.22405733148684198,0.016314711489456183,154.11026738259795,-0.00005879343178026133,-0.39478993759432907,0.06483380758675593,0.9797187515873537,-0.09956312143353739,-0.4993329896284666,0.010128926217794368
0.4108216432865731,0.22405635092208137,0.016314561583975526,154.86576053123062,-0.000057741227296885145,-0.3948029208458683,0.06483125109425972,0.9797188795097098,-0.09956582006077407,-0.49934616361541306,0.010126627220490547
0.4128256513026052,0.22405538607012698,0.016314414418658336,155.62125368088562,-0.00005671551200706655,-0.3948156960541117,0.06482873882443971,0.9797190047617007,-0.09956847513953429,-0.4993591264160916,0.010124368330809977
0.41482965931863724,0.22405443667907016,0.01631426994563138,156.37674683156195,-0.000055715013718933166,-0.39482826655098024,0.06482627012214458,0.9797191273396532,-0.09957108738266972,-0.4993718814080414,0.01012214896409845
0.4168336673346693,0.22405350250105208,0.016314128117724504,157.13223998325745,-0.000054738555409625636,-0.394840635611597,0.06482384433210758,0.9797192472363793,-0.0995736574894387,-0.49938443191074783,0.010119968534446865
0.4188376753507014,0.22405258329219796,0.016313988888471485,157.88773313596863,-0.000053785046583876026,-0.39485280645534127,0.06482146079974702,0.9797193644410649,-0.09957618614549103,-0.49939678118665326,0.010117826455532858
0.42084168336673344,0.224051678812552,0.01631385221210964,158.64322628969097,-0.00005285347597253682,-0.3948647822467118,0.06481911887212612,0.9797194789391129,-0.09957867402339073,-0.49940893244207946,0.01011572214164165
0.4228456913827655,0.22405078882601365,0.016313718043578285,159.39871944441904,-0.000051942905478595435,-0.3948765660962367,0.06481681789873371,0.9797195907118966,-0.09958112178290496,-0.49942088882809976,0.010113655008479182
0.4248496993987976,0.22404991310028644,0.01631358633851643,160.15421260014642,-0.000051052464760195056,-0.3948881620598425,0.06481455735119994,0.9797197019346023,-0.09958353024053938,-0.49943265448262847,0.010111624471442615
0.42685370741482964,0.2240490514067792,0.016313457053259976,160.90970575686592,-0.000050181341704227725,-0.39489957206384413,0.06481233646497979,0.9797198102102063,-0.09958589986676189,-0.499444231332422,0.010109629962307186
0.4288577154308617,0.224048203520584,0.016313330144837507,161.66519891457006,-0.000049328781437596346,-0.394910799044164,0.06481015460062287,0.9797199154845424,-0.09958823128554158,-0.4994556223635266,0.010107670906267265
0.4308617234468938,0.2240473692204045,0.01631320557096564,162.4206920732503,-0.00004849408073150038,-0.3949218459687188,0.06480801113312482,0.979720017880536,-0.0995905251229553,-0.4994668305963012,0.01010574673210061
0.43286573146292584,0.2240465482884969,0.016313083290044047,163.1761852328978,-0.00004767658319136444,-0.3949327157557641,0.06480590544292517,0.9797201175162694,-0.09959278199450743,-0.49947785900025016,0.010103856873263688
0.4348697394789579,0.22404574051061193,0.016312963261149855,163.93167839350326,-0.00004687567577636344,-0.39494341127477517,0.06480383691626113,0.9797202145048535,-0.0995950025051552,-0.4994887104949087,0.010102000768302413
0.4368737474949899,0.22404494567593883,0.016312845444031505,164.68717155505686,-0.00004609078452555076,-0.3949539353472272,0.064801804945466,0.979720308954455,-0.09959718724942804,-0.4994993879506175,0.01010017786114157
0.438877755511022,0.2240441635770495,0.01631272979910219,165.4426647175487,-0.000045321371983618884,-0.3949642907472988,0.06479980892935339,0.9797204009681841,-0.09959933681186896,-0.499509894189231,0.010098387601555663
0.44088176352705405,0.22404339400984366,0.01631261628743284,166.19815788096838,-0.00004456693484851776,-0.3949744802026544,0.0647978482733458,0.9797204906438983,-0.09960145176703009,-0.49952023198492745,0.01009662944525913
0.4428857715430861,0.22404263677349548,0.01631250487074523,166.9536510453052,-0.00004382699967175594,-0.3949845063952765,0.06479592238953374,0.979720578074236,-0.09960353267950825,-0.49953040406499505,0.010094902853980585
0.4448897795591182,0.22404189167040064,0.01631239551140443,167.7091442105485,-0.00004310112158862124,-0.39499437196215437,0.06479403069716685,0.979720663346562,-0.09960558010441306,-0.49954041311057856,0.010093207296034492
0.44689378757515025,0.22404115850612424,0.016312288172411073,168.46463737668716,-0.0000423888814470896,-0.39500407949595584,0.0647921726225527,0.9797207465429474,-0.0996075945872865,-0.4995502617573439,0.010091542246191347
0.4488977955911823,0.22404043708934981,0.016312182817393602,169.22013054371016,-0.00004168988388531404,-0.3950136315457302,0.06479034759924303,0.9797208277400369,-0.09960957666444516,-0.49955995259616653,0.010089907185897381
0.4509018036072144,0.2240397272318291,0.016312079410600228,169.9756237116062,-0.00004100375571070003,-0.3950230306176664,0.06478855506805581,0.9797209070090176,-0.09961152686291583,-0.499569488173907,0.010088301603293357
0.45290581162324645,0.22403902874833254,0.016311977916890846,170.731116880364,-0.000040330143898261215,-0.39503227917577344,0.06478679447724729,0.9797209844156117,-0.09961344570069297,-0.4995788709941077,0.010086724993440778
0.4549098196392785,0.22403834145660081,0.01631187830172874,171.4866100499722,-0.00003966871368873449,-0.3950413796424733,0.06478506528253432,0.9797210600201359,-0.09961533368689443,-0.49958810351758887,0.010085176858321478
0.4569138276553106,0.22403766517729676,0.016311780531172174,172.24210322041938,-0.000039019148122732884,-0.39505033439926035,0.06478336694709909,0.9797211338773303,-0.09961719132186571,-0.49959718816309223,0.01008365670689206
0.45891783567134264,0.22403699973395863,0.01631168457186613,172.9975963916941,-0.00003838114581499786,-0.39505914578738555,0.06478169894151087,0.9797212060363609,-0.09961901909725109,-0.4996061273079936,0.010082164054995568
0.4609218436873747,0.22403634495295374,0.016311590391033894,173.753089563785,-0.00003775442007547215,-0.3950678161084998,0.06478006074393126,0.979721276540833,-0.09962081749624535,-0.4996149232889698,0.010080698425560333
0.4629258517034068,0.22403570066343292,0.016311497956468492,174.50858273668064,-0.000037138697746012385,-0.3950763476252539,0.06477845183991623,0.9797213454288555,-0.09962258699343159,-0.49962357840253935,0.010079259348462696
0.46492985971943884,0.22403506669728598,0.016311407236524255,175.2640759103697,-0.00003653371831145834,-0.39508474256181364,0.06477687172255316,0.9797214127329072,-0.0996243280553382,-0.49963209490567256,0.010077846360660347
0.4669338677354709,0.22403444288909746,0.016311318200108355,176.01956908484087,-0.000035939232998820754,-0.39509300310457,0.0647753198922201,0.9797214784798096,-0.09962604114015387,-0.499640475016428,0.010076459005944447
0.468937875751503,0.2240338290761032,0.016311230816672455,176.77506226008273,-0.000035355003612196794,-0.3951011314027307,0.06477379585661396,0.9797215426908242,-0.09962772669786124,-0.4996487209145949,0.010075096834965968
0.47094188376753504,0.22403322509814827,0.016311145056204266,177.53055543608423,-0.000034780801795870314,-0.3951091295688353,0.06477229913087669,0.9797216053816089,-0.09962938517063027,-0.49965683474221495,0.010073759405430757
0.4729458917835671,0.22403263079764457,0.016311060889219027,178.28604861283426,-0.00003421640884828912,-0.39511699967929287,0.06477082923738608,0.9797216665622156,-0.09963101699274327,-0.49966481860411566,0.01007244628185745
0.4749498997995992,0.2240320460195298,0.016310978286751272,179.04154179032176,-0.00003366161491780654,-0.39512474377499746,0.06476938570561548,0.979721726237006,-0.09963262259060922,-0.4996726745685121,0.010071157035446423
0.47695390781563124,0.22403147061122694,0.016310897220346586,179.7970349685357,-0.00003311621795399035,-0.3951323638618994,0.06476796807211173,0.9797217844047419,-0.09963420238288495,-0.49968040466761837,0.010069891244066872
0.4789579158316633,0.22403090442260426,0.016310817662053438,180.55252814746527,-0.000032580023019173003,-0.39513986191150385,0.06476657588047698,0.9797218410586332,-0.09963575678060863,-0.4996880108981362,0.010068648492266923
0.48096192384769537,0.22403034730593613,0.016310739584414913,181.3080213270998,-0.00003205284259041983,-0.395147239861337,0.06476520868136057,0.9797218961862212,-0.09963728618747959,-0.49969549522174883,0.010067428371273496
0.48296593186372744,0.2240297991158644,0.016310662960460652,182.06351450742847,-0.00003153449565708029,-0.39515449961554133,0.06476386603206864,0.9797219497694533,-0.09963879099949262,-0.49970285956566324,0.010066230478566382
0.4849699398797595,0.22402925970936022,0.016310587763699005,182.8190076884409,-0.00003102480731016135,-0.39516164304538665,0.06476254749679893,0.9797220017845861,-0.09964027160552444,-0.49971010582319664,0.010065054418188066
0.48697394789579157,0.22402872894569692,0.016310513968108873,183.57450087012668,-0.000030523609592673674,-0.3951686728003908,0.06476125274246783,0.9797220539859686,-0.09964172852332792,-0.49971723669931173,0.010063899797889297
0.4889779559118236,0.2240282066863842,0.016310441548132167,184.32999405247534,-0.000030030737801135405,-0.39517559001028146,0.06475998127343899,0.9797221048520731,-0.09964316202972796,-0.49972425332109227,0.010062766244352117
0.49098196392785565,0.22402769279515622,0.0163103704786659,185.0854872354769,-0.00002954603286166094,-0.3951823962061523,0.06475873264764556,0.9797221538214553,-0.09964457245671188,-0.4997311572420543,0.01006165338323146
0.4929859719438877,0.22402718713793443,0.01631030073505451,185.84098041912125,-0.000029069341194589308,-0.39518909319687623,0.06475750646538446,0.9797222010072278,-0.0996459601796464,-0.499737950305927,0.010060560844504568
0.4949899799599198,0.2240266895827887,0.016310232293082465,186.5964736033984,-0.000028600513242702113,-0.39519568276083483,0.0647563023335976,0.9797222465169132,-0.099647325567854,-0.49974463432496985,0.010059488264573846
0.49699398797595185,0.22402619999990317,0.016310165128966724,187.35196678829857,-0.00002813940352674477,-0.39520216664629204,0.06475511986582201,0.979722290452398,-0.0996486689847961,-0.4997512110803817,0.010058435286241943
0.4989979959919839,0.22402571826154205,0.016310099219349262,188.10745997381215,-0.00002768587127943242,-0.3952085465718646,0.0647539586821268,0.9797223329098501,-0.09964999078814303,-0.49975768232276263,0.010057401558616393
0.501002004008016,0.22402524424201628,0.01631003454128998,188.86295315992953,-0.000027239779300861944,-0.3952148242270459,0.06475281840879006,0.9797223739797748,-0.09965129132944649,-0.49976404977261796,0.010056386736756679
0.503006012024048,0.22402477781765104,0.016309971072259642,189.61844634664135,-0.000026800992726010145,-0.39522100127262155,0.06475169867825392,0.9797224137470256,-0.09965257095473473,-0.49977031512081477,0.010055390481798043
0.5050100200400801,0.2240243188667528,0.016309908790132742,190.37393953393826,-0.000026369380955718622,-0.3952270793410489,0.06475059912925568,0.9797224522909872,-0.09965383000435876,-0.4997764800289648,0.010054412460862633
0.5070140280561122,0.22402386726957854,0.01630984767318035,191.12943272181113,-0.000025944817455363265,-0.3952330600368668,0.06474951940662865,0.979722489685222,-0.0996550688130503,-0.4997825461298182,0.01005345234705954
0.5090180360721442,0.22402342290830343,0.01630978770006343,191.88492591025084,-0.000025527178482360406,-0.39523894493718076,0.06474845916100622,0.9797225259977053,-0.09965628770987041,-0.499788515027758,0.010052509819049543
0.5110220440881763,0.22402298566699078,0.01630972884982608,192.64041909924853,-0.00002511634304973465,-0.39524473559209017,0.06474741804890378,0.9797225612908349,-0.09965748701835882,-0.49979438829921996,0.01005158456121873
0.5130260521042084,0.22402255543156152,0.0163096711018888,193.39591228879542,-0.00002471219315612022,-0.3952504335250037,0.06474639573259645,0.9797225956214152,-0.09965866705661885,-0.4998001674930687,0.010050676263550476
0.5150300601202404,0.22402213208976454,0.016309614436041966,194.15140547888285,-0.000024314613583639502,-0.39525604023304944,0.06474539187997039,0.9797226290406853,-0.09965982813739183,-0.49980585413093953,0.010049784621441392
0.5170340681362725,0.22402171553114708,0.016309558832439383,194.9068986695022,-0.000023923491705343218,-0.39526155718750855,0.0647444061642958,0.9797226615942248,-0.09966097056793044,-0.49981144970770636,0.010048909335527397
0.5190380761523046,0.22402130564702638,0.01630950427159208,195.66239186064504,-0.000023538717076079058,-0.3952669858342108,0.06474343826429112,0.9797226933220705,-0.09966209465023683,-0.4998169556919127,0.010048050111695303
0.5210420841683366,0.2240209023304609,0.016309450734361956,196.41788505230323,-0.00002316018165658043,-0.3952723275938857,0.06474248786409112,0.9797227242587304,-0.09966320068113906,-0.49982237352607095,0.010047206661134987
0.5230460921843687,0.22402050547622274,0.016309398201955577,197.1733782444684,-0.000022787779645221776,-0.39527758386247824,0.06474155465288615,0.9797227544331765,-0.09966428895207391,-0.4998277046270377,0.010046378699892304
0.5250501002004008,0.22402011498076993,0.016309346655918214,197.9288714371327,-0.000022421407739996048,-0.39528275601157814,0.06474063832508088,0.9797227838687608,-0.09966535974958611,-0.49983295038638503,0.010045565949114259
0.5270541082164328,0.22401973074221945,0.01630929607812788,198.6843646302881,-0.000022060964763214974,-0.3952878453888171,0.06473973857996973,0.9797228125833032,-0.0996664133548462,-0.499838112170858,0.01004476813467529
0.5290581162324649,0.22401935266032083,0.016309246450789478,199.43985782392676,-0.000021706351215850824,-0.3952928533181693,0.06473885512181543,0.9797228405891848,-0.09966745004400068,-0.49984319132266314,0.010043984987258087
0.531062124248497,0.22401898063642972,0.016309197756429073,200.195351018041,-0.00002135746942497688,-0.3952977811002639,0.0647379876596731,0.9797228678932615,-0.09966847008820572,-0.4998481891597647,0.010043216242212652
0.533066132264529,0.22401861457348232,0.01630914997788812,200.95084421262334,-0.000021014224098871617,-0.39530263001275884,0.06473713590731268,0.979722894496824,-0.09966947375372388,-0.49985310697628016,0.010042461639479213
0.5350701402805611,0.22401825437597003,0.016309103098318015,201.70633740766624,-0.000020676521766618843,-0.3953074013107402,0.06473629958305653,0.979722920395667,-0.09967046130169993,-0.49985794604287914,0.010041720923396653
0.5370741482965932,0.22401789994991445,0.016309057101174574,202.4618306031624,-0.000020344270462580467,-0.39531209622701136,0.06473547840980788,0.9797229455801602,-0.09967143298843248,-0.49986270760708157,0.010040993842762717
0.5390781563126252,0.22401755120284297,0.016309011970212627,203.21732379910458,-0.000020017379994181244,-0.39531671597236717,0.06473467211487051,0.9797229700352338,-0.09967238906530505,-0.49986739289353244,0.01004028015064249
0.5410821643286573,0.22401720804376468,0.016308967689480758,203.9728169954856,-0.00001969576171490411,-0.39532126173594256,0.06473388042982264,0.9797229937402897,-0.09967332977894272,-0.4998720031043428,0.010039579604252957
0.5430861723446894,0.22401687038314647,0.016308924243316106,204.72831019229847,-0.00001937932887575108,-0.39532573468559284,0.06473310309047352,0.979723016669275,-0.09967425537108933,-0.4998765394194791,0.010038891964924393
0.5450901803607214,0.2240165381328896,0.016308881616339227,205.48380338953638,-0.00001906799621345335,-0.3953301359681649,0.06473233983688198,0.9797230387907238,-0.09967516607880814,-0.4998810029970667,0.01003821699811244
0.5470941883767535,0.22401621120630705,0.016308839793449027,206.23929658719246,-0.00001876167992810145,-0.3953344667097781,0.064731590413093,0.9797230600677881,-0.09967606213430898,-0.4998853949736255,0.010037554473139686
0.5490981963927856,0.22401588951810802,0.016308798759817746,206.9947897852601,-0.000018460298761628487,-0.39533872863236996,0.06473085463969173,0.9797230818137846,-0.0996769438680177,-0.49988971710674834,0.010036904160757802
0.5511022044088176,0.22401557298435723,0.016308758500886315,207.75028298373266,-0.00001816377179640595,-0.39534292256133297,0.06473013224405716,0.979723103409992,-0.099677811473617,-0.4998939702236282,0.010036265845852417
0.5531062124248497,0.22401526152246118,0.016308719002359497,208.5057761826037,-0.000017872019145687386,-0.3953470490832716,0.06472942292902498,0.9797231237647187,-0.09967866509664908,-0.4998981549116865,0.01003563931390594
0.5551102204408818,0.22401495505115654,0.016308680250201067,209.2612693818668,-0.00001758496280812483,-0.395351109308715,0.06472872646396487,0.9797231429787772,-0.09967950496587652,-0.4999022723054188,0.010035024350337944
0.5571142284569138,0.22401465349048158,0.0163086422306293,210.01676258151582,-0.00001730252609265384,-0.39535510432885235,0.06472804262228063,0.979723161147463,-0.09968033130660894,-0.49990632351916586,0.010034420744629747
0.5591182364729459,0.2240143567617559,0.016308604930112353,210.77225578154443,-0.000017024634222863793,-0.3953590352158793,0.0647273711811907,0.9797231783605516,-0.09968114434034353,-0.4999103096475036,0.01003382829007624
0.561122244488978,0.22401406478755975,0.016308568335363954,211.5277489819467,-0.00001675121328262247,-0.39536290302325183,0.06472671192187841,0.9797231947024156,-0.09968194428519216,-0.49991423176550964,0.010033246783913728
0.56312625250501,0.22401377749171375,0.01630853243333891,212.28324218271655,-0.000016482190669648922,-0.3953667087859422,0.06472606462922349,0.979723210252025,-0.09968273135552483,-0.49991809092896516,0.01003267602709062
0.565130260521042,0.22401349479925908,0.01630849721122878,213.03873538384804,-0.000016217494932870123,-0.39537045352063294,0.06472542909179747,0.979723225082909,-0.09968350576233172,-0.49992188817461386,0.010032115824247848
0.567134268537074,0.22401321663643783,0.016308462656457766,213.79422858533545,-0.000015957055934450624,-0.3953741382260735,0.0647248051017189,0.9797232392630786,-0.09968426771311295,-0.49992562452047024,0.010031565983591563
0.5691382765531061,0.22401294293067398,0.016308428756678522,214.54972178717307,-0.000015700804678628714,-0.39537776388334206,0.06472419245466778,0.9797232528551723,-0.09968501741186045,-0.49992930096612015,0.01003102631687983
0.5711422845691382,0.2240126736105542,0.016308395499768053,215.3052149893553,-0.000015448673171762526,-0.3953813314560489,0.06472359094980207,0.9797232659164605,-0.09968575505909343,-0.4999329184929101,0.01003049663937712
0.5731462925851702,0.2240124086058095,0.016308362873823656,216.0607081918766,-0.00001520059473241798,-0.39538484189054507,0.06472300038963201,0.9797232784987813,-0.09968648085195253,-0.49993647806416713,0.010029976769703543
0.5751503006012023,0.2240121478472965,0.016308330867158983,216.8162013947316,-0.00001495650397305722,-0.3953882961162307,0.06472242057995314,0.9797232906485328,-0.09968719498421204,-0.4999399806254876,0.01002946652976943
0.5771543086172344,0.22401189126697985,0.016308299468300255,217.5716945979148,-0.000014716336486014962,-0.3953916950458368,0.06472185132971511,0.9797233024067257,-0.09968789764607686,-0.49994342710502965,0.01002896574466394
0.5791583166332664,0.22401163879791414,0.016308268665982475,218.32718780142105,-0.000014480028547038059,-0.39539503957557837,0.06472129245109194,0.9797233138090458,-0.09968858902450829,-0.49994681841371164,0.010028474242703972
0.5811623246492985,0.22401139037422668,0.016308238449145508,219.08268100524518,-0.000014247517955455675,-0.3953983305853829,0.06472074375939413,0.9797233248857907,-0.09968926930316903,-0.49995015544537635,0.010027991855374199
0.5831663326653306,0.2240111459311,0.01630820880693052,219.83817420938203,-0.000014018743438331593,-0.395401568939155,0.06472020507279351,0.9797233356618477,-0.0996899386622939,-0.49995343907707973,0.010027518417041631
0.5851703406813626,0.2240109054047553,0.016308179728676413,220.59366741382667,-0.000013793644949869906,-0.3954047554850258,0.06471967621248341,0.9797233461567341,-0.09969059727883757,-0.49995667016937373,0.010027053765089814
0.5871743486973947,0.22401066873243553,0.01630815120391625,221.3491606185741,-0.000013572163097256056,-0.39540789105557145,0.0647191570024992,0.9797233563846586,-0.09969124532635762,-0.4999598495664874,0.01002659773976994
0.5891783567134268,0.22401043585238936,0.016308123222373728,222.10465382361946,-0.000013354239394891791,-0.3954109764679551,0.06471864726967458,0.9797233663545235,-0.0996918829751997,-0.49996297809648815,0.01002615018416717
0.5911823647294588,0.22401020670385455,0.016308095773959787,222.86014702895795,-0.000013139816671166677,-0.3954140125241788,0.06471814684356988,0.979723376069832,-0.09969251039244018,-0.4999660565715307,0.01002571094410637
0.5931863727454909,0.22400998122704258,0.01630806884876929,223.615640234585,-0.00001292883846129743,-0.395417000011348,0.06471765555640575,0.9797233855287157,-0.09969312774194554,-0.49996908578812854,0.0100252798680967
0.595190380761523,0.22400975936312273,0.0163080424370777,224.37113344049578,-0.000012721249374260058,-0.39541993970187816,0.06471717324296587,0.9797233947240676,-0.09969373518409334,-0.49997206652735154,0.010024856807219864
0.597194388777555,0.22400954105420695,0.01630801652933781,225.12662664668588,-0.000012516994528832726,-0.3954228323536001,0.06471669974066468,0.9797234036434942,-0.09969433287626825,-0.4999749995549591,0.010024441615220564
0.5991983967935871,0.22400932624333475,0.016307991116176576,225.8821198531507,-0.000012316020232722218,-0.39542567871002055,0.06471623488927285,0.9797234122692315,-0.09969492097248249,-0.499977885621613,0.010024034148229314
0.6012024048096192,0.22400911487445807,0.016307966188391983,226.63761305988604,-0.000012118273869142118,-0.3954284795005412,0.0647157785310888,0.979723420578184,-0.09969549962377088,-0.4999807254631567,0.010023634264933306
0.6032064128256512,0.22400890689242708,0.016307941736949973,227.39310626688746,-0.000011923703631749011,-0.39543123544068737,0.06471533051067768,0.9797234285420185,-0.09969606897763694,-0.49998351980080374,0.01002324182628543
0.6052104208416833,0.22400870224297537,0.016307917752981415,228.14859947415053,-0.000011732258331957761,-0.3954339472322239,0.06471489067485305,0.9797234361271836,-0.09969662917838115,-0.49998626934125706,0.010022856695530786
0.6072144288577154,0.22400850087270616,0.016307894227779184,228.9040926816712,-0.000011543887327848852,-0.39543661556330234,0.06471445887274252,0.9797234432948064,-0.09969718036741597,-0.4999889747769059,0.010022478738241202
0.6092184368737474,0.22400830272907804,0.016307871152795212,229.65958588944537,-0.0000113585414047949,-0.39543924110878415,0.06471403495559917,0.9797234500006654,-0.09969772268283521,-0.49999163678605973,0.01002210782217187
0.6112224448897795,0.22400810776039656,0.0163078485196376,230.41507909746886,-0.000011176172491999286,-0.39544182494549784,0.06471361882530612,0.9797234571085105,-0.09969825632799494,-0.4999942564658973,0.010021743815113206
0.6132264529058116,0.22400791591579206,0.01630782632006787,231.17057230573772,-0.000010996732834836517,-0.39544436789469434,0.0647132103627254,0.9797234649430939,-0.09969878147522832,-0.4999968346493977,0.010021386594219096
0.6152304609218436,0.2240077271451989,0.01630780454599816,231.92606551424808,-0.000010820174594840641,-0.39544686986927796,0.06471280934476814,0.9797234718682343,-0.09969929814209356,-0.4999993712324193,0.010021036040563876
0.6172344689378757,0.224007541399363,0.016307783189488504,232.68155872299602,-0.000010646451507070846,-0.39544933155679074,0.06471241564060896,0.9797234779780409,-0.0996998064689344,-0.5000018669199459,0.010020692031115953
0.6192384769539078,0.2240073586298194,0.016307762242744214,233.43705193197766,-0.000010475518051458794,-0.39545175363227264,0.06471202912172534,0.979723483361329,-0.09970030659383748,-0.5000043224038218,0.010020354445269015
0.6212424849699398,0.22400717878887952,0.016307741698113252,234.19254514118936,-0.000010307329237854397,-0.3954541367583899,0.0647116496619073,0.9797234881016531,-0.09970079865282898,-0.5000067383628298,0.010020023164854454
0.6232464929859719,0.22400700182961913,0.016307721548083593,234.94803835062737,-0.000010141840935357975,-0.3954564815855706,0.06471127713704879,0.9797234922772231,-0.09970128277973732,-0.5000091154628458,0.010019698073948565
0.625250501002004,0.22400682770586564,0.01630770178528075,235.70353156028807,-9.979009998754724e-6,-0.3954587887522383,0.06471091142512421,0.9797234959609258,-0.09970175910618759,-0.5000114543570386,0.010019379058828973
0.627254509018036,0.2240066563721863,0.016307682402465388,236.45902477016784,-9.818793379622726e-6,-0.39546105888497873,0.06471055240611218,0.9797234992203344,-0.09970222776156665,-0.5000137556860957,0.010019066007896734
0.6292585170340681,0.2240064877838763,0.016307663392530754,237.21451798026322,-9.661149357033237e-6,-0.39546329259866664,0.06471019996214691,0.9797235021178053,-0.0997026888731403,-0.5000160200783119,0.010018758811842728
0.6312625250501002,0.22400632189694716,0.016307644748500376,237.97001119057066,-9.506036007156195e-6,-0.39546549049657487,0.064709853977166,0.9797235047103983,-0.09970314256595895,-0.5000182481497053,0.010018457363289155
0.6332665330661322,0.224006158668115,0.01630762646352559,238.7255044010869,-9.353413043756135e-6,-0.39546765317056526,0.0647095143371593,0.9797235070498195,-0.09970358896310573,-0.500020440504217,0.010018161557044119
0.6352705410821643,0.2240059980547895,0.01630760853088334,239.48099761180856,-9.203240779281951e-6,-0.3954697812013143,0.06470918092985806,0.9797235091824965,-0.0997040281852324,-0.5000225977339142,0.010017871289770563
0.6372745490981964,0.22400584001506296,0.016307590943973882,240.23649082273226,-9.055479683803526e-6,-0.395471875158393,0.06470885364479874,0.979723511149667,-0.09970446035082331,-0.5000247204191035,0.010017586460067939
0.6392785571142284,0.22400568450769884,0.01630757369631855,240.99198403385483,-8.910091063434733e-6,-0.39547393560036176,0.06470853237336302,0.9797235129872909,-0.09970488557634925,-0.5000268091284156,0.010017306968512794
0.6412825651302605,0.22400553149212152,0.01630755678155756,241.74747724517303,-8.767036736242394e-6,-0.3954759630749627,0.06470821700853048,0.9797235147260318,-0.09970530397600365,-0.5000288644189826,0.010017032717378414
0.6432865731462926,0.22400538092840536,0.016307540193447923,242.50297045668373,-8.62627942044138e-6,-0.39547795811932224,0.06470790744494886,0.9797235163912531,-0.09970571566182278,-0.5000308868366372,0.010016763610768592
0.6452905811623246,0.22400523277726442,0.016307523925861298,243.25846366838383,-8.487782111249825e-6,-0.39547992126003734,0.06470760357891842,0.9797235180031517,-0.09970612074361362,-0.500032876916044,0.010016499554533598
0.6472945891783567,0.2240050870000424,0.016307507972781948,244.01395688027023,-8.351508170030612e-6,-0.39548185301327404,0.06470730530828357,0.9797235195766997,-0.09970651932900376,-0.5000348351807534,0.010016240456195714
0.6492985971943888,0.22400494355870207,0.016307492328304578,244.76945009234012,-8.217422223625516e-6,-0.39548375388491175,0.06470701253251039,0.9797235211215447,-0.09970691152367804,-0.5000367621433622,0.010015986225053602
0.6513026052104208,0.2240048024158158,0.016307476986632496,245.5249433045904,-8.085489166458824e-6,-0.3954856243707629,0.06470672515234652,0.9797235226421221,-0.09970729743077163,-0.5000386583057176,0.010015736771772222
0.6533066132264529,0.22400466353455564,0.016307461942075614,246.28043651701822,-7.955674401250206e-6,-0.39548746495664877,0.06470644307009671,0.9797235241376516,-0.09970767715137306,-0.5000405241590434,0.010015492008685506
0.655310621242485,0.2240045268786838,0.016307447189048443,247.03592972962073,-7.827943870679311e-6,-0.3954892761185057,0.06470616618948495,0.9797235256021779,-0.09970805078443602,-0.5000423601839792,0.010015251849700922
0.657314629258517,0.22400439241254289,0.01630743272206825,247.79142294239506,-7.702263961711738e-6,-0.39549105832249504,0.06470589441546662,0.979723527024506,-0.09970841842660289,-0.5000441668507336,0.010015016210061472
0.6593186372745491,0.224004260101047,0.01630741853575326,248.54691615533855,-7.578601749561249e-6,-0.3954928120251921,0.064705627654365,0.9797235283881677,-0.09970878017247468,-0.5000459446192638,0.010014785006497705
0.6613226452905812,0.22400412990967225,0.016307404624820745,249.30240936844848,-7.456924936557917e-6,-0.39549453767372567,0.06470536581376754,0.9797235296715197,-0.09970913611427065,-0.5000476939394142,0.010014558157119881
0.6633266533066132,0.2240040018044481,0.016307390984085228,250.05790258172212,-7.337201668655793e-6,-0.39549623570582704,0.0647051088024861,0.9797235308478027,-0.09970948634200608,-0.5000494152509665,0.010014335581372224
0.6653306613226453,0.22400387575194808,0.01630737760845669,250.81339579515688,-7.219400691849276e-6,-0.39549790654993244,0.06470485653052768,0.979723531885002,-0.0997098309435876,-0.5000511089837425,0.010014117200025624
0.6673346693386772,0.22400375171928144,0.016307364492938965,251.5688890087501,-7.103491023210939e-6,-0.3954995506253825,0.06470460890892266,0.9797235327458914,-0.09971017000459717,-0.5000527755577905,0.010013902934973368
0.6693386773547093,0.22400362967408433,0.01630735163262805,252.32438222249928,-6.989442176514041e-6,-0.395501168342535,0.06470436584984682,0.9797235333880874,-0.09971050360834773,-0.5000544153835239,0.01001369270936381
0.6713426853707414,0.22400350958451162,0.01630733902271027,253.07987543640198,-6.877224302827979e-6,-0.39550276010282537,0.06470412726664596,0.9797235337640796,-0.09971083183599876,-0.5000560288617709,0.010013486447638652
0.6733466933867734,0.2240033914192307,0.01630732665846071,253.83536865045568,-6.766808152772862e-6,-0.3955043265057029,0.06470389309765674,0.9797235342762136,-0.09971115480034702,-0.5000576165995,0.010013284074127538
0.6753507014028055,0.22400327514741583,0.01630731453524158,254.59086186465794,-6.658165858178629e-6,-0.39550586855690234,0.0647036633347566,0.9797235362330629,-0.09971147268996775,-0.5000591796279906,0.010013085516941345
0.6773547094188376,0.22400316073871543,0.016307302648500888,255.34635507900637,-6.551267499266714e-6,-0.3955073856558537,0.06470343778500541,0.9797235374364436,-0.0997117854286343,-0.5000607173136075,0.01001289071329088
0.6793587174348696,0.22400304816327662,0.016307290993770495,256.10184829349873,-6.446085304655779e-6,-0.39550887823383896,0.06470321637542539,0.97972353797743,-0.0997120931033356,-0.5000622301012413,0.0100126995929462
0.6813627254509017,0.22400293739172505,0.01630727956666468,256.85734150813255,-6.342592992601185e-6,-0.3955103467136865,0.06470299903424072,0.979723537941869,-0.09971239579987995,-0.5000637184267873,0.010012512087083422
0.6833667334669338,0.2240028283951567,0.016307268362878664,257.61283472290563,-6.240764059100288e-6,-0.39551179150990434,0.06470278569095339,0.9797235374104972,-0.09971269360208536,-0.5000651827171149,0.010012328128272569
0.6853707414829658,0.22400272114513087,0.01630725737818727,258.3683279378156,-6.140571436020218e-6,-0.39551321302881,0.06470257627595806,0.9797235364586105,-0.09971298659266574,-0.5000666233903794,0.01001214765026994
0.6873747494989979,0.22400261561366255,0.01630724660844348,259.12382115286033,-6.041988619411974e-6,-0.39551461166862373,0.06470237072101583,0.9797235351564778,-0.09971327485317867,-0.5000680408559884,0.010011970588354548
0.68937875751503,0.2240025117732151,0.016307236049576943,259.87931436803797,-5.944989615168686e-6,-0.3955159878194894,0.06470216895907589,0.9797235335690669,-0.09971355846403805,-0.5000694355146681,0.010011796879261143
0.691382765531062,0.2240024095966931,0.016307225697592586,260.6348075833458,-5.849548858505035e-6,-0.3955173418636743,0.06470197092372652,0.9797235317562072,-0.09971383750346972,-0.5000708077586155,0.010011626460502032
0.6933867735470941,0.22400230905743512,0.016307215548569457,261.3903007987821,-5.755640916339896e-6,-0.3955186741755715,0.0647017765500316,0.979723529772361,-0.09971411204918326,-0.5000721579716434,0.010011459271284566
0.6953907815631262,0.22400221012920704,0.01630720559865912,262.14579401434474,-5.6632411592954326e-6,-0.39551998512194747,0.06470158577389659,0.9797235276668887,-0.09971438217695616,-0.5000734865292097,0.01001129525183629
0.6973947895791582,0.2240021127861951,0.01630719584408445,262.90128723003176,-5.5723247023500195e-6,-0.39552127506183477,0.06470139853223938,0.9797235254839571,-0.09971464796146545,-0.500074793798491,0.01001113434365114
0.6993987975951903,0.22400201700299907,0.016307186281138204,263.6567804458411,-5.482867986359387e-6,-0.39552254434671413,0.06470121476292379,0.9797235232625074,-0.09971490947577585,-0.5000760801384782,0.010010976489307363
0.7014028056112224,0.22400192275462572,0.016307176906181838,264.4122736617707,-5.3948476823945644e-6,-0.3955237933206603,0.06470103440463945,0.9797235210362069,-0.09971516679147115,-0.5000773459001285,0.010010821632429886
0.7034068136272544,0.2240018300164823,0.016307167715644316,265.16776687781885,-5.308240368878913e-6,-0.39552502232036996,0.06470085739706666,0.9797235188336045,-0.09971541997892874,-0.5000785914264423,0.010010669717818133
0.7054108216432865,0.22400173876437016,0.016307158706020883,265.9232600939835,-5.223022776167068e-6,-0.3955262316752482,0.06470068368062709,0.9797235166781091,-0.09971566910677003,-0.5000798170524619,0.010010520691206736
0.7074148296593186,0.2240016489744782,0.016307149873871538,266.67875331026295,-5.1391732661546725e-6,-0.39552742170743355,0.06470051319671907,0.979723514587845,-0.09971591424244784,-0.5000810231054182,0.01001037449949203
0.7094188376753506,0.224001560623377,0.01630714121582019,267.4342465266552,-5.056669977016304e-6,-0.39552859273204044,0.06470034588730375,0.9797235125757491,-0.09971615545165724,-0.5000822099048069,0.01001023109032762
0.7114228456913827,0.22400147368801246,0.016307132728553404,268.18973974315855,-4.975491345392301e-6,-0.39552974505713684,0.06470018169519327,0.979723510649637,-0.09971639279868494,-0.5000833777625356,0.010010090412396871
0.7134268537074148,0.22400138814569984,0.016307124408819255,268.94523295977103,-4.895615937407728e-6,-0.39553087898382894,0.06470002056384912,0.979723508812197,-0.09971662634614098,-0.5000845269829062,0.010009952415201556
0.7154308617234468,0.2240013039741181,0.01630711625342621,269.70072617649106,-4.817022569237511e-6,-0.39553199480629964,0.06469986243749361,0.9797235070608655,-0.09971685615544065,-0.5000856578626802,0.010009817049219048
0.7174348697394789,0.2240012211513035,0.01630710825924205,270.4562193933168,-4.739690848719044e-6,-0.3955330928119822,0.06469970726089155,0.9797235053879253,-0.09971708228619638,-0.5000867706912462,0.010009684265616589
0.719438877755511,0.22400113965564444,0.016307100423192798,271.21171261024665,-4.663600414719816e-6,-0.39553417328163337,0.06469955497948306,0.979723503780499,-0.09971730479649417,-0.5000878657506911,0.010009554016440006
0.721442885771543,0.22400105946587542,0.016307092742261577,271.9672058272789,-4.5887312868651755e-6,-0.395535236489328,0.06469940553935505,0.9797235022206101,-0.09971752374289612,-0.5000889433158439,0.010009426254533445
0.7234468937875751,0.22400098056107196,0.016307085213487588,272.72269904441185,-4.515063930120838e-6,-0.39553628270257835,0.06469925888706204,0.9797235006851118,-0.0997177391802702,-0.5000900036542831,0.010009300933412362
0.7254509018036072,0.22400090292064465,0.01630707783396512,273.47819226164404,-4.442579120675557e-6,-0.3955373121823843,0.06469911496977998,0.9797234991456722,-0.099717951162116,-0.500091047026504,0.010009178007373913
0.7274549098196392,0.22400082652433392,0.01630707060084253,274.2336854789737,-4.371258178621299e-6,-0.39553832518340526,0.06469897373505883,0.9797234975688028,-0.09971815973994505,-0.500092073686023,0.010009057431248197
0.7294589178356713,0.224000751352205,0.01630706351132133,274.9891786963994,-4.301081959334937e-6,-0.39553932195392977,0.06469883513102791,0.9797234959159791,-0.09971836496387303,-0.5000930838793687,0.010008939160619625
0.7314629258517034,0.2240006773846424,0.016307056562655124,275.7446719139195,-4.2320319901674615e-6,-0.39554030273593405,0.06469869910621533,0.979723494143504,-0.09971856688230647,-0.5000940778461371,0.010008823151640464
0.7334669338677354,0.22400060460234497,0.016307049752148615,276.5001651315325,-4.164090579651658e-6,-0.39554126776521376,0.0646985656095939,0.9797234922025366,-0.09971876554198723,-0.5000950558190931,0.010008709361079912
0.7354709418837675,0.2240005329863207,0.016307043077156774,277.2556583492371,-4.09724003665805e-6,-0.3955422172714538,0.06469843459050686,0.979723490039069,-0.09971896098799221,-0.5000960180243126,0.010008597746242964
0.7374749498997996,0.2240004625178948,0.016307036535083835,278.0111515670315,-4.031464008155974e-6,-0.3955431525397032,0.06469830612498517,0.9797234899275707,-0.09971915344422827,-0.500096965788095,0.010008488262368847
0.7394789579158316,0.22400039317866358,0.01630703012338259,278.76664478491443,-3.966743889464708e-6,-0.3955440725756602,0.06469818002759939,0.9797234891465639,-0.09971934276575106,-0.5000978980687727,0.010008380880196246
0.7414829659318637,0.2240003249505333,0.016307023839553233,279.5221380028845,-3.903062703593334e-6,-0.39554497764638774,0.06469805625738502,0.9797234877663444,-0.09971952900572187,-0.5000988151444293,0.010008275559478405
0.7434869739478958,0.22400025781570038,0.01630701768114274,280.2776312209402,-3.840403551537041e-6,-0.39554586802202485,0.06469793477498542,0.9797234858717865,-0.09971971221759536,-0.5000997172960029,0.010008172260694012
0.7454909819639278,0.22400019175664643,0.016307011645743864,281.0331244390802,-3.778749936807317e-6,-0.39554674396681283,0.064697815541873,0.9797234835425068,-0.09971989245433578,-0.5001006047980328,0.010008070945435705
0.7474949899799599,0.2240001267561339,0.01630700573099428,281.78861765730323,-3.7180856662289555e-6,-0.39554760573919195,0.06469769852010034,0.9797234808530554,-0.09972006976792233,-0.5001014779186043,0.010007971576113035
0.749498997995992,0.22400006279720125,0.016306999934575756,282.5441108756079,-3.6583950521770767e-6,-0.39554845359181934,0.0646975836722542,0.9797234778726599,-0.0997202442095291,-0.5001023369194939,0.010007874115939208
0.751503006012024,0.2239999998631587,0.01630699425421347,283.29960409399297,-3.599662529089521e-6,-0.3955492877717221,0.0646974709615168,0.9797234746653969,-0.09972041582954191,-0.5001031820562508,0.010007778528953942
0.7535070140280561,0.223999937937584,0.01630698868767513,284.055097312457,-3.541872695079908e-6,-0.39555010852034084,0.06469736035153549,0.9797234712902249,-0.099720584677112,-0.5001040135782574,0.010007684779892521
0.7555110220440882,0.2239998770043181,0.016306983232770137,284.81059053099887,-3.4850105635887882e-6,-0.395550916073488,0.06469725180662395,0.979723467800925,-0.09972075080085946,-0.50010483172871,0.010007592834448456
0.7575150300601202,0.22399981704746072,0.016306977887348917,285.56608374961723,-3.429061136153967e-6,-0.3955517106614538,0.06469714529144127,0.9797234642460756,-0.09972091424831035,-0.5001056367446898,0.010007502658868189
0.7595190380761523,0.22399975805136643,0.01630697264930213,286.3215769683109,-3.374009944820671e-6,-0.3955524925091218,0.06469704077114528,0.9797234606690681,-0.09972107506606438,-0.5001064288572838,0.010007414220140922
0.7615230460921844,0.22399970000064037,0.016306967516560005,287.07707018707885,-3.3198426111822375e-6,-0.39555326183599926,0.06469693821138672,0.9797234571080983,-0.09972123329985791,-0.5001072082916403,0.01000732748600781
0.7635270541082164,0.22399964288013438,0.01630696248709136,287.8325634059195,-3.2665454924817054e-6,-0.39555401885623614,0.06469683757814247,0.9797234535963923,-0.09972138899399875,-0.5001079752669683,0.010007242424700975
0.7655310621242485,0.2239995866749433,0.01630695755890336,288.5880566248318,-3.2141034971438738e-6,-0.3955547637786602,0.06469673883773668,0.9797234501618458,-0.09972154219222569,-0.5001087299965242,0.01000715900513795
0.7675350701402806,0.22399953137040043,0.016306952730040448,289.3435498438147,-3.162503111555145e-6,-0.39555549680685753,0.06469664195696087,0.9797234468271726,-0.09972169293729063,-0.5001094726878346,0.010007077196857611
0.7695390781563125,0.2239994769520742,0.016306947998583836,290.099043062867,-3.1117306280434387e-6,-0.3955562181393296,0.06469654690290512,0.979723443610033,-0.09972184127062078,-0.5001102035426553,0.010006996969935119
0.7715430861723446,0.22399942340576437,0.016306943362650584,290.85453628198775,-3.061773227614447e-6,-0.39555692796939146,0.0646964536430951,0.9797234405229024,-0.09972198723273215,-0.5001109227570317,0.010006918295165054
0.7735470941883766,0.2239993707174981,0.016306938820393132,291.61002950117575,-3.0126177488366964e-6,-0.3955576264852408,0.06469636214523483,0.9797234375731395,-0.09972213086300914,-0.5001116305212995,0.010006841143676408
0.7755511022044087,0.22399931887352645,0.01630693436999863,292.36552272042985,-2.9642514436508384e-6,-0.3955583138700915,0.06469627237724901,0.9797234347629014,-0.09972227219965789,-0.5001123270201828,0.010006765487070217
0.7775551102204408,0.2239992678603209,0.016306930009688327,293.121015939749,-2.9166616163596206e-6,-0.39555899030219943,0.0646961843073457,0.9797234320892239,-0.09972241127976653,-0.5001130124329046,0.01000669129743672
0.7795591182364728,0.22399921766456962,0.016306925737716877,293.87650915913224,-2.8698358146962227e-6,-0.3955596559548722,0.06469609790408241,0.9797234295440561,-0.09972254813941775,-0.5001136869331456,0.010006618547440997
0.7815631262525049,0.22399916827317412,0.01630692155237176,294.63200237857853,-2.8237616232347766e-6,-0.3955603109965172,0.06469601313609431,0.9797234271142102,-0.09972268281339072,-0.5001143506890572,0.01000654721005586
0.783567134268537,0.22399911967324562,0.01630691745197262,295.3874955980868,-2.7784272719136943e-6,-0.3955609555906992,0.06469592997217434,0.9797234247813278,-0.09972281533525768,-0.5001150038633938,0.010006477258608095
0.785571142284569,0.22399907185210202,0.01630691343487079,296.14298881765603,-2.733820771990767e-6,-0.395561589896247,0.0646958483812991,0.9797234225219349,-0.09972294573737445,-0.5001156466135674,0.010006408666803268
0.7875751503006011,0.22399902479726444,0.016306909499448696,296.89848203728536,-2.6899302909739014e-6,-0.39556221406723413,0.06469576833264472,0.9797234203074724,-0.09972307405095178,-0.5001162790916578,0.010006341408762331
0.7895791583166332,0.22399897849645384,0.016306905644119046,297.6539752569738,-2.6467449386940933e-6,-0.3955628282530241,0.06469568979551624,0.9797234181042932,-0.0997232003058396,-0.5001169014443902,0.010006275458995292
0.7915831663326652,0.22399893293758813,0.016306901867324506,298.40946847672024,-2.6042533374572405e-6,-0.3955634325982836,0.06469561273913402,0.9797234158735809,-0.09972332453056437,-0.5001175138132818,0.010006210792036872
0.7935871743486973,0.22399888810877852,0.01630689816753727,299.1649616965239,-2.5624438703008465e-6,-0.39556402724315143,0.06469553713290872,0.9797234135714467,-0.09972344675248179,-0.5001181163346382,0.010006147382835624
0.7955911823647294,0.2239988439983269,0.01630689454325828,299.9204549163838,-2.521305561260528e-6,-0.39556461232320284,0.06469546294624193,0.9797234111488611,-0.09972356699749235,-0.5001187091396501,0.01000608520659523
0.7975951903807614,0.22399880059472274,0.01630689099301675,300.67594813629904,-2.480827630770831e-6,-0.39556518796943424,0.06469539014867139,0.9797234085518455,-0.09972368529024159,-0.5001192923543369,0.010006024238786488
0.7995991983967935,0.22399875788665005,0.01630688751536959,301.4314413562687,-2.441000340109695e-6,-0.39556575518320314,0.0646953188131561,0.979723407644426,-0.09972380180151387,-0.5001198670116801,0.010005964452186484
0.8016032064128256,0.22399871586295353,0.01630688410890112,302.1869345762919,-2.4018125771523446e-6,-0.3955663132729129,0.06469524882046178,0.9797234065776893,-0.09972391643321804,-0.5001204323861972,0.010005905833571095
0.8036072144288576,0.22399867451266406,0.016306880772222327,302.94242779636795,-2.363253852267448e-6,-0.39556686218803744,0.06469518012296882,0.9797234049295894,-0.09972402918279091,-0.5001209884274361,0.010005848361416495
0.8056112224448897,0.2239986338249913,0.016306877503970415,303.6979210164959,-2.325314022780897e-6,-0.3955674021062421,0.06469511270008704,0.9797234027849769,-0.09972414008447618,-0.5001215353225902,0.010005792013098203
0.8076152304609218,0.2239985937893176,0.016306874302808267,304.45341423667486,-2.2879833683942347e-6,-0.3955679332007633,0.06469504653154516,0.9797234002234928,-0.09972424917216835,-0.5001220732539247,0.010005736766569967
0.8096192384769538,0.22399855439519545,0.016306871167424224,305.2089074569041,-2.2512518446508522e-6,-0.395568455640565,0.06469498159735793,0.9797233973195908,-0.09972435647928982,-0.5001226023988117,0.010005682600386022
0.8116232464929859,0.2239985156323449,0.016306868096531386,305.9644006771827,-2.2151099576161836e-6,-0.3955689695903091,0.06469491787778366,0.9797233941426067,-0.09972446203848369,-0.5001231229298508,0.01000562949359858
0.813627254509018,0.22399847749065055,0.01630686508886731,306.71989389750996,-2.1795476666597726e-6,-0.3955694752103715,0.06469485535342055,0.9797233907567647,-0.09972456588206069,-0.5001236350147431,0.010005577425879528
0.81563126252505,0.22399843996015917,0.01630686214319331,307.4753871178851,-2.144556104684026e-6,-0.39556997265686383,0.06469479400508352,0.9797233872210512,-0.09972466804169217,-0.5001241388163947,0.01000552637742449
0.8176352705410821,0.22399840303107696,0.016306859258294247,308.2308803383073,-2.110126156861174e-6,-0.39557046208173763,0.06469473381374509,0.9797233835893056,-0.09972476854841053,-0.5001246344929866,0.01000547632882005
0.8196392785571142,0.22399836669376705,0.016306856432978013,308.98637355877594,-2.07624898443546e-6,-0.39557094363282214,0.06469467476061339,0.9797233799102094,-0.09972486743257639,-0.5001251221980273,0.01000542726115736
0.8216432865731462,0.22399833093874708,0.016306853666075104,309.74186677929004,-2.04291550238971e-6,-0.39557141745381424,0.06469461682698101,0.9797233762273968,-0.09972496472370405,-0.5001256020803082,0.010005379155907277
0.8236472945891783,0.22399829575668653,0.016306850956438156,310.4973599998491,-2.0101171891887588e-6,-0.3955718836842352,0.06469455999449014,0.9797233725792782,-0.09972506045104158,-0.5001260742839441,0.010005331995126784
0.8256513026052104,0.22399826113840443,0.016306848302941823,311.2528532204519,-1.977844311511244e-6,-0.3955723424596491,0.06469450424441285,0.9797233689991237,-0.09972515464248803,-0.5001265389484323,0.010005285760749182
0.8276553106212424,0.22399822707486688,0.016306845704482088,312.0083464410986,-1.9460885816431698e-6,-0.3955727939115408,0.06469444955883796,0.9797233655149952,-0.09972524732622062,-0.5001269962087425,0.010005240435862511
0.8296593186372745,0.2239981935571848,0.01630684315997562,312.7638396617879,-1.9148430486400598e-6,-0.39557323816749246,0.06469439591958967,0.9797233621499383,-0.09972533852859596,-0.5001274461952846,0.010005196003485145
0.8316633266533066,0.22399816057661162,0.016306840668359773,313.5193328825194,-1.8840992736758244e-6,-0.39557367535100674,0.06469434330864565,0.9797233589218186,-0.09972542827577256,-0.5001278890339059,0.010005152447007478
0.8336673346693386,0.22399812812454067,0.016306838228592094,314.27482610329224,-1.853849427576224e-6,-0.39557410558175116,0.06469429170790172,0.9797233558433127,-0.09972551659289415,-0.5001283248459346,0.010005109750064484
0.8356713426853707,0.2239980961925033,0.01630683583965,315.0303193241057,-1.8240856492645847e-6,-0.3955745289754878,0.06469424109927924,0.9797233529220568,-0.09972560350415181,-0.5001287537483347,0.010005067896513415
0.8376753507014028,0.2239980647721666,0.016306833500530516,315.78581254495924,-1.7947995929492278e-6,-0.39557494564411816,0.06469419146486918,0.9797233501605229,-0.09972568903315558,-0.5001291758536024,0.010005026870646104
0.8396793587174348,0.22399803385533126,0.01630683121024961,316.54130576585214,-1.7659838510236484e-6,-0.3955753556956856,0.06469414278667897,0.9797233475561046,-0.0997257732023884,-0.5001295912697975,0.0100049866569032
0.8416833667334669,0.22399800343392923,0.016306828967842055,317.29679898678387,-1.737630770496028e-6,-0.3955757592344228,0.06469409504671504,0.9797233451009922,-0.09972585603367967,-0.5001300001005994,0.010004947239982456
0.843687374749499,0.22399797350002176,0.01630682677236106,318.05229220775374,-1.7097332123676584e-6,-0.3955761563608516,0.06469404822690501,0.979723342782299,-0.0997259375476582,-0.5001304024453975,0.010004908604724685
0.845691382765531,0.22399794404579723,0.016306824622877903,318.8077854287611,-1.6822836417490901e-6,-0.3955765471717415,0.06469400230916238,0.9797233405820501,-0.09972601776406044,-0.500130798399281,0.010004870736182942
0.8476953907815631,0.22399791506356947,0.01630682251848152,319.56327864980557,-1.6552749653580156e-6,-0.3955769317601117,0.06469395727542532,0.9797233384771666,-0.09972609670182474,-0.5001311880529878,0.010004833619689403
0.8496993987975952,0.22399788654577518,0.016306820458278238,320.3187718708862,-1.6287001741959157e-6,-0.3955773102153058,0.06469391310729747,0.9797233364394768,-0.09972617437852503,-0.5001315714929959,0.010004797240452052
0.8517034068136272,0.2239978584849722,0.016306818441391566,321.07426509200263,-1.6025521492764289e-6,-0.3955776826230327,0.06469386978640497,0.9797233344356108,-0.09972625081096777,-0.500131948801595,0.010004761583941878
0.8537074148296593,0.22399783087383798,0.01630681646696176,321.8297583131542,-1.5768239034980506e-6,-0.39557804906540345,0.06469382729425281,0.9797233324272334,-0.09972632601473787,-0.5001323200568892,0.010004726635684281
0.8557114228456913,0.223997803705167,0.016306814534145495,322.5852515343404,-1.5515085654521664e-6,-0.39557840962088725,0.06469378561225606,0.9797233303708612,-0.09972640000451684,-0.5001326853327462,0.010004692381423841
0.8577154308617234,0.22399777697186926,0.016306812642115524,323.34074475556065,-1.5265996045463432e-6,-0.39557876436435907,0.06469374472158393,0.9797233282179526,-0.0997264727937338,-0.5001330446988757,0.010004658806801738
0.8597194388777555,0.22399775066696845,0.01630681079006045,324.0962379768145,-1.502090889450278e-6,-0.39557911336719315,0.0646937046032807,0.9797233259147836,-0.09972654439477535,-0.5001333982208921,0.010004625897582248
0.8617234468937875,0.2239977247836082,0.016306808977184423,324.8517311981012,-1.4779765448811626e-6,-0.39557945737950606,0.06469366531835219,0.9797233249025554,-0.09972661493262072,-0.5001337466714603,0.010004593636705462
0.8637274549098196,0.22399769931502833,0.016306807202706892,325.60722441942045,-1.454249708318798e-6,-0.3955797960644208,0.06469362680683673,0.9797233242374969,-0.0997266843653231,-0.5001340896945684,0.010004562018943767
0.8657314629258517,0.22399767425457695,0.016306805465862256,326.36271764077156,-1.4309036684966803e-6,-0.3955801290825892,0.06469358900530368,0.9797233229869123,-0.09972675264133551,-0.5001344269398711,0.010004531034163875
0.8677354709418837,0.22399764959571408,0.016306803765899536,327.1182108621541,-1.4079325382751082e-6,-0.3955804565557774,0.0646935519038608,0.9797233212360705,-0.09972681978339774,-0.5001347585379665,0.010004500669251385
0.8697394789579158,0.22399762533200476,0.01630680210208225,327.8737040835676,-1.3853301615257933e-6,-0.3955807786023106,0.06469351549271633,0.9797233190651209,-0.09972688581389186,-0.5001350846154812,0.0100044709114995
0.8717434869739479,0.22399760145711703,0.016306800473688002,328.6291973050115,-1.3630905936750012e-6,-0.39558109533702923,0.06469347976225728,0.979723316549165,-0.09972695075480183,-0.5001354052950167,0.01000444174865717
0.8737474949899798,0.22399757796482042,0.016306798880008223,329.38469052648514,-1.3412080319289402e-6,-0.39558140687131327,0.06469344470284538,0.9797233137580027,-0.0997270146278482,-0.5001357206951708,0.010004413168801012
0.8757515030060119,0.22399755484898426,0.016306797320348274,330.14018374798803,-1.319675412731731e-6,-0.3955817133131564,0.0646934103047631,0.9797233107564317,-0.09972707745419229,-0.500136030930611,0.010004385160103641
0.877755511022044,0.22399753210357615,0.016306795794026826,330.8956769695202,-1.2984870901704306e-6,-0.39558201476718574,0.06469337655879165,0.9797233076039171,-0.09972713925515139,-0.5001363361121095,0.010004357711683879
0.879759519038076,0.22399750972266025,0.016306794300375297,331.65117019108106,-1.2776391719695719e-6,-0.39558231133467986,0.06469334345568778,0.9797233043548847,-0.0997272000511051,-0.5001366363465481,0.010004330812857667
0.8817635270541081,0.2239974877003961,0.016306792838737982,332.40666341267,-1.257126354629913e-6,-0.395582603113533,0.06469331098602206,0.9797233010587025,-0.09972725986189931,-0.5001369317368585,0.010004304452984893
0.8837675350701402,0.22399746603103649,0.016306791408471882,333.1621566342865,-1.236943177680988e-6,-0.39558289019834414,0.06469327914027329,0.9797232977594166,-0.09972731870699024,-0.5001372223821189,0.010004278621699043
0.8857715430861722,0.2239974447089265,0.016306790008946453,333.9176498559301,-1.2170843655874359e-6,-0.39558317268042625,0.06469324790906487,0.9797232944960916,-0.09972737660538927,-0.5001375083776199,0.010004253308996553
0.8877755511022043,0.22399742372850187,0.016306788639543313,334.6731430776005,-1.197544625341969e-6,-0.3955834506478296,0.064693217283004,0.9797232913025988,-0.09972743357550616,-0.5001377898148033,0.010004228505163464
0.8897795591182364,0.22399740308428737,0.016306787299655942,335.4286362992972,-1.1783188101939867e-6,-0.39558372418529486,0.06469318725259236,0.9797232882077134,-0.09972748963517249,-0.5001380667812704,0.010004204200652376
0.8917835671342684,0.2239973827708956,0.016306785988689607,336.18412952101966,-1.1594017814041388e-6,-0.39558399337434896,0.06469315780822636,0.9797232852350422,-0.09972754480161351,-0.5001383393608235,0.010004180386076863
0.8937875751503005,0.22399736278302534,0.016306784706061117,336.93962274276754,-1.140788543395511e-6,-0.3955842582933366,0.06469312894025751,0.9797232824030331,-0.09972759909142886,-0.500138607633559,0.01000415705227836
0.8957915831663326,0.22399734311546043,0.016306783451198535,337.69511596454055,-1.1224740389641457e-6,-0.3955845190174024,0.06469310063905237,0.9797232797250867,-0.09972765252065974,-0.5001388716758244,0.010004134190369577
0.8977955911823646,0.2239973237630684,0.016306782223540924,338.45060918633817,-1.1044536049697145e-6,-0.39558477561850125,0.06469307289476685,0.9797232772094677,-0.09972770510451334,-0.500139131560178,0.010004111791559113
0.8997995991983967,0.2239973047207989,0.016306781022538228,339.20610240816006,-1.086722419699449e-6,-0.39558502816539,0.06469304569745228,0.9797232748593017,-0.09972775685762969,-0.5001393873554766,0.01000408984715044
0.9018036072144288,0.2239972859836824,0.016306779847651044,339.9615956300058,-1.0692760554113558e-6,-0.3955852767237766,0.06469301903697296,0.97972327267256,-0.09972780779373618,-0.5001396391269086,0.010004068348532529
0.9038076152304608,0.22399726754682917,0.016306778698350434,340.717088851875,-1.052109928478423e-6,-0.39558552135623737,0.0646929929031349,0.9797232706421601,-0.0997278579259603,-0.5001398869360161,0.010004047287315075
0.9058116232464929,0.22399724940542776,0.016306777574117692,341.47258207376734,-1.0352193737952235e-6,-0.39558576212221813,0.06469296728550601,0.9797232687559502,-0.09972790726650384,-0.5001401308406285,0.010004026655095317
0.907815631262525,0.22399723155474383,0.016306776474444142,342.2280752956824,-1.018600014544573e-6,-0.3955859990780699,0.06469294217346301,0.9797232669965958,-0.09972795582690602,-0.5001403708949163,0.010004006443550512
0.909819639278557,0.22399721399011896,0.016306775398831016,342.98356851761974,-1.002247722035308e-6,-0.3955862322771379,0.06469291755612985,0.9797232653416883,-0.09972800361761097,-0.5001406071494627,0.010003986644317875
0.9118236472945891,0.22399719670696921,0.016306774346789333,343.73906173957903,-9.86157553083852e-7,-0.395586461769725,0.0646928934224254,0.9797232637637097,-0.09972805064836883,-0.5001408396512814,0.010003967249091918
0.9138276553106212,0.22399717970078434,0.016306773317839526,344.49455496156014,-9.703254970839917e-7,-0.39558668760307747,0.06469286976124168,0.9797232622301076,-0.09972809692819366,-0.5001410684437362,0.010003948249787306
0.9158316633266532,0.22399716296712613,0.01630677231151123,345.2500481835625,-9.547478712987922e-7,-0.39558690982143646,0.06469284656098563,0.979723260703194,-0.0997281424648309,-0.5001412935666016,0.010003929638058233
0.9178356713426853,0.22399714650162766,0.016306771327343296,346.0055414055859,-9.39420722560095e-7,-0.3955871284660676,0.06469282380987158,0.9797232591401613,-0.09972818726530107,-0.5001415150561247,0.010003911405610761
0.9198396793587174,0.2239971302999919,0.016306770364883608,346.76103462762984,-9.243398218428849e-7,-0.39558734357530706,0.06469280149573349,0.9797232574931882,-0.09972823133534314,-0.5001417329450528,0.010003893543940986
0.9218436873747494,0.22399711435799077,0.016306769423688826,347.5165278496941,-9.0950125220877e-7,-0.39558755518450955,0.06469277960628407,0.9797232557093684,-0.09972827468004951,-0.5001419472625553,0.010003876044747565
0.9238476953907815,0.22399709867146964,0.01630676850332418,348.2720210717782,-8.949015419471367e-7,-0.39558776380917804,0.06469275818531084,0.979723254793082,-0.09972831738325584,-0.5001421585378557,0.010003858897137731
0.9258517034068136,0.2239970832363345,0.016306767603363522,349.027514293882,-8.80536743920687e-7,-0.39558796950531044,0.06469273722842392,0.9797232547398066,-0.09972835946510421,-0.5001423668236885,0.010003842098671526
0.9278557114228456,0.2239970680485487,0.01630676672338908,349.7830075160051,-8.664022093904461e-7,-0.39558817165861887,0.06469271665108353,0.9797232540866608,-0.09972840082900288,-0.5001425714833845,0.010003825646884812
0.9298597194388777,0.2239970531041486,0.016306765862991065,350.5385007381472,-8.524946202914446e-7,-0.39558837035716327,0.06469269644953668,0.9797232529197804,-0.09972844149055524,-0.5001427726134298,0.010003809534070953
0.9318637274549098,0.22399703839923427,0.016306765021767734,351.29399396030817,-8.388099918537066e-7,-0.3955885656859903,0.06469267662004809,0.9797232513200939,-0.09972848146543063,-0.5001429703068175,0.010003793752868242
0.9338677354709418,0.22399702392996798,0.016306764199325145,352.0494871824875,-8.253452259455755e-7,-0.395588757727303,0.06469265715875208,0.9797232493633625,-0.099728520768683,-0.5001431646531115,0.010003778296032273
0.9358717434869739,0.22399700969257377,0.016306763395277122,352.80498040468495,-8.120967380111097e-7,-0.3955889465604161,0.06469263806184686,0.9797232471202117,-0.09972855941532796,-0.5001433557384923,0.010003763156728811
0.937875751503006,0.22399699568333598,0.016306762609245042,353.5604736269002,-7.990609642668935e-7,-0.3955891322617561,0.06469261932549071,0.9797232446561972,-0.09972859742000746,-0.5001435436457013,0.010003748328385803
0.939879759519038,0.2239969818985986,0.01630676184085767,354.315966849133,-7.862343813812759e-7,-0.39558931490481164,0.0646926009458309,0.9797232420316848,-0.09972863479723611,-0.5001437284540348,0.010003733804738894
0.9418837675350701,0.22399696833476423,0.016306761089751074,355.0714600713831,-7.736137219492547e-7,-0.39558949456024634,0.06469258291889413,0.9797232393018784,-0.09972867156109835,-0.5001439102393891,0.01000371957967502
0.9438877755511021,0.22399695498829297,0.016306760355568453,355.82695329365015,-7.611956810377367e-7,-0.3955896712959196,0.06469256524061744,0.9797232365168398,-0.09972870772523511,-0.5001440890743412,0.010003705647283442
0.9458917835671342,0.2239969418557018,0.01630675963796009,356.58244651593384,-7.48976678762771e-7,-0.3955898451768514,0.06469254790687588,0.9797232337215637,-0.09972874330293895,-0.5001442650280892,0.010003692001910772
0.9478957915831663,0.2239969289335634,0.016306758936583038,357.33793973823407,-7.369537421108713e-7,-0.39559001626519075,0.06469253091357442,0.9797232309558872,-0.09972877830728674,-0.500144438166426,0.010003678638217743
0.9498997995991983,0.22399691621850562,0.016306758251101103,358.0934329605505,-7.251235864108718e-7,-0.39559018462029927,0.06469251425629874,0.9797232282544546,-0.09972881275075852,-0.5001446085517933,0.010003665550831802
0.9519038076152304,0.22399690370720993,0.016306757581184737,358.8489261828828,-7.134833637769771e-7,-0.3955903502988043,0.06469249793052964,0.979723225646863,-0.09972884664515987,-0.5001447762433381,0.010003652734550636
0.9539078156312625,0.2239968913964113,0.016306756926510842,359.6044194052308,-7.020300415688965e-7,-0.39559051335451084,0.06469248193171781,0.9797232231574823,-0.09972888000212049,-0.5001449412969343,0.010003640184416117
0.9559118236472945,0.22399687928289694,0.016306756286762668,360.35991262759427,-6.907604784559491e-7,-0.39559067383847896,0.06469246625513862,0.9797232208057393,-0.09972891283265561,-0.5001451037650375,0.010003627895579329
0.9579158316633266,0.2239968673635055,0.016306755661629695,361.1154058499726,-6.796717973872116e-7,-0.39559083179898513,0.06469245089561329,0.9797232186058042,-0.09972894514684147,-0.5001452636968401,0.010003615863016386
0.9599198396793587,0.22399685563512628,0.016306755050807597,361.8708990723664,-6.687612497214139e-7,-0.3955909872815604,0.06469243584833714,0.9797232165666492,-0.09972897695521836,-0.5001454211382491,0.010003604082386498
0.9619238476953907,0.2239968440946985,0.01630675445399771,362.62639229477486,-6.580273996665263e-7,-0.3955911403291256,0.06469242110785348,0.9797232146922734,-0.0997290082664823,-0.5001455761319499,0.010003592548913273
0.9639278557114228,0.22399683273921028,0.01630675387090765,363.3818855171972,-6.474658539191394e-7,-0.39559129098179663,0.06469240666819989,0.9797232129816841,-0.09972903908874853,-0.5001457287173191,0.010003581257541964
0.9659318637274549,0.2239968215656983,0.016306753301251014,364.1373787396339,-6.370725002465629e-7,-0.3955914392769175,0.06469239252374301,0.9797232114285515,-0.0997290694305386,-0.5001458789304088,0.0100035702038976
0.9679358717434869,0.22399681057124646,0.016306752744746692,364.89287196208466,-6.268460947924479e-7,-0.39559158524925225,0.06469237866846596,0.9797232100214833,-0.09972909929894436,-0.5001460268041014,0.010003559383459128
0.969939879759519,0.2239967997529854,0.016306752201119296,365.6483651845492,-6.167837299751323e-7,-0.39559172893089956,0.06469236509600977,0.9797232087439928,-0.09972912870037852,-0.5001461723680688,0.01000354879161657
0.9719438877755511,0.22399678910809184,0.016306751670098776,366.4038584070274,-6.068828948513424e-7,-0.3955918703512367,0.064692351799846,0.9797232075746246,-0.09972915764057191,-0.5001463156487327,0.010003538423804243
0.9739478957915831,0.22399677863378772,0.016306751151420433,367.1593516295188,-5.971410080697059e-7,-0.39559200953701007,0.06469233877292815,0.9797232064866972,-0.09972918612424328,-0.5001464566692452,0.010003528275262732
0.9759519038076151,0.22399676832733947,0.0163067506448249,367.91484485202335,-5.875554835752556e-7,-0.3955921465122735,0.06469232600810679,0.979723205448455,-0.09972921415570622,-0.5001465954496263,0.010003518341266868
0.9779559118236472,0.2239967581860574,0.01630675015005793,368.6703380745407,-5.781237848320183e-7,-0.395592281298602,0.06469231349774063,0.9797232044230682,-0.09972924173797157,-0.5001467320066788,0.010003508616946658
0.9799599198396792,0.22399674820729482,0.016306749666870346,369.42583129707083,-5.688432978543614e-7,-0.39559241391481276,0.06469230123403559,0.9797232033686886,-0.09972926887354142,-0.5001468663540646,0.010003499097495181
0.9819639278557113,0.22399673838844744,0.016306749195017834,370.1813245196135,-5.597118466084092e-7,-0.39559254437714136,0.06469228920881288,0.9797232022383364,-0.09972929556391624,-0.5001469985021887,0.01000348977793366
0.9839679358717434,0.22399672872695292,0.016306748734260947,370.9368177421684,-5.507271937173043e-7,-0.3955926726992552,0.0646922774133871,0.9797232009799083,-0.0997293218095292,-0.5001471284583294,0.010003480653020688
0.9859719438877754,0.22399671922029293,0.016306748284365055,371.6923109647353,-5.418872426729614e-7,-0.3955927991694062,0.06469226587105513,0.9797232001458507,-0.09972934765549306,-0.5001472565155751,0.010003471715945466
0.9879759519038075,0.22399670986599188,0.01630674784510022,372.4478041873142,-5.331900489026543e-7,-0.395592924266386,0.0646922546318693,0.9797232007072226,-0.09972937318843006,-0.5001473831666312,0.010003462964138824
0.9899799599198396,0.22399670066159688,0.01630674741624105,373.20329740990474,-5.246325086958288e-7,-0.3955930471053511,0.0646922435866193,0.9797232006503336,-0.09972939826858887,-0.5001475074922442,0.010003454400731783
0.9919839679358716,0.22399669160470576,0.016306746997566693,373.9587906325068,-5.162120826900794e-7,-0.39559316775403086,0.06469223273492464,0.9797232000621303,-0.09972942290742184,-0.5001476295683754,0.010003446020888587
0.9939879759519037,0.22399668269295483,0.01630674658886072,374.7142838551202,-5.079266702791544e-7,-0.3955932862776023,0.06469222207634236,0.9797231990244188,-0.09972944711608579,-0.5001477494679242,0.01000343782005812
0.9959919839679358,0.22399667392401823,0.016306746189910976,375.46977707774477,-4.997741958434417e-7,-0.39559340273862337,0.06469221161050337,0.9797231976139097,-0.09972947090574558,-0.5001478672606836,0.010003429794051895
0.9979959919839678,0.22399666529560763,0.01630674580050949,376.2252703003804,-4.917526560508476e-7,-0.3955935171970532,0.06469220133692202,0.9797231959021855,-0.09972949428735695,-0.5001479830132683,0.010003421938897479
1.0,0.22399665680550704,0.016306745420441558,376.9807635230274,-4.838439615490222e-7,-0.3955936268508184,0.06469219103726136,0.9797231916372898,-0.09972951832328428,-0.5001480952148559,0.010003414129744299
