time,angle_pc,w_pc,p_pc,q_pc,gamma,i_vsc_a,i_vsc_b,i_vsc_c,v_sh_a,v_sh_b,v_sh_c,i_bus_a,i_bus_b,i_bus_c
0.0,0.5248220433151373,1.0,0.8183040522662994,0.6243045398549936,1.4031838768194038,2.719075784270385,-0.8415722203814354,-1.8775035638889486,1.7227552523259744,-0.24612473409984653,-1.476630518226127,1.0673638165148807,-0.7801641098685602,-0.28719970664631983
0.01002004008016032,4.302288150880642,1.0000000120449353,0.8183101980322663,0.6243000352021889,1.4031838085770723,-1.832431474433307,-0.8989614591359556,2.731392933569427,-0.9641349753503503,-0.8989735060036215,1.8631084813540788,-1.0277772918555113,0.16323121583438277,0.8645460760212605
0.02004008016032064,8.079754218688104,0.9999999755722554,0.8183030031031682,0.6243085647590707,1.4031837163236178,0.22953045695149277,2.2881011684196553,-2.5176316253700124,-0.17134939613522243,1.6926714516964134,-1.521322055561241,0.5864387937670537,0.5175115755709689,-1.1039503693369372
0.03006012024048096,11.857220279237854,0.9999999750163463,0.8183206091645084,0.6243021882538676,1.403183515197194,1.4631055906925345,-2.7828322949278053,1.3197267042362077,1.2398645599279678,-1.8247078636690734,0.5848433037410827,0.08414154899738402,-0.9959750823843667,0.9118335333880129
0.04008016032064128,15.634686261163933,0.9999999925695261,0.8182979954330618,0.6242957159217607,1.4031835052408226,-2.5838364082632777,2.189769773272753,0.3940666349882519,-1.8237223149894624,1.2434909571678663,0.580231357820155,-0.7218106530351603,1.0850639986251827,-0.3632533455912181
0.0501002004008016,19.412152322828238,0.9999999537821604,0.8183128811384682,0.6243181770247862,1.4031832410660021,2.6945107799937493,-0.740747272551727,-1.9537635074433175,1.6946649251586963,-0.17617520971699363,-1.5184897154430248,1.0773467733980489,-0.7500770051837424,-0.32726976821492426
0.06012024048096192,23.189618320413675,0.999999978869616,0.8183077704483068,0.624304251751994,1.4031832570912954,-1.751955139825191,-0.9978221542540822,2.7497772940788616,-0.9032132840410212,-0.9599655799600034,1.8631788640009765,-1.0117451450195072,0.12185921708270739,0.8898859279363739
0.07014028056112225,26.967084362937744,0.9999999802919012,0.8183074398606591,0.6243031100238859,1.4031831713646228,0.12457647516945275,2.3463754778034267,-2.4709519529735586,-0.24130430197270247,1.7208918055443592,-1.479587503571511,0.5506621418606809,0.5540038153309655,-1.1046659571922932
0.08016032064128256,30.744550396315116,0.9999999743956849,0.8183142846217669,0.6243024819762586,1.4031830091148132,1.5515021036673655,-2.777695677566757,1.2261935738990535,1.2915039399230617,-1.8091033599903394,0.5175994200672411,0.12567025604118753,-1.0132902188418187,0.8876199628003001
0.09018036072144288,34.52201640976334,0.9999999922747494,0.8183004066711961,0.624295394461323,1.4031830069059736,-2.621149616419561,2.1232815935815843,0.4978680228385569,-1.8368872683159183,1.1901916186971608,0.6466956496192018,-0.7528770453042075,1.0764752074052675,-0.3235981621005538
0.1002004008016032,38.2994824763811,0.9999999662444233,0.8183082539055796,0.6243128063906387,1.4031827856616073,2.666130882154274,-0.6388640157170916,-2.027266866437532,1.6641776637525323,-0.10599377304172641,-1.5581838907117844,1.0857824702402832,-0.718904505884266,-0.36687796435633024
0.11022044088176353,42.076948498523286,0.9999999786409233,0.8183041501702205,0.6243045251461704,1.4031828259507846,-1.6689846053830584,-1.0952670567655949,2.7642516621486517,-0.8410058048505558,-1.019592979203593,1.8605987840541394,-0.9942698592515539,0.08031148984333636,0.9139583694081972
0.12024048096192384,45.854414568658584,0.9999999894604161,0.8183092530696033,0.6243004184753047,1.403182739498273,0.019446438552997238,2.401302798698983,-2.4207492372510906,-0.31091599115067614,1.7466621441605898,-1.4357461530095448,0.5141019935884916,0.589700209930297,-1.10380220351872
0.13026052104208416,49.63188061580534,0.999999979508719,0.8183094924508787,0.6243015424396947,1.403182616219093,1.6376978109534888,-2.768616592389407,1.1309187814365331,1.3413076696820672,-1.790927920287876,0.4496202506056516,0.16702260869073435,-1.0291664414915977,0.8621438328014465
0.1402805611222445,53.409346659172314,0.9999999958558957,0.8183042346490244,0.6242968449194402,1.4031825814304035,-2.6547318086953573,2.0537726720168354,0.6009591366798803,-1.8474442730491585,1.135198906548188,0.7122453665013816,-0.782879850733293,1.06636345530684,-0.28348360457248806
0.1503006012024048,57.18681274110914,0.9999999744496383,0.8183043993509725,0.624308829722705,1.403182430084297,2.6339625319697837,-0.5360717664871472,-2.097890765482736,1.6313268033296195,-0.03566168659462293,-1.5956651167360205,1.0926762724442067,-0.6867118306697809,-0.40596444177443913
0.16032064128256512,60.964278784299275,0.9999999818218469,0.8183003695259417,0.6243031242993665,1.4031824901509202,-1.5836418453505021,-1.1911583506318677,2.7748001959827002,-0.7776035208291399,-1.077772390990638,1.855375911819762,-0.9753802404807317,0.03864728432090786,0.9367329561601426
0.17034068136272545,64.74174487551664,0.999999995118259,0.8183098445452467,0.6242988758311339,1.4031823962392764,-0.08571015733750018,2.4528010249804275,-2.3670908676429963,-0.38008441006188687,1.769943330117764,-1.3898589200560976,0.47680863692290354,0.6245527128520265,-1.1013613497746424
0.18036072144288576,68.51921093688442,0.9999999838356285,0.818305286143075,0.6243002117404549,1.403182310129605,1.7215685048578528,-2.755606688821895,1.0340381839629829,1.3892068213162765,-1.7702099903621202,0.3810031690459677,0.20813938294390177,-1.043582020484834,0.8354426375401153
0.1903807615230461,72.29667700048812,0.999999999049389,0.8183072612836039,0.6242984109771899,1.4031822381271692,-2.684507795790353,1.9813206365076548,0.7031871592826644,-1.8553498024921868,1.0785778420857381,0.7767719604062011,-0.8117583892415052,1.0547227451989154,-0.24296435595750654
0.2004008016032064,76.07414309577761,0.9999999798780237,0.8183009562928512,0.6243057454527181,1.4031821511528428,2.59804976161077,-0.4325147648798371,-2.165534996731349,1.5961593649151764,0.034722051535240994,-1.6308814164501872,1.0980190606106117,-0.6535441339757362,-0.44447492663542437
0.21042084168336672,79.85160915449292,0.999999985406025,0.8182969839931645,0.6243013839111193,1.4031822265452005,-1.4960487008832262,-1.2853562778213021,2.7814049787040096,-0.7130970384690145,-1.1344211424320902,1.8475181809011023,-0.9551046443556176,-0.0030730347866523844,0.9581776791416696
0.22044088176352705,83.62907526102302,0.9999999987178401,0.818309597432797,0.6242975718048391,1.4031821236469633,-0.1907437747060547,2.5007942404939776,-2.3100504657887098,-0.44870973562998645,1.7906979616933463,-1.341988226063739,0.43883461519932393,0.658513079971838,-1.0973476951714756
0.23046092184368736,87.40654133407416,0.9999999872715838,0.8183017338712191,0.6242990130395789,1.4031820686954648,1.8029905580150336,-2.7386788259398336,0.9356882679238094,1.4351324371716978,-1.7469780274630442,0.311845590291302,0.2489619597297773,-1.0565164169575367,0.8075544572270505
0.24048096192384769,91.18400741186001,1.000000001821549,0.8183076003518411,0.6242986061502039,1.4031819797212235,-2.7104371579778554,1.906027496797596,0.8044096611785464,-1.8605898820077476,1.0204088253330212,0.8401810566744957,-0.8394673479176575,1.04156413241125,-0.20209678449453577
0.250501002004008,94.96147351760355,0.9999999838329906,0.8182979640336768,0.6243036603445531,1.403181929534136,2.5584370445660665,-0.3283380711048147,-2.2300989734605055,1.5587223746195407,0.10505844918790175,-1.6637808238079497,1.1018021520613464,-0.6194473973866406,-0.48235475467376937
0.2605210420841683,98.73893958776252,0.9999999886937553,0.8182945769989945,0.6243000369665321,1.4031820154569277,-1.4063266616144379,-1.3777217506288009,2.7840484122435702,-0.64757697349129,-1.1894565564170174,1.8370335299083107,-0.9334710668149913,-0.04478977591781602,0.9782608427330699
0.27054108216432865,102.51640570552652,1.0000000010849044,0.8183089708268069,0.6242963881482121,1.4031819065218276,-0.29550493439416625,2.545219857287753,-2.249714922893499,-0.5166952320339969,1.8088999703502397,-1.292204738316706,0.4002351948992144,0.6915351764931175,-1.0917703713918971
0.280561122244489,106.2938717875672,0.9999999900033758,0.818299298284104,0.6242983634169691,1.4031818730255303,1.8818406058510837,-2.7178463289770125,0.8360057231266209,1.479015569033019,-1.7212604903383169,0.24224492130537223,0.2894319730927611,-1.067949557766482,0.7785175846742343
0.2905811623246493,110.0713378755907,1.000000004148789,0.818306041061606,0.6242978413747375,1.4031817883994668,-2.7324995296939467,1.8280126402598103,0.9044868894351856,-1.863170396755707,0.9607815620203194,0.9023888347357256,-0.8659742901232104,1.02691441314093,-0.16094012301719665
0.3006012024048096,113.8488039891485,0.9999999869553801,0.8182956176236281,0.6243029173751339,1.4031817489248826,2.5151690360105077,-0.2236870477682944,-2.2914819882429285,1.5190628586254358,0.17524852638767197,-1.6943113850129237,1.1040170469271522,-0.5844679176995244,-0.5195491292278712
0.3106212424849699,117.62627006773906,0.999999991533479,0.8182937463874865,0.6242995933379357,1.4031818400387213,-1.3145970757446885,-1.468115942737966,2.782713018482347,-0.5811339402565232,-1.2427959618167725,1.8239299020732407,-0.9105073646647519,-0.08644350256922767,0.9969508672337907
0.32064128256513025,121.40373619377074,1.0000000026571394,0.8183083120425735,0.6242953591334466,1.403181732423299,-0.39984404267437773,2.5860150902490076,-2.186171047573113,-0.5839441724188095,1.8245232970438832,-1.2405791246248725,0.3610657662735519,0.7235726615475168,-1.0846384278199341
0.3306613226452906,125.18120228248738,0.9999999922182793,0.8182985936496049,0.6242986430427678,1.4031817068605685,1.9579953943778645,-2.6931227037212095,0.7351273093441817,1.5207872771843007,-1.6930858396189215,0.17229856243447628,0.32949115923083877,-1.0778615493408552,0.748370390111081
0.3406813627254509,128.95866837801103,1.0000000061098446,0.8183032584780975,0.6242964878083638,1.4031816488561528,-2.7506744719841665,1.7473953171485448,1.0032791548373958,-1.863097238155049,0.8997857578797411,0.9633114802759815,-0.8912467000418154,1.010800247151946,-0.11955354710933466
0.3507014028056112,132.73613449722734,0.9999999895856247,0.8182941728533184,0.6243039513458232,1.4031815954537772,2.4682904665320713,-0.11870716947738125,-2.34958329705453,1.4772278434946275,0.2451933111922424,-1.7224211546870212,1.1046553212298107,-0.5486521122193329,-0.5560032090104785
0.3607214428857715,136.51360058200297,0.9999999939425106,0.8182950974369951,0.6243004807873322,1.4031816857459856,-1.2209812353967084,-1.5564001304887247,2.7773813658855104,-0.5138585506898262,-1.294356693698663,1.8082152443883934,-0.8862413417610219,-0.12797487457297801,1.0142162163341981
0.37074148296593185,140.29106671409517,1.0000000035149064,0.8183090215076189,0.6242953967043974,1.403181582215892,-0.5036121872404519,2.623123962684915,-2.11951177544227,-0.6503635309932159,1.8375487695639838,-1.1871852385706527,0.32138302660305196,0.7545836294346421,-1.0759666560359884
0.3807615230460922,144.06853280764645,0.9999999936286339,0.8183026990502261,0.6243015678057885,1.4031815404375008,2.031341837927911,-2.664539359730701,0.633197521804101,1.560388091293476,-1.662490693075992,0.10210260178238303,0.3690855412531209,-1.0862441596755799,0.7171586184238671
0.3907815631262525,147.84599890869958,1.000000007796977,0.8182998861035976,0.6242949033992616,1.4031815478184586,-2.7649415205794825,1.6642947271220665,1.100646793459436,-1.8603763022051711,0.8375111176169252,1.0228651845888095,-0.9152520323855773,0.9932482452097136,-0.07799621282275981
0.4008016032064128,151.62346503189545,0.9999999917389238,0.8182970190696935,0.624305264306486,1.4031814519601298,2.4178729179848446,-0.013577851978206809,-2.404295066005276,1.4332712595819175,0.31478993536716937,-1.748061194949226,1.1037137542334932,-0.5120492736027039,-0.591664480629173
0.4108216432865731,155.40093112110318,0.9999999943700397,0.8183036964862332,0.6243060841513427,1.4031814994093765,-1.1256272529316358,-1.642456125113361,2.7680833780460286,-0.44584581946870466,-1.3440732172830712,1.7899190367516198,-0.8607206545365288,-0.16932475451122073,1.030045409049012
0.42084168336673344,159.17839725764657,1.000000003393495,0.818312672688939,0.6242978689629239,1.4031814375376817,-0.6066580847793963,2.6564905225943622,-2.04983243781464,-0.7158587342573409,1.8479560791172904,-1.1320973448601221,0.28124494299850034,0.784524353284886,-1.0657692962827219
0.4308617234468938,162.95586335460925,0.9999999940615953,0.8183087599950881,0.6243053573555255,1.4031813919900644,2.10177849470924,-2.6321432520677974,0.5303647573583075,1.597750365156127,-1.6295100444955186,0.03175967933929459,0.4081501523395769,-1.0930731131539368,0.6849229608141758
0.4408817635270541,166.73332945978007,1.0000000092890067,0.818296542934421,0.6242934425629495,1.4031814736578714,-2.7752802040803144,1.578830051484601,1.1964501525956956,-1.85501348824871,0.774047344684138,1.0809661435646638,-0.9379577317515442,0.9742850014297469,-0.036327269678281426
0.45090180360721444,170.51079558566056,0.999999993182301,0.8183002151628912,0.6243056858157033,1.4031813387119512,2.364007477202849,0.09156441437850055,-2.4555718915812332,1.3872630901533722,0.38393091389234535,-1.7711940040461376,1.1011909535983777,-0.4747150534034153,-0.6264759001946476
0.4609218436873747,174.28826167803575,0.9999999949295416,0.818307664202717,0.6243088474257943,1.40318138027779,-1.0286548656896173,-1.7261596464675557,2.7548145121583496,-0.3771942804171502,-1.3918523674834706,1.7690466479010578,-0.8339572160252359,-0.21042734635679147,1.044384562382702
0.47094188376753504,178.06572781779073,1.0000000032142815,0.8183138101917333,0.6242988311238789,1.4031813375336755,-0.7088331874838443,2.686042539152184,-1.9772093516664075,-0.7803202279005511,1.855702076922521,-1.07538184902159,0.24070343979883294,0.8133315550065927,-1.0540349948043657
0.48096192384769537,181.84319391707788,0.9999999942766157,0.8183116712644563,0.6243071196433183,1.403181291076526,2.169205945187035,-2.595974344389937,0.42676839920431076,1.6328143849619976,-1.5941876382189097,-0.03862674674328778,0.446622815510781,-1.098323750950144,0.6517009354408626
0.4909819639278557,185.6206600253466,1.000000010645299,0.8182938434290709,0.6242924595287793,1.4031814160728513,-2.781670050451521,1.491120465070715,1.2905495853819442,-1.8470146980661943,0.7094841413241155,1.13753055674213,-0.959331239949467,0.9539371050135333,0.00539413493701818
0.501002004008016,189.39811939810954,0.9999293018159331,1.0042068340299295,0.6935734516193394,1.4062072779376344,2.677740275028678,0.340300586123535,-3.0180408611519196,1.5906632466869628,0.5298582793892173,-2.1205215260773524,1.2324377829821942,-0.4036885804879048,-0.8287492024918741
0.5110220440881763,193.17009445369254,0.9976946967928703,0.9027426578285648,1.2659277205839994,1.4316055179719998,-1.346460633720455,-1.736509252153423,3.0829698858809977,-0.3638135898678217,-1.7170550522346435,2.0808686421044764,-1.2015049091683907,0.12147137469291865,1.0800335344786745
0.5210420841683366,196.94054098112062,0.9978651290767167,1.1908608921474366,0.9814687071985887,1.4558035926697164,-0.8535390678873283,3.2807126295843334,-2.4271735616970047,-1.0036403692128673,2.231849859862354,-1.2282094906494048,0.350095636042569,1.0354896039042756,-1.3855852399466893
0.531062124248497,200.70786371679785,0.9975602851098786,0.8554357104341702,1.0619762900384804,1.478859383000579,2.376663897993411,-2.907494602313653,0.5308307043204379,1.999929931977556,-1.9002219239611249,-0.09970800801701557,0.2728073137181923,-1.1278193488063828,0.8550120350886354
0.5410821643286573,204.47602348645123,0.9970254399502784,1.112295815357981,1.1942192643614384,1.500841743763986,-3.308377293135589,1.9763756969409945,1.3320015961949712,-2.2428023173165172,0.829935978715939,1.41286633860073,-1.0986938942547462,1.3568043448550648,-0.2581104506000129
0.5511022044088176,208.24291872818085,0.99753975867463,0.994287833017548,1.0016051703026778,1.521709101892403,2.7340024852380203,0.16270992881436397,-2.8967124140538223,1.6335109540575452,0.564073433955086,-2.197584388012875,1.2593956906739077,-0.622146662842856,-0.6372490278319082
0.561122244488978,212.00984396220298,0.997021686430407,0.9742770162282356,1.2080921632619466,1.541620990846966,-1.3276649171148887,-1.878990181920785,3.20665509903568,-0.39011064332304635,-1.7655593277498283,2.155669971073687,-1.163145774045775,0.033339333733000825,1.129806440312822
0.5711422845691383,215.77714507473596,0.9973096374558503,1.0764402428053996,1.0948169857961347,1.5605380709647263,-0.7644118492747545,3.1947753024740093,-2.4303634531989124,-1.0150390849995476,2.3041190009690573,-1.2890799159698816,0.45779713624964785,0.8745019993867365,-1.3322991356349088
0.5811623246492986,219.54385042721023,0.9972929974226463,0.9448432818110301,1.1378150765432218,1.5785468156416638,2.4265952125785235,-3.0500417338153083,0.6234465212283129,2.049349849621386,-1.972003058613394,-0.07734679100546404,0.2678757277842512,-1.200176492932352,0.9323007651393609
0.5911823647294588,223.31127121683122,0.9971861700425648,1.0439107336509492,1.186148015939476,1.5956933853742208,-3.295813210780788,1.952385069339047,1.343428141432351,-2.3128401752794963,0.8815561700666521,1.4312840052139997,-1.0142499688364994,1.2862992498190198,-0.27204928099133213
0.6012024048096192,227.07845589559756,0.9974430774288735,0.9901559938142015,1.1185256829674228,1.6119873768459843,2.8131613502447372,0.05897879485980423,-2.872140145115683,1.697545500377877,0.553700521345867,-2.2512460217250174,1.277016840465729,-0.7222104287706883,-0.5548064117036513
0.6112224448897795,230.84590231877124,0.9972953250024497,0.9841350141417405,1.2018915693262662,1.6275092629507695,-1.3446227615772803,-1.9149825274430465,3.2596052890062013,-0.4273314824209102,-1.7939278097554103,2.2212592921772316,-1.1484253157596813,0.031638034989871416,1.116787280755648
0.6212424849699398,234.6136694906051,0.9974641022683124,1.0171371362800745,1.1590366010797282,1.64226344245328,-0.7094450730333108,3.1613778067732765,-2.45193273375019,-1.0170058295946103,2.3597720247845917,-1.3427661951892362,0.5209721202280955,0.7825212430929995,-1.3034933633324362
0.6312625250501002,238.38140155588147,0.9974969364992256,0.9642170599341465,1.1818912864115938,1.6563030036015285,2.438651947675868,-3.113888482388927,0.6752365346929661,2.086175865482851,-2.030642744911479,-0.05553312057017468,0.23849001595021013,-1.2063503461517235,0.9678603301835115
0.6412825651302605,242.14958900091534,0.9975093706445253,0.9999492842150016,1.2008178362107227,1.6696617863976608,-3.2924274328484997,1.9579199581733193,1.3345074746633276,-2.3675138154752564,0.9222644132178338,1.4452494022549058,-0.9548227877551441,1.2551865176622732,-0.3003637299190852
0.6513026052104208,245.91785444361554,0.9976517635335848,0.9742764288238595,1.1789991600740464,1.682361884295412,2.8528010506047763,0.00823940331920342,-2.8610404539401713,1.7468659124532797,0.5463653040694227,-2.2932312165251343,1.2693521605097895,-0.7709051429301291,-0.4984470175958339
0.6613226452905812,249.68640585095196,0.99764090359112,0.9705579861155098,1.2135345979800394,1.6944496189859901,-1.3595275388466121,-1.9227395076549763,3.2822670464760644,-0.45331063367257485,-1.8182178462329575,2.271528479903733,-1.1417489524605222,0.0526150901916011,1.0891338622528943
0.6713426853707415,253.45524677897018,0.9977542883078805,0.9787871280262608,1.1988018012872341,1.705941791916606,-0.6823620551939138,3.1489115560432426,-2.4665495008617073,-1.0227346616307098,2.403477845737321,-1.3807431841065203,0.558473554448442,0.7246204173861389,-1.2830939718478254
0.6813627254509018,257.2242518760133,0.997809470603997,0.9557955453379402,1.2110546230292933,1.7168742999250381,2.442484236449056,-3.1402945492901337,0.6978103128278685,2.117786665499253,-2.0734181128684943,-0.04436855262838335,0.20763539614984744,-1.191281103015817,0.9836457068462328
0.6913827655310621,260.99360323688705,0.9978620231052822,0.9665759206165593,1.219556782957711,1.727273094634135,-3.291612358531871,1.961266360815991,1.3303459977028178,-2.409141561638805,0.9469880216879653,1.4621535399556989,-0.9119802265015275,1.237260484345441,-0.32528025786362624
0.7014028056112224,264.76315198318275,0.9979599937414123,0.9530685283068357,1.2138919996664859,1.7371606705940779,2.8677260587332727,-0.008829428299977682,-2.8588966304533905,1.7796512916603962,0.5488692802420806,-2.328520571903636,1.2537301659889137,-0.7944517009559915,-0.45927846505193887
0.7114228456913827,268.53298145219145,0.9979999398296575,0.949313623323304,1.2290104749268531,1.7465669686239091,-1.3606667252653453,-1.9294673983166701,3.2901341235505646,-0.46396158835163603,-1.843611286215149,2.3075728745657296,-1.1358794978886477,0.07400198921307855,1.0618775086550132
0.721442885771543,272.30308358935713,0.9980873856383546,0.9490327600174394,1.2250661531864153,1.7555104571414384,-0.6790715713291052,3.1464576979790104,-2.4673861266663777,-1.0369887321021587,2.43843365502488,-1.4014449229217656,0.5792629676758522,0.6868815474297542,-1.2661445151238484
0.7314629258517034,276.0734120541144,0.9981497624909063,0.9375755506394797,1.231954362495321,1.7640167289179391,2.450509602475142,-3.146740796119488,0.696231193620331,2.148099411376019,-2.100717554806912,-0.047381856563545544,0.18390322318400665,-1.17238363163779,0.9884804084226761
0.7414829659318637,279.84403092527066,0.9982122413299931,0.9389250616128484,1.2365634016475524,1.7721063552345997,-3.2918888279467398,1.9520825714938277,1.3398062564466553,-2.440040049864453,0.9545012602148275,1.4855387896525738,-0.8822657932478439,1.2237629357104127,-0.3414971424745647
0.751503006012024,283.614879138403,0.9982895519879386,0.9308723795365288,1.2362994149656483,1.7797982600592475,2.8651675476211245,-0.0001354965781228401,-2.865032051056065,1.7959306720236203,0.563979088121805,-2.359909760145687,1.2377084074887532,-0.8036750855236823,-0.43403332197819944
0.7615230460921844,287.3859864247063,0.9983442560446815,0.9270063226908108,1.2435756836936938,1.7871140249098194,-1.3445127366366703,-1.9455718227257708,3.2900845593290535,-0.45815385070234027,-1.8728294585203944,2.3309833092133756,-1.1286666129436553,0.08812125244402547,1.0405453604920387
0.7715430861723447,291.1573432848285,0.9984160748530798,0.9241591295288649,1.2435077499513705,1.7940700831778236,-0.697069947471136,3.1506555448548594,-2.4535855973840994,-1.0617172895194416,2.466892571474071,-1.4051752819558434,0.5879113656621557,0.6638423774511407,-1.2517537431226318
0.781563126252505,294.92892950072576,0.9984766485896851,0.9173847602511456,1.2476745739757997,1.8006853064132027,2.4676681328718653,-3.141028580157141,0.6733604472622424,2.1793268872168694,-2.1138902445980152,-0.06543664261726034,0.17010791824751254,-1.1564129494828232,0.9863050312117494
0.7915831663326653,298.7007642701229,0.9985366931938497,0.9155202225985773,1.2506992575128257,1.8069754618701293,-3.2930770427940654,1.9278844521387886,1.3651925906413476,-2.462020993031676,0.9452334037590033,1.5167875892814304,-0.8639443328305896,1.2120200112796864,-0.3480756784673752
0.8016032064128256,302.4728197709033,0.9986007644264558,0.910056459011898,1.251956849794369,1.812956842548975,2.8493909674057556,0.030142799353223948,-2.8795337667668712,1.7968799599152072,0.5921485641414461,-2.389028524056656,1.2242920557419668,-0.8033871881071285,-0.4209048676406804
0.8116232464929859,306.2451035297197,0.9986551982015558,0.9064549813841386,1.2559587172399098,1.8186446261510154,-1.3111356584358511,-1.9741951435039806,3.2853308018850633,-0.4364635235571237,-1.9068510408703108,2.343314564408494,-1.1197372852889926,0.09299065663604704,1.026746628632929
0.8216432865731462,310.0176065113507,0.9987150409693402,0.9031510606147882,1.2570924330337265,1.8240530387472402,-0.7339786453482351,3.1602180236677455,-2.4262393783263105,-1.0970688325343108,2.4903224454981725,-1.3932536129603368,0.5870624112736121,0.6527359064310381,-1.2397983177189311
0.8316633266533066,313.79031728346234,0.9987691835816257,0.8985334160334829,1.2598525906761988,1.8291958916639675,2.494910834219101,-3.126717898584201,0.6318070643600792,2.2121020217404306,-2.1143142573981253,-0.09778776433087488,0.16640768127401684,-1.1454852098734953,0.9790775285932221
0.8416833667334669,317.56323824290513,0.9988222029304893,0.8958183342190589,1.2620272747694459,1.8340862584222752,-3.2951317378861162,1.8890325524479512,1.406099185429952,-2.4762570435620392,0.9205649158363866,1.55569212772396,-0.8553773278902723,1.2009453314051184,-0.34556800352117734
0.8517034068136272,321.3363545393695,0.99887540641983,0.8918311464642207,1.2635712416413214,1.8387360387823386,2.8230861955864923,0.07865764414315377,-2.9017438397333573,1.7843133372308262,0.6325083021812832,-2.4168216394139583,1.214599568562023,-0.7961530497080953,-0.41844651885481
0.8617234468937875,325.10966466085387,0.9989238793829295,0.8886537274545624,1.266068142999474,1.8431574951825722,-1.2620462593072803,-2.0150548605281786,3.2771011198333015,-0.4004563050246258,-1.9454585645115618,2.3459148695351124,-1.1090902456145415,0.08882664492712256,1.020263600684891
0.8717434869739479,328.8831607924152,0.9989732871079604,0.8856087745417628,1.2674204487833771,1.8473618320011622,-0.7871733627786521,3.174021407817664,-2.386848045042753,-1.142011803493006,2.509405155996458,-1.3673933525013902,0.5784878424435171,0.6515121233047041,-1.2299999657521035
0.8817635270541082,332.6568345479791,0.9990193610366122,0.8822095226448068,1.2693982576946017,1.8513593044838816,2.5315013760795178,-3.1056125033251867,0.5741111271921104,2.246410850144784,-2.1035821332400024,-0.14282871691333443,0.17191369381259455,-1.1397681294842148,0.9678544356203236
0.8917835671342685,336.4306825887349,0.9990640509514997,0.8795652785668143,1.2710741502514051,1.85516060563055,-3.2975888506245274,1.8371459441951266,1.4604429064148163,-2.483858932295471,0.8824513198497776,1.6014076124418102,-0.8551832850952278,1.190338736365759,-0.33515545129740854
0.9018036072144289,340.2046953865074,0.999107658174455,0.8765086586907291,1.2724962560606723,1.8587749764593937,2.787638848179508,0.14244129400907218,-2.930080142222847,1.759694495150524,0.6833985970615764,-2.4430930922138208,1.2082899120508368,-0.7833940302015723,-0.4248958818805925
0.9118236472945891,343.97886846432334,0.9991485203015378,0.87382876114539,1.2742124922369296,1.862212055634488,-1.1991742381917736,-2.066456554978605,3.265630793154892,-0.3520433911204441,-1.9878078576981122,2.339851248823851,-1.0967806032630878,0.07669971203965373,1.0200808911962589
0.9218436873747494,347.75319507848843,0.9991887510736246,0.8712719490111033,1.2754754670494712,1.8654799074557542,-0.8537990354950452,3.1906954966672147,-2.3368964611929024,-1.1950256199027212,2.5244849108797087,-1.32945929097766,0.5635672677655122,0.6584183718369467,-1.2219856396152975
0.9318637274549098,351.52766832629356,0.9992267194575553,0.8686233996969359,1.2769545941456961,1.8685873712324461,2.5757082962951507,-3.078559824454052,0.5028515281246796,2.281660215109784,-2.0830411722020794,-0.19861904292006638,0.18525220160164196,-1.1385302551808731,0.9532780535447639
0.9418837675350701,355.3022835739878,0.9992633172645055,0.8663374962923788,1.278242685954574,1.8715421831073453,-3.299727004228427,1.7737625304992717,1.5259644737135543,-2.4852791967093095,0.8327812175666663,1.6524979791518537,-0.8616491490706013,1.1796736457007138,-0.31802449664991345
0.9519038076152304,359.07703354712555,0.9992985351880989,0.8639671038882254,1.2794645401611753,1.8743516555952848,2.744205463131499,0.21880660060843932,-2.963012063742039,1.7246931085465373,0.7429661779189002,-2.467659286466191,1.2047539430289889,-0.7660508212220891,-0.4387031218069015
0.9619238476953907,362.8519135087887,0.9993319312020029,0.8617943273171992,1.2807315030325641,1.8770233211241298,-1.1246515282239793,-2.1263232141545894,3.2509747423646074,-0.2932553658762957,-2.032967730075643,2.3262230959509886,-1.082911368553421,0.05779995823834991,1.0251114102999246
0.9719438877755511,366.6269175144421,0.9993642026084275,0.8596857158427431,1.2817964511384463,1.8795636115726546,-0.9313372457021891,3.2090005942162394,-2.2776633485195883,-1.2544110403281703,2.535607516166893,-1.2811964758354457,0.5433459544027883,0.6717483472662362,-1.2150943016779463
0.9819639278557114,370.4020400246683,0.9993948343077481,0.8576528907051609,1.2829498562206922,1.8819789848223014,2.625622394361301,-3.045966391681703,0.42034399728380634,2.3171725634212628,-2.0539687564823703,-0.2632038069558708,0.20511974337922734,-1.1408893659613395,0.9357696225687798
0.9919839679358717,374.1772762764751,0.9994242103381741,0.8557671611224995,1.2839603684779304,1.8842760257429554,-3.3006020208509,1.7005065694440784,1.600095451407629,-2.4810195357219866,0.7734787192183183,1.707540816512243,-0.8734047873132185,1.1687040819347305,-0.29529929462549737
1.002004008016032,377.95262065569506,0.9994522963588647,0.853890558917569,1.2849567147685133,1.886460052019815,2.693651034130227,0.30533929253221176,-2.9989903266643396,1.6808144662803421,0.8094325351431269,-2.4902470014232994,1.2032446565181447,-0.7447841146774609,-0.4584605418434458
1.0120240480961924,381.7280688193024,0.9994790187074833,0.8521764937756844,1.2859385089481339,1.8885367457718099,-1.040290656186866,-2.1924842595781726,3.2327749157213583,-0.22594776078671389,-2.0797625978019636,2.305710358563056,-1.0674106716491027,0.03337359691694883,1.034037074709809
1.0220440881763526,385.5036156957426,0.9995046333211941,0.8504952214984552,1.286824767598259,1.8905116932088664,-1.0172579859935438,3.2275661166594096,-2.210308130677982,-1.3185713286043819,2.5428407080280313,-1.2242693794235997,0.5187101791789627,0.6901489386785457,-1.208859117870475
1.032064128256513,389.2792569473802,0.9995289857550765,0.848901551214301,1.2876967714723717,1.8923895937795832,2.6793297348171508,-3.007993601000703,0.3286638661921326,2.3520245836367564,-2.01728468562296,-0.33473989798931275,0.23017952500015398,-1.1457320105543543,0.9155524855495787
1.0420841683366733,393.05498816601454,0.9995522520119169,0.8473808265454126,1.288499067786062,1.894175326613773,-3.299606065701037,1.6188712354532306,1.680734830252399,-2.4715043179659433,0.7062444739556013,1.7652598440115703,-0.8891443406933807,1.157114829597321,-0.26797048889963354
1.0521042084168337,396.8308050471074,0.9995744351533352,0.8459233652468771,1.2893039214841981,1.8958733415447864,2.636490453127495,0.3998496186070613,-3.036340071733774,1.6292354545307355,0.8811147214409321,-2.510350175976317,1.2029791462623198,-0.7201573268991064,-0.48282181936010427
1.062124248496994,400.60670378326563,0.9995954994982096,0.8445687976593331,1.2900841220910526,1.8974878767782741,-0.947807279477701,-2.2629069157530823,3.2107141952454583,-0.1518570830704527,-2.127082417717132,2.278939500781807,-1.0502268948316467,0.0044713741161066245,1.0457555207243259
1.0721442885771542,404.3826803237002,0.9996156561528329,0.8432550366394141,1.2907868931404585,1.899023392307276,-1.1096219726863041,3.245436154375552,-2.135814181678962,-1.3860483721133892,2.546104885045433,-1.16005651293764,0.4903340830872461,0.712351536088675,-1.202685619157182
1.0821643286573146,408.15873106931537,0.99963480792027,0.8419931909732289,1.2914679310245845,1.9004835861374958,2.735245651706525,-2.9648926863124014,0.2296470346191981,2.3856800932876707,-1.9740225160391878,-0.4116575772486153,0.25932001879438027,-1.152261269866789,0.8929412510893381
1.0921843687374748,411.93485243685393,0.9996530559913772,0.840807279494026,1.2921106156868798,1.9018719490786475,-3.295975016461113,1.5300609944525312,1.7659140220224083,-2.4569557639874913,0.6325227991147372,1.8244329648726838,-0.9077551806485673,1.144631388589878,-0.23687620792758812
1.1022044088176353,415.71104099576957,0.9996704273668344,0.8396806017443723,1.2927537591460174,1.903192211299198,2.5733257098608573,0.5004529012228958,-3.073778611070156,1.5711094069586948,0.9565318101939027,-2.527641217153796,1.2033028041345017,-0.6926364108040153,-0.5106663933170081
1.1122244488977955,419.487293593631,0.9996869114380068,0.8386258073329097,1.2933620904754486,1.9044476560067747,-0.8486187623403043,-2.335971764778874,3.184590527131682,-0.07242137633709395,-2.1741050036392955,2.2465263799748767,-1.0313491509492647,-0.028019502023902937,1.0593686529898392
1.122244488977956,423.2636069976466,0.9997026726450385,0.8375828631994588,1.2939216844179522,1.9056416883994416,-1.2065987022209306,3.2615924745339027,-2.054993772307078,-1.4556111450395455,2.545377382101017,-1.0897662370615533,0.4588472208002686,0.7372987978142036,-1.1961460186081347
1.1322645290581161,427.03997838644585,0.999717575447514,0.836605029134454,1.2944742777976415,1.9067770540247118,2.791830928517493,-2.9166428238403768,0.12481189536603066,2.417490214591421,-1.9248896615797617,-0.4926005530091657,0.29161457979946986,-1.1596951032107374,0.8680805234388622
1.1422845691382766,430.8164047877541,0.9997318143512582,0.8356847456286307,1.2949819957313375,1.9078567990229005,-3.28911423890321,1.435121456016453,1.853992782903544,-2.4375975912320973,0.5535464177110534,1.8840511735128436,-0.9282888388379877,1.1310179975145676,-0.20272915865737295
1.1523046092184368,434.59288359212366,0.9997453438839479,0.8348195524522186,1.2954891332934442,1.908883491964604,2.5045948837617047,0.6056327400416381,-3.1102276237852142,1.5073502030211525,1.0345000911535236,-2.5418502941839884,1.2036619567269622,-0.6625832614762115,-0.5410786952347193
1.1623246492985972,438.3694121706861,0.9997581630363324,0.8339901694295607,1.295967145433781,1.9098598384818806,-0.743921037129486,-2.410249620958184,3.154170658099723,0.01118767526898612,-2.2200918333247035,2.208904158058675,-1.010761015720689,-0.06327894008723503,1.0740399558187277
1.1723446893787575,442.1459880405711,0.9997704033889034,0.8331747777494715,1.2964045159830473,1.9107885048404258,-1.306746539493723,3.2753701983286554,-1.9686236588292545,-1.5262578280478212,2.540686464836929,-1.0144286367891044,0.42476002458523837,0.7641574196864994,-1.188917444264889
1.1823647294589177,445.92260892971234,0.9997819819528277,0.8324317722471182,1.296853589964549,1.911671294733314,2.8479574729229458,-2.8634455008117,0.015488027894209708,2.4469812026769016,-1.8705450631697758,-0.5764361395136643,0.32627904061627977,-1.1674319544272604,0.8411529138264091
1.1923847695390781,449.69927248557894,0.999793005101636,0.8317182170478341,1.2972683845033683,1.9125110610482488,-3.278613639548248,1.3349793574930728,1.9436342820557724,-2.4136668071267833,0.4703574171647581,1.9433093899602758,-0.94998364620762,1.1161176221101026,-0.16613397589955012
1.2024048096192383,453.4759767150344,0.9998034987235501,0.8310510749020161,1.2976651499865965,1.9133096310142554,2.4306998710699994,0.7140868839599762,-3.1447867550203257,1.4387370444556027,1.1140202457111703,-2.55275729016696,1.2036207434205004,-0.6303248675383366,-0.5732958758722654
1.2124248496993988,457.25271949068247,0.9998134451411086,0.8303991791001776,1.2980268328344156,1.9140690887739802,-0.634762976117422,-2.4845967810516574,3.119359757175934,0.09794108620904596,-2.264455150650978,2.166514064442617,-0.9884833654039098,-0.10069096235997194,1.0891743277696242
1.222444889779559,461.02949889090246,0.9998229122260975,0.829765415760948,1.2983858363682594,1.9147913552221545,-1.4087108996579123,3.2859129708484986,-1.8772020711960973,-1.5970712675365941,2.531908241035011,-0.934836973491638,0.3885140386863294,0.7921805620534184,-1.1806946007330357
1.2324649298597194,464.80631314883783,0.9998318733046414,0.8291994063313776,1.2987436493132638,1.9154780499395652,2.902679250155538,-2.8054296745434453,-0.09724957563636016,2.4737448562227877,-1.8115309209354773,-0.6622139352880034,0.3626306354868519,-1.1749518885576513,0.8123212530493915
1.2424849699398797,468.58316040563983,0.9998403923017668,0.8286494055613193,1.2990720597620142,1.9161312895275806,-3.2641278574725487,1.2303745345796349,2.033753322887635,-2.385319138668756,0.3838172590222524,2.001501879644945,-0.9722311514541606,1.0997936623163258,-0.1275625108667624
1.25250501002004,472.3600391042135,0.9998485053151989,0.8281321979539146,1.29938159319284,1.916752504639462,2.3519738395092533,0.8247596551127886,-3.1767334946274315,1.3658974701343578,1.1942469116142962,-2.5601443817474734,1.2028039081255746,-0.5961118984834105,-0.6066920096457494
1.2625250501002003,476.13694757581084,0.9998561846722905,0.8276247236037771,1.2996597178750402,1.9173433378604272,-0.5220139757071098,-2.558069631508177,3.0800836072208866,0.18700883378947353,-2.3067217519726193,2.119712918182488,-0.9645498381627235,-0.13972194370179525,1.104271781871137
1.2725450901803608,479.91388433398623,0.9998635031405185,0.8271333169474399,1.2999397833936142,1.9179051926415847,-1.5116489258622703,3.2930288394921883,-1.7813799136233746,-1.6674545546394728,2.5192071562675924,-0.8517526016233083,0.35043846411771923,0.8208604579198466,-1.1712989220356975
1.282565130260521,483.69084798072396,0.9998703944531186,0.8267048785765493,1.300237127238899,1.918439307141514,2.9552790096628545,-2.74276392089394,-0.2125150887592297,2.497489757012632,-1.7483253683339512,-0.7491643886779297,0.40012338369216915,-1.1818672065613187,0.7817438228711585
1.2925851703406812,487.46783713294093,0.9998770010813991,0.8262823275312052,1.3004866483558328,1.9189475161302418,-3.2454567964228054,1.1219667201213699,2.1234900762986966,-2.352745421073782,0.2946307190424719,2.0581147020255597,-0.9945401080036549,1.0819676698666996,-0.08742756186404099
1.3026052104208417,491.2448504998581,0.9998832375640391,0.8258642424864319,1.3007231278277809,1.9194309151882716,2.268797586433142,0.9368260758169946,-3.2056236622458756,1.2893955450719012,1.2745265394195793,-2.563922084488555,1.2009490835135337,-0.5601734635493283,-0.6407756199655641
1.3126252505010019,495.0218868483092,0.9998891704962306,0.8254833555524022,1.3009479821673369,1.9198905227940481,-0.40639277741719715,-2.62991450731813,3.0363072847504373,0.27770260953488834,-2.3465147251922946,2.0688121156567734,-0.9389907653096459,-0.17994119888412952,1.1189319642097193
1.3226452905811623,498.7989450181999,0.9998948061852853,0.8251059481205885,1.301173976028948,1.9203276463736714,-1.6146616719574705,3.2962498893469148,-1.6815882173819752,-1.7368175306043327,2.50255754071142,-0.7657400101079669,0.3108592669235935,0.8497170459725758,-1.160576312890576
1.3326653306613225,502.5760239009508,0.9999001206836997,0.8247760610667921,1.3014102548732471,1.9207431900771168,3.005219466202139,-2.6756165253836404,-0.3296029408100655,2.518060905711703,-1.6813710199597423,-0.8366898857480582,0.4383994674136747,-1.1879159319062615,0.7495164644953074
1.342685370741483,506.3531224402739,0.9999052071988902,0.8244534306977283,1.301608879543506,1.921138628112771,-3.222463524471609,1.010366303979802,2.212097220502701,-2.3161709182035692,0.20341622316281222,2.1127546950423364,-1.016527520386859,1.0626286745880509,-0.04610115418954491
1.3527054108216432,510.13023964742,0.9999100154634681,0.8241296760651828,1.301790427810929,1.921514779416303,2.1814811395680933,1.049469134081338,-3.2309502736410525,1.2097347082540604,1.3543478622976015,-2.5640825705488854,1.1979228934172748,-0.5227646211737259,-0.675158272236785
1.3627254509018036,513.9073745433537,0.9999145872719498,0.823835216467514,1.301966419718984,1.921872401273905,-0.28852365329291785,-2.6995137538538687,2.9880374071577056,0.3694670940215655,-2.3835392420749173,2.014072148054308,-0.9118687832859897,-0.22098727964096537,1.1328560629347273
1.3727454909819639,517.6845262601453,0.9999189269095453,0.8235471023098011,1.3021498984123518,1.9222125091375521,-1.717081163598637,3.295314311898315,-1.5782331482971372,-1.8047148740402976,2.482007371767654,-0.6772924977294178,0.2700283505143959,0.878390780746841,-1.148419131255518
1.3827655310621243,521.4616939224112,0.9999230180045435,0.823288929279036,1.302334807149387,1.922535889944609,3.052018005475034,-2.6041637232790427,-0.44785428217956713,2.5352842101655026,-1.6110106368546844,-0.9242735733089731,0.4770759173814646,-1.192869847601994,0.7157939302343462
1.3927855711422845,525.2388767229625,0.9999269339842557,0.8230442564627599,1.3024912514132279,1.9228436230180372,-3.1950615759402656,0.8960463868622862,2.2990151890917785,-2.275748325388984,0.11065623507942896,2.1650920903066533,-1.0379061458613115,1.041759882677116,-0.003853736801734009
1.4028056112224447,529.0160739037217,0.9999306377940979,0.8227968773403218,1.3026365534344064,1.9231363093526992,2.090275485275373,1.1621049588175703,-3.2523804440835273,1.127278816060755,1.433246316521194,-2.5605251325792584,1.1935488454744427,-0.4840470680625748,-0.7095017774077604
1.4128256513026052,532.7932846899996,0.9999341610388153,0.8225647988454755,1.3027796440676909,1.923414700932166,-0.16894200204868845,-2.7663716161955096,2.935313618258378,0.46183280826859496,-2.4175680226832226,1.95573521441525,-0.8832468632048763,-0.26256137904770827,1.1458082422630451
1.4228456913827654,536.5705084866709,0.9999375034305509,0.8223547765500653,1.3029244385475187,1.9236793641915035,-1.8183701471417393,3.2900717682097627,-1.4717016210677663,-1.870801115698745,2.457626323495007,-0.5868252077986317,0.22816897371684555,0.9066045945894071,-1.1347735683011695
1.4328657314629258,540.3477444996888,0.9999406541993224,0.8221505578134941,1.3030625041023078,1.9239311947202808,3.095310994621244,-2.528574572379339,-0.5667364222398407,2.5490465438139926,-1.5375563768941243,-1.0114901669215073,0.5158746291583334,-1.196570200297159,0.6806955711429796
1.442885771543086,544.1249922064573,0.9999436734206806,0.8219583550014637,1.303182453740188,1.9241707070536205,-3.163207214140038,0.779433708231003,2.3837735059096135,-2.231634576767766,0.016767286362207923,2.2148672904056976,-1.0584415321419622,1.0193674376927417,0.039074094450697594
1.4529058116232465,547.9022509662375,0.9999465132920299,0.8217726761530986,1.3033090953703745,1.9243983043691872,1.9954649482446971,1.2742249082864536,-3.269689856536326,1.0423658126663709,1.510862711848946,-2.5532285245132122,1.1877346675008824,-0.4441941882856972,-0.7435404792235711
1.4629258517034067,551.6795201654331,0.9999492126049528,0.8215963813749327,1.3034247352897723,1.92461502008614,-0.04809597774599053,-2.8301336542477107,2.8782296319885554,0.5543970387075817,-2.44841427256217,1.8940172338540993,-0.8531796344458474,-0.30442250017616646,1.1576021346169998
1.4729458917835672,555.4567994017572,0.9999518038895182,0.8214381092340335,1.3035315045782943,1.924821030843049,-1.9180639964798012,3.280404546374365,-1.362340549876502,-1.934759193125427,2.4294771396390793,-0.4947179465156405,0.18547753213964263,0.9341083117403934,-1.119585843893073
1.4829659318637274,559.234088016455,0.9999542136414421,0.8212701792735633,1.303634366223954,1.925017037924775,3.134834893375157,-2.4490353320978038,-0.6857995612853505,2.559274948056789,-1.4612777096906082,-1.097997238365299,0.5545425067821927,-1.1988785533715596,0.6443360465820247
1.4929859719438878,563.0113856297486,0.9999565508838989,0.8211195291630727,1.3037255744380152,1.9252034732974699,-3.1268871374343177,0.6609099125050494,2.4659772249282232,-2.1839721795845284,-0.07789707121144274,2.2618692507958844,-1.0779496912338722,0.9954755146583929,0.08247417657647593
1.503006012024048,566.7886917801688,0.9999587289309502,0.8209841916414421,1.3038383299485963,1.9253805368493422,1.8972880356321822,1.385419543266378,-3.2827075789199998,0.955308388085692,1.5868660171985185,-2.542174405285968,1.1803767108866483,-0.403331006366863,-0.7770457045380448
1.5130260521042083,570.5660059580504,0.9999608149539714,0.8208484544817585,1.3039254747240843,1.9255492540617074,0.07363304187761788,-2.890491623645262,2.816858581757288,0.6468178241942208,-2.4759331312102026,1.8291153070183133,-0.8217164330100548,-0.3463553855846066,1.168071818579464
1.5230460921843687,574.3433278823458,0.9999628106660836,0.8207269707520466,1.3040095429297698,1.9257096321459493,-2.015785472951435,3.2662004144194725,-1.2504149414631534,-1.9963548184758406,2.397621037617204,-0.40126621912771965,0.14211829896080452,0.9607138028175601,-1.1028321017881964
1.533066132264529,578.1206570200472,0.999964662378199,0.820590452397028,1.3040834645173203,1.925862255589058,3.1703476556348136,-2.3657010969806915,-0.8046465586686701,2.565907671449426,-1.3824174186428224,-1.1834902528058526,0.5928955355094352,-1.1997122953703168,0.6068167598465526
1.5430861723446894,581.8979930872555,0.9999664696029396,0.820473067811989,1.3041529449316238,1.9260073921846603,-3.0861096212157397,0.5408096372180649,2.5452999839892634,-2.132892715451815,-0.17303080534210158,2.30592352079278,-1.0962847534910403,0.9701118765474598,0.12617287693504936
1.5531062124248496,585.6753357392538,0.9999681399847438,0.8203738459768495,1.3042503610940093,1.926145169828233,1.79598587131377,1.4953331189332189,-3.2913189902545414,0.8663732547440379,1.6610229489228021,-2.5273962036681326,1.1714410371320423,-0.361593040079172,-0.8098479970591976
1.56312625250501,589.4526845605122,0.9999697499165447,0.820270059551604,1.3043173204922642,1.9262765256645933,0.19589022554050312,-2.94720958010611,2.7513193545554357,0.7388141735605724,-2.5000408206334614,1.7612266470728886,-0.7889355639984257,-0.3881871841141763,1.1771227481036708
1.5731462925851702,593.2300393652764,0.9999712890675349,0.820176818511352,1.3043816836382973,1.9264014066083652,-2.1112281177987184,3.2474554730483183,-1.1362273552637725,-2.055403902327691,2.362157231429811,-0.30675332910128883,0.0982351867308533,0.9862850574242445,-1.0845202441781632
1.5831663326653307,597.0073997131788,0.9999727109321108,0.8200668633239929,1.3044367760654636,1.9265202305438767,3.201660736581904,-2.2787298681960566,-0.9229308684004591,2.568899794887216,-1.3011893648364827,-1.2677104300542767,0.6307698945142193,-1.1990028188328543,0.5682329243034202
1.593186372745491,600.7847654027403,0.9999741099780725,0.8199742557156007,1.3044896882307153,1.9266332303768443,-3.0408949486001933,0.41943302373200053,2.6214619248469506,-2.0785166823741035,-0.2683665708693932,2.346883253243575,-1.1133275477795324,0.9433089257739918,0.17001862197840428
1.6032064128256511,604.562136172477,0.9999753910519222,0.819901078506612,1.304570815994445,1.9267404709739875,1.6917894199989805,1.603652267374859,-3.295441687396935,0.7758027223078041,1.733129663284309,-2.508932385591457,1.1609094683660932,-0.3191008970042223,-0.8418085713857392
1.6132264529058116,608.3395116834217,0.9999766334377308,0.8198222371154854,1.3046231272592852,1.9268427429928405,0.31836286622237053,-3.000094945687618,2.6817320794549238,0.8301403862524921,-2.5206721085735104,1.690531722325888,-0.7549086633192124,-0.4297728470823077,1.1846815103851946
1.6232464929859718,612.116891822746,0.9999778221895599,0.819750782218455,1.304671160476623,1.9269400033550368,-2.2041187752431273,3.2241610653707085,-1.0200422901398576,-2.1117503758296308,2.3231750497892056,-0.2114246739587623,0.05395838521413779,1.0107079464265356,-1.0646663316552831
1.6332665330661322,615.8942762191252,0.9999789134829561,0.8196646582672095,1.3047156654462828,1.9270324799147356,3.228616895660034,-2.1882730632320713,-1.0403438324344974,2.5682163505626394,-1.2177857958147063,-1.3504305547485216,0.6680260525041358,-1.1966989713164875,0.5286729188057382
1.6432865731462925,619.6716647378373,0.9999799986533068,0.8195890073153206,1.304756080286684,1.927120471777922,-2.991273486975292,0.29705350596659197,2.6942199809962117,-2.0209553883994165,-0.36366666250553437,2.384622050904764,-1.1289810369874425,0.9151025689779171,0.21387846800080823
1.653306613226453,623.4490571782003,0.9999809805266475,0.8195349021375967,1.3048199844159036,1.9272039794832672,1.584915923221222,1.7100997880800866,-3.2950157113097838,0.683815808319048,1.8030086142858217,-2.4868244226107037,1.1487750908660275,-0.2759641265731945,-0.8728109642925277
1.6633266533066131,627.2264532620366,0.9999819396351991,0.819475149043946,1.3048613674796254,1.9272836128944264,0.44076726586945125,-3.04898525373619,2.60821798787613,0.9205781232411157,-2.53777526587813,1.6171971426401752,-0.7197056847882932,-0.47098633382435423,1.1906920186190817
1.6733466933867736,631.003852932224,0.9999828590064419,0.8194209772910476,1.304896535338545,1.9273593713802173,-2.294217088228474,3.1963227676810946,-0.9021056794463482,-2.165258963225587,2.280760714420608,-0.11550175119715211,0.009404496992251876,1.033888273196947,-1.0432927701826313
1.6833667334669338,634.7812558694004,0.9999836948035369,0.8193624743875332,1.3049426407273097,1.9274312452002704,3.251114878843985,-2.0945106073581283,-1.156604271484938,2.563851533834921,-1.1323893256917703,-1.4314622081483208,0.7045526444930518,-1.1927853335782734,0.488232689093417
1.6933867735470942,638.5586619919799,0.9999845387883979,0.8193036045454346,1.3049745124437977,1.9274997794635782,-2.937351909251897,0.1739928618511808,2.7633590474063743,-1.9603378025571068,-0.4587160007180382,2.4190538032724613,-1.1431888620582273,0.8855537740102213,0.25763508805558905
1.7034068136272544,642.3360711440837,0.9999852916353072,0.8192517684929512,1.305014087355402,1.9275648946104176,1.4755711909472233,1.8144264154692784,-3.289997606417648,0.5906130631277695,1.870502222851375,-2.4611152859741914,1.1350392587881526,-0.232283312565701,-0.9027559462310774
1.7134268537074147,646.1134830954577,0.9999860325872524,0.8192060320313834,1.3050468928581724,1.9276269117968154,0.5628427039564141,-3.0937408950007836,2.5308981910322355,1.0099301393263482,-2.551308294372424,1.5413781550426244,-0.6833945879381776,-0.5117166181799495,1.1951112061076314
1.723446893787575,649.8908978314979,0.9999867444858852,0.8191663478306905,1.3050727261273072,1.927685918564396,-2.381307824145933,3.1639562034873276,-0.7826483793650856,-2.21580996743433,2.2349973145413915,-0.019187347109929753,-0.035320700525207194,1.0557470046154882,-1.0204263041109198
1.7334669338677353,653.6683150721672,0.9999873836667996,0.8191282542067696,1.3051190534062627,1.9277417762275262,3.269082035968143,-1.997598291099378,-1.2714837448933796,2.5557792381581126,-1.0451698984301925,-1.510609339732833,0.7402261417657935,-1.1872121836744052,0.4469860418880225
1.7434869739478958,657.4457347777918,0.9999880420489639,0.8190816486457239,1.3051435558482056,1.9277951643621247,-2.8791736014065905,0.05043573121736708,2.828737870171246,-1.8967639353061072,-0.5532966817598237,2.4500606170637695,-1.1558504371768301,0.8546831127791773,0.3011673243799228
1.753507014028056,661.2231568257126,0.9999886187811433,0.8190338674331791,1.3051661747993708,1.927845931204497,1.3639515428320759,1.9164044333044252,-3.2803559761582504,0.4963804608711151,1.9354680019985073,-2.4318484628658967,1.1197093024444191,-0.1881517537308866,-0.931557548737862
1.7635270541082164,665.000581023318,0.9999891918478893,0.8189975744759335,1.305191626420931,1.9278942498849443,0.6843465617940024,-3.134239506962852,2.4498929451523432,1.0980153998042563,-2.561236145819285,1.463220746015132,-0.6460412915819156,-0.551864451292703,1.1979057428566513
1.7735470941883766,668.7780073884353,0.9999897435832615,0.8189710507058465,1.3052117837098032,1.9279401890345342,-2.4651949728346905,3.1270840339042625,-0.6618890610970659,-2.2632953173175228,2.1859649568678363,0.07733036045190389,-0.08012005671819677,1.0762166420937045,-0.996096585402641
1.783567134268537,672.555435670862,0.999990231879315,0.8189445165034488,1.305253850001344,1.9279836370831924,3.282472133243702,-1.8977070370078326,-1.3847650962487634,2.5440216849382735,-0.9562991496804583,-1.5877225352549158,0.7749600577921506,-1.1799719642744089,0.40501190646587304
1.7935871743486973,676.3328658639266,0.9999907470501532,0.8189081919488871,1.3052735524120493,1.9280252176086572,-2.8168419546228725,-0.0733896949157074,2.8902316495262745,-1.8303650523699857,-0.6472333400540871,2.477598392424732,-1.1669299030538587,0.8225466218576695,0.34438328118323736
1.8036072144288577,680.1102978695443,0.9999911880967799,0.8188678018034842,1.3052868044148447,1.9280647614714252,1.2502454534233596,2.0158227326709053,-3.2660681861066063,0.40129249871423334,1.9977748409968683,-2.399067339710799,1.1027968231298564,-0.14365683570241328,-0.9591399874380386
1.813627254509018,683.8877315247397,0.9999916321235568,0.8188366543123131,1.3053051489062173,1.9281024419456194,0.8050504358643065,-3.1703716907994117,2.3653212549246065,1.1846653025844476,-2.5675286907966703,1.3828633882122556,-0.607709767749991,-0.5913397876521653,1.1990495553922644
1.8236472945891782,687.665166872016,0.9999920598153533,0.8188232309568009,1.3053234965980733,1.9281381666037793,-2.545697213526405,3.0857337977533166,-0.5400365842316723,-2.307615589521519,2.133741012506767,0.17387457701300868,-0.12490328925633648,1.0952384544059885,-0.9703351651515026
1.8336673346693386,691.4426036838358,0.9999924325086995,0.8187999977480882,1.3053563959508203,1.9281720291484168,3.2912538919669037,-1.7950112918040446,-1.496242600167719,2.5286113008654105,-0.8659421694145307,-1.6626691314486322,0.8086814503059417,-1.1710707416279507,0.36238929131500464
1.8436873747494988,695.220041979573,0.9999928370903126,0.818772124289303,1.3053729765553939,1.928204404645935,-2.7504627550587304,-0.197264970716364,2.9477277257667778,-1.761268155738866,-0.7403614849509446,2.5016296406869385,-1.1763991398511706,0.7892006847978474,0.3871984550482057
1.8537074148296593,698.997481679165,0.9999931733111154,0.8187435632471707,1.3053845684066752,1.9282351354822584,1.1346349424050648,2.1124829893884725,-3.2471179317673173,0.30551465489438856,2.057300184534787,-2.362814839428175,1.0843164419854157,-0.09888115607266212,-0.9854352858986746
1.8637274549098195,702.7749226431041,0.9999935183872403,0.8187133649789146,1.3053951793359275,1.9282645728042935,0.9247370603084115,-3.2020377631719956,2.2773007028717087,1.2697207652204554,-2.5701592462261638,1.3004384810073497,-0.5684622063864646,-0.6300597558263201,1.1985219622216587
1.87374749498998,706.5523649325858,0.9999938495589762,0.8187140883868455,1.3054158667942952,1.9282922878555493,-2.622644436861102,3.0399363689096957,-0.4172919320339179,-2.3486777737057425,2.07840040942112,0.27027736428704296,-0.16958557555173254,1.1127603667648518,-0.9431747912001833
1.8837675350701402,710.3298083373212,0.9999941339100434,0.8186863222362359,1.3054343572564018,1.9283187803232005,3.2954030985850333,-1.689681842539046,-1.6057212560373806,2.5095817406224787,-0.7742572314520535,-1.735324509169092,0.8413240794186818,-1.1605182758393666,0.31919419642606983
1.8937875751503006,714.1072528973237,0.999994453060047,0.818665081530263,1.305448682329742,1.9283439826684428,-2.680142508733608,-0.32098023142487386,3.001122740162182,-1.6895963494062922,-0.8325248484158397,2.522121197820232,-1.1842353750222396,0.7547013477975429,0.42953402722854106
1.9038076152304608,717.8846985455503,0.9999947077467773,0.8186524637842318,1.3054659019330155,1.928367772328588,1.0173082506610092,2.206211826955457,-3.223520077518164,0.20920509236265955,2.113937423685015,-2.323142516013484,1.064290751703233,-0.05390421696657818,-1.0103865347255496
1.9138276553106213,721.6621451612195,0.9999949766952847,0.8186236315358958,1.3054714582173264,1.928390791417778,1.0431949058130254,-3.22915787592216,2.1859629701206833,1.353038215779778,-2.56911535640898,1.2160771406318789,-0.5283660628707008,-0.6679529315457504,1.1963189944288115
1.9238476953907815,725.4395928196291,0.9999952325268648,0.8186311333264744,1.305492028542692,1.9284123155221697,-2.6959432610080176,2.9898131570952597,-0.2938698960558652,-2.386424382720131,2.020040769355021,0.36638361337270375,-0.21408733992037304,1.1287514851489622,-0.9146641452135262
1.9338677354709417,729.2170413236571,0.9999954501421338,0.8185973310395845,1.3054940570875797,1.9284330939561936,3.2949007334978684,-1.5818863548059938,-1.7130143786949183,2.4869673480080117,-0.6813972023490849,-1.805570145656608,0.8728268783237136,-1.1483270035774307,0.27550012524981304
1.9438877755511021,732.9944907297073,0.9999957033220924,0.8185808052510395,1.305506243458626,1.9284527127912066,-2.605987967919241,-0.44433239192290386,3.0503203598411153,-1.615469519494603,-0.923573500415697,2.539043019906548,-1.1904198476754977,0.7191042052810994,0.4713156423946379
1.9539078156312624,736.7719409799045,0.9999958940548914,0.8185789298819318,1.3055283277279253,1.9284711326904194,0.8984855718142505,2.29689730208322,-3.195382873932305,0.11252614034312747,2.1676010355450495,-2.280127175907949,1.0427527842768167,-0.008807344956425225,-1.0339454393285723
1.9639278557114228,740.5493919686769,0.9999961044579424,0.8185574893544608,1.3055342308696067,1.9284890762957312,1.1602372124058544,-3.251693282027775,2.0914560696179856,1.4344704212864134,-2.5643815890721995,1.1299111677861944,-0.4874871889301178,-0.7049393733231699,1.1924265622513426
1.973947895791583,744.3268437817959,0.9999963022792585,0.8185631055147551,1.3055492363352024,1.9285058543700204,-2.765466256952981,2.935427366504314,-0.1699611095587271,-2.420770276123135,1.9587480195262055,0.46202225659550766,-0.2583256677065203,1.143156353868352,-0.8848306861594504
1.9839679358717435,748.1042962368657,0.9999964810015398,0.8185234220988102,1.3055411497246578,1.9285219811827075,3.289726805319172,-1.4717939737019505,-1.8179328316030654,2.4608033732037833,-0.5875118219540203,-1.873291551249426,0.9031275542801906,-1.134505248479516,0.2313776942070342
1.9939879759519037,751.8817493399059,0.9999966452816283,0.8185096689200718,1.3055579458550675,1.9285372846426372,-2.528105662540784,-0.5671177213700377,3.0952233839097856,-1.5390048434142105,-1.0133622157631894,2.5523670591764733,-1.19493685070338,0.6824705226076472,0.512466328097661
2.004008016032064,755.6592031699134,0.9999968192494891,0.818513636440168,1.3055548973266573,1.9285517989017602,0.778299985299109,2.3843901242917376,-3.162690109592601,0.015650128258360763,2.2181370753813656,-2.2337872036367274,1.019683595615171,0.03634297014215043,-1.0560265657588634
2.0140280561122244,759.4366575089707,0.9999969628648706,0.8185061768706225,1.3055800927255343,1.928565419732313,1.2756938099428774,-3.26960944934084,1.993915639394943,1.513880157737726,-2.555957736474594,1.0420775787391778,-0.44588134715487066,-0.7409480177654537,1.1868293649118442
2.024048096192385,763.2141124985424,0.9999971343400792,0.8185059924459365,1.3055885878699305,1.928578497345395,-2.8310780632454673,2.876822128314183,-0.04574406513047674,-2.4516562868760956,1.8946161096948972,0.5570401771422298,-0.30222808475054497,1.1559387563984853,-0.8537106716758449
2.034068136272545,766.991568006645,0.9999972626917271,0.8184716211541747,1.3055807225535252,1.9285910857318131,3.2798780706708395,-1.3595598823798858,-1.920318188313953,2.4311234315476833,-0.49274743868598314,-1.938375992857662,0.9321817243397583,-1.1190775792166847,0.18689585485131882
2.0440881763527052,770.7690240193784,0.9999974014191385,0.8184590759060228,1.3055897302268125,1.928603044897023,-2.4466024668657687,-0.6891559894699055,3.1357584563153273,-1.4603176306469812,-1.1017498510194543,2.5620674816671887,-1.1977726905384458,0.6448410632203969,0.5529316272985461
2.0541082164328657,774.5464806070846,0.9999975315392489,0.8184668385377882,1.305590316332945,1.9286143092879182,0.6569675023580056,2.4685176236619393,-3.1254851260212093,-0.08130204380424277,2.26559829966508,-2.1842962558583308,0.9951886854993185,0.08146816114907962,-1.0766568466699535
2.064128256513026,778.3239375845737,0.9999976404215114,0.818462695029715,1.3056125175782447,1.9286249232640764,1.3893897086375784,-3.2828903685664597,1.8935006599154933,1.5911583495217143,-2.543874898439821,0.9527165489202424,-0.40361750580276684,-0.7759238133187575,1.1795413191035786
2.074148296593186,782.1013950700561,0.9999977814426311,0.8184604622633865,1.3056181133863485,1.9286351025585997,-2.89268918445382,2.8141021553816556,0.07858702905136278,-2.479050835514974,1.8277545797885462,0.6512962557190443,-0.3457268093355681,1.1670866510325304,-0.8213598417234717
2.0841683366733466,785.8788529561505,0.9999978738138762,0.8184347819636402,1.3056131171460792,1.9286448703236088,3.265340436770499,-1.2453458664145791,-2.01999457034887,2.3979630953377398,-0.3972439347559985,-2.000719160575209,0.9599335808584848,-1.1020570864663872,0.14212350559754877
2.094188376753507,789.6563112292005,0.9999979871352461,0.8184200784953211,1.3056161298153626,1.9286542599159533,-2.3615843213626353,-0.8102487483933454,3.171833069746637,-1.3795210158037596,-1.1885981126920182,2.568119128495763,-1.1989156806483154,0.6062786389050436,0.5926370417321977
2.1042084168336674,793.433769960244,0.999998084034195,0.8184356089124076,1.3056218563893893,1.9286629429634243,0.5346594607578021,2.549133205490914,-3.0837926662679513,-0.1781727715112692,2.309837443922933,-2.1316646724041868,0.9692720954997494,0.12650185601533942,-1.0957739515305704
2.1142284569138274,797.211228980093,0.9999981664856381,0.8184262151782777,1.3056351141012512,1.9286713022332629,1.5011535333516435,-3.2915187852438055,1.7903652518820983,1.666194034086653,-2.5281625429852865,0.8619685088977032,-0.3607611090228761,-0.8098143434996179,1.170575452512671
2.124248496993988,800.9886884025478,0.9999982819551366,0.8184237143587338,1.3056395215238048,1.9286792145072342,-2.950213353313835,2.747367983490443,0.20284536978291612,-2.5029235738718683,1.7582716546918928,0.7446519191490466,-0.3887561547397049,1.1765852931843557,-0.7878291384658881
2.1342685370741483,804.766148130441,0.9999983481521452,0.8184116004663915,1.30564261805776,1.9286866977827224,3.2461049880248276,-1.1293118747756132,-2.1167931132419584,2.3613570516975244,-0.30114138037543314,-2.0602156713008912,0.9863332526986673,-1.0834623625094513,0.09712910978310763
2.1442885771543083,808.5436081545333,0.999998440703872,0.8183914498291409,1.305639075662189,1.9286941348940876,-2.2731572016321757,-0.930208916987421,3.2033661185973576,-1.2967269400142856,-1.2737708447597074,2.570497784774694,-1.1983553740650577,0.5668364095493443,0.6315189644965679
2.1543086172344688,812.3210685474742,0.9999985114528982,0.8184165533848649,1.305652213394147,1.9287007650276022,0.4115596578770052,2.6261122568761186,-3.037671914752218,-0.27482009481705105,2.350783307166669,-2.075963212342977,0.9419711268869306,0.17137485937832503,-1.1133459862857338
2.164328657314629,816.0985291486461,0.9999985745435817,0.8183962981604395,1.3056510085145399,1.928707448145011,1.6108163086496097,-3.2954813792881827,1.6846650706243076,1.7388794588178136,-2.5088509417619207,0.769971482940629,-0.3173777405433763,-0.8425698253985943,1.1599475659321565
2.1743486973947896,819.875990073261,0.9999986696035971,0.8183940145584315,1.3056547753293017,1.9287135917156832,-3.0035661031324885,2.676720765317358,0.32684533781151326,-2.5232450817083216,1.6862747860355711,0.8369702956755047,-0.4312514994474336,1.1844214953851668,-0.7531699959415423
2.1843687374749496,823.6534512281161,0.9999987151096338,0.8183935180303884,1.3056672905321551,1.92871929619301,3.222285842260797,-1.0116703034579368,-2.2106155387564823,2.3213797474767865,-0.20458226611502817,-2.1167974813479877,1.0113495841548645,-1.0633343530756014,0.05198476894186314
2.19438877755511,827.4309126093715,0.9999987907112685,0.8183776471167606,1.3056664903401392,1.9287251107770018,-2.1814758384606776,-1.0488483298958917,3.2303241683669883,-1.2120574524372958,-1.357149846429811,2.569207298866083,-1.1961097233223488,0.5265850708277341,0.669524652502858
2.2044088176352705,831.2083742909159,0.9999988417707661,0.8183976669696712,1.3056751004042901,1.9287302872874532,0.28786907820158947,2.6994019787595636,-2.9872710569843686,-0.37109710940401786,2.388385879189048,-2.017288769798878,0.9133298849250339,0.2160156441027712,-1.1293455290363752
2.214428857715431,834.985836117536,0.9999988910771103,0.8183726566668004,1.3056628831459047,1.928735609117733,1.718211033224748,-3.2947657929062317,1.5765547596824474,1.8091082952480253,-2.485970523867881,0.6768622286183359,-0.2735323685459371,-0.8741414372897639,1.147673805836795
2.224448897795591,838.7632982073493,0.9999989701885938,0.8183703088170172,1.305665742432399,1.9287403807988914,-3.052664600954318,2.6022619085716303,0.45040269238946584,-2.5399866683005277,1.611870659187637,0.9281160091282974,-0.4731492577729518,1.1905832191905428,-0.7174339614121564
2.2344689378757514,842.5407604683517,0.999998999752555,0.8183767107414517,1.305683786530802,1.9287447247899863,3.193858265740354,-0.8925641017727218,-2.3012941639238305,2.278061091614489,-0.10771789760524711,-2.17034319398545,1.0349190224120537,-1.041676690290627,0.006757667900740186
2.244488977955912,846.3182229021568,0.9999990624787777,0.8183640725912064,1.3056844339667084,1.9287492809602447,-2.0866521006004617,-1.1660138290468571,3.2526659296565184,-1.1256313414219452,-1.4385843189879597,2.5642156604099653,-1.192139728596238,0.4855673246682255,0.7065724039390702
2.254509018036072,850.0956855830711,0.9999990979883489,0.8183807131429544,1.3056906976234985,1.9287533077537382,0.16374319855165387,2.7688352857740486,-2.932578484461368,-0.4668484159114152,2.4225568487270506,-1.9557084329114105,0.8833682028991632,0.260354673152426,-1.1437228760953293
2.2645290581162323,853.8731483599796,0.9999991366043701,0.8183552645922854,1.3056731165447955,1.9287575323839057,1.8231722295902273,-3.289360463891029,1.4661882342900285,1.8767753013196309,-2.459551791463732,0.5827764901428414,-0.22928946829666136,-0.9044812016006282,1.1337706698837764
2.2745490981963927,857.6506113539534,0.9999992034643547,0.8183519938539336,1.305674117772922,1.9287612519677173,-3.097427263236547,2.524092882169068,0.5733343810622475,-2.553120167166127,1.5351653283897595,1.0179548387786128,-0.5143866731341029,1.1950592147516048,-0.6806725416214094
2.284569138276553,861.428074472808,0.999999220807723,0.8183615918911467,1.3056941125418657,1.9287645560599653,3.160859272398331,-0.772161687033734,-2.3886975853792043,2.231472321857122,-0.010689722080658048,-2.220782599776332,1.0570094367459455,-1.0185223861894726,-0.038487050567673764
2.294589178356713,865.2055377233486,0.9999992737234968,0.8183508024824437,1.3056950741812445,1.9287681474209186,-1.9888365754026371,-1.281539218406194,3.27037579378858,-1.0375825494467588,-1.5179673718308173,2.5555499212705812,-1.186460317261953,0.4438467227834553,0.7426135944652523
2.3046092184368736,868.983001179548,0.9999992968625732,0.8183652969352522,1.3057006166180862,1.9287712630995977,0.0393642898343165,2.8343273574846024,-2.8736916472815213,-0.5619394079646938,2.4532648476393537,-1.8913254396299368,0.8521362094393798,0.30432925433798474,-1.1564654637635794
2.314629258517034,872.7604646937584,0.9999993269783307,0.8183443502602363,1.3056838633935264,1.9287745751950662,1.9255355989724916,-3.2792544450243444,1.3537188460469696,1.9417760584090216,-2.4296252663608233,0.4878492079522325,-0.18471311347648112,-0.9335418301911986,1.1182549436581088
2.3246492985971945,876.5379283896377,0.999999384620928,0.8183387847633217,1.3056814246097146,1.9287775044935827,-3.1377734517820297,2.4423151280709385,0.6954583237080634,-2.5626177857246453,1.4562643316896406,1.106353454037227,-0.5549016420288861,1.1978387936836685,-0.6429371516556659
2.3346693386773545,880.3153921740338,0.9999993926046414,0.8183479232699871,1.3056998333622751,1.9287800257429029,3.1233526221510655,-0.6506427167452066,-2.472709905366246,2.181694584106691,0.08636219463325129,-2.268056778709539,1.077595240757478,-0.9939112308823294,-0.08368400984413743
2.344689378757515,884.0928560586361,0.9999994380726415,0.8183381599942617,1.3057004196666053,1.9287828765196258,-1.888179576580093,-1.3952592614998647,3.2834388380908806,-0.94804442107829,-1.5951928790434025,2.543237300118494,-1.1790867952321091,0.4014865967929495,0.7776001984545877
2.3547094188376754,887.8703201164544,0.9999994513444705,0.8183512926087854,1.3057062832440915,1.9287852707622535,-0.08508613828631795,2.89579428045517,-2.810708142124937,-0.6562362396158139,2.4804789512967886,-1.8242427116426072,0.8196840390442228,0.3478772219223962,-1.1675612609319876
2.3647294589178354,891.647784202968,0.9999994744378282,0.8183403581983003,1.3056971074454236,1.92878779114505,2.025137755816358,-3.2644372497021554,1.2392994938839674,2.004006770906686,-2.3962214574105,0.3922146864967213,-0.13986704931182964,-0.9612765811801174,1.1011436305030742
2.374749498997996,895.4252484439941,0.9999995253676798,0.818330630992456,1.3056890384714486,1.9287901488121038,-3.1736232405504206,2.3570300218375633,0.8165932187206708,-2.5684519961118095,1.3752727865983627,1.1931792095139382,-0.5946325726794803,1.198911675952471,-0.6042791032654435
2.3847695390781563,899.2027127448914,0.9999995262352078,0.8183356769108104,1.3057023490562205,1.9287920948354167,3.0814023343201455,-0.5281862921567112,-2.553216042143989,2.1288088677899286,0.18329841560014903,-2.312107283370261,1.0966513277831471,-0.9678831048668315,-0.12876822290086912
2.3947895791583167,902.9801771219647,0.9999995660240509,0.8183266645648315,1.305702344196887,1.9287943732805664,-1.7848311766415952,-1.5070094800532865,3.2918406567009035,-0.857149822056162,-1.670155298632353,2.5273051206842876,-1.1700347459593594,0.3585500820984915,0.8114846638741181
2.4048096192384767,906.7576416467577,0.9999995714434531,0.8183387733003068,1.3057089815696505,1.928796199590791,-0.2094271830729445,2.9531528257707524,-2.743725642670954,-0.7496056556667494,2.5041685596909864,-1.7545629040007351,0.7860618127989134,0.3909368198338611,-1.176998632603975
2.414829659318637,910.5351061776482,0.9999995880330954,0.8183402600898032,1.3057129695815441,1.9287980481646587,2.121848770374634,-3.2449584440411767,1.123109673690448,2.0633831160205456,-2.3593910430302287,0.29600792701799444,-0.09481704939325125,-0.9876488324336143,1.0824658818347177
2.4248496993987976,914.3125708422505,0.9999996334974912,0.8183320823965924,1.30570306167077,1.9287999261418196,-3.2049211744060924,2.268367186745146,0.9365539876717704,-2.570614568706795,1.2923030273219533,1.278311541387429,-0.6335238884956559,1.1982848338697736,-0.5647609453592959
2.434869739478958,918.0900355441262,0.9999996302800738,0.8183249876119543,1.3057029359051366,1.9288015103778033,3.0350726056955906,-0.4049710687613507,-2.6301015369042475,2.072896021856756,0.27997999637212334,-2.3528760182109925,1.1141529578354343,-0.9404779470783239,-0.17367501072422264
2.444889779559118,921.8675003038663,0.9999996656696528,0.8183169892557979,1.3057026120390418,1.9288033392088595,-1.6789412387580276,-1.6166259905791385,3.2955672293531264,-0.765031235539276,-1.7427495339714394,2.50778076950886,-1.1593199554264582,0.3151001458748665,0.8442198095710024
2.4549098196392785,925.6449651912009,0.9999996648959227,0.8183279627950631,1.3057098863666892,1.9288047248404565,-0.333478423788485,3.00632028209672,-2.6728418583002362,-0.8419148588660436,2.5243033090946745,-1.6823884502456938,0.7513196279899699,0.4334466132258716,-1.1847662412103137
2.464929859719439,929.422430067212,0.9999996757208561,0.8183360900646942,1.3057237968690811,1.9288060886807301,2.215551345209438,-3.220879521790493,1.0053281765748057,2.1198092363523853,-2.319185033199889,0.19937579684331846,-0.049631093605367466,-1.0126101413803814,1.062241234990659
2.474949899799599,933.1998950611014,0.9999997169223034,0.8183337588336659,1.3057144727831496,1.9288075455387839,-3.231634174757918,2.1764539007617754,1.0551802739905596,-2.5690834822596194,1.207473478117026,1.3616100041393602,-0.6715040881245645,1.1959372040740488,-0.5244331159511718
2.4849699398797593,936.9773600743591,0.9999997113754541,0.818316116170443,1.305702775260845,1.9288088527818172,2.9844277522605287,-0.281175344887747,-2.7032524073961444,2.0140367718161922,0.37626837741866814,-2.3903051492452008,1.130075670768866,-0.9117357317008705,-0.2183399390939726
2.49498997995992,940.754825131571,0.9999997432471234,0.8183099264989709,1.3057029001232716,1.928810317306928,-1.570659446797197,-1.7239453744682478,3.2946048212622907,-0.6718208396553385,-1.8128708276738137,2.484691667336114,-1.1469583567051604,0.27119961368832934,0.8757587430113616
2.50501002004008,944.5322903004144,0.9999997376816656,0.8183191997395085,1.3057100872580605,1.9288113709955195,-0.4570598226174628,3.055214330172436,-2.5981545075786467,-0.9330314069356411,2.540853006857743,-1.6078215999342063,0.7155075528748208,0.475345419477822,-1.1908529723763088
2.51503006012024,948.3097554445376,0.9999997440706371,0.8183304967326773,1.3057297089521651,1.928812374045457,2.3060862871110404,-3.1921816347880925,0.8860953476589593,2.173189143287345,-2.2756483936024976,0.10245925031603609,-0.004371756197906779,-1.0361145374947298,1.040486293668368
2.5250501002004007,952.0872206945405,0.999999781891288,0.818331856319875,1.3057198217981336,1.928813520546033,-3.253734558753904,2.0814221486390942,1.172312410097451,-2.5638669044629623,1.1209105790520628,1.4429563254099531,-0.708518447716353,1.1918684554211345,-0.4833500077182167
2.535070140280561,955.8646859496389,0.9999997746534461,0.8183094209244369,1.3057029749473292,1.9288145726852264,2.9295321681865993,-0.1569771323602407,-2.7725550358433377,1.9523117365098859,0.4720252996755834,-2.4243370361871435,1.1443952198004992,-0.8816964515417304,-0.26269876827945443
2.5450901803607215,959.6421512381905,0.9999998035622458,0.8183063613056141,1.3057048165851874,1.9288157271293573,-1.460135332723351,-1.8288045754965585,3.288939908216376,-0.5776505698148503,-1.8804146805059467,2.4580652503163636,-1.1329659892812398,0.22691119345064753,0.9060547958159262
2.5551102204408815,963.4196166256459,0.999999794422131,0.8183129114670126,1.3057106075866158,1.9288165451085564,-0.5799916449074936,3.0997529477044385,-2.5197613027982895,-1.0228231323099417,2.55378758354708,-1.5309644512374176,0.6786756251977978,0.516572254513288,-1.1952478797151698
2.565130260521042,967.1970819780978,0.9999997974659823,0.8183239140034917,1.3057318068162216,1.9288172913097472,2.3933371643932317,-3.15892545033375,0.7655882859183181,2.22346271125345,-2.228859047748627,0.00539633648225063,0.04089653620747111,-1.0581366889750332,1.0172401527537926
2.5751503006012024,970.974547427397,0.9999998325210747,0.8183274449416759,1.3057207521056733,1.9288182095277213,-3.2712046908653116,1.9834188817397842,1.287785809112486,-2.554988767478385,1.0327447476914848,1.522244019787985,-0.7445197326231927,1.1860934259834022,-0.4415736933728133
2.5851703406813624,974.7520128703594,0.9999998240823529,0.8183053356251082,1.3057045854135918,1.928819019644782,2.8704502970371686,-0.0325542136706507,-2.8378960833654467,1.887801443469277,0.5671127384630625,-2.454914181931245,1.1570875204700246,-0.8504001071335139,-0.30668741334024835
2.595190380761523,978.5294783388938,0.9999998503138969,0.8183072503408845,1.3057099155004022,1.9288198920783035,-1.3475183009918172,-1.9310408194040132,3.278559120397368,-0.4826521686395149,-1.9452767892783347,2.4279289579158045,-1.1173589691442911,0.18229749604922857,0.9350614730925183
2.6052104208416833,982.3069438961277,0.9999998386881281,0.8183095935854496,1.3057124188799178,1.9288205627678154,-0.7020943960896677,3.1398543370206236,-2.4377599409255577,-1.1111580798242846,2.563077057939754,-1.4519189781107324,0.6408738526731219,0.5570662902357837,-1.1979401429025935
2.6152304609218437,986.08440941048,0.999999839291923,0.8183168404888209,1.3057311423296312,1.9288211405176978,2.477187796420436,-3.121171724045538,0.6439839276147807,2.270569965278564,-2.1788948771407513,-0.09167508815500447,0.08610947111314932,-1.0786514142089687,0.9925419430899859
2.6252505010020037,989.8618750149395,0.9999998719796274,0.81832165637906,1.3057188602871703,1.9288218880814474,-3.2840271033779,1.882590984083104,1.401436119297732,-2.5424730421910033,0.94310625769592,1.5993667844968424,-0.7794608563065553,1.1786270432676365,-0.39916618695999206
2.635270541082164,993.639340603862,0.9999998627291075,0.8183043527219067,1.3057086125606134,1.9288224644844352,2.8072466121017854,0.09191581189770748,-2.899162424014847,1.8205863430774367,0.6613928515773078,-2.4819791946557084,1.1681286117020682,-0.8178866996653509,-0.35024191205054966
2.6452905811623246,997.4168062124787,0.9999998863395234,0.8183133748307575,1.3057196411805376,1.928823063079596,-1.2329589315714016,-2.0304933737973734,3.2634523052870805,-0.386957115137054,-2.0073542582956585,2.3943113734080264,-1.100154153357764,0.13742114046103232,0.9627330128771988
2.655310621242485,1001.19427190155,0.9999998727574068,0.8183118482208798,1.3057186726515906,1.9288236475934821,-0.8231863304726532,3.175443738436597,-2.352257407973021,-1.1979092843622916,2.5686988736069565,-1.370789589245039,0.6021564957001955,0.596769455075326,-1.1989259507875194
2.665330661322645,1004.9717375417492,0.9999998721607417,0.8183098248873066,1.3057287288105341,1.9288241539395472,2.557522196087084,-3.0789812729731163,0.5214590768703297,2.3144510431878675,-2.125833724872342,-0.18861731831676254,0.13120282799747807,-1.0976336467315049,0.966430818716342
2.6753507014028055,1008.7492032670677,0.9999999027003121,0.8183156699786722,1.30571570637135,1.928824767332902,-3.2921844535383284,1.7790852805021269,1.513099173018902,-2.5263437238518067,0.8521252672571117,1.6742184565967522,-0.8132948476895454,1.1694843005559894,-0.3561894528836087
2.685370741482966,1012.5266689694098,0.9999998928071155,0.8183070427184385,1.3057148461639387,1.9288251248692423,2.7400121907893604,0.21625058274404702,-2.9562627735613085,1.750755012799491,0.7547285365304037,-2.505483549332222,1.1775001315217495,-0.7842012112198937,-0.3932989203254589
2.695390781563126,1016.3041346870906,0.9999999139379161,0.8183124017952514,1.3057270585912804,1.9288255884837389,-1.1166721220783342,-2.127087025885655,3.2437591479936363,-0.2907029272628616,-2.066586640762999,2.357289568045676,-1.0813919232000966,0.09235093048820836,0.989040992702567
2.7054108216432864,1020.0816004784708,0.9999998979262419,0.8183191879010691,1.3057293850627822,1.9288260007849154,-0.9430928504746587,3.206488253526444,-2.2633954030528898,-1.2829497306064745,2.570642434737674,-1.2876927041317388,0.5625848618164253,0.6356191607101938,-1.1982040225249546
2.715430861723447,1023.8590662165644,0.9999998980858579,0.8183034546088894,1.3057255496234013,1.9288265110455733,2.6342245250782375,-3.0324149561376377,0.3981904310609089,2.355046166910951,-2.0697533996126176,-0.2852927672903217,0.1761124598635112,-1.1150584081383375,0.9389459482759867
2.7254509018036073,1027.6365320360708,0.9999999265475679,0.8183107021382561,1.3057128217947787,1.9288270081807504,-3.295659491467031,1.6730485446901282,1.6226109467686636,-2.506624822179171,0.7599318420652207,1.7466929801104412,-0.8459748256297387,1.1586802394331102,-0.31270541380855166
2.7354709418837673,1031.4139978265316,0.9999999158791767,0.8183096862310041,1.3057195516061175,1.928827203032975,2.668869811762716,0.34028086882863084,-3.0091506805987236,1.678416142242055,0.8469835888450663,-2.5253997310862197,1.1851836237957993,-0.7493942982053233,-0.4357893255981743
2.7454909819639277,1035.1914636291583,0.9999999354242451,0.8183108365941054,1.3057306733594605,1.9288275728096187,-0.9987812237384316,-2.220624162714809,3.2194053864594125,-0.19403945517192803,-2.1228370808390844,2.316876536017767,-1.061069803236984,0.047149187263024264,1.0139206159693386
2.755511022044088,1038.9689294999578,0.9999999176900679,0.818321609616656,1.3057341141803935,1.9288278737400568,-1.0616601984718013,3.23294732694456,-2.1712871284791277,-1.3661439189916869,2.5688906192969077,-1.20274670030006,0.5222029699730917,0.6735497480207834,-1.1957527180089085
2.7655310621242486,1042.7463953141996,0.9999999186167476,0.8182983473716267,1.3057225645762032,1.9288283501817953,2.707179059673339,-2.981533660938563,0.2743546012712822,2.3922956211175674,-2.0107316798522006,-0.38156394126457704,0.22077427883774609,-1.130900787629863,0.9101265087938343
2.7755511022044086,1046.5238612071432,0.9999999449449464,0.8183079977875432,1.3057117155802453,1.9288287324022955,-3.294435035841074,1.5646275063136899,1.72980752953111,-2.48334035471869,0.6666559740245969,1.8166843806938549,-0.8774539787560304,1.1462299363840476,-0.2687759576269569
2.785571142284569,1050.301327066052,0.9999999335022443,0.8183116816692237,1.3057227774756905,1.9288288293895366,2.5939268437297565,0.46383126683049997,-3.0577581105614775,1.6036808375952725,0.9380298532442306,-2.5417106908451688,1.1911718484476528,-0.7135178272562037,-0.47765402118717315
2.7955911823647295,1054.0787929348876,0.999999952209651,0.8183087317628219,1.3057312981932445,1.9288291356864835,-0.8794597917087568,-2.3109881198704114,3.1904479115755078,-0.0971033815040322,-2.176044045480847,2.273147426987515,-1.0392254626664732,0.0018798465002958509,1.0373456161597459
2.8056112224448895,1057.8562588673042,0.9999999332547854,0.8183203705367945,1.305734364403875,1.9288293690290421,-1.1787229684722065,3.254799994802579,-2.0760770263375035,-1.4473840245103204,2.5634645267226452,-1.1160805022099378,0.4810722553341557,0.7105135116811276,-1.1915857670261023
2.81563126252505,1061.6337247408037,0.9999999349433767,0.8182951440786143,1.3057207151090995,1.928829777651043,2.7762701640417697,-2.926398293191969,0.15012812914377816,2.426139737049131,-1.948846317860713,-0.4772934191888152,0.2651242441299508,-1.145135925777468,0.8800116816440348
2.8256513026052104,1065.4111906910316,0.9999999589741674,0.8183088239874708,1.305713879369322,1.9288300312929612,-3.288493956040542,1.453968858035966,1.8345250979953187,-2.4565143423873463,0.5724275961185816,1.8840867462719435,-0.9076855499629712,1.13214849346789,-0.22446294350990853
2.835671342685371,1069.188656603092,0.9999999469225946,0.8183128208295181,1.30572480921596,1.9288301027536066,2.5152912506758,0.586725002213988,-3.1020162528975344,1.5266603832013401,1.0277397721350963,-2.554400155332854,1.1954589015404062,-0.6766240374152087,-0.5188348641337689
2.845691382765531,1072.9661225235827,0.99999996539649,0.8183061598438841,1.305729730020895,1.9288303691601387,-0.7588813326101636,-2.398062311738763,3.1569436442994077,-0.00003132965656821307,-2.2261460501088215,2.226177379716718,-1.015896583583913,-0.043393190497032996,1.0592897740466043
2.8557114228456912,1076.7435885037653,0.9999999455327518,0.8183167469761571,1.30573162504073,1.928830562983944,-1.294115827260501,3.2720253474549774,-1.9779095201967818,-1.5265622797666751,2.5543852705352696,-1.0278229907644656,0.43925413616631265,0.7464627923814255,-1.1857169285587996
2.8657314629258517,1080.5210544234078,0.999999947976429,0.8182945038813111,1.3057209283699973,1.9288308747960743,2.8413822697594195,-2.867069770429854,0.02568750064272196,2.456518880397315,-1.8841750436452074,-0.5723438367532417,0.30909835247219275,-1.1577390024467784,0.8486406499455347
2.875751503006012,1084.2985204183344,0.9999999694515704,0.818314465159055,1.3057207910689528,1.9288309724034636,-3.2778191584612832,1.3412192611457767,1.936599897392013,-2.4261708066492824,0.47737659447311886,1.9487942122015525,-0.9366228242328145,1.116451031038412,-0.17982820682014788
2.885771543086172,1088.0759863716448,0.9999999571340231,0.8183129118739048,1.3057259193320387,1.928831099349997,2.4330709925880125,0.7087853586348021,-3.1418563512483977,1.4474660331828177,1.1159858393098632,-2.5634518724979865,1.1980389095524415,-0.6387651603419948,-0.559273749231191
2.8957915831663326,1091.8534523324895,0.9999999758472626,0.8183032088884907,1.3057267534331678,1.9288313437879285,-0.6372193132394097,-2.4817302135385875,3.118949526752412,0.09704012386784111,-2.2730816464817676,2.176041522611318,-0.9911208565717864,-0.08860605025760376,1.0797269068041686
2.905811623246493,1095.6309183496528,0.9999999552084297,0.8183120300061538,1.3057273736960684,1.9288315114934376,-1.4076734987201607,3.2846025157622263,-1.876929017065787,-1.6035709616233558,2.541673973430486,-0.938103011806463,0.39681001636779345,0.7813499667590602,-1.1781599831509577
2.915831663326653,1099.4083843052604,0.9999999583721961,0.8182974729300813,1.3057239823590858,1.9288317037397855,2.9024051723789097,-2.8036174720896394,-0.09878770030717005,2.483376297547473,-1.8167979705287498,-0.6665783270179867,0.3526335331066257,-1.1686879070973384,0.8160543739750009
2.9258517034068134,1103.1858503350713,0.9999999769939467,0.818317656254334,1.3057293636236937,1.9288317043810783,-3.2624933709758595,1.2265700222933127,2.035923348674247,-2.39236580756461,0.3816343649318669,2.0107314426398,-0.9642324629551015,1.0991696705748724,-0.13493720764381073
2.935871743486974,1106.9633163203378,0.999999964210651,0.8183147699633908,1.3057325998199396,1.928831834949466,2.347396484490445,0.8298311125613833,-3.1772275970663744,1.3662219877133541,1.2026589932359302,-2.568880980949483,1.1989275706860167,-0.6000049468628573,-0.5989226238323276
2.9458917835671343,1110.7407823128,0.9999999842383025,0.8182999790870252,1.305723143354353,1.9288321133833513,-0.5146471682410091,-2.5618753476334333,3.07652251586904,0.1939744393265579,-2.3167894137220175,2.122814974396528,-0.964935977789922,-0.13369488177355116,1.0986308595572662
2.9559118236472943,1114.518248358541,0.999999962789514,0.818307522238349,1.3057230786982041,1.9288322545187382,-1.5192307516028478,3.292510660881346,-1.7732799092863554,-1.6783023808476616,2.525351763874392,-0.8470493830250673,0.3538012875823582,0.8151274395824795,-1.1689287271743074
2.9659318637274548,1118.2957143421932,0.9999999662916275,0.8183015384860255,1.305726828727444,1.9288323464103567,2.959280713549028,-2.736159641344528,-0.22312107221533434,2.5066738686124914,-1.7468151130232676,-0.7598587555888766,0.3956612409860821,-1.177962780588209,0.7823015395912989
2.975951903807615,1122.0731803992276,0.9999999826375117,0.8183165520540897,1.305733569737115,1.928832320113376,-3.242521837049347,1.110179926187254,2.132341910865747,-2.35513209516194,0.2853514462698566,2.0697806488972725,-0.9904554864309416,1.0803107193567183,-0.08985523292939256
2.9859719438877756,1125.850646409265,0.9999999697567211,0.8183147132125957,1.3057363173143048,1.9288324172227727,2.2583484515261536,0.9496865561588503,-3.20803500769159,1.2830152004970876,1.287598088091468,-2.5706132885879422,1.198091247735147,-0.5603813231902199,-0.6377099245502615
2.9959919839679356,1129.6281124265442,0.999999991101739,0.8182965800006995,1.3057196671319955,1.9288327187162586,-0.3913383061057931,-2.6383812725093807,3.029719578624016,0.2906351058282928,-2.3572079512919712,2.066572845484552,-0.9373796468119688,-0.17859585204989098,1.1159754988711659
3.006012024048096,1133.4055784943096,0.9999999686460657,0.8183045351475944,1.3057202013487657,1.9288328196108295,-1.6286223897086292,3.295728966362372,-1.6671065766529254,-1.7506488742318158,2.5054397737360903,-0.754790899503169,0.3102893312624424,0.8477476374345688,-1.1580369686938359
3.0160320641282565,1137.1830444998348,0.9999999721841606,0.8183048541425778,1.3057284962144269,1.928832854309212,3.0119437833579688,-2.6648037480375177,-0.34714003532308824,2.52638910962041,-1.6743354201958973,-0.8520536894238652,0.43811883697432275,-1.1855511389324778,0.747432301952237
3.0260521042084165,1140.9605105781332,0.9999999869476047,0.8183148378095985,1.3057347533968213,1.9288328172765956,-3.217905790348349,0.9921993212730056,2.225706469035585,-2.3145226414428506,0.18866741253626745,2.1258552288813912,-1.0152529873152845,1.0598980224091776,-0.04464503511479616
3.036072144288577,1144.7379766073684,0.9999999743116683,0.8183126279234202,1.3057363849636157,1.928832889224013,2.1660639027940314,1.0681876996317083,-3.234251602437465,1.1979691824419514,1.370688082469945,-2.568657264908705,1.195535530555468,-0.5199520801902014,-0.6755834503805227
3.0460921843687374,1148.515442644178,0.9999999968571753,0.8182931284404642,1.3057170863539962,1.9288331903925546,-0.2674661142595046,-2.711131574532474,2.978597688776831,0.3868856351628469,-2.3942758739093173,2.007390238744576,-0.9084895652647786,-0.22324514245087346,1.131734707700205
3.056112224448898,1152.2929087288508,0.9999999730418133,0.8183043871873121,1.3057201972300791,1.928833224654372,-1.7356832443763932,3.294236632495376,-1.5585533881216638,-1.820502798462992,2.4819591367266165,-0.661456338266222,0.26633552024638535,0.8791630039911054,-1.145498524244302
3.066132264529058,1156.0703747514456,0.9999999765218707,0.8183072062837979,1.305729258176665,1.9288332568394915,3.060322440358984,-2.5896550719365807,-0.4706673684284554,2.542502756208572,-1.5994684686172862,-0.9430342875923174,0.47994783257514895,-1.1914457050041474,0.7114978724228375
3.0761523046092183,1159.8478408463775,0.9999999902797698,0.8183126086086124,1.3057336373738402,1.9288332213578447,-3.1886984814245594,0.872800642979371,2.315897838466391,-2.2706099273115234,0.09171873210617354,2.1788911952285988,-1.038597681732669,1.037968294390298,0.0006293873503630254
3.0861723446893787,1163.6253068904762,0.9999999781328688,0.818309152624858,1.3057337453159756,1.928833274361083,2.070687215351735,1.1851706146691932,-3.255857830017046,1.1112122488067961,1.4518204200274583,-2.563032668834323,1.1912722840039922,-0.4787782683831405,-0.7124940156169469
3.096192384769539,1167.4027729427148,1.0000000018373285,0.8182897470078212,1.3057161578714198,1.9288335510999783,-0.14320396303723992,-2.7800098615587796,2.923213824599812,0.4825895569198796,-2.4279318075539797,1.9453422506347704,-0.8783034356300665,-0.26757894599073856,1.1458823816249535
3.106212424849699,1171.1802390402925,0.9999999761572013,0.8183084021225309,1.305724517632729,1.9288334799991989,-1.8402481683265133,3.288012871836468,-1.447764703507628,-1.8877565253757136,2.4549309873010072,-0.5671744619264749,0.2220012204302746,0.9093259961253939,-1.1313272165447135
3.1162324649298596,1174.9577050762139,0.9999999796978283,0.818308386576265,1.3057293838190351,1.9288335762359885,3.1043447606376073,-2.5108188923003913,-0.5935258683322052,2.5549955511774756,-1.5223238258022005,-1.0326717253748519,0.5210897511267579,-1.1956392115990504,0.6745494604787023
3.12625250501002,1178.7351711841845,0.9999999929146137,0.8183099645941386,1.305730940460211,1.9288335510258312,-3.154953168858573,0.752156315495443,2.4027968533592348,-2.223466431707731,-0.005358140572202186,2.228824572256637,-1.0604622977426577,1.0145582532468647,0.04590404449619445
3.13627254509018,1182.5126372397767,0.9999999814070574,0.8183049303770081,1.3057293370355183,1.9288335895565398,1.9723627615799935,1.3004713907951058,-3.2728341523773756,1.0228727042411916,1.530886558434079,-2.553759262668485,1.1853133798435105,-0.4369209340065152,-0.7483924458449756
3.1462925851703405,1186.2901033042638,1.0000000063079666,0.8182869134027861,1.3057177062449583,1.9288338163109224,-0.01872737308342487,-2.8448984745349684,2.863625847619982,0.5776104824481787,-2.4581145762050536,1.8805040937577897,-0.8468590334723192,-0.31153366611476146,1.1583926995813505
3.156312625250501,1190.0675694116103,0.9999999780808744,0.8183149855484745,1.3057333905756077,1.9288336227766345,-1.9421715976905054,3.27707306884243,-1.3349014711222347,-1.952314862145226,2.424388680787133,-0.47207381864146325,0.17734909735117912,0.9381949261432323,-1.1155440234875298
3.1663326653306614,1193.8450354579038,0.9999999814086974,0.8183105627392095,1.3057333281589543,1.9288337956240935,3.143948689954457,-2.4284142915046796,-0.7155343984490945,2.5638681901407354,-1.4430199527393126,-1.120848237401908,0.5614916232438979,-1.198137561158307,0.6366459379178473
3.1763527054108214,1197.6225015761609,0.9999999950744858,0.8183070095068106,1.3057273783104177,1.9288338196367942,-3.1167231158800153,0.6304387528631521,2.4862843630287346,-2.173164630419889,-0.10242676286125751,2.2755913933009677,-1.0808195720176765,0.989704618865398,0.09111495315909746
3.186372745490982,1201.3999676406274,0.9999999842652842,0.8183006078953796,1.3057240959220382,1.928833846678301,1.8712349098214256,1.4139261315127079,-3.2851610413405914,0.9330788447534161,1.607777966184714,-2.5408568109437257,1.1776706951973954,-0.3944411197778057,-0.7832295754184139
3.1963927855711423,1205.177433714901,1.0000000100099966,0.8182918551262524,1.3057212753203107,1.9288339957386675,0.10573572407627971,-2.90568113512516,2.799945411030322,0.6718039847327618,-2.484770976516482,1.812966991779084,-0.8142013771586436,-0.35504474521210805,1.1692461223613382
3.2064128256513023,1208.9548998295356,0.9999999792460825,0.8183143519178631,1.3057386318981945,1.9288337964285778,-2.041347343481533,3.2615104833727693,-1.2201631399239938,-2.0140900834699673,2.3903880319972726,-0.37629794854967064,0.13244659192997643,0.9657263939065477,-1.0981729858332734
3.2164328657314627,1212.7323658839105,0.9999999823132473,0.8183123904133981,1.3057387420167317,1.9288339497437734,3.179049292854409,-2.3425356038772605,-0.8365136889765166,2.569075434445856,-1.3616544964842991,-1.2074209379637573,0.6010911459777586,-1.19892514710131,0.597834001129053
3.226452905811623,1216.5098320103284,0.9999999969363417,0.8183038502199887,1.3057236642936068,1.9288340364100363,-3.074061589516191,0.5078203613480173,2.566241228171765,-2.1197769971842666,-0.19935070098925467,2.319127698178107,-1.0996422482358041,0.9634441125393547,0.13619813569924827
3.2364729458917836,1220.287298081632,0.9999999867957411,0.8182968346587447,1.3057189554133923,1.9288340536582325,1.767448024746487,1.5253709513702398,-3.292818976108806,0.8419589594492174,1.6823861200975476,-2.524345079547292,1.1683561109794682,-0.3513998653696956,-0.8169562455990709
3.2464929859719436,1224.0647641637574,1.0000000126833402,0.8182963243711864,1.3057232546345643,1.9288341409953238,0.23005020496487427,-2.9623237125414854,2.73227350759638,0.7650293608588294,-2.50786692510735,1.7428375642547487,-0.7803809196564544,-0.39804225908627444,1.1784231787576471
3.256513026052104,1227.8422302837387,0.9999999801198576,0.8183130105059936,1.3057406421085578,1.928833949075194,-2.137592400756046,3.241267298903355,-1.1036748981516875,-2.072962762572849,2.352954056953741,-0.2799912943913009,0.08735505007300243,0.9918639058546644,-1.0792189559278986
3.2665330661322645,1231.6196963444681,0.9999999834697998,0.8183109709989063,1.3057398809320757,1.928834096201024,3.209594741262997,-2.25329481633799,-0.9562999249077745,2.570589884292673,-1.278334547932568,-1.2922553363530738,0.6398275888097087,-1.1979880904850353,0.5581605016829401
3.276553106212425,1235.3971624773624,0.9999999986419424,0.8183005957367079,1.3057205097958653,1.9288342073368159,-3.0270218591855316,0.38447354070567097,2.6425483184983234,-2.063376003419933,-0.2959935284553842,2.359369531880751,-1.1169030752553268,0.9358134563114123,0.18108961895891412
3.286573146292585,1239.1746285539189,0.9999999890526372,0.81829426235763,1.3057148472643991,1.9288342153585527,1.6611464679673658,1.6346419734003836,-3.295788441343039,0.7496413318553947,1.754602503349109,-2.504243835207705,1.1573815110109809,-0.30785820802076325,-0.8495233029649085
3.2965931863727453,1242.9520946423777,1.000000014539076,0.8183000778156677,1.3057239754858554,1.928834259900162,0.35403986616132443,-3.014751888960582,2.660712022836501,0.8571588247023549,-2.527381735279296,1.6702229105802762,-0.7454486735946961,-0.4404667752073451,1.1859154488397412
3.306613226452906,1246.7295607661993,0.9999999808269572,0.8183110671986075,1.3057401286209338,1.9288340851246237,-2.230784937918274,3.216393235015555,-0.9856082970928588,-2.128866438564988,2.3121567851890337,-0.18329034664251398,0.04213854270905307,1.016578998089558,-1.058717540783373
3.316633266533066,1250.5070268319441,0.9999999848572869,0.8183072849935721,1.3057378449084098,1.9288342345951053,3.235560380988596,-2.1608336216967303,-1.074726759274446,2.5684278237302705,-1.193187101327712,-1.375240722407732,0.6776506853451861,-1.1953368848223782,0.5176861995017461
3.3266533066132262,1254.284492970005,1.0000000003056526,0.8182973569084843,1.3057186247774537,1.92883433589796,-2.9756571958885574,0.26057068552622775,2.7150865103716777,-2.004034118834783,-0.39221882413250264,2.396252942966766,-1.13257480591039,0.90684937271907,0.22572543320643573
3.3366733466933867,1258.0619590505833,0.9999999910645083,0.8182935443957563,1.3057127017708774,1.9288343342523864,1.5524745983763037,1.7415753275165484,-3.2940499258974927,0.6562542410790378,1.824318603982613,-2.4805728450605176,1.1447587811545883,-0.26387718275878663,-0.8808815984014486
3.346693386773547,1261.8394251441725,1.0000000157633637,0.8183028737055822,1.3057237679025357,1.928834357997951,0.47752850964955584,-3.0628913520219974,2.5853628423649977,0.9480645951755733,-2.543294722707647,1.595230127530478,-0.7094556512145145,-0.48225886460185025,1.19171451581253
3.356713426853707,1265.6168912706726,0.9999999814687044,0.8183086296135431,1.3057377975563225,1.9288342068192235,-2.320803129278942,3.1869380139530183,-0.8661348846777754,-2.1817346541936624,2.2680662456867156,-0.08633159149230663,-0.0031388618446908934,1.0398432104993078,-1.036704348657155
3.3667334669338675,1269.3943573403942,0.9999999864323648,0.8183023143334778,1.3057337326904874,1.9288343624649547,3.256921562162513,-2.0652937114569694,-1.1916278507043878,2.562605538092373,-1.1063391476489461,-1.4562663904440458,0.7145101726543571,-1.1909820259141073,0.4764718532630753
3.376753507014028,1273.1718234826083,1.000000002020381,0.8182942459416578,1.305718718085394,1.9288344236128832,-2.920020871778424,0.1362841862023736,2.783736685584765,-1.9418238114898414,-0.48789017138251356,2.4297139828742593,-1.1466301962135974,0.8765885845680698,0.27004161164650115
3.3867735470941884,1276.949289566249,0.9999999928393478,0.8182953354910395,1.3057134481735304,1.9288344109462232,1.441576772693037,1.8460071488366174,-3.2875839215539613,0.5619259626589048,1.8914259137772862,-2.4533518764285764,1.1304998088399467,-0.2195178228978153,-0.9109819859625224
3.3967935871743484,1280.726755664007,1.0000000164593401,0.818304708853111,1.3057234635315382,1.9288344356739744,0.6003398028749806,-3.1066698003566646,2.506329997481235,1.0376206861746473,-2.5555884585634354,1.5179677723937492,-0.6724540198910957,-0.5233598120820311,1.1958138319570466
3.406813627254509,1284.504221792298,0.9999999821280577,0.8183058062736158,1.3057343540714734,1.9288343147158569,-2.4075251540097513,3.152951359509343,-0.7454262055169558,-2.2315009553441976,2.2207524665484772,0.010748488793602018,-0.0484130973430377,1.0616280856425173,-1.0132149883208932
3.4168336673346693,1288.2816878651909,0.9999999881339995,0.8182970421046684,1.3057286421961873,1.9288344757456033,3.2736536381570254,-1.9668167760663198,-1.3068368621071267,2.5531393135002167,-1.0179176752642565,-1.5352216382364379,0.7503557906126292,-1.1849340113448865,0.43457822071485097
3.4268537074148293,1292.059154010776,1.0000000036902774,0.818296655618803,1.3057215191915252,1.9288344630751937,-2.8601924825094973,0.011823879213291824,2.8483686032741584,-1.8768238791610312,-0.5828681049039631,2.459691984064111,-1.1590459582072496,0.8450708302258014,0.3139751279626452
3.4368737474949898,1295.836620096713,0.9999999932702603,0.8183043506137917,1.3057231072013855,1.9288344112825406,1.3286314554688086,1.9477869849938383,-3.276418440477752,0.46678901717959287,1.9558410992278281,-2.422630116408191,1.1146392361255186,-0.17484898401628823,-0.9397902521243787
3.44689378757515,1299.614086197847,1.0000000160325069,0.8183082655857752,1.305729627299632,1.9288344537737623,0.7222893488698346,-3.1460248109526847,2.423735462074704,1.125713785040018,-2.5642678169957804,1.4385540319593446,-0.6345065651562499,-0.563718382540655,1.198224947685544
3.4569138276553106,1303.3915523272924,0.9999999828737841,0.8183027069240969,1.3057305024936836,1.9288344080582815,-2.490829194847824,3.1144829969302585,-0.6236538020850504,-2.2780988898158188,2.170285475406453,0.10781341441469006,-0.0936200992196794,1.081905168424323,-0.9882850692087604
3.4669338677354706,1307.1690184027304,0.9999999898876445,0.8182924522671707,1.305723670565009,1.9288345691232718,3.285731964738932,-1.865544504888005,-1.4201874598626372,2.5400454366092755,-0.9280496704059796,-1.6119957662047526,0.7851372812619676,-1.177203339953047,0.39206605868238864
3.476953907815631,1310.946484551062,1.0000000047048212,0.818301538073454,1.3057234104344193,1.9288344904945651,-2.7962866261909416,-0.11263844565883346,2.9089250718443567,-1.809136328108398,-0.6770050159230524,2.4861413440304996,-1.1698005585884619,0.8123455934525312,0.35745496512921876
3.4869739478957915,1314.7239506386627,0.999999993357551,0.8183104244841417,1.305729442248179,1.9288344237726367,1.213777487725274,2.0467753698625044,-3.260552857594335,0.37098569224700273,2.017436740796552,-2.388422433044916,1.0971702765706481,-0.1299326969377028,-0.9672375796399594
3.496993987975952,1318.501416742623,1.000000015949201,0.81830876890069,1.3057319521877406,1.9288344856100177,0.8432046786373781,-3.180858999765977,2.3376543211229563,1.2121807151359558,-2.569251378229276,1.3570706630959892,-0.5956429546049962,-0.6032649182882428,1.1989078728850793
3.507014028056112,1322.2788828727114,0.9999999837632049,0.8182994418256802,1.3057269466978598,1.9288344850666663,-2.5705934373737733,3.0715826522111787,-0.5009892148551043,-2.3214620072363887,2.116735299194377,0.2047267080590358,-0.1386958042538206,1.1006460053227183,-0.9619502010921731
3.5170340681362724,1326.0563489502092,0.9999999916083461,0.8182895294866063,1.3057199143124,1.9288346363101192,3.2931318995587353,-1.7616185864182996,-1.5315133131523329,2.5233401944327842,-0.8368621176034645,-1.686478076825852,0.818804388342522,-1.167800511530908,0.34899612317253537
3.527054108216433,1329.833815100779,1.0000000051272904,0.8183057361093533,1.3057239361547173,1.928834517417484,-2.7283985156436494,-0.23694295567824702,2.965341471309004,-1.7388660710131654,-0.7701702477251566,2.509036318736653,-1.1788817273026193,0.7784627920796483,0.4004189352126069
3.537074148296593,1333.6112811895557,0.9999999933463208,0.8183130503347802,1.305731801193949,1.928834454886816,1.0971823705838173,2.1428439906884256,-3.2400263612928324,0.274654076126071,2.0761374180359518,-2.350791494162243,1.0781230472304126,-0.08483198504540443,-0.9932910622036379
3.5470941883767533,1337.3887472959225,1.0000000161810134,0.8183069563898422,1.3057312750188295,1.928834528209598,0.962919114533421,-3.2111455000543865,2.2482263855021922,1.2969093400461313,-2.570553040899141,1.273643700848318,-0.5559232742416501,-0.6419485653734226,1.1978718396008992
3.5571142284569137,1341.166213426264,0.9999999848453377,0.8182961219578709,1.305724389931325,1.928834543161715,-2.646696069459301,3.0243000520560805,-0.37760398262763295,-2.3615238583803206,2.060171964364946,0.30135189401819096,-0.1835761504231161,1.1178221442056997,-0.9342459938155212
3.567134268537074,1344.9436795054426,0.9999999932028243,0.8182892588751374,1.3057184695664446,1.92883467025824,3.295828801492453,-1.6551807083396022,-1.64064809316982,2.503039874157933,-0.7444820000249961,-1.758557874132919,0.8513068568435411,-1.1567360265223305,0.3054291696553071
3.577154308617234,1348.7211456578298,1.0000000050902864,0.8183089999422585,1.30572352520494,1.9288345439558252,-2.6566271792233707,-0.360912987842231,3.017540167046031,-1.6661183511615851,-0.8622350611095914,2.5283534122789053,-1.186279733817277,0.7434725169888778,0.44280721680515944
3.5871743486973946,1352.4986117474143,0.9999999932797101,0.8183130194220335,1.3057311189789829,1.9288344996104059,0.9790190804635069,2.2358658365794666,-3.2148849170609495,0.17793206881985335,2.13187381521134,-2.309805884028788,1.0575327129341028,-0.039610767559746435,-1.0179219453968695
3.597194388777555,1356.276077855868,1.0000000166927532,0.8183035662381712,1.305728432129121,1.9288345779488751,1.0812659807594927,-3.236857446587513,2.1555914658167605,1.379787524797803,-2.5681867040525614,1.1883991792580517,-0.5154076096276994,-0.6797184710876648,1.1951260807080204
3.6072144288577155,1360.0535439861683,0.9999999861623704,0.8182928585737776,1.3057235351790908,1.9288345791451644,-2.7190152804662726,2.972684923437476,-0.2536696429987686,-2.398217994926607,2.000665496912713,0.3975524980167734,-0.22819707640571602,1.1334051338159024,-0.9052080574452112
3.6172344689378755,1363.831010066732,0.9999999945711995,0.8182926261244571,1.3057204321476727,1.928834663329937,3.293798030550775,-1.546372557766448,-1.747425472800788,2.479160763081016,-0.6510362997181987,-1.8281244633596443,0.882594432923099,-1.1440203860125984,0.2614259530700457
3.627254509018036,1367.6084762205817,1.0000000047203197,0.8183110802030248,1.3057226060484493,1.9288345696596958,-2.5810716453338256,-0.48437188055414304,3.0654435258702364,-1.5909984113107778,-0.9530707180860019,2.5440691293999143,-1.1919848483505553,0.7074248588894226,0.4845599894400632
3.6372745490981964,1371.3859423107,0.9999999931953412,0.8183111233757434,1.305728330145942,1.9288345523925867,0.8594605927973781,2.3257138982234498,-3.1851744910465936,0.08095756922897795,2.184576617534521,-2.2655341867642993,1.0354344386454766,0.005667037050024831,-1.0411014757195156
3.6472945891783564,1375.163408421001,1.0000000174435222,0.8182993368563549,1.305724259654826,1.9288346306929007,1.1980786027470465,-3.2579679751147044,2.0598893723521297,1.4607031354875817,-2.5621662670791823,1.101463131589751,-0.4741560461101101,-0.7165237834966272,1.1906798295928256
3.657314629258517,1378.940874551043,0.9999999874063129,0.8182935621114714,1.3057274099461835,1.9288345695844227,-2.7874274843355646,2.9168032451535364,-0.12937576082280475,-2.43148685291308,1.9382926719086937,0.4931941809996215,-0.27249646182274406,1.1473743511362136,-0.8748778893124867
3.6673346693386772,1382.7183406327692,0.9999999954255103,0.8182989521128514,1.3057277668264708,1.9288346217226782,3.287056212090541,-1.4353545202106943,-1.851701691876416,2.4517389143191797,-0.5566521686576058,-1.8950867456564218,0.9126256219791175,-1.1296763878228275,0.2170507658363941
3.6773547094188377,1386.4958067877335,1.0000000034537668,0.8183142690638209,1.3057270997603336,1.9288345575049481,-2.5018508236777306,-0.6071382338371155,3.108989057497919,-1.513624191352177,-1.0425643234503097,2.5561885148024737,-1.1960061861009683,0.6703817975034068,0.5256243885896077
3.6873747494989977,1390.2732728782153,0.9999999931260092,0.8183081542123695,1.305724369058457,1.9288346072653129,0.738679882392248,2.4122611674771988,-3.1509410498810917,-0.01613152461520051,2.234176510919047,-2.2180449863020617,1.011863389614774,0.0509375108136248,-1.062800900441055
3.697394789579158,1394.0507389901857,1.0000000183882487,0.8182950070245502,1.3057195933820354,1.9288346819108713,1.313190307183398,-3.2744502222299205,1.9612599150430752,1.5395440391181108,-2.5525056295297777,1.0129615904170883,-0.43222866869745125,-0.7523136513743753,1.1845423200589729
3.7074148296593186,1397.8282051197755,0.9999999877209589,0.8183021930453925,1.3057354730037394,1.9288345182131506,-2.8518249381700107,2.8567606073320477,-0.004935669190186315,-2.4612710126823134,1.8731431726965129,0.5881278399925851,-0.3164036820344845,1.1597059271443315,-0.8433022451481192
3.717434869739479,1401.6056712024695,0.9999999957798404,0.8183031954099261,1.3057342331109916,1.9288346012250501,3.275624431266171,-1.3222910798037342,-1.9533333514883948,2.4208045427045857,-0.4614722622294063,-1.9593322804774314,0.9413443764233009,-1.113713767624924,0.17236939118044853
3.727454909819639,1405.3831373583084,1.0000000022337125,0.8183156842520243,1.3057312893568802,1.928834547083017,-2.4190411367824174,-0.729031952527811,3.1480730892975965,-1.4340798251666715,-1.1305595022075612,2.5646393273781407,-1.1983116498567397,0.632377473210512,0.5659341766286012
3.7374749498997994,1409.1606034490258,0.999999993101279,0.8183049040607651,1.305720169842904,1.9288346579355817,0.6168499233585659,2.4953806370429037,-3.1122305604320504,-0.11319731541777711,2.2806041818333243,-2.167406866413184,0.9868547311478539,0.09613673611905443,-1.0829914673001595
3.74749498997996,1412.9380695625368,1.0000000194785625,0.8182913156504826,1.3057152689901252,1.928834726761312,1.426434421518572,-3.286277325134856,1.859842903609226,1.6161981033218098,-2.5392186911207912,0.9230205878123261,-0.38968556220945927,-0.7870372240560003,1.1767227862496232
3.75751503006012,1416.7155356914898,0.9999999879548713,0.818306957093739,1.3057389561801347,1.9288344995242597,-2.9121411696824984,2.792621675197458,0.11951949445154297,-2.4875110098874886,1.805302412634279,0.6822085972516898,-0.359848483779163,1.1703619418769646,-0.8105134581295395
3.7675350701402803,1420.4930017749948,0.9999999959530758,0.818305552415939,1.3057369448047549,1.928834602535115,3.2594996095061077,-1.2073326797709427,-2.0521669297511247,2.386395323433802,-0.3656371485102813,-2.0207581749248775,0.9687041156970643,-1.096146800276099,0.12744268456331498
3.7775551102204408,1424.27046793156,1.0000000014744053,0.818314402351789,1.3057324102784955,1.9288345568313334,-2.3327628765038364,-0.8498854313354851,3.1826483078348557,-1.3524784688703777,-1.2169287154806465,2.5694071843536905,-1.1988949205606767,0.5934623202081677,0.6054326003442763
3.787575150300601,1428.0479340224065,0.999999993147797,0.818302165289012,1.3057166665035849,1.9288346978572024,0.49414368939940967,2.5749453003831047,-3.069088989802203,-0.21010190637053294,2.323790317121738,-2.113688410746401,0.9604436286579789,0.1412007957635848,-1.101644424443657
3.797595190380761,1431.8254001373684,1.0000000206633297,0.8182890019160881,1.3057121220266732,1.9288347601636704,1.5376442737771225,-3.2934224213828083,1.7557781475998833,1.6905531961524942,-2.5223193515907973,0.83176615544701,-0.3465868113259199,-0.8206436512447167,1.1672304625542511
3.8076152304609217,1435.6028662655322,0.9999999881470144,0.8183086074736179,1.305738843088395,1.9288345065748682,-2.968307772001974,2.724495771922498,0.24381200011149257,-2.5101895906179013,1.7348800830022644,0.775309507614977,-0.4027735833802404,1.179337825551356,-0.7765642421392626
3.817635270541082,1439.3803323497257,0.9999999960284859,0.8183062715462581,1.3057367167380147,1.9288346206838902,3.238724155302881,-1.09064922569206,-2.1480749296001465,2.348576695743121,-0.26928360386178074,-2.0792930918842623,0.9946746459570166,-1.0770091706314386,0.0823345246870465
3.8276553106212425,1443.157798506899,1.0000000011222565,0.8183111854340995,1.3057312243427088,1.9288345815563583,-2.2431533346936003,-0.9695308140216581,3.212684148731965,-1.2689449413759868,-1.3015581755521104,2.5705031169320334,-1.1977638890705595,0.5536959283259419,0.6440679607554204
3.8376753507014025,1446.9352645977908,0.9999999932902669,0.8183007304468891,1.3057147928636081,1.9288347202865797,0.37073415374996044,2.650828151536827,-3.0215623052768423,-0.3067074011436226,2.363665603933639,-2.0569582027892133,0.9326652475608646,0.1860657728555633,-1.118731020406878
3.847695390781563,1450.7127307141461,1.0000000218894909,0.8182888049958296,1.3057109879092668,1.9288347768491734,1.646653192654389,-3.295858648930889,1.6492054562762675,1.7624971862182763,-2.5018215108116966,0.7393243245991302,-0.302992500527528,-0.8530820829716473,1.1560745834984207
3.8577154308617234,1454.4901968413897,0.9999999883343169,0.8183078975318944,1.3057361172682118,1.9288345322433584,-3.0202563388155013,2.652492220695524,0.3677641181131377,-2.5292895012064855,1.6619858749036507,0.8673036263078491,-0.44512169749292807,1.1866290085996445,-0.7415073111134285
3.8677354709418834,1458.2676629261798,0.9999999960876037,0.8183056013051885,1.3057343635923406,1.928834650531816,3.213340477276588,-0.9724106227898409,-2.2409298544859553,2.3074140987661136,-0.17254840422773687,-2.134865694539238,1.0192257735743901,-1.0563345636004804,0.03710879002817169
3.877755511022044,1462.0451290838698,1.0000000011217962,0.818306795646906,1.3057284933317617,1.9288346159000553,-2.1503498031760695,-1.087800244744839,3.238150047926957,-1.1836040613915055,-1.3843340950394467,2.567938156426667,-1.1949264464403915,0.5131378873086423,0.6817885591439254
3.8877755511022043,1465.8225951747415,0.9999999935514772,0.8183013920541323,1.3057154828003943,1.928834718325664,0.24679428942633996,2.7229021847673294,-2.9696964741814003,-0.4028759037420484,2.4001607296687872,-1.9972848259249445,0.9035547533930125,0.2306677505158683,-1.1342225038979048
3.8977955911823647,1469.6000612924531,1.000000022943212,0.8182921897882188,1.305713507610957,1.9288347641667682,1.7532946665365792,-3.293561970463542,1.5402673039347248,1.8319202482945267,-2.4777414390588857,0.6458211907483377,-0.2589634646244251,-0.884303251903157,1.1432667165347212
3.9078156312625247,1473.3775274186685,0.9999999885521919,0.8183055807174554,1.305731762136958,1.9288345692689004,-3.067918464084431,2.5767203447941864,0.4911981192879682,-2.544793488161729,1.5867294793006665,0.9580640088626122,-0.48683554296972076,1.1922309217732698,-0.705395378804172
3.917835671342685,1477.1549935039855,0.9999999962103338,0.8183037903568438,1.3057307000339418,1.9288346868084438,3.183390984315394,-0.8527867761427498,-2.3306042081699827,2.2629729716408296,-0.07556832533238567,-2.1874046463071033,1.0423273052689639,-1.0341566642010214,-0.008170641064221523
3.9278557114228456,1480.932459662119,1.0000000014161743,0.8183019952440753,1.3057249789114551,1.9288346543810102,-2.0544895736215585,-1.2045258680282322,3.2590154416568877,-1.0965806473722235,-1.4651426868377477,2.5617233342165204,-1.1903904838500916,0.47184778682233125,0.7185426970294799
3.937875751503006,1484.7099257529032,0.9999999927816693,0.8183094480187975,1.3057250179877768,1.928834653094234,0.12251555845575245,2.791072223866548,-2.9135877823180625,-0.4984788127001659,2.433234797313849,-1.9347559846151101,0.8731690762927896,0.2749443879088755,-1.1481134641980324
3.947895791583166,1488.487391871887,1.0000000222186265,0.8183029206006138,1.305724160847138,1.9288346840490773,1.8574174018229095,-3.2865585241213657,1.4291411223113044,1.8987303723438944,-2.4501212542374113,0.5513908818870876,-0.21457150828401805,-0.9142655506635717,1.1288370589562104
3.9579158316633265,1492.264857997059,0.9999999888349567,0.8183024105119256,1.3057267611178738,1.9288346102849478,-3.111225741984737,2.4972894674298356,0.6139362745595355,-2.5566842980401883,1.5092205869848843,1.0474637110544927,-0.5278578367770008,1.1961389958780084,-0.6682811590934918
3.967935871743487,1496.042324082852,0.9999999964757723,0.8183010874108687,1.3057265405662823,1.9288347241407662,3.148918085361197,-0.7319475905453086,-2.416970494799713,2.2153187534276473,0.021519857343159088,-2.2368386107698193,1.0639490478659193,-1.010509157400119,-0.05343989044945724
3.977955911823647,1499.8197902413726,1.000000001947533,0.8182975464955445,1.3057214427190562,1.9288346914194434,-1.955709937648996,-1.3195398286375992,3.275249766293445,-1.0079995176629692,-1.5438701640709112,2.5518696817339825,-1.1841638925568583,0.4298852165167778,0.7542786760473763
3.9879759519038074,1503.5972563319751,0.9999999919401039,0.8183144624856388,1.3057314585836957,1.928834615800897,-0.0019422793368666924,2.8552415521045487,-2.85329927277818,-0.593359365427965,2.4628023539314707,-1.8694429885067119,0.8415251624549716,0.31881898342241555,-1.1603441458796273
3.997995991983968,1507.3747224522417,1.0000000219125165,0.8183082297369447,1.305728965417535,1.9288346607192004,1.958886458657616,-3.274846089798516,1.3159596311373922,1.962805527458678,-2.4189784370179037,0.45617290956145085,-0.16987268555377671,-0.9429033787106422,1.1127760642675733
4.008016032064128,1511.1521885763218,0.9999999892158388,0.8182991405271647,1.3057220975357293,1.928834647834887,-3.1501097669993032,2.41430891181733,0.7358008551947368,-2.564944677501424,1.4295688886359441,1.1353757888706366,-0.568131296104573,1.1983486618525845,-0.6302173657411915
4.018036072144288,1514.9296546625549,0.9999999969618151,0.8182977411911789,1.3057226997631146,1.9288347570722568,3.109964189383125,-0.6100629707710372,-2.4999012186042857,2.1645168831703154,0.1185793684892239,-2.2830962516575264,1.0840608082945082,-0.9854257283355295,-0.09863507995110982
4.028056112224449,1518.7071208214181,1.0000000026572793,0.81829421181391,1.3057186463221606,1.9288347213579253,-1.8541481868585392,-1.4326742715792689,3.2868224584392682,-0.9179854904426386,-1.620402740001824,2.5383882304487315,-1.1762545639661408,0.38730976592532007,0.7889447980417438
4.038076152304609,1522.4845869117505,0.9999999912102052,0.8183160703742706,1.3057342812329031,1.9288346085218773,-0.1264039616569831,2.915335362760183,-2.7889314010926958,-0.6873864547585242,2.4888373785240505,-1.8014509237645437,0.8086714318391748,0.3622321941130373,-1.1709036259464003
4.04809619238477,1526.2620530333122,1.0000000219146048,0.8183094514310026,1.3057293261435505,1.9288346785119328,2.0575671177770203,-3.258460352676916,1.200893234903604,2.024070148011001,-2.384374963332743,0.3603048153183827,-0.12493134527244068,-0.970185165032072,1.0951165103216778
4.05811623246493,1530.039519156271,0.9999999897276204,0.8182965243215109,1.3057187546973275,1.9288346744003284,-3.184502133624644,2.3278880011138874,0.8566141325290431,-2.5695573732386014,1.3478840748577552,1.2216732983903946,-0.6075986381722511,1.198855350700737,-0.5912567125235775
4.06813627254509,1533.816985242921,0.9999999977459066,0.8182940005504326,1.3057199921116562,1.9288347800854526,3.066571705523639,-0.48730282141665016,-2.5792688841025773,2.1106327998629384,0.21547343292422083,-2.326106232787779,1.1026323936895692,-0.9589400620799431,-0.14369233160513073
4.07815631262525,1537.5944514020937,1.0000000034860088,0.818292753594228,1.305717351242438,1.928834738478048,-1.7499416127296483,-1.543761341974112,3.2937029547020886,-0.8266633838100229,-1.6946266280226316,2.5212900118316197,-1.1666703894468122,0.34418102456712574,0.8224893648812904
4.0881763527054105,1541.3719174920752,0.9999999906082733,0.8183150619300426,1.3057342977384632,1.9288346238134344,-0.25069150107217414,2.9712819200680043,-2.7205904189771317,-0.7804314579787803,2.5113195013241985,-1.7308880433411604,0.7746601678101221,0.4051259280937669,-1.179786095891341
4.098196392785571,1545.1493836149396,1.0000000221139473,0.8183079198582836,1.3057266477704383,1.9288347217061421,2.153324660116001,-3.2374369980102076,1.0841123379168593,2.082448668552409,-2.346372809127601,0.263924140570564,-0.0798118362098984,-0.9960793386924263,1.0758911749333697
4.108216432865731,1548.926849736763,0.9999999904023114,0.8182953155982269,1.3057177158592785,1.928834682410278,-3.214334436602944,2.238136058489106,0.9761983781233894,-2.5705051320164323,1.2642758361608724,1.3062292958505677,-0.646202580364873,1.1976544935396056,-0.551451913157897
4.118236472945892,1552.7043158238191,0.9999999989050293,0.8182901142910882,1.305719231986562,1.9288347876150216,3.0187830428524105,-0.36383704691013596,-2.6549459959241912,2.053731942474358,0.31206527557657693,-2.3657972180526907,1.1196336111431762,-0.9310858436627842,-0.18854776746678314
4.128256513026052,1556.4817819832747,1.0000000043738617,0.8182939342584886,1.3057183190519184,1.9288347370194847,-1.643227506730677,-1.652633185095361,3.2958606918473183,-0.7341580157651029,-1.7664280416158347,2.5005860573785776,-1.155419260495243,0.3005585819544797,0.8548606785631687
4.138276553106213,1560.259248072828,0.999999990150384,0.8183122273558631,1.3057323198902198,1.9288346541908834,-0.37462691021692884,3.0230094883049885,-2.648382578063778,-0.8723657524475904,2.5302283525860636,-1.657862600134089,0.7395436536977457,0.44744209352413433,-1.186985747202354
4.148296593186372,1564.0367141969982,1.0000000223992327,0.8183049692294254,1.3057223350267775,1.9288347745416925,2.2460243667182094,-3.21181171111962,0.9657873444117726,2.137865523693692,-2.305033950351121,0.167168426649274,-0.03457850708769142,-1.0205543288282348,1.055132835932018
4.158316633266533,1567.8141803176645,0.9999999907112137,0.8182986787965916,1.3057229243762105,1.9288346385690542,-3.2395469664139998,2.1451736553651233,1.0943733110775078,-2.5677794134759178,1.1788557963867783,1.3889236170964676,-0.6838908072586173,1.1947511257819896,-0.5108603185051643
4.168336673346693,1571.5916464051459,0.9999999998521794,0.8182929482578852,1.3057252728599187,1.9288347410357607,2.966669881848112,-0.2398681645203971,-2.726801717303863,1.9938913260845812,0.40822098089097747,-2.4021123069754036,1.1350485619845934,-0.9019086567419101,-0.2331399052257121
4.1783567134268536,1575.3691125648086,1.0000000039031602,0.8183031540620725,1.3057274871797486,1.9288346641812397,-1.5341701119816535,-1.7591273564591505,3.293297468468326,-0.6405980509317527,-1.8357107018965717,2.4763087528351795,-1.1425277003136427,0.2565103871171444,0.8860173132185111
4.188376753507014,1579.1465786539165,0.9999999898519767,0.8183083568674138,1.305729159522204,1.928834692131828,-0.4980322018099218,3.070446331851342,-2.572414130018169,-0.9630607156308839,2.545543562599317,-1.5824828469694217,0.7033741728554808,0.4891225986136017,-1.1924967714454875
4.198396793587174,1582.9240447793889,1.0000000226587753,0.8183019338231332,1.3057177926301435,1.928834821221976,2.335531518704496,-3.1816201773219097,0.8460886586245363,2.1902451481267007,-2.260420362941584,0.0701752148126864,0.010704293464630199,-1.0435785646651918,1.0328742712012353
4.208416833667335,1586.7015108988526,0.999999990098846,0.8183055363752046,1.3057328232386605,1.9288345614329303,-3.2601196151534673,2.0491474876315983,1.2109721275281404,-2.5613737871526068,1.0917439871371244,1.4696298000155648,-0.7206029058602714,1.1901453191778228,-0.469542413310382
4.218436873747494,1590.47897698679,1.0000000002362874,0.8182998048137304,1.3057328878542136,1.9288346831644223,2.9103146934702986,-0.11558040663326491,-2.794734286830641,1.9311884338638983,0.5037858973658124,-2.4349743312260648,1.1488354530958567,-0.871442200669684,-0.2773932524221656
4.228456913827655,1594.2564431466199,1.0000000031847927,0.8183103118630712,1.305734165637232,1.9288346178093063,-1.4229140757824692,-1.8631041522241443,3.286018227995411,-0.5461210854496164,-1.9023535967043934,2.448474682144837,-1.1279923772648732,0.21209799952480585,0.9158943777438424
4.238476953907815,1598.0339092352715,0.9999999897284527,0.8183042406623457,1.3057256283816674,1.9288347300894984,-0.6207293886218527,3.1135207150563264,-2.492791326441481,-1.0523877250295943,2.557244761691628,-1.504857036667161,0.6662040086230954,0.5301093515423458,-1.1963133601678921
4.248496993987976,1601.8113753620344,1.0000000227805217,0.8183001479478929,1.3057144253054545,1.9288348459280806,2.4217113972794353,-3.146898082032596,0.7251866847385003,2.2395119765312326,-2.2125940228097205,-0.026917953720015042,0.055972216807221864,-1.0651204754670616,1.0091482586442515
4.258517034068136,1605.5888414803155,0.99999999004782,0.8183078201248036,1.3057372030945904,1.928834539179739,-3.276029401871771,1.9501826707828827,1.3258467310872226,-2.5512857215408515,1.0030666611601076,1.5482190603895187,-0.7562731966093525,1.1838206392038213,-0.42754744260108835
4.268537074148297,1609.366307568681,1.0000000006621037,0.8183030817189134,1.3057364081932419,1.9288346597149821,2.8497920130581234,0.008880051671262768,-2.858672064720793,1.865713948714586,0.5986202876482323,-2.464334236362454,1.160963486943362,-0.8397217394733404,-0.3212417474640436
4.278557114228457,1613.1437737286624,1.0000000028241207,0.8183129386967231,1.3057357000018905,1.92883461963256,-1.3096169219263047,-1.9644263651487301,3.274043287059363,-0.4508642057703608,-1.9662671996136223,2.4171314053793695,-1.111833487570342,0.1673825904922625,0.9444508970691274
4.288577154308617,1616.9212398168381,0.9999999897947429,0.8183006690678458,1.3057225382861668,1.9288347604951828,-0.7425404834538114,3.152160902487279,-2.4096204190386277,-1.1402181581824165,2.5653115801986197,-1.4250934220138674,0.6280854443589075,0.5703442606734326,-1.1984297050396142
4.298597194388777,1620.698705944871,1.0000000226525474,0.8183009458686618,1.3057136376414105,1.9288348328190077,2.5044292837629945,-3.107681110626164,0.6032518268446846,2.285590443647233,-2.1616169058720693,-0.12397353777673092,0.10116091435769814,-1.0851484904720263,0.9839875760818475
4.3086172344689375,1624.476172061995,0.9999999904310622,0.818306773425372,1.305737389502172,1.9288345564258857,-3.2872708778574915,1.8484319376749727,1.4388389401695145,-2.5375481685476826,0.9129562903256052,1.6245918782148832,-0.7908577851694911,1.1757962950905887,-0.3849385099300526
4.318637274549098,1628.2536381507682,1.0000000011473307,0.8183035344098185,1.3057367012194987,1.9288346630018844,2.7852049053635732,0.13333487788926324,-2.918539783255456,1.797574046712198,0.6925951079753917,-2.490169154682013,1.1714255301161363,-0.8067985961794168,-0.364626933943487
4.328657314629258,1632.03110431088,1.0000000027074938,0.8183123542412172,1.3057335449454799,1.928834653708066,-1.1944479573004791,-2.0629566773685477,3.2574046346666643,-0.3549648187025704,-2.0273734793316858,2.3823382980416494,-1.0940826083293935,0.12242849709017342,0.9716541112360588
4.338677354709419,1635.808570398578,0.9999999900659319,0.8182984323382788,1.3057207009059868,1.928834775762899,-0.8632874992377968,3.1862951586388637,-2.323007659397092,-1.2264233927024373,2.5697236484706414,-1.3433002557686193,0.5890707633406049,0.6097692343130154,-1.1988399976486703
4.348697394789579,1639.5860365278515,1.0000000221622427,0.8183056618430308,1.3057168344375223,1.9288347660387093,2.583550459352947,-3.064004948398979,0.48045448907659627,2.3284049842495538,-2.1075509880060608,-0.22085399624156699,0.14620603746304817,-1.1036310389427284,0.957425001510367
4.35871743486974,1643.363502643849,0.9999999911215142,0.8183036397928872,1.305734707884442,1.9288345977728507,-3.293838594520488,1.7440480211908451,1.5497905733528028,-2.520194080033782,0.8215453464865895,1.6986487335483536,-0.8243127773824754,1.1660914961162574,-0.34177871871244336
4.368737474949899,1647.1409687330176,1.000000001709241,0.8183019182391555,1.305734634309429,1.928834685325551,2.7166564351484777,0.25760573960855837,-2.974262174748113,1.7268749039698252,0.7855813146602952,-2.512456218636813,1.1802144492117619,-0.7727240937746173,-0.40749035542529755
4.37875751503006,1650.9184348932306,1.0000000027210474,0.8183098782395285,1.305729155071841,1.9288347040803901,-1.0775764886656225,-2.1585577711210817,3.236134259805143,-0.25856033098468134,-2.085594404615883,2.3441547356006907,-1.0747713166329589,0.07730005633272263,0.9974712603134852
4.38877755511022,1654.695900980459,0.9999999905566108,0.8182983207088047,1.3057209280424344,1.9288347682959117,-0.9827924488620041,3.215851748037822,-2.2330592991712237,-1.3108748061964337,2.570460596875974,-1.259585790682005,0.5492122489067557,0.6483261807514443,-1.1975384296548655
4.398797595190381,1658.473367110931,1.0000000210917668,0.8183149250920745,1.3057251431942611,1.9288346403084384,2.658950128935678,-3.015918247512795,0.35696811854186905,2.3678851563584282,-2.050461959416785,-0.3174231969598092,0.1910435944675189,-1.120539551790022,0.9294959573251422
4.408817635270541,1662.2508332258417,0.9999999919920132,0.818299662605314,1.3057304837277892,1.9288346478127476,-3.295727103256512,1.6371836541074778,1.6585434491527073,-2.4992564078995803,0.7289663014657889,1.7702901064347243,-0.8565942790196279,1.1547254514739325,-0.298131172455951
4.4188376753507015,1666.0282993154017,1.0000000023650588,0.8182989886923177,1.3057310748347473,1.9288347189772366,2.644249667249858,0.3815143043216356,-3.0257639715832636,1.653722696590594,0.8774498639851744,-2.531172560579686,1.1873231108972357,-0.7375495553378799,-0.44977355556698917
4.428857715430862,1669.8057654756792,1.0000000027509555,0.8183068303515344,1.3057239849973183,1.9288347547851026,-0.9591718228321009,-2.2510923286111004,3.210264151417493,-0.16178814933450403,-2.140851944203706,2.302640093536272,-1.053931189608622,0.03206160528163149,1.0218695843029733
4.4388777555110215,1673.583231562391,0.9999999896148191,0.8183067312332614,1.3057297680486486,1.9288346762247217,-1.1008752987292323,3.240798470550475,-2.1399231718272076,-1.3934597503805477,2.567527315456864,-1.1740675650733328,0.5085782939799517,0.6859666280846625,-1.1945449220697717
4.448897795591182,1677.3606976940328,1.0000000190344087,0.8183181879672635,1.3057312609509564,1.9288346007241444,2.7306036545267958,-2.9635969301111245,0.23299327562032124,2.4039977327281874,-1.9904523664036196,-0.4135453663146371,0.23560771308871042,-1.1358596949716868,0.9002519818957269
4.458917835671342,1681.138163807947,0.999999992915323,0.8182960853078532,1.3057260424562462,1.9288346911270187,-3.292930955374403,1.527991569228654,1.7649393861616485,-2.4747681040238327,0.6353516270658156,1.8394164769642727,-0.8876583958284252,1.141717370417146,-0.25405897458265886
4.468937875751503,1684.9156298979008,1.000000003132043,0.8182955012001092,1.3057268901341894,1.9288347562386894,2.5680876664387,0.5048822396615358,-3.072969906104479,1.5782236006322383,0.9680717123078413,-2.5462953129408774,1.1927443818136576,-0.701326303849135,-0.4914180779684388
4.478957915831663,1688.6930960581963,1.0000000026830707,0.8183045302890884,1.305719489397845,1.9288347898485159,-0.8394032665797425,-2.3404230320011132,3.1798262985691528,-0.06478568047594835,-2.1930680668809486,2.2578537473478453,-1.0315938043726254,-0.013222518950177786,1.0448163233174512
4.488977955911824,1692.470562144405,0.999999989003507,0.818311200097603,1.3057341152255442,1.9288346344064418,-1.217387867750214,3.2611046563032073,-2.0437167885340584,-1.4740364668599442,2.560898254424226,-1.0868617875568554,0.46721412539845764,0.7226141860947655,-1.1898283114839665
4.498997995991984,1696.2480282771598,1.0000000174660646,0.8183184871842185,1.3057336637511288,1.9288345911817868,2.79833860101836,-2.9070178515098823,0.1086792504940794,2.436649035788867,-1.9275835805901387,-0.5090654552137275,0.27982989722132556,-1.1495388026628242,0.869708905453452
4.509018036072144,1700.0254943901427,0.999999993763817,0.8182941513946028,1.3057227096273525,1.9288347122901193,-3.2854447023566435,1.4166244994631279,1.8688202029217182,-2.4467621203161487,0.5408337950925879,1.905928325227324,-0.9174612336738763,1.1270864623047558,-0.20962522860969213
4.519038076152304,1703.8029604805006,1.0000000040273462,0.8182922111897575,1.3057229475260894,1.9288347893840867,2.488273497483063,0.6275312132610243,-3.1158047107319544,1.5004837921610958,1.0573178159596122,-2.5578016081192874,1.1964711286016552,-0.6641056622845146,-0.5323654663066023
4.529058116232465,1707.580426640761,1.000000002403373,0.8183042977439461,1.305717122850705,1.928834793289414,-0.718440126640537,-2.4264125635645093,3.1448526902146754,0.032309668899629496,-2.2421647413962895,2.20985507249486,-1.0077907380013562,-0.058487979383316624,1.0662787173888297
4.539078156312625,1711.3578927264912,0.9999999888237681,0.8183118051702646,1.3057341415046653,1.928834639091846,-1.3321710481602456,3.276758281094013,-1.9445872329300582,-1.5525002226697069,2.5505996004445115,-0.9980993777749738,0.425180231767933,0.7582217758312063,-1.1834020075958067
4.5490981963927855,1715.1353588603044,1.000000016329902,0.818316541247426,1.3057331605550133,1.9288346047684801,2.8620771421784874,-2.8462816324710207,-0.015795509738657176,2.4658120582114273,-1.861958991586703,-0.6038530666560178,0.3236503645722082,-1.1615677251768084,0.8379173605912434
4.559118236472946,1718.912824972413,0.9999999944102913,0.8182951042864753,1.3057218105975021,1.9288346958705427,-3.273262895618873,1.3032351775024094,1.9700277180897015,-2.415271408657012,0.4455452773310523,1.9697261313277425,-0.9459588983814381,1.1108519362770026,-0.16489303790888732
4.569138276553106,1722.6902910631904,1.0000000050678166,0.8182898741071113,1.3057201144195514,1.9288348106830413,2.404910225162081,0.7492828926421107,-3.1541931178188825,1.4206094472454962,1.14505913128667,-2.565668578529974,1.1984962179329839,-0.6259389537589424,-0.572557264189927
4.579158316633267,1726.4677572233522,1.000000001797673,0.8183074524815628,1.3057183400079355,1.9288347491232143,-0.5964517098426796,-2.508923605506921,3.105375315352724,0.12936049211372957,-2.2880639365424598,2.158703444436187,-0.9825535677035824,-0.10367043897894562,1.0862240066610478
4.589178356713426,1730.2452233086312,0.9999999889566806,0.8183097816797353,1.3057312270163128,1.9288346743857148,-1.4450645352983518,3.287749993333574,-1.842685458040283,-1.6287490975550651,2.536661399073386,-0.9079123015186652,0.3825389882366902,0.792744496151045,-1.1752834843921807
4.599198396793587,1734.0226894434606,1.0000000155692896,0.8183130684880198,1.3057305602546327,1.9288346345676628,2.9217414516121245,-2.7814888936740982,-0.14025255795045322,2.4914597926047697,-1.7936819890510236,-0.6977778035674009,0.36700933276770287,-1.1719373127114199,0.8049279799321454
4.609218436873747,1737.8001555547428,0.999999994727206,0.8183001874180653,1.305724670856448,1.9288346264345548,-3.256380086478565,1.1879763361857028,2.068403750293209,-2.3803289209325693,0.34961854556257,2.0307103753845555,-0.9731074957173479,1.0930330016710141,-0.11992550597446466
4.619238476953908,1741.577621645963,1.0000000062705534,0.8182892454209262,1.3057192581360557,1.9288348124020274,2.318100914300119,0.8699589454885541,-3.1880598598041763,1.3387067419291068,1.2311666146672748,-2.569873356595331,1.1988125165082075,-0.5868775012199188,-0.6119350153040783
4.629258517034068,1745.3550878059543,1.00000000075191,0.8183153141828524,1.305724595446124,1.92883464136141,-0.4736073228361628,-2.58781884019186,3.0614261631526785,0.22622938246592827,-2.330687621118849,2.1044582386882653,-0.9559138704955706,-0.1487055607197399,1.1046194311954087
4.6392785571142285,1749.1325538908152,0.9999999892829305,0.8183063648548008,1.3057267519847895,1.9288347243882025,-1.5559080244863353,3.2940704414078743,-1.7381624169295429,-1.7026811712925285,2.519113695859097,-0.8164325245664292,0.3393527700292645,0.8261374458712343,-1.1654902159072518
4.649298597194389,1752.9100200266275,1.0000000151274628,0.8183087873303453,1.3057266717345772,1.9288346736592508,2.977253703030772,-2.712740255852316,-0.26451344718421077,2.513565231573969,-1.7228559625720978,-0.790709269007081,0.409847019511134,-1.180638415553691,0.7707913960311296
4.6593186372745485,1756.687486137112,0.9999999942852988,0.8183084690799748,1.3057314929000496,1.9288345221256666,-3.2348332398214095,1.0710198035518794,2.163813436310047,-2.3419822990860486,0.2531863285111059,2.088795970595021,-0.9988706867490589,1.073657934824357,-0.07478724809248433
4.669338677354709,1760.4649522287768,1.0000000067057129,0.8182949532743904,1.3057255467174849,1.9288347465706526,2.227969328710581,0.9893771175993207,-3.2173464463101658,1.254886569454545,1.315521276758286,-2.5704078462105255,1.1974286793279465,-0.5469812847875593,-0.6504473945460231
4.679358717434869,1764.242418388523,0.9999999985944108,0.8183215609061693,1.3057328101151475,1.9288345609783655,-0.350102437407897,-2.663042166283397,3.0131446037778584,0.3227845497764594,-2.369993915165696,2.0472093654268857,-0.9279212368753166,-0.193529298439822,1.1214505353269195
4.68937875751503,1768.0198844730317,0.999999989683361,0.8183027899499491,1.3057220965605267,1.928834773196026,-1.6645412111005937,3.2957102737420927,-1.6311690626378712,-1.7741945236578933,2.4979865363573373,-0.7237920127005889,0.29568395228905453,0.8583557238625209,-1.1540396761457452
4.69939879759519,1771.7973506098053,1.0000000149476165,0.8183044161966273,1.3057223038893986,1.9288347151195182,3.028536070113073,-2.6401363397073787,-0.3883997304061336,2.5321013677621504,-1.6495843018257803,-0.8825170659399046,0.45210364246854895,-1.1876618839396822,0.7355582414718795
4.709418837675351,1775.574816719474,0.9999999932410865,0.8183116883727392,1.3057351481043056,1.9288344897670107,-3.208710575134018,0.952557172298136,2.2561534027788066,-2.3002919025670394,0.15639282602997698,2.1438990764976507,-1.0232077034267613,1.0527544536118114,-0.02954675018532698
4.719438877755511,1779.3522828116222,1.0000000066605683,0.8183012551015596,1.305732310778586,1.928834682112428,2.1346489493667136,1.1073759794260296,-3.242024928793602,1.1692640169558752,1.3979867265811334,-2.567250743537775,1.1943298085683414,-0.5063043798278549,-0.6880254287402696
4.729458917835671,1783.1297489710425,0.9999999965656945,0.8183227843071643,1.305736866275939,1.9288345400873577,-0.22610054913692787,-2.7344649338587748,2.9605654830455075,0.4188705638978393,-2.405896250702142,1.9870256868336142,-0.8985957540605553,-0.23807174716126,1.136667501238421
4.739478957915831,1786.907215055272,0.9999999900388121,0.8183002922109528,1.3057186409311237,1.9288348049044934,-1.770803790491279,3.292660138729861,-1.521856348228725,-1.8431872344275577,2.4733099661234763,-0.6301227316953849,0.25159491019616553,0.8893544289602134,-1.140949339146978
4.749498997995992,1790.6846811929952,1.0000000149729436,0.8183006734343667,1.3057182656203072,1.9288347520234443,3.075510726516454,-2.56377776591167,-0.5117329606051187,2.547041193807783,-1.5739703964075515,-0.9730707974016467,0.49371941928284907,-1.1929985681062099,0.6992791488233867
4.759519038076152,1794.462147301837,0.999999992585463,0.8183120986091579,1.30573543601559,1.9288344853852266,-3.1779833670514157,0.8327233191114737,2.345260047955979,-2.2552975338938652,0.05937965339262727,2.195917880502315,-1.0460692876417224,1.0303350619278888,0.01573422572813704
4.7695390781563125,1798.2396133945238,1.0000000070619466,0.818303322082304,1.3057341056831175,1.9288346696833554,2.038270712791602,1.2238004313228732,-3.2620711441087717,1.081964296560826,1.4784427422068964,-2.560407038769107,1.1895102079027986,-0.4648995749662041,-0.7246106329293345
4.779559118236473,1802.0170795535255,0.999999995020359,0.8183214074550356,1.3057377549568971,1.9288345448936137,-0.10176991906579713,-2.801975845088857,2.9037457640887294,0.5143506181662232,-2.438346940555021,1.9239963223251946,-0.8679776311576919,-0.2822711720485228,1.1502488031820168
4.789579158316633,1805.794545637529,0.999999990230023,0.8183001068780602,1.305717765262066,1.9288348036078589,-1.874535458056365,3.2849106848023513,-1.4103752267511287,-1.90955738338008,2.445114030699672,-0.5355566473178639,0.2071480188997925,0.9190886600383716,-1.126236678942307
4.799599198396794,1809.5720117762005,1.000000015146705,0.8182982774303114,1.3057153658110807,1.928834777445085,3.1180998459775457,-2.48376515518922,-0.6343346907935854,2.5583577023485646,-1.4961176359257933,-1.0622400664202314,0.5346345676571089,-1.1966393183090922,0.6620047506485081
4.809619238476953,1813.3494778842048,0.9999999922726602,0.8183103941682472,1.3057332033187128,1.9288345022047972,-3.1427160566194927,0.7116951408354415,2.4310209157887335,-2.2070792852668766,-0.03771597519745945,2.244795260469093,-1.0674318555173434,1.0064396804582005,0.060992175061432785
4.819639278557114,1817.1269439774767,1.0000000077935725,0.8183023586276427,1.305732291622746,1.9288346937108445,1.938983444581015,1.3384886635117446,-3.2774721080957003,0.993118431113458,1.5567856207829605,-2.549904051903391,1.1829861609670136,-0.4228290675680343,-0.7601570933932239
4.829659318637274,1820.904410135978,0.9999999939034386,0.8183181613619842,1.3057362630504035,1.928834568520249,0.022710841115486657,-2.865493777037945,2.842782935903951,0.6090934646797244,-2.467316189058123,1.858222724354415,-0.836116679774525,-0.326067305416995,1.1621839851832425
4.839679358717435,1824.6818762197965,0.999999990137741,0.8183034692086493,1.305720849744405,1.9288347533980068,-1.9755759091042442,3.2724525603996515,-1.2968766512828502,-1.9732030502949955,2.4134287756506216,-0.4402257253505296,0.16240565359478315,0.9475135159457847,-1.1099191695423922
4.849699398797595,1828.4593423594254,1.0000000154120623,0.8182979466111413,1.3057144133272751,1.9288347844563747,3.156225602156781,-2.400199128197075,-0.7560264739579583,2.566023886003963,-1.416129410001375,-1.1498944760053968,0.5747893052669764,-1.1985749847911447,0.6237856795268542
4.859719438877756,1832.2368084665798,0.9999999922569708,0.8183072694677626,1.3057292966412914,1.9288345334475454,-3.102973084414986,0.5896495338009388,2.513323550579164,-2.1557172484481115,-0.13475684590505493,2.290474094333125,-1.0872718231279714,0.9811082297256555,0.10616359337454004
4.869739478957916,1836.0142745604746,1.0000000087390406,0.8182995690266873,1.3057282288370333,1.928834738619431,1.836935970300921,1.4512788661718696,-3.2882148364888617,0.9028574434589971,1.632911659467801,-2.5357691029244065,1.1747739513635298,-0.38015505507802505,-0.7946188963046561
4.879759519038076,1839.7917407184063,0.9999999931597365,0.8183137772112232,1.305733177577596,1.9288346040904383,0.14716311964656237,-2.9249376068476898,2.777774487221203,0.7029678555314365,-2.492774200526564,1.7898063450349955,-0.8030627116161254,-0.36939987967754395,1.1724625913027393
4.889779559118236,1843.5692068020708,0.9999999896428416,0.8183116144006216,1.305729274502449,1.9288346383662323,-2.073764839094334,3.2552764138030312,-1.1815115747343716,-2.034022314964697,2.3782842465003524,-0.3442619315417593,0.11743018942506112,0.9745840955185816,-1.0920142849368297
4.8997995991983965,1847.3466729426684,1.0000000154650663,0.8183015046425849,1.305717413940811,1.9288347549426548,3.189813523776057,-2.313184898751265,-0.8766286250153157,2.570016553651773,-1.3341102884140106,-1.2359062652395265,0.6141253712998521,-1.1988000644569794,0.5846746931630619
4.909819639278557,1851.124139048966,0.9999999924928781,0.8183034189064596,1.3057245625553435,1.9288345723353093,-3.0588188911469953,0.4667633945881964,2.5920554965331073,-2.101291515404692,-0.23160574467519612,2.3328972600563964,-1.1055656065750934,0.9543806303109054,0.1511849762397499
4.919839679358717,1854.9016051435106,1.0000000097820825,0.8182961575764093,1.3057232775562513,1.9288347888336217,1.7322771155202992,1.5620092294981953,-3.2942863450246036,0.811312356407115,1.7067171554138574,-2.5180295118185345,1.1648898627141637,-0.33693973489106177,-0.8279501278331969
4.929859719438878,1858.679071300817,0.9999999927343176,0.818308986079316,1.3057292853836056,1.9288346447258338,0.27140830489506185,-2.980226211673122,2.7088179067630964,0.7958425427951431,-2.514691179246452,1.7188486364365407,-0.7688655383311004,-0.41220862714941026,1.1810741654641714
4.939879759519038,1862.4565373842986,0.9999999880245646,0.8183154131791875,1.305737811029984,1.9288345829924014,-2.169022652975536,3.2335171645388665,-1.0644945115598214,-2.0919533625625717,2.339757234321054,-0.24780387174352628,0.07229023454467196,1.000274043060109,-1.0725642776171804
4.949899799599198,1866.2340035258587,1.0000000138934073,0.818311593370733,1.3057274632560678,1.9288346639664593,3.2188352391256476,-2.2228712143480935,-0.995964024795272,2.5703338085587073,-1.2501783889001257,-1.320155419659639,0.6525850483270014,-1.1973223742836123,0.5447373259456864
4.959919839679358,1870.0114696313683,0.9999999929345111,0.8182995368749278,1.3057198477810426,1.9288346120883257,-3.0103179175689703,0.3432136197557851,2.6671042978158797,-2.0438821780381335,-0.32812545753816036,2.372007635576999,-1.122289621978981,0.9262968028376942,0.19599281914632827
4.969939879759519,1873.788935726582,1.00000001080641,0.8182933286327767,1.3057187979705696,1.9288348287767894,1.6251557058107293,1.6705179437035624,-3.295673649508651,0.7186141928135233,1.7780984057855425,-2.4967125985908347,1.1533501786235523,-0.29324530441545305,-0.8601048742112429
4.979959919839679,1877.566401883218,0.9999999925719892,0.8183045191117454,1.3057253735019256,1.9288346835476526,0.3952677851654669,-3.0312784685605627,2.636010683373641,0.8875862786339358,-2.5330373295132556,1.645451050860347,-0.7335749715672032,-0.45443328021634044,1.1880082517568293
4.98997995991984,1881.343867966499,0.9999999868606287,0.8183155853429338,1.305741916465532,1.9288345664954916,-2.2611723874616523,3.2071199559468413,-0.9459475685380401,-2.146870296104799,2.297866999318647,-0.1509967032384145,0.027048079244753123,1.0245192680125044,-1.0515673472821105
5.0,1885.121334109212,1.000000015280353,0.8183096721111586,1.3057203135605784,1.9288347200351745,3.243254572064537,-2.129353853804878,-1.1139007182741882,2.566941596127244,-1.1644487166976534,-1.4024928794275908,0.6900988832823818,-1.1940976636822205,0.5039987803825984
