time,pi_cc_d,pi_cc_q,theta_pll,gamma_pll,i_vsc_a,i_vsc_b,i_vsc_c,v_sh_a,v_sh_b,v_sh_c,i_bus_a,i_bus_b,i_bus_c
0.0,0.2489566221772049,0.05087378744520468,-0.042340516845684684,0.0,0.34367531018880804,-0.48798366785066266,0.14430835766185482,1.4591625311561314,-0.8813368539757489,-0.5778256771803819,-1.13301044692981,0.27574761708316825,0.8572628298466413
0.004008016032064128,0.24895662023107248,0.050873789369692425,1.4686454101060984,-0.000011619046991469296,0.38494397890841286,0.08572990993622236,-0.47067388884396677,0.26213926520139386,1.1212715402694466,-1.38341080547084,0.2674126069289304,-1.1305475695821752,0.863134962653914
0.008016032064128256,0.24895661918318696,0.05087379483817747,2.97963199795989,-7.159192114022563e-6,-0.29765573403397494,0.49823235839178986,-0.2005766243571852,-1.4278241590117047,1.015383135635165,0.41244102337653893,1.1649793020853796,-0.41090301594619777,-0.7540762861385529
0.012024048096192383,0.24895661850314976,0.05087379845772258,4.490618551569046,-3.93739507009817e-6,-0.42052830907200184,-0.026166982636267468,0.4466952917088667,-0.4328334257578808,-0.9998840666434161,1.432717492401297,-0.12814119835556384,1.0814247193222317,-0.9532835209660695
0.01603206412825651,0.24895661809775782,0.05087380071492864,6.00160507877808,-1.6494229245488676e-6,0.2473822626996501,-0.5013606424469084,0.253978379747832,1.3760795972890034,-1.1349177293575576,-0.24116186793144395,-1.1802983536210432,0.5401856074213742,0.64011274620024
0.02004008016032064,0.24895661791147525,0.0508738019885447,7.51259158568542,-6.143492926466773e-8,0.4501025255755287,-0.033769923098262024,-0.4163326024767381,0.5973416400744205,0.8642064584073313,-1.461548098481766,-0.012961591252366879,-1.016846399416211,1.0298079906691282
0.024048096192384766,0.24895661782047315,0.05087380251772662,9.023578076876062,1.0021205901016779e-6,-0.19357321866214167,0.49732354060751216,-0.3037503219448499,-1.3046683357309001,1.2382322719489172,0.06643606378198241,1.1787488028004718,-0.6617479818405142,-0.5170008209594376
0.028056112224448895,0.24895661785667988,0.050873802552273896,10.534564556204915,1.6826948872935028e-6,-0.4732439269376552,0.09322417306835182,0.38001975386979914,-0.7533126976489681,-0.716177663532705,1.4694903611816739,0.15387916846510657,0.9377354310902156,-1.0916145995548274
0.03206412825651302,0.2489566179900728,0.05087380224755203,12.045551026469568,2.0832388390239276e-6,0.1369976248635549,-0.4861787330898339,0.34918110822675014,1.2146109653312942,-1.3238502004880144,0.10923923515671126,-1.1603527627265917,0.7738527605943094,0.38650000213278674
0.03607214428857715,0.24895661812885697,0.05087380169878661,13.55653748992524,2.284001285453967e-6,0.48962177424549114,-0.1513461076786915,-0.3382756665663178,0.8985175398145753,0.5579134108205941,-1.4564309506351676,-0.2925975135718437,-0.8452225099988696,1.1378200235711946
0.04008016032064128,0.24895661828181725,0.05087380098786465,15.067523948232326,2.3435051228223994e-6,-0.07846414021892503,0.46808561145868044,-0.3896214712393167,-1.1071946009862919,1.3905479154137446,-0.2833533144274186,1.1253732218323724,-0.8748978375912074,-0.250475384240744
0.044088176352705406,0.24895661846212835,0.05087380020981809,16.57851040262468,2.304388759789599e-6,-0.49900209318661126,0.2073050141054873,0.2916970790816164,-1.0308809638368743,-0.39167556283289057,1.4225565266697708,0.42713416035897434,0.7406298676600496,-1.1677640280185586
0.04809619238476953,0.24895661868494612,0.05087379939543058,18.08949685427049,2.2037941295651905e-6,0.018809186777768952,-0.4433025983036217,0.42449341152628534,0.9839543698286252,-1.4373721177759724,0.45341774794734635,-1.0743099871802135,0.9634389737834946,0.11087101339715358
0.052104208416833664,0.24895661888967024,0.05087379857783436,19.600483303875183,2.0644108060428257e-6,0.501250701949136,-0.26030116312533813,-0.24094953882338552,1.1485112002110527,0.21983995574918438,-1.3683511559602395,-0.5555662416909017,-0.6254522348239241,1.1810184765152398
0.05611222444889779,0.24895661908906977,0.05087379777760226,21.111469751999273,1.9032042860626854e-6,0.04111456278874347,0.4121840012168857,-0.45329856400523627,-0.846651631319605,1.463653646408126,-0.6170020150885195,1.0078929048678953,-1.0382108185185794,0.03031791365107535
0.06012024048096192,0.24895661925638018,0.050873797008400494,22.622456199103326,1.733151515190359e-6,-0.4963355350020874,0.30957712695249684,0.18675840804996688,-1.2497270825598261,-0.04486242185774006,1.2945895044175688,0.6760582876990849,0.5013357391305708,-1.1773940268292822
0.06412825651302605,0.2489566194558864,0.05087379628486658,24.133442645456572,1.561504616090585e-6,-0.1004507224640819,-0.375174476060442,0.4756251985248925,0.6972486335105165,-1.4690167674954622,0.7717681339849423,-0.9270711084117741,1.098144633440468,-0.1710735250283167
0.06813627254509018,0.24895661965039706,0.050873795605725046,25.64442909141905,1.3970149661196595e-6,0.48432682562219376,-0.3544286921926534,-0.12989813342920206,1.333082212889914,-0.13075628151153454,-1.2023259313783834,-0.786888247502376,-0.3700542716853974,1.156942519188117
0.0721442885771543,0.24895661978559513,0.05087379496123374,27.1554155369854,1.2388375007181223e-6,0.1583512331519838,0.3328031338236383,-0.491154366975282,-0.5378807787581011,1.4533851581351784,-0.9155043793770764,0.8329999138579199,-1.1423841350690813,0.3093842212115018
0.07615230460921843,0.24895661994122037,0.050873794375792085,28.666401982440767,1.0930927816980809e-6,-0.4653961537193777,0.39421476981538894,0.07118138390431585,-1.3973849048115101,0.3045062250375511,1.0928786797739622,0.8864720462701787,0.23348397990017145,-1.119956026170026
0.08016032064128256,0.24895662008240002,0.050873793837940204,30.177388427836302,9.598258074938336e-7,-0.21398862634023735,-0.28567536793091797,0.49966399427146085,0.3708255712414784,-1.4169819090765339,1.0461563378350571,-0.7270235506090799,1.1702967812061769,-0.4432732305967849
0.08416833667334668,0.24895662023115933,0.05087379335621854,31.68837487326488,8.40075967623071e-7,0.4398141840561199,-0.4283668409113521,-0.011447343144379393,1.441716584237337,-0.47390424014440446,-0.9678123440929067,-0.9733866336514186,-0.09357681091799164,1.0669634445696572
0.08817635270541081,0.24895662032056295,0.05087379288981113,33.199361318679436,7.314449653223164e-7,0.2665677221331,0.23446481845941447,-0.5010325405922423,-0.1984705862147625,1.360327399870722,-1.1618568136559586,0.6106566958321731,-1.1814837732184746,0.5708270773865736
0.09218436873747494,0.24895662042138125,0.05087379247797376,34.7103477641059,6.33385126637042e-7,-0.4079463723582454,0.4563967189802404,-0.04845034662175511,-1.4654433480243363,0.6365292500215044,0.8289140980028307,1.0463896384740348,-0.04766774748471028,-0.9987218909890799
0.09619238476953906,0.24895662053581796,0.05087379209901587,36.221334209669095,5.478684970648358e-7,-0.31533709538600724,-0.17990324456171608,0.4952403399479417,0.023279093992594785,-1.2842313099168463,1.2609522159242617,-0.48556242456141374,1.1757851383506057,-0.6902227137889838
0.1002004008016032,0.24896808898304112,0.05087379586099618,37.73232053288242,-2.586674572635427e-6,0.37840534877440757,-0.4819627980342405,0.10355744926002795,1.4706192555371647,-0.7912752464177799,-0.679344009119387,-1.1039668655045312,0.18798889886052256,0.915977966644203
0.10420841683366733,0.24901284629314227,0.05088363307259144,39.24350182651195,0.004672319029432667,0.3581144680740868,0.13592162811844738,-0.4940360961923619,0.14980682782066562,1.1912970920436372,-1.3411039198643195,0.3544985064727145,-1.1414022313995535,0.786903724927046
0.10821643286573146,0.24901012371577785,0.05088833255687971,40.75468101336053,0.00879999004670977,-0.34177839752656014,0.4993245021690762,-0.15754610464232138,-1.4504351750563296,0.9303997586167653,0.5200354164395564,1.1323487371356449,-0.3173090552560064,-0.8150396818794597
0.11222444889779558,0.24900750261281507,0.05089063776098536,42.26580729959334,0.011278346688356066,-0.3990360131608568,-0.07633271907195295,0.47536873223076836,-0.3231952105676296,-1.0800121784737011,1.4032073890409804,-0.2192095219581755,1.103354826000105,-0.8841453040418283
0.11623246492985971,0.24900531442172022,0.05089133379573522,43.77689330267199,0.012564398348735677,0.2941160572303215,-0.5085313682714625,0.21441531104084466,1.4118090006963522,-1.0595132081875973,-0.3522957925087762,-1.1585238648223712,0.44913074561451505,0.7093931192075471
0.12024048096192384,0.24900345061141516,0.05089094726415882,45.287949049844,0.01300983643398713,0.4342534208820008,0.015529529478827478,-0.44978295036112015,0.4919706651350886,0.9533580056804651,-1.4453286708155546,0.08077106768943423,-1.0496785120991532,0.9689074444094193
0.12424849699398796,0.24900182936510823,0.050889865177228454,46.798982247399366,0.01287772282886526,-0.24221367612954378,0.5104339413076127,-0.2682202651784107,-1.3530055990178773,1.1734906742909073,0.17951492472695296,1.168178798637649,-0.5745764279663181,-0.593602370671631
0.1282565130260521,0.24900038820803905,0.050888368956903726,48.30999880384686,0.012363362367113887,-0.46324462624952994,0.04550745798346117,0.41773716826571805,-0.6537195463225454,-0.8130744163887771,1.4667939627113404,0.058846778598005384,0.9810096666228584,-1.0398564452212244
0.13226452905811623,0.24899908252345934,0.050886659250623134,49.82100321580124,0.011609920786762934,0.18682888041399456,-0.5050127731481283,0.31818389273218206,1.2748548521690402,-1.2706917661622767,-0.004163086007335448,-1.1611488060029935,0.6918344179979892,0.4693143880061103
0.13627254509018036,0.24899787934454237,0.050884877018749886,51.33199890373789,0.010721369590971253,0.48559991049576684,-0.10589708729911328,-0.3797028231951084,0.8061296800305832,0.6611690519661491,-1.46729873199669,-0.19764233589548402,-0.8983222334766682,1.0959645693733848
0.1402805611222445,0.24899675385208242,0.05088311825449071,52.842988438765175,0.009771608640741872,-0.12876733845422556,0.49236109202192885,-0.3635937535665025,-1.1784890681989346,1.3497395342611056,-0.17125046606218705,1.1375353757471727,-0.799224595143833,-0.3383107806020996
0.1442885771543086,0.2489956894606187,0.05088144578528526,54.35397374894522,0.008812227666711438,-0.5010016685489717,0.16477146244201055,0.33623020610837173,-0.947017649265766,-0.4998098607885815,1.4468275100543506,0.3336260051245836,0.8027896798450771,-1.1364156849682958
0.14829659318637273,0.24899467311135975,0.05087989776098285,55.86495626479904,0.00787809057808753,0.06886333649490871,-0.4726619114048769,0.4037985749113156,1.0652734958324142,-1.4094906537484875,0.34421715791606133,-1.097661325917556,0.8951998974909038,0.20246142842800452
0.15230460921843686,0.24899369893761628,0.05087849566220045,57.37593703055457,0.00699156355574265,0.5092356012324865,-0.2212867185568277,-0.28794888267464935,1.0743703410206544,0.331305783632693,-1.4056761246533915,-0.4648502175577274,-0.6957779394909466,1.1606281570497556
0.156312625250501,0.2489927605104734,0.05087724857570964,58.886916811251965,0.006166254945871297,-0.007974382393315878,0.4462008889251805,-0.4382265065303115,-0.936835016167015,1.449100739577563,-0.5122657234103549,1.0420994436572328,-0.9783865150947453,-0.06371292856132574
0.16032064128256512,0.2489918519922013,0.0508761554257541,60.39789614674858,0.005409133027815844,-0.5101859466372575,0.27463531506227545,0.23555063157661188,-1.1863682923444359,-0.15806710132125176,1.344435393665571,0.5894360005056847,0.5788184773636812,-1.1682544778676678
0.16432865731462926,0.24899097428129707,0.05087521183629671,61.908875415498834,0.004722672472842711,-0.053025160465071816,-0.41336048783032714,0.46638564829697726,0.79500420569913,-1.4679957188538642,0.6729915131547435,-0.9716392885709789,1.0475908405522332,-0.07595155197967361
0.16833667334669336,0.24899012425772912,0.05087440826343617,63.41985487319813,0.004106196689475833,0.5038409171294757,-0.3240552221110496,-0.17978569501661262,1.2814104673110327,-0.01743089754691597,-1.263979569764136,-0.7056000583500696,-0.4535824410141128,1.159182499366136
0.1723446893787575,0.24898930146089213,0.050873733523542686,64.93083468428391,0.0035569299689205795,0.11326437161939422,0.37461202669324456,-0.4878763983106545,-0.641812422634669,1.4659119472288888,-0.8240995245942259,0.8872906280999484,-1.101824269243764,0.21453364114579465
0.17635270541082163,0.24898850531435152,0.050873175362883744,66.44181494932812,0.0030708472428765793,-0.4902946331347043,0.3688407257993875,0.12145390733722336,-1.3581392638847947,0.19267990303168048,1.1654593608531019,0.8116817823862177,0.3218605544353259,-1.1335423368196291
0.18036072144288576,0.24898773608207905,0.05087272147721218,67.95279571496798,0.0026430243858007615,-0.17188211546832047,-0.3305100193257805,0.5023921347959456,0.47944782993422863,-1.4428771519762214,0.9634293220419935,-0.7902580844092227,1.1403098024534457,-0.3500517180423812
0.1843687374749499,0.2489869932479897,0.05087235959280277,69.46377700433749,0.002268449840606305,0.4697389414283943,-0.408351659958316,-0.06138728146831218,1.4154562709214766,-0.36517462168567005,-1.0502816492358142,-0.9061626534386498,-0.18553644687168502,1.091699100312106
0.18837675350701402,0.24898627683613223,0.05087207815227037,70.97475881073605,0.0019418851937392377,0.22804089590918025,0.28168538636659807,-0.5097262822740564,-0.3102310883446231,1.399220679862503,-1.0889895915178769,0.6819288279649295,-1.1624969058354813,0.4805680778722526
0.19238476953907813,0.24898558674845692,0.05087186639557612,72.48574111397204,0.001658270267847172,-0.4424705788132644,0.44202481319615217,0.00044576561872878423,-1.4525439946321905,0.5324502823058497,0.920093712326334,0.9876927949399381,0.04655880531606428,-1.0342516002543856
0.19639278557114226,0.2489849228198802,0.05087171447048219,73.99672388428323,0.0014128006405858616,-0.2809384669015966,-0.22883620114736575,0.5097746680504851,0.13658065328151459,-1.3355665380903083,1.1989858848087946,-0.5638515335369181,1.1680682924953205,-0.6042167589568971
0.2004008016032064,0.2489371777927637,0.050871372954118414,75.50771168687156,0.0013157293096764356,0.38398744609231045,-0.4586354468799605,0.07464800078909474,1.4559702202986886,-0.6860804169890465,-0.7698898033096336,-1.060601735642566,0.09579357671729441,0.9648081589267052
0.20440881763527052,0.24887140764596502,0.05085121132756162,77.01827641048695,-0.00889164028550059,0.3349399700596847,0.1455877048766447,-0.4805276749341587,0.04390047550913726,1.2501765532094025,-1.294077028718202,0.4379591442576722,-1.1819132750311783,0.7439541307751726
0.20841683366733466,0.24887640060957297,0.050842161816434986,78.52888169714184,-0.01708772925794725,-0.34057053683454935,0.4785092588310694,-0.13793872199472818,-1.4637504571839197,0.8458998445158002,0.6178506126681135,1.136345199305527,-0.24720957190263756,-0.889135627401093
0.2124248496993988,0.24888102423016914,0.050837800418810725,80.03959147035468,-0.02202201539790941,-0.3755444483521726,-0.08816988675275303,0.46371433510624194,-0.2189327789800244,-1.149084908125716,1.3680176871057423,-0.30193626145268126,1.1525363595514466,-0.8506000980974591
0.21643286573146292,0.24888481903769263,0.05083660235212241,81.55038078275537,-0.024598198753452937,0.2955782271340947,-0.48887410812014687,0.19329588098547817,1.4375532077890947,-0.9832728238895423,-0.4542803838997019,-1.1725153269960487,0.38517327628563125,0.7873420507099708
0.22044088176352702,0.24888799541919782,0.05083752987332748,83.06122986058688,-0.0255104717922374,0.41076043588983097,0.02973546698682889,-0.44049590287608636,0.39079965174175957,1.0315136853233962,-1.42231333706516,0.16163254430572446,-1.1064576058795794,0.9448250615744103
0.22444889779559116,0.24889071657468442,0.05083982140763728,84.57212349430074,-0.025278490224481344,-0.24644137358551355,0.4923305072818651,-0.2458891336966858,-1.3908176414504907,1.1065851169968097,0.2842325244531916,1.1918541475250888,-0.5175451221322872,-0.6743090253933901
0.2284569138276553,0.24889310365873837,0.05084292361371161,86.08305003126335,-0.02428792751389046,-0.4401473208435179,0.029094925474148575,0.4110523953694561,-0.5570717888831811,-0.8992114212846516,1.456283210167846,-0.019070246411042574,1.0445471001260422,-1.0254768537149415
0.23246492985971942,0.24889524428161303,0.05084643970457642,87.59400058247417,-0.022822103071600507,0.19382314489781358,-0.48880338867940715,0.29498024378167786,1.3242109962346649,-1.2140800373999265,-0.11013095883473667,-1.1941241215014897,0.6424643627583905,0.5516597587431726
0.23647294589178355,0.24889720670127713,0.05085009460513429,89.1049684086356,-0.021086229750444697,0.4632764883173756,-0.08750130323946781,-0.37577518507895113,0.7153777825780632,0.7540650176529793,-1.4694428002309503,-0.12372679789857363,-0.9677069083068107,1.091433706204253
0.24048096192384769,0.24889903492712853,0.050853697896183284,90.61594842538621,-0.019226740091781654,-0.13845419070208315,0.47832429234010393,-0.33987010163929826,-1.2386845004167553,1.3042228939822489,-0.06553839356550503,1.1793134081336065,-0.7581667529334397,-0.4211466552014307
0.2444889779559118,0.24890076235182207,0.050857126142929275,92.12693682454874,-0.017345786836638545,-0.4798087427851346,0.14465913184929705,0.33514961093462375,-0.8634579717606496,-0.598146068463207,1.4616040402238524,0.26472933105597113,0.8770428012944778,-1.141772132351658
0.24849699398797592,0.24890241178915384,0.05086030347580708,93.63793078050082,-0.015512463487708742,0.0811124998164056,-0.46102979786416737,0.37991729804660745,1.135457990343515,-1.375727223674243,0.24026923333073202,-1.1476451790652744,0.8630136157355468,0.2846315633285686
0.25250501002004005,0.248903998732691,0.050863188509040515,95.1489282171303,-0.013771486705072658,0.48950019229334735,-0.19975576611886642,-0.2897444261764966,0.9991972246968877,0.4336810266905833,-1.4328782513874612,-0.40193109646882097,-0.7738529865017385,1.1757840829685569
0.2565130260521042,0.24890553330067625,0.05086576401706284,96.65992763112148,-0.012149714715688273,-0.02261130083401043,0.4371581961369259,-0.414546895304497,-1.0160059499681022,1.4275712293731213,-0.41156527940502413,1.09957753107235,-0.9555159376644252,-0.14406159340951163
0.2605210420841683,0.24890702302230397,0.050868030177024987,98.17092794591404,-0.010661317686553207,-0.4922076372133277,0.252005558343418,0.2402020788683912,-1.1206589895508454,-0.26301958381360246,1.383678573364429,0.5333784657672831,0.6596129257782658,-1.1929913915470558
0.26452905811623245,0.24890846803954148,0.050869997006201,99.68192841632069,-0.009311251181332891,-0.036216733992017094,-0.407044073770908,0.4432608077616373,0.8820344526160967,-1.4590135407326636,0.5769790881166157,-1.035799668046423,1.0343574171256438,0.001442250919484217
0.2685370741482966,0.24890987379841453,0.050871683449910075,101.19292853295931,-0.008098401402511564,0.4878859324675552,-0.3006595569095723,-0.18722637555921368,1.2261011331513918,0.08859875698863837,-1.3146998901400224,-0.6571959592972098,-0.5359518055718315,1.1931477648678122
0.2725450901803607,0.24891124043766788,0.050873111232208265,102.70392796930277,-0.0070174219238730035,0.09453165776609229,0.37111566108675537,-0.4656473188540107,-0.7354586255554997,1.4696067401684325,-0.7341481146129409,0.9572241784527008,-1.0984157984396115,0.14119161998575064
0.27655310621242485,0.24891256820018845,0.050874305166747125,104.21492652464961,-0.006060493746765435,-0.47659579879080916,0.34502366351933794,0.1315721352703367,-1.314024440437293,0.08708823617823121,1.2269362042590546,0.7716185769963894,0.4046379213340073,-1.176256498331525
0.280561122244489,0.24891385444679842,0.050875288602614456,105.72592409657614,-0.005218213313491923,-0.15150056979176116,-0.3298814087752868,0.4813819785659622,0.5783709170113447,-1.4591953105738318,0.8808243935624892,-0.8649726899948973,1.1467757015054867,-0.28180301151166937
0.28456913827655306,0.24891510132510078,0.05087608694355349,107.23692065172538,-0.004480428315418587,0.4584959415973887,-0.3844609172105885,-0.07403502438780413,1.3831666648939136,-0.2615305401173371,-1.1216361247765703,-0.8750124802000577,-0.26754526658105776,1.142557746780105
0.2885771543086172,0.24891630746203075,0.050876722603600655,108.74791619360236,-0.0038370838471399916,0.20630843792615494,0.2839321846225414,-0.4902406225496508,-0.41301754729518764,1.4279303484994077,-1.0149128012042228,0.7603636537021945,-1.178748604103875,0.41838495040073015
0.2925851703406813,0.24891747248841148,0.05087721698737858,110.25891076239668,-0.003278216599408375,-0.43384333448292506,0.4184073048349089,0.015436029647093896,-1.4325420652340835,0.4322356124783756,1.0003064527557002,0.9659011213557048,0.12663232419305998,-1.0925334455496765
0.29659318637274545,0.24891859617416395,0.05087758965770475,111.76990441561968,-0.002794401023689543,-0.25817155479350384,-0.2339227577623522,0.492094312554985,0.24176121809897355,-1.3762581510086938,1.134496932909725,-0.6448913359216133,1.1938775225061797,-0.5489861865854534
0.3006012024048096,0.24898190066932607,0.050878835082545246,113.28088722088866,-0.0026257838332143023,0.4267834747505314,-0.453921913982434,0.027138439231075964,1.4759391922495204,-0.6023332620981767,-0.8736059301513067,-1.0320211865129905,0.011108567305635739,1.020912619206512
0.3046092184368737,0.24903280778899597,0.05089894362793009,114.79232283377769,0.008330713503395074,0.29911818334253576,0.20838384550276043,-0.5075020288450552,-0.07192218691316454,1.3072203573183776,-1.235298170405222,0.5178283855985918,-1.1659659626942984,0.6481375770962206
0.30861723446893785,0.24902816155743232,0.05090787258538989,116.30368784181448,0.016518552383775725,-0.3949189374251829,0.4774584993622991,-0.08253956193676884,-1.4695472419834543,0.7485494484166851,0.7209977935667637,1.0762199405953896,-0.14461937915578774,-0.9316005614392493
0.312625250501002,0.24902398150381996,0.05091215020485814,117.81494910643046,0.021463124222813247,-0.34641252960216046,-0.1515095658161242,0.49792209541797783,-0.1037094699577168,-1.217721146289068,1.3214306162464933,-0.38930168271516435,1.148493375468064,-0.7591916927538107
0.3166332665330661,0.24902060300103404,0.05091327828712608,119.32613149986311,0.024064463260584326,0.3536128669156655,-0.49573258416015664,0.14211971724454098,1.4571696393742612,-0.8941214355027529,-0.5630482038716976,-1.1226723882435565,0.2817517337311066,0.8409206545122917
0.32064128256513025,0.2490178168613941,0.050912288546011215,120.83725461914223,0.02501114958898451,0.38879110588249394,0.09225225298323268,-0.48104335886696475,0.2779006394722053,1.1108514902565252,-1.3887521297288294,0.2552053338849097,-1.1148244914428436,0.859619157557552
0.3246492985971944,0.249015462535436,0.05090993882069887,122.34833353874583,0.0248187504050741,-0.30717386685057735,0.5068559445116888,-0.19968207766224783,-1.4239616862812479,1.026923658884767,0.3970380273964357,1.1531553171869633,-0.4149327502337343,-0.7382225669543818
0.3286573146292585,0.2490134193929067,0.050906779228513874,123.85937979435042,0.023869633274818586,-0.42558064483510233,-0.0316421871684725,0.4572228320016557,-0.4481288778721724,-0.9880967635566589,1.4362256414286887,-0.11742168721343041,1.0652496377305467,-0.9478279505191256
0.33266533066132264,0.24901160523846286,0.05090320559353954,125.3704022343932,0.02244601834750014,0.2563020515213703,-0.5106889047735786,0.2543868532504472,1.3703975238033723,-1.14505281209075,-0.22534471171267112,-1.167195864713767,0.5422344268663158,0.6249614378455866
0.3366733466933867,0.24900995320738756,0.05089949363236664,126.8814075072508,0.020750919331814215,0.4562650914147121,-0.029435146375937707,-0.4268299450159184,0.6119594911088424,0.8512123258865884,-1.4631718169919916,-0.022073749389563135,-1.0004559205946144,1.0225296700095856
0.34068136272545085,0.2490084191284526,0.05089583180081873,128.39240066449514,0.018930090530898353,-0.20174606232382652,0.5071918440147312,-0.3054457816618754,-1.297243692046315,1.2468179280036973,0.050425764042668075,1.1645723764662086,-0.661819288655414,-0.5027530877818294
0.344689378757515,0.24900697130723906,0.0508923436086746,129.90338548100843,0.01708509808392569,-0.48040562279061516,0.09009236234297036,0.39031326047528503,-0.7670453094471286,-0.702158969733953,1.4692042791810946,0.16127658349903243,0.9213618346885218,-1.0826384181599256
0.3486973947895791,0.2490055878976473,0.0508891050037232,131.41436475954535,0.015284750421505585,0.14429826161222564,-0.4964260903342042,0.35212782874832094,1.2055467666872197,-1.3307633005205475,0.12521653383331882,-1.1453105547364242,0.771965453379745,0.3733451013830319
0.35270541082164325,0.2490042542568633,0.05088615771621024,132.92534056013986,0.01357366846513545,0.49766460789416606,-0.1494580927898982,-0.3482065150785819,0.9111689625760123,0.5430679019792646,-1.4542368645552755,-0.2981907393133921,-0.8290932466805576,1.1272839860196544
0.3567134268537074,0.24900296152778004,0.0508835189507247,134.4363143750422,0.011978740779470014,-0.0847862239438589,0.4785530154066532,-0.39376679143830007,-1.096618640726855,1.395689170030967,-0.2990705293040841,1.1096792440435164,-0.8710895926087794,-0.23858965141027552
0.3607214428857715,0.24900170336475477,0.05088118984555967,135.94728727210753,0.010514221639173003,-0.5077992626360719,0.20668210473876242,0.3011171579206009,-1.0422695699745512,-0.37621360348034927,1.4184831734549377,0.43085295320920924,0.7249671526982387,-1.155820105883913
0.36472945891783565,0.2490004760327309,0.050879159000661235,137.458259996487,0.009185349937512693,0.024064622626995137,-0.45383356773947725,0.4297689451348829,0.9720145626938945,-1.4406644575024259,0.46864989480851754,-1.0581839380850133,0.9577688589755684,0.1004150791318602
0.3687374749498998,0.24899927819670928,0.05087740875016034,138.9692330492744,0.007991071575547595,0.5106722243645372,-0.26094580394223976,-0.2497264204008279,1.1584754924545377,0.20398268933180175,-1.3624581817864891,-0.5573658621154844,-0.6104748167807869,1.167840678917855
0.3727454909819639,0.2489981114951534,0.05087591797131357,140.4802067608991,0.006926383399102273,0.03699677044440258,0.4226272140105494,-0.45962398443446423,-0.8335213065144872,1.4650543146801147,-0.6315330081656053,0.9915641231931457,-1.0307649579044584,0.03920083473179409
0.37675350701402804,0.24899697421634012,0.0508746622232919,141.99118132599145,0.005983536624328464,-0.5062406524513969,0.3114751489524803,0.19476550351856534,-1.2581245059137898,-0.028835924290832076,1.286960430204657,0.6759153576201696,0.4872516176344272,-1.163166975235075
0.3807615230460922,0.2489958669768173,0.05087361711390626,143.50215685170826,0.005153446942462016,-0.09752534068103613,-0.38537804611828147,0.4829033868179754,0.6831118651440049,-1.468499742385914,0.7853878772419098,-0.9107655172561173,1.0890263299880005,-0.17826081271323166
0.38476953907815625,0.24899479189729368,0.05087275899956167,145.01313337814344,0.004426309652417697,0.4945721260489756,-0.35754751121690426,-0.13702461481430137,1.3397887342045278,-0.1467228805785617,-1.1930658536259846,-0.7848060157971314,-0.3570590049228672,1.1418650207377816
0.3887775551102204,0.24899374921423476,0.05087206495271152,146.5241108953333,0.003792066192380884,0.1566563312614418,0.3426230021147511,-0.4992793333592611,-0.5229404791254308,1.4509590175087705,-0.9280185383833185,0.8169471005592225,-1.1317232171054774,0.31477611656316595
0.3927855711422845,0.2489927396595702,0.05087151376230804,148.0350893671348,0.0032409931004202404,-0.47583459100349085,0.3985066288057791,0.07732796221386039,-1.40230590312575,0.3201844991139347,1.0821214040118492,0.8824808942878338,0.22176055496836186,-1.1042414492400752
0.39679358717434865,0.24899176384881794,0.050871085969721244,149.54606873762674,0.0027638273224908872,-0.2135449070108012,-0.2949724057719307,0.5085173127981273,0.3552953333762,-1.4126808456974478,1.0573855123212503,-0.7114495452960786,1.1582436349770062,-0.4467940896655306
0.4008016032064128,0.24891626280138235,0.05086811409585306,151.0570594085752,0.002611161091494444,0.4307379285887016,-0.4314047248668653,0.0006667962928318242,1.4341840643056258,-0.48722800963766966,-0.9469560546679789,-0.9841220981421323,-0.07667458933882089,1.0607966874956445
0.4048096192384769,0.24887804957751836,0.050849076608987714,152.5675748815517,-0.008833697098884067,0.2767524078651478,0.2147227025971729,-0.4914751104479632,-0.1777203855820851,1.3522511706536502,-1.1745307850714752,0.6003409903334163,-1.1950697794134775,0.5947287890943734
0.40881763527054105,0.2488828883393377,0.050840423603815625,154.07818869232233,-0.016832791006837017,-0.39028043061940565,0.4554526816269038,-0.065172250993723,-1.4668943305500515,0.6553587950248261,0.8115355355253114,1.0675974778473845,-0.06836176141346301,-0.9992357164202428
0.4128256513026052,0.248887146436425,0.05083631243381741,155.5889049250573,-0.021638139687224722,-0.3233022360036337,-0.16011855797105196,0.4834207939878123,0.002314054419387734,-1.273910977328489,1.2715969229091473,-0.47258061105831,1.1870743497612448,-0.7144937386903706
0.4168336673346693,0.24889060607544744,0.0508352812555361,157.09969887090196,-0.02414101680466796,0.35151386064983997,-0.47442527720256006,0.12291141656344876,1.4671500739216679,-0.8076588513971,-0.6594912225245741,-1.1241908649363062,0.21045239864737333,0.9137384662999943
0.42084168336673344,0.24889347463517794,0.050836317621513104,158.6105512062235,-0.02501962654076514,0.36521743859318606,0.10339044000104103,-0.4686078785809522,0.1730939889486484,1.1773349408351002,-1.3504289297829948,0.33806359598941416,-1.161905101115338,0.823841505136987
0.4248496993987976,0.24889591088852153,0.050838678031594,160.12144706797548,-0.02478162022750726,-0.30780706544133785,0.48668609774424654,-0.17887903229123933,-1.4464425466534676,0.9484067944214467,0.4980357522320607,1.1646378022295463,-0.34945650316550975,-0.8151812990524071
0.4288577154308617,0.24889803255850795,0.05084182243944193,161.63237506950088,-0.023803723022079205,-0.4019442459652139,-0.04522252900994418,0.44716677498619484,-0.3460179945983357,-1.0639424629359506,1.4099604575343032,-0.19875688891481255,1.1201013754361584,-0.9213444865103149
0.43286573146292584,0.24889992603212954,0.05084536470066781,163.1433265270303,-0.022362580180789085,0.2597464467669878,-0.49203959147157855,0.2322931447141014,1.4050677827004172,-1.0755963664287245,-0.32947141627172366,-1.1883989358509177,0.4834132720549099,0.7049856638060159
0.4368737474949899,0.24890165400337386,0.0508490343812078,164.65429485262638,-0.020658710541863214,0.4329537291698569,-0.013577146492050439,-0.4193765826685456,0.5139914798086722,0.9353509111948222,-1.4493423910036185,0.05664247377892106,-1.0622811435919253,1.0056386698225606
0.44088176352705405,0.24890326134479288,0.05085264736317486,166.1652750787817,-0.01883505063530481,-0.20799617620029265,0.49039332656667545,-0.2823971503577704,-1.3436160629732412,1.1874125572704206,0.1562035057028495,1.195156726206296,-0.610427138968742,-0.5847295872289728
0.4448897795591182,0.2489047796554657,0.05085608333502475,167.6762634866575,-0.01699127009712929,-0.45779687143538916,0.07218043720801087,0.385616434236541,-0.6746166828617042,-0.7933956999449361,1.468012382806637,0.08625736985676934,0.9892807965928803,-1.0755381664405546
0.4488977955911823,0.24890623071767617,0.050859268612404696,169.18725731605088,-0.015194782020136783,0.1532825890580133,-0.48175905588794327,0.3284764668384259,1.2629645690611822,-1.2822586532711095,0.01929408420990647,-1.1848270231787925,0.7286961513767272,0.45613087181058726
0.45290581162324645,0.2489076285042588,0.05086216272885864,170.69825453982045,-0.013489172674834666,0.4761127920661827,-0.12975520348108563,-0.3463575885770016,0.8255989554946512,0.640103027680456,-1.4657019831751195,-0.2279078423133291,-0.9021468322779672,1.1300546745994038
0.4569138276553106,0.24890898470716674,0.05086475051916321,172.20925368631765,-0.011900691079980668,-0.09637985177582084,0.46625130558555644,-0.3698714538019852,-1.164264985223769,1.3587796690664447,-0.1945146838426406,1.157563783684273,-0.8365386917449806,-0.321025091931583
0.4609218436873747,0.24891030156894864,0.05086703076699871,173.72025371231757,-0.010442912380783409,-0.4876338244580321,0.18548149562125893,0.3021523288441861,-0.9647808232448829,-0.47766403715529687,1.4424448604002111,0.36628928303460945,0.8021269606105728,-1.168416243637791
0.46492985971943884,0.2489115851304448,0.05086901513442851,175.2312538830336,-0.009120797758345265,0.03809862427122451,-0.4440869299020879,0.4059883056376907,1.048924931783512,-1.415879086057278,0.3669541542737247,-1.1137584197150043,0.9324187324886932,0.18133968723312965
0.468937875751503,0.24891283640488518,0.0508707213029572,176.74225370181057,-0.0079331900937837,0.4921950677838375,-0.23856300981073628,-0.2536320579664379,1.0901779727054146,0.30840028895267435,-1.3985782616579485,-0.4994304940989165,-0.6906516637921967,1.190082157897959
0.4729458917835671,0.2489140560421207,0.05087217194566266,178.2532528514208,-0.006874784113162097,0.02073122882753175,0.4155789530671171,-0.4363101818881399,-0.918599159600253,1.4527496163064924,-0.5341504567062136,1.0540434496876665,-1.0149730742531884,-0.03907037542799194
0.47695390781563124,0.24891524230174206,0.05087338990431247,179.76425114050375,-0.005937790390399857,-0.4897243098412727,0.28824039004159746,0.2014839198058818,-1.1999939283699184,-0.13472869270929527,1.3347226210792433,0.625429516616237,0.5693111309532897,-1.194740647563353
0.48096192384769537,0.2489163947477926,0.050874399549767135,181.2752484670652,-0.00511304064992932,-0.07926788352895234,-0.3811331237434964,0.4604010072783433,0.7751427738887158,-1.4688549103081785,0.69371213641945,-0.9792665762427792,1.083020384259156,-0.1037538080104637
0.4849699398797595,0.24891751405520923,0.05087522539031722,182.786244794078,-0.004390704832942002,0.48025799014739107,-0.3338025511641113,-0.14645543897765964,1.292659312695817,-0.040868736102068134,-1.251790576593771,-0.7424887070737112,-0.43983772736798077,1.1823264344473323
0.4889779559118236,0.24891859878281983,0.050875889629457854,184.2972401304401,-0.0037607997984695995,0.13667605434554314,0.3412389616127681,-0.47791501595293956,-0.6206091026630601,1.4639693843780057,-0.8433602817149268,0.8904989451453994,-1.1355909675363998,0.24509202239634936
0.4929859719438877,0.2489196482033253,0.050876413330639976,185.8082345142964,-0.003213601373253728,-0.46392833407397943,0.37459795511015176,0.08933037896895726,-1.366851697429328,0.21588231659781948,1.1509693808315427,0.8489360582053274,0.3040821572549167,-1.1530182154551518
0.49699398797595185,0.24892066187799172,0.05087681578305467,187.31922800202557,-0.0027398798027659607,-0.1921343483925408,-0.2964664731301871,0.4886008215275985,0.45720578497132264,-1.4381615608688245,0.9809557758974939,-0.7890079902247928,1.1719338155826198,-0.3829258253529473
0.501002004008016,0.2490050678910086,0.05088217459985667,188.83022615707898,-0.00219060101698327,0.4580102379029409,-0.40871840890660915,-0.04929182899200738,1.4256828464071252,-0.38495619962242184,-1.0407266467847294,-0.923226973222767,-0.1704049388412429,1.0936319120685438
0.5050100200400801,0.2490341941046956,0.0508994316978515,190.34169051780069,0.0093652657243685,0.2334490383713973,0.2762120060266063,-0.5096610443937496,-0.2920800732772767,1.3934289924980947,-1.10134891922081,0.6695821335088543,-1.1639524108678578,0.49437027736324685
0.5090180360721442,0.2490293486759634,0.05090781152970943,191.85304355167082,0.017170002032239503,-0.43910111566520954,0.4448844846946809,-0.0057833690253870085,-1.4551998945479863,0.5496496439037122,0.905550250644306,0.9955506811299062,0.03153342574387884,-1.027084106869732
0.5130260521042084,0.24902517644662167,0.050911738140952165,193.36429549060762,0.021831136234252292,-0.28603293354763915,-0.22316715488939562,0.5092000884409675,0.11813983936483251,-1.3277015427801113,1.2095617034151767,-0.5506622930433187,1.1675478644236532,-0.6168855713762814
0.5170340681362725,0.2490217871120246,0.05091263656066098,194.87547085101508,0.02423048112163151,0.40502552545313114,-0.4717139595871095,0.06668843413743471,1.4693405085554148,-0.708365869672589,-0.7609746388828696,-1.0612774451363742,0.10788418151575038,0.9533932636241339
0.5210420841683366,0.2490189752913061,0.050911505968517075,196.38658870316402,0.025036348147549032,0.3345441369410696,0.16679771013765116,-0.5013418470755818,0.0575043726993682,1.2430371883824693,-1.3005415610818292,0.4238936296936702,-1.1546462197487901,0.730752590058295
0.5250501002004008,0.24901658511634717,0.050909079934728006,197.89766371136557,0.024748734953641348,-0.3650811895887269,0.4917460136793954,-0.1266648240867867,-1.462478524516294,0.8569681879669463,0.6055103365493428,1.1119149469357585,-0.24582644545532795,-0.8660885014764901
0.5290581162324649,0.2490145013924966,0.05090589095959603,199.40870710605677,0.023738452188609746,-0.378252744859309,-0.10800272661702584,0.48625547148082365,-0.23233678219963474,-1.140599121595215,1.3729359037952928,-0.2910351411643481,1.12527662528813,-0.8342414841194181
0.533066132264529,0.2490126397617209,0.05090231943860037,200.91972744856326,0.022277596363091682,0.319873986015029,-0.5047083562209315,0.18483437021038274,1.4347110883886043,-0.9933273144817987,-0.4413837739068317,-1.1467031825005785,0.380302244646382,0.7664009378587008
0.5370741482965932,0.24901093913551575,0.05089863146739626,202.43073123108704,0.02056320540457712,0.4165338090771831,0.047646325736724976,-0.46418013480931003,0.40385404627408567,1.021853852648834,-1.4257078989229512,0.15398995225140744,-1.0798370480654846,0.9258470958187289
0.5410821643286573,0.24900935582652578,0.0508950078792826,203.94172334656398,0.01873556922342882,-0.27007158244143054,0.510428102785428,-0.24035652033949068,-1.3864355410981202,1.115491508844902,0.27094403225325026,1.1651235107077036,-0.5093742101511651,-0.6557493005520605
0.5450901803607214,0.24900785914582058,0.05089156655106091,205.4527074558957,0.016892358180335847,-0.44884332892513995,0.013395834808317818,0.43544749412131534,-0.5696020344308541,-0.8885004702726055,1.4581025047034761,-0.014722644355421574,1.0189656071318187,-1.0042429627719232
0.5490981963927856,0.2490064279603856,0.05088837935863498,206.9636862744873,0.015099488577412412,0.21639878410530727,-0.5088333241352954,0.2924345400342513,1.318342579740304,-1.2217133207332602,-0.09662925900706748,-1.1669001620894002,0.6311862102578646,0.5357139518358264
0.5531062124248497,0.24900504854659286,0.05088548496519928,208.47466179336092,0.013399397123069248,0.47472474266847536,-0.07424486593528411,-0.400479876729126,0.72721210413214,0.7424483551478993,-1.469660459280048,-0.12477074863256013,-0.9435292888215449,1.068300037458169
0.5571142284569138,0.24900371061662438,0.05088289910970237,209.98563546020728,0.011817582354973558,-0.15962999557015034,0.4999537722463153,-0.34032377667227687,-1.2314058591739216,1.3104735949451056,-0.07906773577116166,1.152000764185808,-0.7439890928491308,-0.40801167133281896
0.561122244488978,0.2490024102372547,0.05088062062544852,211.4966082999289,0.010367078475915148,-0.493810095790497,0.13402825231804383,0.359781843476177,-0.8744276007023267,-0.5857816158013662,1.460209216503721,0.26249187059811796,0.8545997816059847,-1.117091652200416
0.565130260521042,0.24900114216095234,0.050878637933914186,213.00758102964284,0.009052371637155698,0.10058217464182102,-0.4839243937369676,0.38334221909880684,1.12687103036984,-1.3805068746489875,0.2536358442791202,-1.120636840811552,0.8461672680039797,0.274469572811252
0.5691382765531061,0.24899990796852325,0.050876933672496134,214.51855413015733,0.007871911460563655,0.5058302604551278,-0.19189080429475772,-0.3139394561564734,1.0091453904160912,0.4207419895835912,-1.4298873799995933,-0.39646811581202457,-0.7534500711068303,1.1499181869225537
0.5731462925851702,0.24899870304197216,0.05087548446533385,216.02952790886283,0.00682015366144393,-0.04009820674773257,0.46097177392256844,-0.42087356717123003,-1.0062302782375265,1.4308077784453737,-0.42457750020781987,1.0732520960742473,-0.9362533698202724,-0.13699872625040835
0.5771543086172344,0.24899753155277232,0.05087426688274465,217.54050257139164,0.005889749373920904,-0.510616102187121,0.24700481394986604,0.2636112882406937,-1.1294369822888288,-0.24968838178641253,1.3791253640752668,0.5247815865022398,0.6415251743563015,-1.1663067608551256
0.5811623246492985,0.24899639357896242,0.050873257099024134,219.05147819482005,0.005070930764908296,-0.020955378960584217,-0.43143138587340946,0.45238676483725004,0.8712036200530706,-1.4606564396744457,0.5894528196213571,-1.0105220549817264,1.0129581708212076,-0.002436115836204955
0.5851703406813626,0.24899528937848758,0.05087243148566423,220.56245481821418,0.004353967470205288,0.5081027200611982,-0.2985851287921496,-0.2095175912659425,1.2335916255629824,0.0750676394342537,-1.3086592649972515,-0.6455981131129847,-0.520429783724003,1.166027896840102
0.5891783567134268,0.248994217844024,0.05087176612749831,222.07343243273039,0.0037289336155895943,0.0817053141551586,0.39572487511807347,-0.47743018927027026,-0.7237280971467195,1.4696306060945532,-0.7459025089478175,0.933347277780413,-1.0751859190328865,0.1418386412554185
0.5931863727454909,0.24899318193722791,0.05087124124110064,223.58441099672547,0.0031860707623699224,-0.4983265028158015,0.34589383773253474,0.152432665086097,-1.3201119514526491,0.10062633055322118,1.219485620899457,0.7571881063217071,0.39189117125943673,-1.1490792775783363
0.597194388777555,0.2489921814246968,0.05087083714726353,225.0953904529226,0.0027161788618616615,-0.14128415882169423,-0.35436377613427444,0.49564793495866466,0.5659091706037592,-1.4576005039202116,0.8916913333164431,-0.8428296986094823,1.1220457438032179,-0.27921604519102816
0.6012024048096192,0.24890178871926708,0.05086347471287493,226.60633659650694,0.0014566144966123263,0.46367100440929554,-0.3906962602360557,-0.07297474417050984,1.3875472185519486,-0.2801876916729555,-1.1073595268790268,-0.8787863614863436,-0.2532513721537546,1.132037733642796
0.6052104208416833,0.2488789240708367,0.05084771478927216,228.11685330140463,-0.009838333005251082,0.21224828017695116,0.27898632561433473,-0.49123460578872424,-0.39526772967144086,1.4234631989831457,-1.0281954693117041,0.7490578391018048,-1.181021917576246,0.43196407847700197
0.6092184368737474,0.2488838124321356,0.05083964106920217,229.62747889635963,-0.017461807359589403,-0.4310699302903193,0.4220000813130676,0.00906984897971597,-1.436608442603496,0.44988488820838207,0.986723554395145,0.9745431883500133,0.11202586412195206,-1.0865690524695302
0.6132264529058116,0.24888795487839138,0.0508359141845942,231.1382042029182,-0.021991836789115864,-0.2636862345128143,-0.22840041801103333,0.49208665252598804,0.22350497994102336,-1.3697030402779078,1.1461980603367552,-0.6324459677316118,1.1945730146163729,-0.5621270468824537
0.6172344689378757,0.24889132295057512,0.0508351472544564,232.64900498571552,-0.024298739772679923,0.39941671528594225,-0.4491470883650555,0.04973037308088035,1.4633096004723072,-0.6136403743944201,-0.8496692260779387,-1.0502647645848313,0.030953425664788092,1.0193113389219288
0.6212424849699398,0.24889411969311864,0.05083635943161201,234.15986243537586,-0.025040948466154456,0.3113426078435358,0.17467620099002773,-0.48601880883203863,-0.04855386933877956,1.2963218404348673,-1.2477679710956735,0.5067791629370555,-1.1908812683657841,0.6841021054294887
0.625250501002004,0.24889649908116168,0.05083883095426237,235.67076208939847,-0.02471092580302811,-0.36213982133721356,0.469932879600799,-0.10779305826345001,-1.4691005223681914,0.7686149789072478,0.700485543460935,1.1108932443473738,-0.17342074444135674,-0.9374724999058408
0.6292585170340681,0.2488985751234266,0.05084203976528202,237.18169287293765,-0.023673763298142216,-0.35457063847156894,-0.11850040298603083,0.4730710414581316,-0.1270803105775979,-1.2044227010411481,1.3315030116186377,-0.37390195714493735,1.170132833926651,-0.7962308767810778
0.6332665330661322,0.24890043138788304,0.05084561329495912,238.69264634425878,-0.022197238213823776,0.3197352799082104,-0.4840456526975749,0.16431037278993585,1.4538993155784832,-0.9125996690894048,-0.5412996464891082,-1.1556002157642686,0.31336073276540555,0.8422394829994648
0.6372745490981964,0.24890212842643455,0.050849291272390844,240.20361610282382,-0.020475143940597663,0.3927528728581286,0.06065072595614175,-0.45340359881360387,0.30089237247060374,1.095316429960082,-1.396208802430691,0.23570886767022603,-1.1326472388507929,0.8969383711812393
0.6412825651302605,0.2489037095038377,0.050852897129167476,241.71459732572583,-0.018645348799972768,-0.2727864515135229,0.4912708014675315,-0.21848434995309451,-1.41792277826754,1.0435397645942563,0.37438301367363797,1.1837693481570846,-0.4487896134834849,-0.7349797346728942
0.6452905811623246,0.24890520502451513,0.05085631610960926,243.225586405293,-0.016803731176275722,-0.425340496750448,-0.0019401883285411134,0.42728068507978323,-0.47040122420055724,-0.970560308082048,1.44096153228265,-0.09416878544259294,1.0789721880888035,-0.9848034026454567
0.6492985971943888,0.2489066352016731,0.05085947813003422,244.73658066649725,-0.015014891394576992,0.22195100575472285,-0.4914952991733746,0.2695442934195265,1.3616848670601573,-1.1595660299605672,-0.20211883709953782,-1.1950116792601835,0.5777840646635269,0.6172276145974701
0.6533066132264529,0.24890801608984411,0.05086234724338459,246.2475781468265,-0.013320359308907034,0.45186370445620133,-0.056799145833636745,-0.3950645586217987,0.6331861414998559,0.8319357733759624,-1.4651219148758308,-0.048701321267092146,-1.0098803993582266,1.0585817206260941
0.657314629258517,0.24890935339155018,0.05086490766865733,247.75857742633673,-0.011744827499080682,-0.16794714345530082,0.4847079072704273,-0.31676076381432827,-1.2859870528486257,1.2590193976600752,0.026967655188578715,1.1891734099258155,-0.6985087696901872,-0.49066464023485723
0.6613226452905812,0.2489106567119397,0.05086716210805748,249.26957749249652,-0.010300967552732868,-0.47193924220814026,0.11473094396045205,0.3572082982484733,-0.786921125471934,-0.6814229322390601,1.468344057711022,0.1908644744302282,0.9263613638620293,-1.1172258382914955
0.6653306613226453,0.24891192486705166,0.050869121109652915,250.78057764448437,-0.008992844226799735,0.11154188870549558,-0.4710003422146237,0.3594584535098476,1.191913136995316,-1.3404819192514006,0.1485687822560606,-1.1663412574200371,0.8092435064471521,0.35709775097361174
0.6693386773547093,0.24891316222600146,0.05087080482635208,252.29157740590665,-0.007818808691821845,0.4852770592223278,-0.17102807295148373,-0.3142489862701665,0.9294098695870938,0.5211721743353294,-1.4505820439224422,-0.3302927869579126,-0.8296090978964452,1.1599018848550597
0.6733466933867734,0.24891436642168357,0.05087223383464177,253.80257647490825,-0.00677322749664999,-0.053540774329322985,0.45056580769963217,-0.3970250333697095,-1.0808042359930832,1.4027854663207424,-0.32198123032763487,1.1268441352290202,-0.908410536854429,-0.21843359837401466
0.6773547094188376,0.2489155400215943,0.05087343305745915,255.31357466652784,-0.005848232131597479,-0.4916859464075298,0.2248861512325698,0.26679979517551744,-1.0586182435223568,-0.35347390897834025,1.4120921525007721,0.4649974906120392,0.7210064562425392,-1.1860039468537584
0.6813627254509017,0.24891668067669923,0.05087442675985517,256.8245718872403,-0.005034537575715994,-0.005230209265883295,-0.42369191347535723,0.4289221227419413,0.9542498418896891,-1.445042652507582,0.4907928106178732,-1.0712456303945443,0.9945930368569885,0.07665259353828645
0.6853707414829658,0.24891778774279513,0.05087523843464452,258.3355681099441,-0.004322167459117579,0.49106856401813154,-0.2755345727581928,-0.21553399125927786,1.1726957653530599,0.1807232107309376,-1.3534189760840187,-0.5930534375275436,-0.6021031541197935,1.195156591648019
0.68937875751503,0.24891886055184967,0.050875890595463547,259.8465633447061,-0.0037012130649604503,0.06392947177524531,0.39076335555909925,-0.45469282733370625,-0.8140574869340061,1.4666478673886536,-0.6525903804546299,1.0003413034885633,-1.0665622266184427,0.06622092313049663
0.6933867735470941,0.24891989846326162,0.05087640411354256,261.3575576320997,-0.0031619890474351054,-0.48343474885625665,0.3222489138710281,0.16118583498584663,-1.2700143366387897,-0.005389504270806176,1.2754038409096222,0.7126329458192312,0.47459826568422486,-1.1872312115028638
0.6973947895791582,0.24892090097747036,0.05087679808912994,262.8685510301906,-0.002695318996343072,-0.12171839998850681,-0.3522491317779289,0.47396753176701506,0.6622308268301526,-1.467292469129706,0.8050616422995414,-0.9151437189671705,1.1232897152108658,-0.20814599624310084
0.7014028056112224,0.2490161033835595,0.05088543363365977,264.3796088257833,-0.000667343139818886,0.4884892834635175,-0.3617976790200538,-0.12669160444296212,1.3482943926602586,-0.1645063730771446,-1.183788019583145,-0.8014708554485339,-0.3424486789619413,1.1439195344110147
0.7054108216432865,0.24903391564554878,0.050900444050236374,265.8910531800252,0.010279737735366366,0.16248925986011695,0.3376655012384936,-0.5001547610980993,-0.5055690163101059,1.4478793192896804,-0.9423103029795605,0.8060512821396014,-1.1354107193935339,0.3293594372544351
0.7094188376753506,0.249029031097542,0.05090830911965139,267.40239533092677,0.01773892261817848,-0.47327242757798155,0.4021658041888864,0.0711066233895978,-1.4076892433409214,0.3382241368623957,1.0694651064785548,0.8921987409204997,0.2069609937251462,-1.0991597346451711
0.7134268537074148,0.24902493740262913,0.05091189507257182,268.91363895357733,0.02214844510221202,-0.21913128452517644,-0.2897379239135745,0.508869208439259,0.33729615008207064,-1.4074243595950922,1.0701282095130689,-0.6994697114448754,1.159997052683045,-0.4605273412376272
0.7174348697394789,0.2490216055299743,0.050912562397073834,270.4248080482144,0.024368841650828112,0.44720527306617996,-0.43694141700507705,-0.010263856060358928,1.4480268565954868,-0.5064680808780472,-0.941558775717422,-0.975701823484698,-0.06843647333366057,1.0441382968191013
0.721442885771543,0.24901883445405418,0.0509112813065147,271.93592121463223,0.025050325979347112,0.27267070741860144,0.23754128975170524,-0.5102119971693619,-0.16420165083382313,1.3468956603491722,-1.182694009515398,0.5829186640320313,-1.168157426826138,0.5852387627950448
0.7254509018036072,0.24901647269152621,0.05090876360626713,273.4469927493887,0.024678963196916558,-0.41466680080273344,0.4654269354086985,-0.05076013460490311,-1.4676682562484547,0.6674846230898458,0.8001836331586658,1.0453402914754844,-0.07112307370187676,-0.9742172177725867
0.7294589178356713,0.2490144083702751,0.05090552528691838,274.95803359679246,0.023614897589703917,-0.32230116376152174,-0.18190250646222816,0.5042036702253321,-0.011249943578830857,-1.2671101389364323,1.2783600825152486,-0.45801419645516783,1.15966359116801,-0.7016493947112963
0.7334669338677354,0.24901255964366645,0.050901934300850715,276.4690520960968,0.022122097033173048,0.3761551463988931,-0.487224273284484,0.11106912688747918,1.4663312294201878,-0.8189669894183017,-0.6473642400019304,-1.1000838176344419,0.20970847194364742,0.8903753456927248
0.7374749498997996,0.2490108673046751,0.05089824742900969,277.98005456758557,0.020391436465360478,0.3673091301160456,0.12364173906201802,-0.4909508691762523,0.18654657255050233,1.1692098845111816,-1.3557564570616867,0.32654161913719126,-1.1346133184714666,0.8080716993360861
0.7414829659318637,0.2490092890775946,0.050894638600395864,279.49104577157533,0.018558563366522236,-0.33224183942916063,0.5020313117029694,-0.1697894722723789,-1.4440348105780567,0.9587470598962458,0.4852877506819069,1.1391284595037154,-0.34532639982377034,-0.7938020596783738
0.7454909819639278,0.249007795311355,0.05089122061919732,281.00202926696517,0.016717675036137965,-0.4070519463401522,-0.06360584933506382,0.4706577956767091,-0.3591800892944206,-1.0545956755529107,1.4137757648473381,-0.19038331297935357,1.0933517593917075,-0.9029684464108637
0.749498997995992,0.24900636683053767,0.0508880619986942,282.5130076891171,0.01493206483739066,0.2835673781328051,-0.5096447276760511,0.2260773495446517,1.4011000631533759,-1.0848268811683701,-0.31627318198503473,-1.161904185068276,0.47602885027034453,0.6858753347993655
0.7535070140280561,0.24900498648546585,0.05088519793252468,284.0239829769002,0.013242464909953339,0.44096408111986857,0.0026604578839272836,-0.4436245390024563,0.5266815613409234,0.9249068297051951,-1.451588391046128,0.05148952661688916,-1.0364621682711517,0.9849726416556092
0.7575150300601202,0.24900364935111927,0.050882642935550594,285.53495652406696,0.011672787797121636,-0.23083639178514878,0.5099622849145121,-0.2791258931280657,-1.3381362319276113,1.195400211116545,0.14273602081109465,1.168075690819616,-0.5999402260750786,-0.5681354647432683
0.7615230460921844,0.24900234815466474,0.05088039480026654,287.045929324993,0.010235182335958052,-0.4685639566691596,0.05831983844705613,0.4102441182233393,-0.6866558703601092,-0.7819977320413186,1.4686536024014403,0.0881507448854511,0.9647547754159643,-1.0529055203001951
0.7655310621242485,0.2490010819772471,0.05087844139978098,288.55690206896276,0.008933398516793289,0.17480434011973733,-0.5029822459072923,0.32817790578874684,1.2560470715129108,-1.2888886307416165,0.032841559228771494,-1.1575519456319896,0.7152835973069551,0.4422683483265932
0.7695390781563125,0.2489998455955667,0.05087676316828257,290.0678752257746,0.007765626514035356,0.48945999174228166,-0.11846190246171581,-0.3709980892791879,0.836816372777378,0.6279116558692495,-1.4647280286466433,-0.22653844597826608,-0.8792537722891306,1.1057922182687865
0.7735470941883766,0.24899864292857157,0.050875338557847406,291.57884908872535,0.006726041147246794,-0.11627781470046443,0.48881159612943603,-0.3725337814277067,-1.156006170612925,1.3639561054383542,-0.2079499348254302,1.1304823269362583,-0.820408778110894,-0.31007354882408544
0.7775551102204408,0.24899747230938163,0.05087414333358196,293.0898238325986,0.005806553741872107,-0.5033557772408397,0.17690660814103285,0.32644916910104727,-0.9750179523306864,-0.4648512633748656,1.4398692157055715,0.36169285572225657,0.7811812249998172,-1.1428740807208497
0.7815631262525049,0.24899633445338157,0.05087315335768306,294.6007995509048,0.004997924188488536,0.056091469118799094,-0.467651349100682,0.41155987998305665,1.0394426687566816,-1.419528582045177,0.3800859132884759,-1.0872519267069929,0.9138092469959921,0.17344267971219604
0.785571142284569,0.24899523027321888,0.050872344654130694,296.1117762702181,0.004290205188630225,0.5100541621985092,-0.2328181020807475,-0.27723606011664825,1.0992825719544275,0.29514695093394605,-1.3944295228883947,-0.49168068941287824,-0.671939519021958,1.1636202084359686
0.7895791583166332,0.24899416049235176,0.05087169485947685,297.6227539762929,0.003673430283806236,0.004892900226768693,0.439807611036117,-0.4447005112618181,-0.9080236784776459,1.4548132064475825,-0.5467895279699203,1.0284791021312578,-0.9941497141329048,-0.034329387997302646
0.7935871743486973,0.24899312569221713,0.05087118312735529,299.13373262747785,0.0031379328003132544,-0.5094612886543622,0.2853985124883962,0.22406277616698939,-1.2078363287067904,-0.12122455190436035,1.3290608806111748,0.6146428091435041,0.5530908023927921,-1.1677336115352954
0.7975951903807614,0.24899212644731733,0.05087079042228159,300.64471216498623,0.0026745636320700747,-0.06580409741863257,-0.40567872335078786,0.47148282077039144,0.7636272252943096,-1.4693053281944566,0.7056781029001337,-0.9550039943166192,1.0602808909075436,-0.10527689658993654
0.8016032064128256,0.24889235377277566,0.05086139277967418,302.15559859609084,-0.00005809950495463045,0.48075713824705285,-0.33709914986043366,-0.1436579883857086,1.299502983458042,-0.0589534050563601,-1.2405495784017115,-0.7490152688637344,-0.4264696606832777,1.1754849295479104
0.8056112224448897,0.24887940401866723,0.05084667273787372,303.6661356130908,-0.010739106863790671,0.14289222552950637,0.3369378903952349,-0.47983011592388547,-0.6038326816731774,1.462272603191291,-0.8584399215181043,0.8807174579846421,-1.1400554597391774,0.25933800175537547
0.8096192384769538,0.24888428670947868,0.05083910568120474,305.1767720500846,-0.018019321995140922,-0.4620335541597278,0.37893221454442777,0.08310133961612545,-1.3735822598962677,0.2341593523417247,1.1394229075545717,0.8592824240999359,0.28986070533822106,-1.1491431294373589
0.813627254509018,0.24888834253567868,0.050835717499740994,306.6875056221398,-0.022300030252402018,-0.19806316418224795,-0.29147425346281125,0.48953741764595493,0.4396012791673401,-1.4342794853302232,0.9946782061628968,-0.7778995741817405,1.1748514836711348,-0.3969519094885025
0.8176352705410821,0.2488916622861774,0.05083519436443779,308.1983126586787,-0.024429102677401084,0.438204388749029,-0.4136317712629783,-0.024572617505288864,1.42611760941579,-0.40563563652359474,-1.0204819729028274,-0.9524037518916278,-0.14925313160017417,1.1016568834848963
0.8216432865731462,0.24889439313305545,0.050836542245662794,309.7091747287151,-0.02504922955160594,0.2503733236239878,0.24197958364674194,-0.49235290726014064,-0.26909455068968824,1.38576661009821,-1.1166720594081683,0.6639460938917453,-1.1927213874649034,0.5287752935838046
0.8256513026052104,0.24889673744490223,0.05083910574346825,311.22007783220243,-0.024636568778042787,-0.40821851948568794,0.4424703434420513,-0.03425182394653935,-1.4582796550650723,0.5713081734859679,0.8869714815791323,1.0318358025563028,0.006565419577657078,-1.038401222124159
0.8296593186372745,0.24889878757304543,0.050842364596862956,312.7310111427969,-0.023546538656062856,-0.2991172450163829,-0.1890767063400643,0.4881939513660919,0.09475253519651464,-1.3174557581126891,1.2227032229161412,-0.5405258849240967,1.1935009623169055,-0.65297507738319
0.8336673346693386,0.24890062475747923,0.05084595856713476,314.2419664410083,-0.02203880388565679,0.3724370547209698,-0.46502086728977415,0.09258381257798669,1.4695993881030562,-0.7288072892321186,-0.7407920988709336,-1.0964701268661354,0.1361692439160923,0.9603008829592258
0.8376753507014028,0.24890230765556462,0.05084963661736525,315.75293749738205,-0.02030103185840583,0.3436019926302653,0.13349593069317017,-0.4770979233144426,0.08093732343568902,1.2303218803195417,-1.3112592037552973,0.40940301218322384,-1.1772043712697309,0.7678013590953993
0.8416833667334669,0.24890387811273543,0.050853229025399044,317.26391962097364,-0.018466477736991668,-0.33136009741763517,0.4809530650979036,-0.14959296767175695,-1.4599187547371504,0.8758880135863908,0.5840307411507957,1.1454090129244432,-0.2769273503251556,-0.8684816625908102
0.845691382765531,0.24890536481598427,0.05085662588408293,318.7749093068213,-0.016627557674426845,-0.3831927463835773,-0.07601612216015874,0.4592088685523934,-0.2554672086029467,-1.1256110226014477,1.381078231204364,-0.2724480326798683,1.144079627687871,-0.871631594999332
0.8496993987975952,0.24890678892405754,0.05085976098367902,320.2859039508963,-0.014846438544991607,0.28556073208690713,-0.49003061268710946,0.2044698806087729,1.429375395651161,-1.010449826100421,-0.41892556955073135,-1.1779665622031583,0.4137074754680463,0.7642590867436053
0.8537074148296593,0.2489081648210434,0.0508626009548973,321.796901659849,-0.013162555903706389,0.41731826311477394,0.017451555679582197,-0.4347698187863594,0.42634546011090846,1.0048121125246832,-1.4311575726355983,0.13161376164149857,-1.0946031559156322,0.9629893942821347
0.8577154308617234,0.24890949884529265,0.050865132147812395,323.30790105425535,-0.011599356702006548,-0.23568560753997458,0.49211809346381263,-0.256432485916168,-1.3784080105891388,1.1305728774867074,0.24783513310247418,1.1936863457166345,-0.5445628479407689,-0.6491234977682444
0.8617234468937875,0.24891079557879695,0.05086735720583571,324.8189011568504,-0.010168512391778099,-0.4454897091678063,0.04136540636224788,0.40412430281289746,-0.5911288413074843,-0.8696533457308439,1.4607821870383453,0.011091356247653256,1.0294863219914336,-1.0405776782317622
0.8657314629258517,0.2489120603517545,0.050869289444214816,326.3299012884436,-0.008873510194174015,0.18244291097295634,-0.4871791971853021,0.3047362862194639,1.3077378084723397,-1.234535082808362,-0.0732027256639877,-1.1923450445972388,0.6676275774528775,0.5247174671514863
0.8697394789579158,0.24891329372416945,0.0508709473603066,327.8409009951473,-0.007712157404805678,0.4673028069481446,-0.09959555057183118,-0.36770725636958645,0.747465550142991,0.7220689518416522,-1.4695345019846604,-0.15363076517202923,-0.9496630549190612,1.1032938200978373
0.8737474949899798,0.248914495320299,0.05087235361741632,329.3518999828703,-0.006678680929714844,-0.12659081830224955,0.47528285471180015,-0.34869203640310154,-1.2183816782106114,1.320857574987823,-0.10247589677717675,1.1739667831759746,-0.7811475474253029,-0.3928192357442613
0.877755511022044,0.24891566464067155,0.05087353229435999,330.86289808345265,-0.005764869858848837,-0.48244136249677105,0.1564072156602665,0.3260341468426833,-0.8931195851851876,-0.5641642405451104,1.4572838257303289,0.2939696081120665,0.8562719439284328,-1.1502415520343447
0.8817635270541081,0.24891680130277083,0.050874507715368944,332.3738952093846,-0.004961379465358203,0.0689264863192921,-0.45659514631634,0.3876686600029212,1.111611649102247,-1.3883012639502132,0.2766896148479458,-1.1388134836568315,0.8835018352743952,0.25531164838832976
0.8857715430861722,0.24891790444300244,0.05087530328298246,333.88489133525866,-0.004258287492522533,0.49068817737878434,-0.21098754490185323,-0.27970063247134275,1.0260092101266152,0.3981968465939807,-1.4242060567206125,-0.4301044998725172,-0.7506476866676242,1.1807521865457435
0.8897795591182364,0.2489189738548302,0.050875941824195775,335.39588647693085,-0.003645636740643349,-0.010273450563600413,0.43138176596201433,-0.4211083153930817,-0.9889546517059069,1.435903762725956,-0.4469491110200262,1.0873873510750849,-0.973228662835968,-0.11415868823381013
0.8937875751503005,0.24892000699406744,0.05087644274865051,336.906880675645,-0.0031138188657058277,-0.4919244325903965,0.26255632389481626,0.2293681087006379,-1.14423665433836,-0.22653848271122942,1.370775137049576,0.5600912390502744,0.6342990084159376,-1.1943902474611665
0.8977955911823646,0.2489210057162149,0.05087682633403276,338.4178739900665,-0.0026537294113991696,-0.0485287521834303,-0.40000439033660606,0.4485331425248591,0.8521651205771993,-1.4629872168090972,0.6108220962318844,-1.0204253446262617,1.049048867365445,-0.02862352273435001
0.9018036072144288,0.24902484084775206,0.050886836149963165,339.9289829096509,0.0006241609894237615,0.5064736503756839,-0.3052394079935733,-0.201234242377523,1.2462636258838544,0.0553116492623264,-1.30157527514619,-0.6618580876654881,-0.5070001945021085,1.1688582821722058
0.9058116232464929,0.24903341385570682,0.05090152055213587,341.44041809672,0.011230143651297507,0.0878228525434983,0.39142155514929033,-0.4792444076883038,-0.7075172492942041,1.4693100968328696,-0.7617928475385837,0.9241488893619819,-1.0810108217568644,0.15686193239923465
0.909819639278557,0.24902856181503122,0.05090885155864471,342.9517486577956,0.018323619253838477,-0.4966625194255619,0.3502825728083156,0.14637994662144407,-1.3281046235809553,0.1190917302241903,1.2090128933567945,0.7685167200524738,0.377672032641682,-1.1461887526899868
0.9138276553106212,0.2490245584176294,0.05091207831429038,344.46298347306384,0.02246836996668042,-0.14723474980960688,-0.3497098342430007,0.4969445840570636,0.548767887492663,-1.4550796366867138,0.9063117491940963,-0.832338673953213,1.1260141627784195,-0.29367548882083827
0.9178356713426853,0.24902129369451434,0.05091250222860562,345.9741459383168,0.024500938001753132,0.4791972833708249,-0.3922128903158847,-0.08698439304991369,1.3937204085816652,-0.29303001706574283,-1.10069039151565,-0.8678939008066935,-0.24319783555019658,1.1110917363610209
0.9218436873747494,0.2490185717482501,0.050911062909148416,347.48525415233746,0.02505230709134086,0.20458355651813917,0.3028742753727736,-0.5074578318867825,-0.3821670806426797,1.4200660038648758,-1.0378989232221358,0.7286617618804637,-1.1550514470188886,0.42638968514218095
0.9258517034068136,0.24901624575358194,0.05090844908010767,348.9963220207052,0.024593758434521294,-0.45480544739009726,0.4285031932443501,0.026302254149396027,-1.4394177843077636,0.46279210869041637,0.976625675617409,0.9549469105001759,0.10520125447617226,-1.0601481649728013
0.9298597194388777,0.24901420738058647,0.050905159241411084,350.5073601836323,0.02347412457743067,-0.25900555383799406,-0.25165863174043684,0.5106641855824551,0.21009391909325625,-1.3647508924020684,1.1546569733089893,-0.6145576586412829,1.1676272205834257,-0.5530695619385994
0.9338677354709418,0.24901237747331,0.050901548180001845,352.01837674435984,0.0219487564792953,0.4238662262077779,-0.45863885681411865,0.034772630609524,1.4645414670102346,-0.6259461436000123,-0.8385953234102428,-1.028398395987112,0.034335860026194015,0.9940625359641436
0.937875751503006,0.24901069882670115,0.05089786282317575,353.52937784064625,0.02020200350148762,0.3097150819751811,0.19682037378485182,-0.5065354557567494,-0.03501204227497499,1.2899260557814318,-1.2549140135063956,0.49165344945428335,-1.163536984484309,0.6718835350330339
0.9418837675350701,0.24900913066975777,0.05089426980125959,355.0403680919455,0.01836459873024811,-0.38684202464358913,0.48219554781499346,-0.09535352316841686,-1.468731819342781,0.780156984763497,0.6885748345793159,1.087177470907942,-0.17340948053994507,-0.9137679903650405
0.9458917835671342,0.2490076444537622,0.050890876562745685,356.55135094904966,0.016527071269253468,-0.35598555418111444,-0.13915827822969912,0.4951438324138023,-0.1405734577823377,-1.1966621553682308,1.337235613150572,-0.36170660149747325,1.1428251923870814,-0.7811185908866215
0.9498997995991983,0.24900622001491293,0.05088774733919196,358.06232896660435,0.0147500489938093,0.34427353775737246,-0.4988412892691559,0.15456775151461855,1.451924859383211,-0.9232161651307198,-0.5287086942525163,-1.1304281432544088,0.31002280927781023,0.8204053339794618
0.9539078156312625,0.24900484549287688,0.05088491567532221,359.57330401634175,0.01307217223563958,0.39715586356719995,0.07950449403554666,-0.4766603576000516,0.31415073952110756,1.0862903706502156,-1.4004411101713272,0.22657641295951012,-1.105777896551261,0.8792014835944483
0.9579158316633266,0.24900351210055968,0.05088239317292422,361.0842774440751,0.01151591175602035,-0.296780428841225,0.5083472568240507,-0.21156682798024684,-1.414369943053976,1.0530832221866935,0.36128672086731295,1.157530400636836,-0.4422183153409126,-0.715312085293375
0.9619238476953907,0.24900221573130918,0.050880176770121084,362.59525021147834,0.010092478300648883,-0.4326419588465071,-0.01871663623188124,0.45135859508085335,-0.48323986424110493,-0.9603974930558752,1.443637357297001,-0.08819927792645177,1.0529284446576452,-0.9647291667287468
0.9659318637274549,0.24900095072466583,0.05087825259992712,364.1062229833489,0.008804974653528808,0.24504534639913753,-0.5105811857027714,0.26553583930577535,1.3566014887991023,-1.1679005810821375,-0.1887009077169356,-1.1680909388060867,0.5681021629716433,0.5999887758366456
0.969939879759519,0.2489997192629466,0.05087660221158352,365.61719620048325,0.007650889163936278,0.4619368010140141,-0.042334600481895565,-0.4196022005300446,0.6454215201550053,0.8207742833213844,-1.466195803476399,-0.051446569881532,-0.9850229963717545,1.036469566255368
0.9739478957915831,0.24899852024363126,0.05087520330797332,367.12817014790016,0.006624252378931378,-0.18980682710766908,0.5055107361674959,-0.3157039090578402,-1.2794423710120977,1.2660250199032552,0.013417351108873182,1.1619537059258305,-0.685869703711041,-0.47608400221284053
0.9779559118236472,0.24899735194082592,0.05087403045601904,368.639144992489,0.005716863639017102,-0.4846239338642993,0.1027768073866559,0.38184712647954155,-0.7983780488048309,-0.6694211734735501,1.4677992222783995,0.1903614899374491,0.9030357893476182,-1.0933972792831856
0.9819639278557113,0.24899621768775113,0.050873060451501965,370.1501208162901,0.004919294136106344,0.13185993840730964,-0.4932146133981243,0.3613546749926054,1.1839954547169214,-1.3460533043117107,0.16205784959476438,-1.139206305378376,0.7938371128263005,0.3453691925538953
0.9859719438877754,0.24899511696079804,0.050872269400621783,371.66109764094085,0.0042215777042017635,0.5003823934660007,-0.16174608216072126,-0.3386363113034603,0.9399246481389781,0.5085007269022973,-1.44842537504129,-0.3265592750368199,-0.8081381130958069,1.134697388134458
0.9899799599198396,0.24899405036803376,0.050871635090814896,373.1720754493119,0.0036137813169977683,-0.07203102862777816,0.47386817520266233,-0.40183714657314457,-1.071626878927982,1.4068432730954714,-0.33521639416746407,1.100174385682913,-0.8904593976770339,-0.20971498800415728
0.9939879759519037,0.24899301981650654,0.050871136499546867,374.6830541940613,0.00308619674637919,-0.5089867755673302,0.21839982168583466,0.2905869538831649,-1.068037670818808,-0.3403129100552433,1.4083505808740766,0.4580914571490188,0.7016870003818205,-1.1597784575291947
0.9979959919839678,0.24899202420712022,0.05087075534263679,376.194033821118,0.0026298885220699367,0.01117530269129001,-0.4477490956759178,0.4365737929862055,0.9439440945271828,-1.447528341102776,0.5035842465755753,-1.0454162699211642,0.9743550395565254,0.0710612303662348
1.002004008016032,0.24888533649498185,0.05085994109834774,377.7048807140466,-0.0010571600323214375,0.49187875730541586,-0.27999765680035615,-0.21188110050315034,1.1812798700722014,0.16344240415954073,-1.3447222742317368,-0.6032015540907423,-0.5887559641592888,1.1919575182517825
1.006012024048096,0.24887992285314706,0.05084562599376583,379.2154158437962,-0.011673791644930558,0.07029087620221831,0.387190724997173,-0.45748160119763553,-0.7986408207897687,1.4677552090120662,-0.6691143882222874,0.9923051629239112,-1.0730891168256143,0.08078395390343693
1.0100200400801602,0.2488847551214221,0.050838581648619104,380.72606376584406,-0.018592305806292175,-0.48246923830638794,0.3272323770191196,0.15523686128894235,-1.279262324948669,0.013099192661889955,1.2661631322868068,0.7244468168414055,0.4610925191111276,-1.185539335950888
1.0140280561122244,0.2488887214174941,0.05083554640140646,382.2368060485829,-0.022611658046391463,-0.127929250635642,-0.347905365041333,0.4758346156787619,0.6456820800387404,-1.46617898396621,0.8204969039274547,-0.9056315409803886,1.1283653953189303,-0.222733854336697
1.0180360721442885,0.24889195572713504,0.05083524660553923,383.7476196017134,-0.024556443939521666,0.4670280807924927,-0.3686959965471383,-0.09833208424320022,1.356443377385447,-0.18839669038186657,-1.168046687003189,-0.8328518672643023,-0.32605345491947096,1.1589053221855874
1.0220440881763526,0.24889465705591293,0.050836765003464096,385.2584866083825,-0.025047303405120507,0.1837008386116996,0.30376811393569497,-0.48746895254567274,-0.48350388582074066,1.44363851372281,-0.9601346279019316,0.8059859888957693,-1.1673877034837448,0.36140171458945314
1.0260521042084167,0.2488969657779809,0.05083942230261994,386.7693933346162,-0.024548867383856702,-0.4449954205202455,0.4049264373796051,0.04006898314196072,-1.4142338029835784,0.36098489461776495,1.0532489083658156,0.9292697082719086,0.18640170081703333,-1.1156714090876012
1.0300601202404809,0.24889899022638173,0.0508427310541306,388.28032929780807,-0.023404267392413084,-0.23684884764526742,-0.2553441986855724,0.4921930463320277,0.31442651550303535,-1.4004718678818906,1.0860453523788494,-0.6948341520459671,1.1896762402719971,-0.49484208822483383
1.034068136272545,0.24890080559141625,0.0508463419289843,389.7912865000954,-0.02186496599164552,0.4166516628633258,-0.4353993827123965,0.018747719849990116,1.4518154862088952,-0.5284110581287137,-0.9234044280801459,-1.0123572524747306,-0.04412487019451816,1.0564821226701862
1.0380761523046091,0.24890247615533984,0.05085001878449592,391.302258921916,-0.020111389918044887,0.28662179030739765,0.20329912374632425,-0.4899209140526304,-0.14086169252372197,1.3372936783939422,-1.196431985870216,0.5737683248422155,-1.1949383767770956,0.6211700519359619
1.0420841683366733,0.24890403678064998,0.050853595057809065,392.8132419857416,-0.01827262217654809,-0.38238322000705316,0.45967612726405793,-0.0772929072559554,-1.4686494748759948,0.6882787026723077,0.7803707722037176,1.0809498668932853,-0.09875549640192624,-0.9821943704903402
1.0460921843687374,0.24890551677343242,0.0508569672070445,394.3242322996962,-0.016437280022661427,-0.33231102391653133,-0.14836056833170372,0.480671592249246,-0.03471249785138361,-1.2550084048463481,1.2897209026976622,-0.4445186450196692,1.1831146640233345,-0.7385960190029681
1.0501002004008015,0.24890693654429394,0.05086007343780437,395.8352273487322,-0.01466471203926098,0.3426638029738555,-0.4774003160410397,0.1347365130678982,1.464497344848503,-0.8383106205650405,-0.6261867242834888,-1.134080136965667,0.2402045044029453,0.8938756325634608
1.0541082164328657,0.24890830567152472,0.050862880654002324,397.34622529111044,-0.012992629355121847,0.3732623818226004,0.0913049079040129,-0.46456728972577577,0.2097889912269263,1.154789193905022,-1.3645781851319505,0.30892908172003036,-1.1543811767169136,0.8454520949977107
1.0581162324649298,0.24890963559437096,0.05086537941353988,398.85722479910424,-0.011442947565658362,-0.2980546533651184,0.4883143018757405,-0.19025964850982582,-1.4394161037016862,0.9763614162825767,0.46305468741913813,1.1709981708832615,-0.37820835459039726,-0.7927898162920985
1.062124248496994,0.2489109310838879,0.05086757365098683,400.36822493068564,-0.010026340426637232,-0.40888804863430794,-0.03294212468804874,0.4418301733231117,-0.3818665569940928,-1.0380668906411434,1.4199334476352403,-0.16893454140133246,1.1091512028943746,-0.9402166614922937
1.066132264529058,0.24891219183669594,0.05086947576364146,401.87922503685587,-0.008745507660876325,0.24918692311424823,-0.4922573813940817,0.2430704582804174,1.3937652482965615,-1.100459351243758,-0.29330589705294885,-1.191179246346317,0.5107988854727383,0.6803803608742423
1.0701402805611222,0.24891342157101576,0.05087110629393626,403.3902246790996,-0.0075978975378408154,0.4386782830792141,-0.02589356592328522,-0.4127847171553433,0.5484872210771693,0.9065110437778005,-1.4549982648549795,0.026532658854033067,-1.0480757575596638,1.0215430987062268
1.0741482965931863,0.24891461916199295,0.050872487637213595,404.90122358092265,-0.0065773605851441805,-0.1967574515910657,0.48917021427343793,-0.2924127626823915,-1.3281946096301047,1.2088293847517064,0.1193652248785613,1.1943386004614114,-0.6360852605246079,-0.5582533399368296
1.0781563126252505,0.2489157854908232,0.05087364376705885,406.41222158207154,-0.005675574419464674,-0.4622035721485944,0.08436384902568207,0.3778397231229066,-0.7072690897149821,-0.7619989954382581,1.46926808515325,0.11624338536525093,0.972025230267806,-1.0882686156330612
1.0821643286573146,0.24891691871676364,0.05087459911164716,407.9232186030654,-0.004883093403442798,0.14151297270437313,-0.47909424035597237,0.33758126765162033,1.2436433825609865,-1.29992494438561,0.05628156182462025,-1.1804309956866643,0.7522783419472983,0.42815265373943767
1.0861723446893787,0.2489180183536701,0.05087537721338022,409.4342146234384,-0.004189973633330281,0.4791262797066035,-0.14163250009030418,-0.3374937796162697,0.8559427642592647,0.6065967045694954,-1.4625394688287787,-0.25735481063721943,-0.8820869077290364,1.1394417183662997
1.0901803607214429,0.24891908358015116,0.05087600005720161,410.9452096631871,-0.003586260393040172,-0.08424327613417372,0.4621718688180929,-0.37792859268388135,-1.1413176205756432,1.372441522752726,-0.23112390217706114,1.1496562982631697,-0.8577195982937948,-0.29193669996935917
1.094188376753507,0.24892011380055543,0.0508764882263682,412.4562037660395,-0.003062384342555601,-0.48920405735025585,0.19688057026394878,0.29232348708635214,-0.9923843494939386,-0.4425251735096354,1.4349095230035924,0.3947865197785279,0.7795457031777151,-1.174332222956212
1.0981963927855711,0.24892110860370792,0.05087686048630731,413.96719699286444,-0.0026092824010142263,0.025766919440144653,-0.438644717041759,0.41287779760164844,1.0226809408193591,-1.425344517981279,0.4026635771618982,-1.1024541823154272,0.9509031010406148,0.1515510812748681
1.1022044088176353,0.24902955258314055,0.05088856554266665,415.4783388809425,0.0014585858864373136,0.5087529180783448,-0.2386212460479626,-0.2701316720303647,1.1132521700798963,0.27650050814306576,-1.3897526782229854,-0.5070326655111956,-0.6605095389130988,1.1675422044243335
1.1062124248496994,0.24903296787746113,0.050902416292761286,416.9897768691876,0.012036404138842764,0.011146151401373428,0.4362661915343615,-0.44741234293573445,-0.8933480968706125,1.457278526497252,-0.5639304296266198,1.0211893528253146,-1.0019928804418534,-0.019196472383500793
1.1102204408817635,0.24902816769701697,0.050909297283131975,418.5010974839837,0.018816933599958605,-0.5087321913784901,0.29041330407949967,0.21831888729901477,-1.2182520011941893,-0.1027550210425705,1.3210070222367842,0.6273197754065188,0.5397734124414446,-1.167093187847961
1.1142284569138277,0.24902423960976774,0.05091221664623932,420.0123247550288,0.022735591401886517,-0.07198220172998303,-0.4017120765792425,0.4736942783088615,0.7477311152896696,-1.4695744594599,0.7218433441702259,-0.946235488014166,1.0663672746985664,-0.12013178668475662
1.1182364729458918,0.24902103321874083,0.05091243482465587,421.5234815326806,0.02460772008873474,0.5002665978985383,-0.3385436716758887,-0.16172292621992618,1.3076492802653101,-0.07291338460124674,-1.2347358956640844,-0.7403044955714445,-0.4124153278566328,1.1527198234308138
1.122244488977956,0.24901835264547395,0.05091086158817566,423.03458550662947,0.025048294509362988,0.1318327431985464,0.36130389615953457,-0.4931366393553976,-0.5914222607182535,1.4608707331521535,-0.8694484724338882,0.8577961507077787,-1.1156184330021364,0.2578222822970274
1.12625250501002,0.24901605660945902,0.05090816691728914,424.54565023796414,0.024515695736947257,-0.48457745789331386,0.3818121736391926,0.1027652842566729,-1.3783602768110295,0.24755179650462156,1.1308084803065386,0.842787590601885,0.27912751222702026,-1.1219151028264207
1.130260521042084,0.24901403983442394,0.05090483431740901,426.0566861057429,0.02334905361067401,-0.1898063263398863,-0.31567854775558146,0.5054848740979668,0.42664911893208346,-1.4312860349541248,1.00463691602202,-0.757093496526104,1.148977266313584,-0.39188376978495254
1.134268537074148,0.24901222546933585,0.05090120730075029,427.5677010106755,0.02179633318250216,0.4619159271810415,-0.419599629500222,-0.04231629767843149,1.4293715438048036,-0.41865879334237444,-1.0107127504624438,-0.9332729415664441,-0.14181933585296308,1.0750922774218143
1.1382765531062122,0.24901055801027133,0.05089752434714615,429.0787009338439,0.02003629065892437,0.24506187711552904,0.26551266886134167,-0.5105745459745618,-0.2557723792765213,1.38124170194538,-1.1254693226689707,0.645559226733357,-1.1659406020458203,0.5203813753147829
1.1422845691382764,0.24900899797426157,0.050893945845268025,430.58969037390756,0.018195451111496005,-0.4326248435766398,0.4513693208017095,-0.01874447722525209,-1.4599530104651635,0.5837855812720847,0.8761674291930659,1.0104470528884517,0.0024598926452341907,-1.0129069455338386
1.1462925851703405,0.24900751777167027,0.050890574673085845,432.1006726888173,0.016361200403930094,-0.2968055981800432,-0.21153867225514014,0.5083442704350507,0.08123683084536584,-1.3114537900140806,1.2302169591687135,-0.5247858239047263,1.1662511223996488,-0.6414652984950502
1.1503006012024046,0.24900609857186232,0.05088747173140293,433.6116503617837,0.014591830249737541,0.39713715978947445,-0.47667335326289045,0.0795361934732779,1.4696710379294822,-0.7405720202484198,-0.7290990176810916,-1.0731968234565623,0.1369530238235289,0.936243799632925
1.1543086172344688,0.2490047281481348,0.0508846683538048,435.1226252086187,0.012924233604695915,0.34429829538111706,0.15453735741960078,-0.49883565280078745,0.09446151523025606,1.2229238523471713,-1.317385367577346,0.3965015571191647,-1.1498988046795484,0.7533972475603273
1.158316633266533,0.24900339715842432,0.05088217414721256,436.633598541279,0.011379830462806526,-0.3559642579199594,0.49515103771097774,-0.13918677979050614,-1.4583779048475256,0.8867721067386235,0.5716057981089303,1.120611046165394,-0.2744207129448761,-0.8461903332199547
1.162324649298597,0.2490021027606171,0.05087998510636892,438.14457128474044,0.009968813904426855,-0.3868607225423813,-0.09532793298800094,0.48218865553121765,-0.26881073994665483,-1.1169097066821023,1.385720446628855,-0.26253905928190496,1.1171069279805332,-0.8545678686979807
1.1663326653306612,0.249000841735788,0.050878087586050745,439.6555440800158,0.008693665978864725,0.30969996748003126,-0.5065428879571715,0.19684292047776897,1.4262402432374692,-1.0202976068340222,-0.40594263640348677,-1.1520097900206467,0.4079733486288899,0.7440364413924256
1.1703406813627253,0.24899961254386854,0.050876461460736565,441.1665173537339,0.007551543993082239,0.42388604008826425,0.034757222280524594,-0.45864326236818515,0.4393170085368113,0.994931550956266,-1.4342485594930858,0.12481794755732505,-1.0683447747231987,0.9435268271664838
1.1743486973947894,0.2489984152786561,0.05087508382669331,442.67749138001824,0.006536260822315309,-0.25901303577771845,0.5106931148188509,-0.25168007904052003,-1.3737222994105918,1.1392435074350695,0.23447879197555244,1.1669469440531584,-0.5357019974188709,-0.6312449466337282
1.1783567134268536,0.24899725090666994,0.05087393102501016,444.18846631061103,0.005639313865665906,-0.45484989091778616,0.026305314538607405,0.4285445763797466,-0.603546128685919,-0.8587367497038582,1.4622828783897894,0.014692386398871923,1.00431266401323,-1.0190050504115464
1.1823647294589177,0.24899612014474914,0.050872978829442854,445.69944222278923,0.004851240376735731,0.2046232145125849,-0.5075387498979212,0.30291553538587834,1.3015697934440016,-1.2419064739137018,-0.059663319530322924,-1.1652022262346091,0.6557756230131825,0.5094266032219811
1.1863727454909818,0.24899502165210072,0.05087220279206482,447.2104191386773,0.004162179834804057,0.4793081257410196,-0.08698824464442462,-0.39231988109610577,0.7591483219203853,0.7102671813124464,-1.4694155032328458,-0.1539961090840914,-0.925921627188358,1.0799177362729508
1.190380761523046,0.24899395845516473,0.05087158184225673,448.72139703441667,0.003562120418038132,-0.14731318184498626,0.4971304790091743,-0.34981729716371124,-1.2108121070561695,1.3268171700744071,-0.11600506301821381,1.1468002778240942,-0.7664780155996589,-0.3803222622239867
1.19438877755511,0.2489929304565406,0.050871095054222645,450.2323758647473,0.003041495370325718,-0.49691370697044585,0.14642441258702443,0.3504892943838855,-0.9039002814213528,-0.5516465947473799,1.4555468761687513,0.29110124567867546,0.8342936993626097,-1.125394945040838
1.1983967935871742,0.24899193800831354,0.050870723774107555,451.7433555685317,0.002591273574096923,0.08789999787994698,-0.4796165633305417,0.39171656545102385,1.1027509961718067,-1.3927660503412196,0.2900150541693898,-1.1120063683209394,0.8662261629538938,0.24578020536750106
1.2024048096192383,0.2488818047581266,0.05085774190414185,453.25416158752074,-0.002078103886021662,0.4928440466130733,-0.21685754400102497,-0.2759865026116523,1.0383954569917628,0.38010169050682796,-1.418497147498617,-0.4426304592546626,-0.7382289648847834,1.180859424139871
1.2064128256513025,0.2488804086423999,0.05084473348547049,454.7647010736788,-0.012485148458569953,-0.003907597836237911,0.42862235092938733,-0.42471475309246925,-0.9752467268597381,1.4397752747109769,-0.46452854785123954,1.0812830059083787,-0.9816649925829004,-0.09961801332478068
1.2104208416833666,0.24888517623692333,0.050838140916423066,456.27535915436795,-0.01908519430313467,-0.4919100374174938,0.2680776150338145,0.22383242238437415,-1.155787894984296,-0.20825945630490697,1.3640473512892266,0.5731013963792547,0.6218191209767524,-1.194920517355334
1.2144288577154307,0.24888906304448835,0.05083541479457986,457.78610914061187,-0.022874729487978206,-0.05488191095228291,-0.3964070702815217,0.4512889812344529,0.8370480179213743,-1.464664655715879,0.6276166377944854,-1.0127275495209893,1.0561663968910426,-0.04343884736937398
1.2184368737474949,0.24889224072032023,0.05083532533659282,459.2969284972598,-0.02465667391276729,0.48519894791216334,-0.31535825176193444,-0.16984069614969327,1.2558492273541961,0.033142775497918275,-1.2889920028521187,-0.6943172577977682,-0.4954270967936628,1.1897443545917932
1.222444889779559,0.24889489771490445,0.05083697719137776,460.80779981962786,-0.025035562332385217,0.11284265623717163,0.35863396962843824,-0.4714766258654065,-0.6868951806152024,1.468611658471325,-0.7817164778561014,0.9296604564269778,-1.1154524655126024,0.1857920090858693
1.2264529058116231,0.24889717340694822,0.05083971441407864,462.318709744154,-0.024462374170549347,-0.4716318873555339,0.35815622215841975,0.11347566519708549,-1.3379595536924915,0.14243509250630731,1.1955244611862041,0.8055281502652454,0.361990671496968,-1.1675188217622412
1.2304609218436873,0.24889917569800055,0.0508430651761356,463.8296480375714,-0.023270730572653935,-0.1691833558016911,-0.31579292898004135,0.48497628478209764,0.526935764310694,-1.451573860844044,0.9246380965333565,-0.833309705945197,1.1587424515189608,-0.3254327455733077
1.2344689378757514,0.248900977780806,0.050846693181185176,465.34060693427574,-0.021703931587295902,0.45137303828246655,-0.39585823627707123,-0.05551480200473907,1.400947867747201,-0.31596987565403256,-1.0849779920931917,-0.905176293902869,-0.22341321460058725,1.1285895085041378
1.2384769539078155,0.24890263514770838,0.050850365542351623,466.8515805392487,-0.01993764273053189,0.22311060236794059,0.26846945101760267,-0.49158005338496574,-0.35945172286757643,1.4137942572068736,-1.0543425343392898,0.7250602076859378,-1.1854444016467869,0.4603841939614335
1.2424849699398797,0.2489041868348192,0.050853926074791056,468.3625644243897,-0.018095967683050128,-0.4246926845845651,0.4279245205471672,-0.0032318359620232082,-1.4439154436569928,0.48498561829249226,0.9589298253645308,0.9918596063695013,0.08166717308935177,-1.0735267794583048
1.2464929859719438,0.24890566009557089,0.05085727495572623,469.87355528545356,-0.016264501763920552,-0.2738580979780927,-0.2173236642291787,0.4911817622078201,0.18683398626628067,-1.3558119790042096,1.168977992737926,-0.6064608466240722,1.1951923630979189,-0.5887315164732922
1.250501002004008,0.24890707295358605,0.050860353218798164,471.3845506811342,-0.01450019522233543,0.3919577235992759,-0.45389024722311055,0.06193252362490058,1.4662444892457407,-0.647067032830051,-0.8191774564157217,-1.0643499333469568,0.0612278885861606,1.0031220447618707
1.254509018036072,0.2489084387945661,0.05086313150219791,472.8955488215795,-0.012839110608445378,0.3207004489960439,0.16307644102790517,-0.4837768900231038,-0.011547601808472224,1.2784514520551646,-1.266903850246691,0.47920446526894217,-1.1878528934606059,0.7086484281925071
1.2585170340681362,0.24890976582433935,0.050865601054638845,474.4065484231437,-0.011301858835294333,-0.353630809159884,0.47338294435317524,-0.11975213519253791,-1.4676273001571063,0.7999033789494223,0.6677239212077118,1.1216269504073009,-0.2032353617162379,-0.9183915886903189
1.2625250501002003,0.24891105679749478,0.05086776644153109,475.91754857574404,-0.009898218421099869,-0.3629694138702188,-0.10649968637199557,0.4694691002429491,-0.1639025801349701,-1.1828277680237753,1.346730348158751,-0.34511120720623434,1.1635436758626645,-0.8184324686556997
1.2665330661322645,0.24891231506319644,0.050869642159455324,477.4285486523888,-0.008630315003414024,0.31025157709851814,-0.48611704666368594,0.1758654695659082,1.4480320272759364,-0.9413060945636896,-0.5067259327122745,-1.1628696637957818,0.34233005444213793,0.8205396093544213
1.2705410821643286,0.24891354051240222,0.050871247591638406,478.93954823551206,-0.007495101312541864,0.40005720066026085,0.04839901448079742,-0.44845621514035244,0.33701003384259554,1.0702959557445422,-1.4073059895871447,0.2060911912678819,-1.1226055865905824,0.9165143953234098
1.2745490981963927,0.248914735322015,0.05087260640062843,480.4505470568938,-0.006486281140042115,-0.2624400190468326,0.49191022012187274,-0.22947020107439153,-1.4077421578119436,1.069255944132416,0.3384862136795515,1.1874938672917454,-0.4765278911789888,-0.7109659761121438
1.2785571142284569,0.2489158990063714,0.05087374278279199,481.9615449641404,-0.005595416051634027,-0.4314324003006555,0.010398641247070704,0.42103375905420676,-0.5053016441352756,-0.9424699802191348,1.4477716243544236,-0.06413215683253314,1.0656286708786933,-1.0014965140455407
1.282565130260521,0.2489170280293353,0.0508746798552109,483.4725418895349,-0.0048128571202780135,0.2108740197590886,-0.4906745940344555,0.2798005742759461,1.3473346026084256,-1.1819252722853364,-0.16540933032311758,-1.1951488715638623,0.6039118435574834,0.5912370280069856
1.2865731462925851,0.24891812419849058,0.05087544217959671,484.98353781659813,-0.0041286567300731275,0.4566459992025557,-0.069049862144371,-0.38759613705763934,0.6663714306773599,0.8011736001837935,-1.4675450308611682,-0.07874074641614587,-0.9934252893261318,1.0721660357428364
1.2905811623246493,0.24891918598018192,0.05087605137304227,486.4945327649058,-0.003532964394272176,-0.15629299265596117,0.48242918436116056,-0.32613619170466884,-1.2676719437834467,1.2777034816380237,-0.0100315378545512,1.1857263909114895,-0.722664364927732,-0.463062025983253
1.2945891783567134,0.24892021271863501,0.0508765277508698,488.00552678135364,-0.0030162236570636805,-0.4753359311782249,0.12671831343026282,0.34861761774847877,-0.8179182690820292,-0.6484277950156918,1.4663460640977373,0.22048576726670016,0.9070282132270222,-1.127513980493221
1.2985971943887775,0.2489212038552286,0.05087688982359621,489.5165199294844,-0.0025693921128795033,0.09947575158855318,-0.46728981236114575,0.36781406077306766,1.1698926421405638,-1.3552221866206353,0.18532954448004804,-1.1593607341077352,0.831088777835238,0.32827195627299705
1.3026052104208417,0.24903255980230382,0.05089104992316299,491.0277158022167,0.002797556813018718,0.5003865501553504,-0.16779652283971003,-0.3325900273150858,0.9543446890734851,0.4916132102588637,-1.4459578993323905,-0.34188018329576164,-0.7979183203835725,1.1397985036798781
1.3066132264529058,0.24903241098075335,0.05090340333877007,492.53914078759203,0.012937629110143681,-0.06578607301528656,0.4711674255210283,-0.4053813525052669,-1.058824547656008,1.4120484732026886,-0.3532239255466537,1.0949566173889032,-0.9001416950229153,-0.19481492236554976
1.31062124248497,0.2490276903874429,0.050909778824195416,494.05044998718427,0.019361292656726623,-0.5092106082075384,0.2239251341840301,0.28528547402390625,-1.0806383424610113,-0.3222604314367401,1.4028987738976346,0.4718256588259352,0.6895736191130853,-1.1613992779388123
1.314629258517034,0.24902385303625646,0.05091235327933391,495.5616685978354,0.023022534468352916,0.00491538875693881,-0.444562130178203,0.4396467414215031,0.9296594431397374,-1.4505783033304924,0.5209188601907379,-1.03856944551704,0.982418172342735,0.056151273174567556
1.3186372745490982,0.2490207109653313,0.050912337124154376,497.0728188782655,0.024713109663695353,0.5099391485804239,-0.27716018823028604,-0.23277896034981993,1.1917816272117887,0.1488646636511763,-1.3406462908629695,-0.595845833626848,-0.572235165872057,1.1680809994992556
1.3226452905811623,0.2490180786104676,0.050910613820299724,498.58391800024964,0.025028503074197142,0.05607697329680876,0.4115033370004365,-0.4675803102969771,-0.7872012987169967,1.468388229269988,-0.6811869305530045,0.9673846967611138,-1.0507648196834571,0.08338012292259511
1.3266533066132264,0.24901581773802406,0.050907829597839016,500.0949791470364,0.02441274061886758,-0.5033101644750461,0.3264218278186853,0.17688833665700038,-1.2858962346956464,0.026671020981735183,1.2592252137138733,0.7114250004953896,0.4466936865305339,-1.1581186870254634
1.3306613226452906,0.24901382655384635,0.050904450783572336,501.60601239700196,0.023193808410751988,-0.11628196074156874,-0.3725074739873054,0.4887894347291656,0.6334829324301035,-1.4652091577976223,0.8317262253675554,-0.882378971928992,1.1041479730230062,-0.22176900109365996
1.3346693386773545,0.24901203081060885,0.050900807939259274,503.1170254177164,0.021611193671327338,0.48944263358349055,-0.37100059656105344,-0.11844203702217981,1.3616337558523435,-0.20183256761822643,-1.1598011882341441,-0.8168834051634276,-0.3147431591516502,1.1316265643153625
1.3386773547094186,0.24901037699161915,0.050897129901879494,504.62802400996077,0.01983723751313114,0.17482504314396757,0.3281566977483865,-0.5029817408924283,-0.4707048762082395,1.4410863734215327,-0.97038149721332,0.7847563992056843,-1.1417792831965832,0.3570228839907977
1.3426853707414828,0.2490088270957858,0.05089356992807056,506.13901253345404,0.017993643427523742,-0.4685519916540918,0.41025973733384347,0.0582922543201827,-1.4179102506862187,0.37411323127093477,1.0437970194153126,0.9106948194812543,0.17827307972638418,-1.0889678992077352
1.3466933867735469,0.24900735459639317,0.05089022565825752,507.6499942394811,0.016164201518831668,-0.23086336787948375,-0.27910035494363766,0.5099637228230518,0.30119600560090254,-1.3963650384112822,1.0951690328103734,-0.6759083614313387,1.16310557132817,-0.4871972098968913
1.350701402805611,0.24900594256122405,0.05088715467498867,509.16097152964613,0.014404545485543294,0.440947904128754,-0.44364064551811133,0.0026927413892804328,1.4539211289477454,-0.5410489190756659,-0.9128722098721087,-0.9915053028949982,-0.03923882002395726,1.0307441229189076
1.3547094188376752,0.24900457667601694,0.05088438477439507,510.6719461597868,0.012749679794994404,0.2835942295519,0.2260481943915717,-0.5096424239436337,-0.1273805877748261,1.3316847181228684,-1.2043041303479425,0.5573899297512667,-1.1678123794170636,0.6104224496654795
1.3587174348697393,0.24900325017133415,0.050881923913669413,512.1829193900759,0.011219506396855723,-0.40703452630356596,0.47067024794403106,-0.06363572164102606,-1.4691514382341968,0.7002524300667659,0.7688990081678375,1.0581536128308677,-0.10036851750765126,-0.9577850953243434
1.3627254509018034,0.24900196032726274,0.05087976771746228,513.6938921124773,0.009823288875079482,-0.332263686180694,-0.16976453830558355,0.5020282244853045,-0.04825621521268625,-1.2479701789097883,1.2962263941224983,-0.43089672031071374,1.1558286590151092,-0.724931938705515
1.3667334669338675,0.24900070214743997,0.050877900042892416,515.2048649437044,0.008562879016295015,0.36729957457012596,-0.4909643958021814,0.12366482123110178,1.4633831701842879,-0.8494477658656528,-0.613935404318524,-1.1096807670315465,0.23854934089081625,0.871131426139667
1.3707414829659317,0.24899947676562795,0.05087630200889952,516.7158382907518,0.007434978096206707,0.37617835708324204,0.11105758224210345,-0.4872359393262402,0.22320373637113933,1.1464203625968596,-1.3696240989679807,0.2982381903409413,-1.1273245830791987,0.8290863927373482
1.3747494989979958,0.248998283639607,0.05087495011352116,518.2268124068589,0.006432947796798215,-0.3223144664979495,0.5042361291149996,-0.18192166261796508,-1.436699833884856,0.9865027155224921,0.4501971183622548,1.1453483003400176,-0.37332602233671197,-0.7720222780040947
1.37875751503006,0.24899712292229567,0.0508738205838126,519.7377874454697,0.005548420700619908,-0.41471013451733574,-0.05076502852808915,0.46547516304454667,-0.3949603265270577,-1.0284826658625879,1.4234429923896135,-0.16131174095693984,1.0827028412120292,-0.9213911002559334
1.382765531062124,0.2489959943335577,0.05087288805409814,521.2487634690825,0.004771669142127331,0.2727252520139389,-0.5102986322845868,0.23757338026990485,1.389481576419078,-1.1094570203447858,-0.2800245560741836,-1.1646451558720525,0.5027708350415361,0.6618743208296647
1.3867735470941882,0.24899490103796004,0.050872130114271684,522.7597404907017,0.004092713797243581,0.44731196064983253,-0.010248456294033544,-0.4370635043564918,0.561072951858863,0.8958486308654092,-1.4569215827242274,0.022076203067029558,-1.0226060159994943,1.0005298129317397
1.3907815631262523,0.24899384185744697,0.05087152461158934,524.2707184909594,0.003501763677333279,-0.2192384692016105,0.5090646122648145,-0.28982614306391463,-1.3224054537618226,1.2165555283169416,0.1058499254447767,1.1672935897644736,-0.6250305918848881,-0.5422629978801858
1.3947895791583165,0.24899281784915744,0.050871051183395556,525.7816974196742,0.0029892323908403684,-0.4735175076691672,0.07111258891836497,0.4024049187501055,-0.7191659811946085,-0.7504097224918881,1.4695757036864405,0.11747760390787337,0.9478893360997575,-1.0653669400082837
1.3987975951903806,0.24899182944126683,0.0508706913347664,527.292677214562,0.0025461592417995085,0.16262154559156958,-0.5005548336778616,0.33793328808567447,1.2364292483607224,-1.3062664551152823,0.06983720675465657,-1.15325707146026,0.7383584313758668,0.4148986400836725
1.4028056112224447,0.24887965722249242,0.05085565217838594,528.8034270089164,-0.0034719056563588084,0.4813080901463588,-0.1472896850229372,-0.33401840512405273,0.8706903630211742,0.5893591084305688,-1.4600494714517225,-0.2708826299815942,-0.8716342242872291,1.1425168542682402
1.4068136272545089,0.24888094049494314,0.05084380344536874,530.3139834051484,-0.013348258017835799,-0.07801723059017544,0.4602964231934168,-0.3822791926036706,-1.129631217909914,1.3789913952084,-0.24936017729857782,1.1456269058813568,-0.8678753319437764,-0.27775157393792116
1.410821643286573,0.24888562461212757,0.05083769477392306,531.8246524676806,-0.019605345629999514,-0.49014005421720586,0.20281625028645253,0.28732380393030765,-1.005977934595622,-0.4248723763436886,1.4308503109392314,0.40869822469323824,0.7683782244599161,-1.1770764491535313
1.4148296593186371,0.24888942422094468,0.050835299270648476,533.3354107754061,-0.023147831344048287,0.01941368747660808,-0.4358705187071915,0.41645683122888993,1.0093389527423893,-1.4297723766840125,0.42043342394108674,-1.09674624488777,0.9599000019737713,0.13684624291334505
1.4188376753507013,0.2488925395921429,0.05083543206336122,534.8462364014109,-0.02475496687722152,0.4923093972977097,-0.2548341805265562,-0.23747521677260597,1.1266375370246382,0.25392391551396054,-1.3805614525382555,-0.5399605192139577,-0.6535108020487232,1.1934713212611263
1.4228456913827654,0.24889515044401178,0.05083722665995001,536.3571123933694,-0.025013676062528176,0.03941467351394369,0.40532366674165615,-0.4447383402570134,-0.8746315043279571,1.4601153559840707,-0.5854838516561804,1.032148236225147,-1.038096909996489,0.005948673770004742
1.4268537074148295,0.24889739418688106,0.050840049338026334,537.8680257644569,-0.02436078051671368,-0.4875172113400914,0.3032220216805778,0.1842951896584742,-1.2311928984541927,-0.07936048656440942,1.3105533850184157,0.6634284142391245,0.5293301638552215,-1.1927585780952692
1.4308617234468937,0.24889937155828287,0.05084344342633531,539.3789665819309,-0.023118945433200425,-0.09766305113706102,-0.36904236044592487,0.46670541158220014,0.7274350496662423,-1.4695933547452353,0.7421583050790376,-0.9527933216980131,1.1014004301157743,-0.14860710841859728
1.4348697394789578,0.24890115604967575,0.05084708556487679,540.8899272902197,-0.021523642958443504,0.4758049178171807,-0.3472938341225605,-0.12851108369535763,1.3181513853003686,-0.09632970057535706,-1.2218216847249808,-0.7773656874877747,-0.39760961422058727,1.1749753017074642
1.438877755511022,0.24890279915164182,0.05085075125997153,542.4009021721455,-0.019744276622786956,0.15451500768214582,0.327519564190908,-0.48203457187386445,-0.5698479705574805,1.4580712578198871,-0.8882232872623983,0.8598264664421345,-1.1489327061768602,0.28910623973397187
1.442885771543086,0.24890434199192282,0.050854293415024836,543.9118869367238,-0.017900181341467748,-0.4573218321618731,0.3864194952872077,0.07090233687385498,-1.3862717918171783,0.27063927766785517,1.1156325141492216,0.880163917379442,0.2602278935429577,-1.1403918109231062
1.4468937875751502,0.2489058082384345,0.050857615767696214,545.4228783826613,-0.016073517428950804,-0.20916355176775972,-0.2813330746142128,0.49049662638103997,0.4041216084350723,-1.425713794572403,1.0215921861373614,-0.7545804974794056,1.1800302065113577,-0.42544970903292584
1.4509018036072143,0.24890721702522003,0.0508606634612703,546.9338741426769,-0.014318791033163646,0.4323210251030382,-0.4200381231688608,-0.012282901935064924,1.43458466179728,-0.44108010567292855,-0.9935045561242423,-0.970369089364707,-0.11914391997762988,1.0895130093413439
1.4549098196392785,0.2489085787434,0.050863409146881935,548.4448724926341,-0.012670048855866886,0.2608314447313811,0.23113282093712156,-0.49196426566935,-0.2326216780662773,1.3729855380671812,-1.1403638600009192,0.6385613228254536,-1.194260257505769,0.555698934679491
1.4589178356713426,0.24890990017478215,0.050865845459578195,549.955872193337,-0.011146577167583134,-0.4011493354118817,0.44766387009671255,-0.04651453468569332,-1.4623908811010449,0.6052155031440899,0.8571753779568386,1.0466953361863667,-0.023631747463367353,-1.023063588723745
1.4629258517034067,0.24891118760413794,0.05086797946912999,551.4668723643725,-0.00975731293248726,-0.3087780452568849,-0.17763016109186955,0.48640820634798515,0.05779680348607011,-1.3006297218013094,1.2428329183151952,-0.5134220020730738,1.1914178753995253,-0.6779958733271425
1.4669338677354709,0.2489124437339,0.05086982567859392,552.9778724044595,-0.008503720209187637,0.3642474618423398,-0.4688998670229331,0.10465240517996513,1.4693007977041812,-0.7607022580493341,-0.7085985396547292,-1.1080605644498607,0.16606077973311772,0.9419997847160009
1.470941883767535,0.248913667061196,0.05087140408046309,554.4888719159948,-0.007382285887600786,0.3523198009722118,0.12158763869352932,-0.4739074396663727,0.1178536348419093,1.209692434666811,-1.3275460695087131,0.3809537218973805,-1.1715541264132663,0.7906004045152593
1.4749498997995991,0.2489148585970047,0.05087273810215193,555.9998706452691,-0.006386420170361193,-0.32214081678726,0.4834396665812025,-0.1612988497945988,-1.4552108974693254,0.905316868360212,0.5498940291089971,1.1535890886405236,-0.30611135515990334,-0.847477733481166
1.4789579158316633,0.24891601717169626,0.05087385151336273,557.5108684540631,-0.005507420454279526,-0.39083057429640733,-0.06380471300801159,0.45463528730378355,-0.29181961427936526,-1.1014633985910243,1.3932830128703655,-0.24304525920522052,1.1349481344096033,-0.8919028752050073
1.4829659318637274,0.2489171436384879,0.050874769350460945,559.0218652738909,-0.0047357589654027496,0.275430579115439,-0.4910747617939197,0.2156441826779259,1.4203240688094547,-1.0369932205206653,-0.3833308482886775,-1.1826327115706956,0.44178434523254856,0.7408483663374786
1.4869739478957915,0.2489182369826987,0.050875514814080466,560.532861095997,-0.004061402230975431,0.4237599566956449,0.00510589089181427,-0.4288658475879691,0.4616152456522452,0.9774940506890839,-1.43910929634129,0.10166752357243206,-1.082125992265725,0.9804584686927557
1.4909819639278556,0.24891929446726302,0.05087610847419892,562.0438559413877,-0.0034745679680814406,-0.22478134468046587,0.49169323634048234,-0.26691189166055285,-1.365139505458741,1.1538500980271627,0.21128940743147145,1.194776934394724,-0.57114165569984,-0.6236352786953084
1.4949899799599198,0.24892031757085753,0.050876571854204,563.5548498625178,-0.0029656611113492576,-0.45063611803229253,0.0536683330121819,0.396967785019585,-0.6248140925748439,-0.8395545138450411,1.4643686064198347,0.04116086177560839,1.0138419000763743,-1.0550027618524704
1.498997995991984,0.2489213051565983,0.0508769228568985,565.0658429209027,-0.0025257852211850685,0.17091732980009466,-0.48528555872489926,0.3143682289243499,1.2904449418057944,-1.2542168960917963,-0.036228045713897955,-1.1898482425252832,0.6923358023965545,0.49751244012816787
1.503006012024048,0.24903400054215422,0.050892648182443476,566.5770888700689,0.00403414790386381,0.4809799694568738,-0.0937401969444046,-0.3872397725128825,0.7752574703037778,0.6941027380755372,-1.4693602083792618,-0.16954961342617147,-0.9170698365752682,1.086619450000972
1.5070140280561122,0.2490319214852316,0.05090424121787285,568.0884994611758,0.013717055362420153,-0.1412178641337144,0.49532115764875706,-0.35410329351553615,-1.200169061446273,1.3346328867893609,-0.13446382534317938,1.1437688728488067,-0.7777798794869195,-0.3659889933622778
1.5110220440881763,0.24902728370933344,0.05091017684245027,569.599798657405,0.01982897137568927,-0.4980849839880161,0.1523314579113596,0.34575352607615883,-0.91840011757842,-0.5344224384192475,1.4528225559975945,0.3055811819403541,0.8236573985782286,-1.1292385805190173
1.5150300601202404,0.24902352383863507,0.05091245034188805,571.1110096881907,0.02326573541653092,0.08170158268985868,-0.4772829771402105,0.39558139445004054,1.0904015866877694,-1.3985294224512412,0.3081278357636565,-1.1072345887265846,0.8760820493254007,0.23115253940065203
1.5190380761523046,0.2490204387553667,0.050912232163527346,572.6221542744619,0.024797995752127305,0.507990896485666,-0.20945939893427462,-0.2985314975516145,1.0487563237812347,0.36725046728518945,-1.4160067910663143,-0.43780896391513535,-0.7190135281196277,1.1568224920344752
1.5230460921843687,0.2490178479615437,0.050910379545706146,574.1332491524944,0.0250045906019744,-0.0209576717423737,0.452325740115298,-0.4313680683731493,-0.9650419135894741,1.4424446876224168,-0.47740277403291276,1.054927124247479,-0.9619653288411918,-0.09296179540654737
1.5270541082164328,0.24901561724446133,0.050907518820721684,575.6443071662004,0.024316769434813285,-0.5105731974416656,0.26359228450795397,0.24698091293345464,-1.1641294841245555,-0.19481754229773843,1.3589470264222232,0.5638497405771745,0.6040799827245871,-1.1679297233019232
1.531062124248497,0.24901364786114163,0.050904101259966014,577.1553381301323,0.023052752776897976,-0.04010734251905311,-0.42084763463390973,0.46095497715291683,0.8258810122960597,-1.465743198616688,0.6398621863207228,-0.9875558430413854,1.034156048282469,-0.04660020524121075
1.535070140280561,0.2490118678707417,0.05090044611336086,578.6663495073124,0.021444600570951166,0.5058154858762562,-0.31394677309284785,-0.191868712783743,1.2628669042909713,0.019593092856697664,-1.2824599971475736,-0.6818775607359691,-0.4804945061715753,1.1623720669070927
1.539078156312625,0.24901022547781873,0.05089677377019414,580.1773469404038,0.019659037011062645,0.10060416104060765,0.38332226419581766,-0.48392642523693896,-0.6749109072115783,1.4680912202565204,-0.7931803130449805,0.9060698760095934,-1.0915975953044657,0.18552771929441117
1.5430861723446891,0.24900868396696296,0.05089323124826558,581.6883346673029,0.017813545824836824,-0.4938010598307016,0.35980073025976367,0.13400032957039493,-1.3435555595561954,0.15591533980477926,1.1876402197513105,0.7901881682728817,0.35002406462521063,-1.140212232898535
1.5470941883767533,0.24900721775346732,0.050889911623681644,583.1993158457819,0.01598877174215334,-0.15966016039371309,-0.3403011847118001,0.49996134510497087,0.5142914923042582,-1.4494552219930381,0.9351637296888111,-0.8116278847490958,1.1334535476747767,-0.32182566292627346
1.5511022044088174,0.24900581057072457,0.050886869215660255,584.7102928053954,0.01423801189160788,0.47471268209619943,-0.40050002474507623,-0.07421265735159469,1.4050431306570355,-0.3291976786365997,-1.075845452020327,-0.8872222372182141,-0.2145365306542552,1.1017587678718932
1.5551102204408815,0.24900444811742728,0.050884128918583425,586.2212672479602,0.012594584101973283,0.21642826825069983,0.29240893112341326,-0.508837199374577,-0.34632006154723854,1.4101032197892633,-1.063783158242052,0.7055781367604329,-1.1591168731929504,0.45353873643209097
1.5591182364729457,0.24900312650622694,0.05088169908506925,587.7322403931914,0.011077189070836213,-0.4488296058005159,0.4354642889807509,0.013365316819100297,-1.4464465591814362,0.4977756252372588,0.9486709339440036,0.9715835801700529,0.0759710769326069,-1.0475546571030516
1.5631262525050098,0.2490018381981152,0.050879571180699475,589.2432131044673,0.009694287236944397,-0.2700961934023362,-0.24033494924251297,0.5104311426442933,0.17339778854428445,-1.3505949976837215,1.1771972091394522,-0.5894358699652801,1.1682145156859267,-0.57877864572123
1.567134268537074,0.24900058335405154,0.0508777312457143,590.7541859695817,0.00844699265744438,0.4165284291869281,-0.46419705900564484,0.04766862981824056,1.4671759427400368,-0.6592389907455083,-0.8079369519944138,-1.042063205804812,0.0636885485587251,0.9783746572454961
1.571142284569138,0.24899936206961043,0.050876158722723754,592.265159380267,0.007331658305513953,0.31989724856981394,0.18482578932174232,-0.5047230378920045,0.002003041138083153,1.2717825132948677,-1.2737855544329497,0.46486267882742355,-1.1606135052226354,0.6957508263947767
1.5751503006012022,0.24899817049204442,0.05087482931286693,593.7761335837561,0.006341560305738597,-0.37827267596046915,0.4862899308233732,-0.1080172548633832,-1.4669367867485583,0.8112805202406999,0.6556562665077438,1.0976504091997694,-0.20244339362307912,-0.8952070155770526
1.5791583166332663,0.24899701322440615,0.05087371960395031,595.2871087143999,0.0054679374384697145,-0.3651215889431503,-0.12667960084832888,0.4918011897910172,-0.17737556087540712,-1.1747949857119873,1.3521705465873781,-0.3336403601849729,1.136423588083631,-0.8027832278991064
1.5831663326653305,0.24899588874254208,0.05087280557152973,596.7980848344016,0.0047011504985687525,0.33461042690917914,-0.501428596995527,0.16681817008597363,1.4457322811196387,-0.951727488487218,-0.494004792632308,-1.1375484546373062,0.33830815196778263,0.7992403026690323
1.5871743486973946,0.24899479817285686,0.05087206359260122,598.309061954877,0.004031268246098856,0.40512285944632254,0.06672474614988329,-0.4718476055965604,0.35021221830121807,1.0610157732370633,-1.4112279915382553,0.19764564668650647,-1.0959877642572493,0.8983421175703749
1.5911823647294587,0.248993742275908,0.05087147191576386,599.8200400479724,0.0034483842251594216,-0.28616781407411496,0.5093985134437482,-0.22323069937002146,-1.403864374596799,1.0785714918379268,0.3252928827587614,1.1611870827878934,-0.4693400606179152,-0.6918470221702525
1.5951903807615229,0.24899272162668176,0.050871010413893754,601.3310190640962,0.0029430204044831993,-0.43933115132800676,-0.00581959985304541,0.44515075118067043,-0.5180436197404716,-0.9320728431613973,1.450116462901828,-0.05882325122757241,1.039884967369378,-0.9810617161421584
1.599198396793587,0.24899173654695575,0.05087066078286925,602.8419989384579,0.002506240525268646,0.23363711547527372,-0.5100864603824304,0.276449344906845,1.3419322779259324,-1.190000136595081,-0.15193214133074734,-1.1682278518226201,0.5936650629323752,0.5745627888898276
1.6032064128256511,0.24887863670929466,0.05085421481613184,604.3527014598158,-0.004628122354878601,0.4594019480816013,-0.07486354237053441,-0.3845384057113056,0.6824205392676039,0.7856804634273487,-1.4681010026948835,-0.09290317917626342,-0.9848199775087663,1.0777231566847414
1.6072144288577153,0.2488814454789753,0.05084298579859556,605.8632694860947,-0.014117511625855717,-0.15034633347605603,0.4814803220774919,-0.33113398860186877,-1.2582712017236306,1.2867813510176782,-0.02851014929414805,1.1838635700821516,-0.7343025936286436,-0.44956097645383253
1.6112224448897794,0.24888604171431264,0.050837312624492495,607.3739485584496,-0.02006367800454101,-0.47720096637505666,0.13293612063130586,0.34426484574331523,-0.8332430498126226,-0.631802152249682,1.4650452020622389,0.23498090126886287,0.897429324355196,-1.1324102256244384
1.6152304609218435,0.24888976436472374,0.05083521524152498,608.8847144520087,-0.02338241787291822,0.0932631917881146,-0.46540480906438075,0.3721416172757248,1.1586312572356265,-1.3623045794666928,0.20367332223091167,-1.155777674835554,0.8417647538722259,0.31401292096257744
1.6192384769539077,0.24889282203867943,0.05083554744156236,610.3955457525772,-0.024832511637265305,0.4882038292039558,-0.18850546510937188,-0.2996983640950998,0.9717566227438408,0.4689194618222074,-1.440676084566082,-0.37330177113690083,-0.7967060380137962,1.1700078091502661
1.6232464929859718,0.24889539087844628,0.05083746919426856,611.9064259817349,-0.02498328385576385,-0.03491037291237315,0.442778479071625,-0.40786810615969993,-1.042440105382002,1.4183518994172886,-0.3759117940353826,1.1111206378143286,-0.9370904318766552,-0.17403020593800816
1.627254509018036,0.24889760406031583,0.05084036656722296,613.4173424790391,-0.024259111534716157,-0.49229553180570623,0.24138084742857355,0.25091468437647246,-1.0963751245514475,-0.29934745645488336,1.3957225810062324,0.5062140639767101,0.6846092498676069,-1.1908233138448798
1.6312625250501,0.24889955926887192,0.050843797893912496,614.9282855758189,-0.022972896018364934,-0.02391811575116943,-0.41388348269149056,0.4378015984421504,0.9113602927456286,-1.4541297768456825,0.542769484100119,-1.050568781687721,1.0189647963869082,0.03160398530023087
1.6352705410821642,0.24890134493826813,0.05084746336049628,616.4392479363956,-0.021352305631117747,0.48939172810277565,-0.2908229228397325,-0.19856880526425952,1.2053311004246041,0.12550971419893314,-1.3308408146235569,-0.6318451271843901,-0.5627559345226185,1.1946010617062834
1.6392785571142283,0.24890295931720247,0.05085111017646882,617.9502239532363,-0.01956234674111255,0.08239818403803942,0.3791078460802127,-0.4615060301187457,-0.7672617706064296,1.4691278967375925,-0.7018661261312171,0.9750023032600172,-1.086243776336328,0.1112414730758805
1.6432865731462925,0.24890449324996322,0.05085463388867243,619.4612095119259,-0.017716773304231572,-0.47953121533384396,0.3361103524822845,0.14342086285061834,-1.2970432432006103,0.05012699748986424,1.246916245710572,0.7484146782197237,0.4328589704455884,-1.1812736486661315
1.6472945891783566,0.24890595293266166,0.05085793088729266,620.9722014800664,-0.015895220147437508,-0.13970348645817185,-0.3389323053284855,0.47863579178579324,0.6122012495114884,-1.4631316352099641,0.8509303856985229,-0.8855069086575367,1.1379816416491275,-0.2524747329925124
1.6513026052104207,0.24890735503388825,0.05086094896134332,622.4831975662014,-0.014149768204336478,0.462831870849146,-0.3766131602273266,-0.08621871062234844,1.3702293324156511,-0.22504061462800196,-1.1451887177875437,-0.8542737337687967,-0.2968001154913675,1.1510738492595363
1.6553106212424848,0.24890871220362484,0.05086366403814695,623.9941960996651,-0.012512796626017142,0.19501739930735398,0.2939228289742253,-0.4889402282820995,-0.4483940373927325,1.4362278179700998,-0.9878337805774029,0.7833651872845354,-1.1734508941553625,0.3900857068703518
1.659318637274549,0.24891003176639173,0.050866070455280535,625.5051958787985,-0.011002467489855861,-0.43952437196059396,0.4117426907779001,0.027781681182128655,-1.4238302971997123,0.3967367256261727,1.0270935715734275,0.9479115534435442,0.1565104535127685,-1.1044220069567519
1.6633266533066131,0.2489113158424597,0.050868174771310094,627.0161960607217,-0.009626695957843675,-0.24755168825909574,-0.24471366492376637,0.4922653531822421,0.27817937767703294,-1.3888000125909237,1.1106206349139112,-0.6700349947894466,1.1921469480825402,-0.522111953293695
1.6673346693386772,0.2489125673314645,0.05086999330415708,628.5271960637278,-0.008386444628911556,0.409943632028446,-0.44099764169023814,0.031054009661288913,1.4570882559406424,-0.5627639758178001,-0.8943242801227282,-1.0280026318918736,-0.01399230426453291,1.0419949361557888
1.6713426853707414,0.24891378703008307,0.05087154619952063,630.0381955054504,-0.0072778563494945835,0.29655325337896393,0.19200746759604692,-0.488560720975469,-0.10398861882309665,1.3215214699329658,-1.2175328511098777,0.5471345002605635,-1.1938057027003834,0.6466712024393816
1.6753507014028055,0.24891497532453744,0.05087285732504447,631.5491941501431,-0.006293959825564269,-0.3745040073415176,0.4639545135551207,-0.08945050621409634,-1.4695182630611947,0.7207473489833067,0.7487709140777737,1.0933978775205633,-0.12872065784968864,-0.9646772196712537
1.6793587174348696,0.24891613183541877,0.050873950564375346,633.0601918598901,-0.00542613131188149,-0.34132227140353333,-0.13655380492809255,0.47787607633115814,-0.07168790666584382,-1.2353581810502847,1.3070460877161227,-0.4164202899468317,1.1784057058456017,-0.7619854158992435
1.6833667334669338,0.24891725491348557,0.05087485023008551,634.5711885808929,-0.0046645720842240284,0.33371066024048973,-0.48028423133601195,0.14657357109512725,1.4609482281420225,-0.8684309370838224,-0.5925172910580864,-1.1431674874852693,0.2695897819831359,0.8735777055016241
1.687374749498998,0.24891834380648917,0.05087557927550953,636.0821843047077,-0.003999340402301748,0.381217678389538,0.07914705853912965,-0.46036473692925056,0.24634031147607455,1.1315400521922565,-1.377880363668391,0.2797585846925385,-1.1461683720829154,0.8664097873899765
1.691382765531062,0.2489193987712328,0.0508761595953436,637.5931790555168,-0.003420671670970675,-0.28814759739402607,0.4897528117829564,-0.20160521438939508,-1.4314991545820912,1.00370351738513,0.42779563719684843,1.1766016545202884,-0.4066042476364903,-0.769997406884146
1.6953907815631262,0.24892041831053188,0.050876611045145,639.1041728878981,-0.0029190133427799067,-0.41566735338451183,-0.02060475293202457,0.4362721063160855,-0.41747202689036483,-1.0115500077607722,1.4290220346511036,-0.13910186477672315,1.0975527007876633,-0.9584508360113698
1.6993987975951903,0.24892140230123466,0.050876951837391715,640.6151658643071,-0.002485533660190492,0.2384645473663678,-0.49222340807859405,0.25375886071184106,1.3815917456748408,-1.1246318474817805,-0.2569598981929536,-1.193222305716226,0.5378066035616323,0.655415702154099
1.7034068136272544,0.24903473758358322,0.05089408217599464,642.1264571867856,0.0051379819035343955,0.4498939400811631,-0.016863011363830713,-0.4330309287176203,0.578459366140954,0.8810437701015188,-1.4595031362423472,0.006705760766103533,-1.0156325993298145,1.0089268385633239
1.7074148296593186,0.24903142138951573,0.05090503824555107,643.6378575951721,0.01447158709547418,-0.2134366700028718,0.5081938534552196,-0.29475718345279933,-1.314168529858109,1.2268104945330363,0.08735803532497159,1.166519605083364,-0.6377002694588013,-0.5288193356249101
1.7114228456913827,0.24902687427530995,0.050910544557926735,645.149146876909,0.020276261993260405,-0.47560913389139486,0.07726421084504975,0.3983449230458922,-0.7352338647026138,-0.7344067058760629,1.4696405705786193,0.1323734561316962,0.9389700821016833,-1.071343538233785
1.7154308617234468,0.24902319109508836,0.05091252384900385,646.6603504165125,0.023492597626717803,0.15662801343485078,-0.4991289424078719,0.3425009289726817,1.2262966719814852,-1.314611899089165,0.0883152271078603,-1.150667010708733,0.7497813708627904,0.4008856398454335
1.719438877755511,0.2490201623818339,0.050912109003450966,648.1714893799021,0.024869793013846567,0.49446722753849526,-0.13698448706447972,-0.35748274047438267,0.8818327118186957,0.5772677923723272,-1.4591005041909388,-0.2697953830306342,-0.8494064502150409,1.1192018332452405
1.723446893787575,0.24901760927532113,0.05091013023005883,649.6825800932224,0.02497072482387881,-0.09751496001268788,0.4828449951343447,-0.3853300351219448,-1.120891732204673,1.383634419243096,-0.26274268703850323,1.1184299723739064,-0.8512465896697496,-0.2671833827043849
1.7274549098196392,0.24901540439682684,0.05090719840017748,651.1936349912618,0.024212216099286896,-0.5061964439440128,0.19475395080952024,0.3114424931373565,-1.0158273623779672,-0.41187005771163887,1.4276974200896788,0.40342499265750503,0.7477009241544409,-1.1511259168086352
1.7314629258517034,0.24901346237173577,0.05090374241889563,652.7046637072833,0.022904831037443493,0.03698165122354421,-0.459598449245873,0.42261679802546104,0.9994595671350996,-1.4328770751885593,0.433417508053519,-1.0702284751452487,0.9405980012491405,0.1296304738992137
1.7354709418837675,0.24901169818166802,0.05090007722405883,654.2156734719134,0.021272531318171792,0.5106626022143537,-0.2497389849169091,-0.2609236172941653,1.1353228349249551,0.24057220183266942,-1.3758950367575336,-0.5313332907464818,-0.6352964849421491,1.1666297756918276
1.7394789579158316,0.2490100673126852,0.05089641236272767,655.7266697706732,0.01947647147637574,0.024090734600470717,0.42975330235374326,-0.4538440369511251,-0.8637374543956802,1.4616422585026254,-0.5979048041070135,1.0067361721291304,-1.016540972684441,0.009804800558474186
1.7434869739478958,0.2490085343187055,0.050892888693039436,657.2376567208835,0.01762997162630174,-0.5077980434938323,0.3011430550909216,0.20665498840562652,-1.2385849007216307,-0.06583530258993084,1.3044202033114667,0.651675012854381,0.513798864110982,-1.1654738769625566
1.7474949899799597,0.24900707208942816,0.050889591943980836,658.7486373525703,0.015809670486310434,-0.08482013101391186,-0.3937411269878027,0.4785612579880396,0.7156692561103676,-1.4695260743586989,0.7538568182363721,-0.9288533438192683,1.0779708111941784,-0.14911746736799117
1.7515030060120238,0.2490056688658405,0.050886579923141474,660.2596140302455,0.014069261977044487,0.4976593072015414,-0.34823331463638946,-0.14942599256300543,1.3241449269995011,-0.10984504298581457,-1.2142998840135222,-0.7627201212421734,-0.38494476734916133,1.147664888593351
1.755511022044088,0.24900431207942847,0.05088387092862723,661.7705882914768,0.012437641889592298,0.14433043279263386,0.35210646651734906,-0.4964368993079895,-0.5573679372955305,1.4563880266010152,-0.899020089305527,0.8376880537790774,-1.1240077790816738,0.2863197253046429
1.759519038076152,0.24900299351937574,0.050881471317123526,663.2815613613677,0.010933435440404407,-0.48039905425996676,0.3903361399803857,0.09006291428144834,-1.390781393652942,0.28395608897863706,1.1068253046741998,0.8628744532447278,0.25057921602039945,-1.1134536692631627
1.7635270541082162,0.2490017094436578,0.050879373541875224,664.7925340655027,0.009564081351588203,-0.20177362341285776,-0.30542703422534584,0.5072006576399973,0.3910999410866672,-1.422440258962267,1.031340317875631,-0.7345427682787766,1.1539776744358508,-0.4194349061553238
1.7675350701402803,0.24900045829165826,0.05087756123531733,666.3035069710049,0.008330168393724623,0.45626522058982655,-0.4268519463728626,-0.0294132742152267,1.4375360235904857,-0.4540084427183894,-0.9835275808719838,-0.9506990815252104,-0.11262379310772264,1.063322874634557
1.7715430861723445,0.2489992392764029,0.050876013729569465,667.8144804542861,0.007227705532174264,0.2563273147454011,0.2543846301278461,-0.5107119448716045,-0.2192430823167883,1.368165857838464,-1.1489227755216918,0.6208943505104686,-1.1674568533465701,0.5465625028377715
1.7755511022044086,0.24899805223240354,0.05087470770681774,669.325454744911,0.006249596906070341,-0.4256108859934645,0.4572629107312977,-0.03165202473630505,-1.463748571970009,0.6175731411017765,0.8461754308681193,1.0249399793380531,-0.026947274740831265,-0.9979927045955819
1.7795591182364727,0.24899689752643978,0.05087361880764852,670.8364299719019,0.005387035553221053,-0.30721201011755334,-0.1997063621114697,0.5069183722305327,0.04425198938711211,-1.2943337716466674,1.250081782259562,-0.49836606689423546,1.1642463788042634,-0.6658803119085357
1.7835671342685369,0.24899577690756267,0.05087272288394872,672.3474061920655,0.0046303448910951575,0.38887155033312726,-0.481133178736292,0.09226162840465726,1.469038477026757,-0.7723104498263322,-0.6967280272003091,-1.0845306573118259,0.1661367334001143,0.9183939239130876
1.787575150300601,0.2489946898518004,0.050871996894217626,673.8583834111288,0.0039695582052077134,0.3537022102516881,0.14217738503198135,-0.4958795952822491,0.13137106454981812,1.2020052020452106,-1.3333762665950166,0.36871140127870394,-1.144394987737234,0.7756835864599505
1.7915831663326651,0.24899363752926765,0.05087141911911088,675.3693615987218,0.0033948047584223423,-0.34657611231145086,0.4981246834760888,-0.1515485711633409,-1.4533329548058307,0.9160097006704222,0.5373232541352959,1.1286202785688675,-0.3029544580885956,-0.8256658204788594
1.7955911823647293,0.24899262049220844,0.05087096960780694,676.8803407034814,0.002896656609216702,-0.3951337233404286,-0.08261905294367461,0.47775277628533513,-0.30511642867399297,-1.0924964408574025,1.3976128695313732,-0.23378377243827098,1.1081844484357652,-0.8744006759962515
1.7995991983967934,0.2489916390914396,0.05087063022859774,678.3913206610358,0.0024662764608633777,0.29932895869693205,-0.5079952404823666,0.2086662817866621,1.4168561890515166,-1.046617012032932,-0.37023917701847386,-1.156577874547969,0.4354437845351825,0.7211340900138998
1.8036072144288575,0.24887817198536366,0.050852865833420614,679.9019824487542,-0.005617041941900526,0.4274524663286881,-0.0010601826142597956,-0.42639228371330046,0.4789463779449341,0.9635684099247372,-1.4425147878696252,0.08724891787240055,-1.0754418630753968,0.9881929452040696
1.8076152304609217,0.24888189016322246,0.050842283886194044,681.4125596784195,-0.014791341128396888,-0.2192482677277352,0.491693449486935,-0.27244518175819704,-1.3582418336030115,1.1652493325903932,0.19299250101251236,1.1951269595436744,-0.5839956359194225,-0.6111313236231366
1.8116232464929858,0.24888640363524908,0.05083699373420976,682.923247661769,-0.020461782068293584,-0.4533896968125888,0.060029947801334874,0.39335974901219184,-0.6415222958183358,-0.8243351199313156,1.4658574157496025,0.05590844919631366,1.0060337248401545,-1.061942174035491
1.81563126252505,0.24889005807635964,0.050835158903806195,684.434020282455,-0.02358290038548391,0.16498702592523312,-0.4843313271292833,0.31934430120492435,1.2815189292534757,-1.2637901007923953,-0.01772882846104043,-1.1884725448285633,0.7044463401387036,0.48402620469059193
1.819639278557114,0.24889306461237792,0.05083566645071509,685.9448566382382,-0.024893920242999384,0.4729727943480258,-0.1178823254527876,-0.3550904688944253,0.7947299420811957,0.6732283374314113,-1.4679582795125408,-0.198135660811862,-0.9217466160863457,1.1198822768989667
1.8236472945891782,0.2488955966574304,0.050837699179140244,687.4557406263102,-0.02494964140443196,-0.10843878034599279,0.4701423762573455,-0.3617035959106912,-1.1864920849163214,1.3442651717823604,-0.157773086866102,1.1647732467303515,-0.8147295034666109,-0.35004374326300275
1.8276553106212423,0.24889778319865216,0.050840661114269645,688.9666598946717,-0.024162927361382612,-0.48585506408779605,0.17403951016293148,0.3118155539253578,-0.9365720172495352,-0.5125124933775194,1.449084510626966,0.33746407393287026,0.8242878764776601,-1.1617519504099727
1.8316633266533064,0.24889971918461365,0.05084412390394961,690.4776050097398,-0.022837999391634233,0.05037150125397394,-0.44929262749678367,0.3989211262428737,1.0745166958275831,-1.4055283141546182,0.33101161832693815,-1.1244044277869507,0.9133094443479591,0.21109498343924527
1.8356713426853706,0.2489014737448407,0.05084778546276247,691.9885688027724,-0.021196310902603457,0.4918349824128471,-0.22771323115384234,-0.2641217512588423,1.0650257716919176,0.3444795389699957,-1.4095053106618296,-0.4719245109460656,-0.715059997239211,1.1869845081853636
1.8396793587174347,0.24890309659354595,0.050851438156068234,693.4995458576897,-0.01939659782911552,0.008404559829490524,0.42205674279719385,-0.43046130262656856,-0.9471902553265219,1.4467053542293555,-0.49951509890290624,1.0679601759743143,-0.9988023526446796,-0.06915782332943177
1.8436873747494988,0.24890462288886364,0.05085494434524349,695.0105321104664,-0.017550368609119977,-0.4908133825265605,0.27814191818685274,0.21267146433970796,-1.178257701416297,-0.17152766388753765,1.3497853653037444,0.5996115284406855,0.5956263861680293,-1.1952379146086327
1.847695390781563,0.24890607704865728,0.05085821776524644,696.5215245362731,-0.01573383393999126,-0.06705958094673285,-0.38880859833713627,0.4558681792839631,0.8063303689631904,-1.4672081568449993,0.6608777878818672,-0.9962554478490128,1.0700023612121166,-0.07374691336308231
1.851703406813627,0.2489074767228744,0.05086120968436346,698.0325209057205,-0.01399705855034968,0.48279448310948536,-0.3246061024503293,-0.15818838065905305,1.2746513256263206,-0.003873420352848697,-1.270777905273385,-0.71871148207367,-0.4676930722446154,1.1864045543183221
1.8557114228456912,0.24890882969936848,0.05086389634187362,699.5435195961767,-0.012370932920909284,0.12476015520463118,0.35001366326205385,-0.4747738184665736,-0.6539490740331115,1.4667444242090846,-0.8127953501760236,0.9103184307187733,-1.125901782471218,0.21558335175261667
1.8597194388777554,0.24891014539974604,0.05086627461678358,701.0545194426558,-0.0108725420483428,-0.46788630049125024,0.36644028652365884,0.1014460139675955,-1.3528282382927075,0.17921848368201723,1.1736097546105342,0.8275302448105025,0.3330859254130401,-1.1606161702233921
1.8637274549098195,0.24891142628723506,0.050868352514660146,702.5655196292151,-0.009509057597069681,-0.18068293982206876,-0.30621999448868775,0.48690293431079734,0.4922219174492706,-1.4453177090066875,0.9530957915574838,-0.8113778336824012,1.1657071729671535,-0.35432933928479526
1.8677354709418836,0.2489126764397497,0.05087014635512018,704.0765195945436,-0.008280926202052168,0.4462955157232853,-0.40304469104251545,-0.04325082468067347,1.4116701047513884,-0.35200142709202775,-1.0596686776592557,-0.9245165234014658,-0.19372638773977374,1.1182429111412364
1.8717434869739478,0.2489138926263803,0.05087167620241093,705.5875189743714,-0.007183873963270427,0.23402924232529437,0.2580507137349214,-0.49207995606022664,-0.32346103992897235,1.4032367653015836,-1.0797757253726246,0.7008474295521862,-1.1888533075327357,0.48800587798060135
1.875751503006012,0.2489150786678767,0.05087296639818019,707.0985175383486,-0.006210858957341678,-0.41833080962357133,0.43389578035855225,-0.015564970734998157,-1.4503399997589572,0.5197545549253102,0.9305854448335339,1.008289930002276,0.05160382314648723,-1.0598937531486645
1.879759519038076,0.24891623242857008,0.05087404148771749,708.6095151598596,-0.005353053708033381,-0.2840357885388482,-0.20619017208525284,0.49022596062409757,0.15007714835696886,-1.341100643598785,1.1910234952418284,-0.5803054176447537,1.1950088751581935,-0.6147034575134644
1.8837675350701402,0.24891735221235156,0.050874924331475814,710.1205117903233,-0.0046006160519345635,0.3843861921382577,-0.4585490069770775,0.07416281483887092,1.4682809460061677,-0.680079224917258,-0.7882017210887946,-1.0776522964386672,0.0912520776991534,0.9864002187394487
1.8877755511022043,0.24891843845436645,0.05087563902729305,711.6315074235825,-0.003943637112911869,0.3299876222890262,0.15138284665694637,-0.48137046894592583,0.025451507361971496,1.2598007980201784,-1.2852523053821476,0.45147490195758505,-1.1840915257474853,0.732616623789955
1.8917835671342684,0.24891949010741557,0.050876206795513766,713.1425020904942,-0.0033722759349592256,-0.34494766143889216,0.47665200799155705,-0.13170434655267396,-1.4652386098821186,0.8306850831609951,0.6345535267210083,1.1316146327156704,-0.23280148085011532,-0.898813151865448
1.8957915831663326,0.2489205065401824,0.05087664743990598,714.6534958429256,-0.002877132749645049,-0.37122647912374446,-0.09440834246861661,0.46563482159235037,-0.20061684961456258,-1.1604949213065938,1.3611117709211418,-0.31619469236423453,1.1562530605324874,-0.8400583681682594
1.8997995991983967,0.24892148737830694,0.05087697898513001,716.1644887453269,-0.002449405138111303,0.30057772297892094,-0.48794459600083107,0.1873668730219478,1.4412555684859394,-0.9694192922956656,-0.47183627619016083,-1.1694058626086177,0.3710222728532481,0.798383589755296
1.9038076152304608,0.2490350245466676,0.050895539918349185,717.6758243583091,0.006202435989821438,0.40848534238922046,0.0603212133552502,-0.4688065557443641,0.3682453137882315,1.0482198029303265,-1.4164651167184905,0.18264458522472635,-1.0909924894012666,0.9083479041766175
1.907815631262525,0.24903093245081162,0.05090576799256479,719.1872137755022,0.015172360468128287,-0.28079151806708474,0.5094824208900476,-0.22869090282287113,-1.398221307576167,1.091033109302904,0.30718819827315386,1.1626845258561591,-0.4830880675157538,-0.6795964583401994
1.911823647294589,0.24902647450286153,0.05091087103535568,720.6984936435537,0.020686803010351574,-0.4422951202349613,0.00043354728094764997,0.44186157295408834,-0.5353138377800484,-0.9176574506725781,1.4529712884525847,-0.04385007152065734,1.032885240000583,-0.9890351684798199
1.9158316633266532,0.24902286444112243,0.05091257403684369,722.2096900735384,0.02369526946613823,0.22798777365412787,-0.5096025215484312,0.2816147478945229,1.3342497777053048,-1.2007393361054264,-0.1335104415998559,-1.1678786430884671,0.6063954096401855,0.5614832334484899
1.9198396793587174,0.24901988950200146,0.05091197526856833,723.7208237047978,0.024926605980834928,0.4696765653289107,-0.06138664704260227,-0.40828991828571903,0.6948152151090445,0.7741321126807998,-1.4689473277897762,-0.09563411229144318,-0.9604437733306397,1.05607788562258
1.9238476953907815,0.2490173791674856,0.0509098814190646,725.2319104298925,0.024927477537623283,-0.17185333848393985,0.5023566015427227,-0.33050326305832733,-1.2512018641427927,1.2932915507571616,-0.04208968661443743,1.1564466368782726,-0.721126519730702,-0.4353201171470567
1.9278557114228456,0.2490152069859715,0.050906880450259775,726.7429624354588,0.02410445408005858,-0.4902970359398488,0.12148085605302587,0.368816179887446,-0.8443943802733057,-0.6195316903959623,1.4639260706691994,0.23380859257870595,0.8742833898407156,-1.1080919824187279
1.9318637274549098,0.24901328009732385,0.05090339463151371,728.2539890253628,0.022756909721945544,0.11322876266666745,-0.48787755781373304,0.3746487951495706,1.1502647023509083,-1.3673613076766782,0.21709660532733943,-1.1285143162143798,0.825606848778795,0.3029074674379373
1.9358717434869739,0.24901153098590614,0.050899721426938896,729.7649972668391,0.021102582582396084,0.5038741676468201,-0.1798403557506759,-0.3240338118936651,0.9819091008402935,0.4560699537238694,-1.4379790545642095,-0.3686816482027216,-0.7756224302275513,1.144304078432839
1.939879759519038,0.2490099111952072,0.050896065014030004,731.2759924967186,0.01929737600082446,-0.052971996419854304,0.4663925032420815,-0.41342050681978415,-1.032883042612383,1.4218882155201584,-0.3890051729078515,1.0844625980482732,-0.9183208877548474,-0.1661417102909011
1.9438877755511021,0.2490083864602759,0.050892560428715414,732.7869787174856,0.01745065629802591,-0.5102246776220443,0.23562351341348997,0.27460116421086217,-1.1053915938337717,-0.28608600437504633,1.3914775982087475,0.4983123440079223,0.6658661441474775,-1.1641784881530217
1.9478957915831663,0.24900693301748925,0.050889292018206536,734.2979589062527,0.015637024484149394,-0.008044847200693664,-0.43822233473283323,0.44626718193573667,0.9007362330825961,-1.4560923305109599,0.5553560974284427,-1.0249116752364043,0.9979288735897166,0.026982801648806204
1.9519038076152302,0.24900553386665045,0.050886307128657216,735.8089352554192,0.013905343800228573,0.5092673507957244,-0.2880306516845188,-0.22123669910907168,1.2130763329075522,0.11201115151473423,-1.3250874844221905,-0.6208390160167871,-0.5465828404454331,1.1674218564642656
1.9559118236472943,0.24900418093877444,0.05088362815049278,737.3199093607174,0.012285658625005016,0.06894412187350493,0.403779655017563,-0.47272377688906464,-0.7557148520655986,1.4694860014862803,-0.7137711494207415,0.9507091461838257,-1.0632847148737594,0.11257556869200765
1.9599198396793585,0.24900286646340714,0.05088125856425571,738.8308823620335,0.010794327474168726,-0.5010189242553704,0.33631256574776097,0.1647063585094791,-1.3034220322008108,0.0636655100676306,1.2397565221330773,0.7345007972965875,0.41947755125158354,-1.1539783485461999
1.9639278557114226,0.24900158535072195,0.05087918861103048,740.341855063951,0.009438193239647312,-0.12885362677355708,-0.36356081119042305,0.4924144379657887,0.5998912614827902,-1.4618760740290724,0.8619848125463291,-0.8629128820860597,1.1134470468622426,-0.2505341647744286
1.9679358717434867,0.2490003374990139,0.05087740290755685,741.8528280116287,0.008217292538240573,0.48560665398489405,-0.3797812587806887,-0.10582539520238417,1.3751416633955817,-0.2384328314988962,-1.1367088318965777,-0.8376728186975693,-0.2863700962887648,1.124042914988056
1.9719438877755509,0.24899912180568526,0.05087587978740705,743.3638015632785,0.007127219771644504,0.18691658359841318,0.31814462884880435,-0.5050612124455035,-0.4354935048484556,1.4333725025661506,-0.9978789977177298,0.7627781952629706,-1.14769635398035,0.3849181587191277
1.975951903807615,0.24899793794322622,0.05087459600832777,744.874775941455,0.006160773382811089,-0.46324866032106415,0.4178150125271472,0.04543364779549361,-1.4272025093831777,0.4097918327069846,1.0174106766760793,0.9288722525520758,0.1491632107314474,-1.078035463281849
1.9799599198396791,0.24899678635071734,0.05087352646591521,746.3857512644105,0.005308963862027382,-0.24230273794528512,-0.2681831489697876,0.5104858869165597,0.26487120165961436,-1.38438113539865,1.1195099337390557,-0.6517359812505539,1.1655405896208344,-0.5138046083688274
1.9839679358717432,0.24899566864912762,0.05087264793007747,747.8967275824501,0.00456204504340443,0.4342714841037353,-0.4498743004632267,0.015602816360965261,1.4588694889549834,-0.575294675240035,-0.8835748137148334,-1.0067994860114982,-0.009820599689168395,1.0166200857020222
1.9879759519038074,0.24899458504427255,0.05087193714033683,749.4077048968667,0.0039100386294718585,0.29422180989966146,0.21439016615995463,-0.5086119760582256,-0.09046368817463522,1.3156043244241524,-1.2251406362495239,0.531375423718232,-1.1667247528772398,0.6353493291604168
1.9919839679358715,0.24899353618178668,0.05087137254870102,750.918683176138,0.0033431398986527917,-0.3990869357795864,0.4755001024122455,-0.07641316663138675,-1.4696841386966752,0.7325745926706947,0.737109546025866,1.0703353932519317,-0.1296652497222003,-0.9406701435283443
1.9959919839679356,0.24899252264577265,0.05087093438522965,752.42966236678,0.0028519594505670297,-0.3419324173085448,-0.1575358093960218,0.49946822670578084,-0.08523647412892507,-1.2280250994565325,1.313261573585451,-0.4034171486617304,1.1512315983495331,-0.747814449686592
2.0,0.24899029478029533,0.05087060471221661,753.9406424031837,0.0024277151210356793,0.35719760533830697,-0.49379087457642595,0.13659326923933082,1.4594942031624645,-0.8793844838885883,-0.580109719273762,-1.1185707089894046,0.2672986997939524,0.8512720091965449
